Script directory: /mnt/iusers01/fatpou01/compsci01/n70579mp/scratch/tom/JaxMARL
Running ad-hoc teamplay evaluation: ego agents paired with a cross-method partner pool.
Evaluating ad-hoc teamplay for ego_method=lmpredV2_ablate_no_self_pred, layout=cramped_room5x5
ego_prefix=checkpoints/lmpredV2_ablate_no_self_pred/, partner_pool_specs=e3t:checkpoints/eval_pools/e3t;mep_br:checkpoints/eval_pools/mep_br;pbt:checkpoints/eval_pools/pbt;sp:checkpoints/eval_pools/sp, result_name=lmpredV2_ablate_no_self_pred_ad_hoc_teamplay, ego_perspective_transform=false
Importing submoduled environments...
Submoduled environments not found. Skipping import.
2026-07-05 15:40:38.167155: W external/xla/xla/service/gpu/autotuning/dot_search_space.cc:200] All configs were filtered out because none of them sufficiently match the hints. Maybe the hints set does not contain a good representative set of valid configs?Working around this by using the full hints set instead.
2026-07-05 15:40:39.167512: W external/xla/xla/service/gpu/autotuning/dot_search_space.cc:200] All configs were filtered out because none of them sufficiently match the hints. Maybe the hints set does not contain a good representative set of valid configs?Working around this by using the full hints set instead.
LOADED: checkpoints/lmpredV2_ablate_no_self_pred/cramped_room5x5/baseline_seed_0_step_220.msgpack
LOADED: checkpoints/lmpredV2_ablate_no_self_pred/cramped_room5x5/baseline_seed_1_step_220.msgpack
LOADED: checkpoints/lmpredV2_ablate_no_self_pred/cramped_room5x5/baseline_seed_2_step_220.msgpack
LOADED: checkpoints/lmpredV2_ablate_no_self_pred/cramped_room5x5/baseline_seed_3_step_220.msgpack
LOADED: checkpoints/lmpredV2_ablate_no_self_pred/cramped_room5x5/baseline_seed_4_step_220.msgpack
Evaluating partner group 0: method=e3t, prefix=checkpoints/eval_pools/e3t
LOADED: checkpoints/eval_pools/e3t/cramped_room5x5/baseline_seed_0_step_220.msgpack
LOADED: checkpoints/eval_pools/e3t/cramped_room5x5/baseline_seed_1_step_220.msgpack
LOADED: checkpoints/eval_pools/e3t/cramped_room5x5/baseline_seed_2_step_220.msgpack
LOADED: checkpoints/eval_pools/e3t/cramped_room5x5/baseline_seed_3_step_220.msgpack
LOADED: checkpoints/eval_pools/e3t/cramped_room5x5/baseline_seed_4_step_220.msgpack
Using XP rollout scale: XP_PAIR_BATCH_SIZE=32, EVAL_NUM_EPISODES=128, EVAL_NUM_STEPS=400
XP ego[00] partner[00] = 200.312
XP ego[00] partner[01] = 214.062
XP ego[00] partner[02] = 210.781
XP ego[00] partner[03] = 218.906
XP ego[00] partner[04] = 187.031
XP ego[01] partner[00] = 43.750
XP ego[01] partner[01] = 37.656
XP ego[01] partner[02] = 241.250
XP ego[01] partner[03] = 185.938
XP ego[01] partner[04] = 204.062
XP ego[02] partner[00] = 234.375
XP ego[02] partner[01] = 204.219
XP ego[02] partner[02] = 192.812
XP ego[02] partner[03] = 222.500
XP ego[02] partner[04] = 234.062
XP ego[03] partner[00] = 208.906
XP ego[03] partner[01] = 210.469
XP ego[03] partner[02] = 237.500
XP ego[03] partner[03] = 230.469
XP ego[03] partner[04] = 145.312
XP ego[04] partner[00] = 238.750
XP ego[04] partner[01] = 214.219
XP ego[04] partner[02] = 234.688
XP ego[04] partner[03] = 227.656
XP ego[04] partner[04] = 237.812
Evaluating partner group 1: method=mep_br, prefix=checkpoints/eval_pools/mep_br
LOADED: checkpoints/eval_pools/mep_br/cramped_room5x5/baseline_seed_0_step_220.msgpack
LOADED: checkpoints/eval_pools/mep_br/cramped_room5x5/baseline_seed_1_step_220.msgpack
LOADED: checkpoints/eval_pools/mep_br/cramped_room5x5/baseline_seed_2_step_220.msgpack
LOADED: checkpoints/eval_pools/mep_br/cramped_room5x5/baseline_seed_3_step_220.msgpack
LOADED: checkpoints/eval_pools/mep_br/cramped_room5x5/baseline_seed_4_step_220.msgpack
Using XP rollout scale: XP_PAIR_BATCH_SIZE=32, EVAL_NUM_EPISODES=128, EVAL_NUM_STEPS=400
XP ego[00] partner[00] = 190.938
XP ego[00] partner[01] = 230.625
XP ego[00] partner[02] = 194.375
XP ego[00] partner[03] = 244.375
XP ego[00] partner[04] = 218.125
XP ego[01] partner[00] = 173.750
XP ego[01] partner[01] = 224.688
XP ego[01] partner[02] = 218.438
XP ego[01] partner[03] = 235.938
XP ego[01] partner[04] = 198.594
XP ego[02] partner[00] = 228.125
XP ego[02] partner[01] = 197.344
XP ego[02] partner[02] = 202.969
XP ego[02] partner[03] = 239.219
XP ego[02] partner[04] = 111.406
XP ego[03] partner[00] = 212.031
XP ego[03] partner[01] = 151.094
XP ego[03] partner[02] = 193.438
XP ego[03] partner[03] = 214.062
XP ego[03] partner[04] = 193.906
XP ego[04] partner[00] = 197.969
XP ego[04] partner[01] = 221.406
XP ego[04] partner[02] = 172.812
XP ego[04] partner[03] = 230.000
XP ego[04] partner[04] = 211.562
Evaluating partner group 2: method=pbt, prefix=checkpoints/eval_pools/pbt
LOADED: checkpoints/eval_pools/pbt/cramped_room5x5/baseline_seed_0_step_62.msgpack
LOADED: checkpoints/eval_pools/pbt/cramped_room5x5/baseline_seed_1_step_62.msgpack
LOADED: checkpoints/eval_pools/pbt/cramped_room5x5/baseline_seed_2_step_62.msgpack
LOADED: checkpoints/eval_pools/pbt/cramped_room5x5/baseline_seed_3_step_62.msgpack
LOADED: checkpoints/eval_pools/pbt/cramped_room5x5/baseline_seed_4_step_62.msgpack
Using XP rollout scale: XP_PAIR_BATCH_SIZE=32, EVAL_NUM_EPISODES=128, EVAL_NUM_STEPS=400
XP ego[00] partner[00] = 121.562
XP ego[00] partner[01] = 202.500
XP ego[00] partner[02] = 130.469
XP ego[00] partner[03] = 146.250
XP ego[00] partner[04] = 130.000
XP ego[01] partner[00] = 36.875
XP ego[01] partner[01] = 40.000
XP ego[01] partner[02] = 31.094
XP ego[01] partner[03] = 32.188
XP ego[01] partner[04] = 35.781
XP ego[02] partner[00] = 201.406
XP ego[02] partner[01] = 200.469
XP ego[02] partner[02] = 189.688
XP ego[02] partner[03] = 209.219
XP ego[02] partner[04] = 218.906
XP ego[03] partner[00] = 221.562
XP ego[03] partner[01] = 175.938
XP ego[03] partner[02] = 223.906
XP ego[03] partner[03] = 211.094
XP ego[03] partner[04] = 200.781
XP ego[04] partner[00] = 184.844
XP ego[04] partner[01] = 195.469
XP ego[04] partner[02] = 178.750
XP ego[04] partner[03] = 178.750
XP ego[04] partner[04] = 178.906
Evaluating partner group 3: method=sp, prefix=checkpoints/eval_pools/sp
LOADED: checkpoints/eval_pools/sp/cramped_room5x5/baseline_seed_0_step_220.msgpack
LOADED: checkpoints/eval_pools/sp/cramped_room5x5/baseline_seed_1_step_220.msgpack
LOADED: checkpoints/eval_pools/sp/cramped_room5x5/baseline_seed_2_step_220.msgpack
LOADED: checkpoints/eval_pools/sp/cramped_room5x5/baseline_seed_3_step_220.msgpack
LOADED: checkpoints/eval_pools/sp/cramped_room5x5/baseline_seed_4_step_220.msgpack
Using XP rollout scale: XP_PAIR_BATCH_SIZE=32, EVAL_NUM_EPISODES=128, EVAL_NUM_STEPS=400
XP ego[00] partner[00] = 223.125
XP ego[00] partner[01] = 179.062
XP ego[00] partner[02] = 230.000
XP ego[00] partner[03] = 225.156
XP ego[00] partner[04] = 180.781
XP ego[01] partner[00] = 207.812
XP ego[01] partner[01] = 174.844
XP ego[01] partner[02] = 226.406
XP ego[01] partner[03] = 242.500
XP ego[01] partner[04] = 215.625
XP ego[02] partner[00] = 229.062
XP ego[02] partner[01] = 209.062
XP ego[02] partner[02] = 238.750
XP ego[02] partner[03] = 238.438
XP ego[02] partner[04] = 198.125
XP ego[03] partner[00] = 219.688
XP ego[03] partner[01] = 186.094
XP ego[03] partner[02] = 208.906
XP ego[03] partner[03] = 240.469
XP ego[03] partner[04] = 155.156
XP ego[04] partner[00] = 215.781
XP ego[04] partner[01] = 149.375
XP ego[04] partner[02] = 213.906
XP ego[04] partner[03] = 231.875
XP ego[04] partner[04] = 185.938
Average ego-vs-partner performance: 192.270 +- 5.124 SE over 100 ordered pairs
Average diagonal performance: 179.812 +- 36.557 SE over 5 pairs
Average off-diagonal performance (only for square pools): nan +- nan SE over 0 ordered pairs
Saved ad-hoc teamplay results to ad_hoc_teamplay_results/lmpredV2_ablate_no_self_pred_ad_hoc_teamplay/cramped_room5x5
Saved ad-hoc teamplay heatmap to ad_hoc_teamplay_results/lmpredV2_ablate_no_self_pred_ad_hoc_teamplay/cramped_room5x5/xp_matrix.png
Evaluating partner alignment group 0: method=e3t, prefix=checkpoints/eval_pools/e3t
LOADED: checkpoints/eval_pools/e3t/cramped_room5x5/baseline_seed_0_step_220.msgpack
LOADED: checkpoints/eval_pools/e3t/cramped_room5x5/baseline_seed_1_step_220.msgpack
LOADED: checkpoints/eval_pools/e3t/cramped_room5x5/baseline_seed_2_step_220.msgpack
LOADED: checkpoints/eval_pools/e3t/cramped_room5x5/baseline_seed_3_step_220.msgpack
LOADED: checkpoints/eval_pools/e3t/cramped_room5x5/baseline_seed_4_step_220.msgpack
Using alignment rollout scale: ALIGN_PAIR_BATCH_SIZE=2, ALIGN_EVAL_NUM_EPISODES=128, ALIGN_EVAL_NUM_STEPS=400
ALIGN ego[00] partner[00] R2=0.940580 NMSE=0.059420 shuffled_R2=-0.015758
ALIGN ego[00] partner[01] R2=0.909633 NMSE=0.090367 shuffled_R2=-0.048508
ALIGN ego[00] partner[02] R2=0.899668 NMSE=0.100332 shuffled_R2=-0.028603
ALIGN ego[00] partner[03] R2=0.919518 NMSE=0.080482 shuffled_R2=-0.021835
ALIGN ego[00] partner[04] R2=0.957025 NMSE=0.042975 shuffled_R2=-0.016709
ALIGN ego[01] partner[00] R2=0.907144 NMSE=0.092856 shuffled_R2=-0.036994
ALIGN ego[01] partner[01] R2=0.915931 NMSE=0.084069 shuffled_R2=-0.042725
ALIGN ego[01] partner[02] R2=0.930341 NMSE=0.069659 shuffled_R2=-0.023162
ALIGN ego[01] partner[03] R2=0.960644 NMSE=0.039356 shuffled_R2=-0.017940
ALIGN ego[01] partner[04] R2=0.800259 NMSE=0.199741 shuffled_R2=-0.113015
ALIGN ego[02] partner[00] R2=0.947182 NMSE=0.052818 shuffled_R2=-0.017583
ALIGN ego[02] partner[01] R2=0.897884 NMSE=0.102116 shuffled_R2=-0.045706
ALIGN ego[02] partner[02] R2=0.927322 NMSE=0.072678 shuffled_R2=-0.025324
ALIGN ego[02] partner[03] R2=0.941952 NMSE=0.058048 shuffled_R2=-0.017659
ALIGN ego[02] partner[04] R2=0.961451 NMSE=0.038549 shuffled_R2=-0.013980
ALIGN ego[03] partner[00] R2=0.941301 NMSE=0.058699 shuffled_R2=-0.021024
ALIGN ego[03] partner[01] R2=0.941049 NMSE=0.058951 shuffled_R2=-0.019762
ALIGN ego[03] partner[02] R2=0.953149 NMSE=0.046851 shuffled_R2=-0.015408
ALIGN ego[03] partner[03] R2=0.869471 NMSE=0.130529 shuffled_R2=-0.038677
ALIGN ego[03] partner[04] R2=0.936705 NMSE=0.063295 shuffled_R2=-0.019365
ALIGN ego[04] partner[00] R2=0.948375 NMSE=0.051625 shuffled_R2=-0.017540
ALIGN ego[04] partner[01] R2=0.946012 NMSE=0.053988 shuffled_R2=-0.020369
ALIGN ego[04] partner[02] R2=0.937788 NMSE=0.062212 shuffled_R2=-0.016564
ALIGN ego[04] partner[03] R2=0.950480 NMSE=0.049520 shuffled_R2=-0.016777
ALIGN ego[04] partner[04] R2=0.958737 NMSE=0.041263 shuffled_R2=-0.019039
Evaluating partner alignment group 1: method=mep_br, prefix=checkpoints/eval_pools/mep_br
LOADED: checkpoints/eval_pools/mep_br/cramped_room5x5/baseline_seed_0_step_220.msgpack
LOADED: checkpoints/eval_pools/mep_br/cramped_room5x5/baseline_seed_1_step_220.msgpack
LOADED: checkpoints/eval_pools/mep_br/cramped_room5x5/baseline_seed_2_step_220.msgpack
LOADED: checkpoints/eval_pools/mep_br/cramped_room5x5/baseline_seed_3_step_220.msgpack
LOADED: checkpoints/eval_pools/mep_br/cramped_room5x5/baseline_seed_4_step_220.msgpack
Using alignment rollout scale: ALIGN_PAIR_BATCH_SIZE=2, ALIGN_EVAL_NUM_EPISODES=128, ALIGN_EVAL_NUM_STEPS=400
ALIGN ego[00] partner[00] R2=0.876902 NMSE=0.123098 shuffled_R2=-0.046360
ALIGN ego[00] partner[01] R2=0.933711 NMSE=0.066289 shuffled_R2=-0.021406
ALIGN ego[00] partner[02] R2=0.930647 NMSE=0.069353 shuffled_R2=-0.018758
ALIGN ego[00] partner[03] R2=0.947717 NMSE=0.052283 shuffled_R2=-0.019207
ALIGN ego[00] partner[04] R2=0.936122 NMSE=0.063878 shuffled_R2=-0.019172
ALIGN ego[01] partner[00] R2=0.933051 NMSE=0.066949 shuffled_R2=-0.017426
ALIGN ego[01] partner[01] R2=0.949036 NMSE=0.050964 shuffled_R2=-0.017530
ALIGN ego[01] partner[02] R2=0.895874 NMSE=0.104126 shuffled_R2=-0.034716
ALIGN ego[01] partner[03] R2=0.960685 NMSE=0.039315 shuffled_R2=-0.016028
ALIGN ego[01] partner[04] R2=0.940066 NMSE=0.059934 shuffled_R2=-0.017998
ALIGN ego[02] partner[00] R2=0.931076 NMSE=0.068924 shuffled_R2=-0.018076
ALIGN ego[02] partner[01] R2=0.954325 NMSE=0.045675 shuffled_R2=-0.016775
ALIGN ego[02] partner[02] R2=0.938161 NMSE=0.061839 shuffled_R2=-0.014767
ALIGN ego[02] partner[03] R2=0.954417 NMSE=0.045583 shuffled_R2=-0.016425
ALIGN ego[02] partner[04] R2=0.952003 NMSE=0.047997 shuffled_R2=-0.021429
ALIGN ego[03] partner[00] R2=0.807543 NMSE=0.192457 shuffled_R2=-0.041464
ALIGN ego[03] partner[01] R2=0.914585 NMSE=0.085415 shuffled_R2=-0.022071
ALIGN ego[03] partner[02] R2=0.933988 NMSE=0.066012 shuffled_R2=-0.014722
ALIGN ego[03] partner[03] R2=0.955647 NMSE=0.044353 shuffled_R2=-0.016086
ALIGN ego[03] partner[04] R2=0.961673 NMSE=0.038327 shuffled_R2=-0.017820
ALIGN ego[04] partner[00] R2=0.882687 NMSE=0.117313 shuffled_R2=-0.027654
ALIGN ego[04] partner[01] R2=0.934745 NMSE=0.065255 shuffled_R2=-0.018141
ALIGN ego[04] partner[02] R2=0.927599 NMSE=0.072401 shuffled_R2=-0.015730
ALIGN ego[04] partner[03] R2=0.956851 NMSE=0.043149 shuffled_R2=-0.013643
ALIGN ego[04] partner[04] R2=0.948163 NMSE=0.051837 shuffled_R2=-0.018961
Evaluating partner alignment group 2: method=pbt, prefix=checkpoints/eval_pools/pbt
LOADED: checkpoints/eval_pools/pbt/cramped_room5x5/baseline_seed_0_step_62.msgpack
LOADED: checkpoints/eval_pools/pbt/cramped_room5x5/baseline_seed_1_step_62.msgpack
LOADED: checkpoints/eval_pools/pbt/cramped_room5x5/baseline_seed_2_step_62.msgpack
LOADED: checkpoints/eval_pools/pbt/cramped_room5x5/baseline_seed_3_step_62.msgpack
LOADED: checkpoints/eval_pools/pbt/cramped_room5x5/baseline_seed_4_step_62.msgpack
Using alignment rollout scale: ALIGN_PAIR_BATCH_SIZE=2, ALIGN_EVAL_NUM_EPISODES=128, ALIGN_EVAL_NUM_STEPS=400
ALIGN ego[00] partner[00] R2=0.354720 NMSE=0.645280 shuffled_R2=-0.171988
ALIGN ego[00] partner[01] R2=0.833464 NMSE=0.166536 shuffled_R2=-0.022337
ALIGN ego[00] partner[02] R2=0.835627 NMSE=0.164373 shuffled_R2=-0.022176
ALIGN ego[00] partner[03] R2=0.774176 NMSE=0.225824 shuffled_R2=-0.037853
ALIGN ego[00] partner[04] R2=0.870599 NMSE=0.129401 shuffled_R2=-0.017046
ALIGN ego[01] partner[00] R2=0.468495 NMSE=0.531505 shuffled_R2=-0.329055
ALIGN ego[01] partner[01] R2=0.891313 NMSE=0.108687 shuffled_R2=-0.016092
ALIGN ego[01] partner[02] R2=0.608693 NMSE=0.391307 shuffled_R2=-0.230055
ALIGN ego[01] partner[03] R2=0.839139 NMSE=0.160861 shuffled_R2=-0.020133
ALIGN ego[01] partner[04] R2=0.358870 NMSE=0.641130 shuffled_R2=-0.320655
ALIGN ego[02] partner[00] R2=0.891145 NMSE=0.108855 shuffled_R2=-0.014514
ALIGN ego[02] partner[01] R2=0.813266 NMSE=0.186734 shuffled_R2=-0.016223
ALIGN ego[02] partner[02] R2=0.851442 NMSE=0.148558 shuffled_R2=-0.016002
ALIGN ego[02] partner[03] R2=0.835586 NMSE=0.164414 shuffled_R2=-0.016417
ALIGN ego[02] partner[04] R2=0.867049 NMSE=0.132951 shuffled_R2=-0.015032
ALIGN ego[03] partner[00] R2=0.837712 NMSE=0.162288 shuffled_R2=-0.024446
ALIGN ego[03] partner[01] R2=0.881081 NMSE=0.118919 shuffled_R2=-0.013523
ALIGN ego[03] partner[02] R2=0.887438 NMSE=0.112562 shuffled_R2=-0.017436
ALIGN ego[03] partner[03] R2=0.839434 NMSE=0.160566 shuffled_R2=-0.026925
ALIGN ego[03] partner[04] R2=0.872801 NMSE=0.127199 shuffled_R2=-0.015900
ALIGN ego[04] partner[00] R2=0.846392 NMSE=0.153608 shuffled_R2=-0.016907
ALIGN ego[04] partner[01] R2=0.866241 NMSE=0.133759 shuffled_R2=-0.013904
ALIGN ego[04] partner[02] R2=0.861303 NMSE=0.138697 shuffled_R2=-0.017960
ALIGN ego[04] partner[03] R2=0.868997 NMSE=0.131003 shuffled_R2=-0.015862
ALIGN ego[04] partner[04] R2=0.872363 NMSE=0.127637 shuffled_R2=-0.013408
Evaluating partner alignment group 3: method=sp, prefix=checkpoints/eval_pools/sp
LOADED: checkpoints/eval_pools/sp/cramped_room5x5/baseline_seed_0_step_220.msgpack
LOADED: checkpoints/eval_pools/sp/cramped_room5x5/baseline_seed_1_step_220.msgpack
LOADED: checkpoints/eval_pools/sp/cramped_room5x5/baseline_seed_2_step_220.msgpack
LOADED: checkpoints/eval_pools/sp/cramped_room5x5/baseline_seed_3_step_220.msgpack
LOADED: checkpoints/eval_pools/sp/cramped_room5x5/baseline_seed_4_step_220.msgpack
Using alignment rollout scale: ALIGN_PAIR_BATCH_SIZE=2, ALIGN_EVAL_NUM_EPISODES=128, ALIGN_EVAL_NUM_STEPS=400
ALIGN ego[00] partner[00] R2=0.929733 NMSE=0.070267 shuffled_R2=-0.021260
ALIGN ego[00] partner[01] R2=0.941944 NMSE=0.058056 shuffled_R2=-0.017978
ALIGN ego[00] partner[02] R2=0.954511 NMSE=0.045489 shuffled_R2=-0.015287
ALIGN ego[00] partner[03] R2=0.956955 NMSE=0.043045 shuffled_R2=-0.014771
ALIGN ego[00] partner[04] R2=0.860729 NMSE=0.139271 shuffled_R2=-0.043691
ALIGN ego[01] partner[00] R2=0.962439 NMSE=0.037561 shuffled_R2=-0.019738
ALIGN ego[01] partner[01] R2=0.957704 NMSE=0.042296 shuffled_R2=-0.015110
ALIGN ego[01] partner[02] R2=0.959042 NMSE=0.040958 shuffled_R2=-0.019660
ALIGN ego[01] partner[03] R2=0.944592 NMSE=0.055408 shuffled_R2=-0.024515
ALIGN ego[01] partner[04] R2=0.960928 NMSE=0.039072 shuffled_R2=-0.014422
ALIGN ego[02] partner[00] R2=0.947117 NMSE=0.052883 shuffled_R2=-0.014306
ALIGN ego[02] partner[01] R2=0.961578 NMSE=0.038422 shuffled_R2=-0.015162
ALIGN ego[02] partner[02] R2=0.960563 NMSE=0.039437 shuffled_R2=-0.014312
ALIGN ego[02] partner[03] R2=0.962402 NMSE=0.037598 shuffled_R2=-0.013616
ALIGN ego[02] partner[04] R2=0.962167 NMSE=0.037833 shuffled_R2=-0.015122
ALIGN ego[03] partner[00] R2=0.901913 NMSE=0.098087 shuffled_R2=-0.036137
ALIGN ego[03] partner[01] R2=0.952354 NMSE=0.047646 shuffled_R2=-0.020086
ALIGN ego[03] partner[02] R2=0.946070 NMSE=0.053930 shuffled_R2=-0.018047
ALIGN ego[03] partner[03] R2=0.951842 NMSE=0.048158 shuffled_R2=-0.017005
ALIGN ego[03] partner[04] R2=0.944289 NMSE=0.055711 shuffled_R2=-0.019494
ALIGN ego[04] partner[00] R2=0.932885 NMSE=0.067115 shuffled_R2=-0.018527
ALIGN ego[04] partner[01] R2=0.946158 NMSE=0.053842 shuffled_R2=-0.022372
ALIGN ego[04] partner[02] R2=0.963427 NMSE=0.036573 shuffled_R2=-0.015813
ALIGN ego[04] partner[03] R2=0.941431 NMSE=0.058569 shuffled_R2=-0.018490
ALIGN ego[04] partner[04] R2=0.961087 NMSE=0.038913 shuffled_R2=-0.018292
Average ego-to-partner alignment R2: 0.898481 +- 0.010481 SE over 100 ego-partner pairs
Average alignment normalized MSE: 0.101519 +- 0.010481 SE
Average shuffled-control alignment R2: -0.031374 +- 0.005077 SE
Saved alignment results to ad_hoc_teamplay_results/lmpredV2_ablate_no_self_pred_ad_hoc_teamplay/cramped_room5x5
Evaluating ad-hoc teamplay for ego_method=lmpredV2_ablate_no_self_pred, layout=counter_circuit
ego_prefix=checkpoints/lmpredV2_ablate_no_self_pred/, partner_pool_specs=e3t:checkpoints/eval_pools/e3t;mep_br:checkpoints/eval_pools/mep_br;pbt:checkpoints/eval_pools/pbt;sp:checkpoints/eval_pools/sp, result_name=lmpredV2_ablate_no_self_pred_ad_hoc_teamplay, ego_perspective_transform=false
Importing submoduled environments...
Submoduled environments not found. Skipping import.
2026-07-05 15:44:30.346193: W external/xla/xla/service/gpu/autotuning/dot_search_space.cc:200] All configs were filtered out because none of them sufficiently match the hints. Maybe the hints set does not contain a good representative set of valid configs?Working around this by using the full hints set instead.
2026-07-05 15:44:31.449982: W external/xla/xla/service/gpu/autotuning/dot_search_space.cc:200] All configs were filtered out because none of them sufficiently match the hints. Maybe the hints set does not contain a good representative set of valid configs?Working around this by using the full hints set instead.
LOADED: checkpoints/lmpredV2_ablate_no_self_pred/counter_circuit/baseline_seed_0_step_380.msgpack
LOADED: checkpoints/lmpredV2_ablate_no_self_pred/counter_circuit/baseline_seed_1_step_380.msgpack
LOADED: checkpoints/lmpredV2_ablate_no_self_pred/counter_circuit/baseline_seed_2_step_380.msgpack
LOADED: checkpoints/lmpredV2_ablate_no_self_pred/counter_circuit/baseline_seed_3_step_380.msgpack
LOADED: checkpoints/lmpredV2_ablate_no_self_pred/counter_circuit/baseline_seed_4_step_380.msgpack
Evaluating partner group 0: method=e3t, prefix=checkpoints/eval_pools/e3t
LOADED: checkpoints/eval_pools/e3t/counter_circuit/baseline_seed_0_step_220.msgpack
LOADED: checkpoints/eval_pools/e3t/counter_circuit/baseline_seed_1_step_220.msgpack
LOADED: checkpoints/eval_pools/e3t/counter_circuit/baseline_seed_2_step_220.msgpack
LOADED: checkpoints/eval_pools/e3t/counter_circuit/baseline_seed_3_step_220.msgpack
LOADED: checkpoints/eval_pools/e3t/counter_circuit/baseline_seed_4_step_220.msgpack
Using XP rollout scale: XP_PAIR_BATCH_SIZE=32, EVAL_NUM_EPISODES=128, EVAL_NUM_STEPS=400
XP ego[00] partner[00] = 174.844
XP ego[00] partner[01] = 120.312
XP ego[00] partner[02] = 102.188
XP ego[00] partner[03] = 8.594
XP ego[00] partner[04] = 118.750
XP ego[01] partner[00] = 148.906
XP ego[01] partner[01] = 132.031
XP ego[01] partner[02] = 121.875
XP ego[01] partner[03] = 19.062
XP ego[01] partner[04] = 112.812
XP ego[02] partner[00] = 158.281
XP ego[02] partner[01] = 63.594
XP ego[02] partner[02] = 113.594
XP ego[02] partner[03] = 6.875
XP ego[02] partner[04] = 123.125
XP ego[03] partner[00] = 150.781
XP ego[03] partner[01] = 59.844
XP ego[03] partner[02] = 122.500
XP ego[03] partner[03] = 18.125
XP ego[03] partner[04] = 89.219
XP ego[04] partner[00] = 157.812
XP ego[04] partner[01] = 138.750
XP ego[04] partner[02] = 129.375
XP ego[04] partner[03] = 8.906
XP ego[04] partner[04] = 85.938
Evaluating partner group 1: method=mep_br, prefix=checkpoints/eval_pools/mep_br
LOADED: checkpoints/eval_pools/mep_br/counter_circuit/baseline_seed_0_step_380.msgpack
LOADED: checkpoints/eval_pools/mep_br/counter_circuit/baseline_seed_1_step_380.msgpack
LOADED: checkpoints/eval_pools/mep_br/counter_circuit/baseline_seed_2_step_380.msgpack
LOADED: checkpoints/eval_pools/mep_br/counter_circuit/baseline_seed_3_step_380.msgpack
LOADED: checkpoints/eval_pools/mep_br/counter_circuit/baseline_seed_4_step_380.msgpack
Using XP rollout scale: XP_PAIR_BATCH_SIZE=32, EVAL_NUM_EPISODES=128, EVAL_NUM_STEPS=400
XP ego[00] partner[00] = 231.250
XP ego[00] partner[01] = 169.688
XP ego[00] partner[02] = 237.812
XP ego[00] partner[03] = 235.781
XP ego[00] partner[04] = 209.062
XP ego[01] partner[00] = 222.656
XP ego[01] partner[01] = 201.406
XP ego[01] partner[02] = 221.562
XP ego[01] partner[03] = 212.188
XP ego[01] partner[04] = 203.281
XP ego[02] partner[00] = 211.562
XP ego[02] partner[01] = 203.438
XP ego[02] partner[02] = 209.062
XP ego[02] partner[03] = 211.094
XP ego[02] partner[04] = 184.375
XP ego[03] partner[00] = 131.875
XP ego[03] partner[01] = 174.531
XP ego[03] partner[02] = 206.094
XP ego[03] partner[03] = 170.781
XP ego[03] partner[04] = 155.781
XP ego[04] partner[00] = 220.625
XP ego[04] partner[01] = 180.000
XP ego[04] partner[02] = 214.531
XP ego[04] partner[03] = 217.500
XP ego[04] partner[04] = 186.406
Evaluating partner group 2: method=pbt, prefix=checkpoints/eval_pools/pbt
LOADED: checkpoints/eval_pools/pbt/counter_circuit/baseline_seed_0_step_62.msgpack
LOADED: checkpoints/eval_pools/pbt/counter_circuit/baseline_seed_1_step_62.msgpack
LOADED: checkpoints/eval_pools/pbt/counter_circuit/baseline_seed_2_step_62.msgpack
LOADED: checkpoints/eval_pools/pbt/counter_circuit/baseline_seed_3_step_62.msgpack
LOADED: checkpoints/eval_pools/pbt/counter_circuit/baseline_seed_4_step_62.msgpack
Using XP rollout scale: XP_PAIR_BATCH_SIZE=32, EVAL_NUM_EPISODES=128, EVAL_NUM_STEPS=400
XP ego[00] partner[00] = 160.938
XP ego[00] partner[01] = 190.000
XP ego[00] partner[02] = 195.938
XP ego[00] partner[03] = 186.250
XP ego[00] partner[04] = 197.031
XP ego[01] partner[00] = 189.844
XP ego[01] partner[01] = 175.000
XP ego[01] partner[02] = 179.531
XP ego[01] partner[03] = 178.750
XP ego[01] partner[04] = 183.125
XP ego[02] partner[00] = 181.719
XP ego[02] partner[01] = 166.250
XP ego[02] partner[02] = 181.719
XP ego[02] partner[03] = 182.500
XP ego[02] partner[04] = 181.406
XP ego[03] partner[00] = 144.844
XP ego[03] partner[01] = 148.125
XP ego[03] partner[02] = 164.531
XP ego[03] partner[03] = 143.438
XP ego[03] partner[04] = 151.250
XP ego[04] partner[00] = 194.844
XP ego[04] partner[01] = 200.469
XP ego[04] partner[02] = 195.000
XP ego[04] partner[03] = 202.031
XP ego[04] partner[04] = 201.406
Evaluating partner group 3: method=sp, prefix=checkpoints/eval_pools/sp
LOADED: checkpoints/eval_pools/sp/counter_circuit/baseline_seed_0_step_380.msgpack
LOADED: checkpoints/eval_pools/sp/counter_circuit/baseline_seed_1_step_380.msgpack
LOADED: checkpoints/eval_pools/sp/counter_circuit/baseline_seed_2_step_380.msgpack
LOADED: checkpoints/eval_pools/sp/counter_circuit/baseline_seed_3_step_380.msgpack
LOADED: checkpoints/eval_pools/sp/counter_circuit/baseline_seed_4_step_380.msgpack
Using XP rollout scale: XP_PAIR_BATCH_SIZE=32, EVAL_NUM_EPISODES=128, EVAL_NUM_STEPS=400
XP ego[00] partner[00] = 152.188
XP ego[00] partner[01] = 151.406
XP ego[00] partner[02] = 169.375
XP ego[00] partner[03] = 229.844
XP ego[00] partner[04] = 174.531
XP ego[01] partner[00] = 139.375
XP ego[01] partner[01] = 109.062
XP ego[01] partner[02] = 179.375
XP ego[01] partner[03] = 217.188
XP ego[01] partner[04] = 166.406
XP ego[02] partner[00] = 150.938
XP ego[02] partner[01] = 154.531
XP ego[02] partner[02] = 161.250
XP ego[02] partner[03] = 224.844
XP ego[02] partner[04] = 156.875
XP ego[03] partner[00] = 137.344
XP ego[03] partner[01] = 123.594
XP ego[03] partner[02] = 162.031
XP ego[03] partner[03] = 190.000
XP ego[03] partner[04] = 155.000
XP ego[04] partner[00] = 165.781
XP ego[04] partner[01] = 90.938
XP ego[04] partner[02] = 180.938
XP ego[04] partner[03] = 233.750
XP ego[04] partner[04] = 172.812
Average ego-vs-partner performance: 161.338 +- 5.138 SE over 100 ordered pairs
Average diagonal performance: 104.906 +- 26.070 SE over 5 pairs
Average off-diagonal performance (only for square pools): nan +- nan SE over 0 ordered pairs
Saved ad-hoc teamplay results to ad_hoc_teamplay_results/lmpredV2_ablate_no_self_pred_ad_hoc_teamplay/counter_circuit
Saved ad-hoc teamplay heatmap to ad_hoc_teamplay_results/lmpredV2_ablate_no_self_pred_ad_hoc_teamplay/counter_circuit/xp_matrix.png
Evaluating partner alignment group 0: method=e3t, prefix=checkpoints/eval_pools/e3t
LOADED: checkpoints/eval_pools/e3t/counter_circuit/baseline_seed_0_step_220.msgpack
LOADED: checkpoints/eval_pools/e3t/counter_circuit/baseline_seed_1_step_220.msgpack
LOADED: checkpoints/eval_pools/e3t/counter_circuit/baseline_seed_2_step_220.msgpack
LOADED: checkpoints/eval_pools/e3t/counter_circuit/baseline_seed_3_step_220.msgpack
LOADED: checkpoints/eval_pools/e3t/counter_circuit/baseline_seed_4_step_220.msgpack
Using alignment rollout scale: ALIGN_PAIR_BATCH_SIZE=2, ALIGN_EVAL_NUM_EPISODES=128, ALIGN_EVAL_NUM_STEPS=400
ALIGN ego[00] partner[00] R2=0.822360 NMSE=0.177640 shuffled_R2=-0.016254
ALIGN ego[00] partner[01] R2=0.815685 NMSE=0.184315 shuffled_R2=-0.015435
ALIGN ego[00] partner[02] R2=0.765712 NMSE=0.234288 shuffled_R2=-0.019688
ALIGN ego[00] partner[03] R2=0.842964 NMSE=0.157036 shuffled_R2=-0.017854
ALIGN ego[00] partner[04] R2=0.729464 NMSE=0.270536 shuffled_R2=-0.023514
ALIGN ego[01] partner[00] R2=0.785467 NMSE=0.214533 shuffled_R2=-0.017081
ALIGN ego[01] partner[01] R2=0.809578 NMSE=0.190422 shuffled_R2=-0.021819
ALIGN ego[01] partner[02] R2=0.786119 NMSE=0.213881 shuffled_R2=-0.018842
ALIGN ego[01] partner[03] R2=0.839716 NMSE=0.160284 shuffled_R2=-0.016776
ALIGN ego[01] partner[04] R2=0.774654 NMSE=0.225346 shuffled_R2=-0.017382
ALIGN ego[02] partner[00] R2=0.828766 NMSE=0.171234 shuffled_R2=-0.022505
ALIGN ego[02] partner[01] R2=0.862112 NMSE=0.137888 shuffled_R2=-0.018748
ALIGN ego[02] partner[02] R2=0.808075 NMSE=0.191925 shuffled_R2=-0.018056
ALIGN ego[02] partner[03] R2=0.865148 NMSE=0.134852 shuffled_R2=-0.018451
ALIGN ego[02] partner[04] R2=0.750736 NMSE=0.249264 shuffled_R2=-0.018117
ALIGN ego[03] partner[00] R2=0.813065 NMSE=0.186935 shuffled_R2=-0.015916
ALIGN ego[03] partner[01] R2=0.832524 NMSE=0.167476 shuffled_R2=-0.016923
ALIGN ego[03] partner[02] R2=0.714090 NMSE=0.285910 shuffled_R2=-0.019776
ALIGN ego[03] partner[03] R2=0.693641 NMSE=0.306359 shuffled_R2=-0.039312
ALIGN ego[03] partner[04] R2=0.743776 NMSE=0.256224 shuffled_R2=-0.021845
ALIGN ego[04] partner[00] R2=0.804624 NMSE=0.195376 shuffled_R2=-0.017372
ALIGN ego[04] partner[01] R2=0.803126 NMSE=0.196874 shuffled_R2=-0.016905
ALIGN ego[04] partner[02] R2=0.779157 NMSE=0.220843 shuffled_R2=-0.024524
ALIGN ego[04] partner[03] R2=0.799712 NMSE=0.200288 shuffled_R2=-0.029469
ALIGN ego[04] partner[04] R2=0.735901 NMSE=0.264099 shuffled_R2=-0.021615
Evaluating partner alignment group 1: method=mep_br, prefix=checkpoints/eval_pools/mep_br
LOADED: checkpoints/eval_pools/mep_br/counter_circuit/baseline_seed_0_step_380.msgpack
LOADED: checkpoints/eval_pools/mep_br/counter_circuit/baseline_seed_1_step_380.msgpack
LOADED: checkpoints/eval_pools/mep_br/counter_circuit/baseline_seed_2_step_380.msgpack
LOADED: checkpoints/eval_pools/mep_br/counter_circuit/baseline_seed_3_step_380.msgpack
LOADED: checkpoints/eval_pools/mep_br/counter_circuit/baseline_seed_4_step_380.msgpack
Using alignment rollout scale: ALIGN_PAIR_BATCH_SIZE=2, ALIGN_EVAL_NUM_EPISODES=128, ALIGN_EVAL_NUM_STEPS=400
ALIGN ego[00] partner[00] R2=0.843581 NMSE=0.156419 shuffled_R2=-0.020526
ALIGN ego[00] partner[01] R2=0.885071 NMSE=0.114929 shuffled_R2=-0.017405
ALIGN ego[00] partner[02] R2=0.815312 NMSE=0.184688 shuffled_R2=-0.025132
ALIGN ego[00] partner[03] R2=0.846327 NMSE=0.153673 shuffled_R2=-0.024416
ALIGN ego[00] partner[04] R2=0.874228 NMSE=0.125772 shuffled_R2=-0.015067
ALIGN ego[01] partner[00] R2=0.895591 NMSE=0.104409 shuffled_R2=-0.016256
ALIGN ego[01] partner[01] R2=0.877611 NMSE=0.122389 shuffled_R2=-0.016098
ALIGN ego[01] partner[02] R2=0.881664 NMSE=0.118336 shuffled_R2=-0.016111
ALIGN ego[01] partner[03] R2=0.863949 NMSE=0.136051 shuffled_R2=-0.014847
ALIGN ego[01] partner[04] R2=0.851966 NMSE=0.148034 shuffled_R2=-0.017889
ALIGN ego[02] partner[00] R2=0.864198 NMSE=0.135802 shuffled_R2=-0.016316
ALIGN ego[02] partner[01] R2=0.807155 NMSE=0.192845 shuffled_R2=-0.017871
ALIGN ego[02] partner[02] R2=0.832681 NMSE=0.167319 shuffled_R2=-0.015901
ALIGN ego[02] partner[03] R2=0.765482 NMSE=0.234518 shuffled_R2=-0.024633
ALIGN ego[02] partner[04] R2=0.698230 NMSE=0.301770 shuffled_R2=-0.023112
ALIGN ego[03] partner[00] R2=0.842340 NMSE=0.157660 shuffled_R2=-0.024963
ALIGN ego[03] partner[01] R2=0.828324 NMSE=0.171676 shuffled_R2=-0.030184
ALIGN ego[03] partner[02] R2=0.831846 NMSE=0.168154 shuffled_R2=-0.020177
ALIGN ego[03] partner[03] R2=0.898647 NMSE=0.101353 shuffled_R2=-0.013313
ALIGN ego[03] partner[04] R2=0.831673 NMSE=0.168327 shuffled_R2=-0.015729
ALIGN ego[04] partner[00] R2=0.880385 NMSE=0.119615 shuffled_R2=-0.016474
ALIGN ego[04] partner[01] R2=0.863608 NMSE=0.136392 shuffled_R2=-0.016730
ALIGN ego[04] partner[02] R2=0.833294 NMSE=0.166706 shuffled_R2=-0.019732
ALIGN ego[04] partner[03] R2=0.855018 NMSE=0.144982 shuffled_R2=-0.014840
ALIGN ego[04] partner[04] R2=0.830134 NMSE=0.169866 shuffled_R2=-0.015607
Evaluating partner alignment group 2: method=pbt, prefix=checkpoints/eval_pools/pbt
LOADED: checkpoints/eval_pools/pbt/counter_circuit/baseline_seed_0_step_62.msgpack
LOADED: checkpoints/eval_pools/pbt/counter_circuit/baseline_seed_1_step_62.msgpack
LOADED: checkpoints/eval_pools/pbt/counter_circuit/baseline_seed_2_step_62.msgpack
LOADED: checkpoints/eval_pools/pbt/counter_circuit/baseline_seed_3_step_62.msgpack
LOADED: checkpoints/eval_pools/pbt/counter_circuit/baseline_seed_4_step_62.msgpack
Using alignment rollout scale: ALIGN_PAIR_BATCH_SIZE=2, ALIGN_EVAL_NUM_EPISODES=128, ALIGN_EVAL_NUM_STEPS=400
ALIGN ego[00] partner[00] R2=0.765203 NMSE=0.234797 shuffled_R2=-0.018479
ALIGN ego[00] partner[01] R2=0.747331 NMSE=0.252669 shuffled_R2=-0.019417
ALIGN ego[00] partner[02] R2=0.742302 NMSE=0.257698 shuffled_R2=-0.016056
ALIGN ego[00] partner[03] R2=0.717057 NMSE=0.282943 shuffled_R2=-0.022921
ALIGN ego[00] partner[04] R2=0.732500 NMSE=0.267500 shuffled_R2=-0.017501
ALIGN ego[01] partner[00] R2=0.761515 NMSE=0.238485 shuffled_R2=-0.019641
ALIGN ego[01] partner[01] R2=0.729115 NMSE=0.270885 shuffled_R2=-0.020106
ALIGN ego[01] partner[02] R2=0.775942 NMSE=0.224058 shuffled_R2=-0.015537
ALIGN ego[01] partner[03] R2=0.703491 NMSE=0.296509 shuffled_R2=-0.031182
ALIGN ego[01] partner[04] R2=0.621491 NMSE=0.378509 shuffled_R2=-0.028518
ALIGN ego[02] partner[00] R2=0.787649 NMSE=0.212351 shuffled_R2=-0.016936
ALIGN ego[02] partner[01] R2=0.733504 NMSE=0.266496 shuffled_R2=-0.018885
ALIGN ego[02] partner[02] R2=0.803399 NMSE=0.196601 shuffled_R2=-0.017528
ALIGN ego[02] partner[03] R2=0.782144 NMSE=0.217856 shuffled_R2=-0.015088
ALIGN ego[02] partner[04] R2=0.721750 NMSE=0.278250 shuffled_R2=-0.026481
ALIGN ego[03] partner[00] R2=0.769950 NMSE=0.230050 shuffled_R2=-0.016262
ALIGN ego[03] partner[01] R2=0.749637 NMSE=0.250363 shuffled_R2=-0.015268
ALIGN ego[03] partner[02] R2=0.723456 NMSE=0.276544 shuffled_R2=-0.019615
ALIGN ego[03] partner[03] R2=0.635070 NMSE=0.364930 shuffled_R2=-0.025444
ALIGN ego[03] partner[04] R2=0.699565 NMSE=0.300435 shuffled_R2=-0.030778
ALIGN ego[04] partner[00] R2=0.763805 NMSE=0.236195 shuffled_R2=-0.023061
ALIGN ego[04] partner[01] R2=0.722314 NMSE=0.277686 shuffled_R2=-0.022043
ALIGN ego[04] partner[02] R2=0.781650 NMSE=0.218350 shuffled_R2=-0.014478
ALIGN ego[04] partner[03] R2=0.761876 NMSE=0.238124 shuffled_R2=-0.018242
ALIGN ego[04] partner[04] R2=0.544179 NMSE=0.455821 shuffled_R2=-0.057840
Evaluating partner alignment group 3: method=sp, prefix=checkpoints/eval_pools/sp
LOADED: checkpoints/eval_pools/sp/counter_circuit/baseline_seed_0_step_380.msgpack
LOADED: checkpoints/eval_pools/sp/counter_circuit/baseline_seed_1_step_380.msgpack
LOADED: checkpoints/eval_pools/sp/counter_circuit/baseline_seed_2_step_380.msgpack
LOADED: checkpoints/eval_pools/sp/counter_circuit/baseline_seed_3_step_380.msgpack
LOADED: checkpoints/eval_pools/sp/counter_circuit/baseline_seed_4_step_380.msgpack
Using alignment rollout scale: ALIGN_PAIR_BATCH_SIZE=2, ALIGN_EVAL_NUM_EPISODES=128, ALIGN_EVAL_NUM_STEPS=400
ALIGN ego[00] partner[00] R2=0.872083 NMSE=0.127917 shuffled_R2=-0.018350
ALIGN ego[00] partner[01] R2=0.824811 NMSE=0.175189 shuffled_R2=-0.018798
ALIGN ego[00] partner[02] R2=0.855078 NMSE=0.144922 shuffled_R2=-0.015039
ALIGN ego[00] partner[03] R2=0.862535 NMSE=0.137465 shuffled_R2=-0.017532
ALIGN ego[00] partner[04] R2=0.818186 NMSE=0.181814 shuffled_R2=-0.017261
ALIGN ego[01] partner[00] R2=0.876950 NMSE=0.123050 shuffled_R2=-0.017615
ALIGN ego[01] partner[01] R2=0.917044 NMSE=0.082956 shuffled_R2=-0.018766
ALIGN ego[01] partner[02] R2=0.843311 NMSE=0.156689 shuffled_R2=-0.016307
ALIGN ego[01] partner[03] R2=0.837546 NMSE=0.162454 shuffled_R2=-0.023635
ALIGN ego[01] partner[04] R2=0.877811 NMSE=0.122189 shuffled_R2=-0.016822
ALIGN ego[02] partner[00] R2=0.850889 NMSE=0.149111 shuffled_R2=-0.017237
ALIGN ego[02] partner[01] R2=0.862233 NMSE=0.137767 shuffled_R2=-0.019339
ALIGN ego[02] partner[02] R2=0.865343 NMSE=0.134657 shuffled_R2=-0.014955
ALIGN ego[02] partner[03] R2=0.856890 NMSE=0.143110 shuffled_R2=-0.016379
ALIGN ego[02] partner[04] R2=0.844964 NMSE=0.155036 shuffled_R2=-0.013223
ALIGN ego[03] partner[00] R2=0.848107 NMSE=0.151893 shuffled_R2=-0.016996
ALIGN ego[03] partner[01] R2=0.869090 NMSE=0.130910 shuffled_R2=-0.017401
ALIGN ego[03] partner[02] R2=0.822122 NMSE=0.177878 shuffled_R2=-0.016170
ALIGN ego[03] partner[03] R2=0.825400 NMSE=0.174600 shuffled_R2=-0.019084
ALIGN ego[03] partner[04] R2=0.817500 NMSE=0.182500 shuffled_R2=-0.014855
ALIGN ego[04] partner[00] R2=0.871549 NMSE=0.128451 shuffled_R2=-0.016469
ALIGN ego[04] partner[01] R2=0.909390 NMSE=0.090610 shuffled_R2=-0.016940
ALIGN ego[04] partner[02] R2=0.831912 NMSE=0.168088 shuffled_R2=-0.015732
ALIGN ego[04] partner[03] R2=0.889243 NMSE=0.110757 shuffled_R2=-0.014954
ALIGN ego[04] partner[04] R2=0.850299 NMSE=0.149701 shuffled_R2=-0.016806
Average ego-to-partner alignment R2: 0.805807 +- 0.006620 SE over 100 ego-partner pairs
Average alignment normalized MSE: 0.194193 +- 0.006620 SE
Average shuffled-control alignment R2: -0.019475 +- 0.000585 SE
Saved alignment results to ad_hoc_teamplay_results/lmpredV2_ablate_no_self_pred_ad_hoc_teamplay/counter_circuit
Evaluating ad-hoc teamplay for ego_method=lmpredV2_ablate_no_self_pred, layout=coord_ring
ego_prefix=checkpoints/lmpredV2_ablate_no_self_pred/, partner_pool_specs=e3t:checkpoints/eval_pools/e3t;mep_br:checkpoints/eval_pools/mep_br;pbt:checkpoints/eval_pools/pbt;sp:checkpoints/eval_pools/sp, result_name=lmpredV2_ablate_no_self_pred_ad_hoc_teamplay, ego_perspective_transform=false
Importing submoduled environments...
Submoduled environments not found. Skipping import.
2026-07-05 15:48:03.098411: W external/xla/xla/service/gpu/autotuning/dot_search_space.cc:200] All configs were filtered out because none of them sufficiently match the hints. Maybe the hints set does not contain a good representative set of valid configs?Working around this by using the full hints set instead.
2026-07-05 15:48:04.093009: W external/xla/xla/service/gpu/autotuning/dot_search_space.cc:200] All configs were filtered out because none of them sufficiently match the hints. Maybe the hints set does not contain a good representative set of valid configs?Working around this by using the full hints set instead.
LOADED: checkpoints/lmpredV2_ablate_no_self_pred/coord_ring/baseline_seed_0_step_220.msgpack
LOADED: checkpoints/lmpredV2_ablate_no_self_pred/coord_ring/baseline_seed_1_step_220.msgpack
LOADED: checkpoints/lmpredV2_ablate_no_self_pred/coord_ring/baseline_seed_2_step_220.msgpack
LOADED: checkpoints/lmpredV2_ablate_no_self_pred/coord_ring/baseline_seed_3_step_220.msgpack
LOADED: checkpoints/lmpredV2_ablate_no_self_pred/coord_ring/baseline_seed_4_step_220.msgpack
Evaluating partner group 0: method=e3t, prefix=checkpoints/eval_pools/e3t
LOADED: checkpoints/eval_pools/e3t/coord_ring/baseline_seed_0_step_220.msgpack
LOADED: checkpoints/eval_pools/e3t/coord_ring/baseline_seed_1_step_220.msgpack
LOADED: checkpoints/eval_pools/e3t/coord_ring/baseline_seed_2_step_220.msgpack
LOADED: checkpoints/eval_pools/e3t/coord_ring/baseline_seed_3_step_220.msgpack
LOADED: checkpoints/eval_pools/e3t/coord_ring/baseline_seed_4_step_220.msgpack
Using XP rollout scale: XP_PAIR_BATCH_SIZE=32, EVAL_NUM_EPISODES=128, EVAL_NUM_STEPS=400
XP ego[00] partner[00] = 278.438
XP ego[00] partner[01] = 260.938
XP ego[00] partner[02] = 36.094
XP ego[00] partner[03] = 277.656
XP ego[00] partner[04] = 230.312
XP ego[01] partner[00] = 288.906
XP ego[01] partner[01] = 286.406
XP ego[01] partner[02] = 31.094
XP ego[01] partner[03] = 278.750
XP ego[01] partner[04] = 251.250
XP ego[02] partner[00] = 224.531
XP ego[02] partner[01] = 126.406
XP ego[02] partner[02] = 29.688
XP ego[02] partner[03] = 94.375
XP ego[02] partner[04] = 90.000
XP ego[03] partner[00] = 276.562
XP ego[03] partner[01] = 308.750
XP ego[03] partner[02] = 23.125
XP ego[03] partner[03] = 261.406
XP ego[03] partner[04] = 221.250
XP ego[04] partner[00] = 272.656
XP ego[04] partner[01] = 285.156
XP ego[04] partner[02] = 12.969
XP ego[04] partner[03] = 232.656
XP ego[04] partner[04] = 259.688
Evaluating partner group 1: method=mep_br, prefix=checkpoints/eval_pools/mep_br
LOADED: checkpoints/eval_pools/mep_br/coord_ring/baseline_seed_0_step_220.msgpack
LOADED: checkpoints/eval_pools/mep_br/coord_ring/baseline_seed_1_step_220.msgpack
LOADED: checkpoints/eval_pools/mep_br/coord_ring/baseline_seed_2_step_220.msgpack
LOADED: checkpoints/eval_pools/mep_br/coord_ring/baseline_seed_3_step_220.msgpack
LOADED: checkpoints/eval_pools/mep_br/coord_ring/baseline_seed_4_step_220.msgpack
Using XP rollout scale: XP_PAIR_BATCH_SIZE=32, EVAL_NUM_EPISODES=128, EVAL_NUM_STEPS=400
XP ego[00] partner[00] = 255.156
XP ego[00] partner[01] = 283.438
XP ego[00] partner[02] = 277.969
XP ego[00] partner[03] = 186.875
XP ego[00] partner[04] = 205.000
XP ego[01] partner[00] = 256.875
XP ego[01] partner[01] = 311.406
XP ego[01] partner[02] = 290.000
XP ego[01] partner[03] = 144.844
XP ego[01] partner[04] = 275.312
XP ego[02] partner[00] = 210.156
XP ego[02] partner[01] = 206.875
XP ego[02] partner[02] = 185.938
XP ego[02] partner[03] = 167.812
XP ego[02] partner[04] = 230.000
XP ego[03] partner[00] = 263.438
XP ego[03] partner[01] = 311.875
XP ego[03] partner[02] = 285.625
XP ego[03] partner[03] = 172.656
XP ego[03] partner[04] = 274.844
XP ego[04] partner[00] = 248.594
XP ego[04] partner[01] = 275.156
XP ego[04] partner[02] = 295.938
XP ego[04] partner[03] = 190.156
XP ego[04] partner[04] = 277.031
Evaluating partner group 2: method=pbt, prefix=checkpoints/eval_pools/pbt
LOADED: checkpoints/eval_pools/pbt/coord_ring/baseline_seed_0_step_62.msgpack
LOADED: checkpoints/eval_pools/pbt/coord_ring/baseline_seed_1_step_62.msgpack
LOADED: checkpoints/eval_pools/pbt/coord_ring/baseline_seed_2_step_62.msgpack
LOADED: checkpoints/eval_pools/pbt/coord_ring/baseline_seed_3_step_62.msgpack
LOADED: checkpoints/eval_pools/pbt/coord_ring/baseline_seed_4_step_62.msgpack
Using XP rollout scale: XP_PAIR_BATCH_SIZE=32, EVAL_NUM_EPISODES=128, EVAL_NUM_STEPS=400
XP ego[00] partner[00] = 288.750
XP ego[00] partner[01] = 257.344
XP ego[00] partner[02] = 260.625
XP ego[00] partner[03] = 266.562
XP ego[00] partner[04] = 293.125
XP ego[01] partner[00] = 291.562
XP ego[01] partner[01] = 282.344
XP ego[01] partner[02] = 268.125
XP ego[01] partner[03] = 283.750
XP ego[01] partner[04] = 268.281
XP ego[02] partner[00] = 134.688
XP ego[02] partner[01] = 225.312
XP ego[02] partner[02] = 162.500
XP ego[02] partner[03] = 155.781
XP ego[02] partner[04] = 72.031
XP ego[03] partner[00] = 298.594
XP ego[03] partner[01] = 276.094
XP ego[03] partner[02] = 245.938
XP ego[03] partner[03] = 285.781
XP ego[03] partner[04] = 291.875
XP ego[04] partner[00] = 262.031
XP ego[04] partner[01] = 258.125
XP ego[04] partner[02] = 248.594
XP ego[04] partner[03] = 247.188
XP ego[04] partner[04] = 234.844
Evaluating partner group 3: method=sp, prefix=checkpoints/eval_pools/sp
LOADED: checkpoints/eval_pools/sp/coord_ring/baseline_seed_0_step_220.msgpack
LOADED: checkpoints/eval_pools/sp/coord_ring/baseline_seed_1_step_220.msgpack
LOADED: checkpoints/eval_pools/sp/coord_ring/baseline_seed_2_step_220.msgpack
LOADED: checkpoints/eval_pools/sp/coord_ring/baseline_seed_3_step_220.msgpack
LOADED: checkpoints/eval_pools/sp/coord_ring/baseline_seed_4_step_220.msgpack
Using XP rollout scale: XP_PAIR_BATCH_SIZE=32, EVAL_NUM_EPISODES=128, EVAL_NUM_STEPS=400
XP ego[00] partner[00] = 243.750
XP ego[00] partner[01] = 266.094
XP ego[00] partner[02] = 231.562
XP ego[00] partner[03] = 252.812
XP ego[00] partner[04] = 282.969
XP ego[01] partner[00] = 285.781
XP ego[01] partner[01] = 277.969
XP ego[01] partner[02] = 261.406
XP ego[01] partner[03] = 253.281
XP ego[01] partner[04] = 288.906
XP ego[02] partner[00] = 88.906
XP ego[02] partner[01] = 182.500
XP ego[02] partner[02] = 236.562
XP ego[02] partner[03] = 88.750
XP ego[02] partner[04] = 117.656
XP ego[03] partner[00] = 275.156
XP ego[03] partner[01] = 284.844
XP ego[03] partner[02] = 243.281
XP ego[03] partner[03] = 300.000
XP ego[03] partner[04] = 293.906
XP ego[04] partner[00] = 240.469
XP ego[04] partner[01] = 258.906
XP ego[04] partner[02] = 276.406
XP ego[04] partner[03] = 250.469
XP ego[04] partner[04] = 247.500
Average ego-vs-partner performance: 232.117 +- 7.242 SE over 100 ordered pairs
Average diagonal performance: 223.125 +- 48.623 SE over 5 pairs
Average off-diagonal performance (only for square pools): nan +- nan SE over 0 ordered pairs
Saved ad-hoc teamplay results to ad_hoc_teamplay_results/lmpredV2_ablate_no_self_pred_ad_hoc_teamplay/coord_ring
Saved ad-hoc teamplay heatmap to ad_hoc_teamplay_results/lmpredV2_ablate_no_self_pred_ad_hoc_teamplay/coord_ring/xp_matrix.png
Evaluating partner alignment group 0: method=e3t, prefix=checkpoints/eval_pools/e3t
LOADED: checkpoints/eval_pools/e3t/coord_ring/baseline_seed_0_step_220.msgpack
LOADED: checkpoints/eval_pools/e3t/coord_ring/baseline_seed_1_step_220.msgpack
LOADED: checkpoints/eval_pools/e3t/coord_ring/baseline_seed_2_step_220.msgpack
LOADED: checkpoints/eval_pools/e3t/coord_ring/baseline_seed_3_step_220.msgpack
LOADED: checkpoints/eval_pools/e3t/coord_ring/baseline_seed_4_step_220.msgpack
Using alignment rollout scale: ALIGN_PAIR_BATCH_SIZE=2, ALIGN_EVAL_NUM_EPISODES=128, ALIGN_EVAL_NUM_STEPS=400
ALIGN ego[00] partner[00] R2=0.858264 NMSE=0.141736 shuffled_R2=-0.023881
ALIGN ego[00] partner[01] R2=0.806950 NMSE=0.193050 shuffled_R2=-0.028205
ALIGN ego[00] partner[02] R2=0.907672 NMSE=0.092328 shuffled_R2=-0.021923
ALIGN ego[00] partner[03] R2=0.866657 NMSE=0.133343 shuffled_R2=-0.018255
ALIGN ego[00] partner[04] R2=0.942925 NMSE=0.057075 shuffled_R2=-0.014748
ALIGN ego[01] partner[00] R2=0.893563 NMSE=0.106437 shuffled_R2=-0.016551
ALIGN ego[01] partner[01] R2=0.872690 NMSE=0.127310 shuffled_R2=-0.014102
ALIGN ego[01] partner[02] R2=0.872076 NMSE=0.127924 shuffled_R2=-0.024884
ALIGN ego[01] partner[03] R2=0.867584 NMSE=0.132416 shuffled_R2=-0.014336
ALIGN ego[01] partner[04] R2=0.913981 NMSE=0.086019 shuffled_R2=-0.014716
ALIGN ego[02] partner[00] R2=0.820950 NMSE=0.179050 shuffled_R2=-0.020971
ALIGN ego[02] partner[01] R2=0.904742 NMSE=0.095258 shuffled_R2=-0.012479
ALIGN ego[02] partner[02] R2=0.908007 NMSE=0.091993 shuffled_R2=-0.025175
ALIGN ego[02] partner[03] R2=0.824852 NMSE=0.175148 shuffled_R2=-0.018350
ALIGN ego[02] partner[04] R2=0.823756 NMSE=0.176244 shuffled_R2=-0.033331
ALIGN ego[03] partner[00] R2=0.916341 NMSE=0.083659 shuffled_R2=-0.015664
ALIGN ego[03] partner[01] R2=0.879341 NMSE=0.120659 shuffled_R2=-0.016776
ALIGN ego[03] partner[02] R2=0.484320 NMSE=0.515680 shuffled_R2=-0.225473
ALIGN ego[03] partner[03] R2=0.868427 NMSE=0.131573 shuffled_R2=-0.016381
ALIGN ego[03] partner[04] R2=0.896073 NMSE=0.103927 shuffled_R2=-0.016438
ALIGN ego[04] partner[00] R2=0.875740 NMSE=0.124260 shuffled_R2=-0.015929
ALIGN ego[04] partner[01] R2=0.885479 NMSE=0.114521 shuffled_R2=-0.014346
ALIGN ego[04] partner[02] R2=0.942999 NMSE=0.057001 shuffled_R2=-0.022150
ALIGN ego[04] partner[03] R2=0.885677 NMSE=0.114323 shuffled_R2=-0.016140
ALIGN ego[04] partner[04] R2=0.870331 NMSE=0.129669 shuffled_R2=-0.015614
Evaluating partner alignment group 1: method=mep_br, prefix=checkpoints/eval_pools/mep_br
LOADED: checkpoints/eval_pools/mep_br/coord_ring/baseline_seed_0_step_220.msgpack
LOADED: checkpoints/eval_pools/mep_br/coord_ring/baseline_seed_1_step_220.msgpack
LOADED: checkpoints/eval_pools/mep_br/coord_ring/baseline_seed_2_step_220.msgpack
LOADED: checkpoints/eval_pools/mep_br/coord_ring/baseline_seed_3_step_220.msgpack
LOADED: checkpoints/eval_pools/mep_br/coord_ring/baseline_seed_4_step_220.msgpack
Using alignment rollout scale: ALIGN_PAIR_BATCH_SIZE=2, ALIGN_EVAL_NUM_EPISODES=128, ALIGN_EVAL_NUM_STEPS=400
ALIGN ego[00] partner[00] R2=0.775029 NMSE=0.224971 shuffled_R2=-0.036964
ALIGN ego[00] partner[01] R2=0.926867 NMSE=0.073133 shuffled_R2=-0.016663
ALIGN ego[00] partner[02] R2=0.864012 NMSE=0.135988 shuffled_R2=-0.019907
ALIGN ego[00] partner[03] R2=0.657622 NMSE=0.342378 shuffled_R2=-0.090259
ALIGN ego[00] partner[04] R2=0.920646 NMSE=0.079354 shuffled_R2=-0.017600
ALIGN ego[01] partner[00] R2=0.730187 NMSE=0.269813 shuffled_R2=-0.035521
ALIGN ego[01] partner[01] R2=0.876431 NMSE=0.123569 shuffled_R2=-0.026146
ALIGN ego[01] partner[02] R2=0.805583 NMSE=0.194417 shuffled_R2=-0.031007
ALIGN ego[01] partner[03] R2=0.799809 NMSE=0.200191 shuffled_R2=-0.083166
ALIGN ego[01] partner[04] R2=0.948837 NMSE=0.051163 shuffled_R2=-0.015003
ALIGN ego[02] partner[00] R2=0.830405 NMSE=0.169595 shuffled_R2=-0.026513
ALIGN ego[02] partner[01] R2=0.906933 NMSE=0.093067 shuffled_R2=-0.017203
ALIGN ego[02] partner[02] R2=0.910691 NMSE=0.089309 shuffled_R2=-0.017746
ALIGN ego[02] partner[03] R2=0.751875 NMSE=0.248125 shuffled_R2=-0.059225
ALIGN ego[02] partner[04] R2=0.855927 NMSE=0.144073 shuffled_R2=-0.018995
ALIGN ego[03] partner[00] R2=0.826864 NMSE=0.173136 shuffled_R2=-0.026043
ALIGN ego[03] partner[01] R2=0.908268 NMSE=0.091732 shuffled_R2=-0.016889
ALIGN ego[03] partner[02] R2=0.782433 NMSE=0.217567 shuffled_R2=-0.023731
ALIGN ego[03] partner[03] R2=0.919353 NMSE=0.080647 shuffled_R2=-0.019186
ALIGN ego[03] partner[04] R2=0.943628 NMSE=0.056372 shuffled_R2=-0.014241
ALIGN ego[04] partner[00] R2=0.841814 NMSE=0.158186 shuffled_R2=-0.019074
ALIGN ego[04] partner[01] R2=0.866867 NMSE=0.133133 shuffled_R2=-0.016730
ALIGN ego[04] partner[02] R2=0.840171 NMSE=0.159829 shuffled_R2=-0.019232
ALIGN ego[04] partner[03] R2=0.944583 NMSE=0.055417 shuffled_R2=-0.020544
ALIGN ego[04] partner[04] R2=0.876113 NMSE=0.123887 shuffled_R2=-0.020433
Evaluating partner alignment group 2: method=pbt, prefix=checkpoints/eval_pools/pbt
LOADED: checkpoints/eval_pools/pbt/coord_ring/baseline_seed_0_step_62.msgpack
LOADED: checkpoints/eval_pools/pbt/coord_ring/baseline_seed_1_step_62.msgpack
LOADED: checkpoints/eval_pools/pbt/coord_ring/baseline_seed_2_step_62.msgpack
LOADED: checkpoints/eval_pools/pbt/coord_ring/baseline_seed_3_step_62.msgpack
LOADED: checkpoints/eval_pools/pbt/coord_ring/baseline_seed_4_step_62.msgpack
Using alignment rollout scale: ALIGN_PAIR_BATCH_SIZE=2, ALIGN_EVAL_NUM_EPISODES=128, ALIGN_EVAL_NUM_STEPS=400
ALIGN ego[00] partner[00] R2=0.854243 NMSE=0.145757 shuffled_R2=-0.015645
ALIGN ego[00] partner[01] R2=0.869826 NMSE=0.130174 shuffled_R2=-0.016861
ALIGN ego[00] partner[02] R2=0.826699 NMSE=0.173301 shuffled_R2=-0.019667
ALIGN ego[00] partner[03] R2=0.847675 NMSE=0.152325 shuffled_R2=-0.018003
ALIGN ego[00] partner[04] R2=0.777082 NMSE=0.222918 shuffled_R2=-0.020623
ALIGN ego[01] partner[00] R2=0.796121 NMSE=0.203879 shuffled_R2=-0.018490
ALIGN ego[01] partner[01] R2=0.815844 NMSE=0.184156 shuffled_R2=-0.014831
ALIGN ego[01] partner[02] R2=0.649459 NMSE=0.350541 shuffled_R2=-0.030579
ALIGN ego[01] partner[03] R2=0.669386 NMSE=0.330614 shuffled_R2=-0.045351
ALIGN ego[01] partner[04] R2=0.730460 NMSE=0.269540 shuffled_R2=-0.029716
ALIGN ego[02] partner[00] R2=0.796906 NMSE=0.203094 shuffled_R2=-0.015567
ALIGN ego[02] partner[01] R2=0.713689 NMSE=0.286311 shuffled_R2=-0.025472
ALIGN ego[02] partner[02] R2=0.788102 NMSE=0.211898 shuffled_R2=-0.015334
ALIGN ego[02] partner[03] R2=0.776253 NMSE=0.223747 shuffled_R2=-0.024641
ALIGN ego[02] partner[04] R2=0.849146 NMSE=0.150854 shuffled_R2=-0.009814
ALIGN ego[03] partner[00] R2=0.800544 NMSE=0.199456 shuffled_R2=-0.016356
ALIGN ego[03] partner[01] R2=0.795202 NMSE=0.204798 shuffled_R2=-0.015999
ALIGN ego[03] partner[02] R2=0.788541 NMSE=0.211459 shuffled_R2=-0.019880
ALIGN ego[03] partner[03] R2=0.798026 NMSE=0.201974 shuffled_R2=-0.018058
ALIGN ego[03] partner[04] R2=0.471654 NMSE=0.528346 shuffled_R2=-0.059420
ALIGN ego[04] partner[00] R2=0.762545 NMSE=0.237455 shuffled_R2=-0.013535
ALIGN ego[04] partner[01] R2=0.789071 NMSE=0.210929 shuffled_R2=-0.014968
ALIGN ego[04] partner[02] R2=0.675779 NMSE=0.324221 shuffled_R2=-0.023423
ALIGN ego[04] partner[03] R2=0.709593 NMSE=0.290407 shuffled_R2=-0.035451
ALIGN ego[04] partner[04] R2=0.719275 NMSE=0.280725 shuffled_R2=-0.016900
Evaluating partner alignment group 3: method=sp, prefix=checkpoints/eval_pools/sp
LOADED: checkpoints/eval_pools/sp/coord_ring/baseline_seed_0_step_220.msgpack
LOADED: checkpoints/eval_pools/sp/coord_ring/baseline_seed_1_step_220.msgpack
LOADED: checkpoints/eval_pools/sp/coord_ring/baseline_seed_2_step_220.msgpack
LOADED: checkpoints/eval_pools/sp/coord_ring/baseline_seed_3_step_220.msgpack
LOADED: checkpoints/eval_pools/sp/coord_ring/baseline_seed_4_step_220.msgpack
Using alignment rollout scale: ALIGN_PAIR_BATCH_SIZE=2, ALIGN_EVAL_NUM_EPISODES=128, ALIGN_EVAL_NUM_STEPS=400
ALIGN ego[00] partner[00] R2=0.931337 NMSE=0.068663 shuffled_R2=-0.018036
ALIGN ego[00] partner[01] R2=0.827692 NMSE=0.172308 shuffled_R2=-0.030559
ALIGN ego[00] partner[02] R2=0.895898 NMSE=0.104102 shuffled_R2=-0.015954
ALIGN ego[00] partner[03] R2=0.872161 NMSE=0.127839 shuffled_R2=-0.019108
ALIGN ego[00] partner[04] R2=0.941341 NMSE=0.058659 shuffled_R2=-0.015466
ALIGN ego[01] partner[00] R2=0.900465 NMSE=0.099535 shuffled_R2=-0.016165
ALIGN ego[01] partner[01] R2=0.871955 NMSE=0.128045 shuffled_R2=-0.016599
ALIGN ego[01] partner[02] R2=0.839426 NMSE=0.160574 shuffled_R2=-0.019129
ALIGN ego[01] partner[03] R2=0.902982 NMSE=0.097018 shuffled_R2=-0.016140
ALIGN ego[01] partner[04] R2=0.898654 NMSE=0.101346 shuffled_R2=-0.016611
ALIGN ego[02] partner[00] R2=0.912852 NMSE=0.087148 shuffled_R2=-0.018411
ALIGN ego[02] partner[01] R2=0.873193 NMSE=0.126807 shuffled_R2=-0.021442
ALIGN ego[02] partner[02] R2=0.887391 NMSE=0.112609 shuffled_R2=-0.015001
ALIGN ego[02] partner[03] R2=0.836261 NMSE=0.163739 shuffled_R2=-0.033852
ALIGN ego[02] partner[04] R2=0.927138 NMSE=0.072862 shuffled_R2=-0.016847
ALIGN ego[03] partner[00] R2=0.921130 NMSE=0.078870 shuffled_R2=-0.014314
ALIGN ego[03] partner[01] R2=0.888395 NMSE=0.111605 shuffled_R2=-0.014205
ALIGN ego[03] partner[02] R2=0.891813 NMSE=0.108187 shuffled_R2=-0.017610
ALIGN ego[03] partner[03] R2=0.890168 NMSE=0.109832 shuffled_R2=-0.014711
ALIGN ego[03] partner[04] R2=0.916978 NMSE=0.083022 shuffled_R2=-0.016918
ALIGN ego[04] partner[00] R2=0.785197 NMSE=0.214803 shuffled_R2=-0.022715
ALIGN ego[04] partner[01] R2=0.877035 NMSE=0.122965 shuffled_R2=-0.016224
ALIGN ego[04] partner[02] R2=0.864947 NMSE=0.135053 shuffled_R2=-0.020619
ALIGN ego[04] partner[03] R2=0.920579 NMSE=0.079421 shuffled_R2=-0.014459
ALIGN ego[04] partner[04] R2=0.816402 NMSE=0.183598 shuffled_R2=-0.021869
Average ego-to-partner alignment R2: 0.840629 +- 0.008604 SE over 100 ego-partner pairs
Average alignment normalized MSE: 0.159371 +- 0.008604 SE
Average shuffled-control alignment R2: -0.024024 +- 0.002383 SE
Saved alignment results to ad_hoc_teamplay_results/lmpredV2_ablate_no_self_pred_ad_hoc_teamplay/coord_ring
Evaluating ad-hoc teamplay for ego_method=lmpredV2_ablate_no_self_pred, layout=asymm_advantages
ego_prefix=checkpoints/lmpredV2_ablate_no_self_pred/, partner_pool_specs=e3t:checkpoints/eval_pools/e3t;mep_br:checkpoints/eval_pools/mep_br;pbt:checkpoints/eval_pools/pbt;sp:checkpoints/eval_pools/sp, result_name=lmpredV2_ablate_no_self_pred_ad_hoc_teamplay, ego_perspective_transform=false
Cannot find primary config 'asymm_advantages'. Check that it's in your config search path.

Config search path:
	provider=hydra, path=pkg://hydra.conf
	provider=main, path=file:///net/scratch/n70579mp/tom/JaxMARL/baselines/overcookedv2/config/oc_extended/mep_br
	provider=schema, path=structured://

Set the environment variable HYDRA_FULL_ERROR=1 for a complete stack trace.
Importing submoduled environments...
Submoduled environments not found. Skipping import.
Evaluating ad-hoc teamplay for ego_method=lmpredV2_ablate_no_self_pred, layout=forced_coord
ego_prefix=checkpoints/lmpredV2_ablate_no_self_pred/, partner_pool_specs=e3t:checkpoints/eval_pools/e3t;mep_br:checkpoints/eval_pools/mep_br;pbt:checkpoints/eval_pools/pbt;sp:checkpoints/eval_pools/sp, result_name=lmpredV2_ablate_no_self_pred_ad_hoc_teamplay, ego_perspective_transform=false
Cannot find primary config 'forced_coord'. Check that it's in your config search path.

Config search path:
	provider=hydra, path=pkg://hydra.conf
	provider=main, path=file:///net/scratch/n70579mp/tom/JaxMARL/baselines/overcookedv2/config/oc_extended/mep_br
	provider=schema, path=structured://

Set the environment variable HYDRA_FULL_ERROR=1 for a complete stack trace.
Importing submoduled environments...
Submoduled environments not found. Skipping import.
Evaluating ad-hoc teamplay for ego_method=lmpredV2_no_self_pred, layout=cramped_room5x5
ego_prefix=checkpoints/lmpredV2_no_self_pred/, partner_pool_specs=e3t:checkpoints/eval_pools/e3t;mep_br:checkpoints/eval_pools/mep_br;pbt:checkpoints/eval_pools/pbt;sp:checkpoints/eval_pools/sp, result_name=lmpredV2_no_self_pred_ad_hoc_teamplay, ego_perspective_transform=true
Importing submoduled environments...
Submoduled environments not found. Skipping import.
2026-07-05 15:52:33.203907: W external/xla/xla/service/gpu/autotuning/dot_search_space.cc:200] All configs were filtered out because none of them sufficiently match the hints. Maybe the hints set does not contain a good representative set of valid configs?Working around this by using the full hints set instead.
2026-07-05 15:52:34.237931: W external/xla/xla/service/gpu/autotuning/dot_search_space.cc:200] All configs were filtered out because none of them sufficiently match the hints. Maybe the hints set does not contain a good representative set of valid configs?Working around this by using the full hints set instead.
LOADED: checkpoints/lmpredV2_no_self_pred/cramped_room5x5/baseline_seed_0_step_220.msgpack
LOADED: checkpoints/lmpredV2_no_self_pred/cramped_room5x5/baseline_seed_1_step_220.msgpack
LOADED: checkpoints/lmpredV2_no_self_pred/cramped_room5x5/baseline_seed_2_step_220.msgpack
LOADED: checkpoints/lmpredV2_no_self_pred/cramped_room5x5/baseline_seed_3_step_220.msgpack
LOADED: checkpoints/lmpredV2_no_self_pred/cramped_room5x5/baseline_seed_4_step_220.msgpack
Evaluating partner group 0: method=e3t, prefix=checkpoints/eval_pools/e3t
LOADED: checkpoints/eval_pools/e3t/cramped_room5x5/baseline_seed_0_step_220.msgpack
LOADED: checkpoints/eval_pools/e3t/cramped_room5x5/baseline_seed_1_step_220.msgpack
LOADED: checkpoints/eval_pools/e3t/cramped_room5x5/baseline_seed_2_step_220.msgpack
LOADED: checkpoints/eval_pools/e3t/cramped_room5x5/baseline_seed_3_step_220.msgpack
LOADED: checkpoints/eval_pools/e3t/cramped_room5x5/baseline_seed_4_step_220.msgpack
Using XP rollout scale: XP_PAIR_BATCH_SIZE=32, EVAL_NUM_EPISODES=128, EVAL_NUM_STEPS=400
XP ego[00] partner[00] = 195.156
XP ego[00] partner[01] = 215.938
XP ego[00] partner[02] = 191.406
XP ego[00] partner[03] = 210.000
XP ego[00] partner[04] = 230.469
XP ego[01] partner[00] = 230.312
XP ego[01] partner[01] = 215.469
XP ego[01] partner[02] = 192.969
XP ego[01] partner[03] = 216.875
XP ego[01] partner[04] = 216.094
XP ego[02] partner[00] = 231.875
XP ego[02] partner[01] = 160.469
XP ego[02] partner[02] = 149.844
XP ego[02] partner[03] = 201.094
XP ego[02] partner[04] = 185.312
XP ego[03] partner[00] = 212.188
XP ego[03] partner[01] = 188.125
XP ego[03] partner[02] = 212.344
XP ego[03] partner[03] = 222.656
XP ego[03] partner[04] = 210.000
XP ego[04] partner[00] = 28.594
XP ego[04] partner[01] = 32.344
XP ego[04] partner[02] = 213.594
XP ego[04] partner[03] = 171.094
XP ego[04] partner[04] = 233.906
Evaluating partner group 1: method=mep_br, prefix=checkpoints/eval_pools/mep_br
LOADED: checkpoints/eval_pools/mep_br/cramped_room5x5/baseline_seed_0_step_220.msgpack
LOADED: checkpoints/eval_pools/mep_br/cramped_room5x5/baseline_seed_1_step_220.msgpack
LOADED: checkpoints/eval_pools/mep_br/cramped_room5x5/baseline_seed_2_step_220.msgpack
LOADED: checkpoints/eval_pools/mep_br/cramped_room5x5/baseline_seed_3_step_220.msgpack
LOADED: checkpoints/eval_pools/mep_br/cramped_room5x5/baseline_seed_4_step_220.msgpack
Using XP rollout scale: XP_PAIR_BATCH_SIZE=32, EVAL_NUM_EPISODES=128, EVAL_NUM_STEPS=400
XP ego[00] partner[00] = 186.406
XP ego[00] partner[01] = 231.406
XP ego[00] partner[02] = 235.938
XP ego[00] partner[03] = 238.750
XP ego[00] partner[04] = 232.500
XP ego[01] partner[00] = 190.312
XP ego[01] partner[01] = 199.375
XP ego[01] partner[02] = 211.406
XP ego[01] partner[03] = 237.031
XP ego[01] partner[04] = 222.188
XP ego[02] partner[00] = 212.656
XP ego[02] partner[01] = 217.500
XP ego[02] partner[02] = 227.969
XP ego[02] partner[03] = 203.750
XP ego[02] partner[04] = 225.469
XP ego[03] partner[00] = 182.031
XP ego[03] partner[01] = 235.469
XP ego[03] partner[02] = 221.875
XP ego[03] partner[03] = 225.781
XP ego[03] partner[04] = 226.719
XP ego[04] partner[00] = 155.000
XP ego[04] partner[01] = 227.656
XP ego[04] partner[02] = 205.469
XP ego[04] partner[03] = 221.094
XP ego[04] partner[04] = 194.219
Evaluating partner group 2: method=pbt, prefix=checkpoints/eval_pools/pbt
LOADED: checkpoints/eval_pools/pbt/cramped_room5x5/baseline_seed_0_step_62.msgpack
LOADED: checkpoints/eval_pools/pbt/cramped_room5x5/baseline_seed_1_step_62.msgpack
LOADED: checkpoints/eval_pools/pbt/cramped_room5x5/baseline_seed_2_step_62.msgpack
LOADED: checkpoints/eval_pools/pbt/cramped_room5x5/baseline_seed_3_step_62.msgpack
LOADED: checkpoints/eval_pools/pbt/cramped_room5x5/baseline_seed_4_step_62.msgpack
Using XP rollout scale: XP_PAIR_BATCH_SIZE=32, EVAL_NUM_EPISODES=128, EVAL_NUM_STEPS=400
XP ego[00] partner[00] = 194.531
XP ego[00] partner[01] = 213.438
XP ego[00] partner[02] = 214.844
XP ego[00] partner[03] = 195.312
XP ego[00] partner[04] = 205.312
XP ego[01] partner[00] = 209.844
XP ego[01] partner[01] = 230.469
XP ego[01] partner[02] = 187.812
XP ego[01] partner[03] = 200.156
XP ego[01] partner[04] = 206.250
XP ego[02] partner[00] = 229.375
XP ego[02] partner[01] = 226.406
XP ego[02] partner[02] = 222.812
XP ego[02] partner[03] = 229.844
XP ego[02] partner[04] = 230.625
XP ego[03] partner[00] = 91.406
XP ego[03] partner[01] = 102.500
XP ego[03] partner[02] = 90.938
XP ego[03] partner[03] = 99.688
XP ego[03] partner[04] = 92.500
XP ego[04] partner[00] = 30.000
XP ego[04] partner[01] = 60.156
XP ego[04] partner[02] = 38.594
XP ego[04] partner[03] = 61.406
XP ego[04] partner[04] = 49.062
Evaluating partner group 3: method=sp, prefix=checkpoints/eval_pools/sp
LOADED: checkpoints/eval_pools/sp/cramped_room5x5/baseline_seed_0_step_220.msgpack
LOADED: checkpoints/eval_pools/sp/cramped_room5x5/baseline_seed_1_step_220.msgpack
LOADED: checkpoints/eval_pools/sp/cramped_room5x5/baseline_seed_2_step_220.msgpack
LOADED: checkpoints/eval_pools/sp/cramped_room5x5/baseline_seed_3_step_220.msgpack
LOADED: checkpoints/eval_pools/sp/cramped_room5x5/baseline_seed_4_step_220.msgpack
Using XP rollout scale: XP_PAIR_BATCH_SIZE=32, EVAL_NUM_EPISODES=128, EVAL_NUM_STEPS=400
XP ego[00] partner[00] = 203.594
XP ego[00] partner[01] = 220.625
XP ego[00] partner[02] = 226.094
XP ego[00] partner[03] = 234.219
XP ego[00] partner[04] = 206.719
XP ego[01] partner[00] = 215.625
XP ego[01] partner[01] = 179.219
XP ego[01] partner[02] = 179.375
XP ego[01] partner[03] = 238.750
XP ego[01] partner[04] = 161.250
XP ego[02] partner[00] = 220.469
XP ego[02] partner[01] = 156.719
XP ego[02] partner[02] = 234.219
XP ego[02] partner[03] = 213.750
XP ego[02] partner[04] = 165.312
XP ego[03] partner[00] = 196.562
XP ego[03] partner[01] = 195.156
XP ego[03] partner[02] = 209.844
XP ego[03] partner[03] = 225.469
XP ego[03] partner[04] = 196.406
XP ego[04] partner[00] = 223.750
XP ego[04] partner[01] = 207.656
XP ego[04] partner[02] = 210.000
XP ego[04] partner[03] = 236.250
XP ego[04] partner[04] = 230.938
Average ego-vs-partner performance: 192.373 +- 5.233 SE over 100 ordered pairs
Average diagonal performance: 203.406 +- 14.804 SE over 5 pairs
Average off-diagonal performance (only for square pools): nan +- nan SE over 0 ordered pairs
Saved ad-hoc teamplay results to ad_hoc_teamplay_results/lmpredV2_no_self_pred_ad_hoc_teamplay/cramped_room5x5
Saved ad-hoc teamplay heatmap to ad_hoc_teamplay_results/lmpredV2_no_self_pred_ad_hoc_teamplay/cramped_room5x5/xp_matrix.png
Evaluating partner alignment group 0: method=e3t, prefix=checkpoints/eval_pools/e3t
LOADED: checkpoints/eval_pools/e3t/cramped_room5x5/baseline_seed_0_step_220.msgpack
LOADED: checkpoints/eval_pools/e3t/cramped_room5x5/baseline_seed_1_step_220.msgpack
LOADED: checkpoints/eval_pools/e3t/cramped_room5x5/baseline_seed_2_step_220.msgpack
LOADED: checkpoints/eval_pools/e3t/cramped_room5x5/baseline_seed_3_step_220.msgpack
LOADED: checkpoints/eval_pools/e3t/cramped_room5x5/baseline_seed_4_step_220.msgpack
Using alignment rollout scale: ALIGN_PAIR_BATCH_SIZE=2, ALIGN_EVAL_NUM_EPISODES=128, ALIGN_EVAL_NUM_STEPS=400
ALIGN ego[00] partner[00] R2=0.962190 NMSE=0.037810 shuffled_R2=-0.015683
ALIGN ego[00] partner[01] R2=0.970496 NMSE=0.029504 shuffled_R2=-0.016795
ALIGN ego[00] partner[02] R2=0.964169 NMSE=0.035831 shuffled_R2=-0.018086
ALIGN ego[00] partner[03] R2=0.930289 NMSE=0.069711 shuffled_R2=-0.023167
ALIGN ego[00] partner[04] R2=0.954260 NMSE=0.045740 shuffled_R2=-0.015965
ALIGN ego[01] partner[00] R2=0.937489 NMSE=0.062511 shuffled_R2=-0.020070
ALIGN ego[01] partner[01] R2=0.853646 NMSE=0.146354 shuffled_R2=-0.080503
ALIGN ego[01] partner[02] R2=0.958723 NMSE=0.041277 shuffled_R2=-0.021459
ALIGN ego[01] partner[03] R2=0.880330 NMSE=0.119670 shuffled_R2=-0.032898
ALIGN ego[01] partner[04] R2=0.957524 NMSE=0.042476 shuffled_R2=-0.016003
ALIGN ego[02] partner[00] R2=0.938079 NMSE=0.061921 shuffled_R2=-0.018685
ALIGN ego[02] partner[01] R2=0.937684 NMSE=0.062316 shuffled_R2=-0.022042
ALIGN ego[02] partner[02] R2=0.949387 NMSE=0.050613 shuffled_R2=-0.017432
ALIGN ego[02] partner[03] R2=0.899100 NMSE=0.100900 shuffled_R2=-0.039073
ALIGN ego[02] partner[04] R2=0.948448 NMSE=0.051552 shuffled_R2=-0.014896
ALIGN ego[03] partner[00] R2=0.929131 NMSE=0.070869 shuffled_R2=-0.019832
ALIGN ego[03] partner[01] R2=0.708083 NMSE=0.291917 shuffled_R2=-0.063228
ALIGN ego[03] partner[02] R2=0.804542 NMSE=0.195458 shuffled_R2=-0.073636
ALIGN ego[03] partner[03] R2=0.773954 NMSE=0.226046 shuffled_R2=-0.054256
ALIGN ego[03] partner[04] R2=0.880256 NMSE=0.119744 shuffled_R2=-0.034008
ALIGN ego[04] partner[00] R2=0.945335 NMSE=0.054665 shuffled_R2=-0.017980
ALIGN ego[04] partner[01] R2=0.966179 NMSE=0.033821 shuffled_R2=-0.014410
ALIGN ego[04] partner[02] R2=0.957012 NMSE=0.042988 shuffled_R2=-0.014265
ALIGN ego[04] partner[03] R2=0.904017 NMSE=0.095983 shuffled_R2=-0.023905
ALIGN ego[04] partner[04] R2=0.927651 NMSE=0.072349 shuffled_R2=-0.024883
Evaluating partner alignment group 1: method=mep_br, prefix=checkpoints/eval_pools/mep_br
LOADED: checkpoints/eval_pools/mep_br/cramped_room5x5/baseline_seed_0_step_220.msgpack
LOADED: checkpoints/eval_pools/mep_br/cramped_room5x5/baseline_seed_1_step_220.msgpack
LOADED: checkpoints/eval_pools/mep_br/cramped_room5x5/baseline_seed_2_step_220.msgpack
LOADED: checkpoints/eval_pools/mep_br/cramped_room5x5/baseline_seed_3_step_220.msgpack
LOADED: checkpoints/eval_pools/mep_br/cramped_room5x5/baseline_seed_4_step_220.msgpack
Using alignment rollout scale: ALIGN_PAIR_BATCH_SIZE=2, ALIGN_EVAL_NUM_EPISODES=128, ALIGN_EVAL_NUM_STEPS=400
ALIGN ego[00] partner[00] R2=0.926934 NMSE=0.073066 shuffled_R2=-0.023917
ALIGN ego[00] partner[01] R2=0.878394 NMSE=0.121606 shuffled_R2=-0.039882
ALIGN ego[00] partner[02] R2=0.961294 NMSE=0.038706 shuffled_R2=-0.017739
ALIGN ego[00] partner[03] R2=0.962988 NMSE=0.037012 shuffled_R2=-0.023254
ALIGN ego[00] partner[04] R2=0.947997 NMSE=0.052003 shuffled_R2=-0.022137
ALIGN ego[01] partner[00] R2=0.910738 NMSE=0.089262 shuffled_R2=-0.018863
ALIGN ego[01] partner[01] R2=0.956561 NMSE=0.043439 shuffled_R2=-0.016117
ALIGN ego[01] partner[02] R2=0.921235 NMSE=0.078765 shuffled_R2=-0.018044
ALIGN ego[01] partner[03] R2=0.957014 NMSE=0.042986 shuffled_R2=-0.015363
ALIGN ego[01] partner[04] R2=0.922947 NMSE=0.077053 shuffled_R2=-0.028382
ALIGN ego[02] partner[00] R2=0.907066 NMSE=0.092934 shuffled_R2=-0.022167
ALIGN ego[02] partner[01] R2=0.941648 NMSE=0.058352 shuffled_R2=-0.015513
ALIGN ego[02] partner[02] R2=0.948445 NMSE=0.051555 shuffled_R2=-0.016244
ALIGN ego[02] partner[03] R2=0.949628 NMSE=0.050372 shuffled_R2=-0.017133
ALIGN ego[02] partner[04] R2=0.946750 NMSE=0.053250 shuffled_R2=-0.015691
ALIGN ego[03] partner[00] R2=0.875209 NMSE=0.124791 shuffled_R2=-0.027181
ALIGN ego[03] partner[01] R2=0.933441 NMSE=0.066559 shuffled_R2=-0.017328
ALIGN ego[03] partner[02] R2=0.926006 NMSE=0.073994 shuffled_R2=-0.017291
ALIGN ego[03] partner[03] R2=0.945832 NMSE=0.054168 shuffled_R2=-0.016771
ALIGN ego[03] partner[04] R2=0.888122 NMSE=0.111878 shuffled_R2=-0.032538
ALIGN ego[04] partner[00] R2=0.915447 NMSE=0.084553 shuffled_R2=-0.017751
ALIGN ego[04] partner[01] R2=0.942439 NMSE=0.057561 shuffled_R2=-0.019672
ALIGN ego[04] partner[02] R2=0.931341 NMSE=0.068659 shuffled_R2=-0.019509
ALIGN ego[04] partner[03] R2=0.952149 NMSE=0.047851 shuffled_R2=-0.018283
ALIGN ego[04] partner[04] R2=0.946254 NMSE=0.053746 shuffled_R2=-0.020144
Evaluating partner alignment group 2: method=pbt, prefix=checkpoints/eval_pools/pbt
LOADED: checkpoints/eval_pools/pbt/cramped_room5x5/baseline_seed_0_step_62.msgpack
LOADED: checkpoints/eval_pools/pbt/cramped_room5x5/baseline_seed_1_step_62.msgpack
LOADED: checkpoints/eval_pools/pbt/cramped_room5x5/baseline_seed_2_step_62.msgpack
LOADED: checkpoints/eval_pools/pbt/cramped_room5x5/baseline_seed_3_step_62.msgpack
LOADED: checkpoints/eval_pools/pbt/cramped_room5x5/baseline_seed_4_step_62.msgpack
Using alignment rollout scale: ALIGN_PAIR_BATCH_SIZE=2, ALIGN_EVAL_NUM_EPISODES=128, ALIGN_EVAL_NUM_STEPS=400
ALIGN ego[00] partner[00] R2=0.890250 NMSE=0.109750 shuffled_R2=-0.015198
ALIGN ego[00] partner[01] R2=0.850876 NMSE=0.149124 shuffled_R2=-0.038188
ALIGN ego[00] partner[02] R2=0.894318 NMSE=0.105682 shuffled_R2=-0.016445
ALIGN ego[00] partner[03] R2=0.887943 NMSE=0.112057 shuffled_R2=-0.019884
ALIGN ego[00] partner[04] R2=0.887525 NMSE=0.112475 shuffled_R2=-0.014570
ALIGN ego[01] partner[00] R2=0.890143 NMSE=0.109857 shuffled_R2=-0.016894
ALIGN ego[01] partner[01] R2=0.910182 NMSE=0.089818 shuffled_R2=-0.016045
ALIGN ego[01] partner[02] R2=0.871676 NMSE=0.128324 shuffled_R2=-0.016408
ALIGN ego[01] partner[03] R2=0.880738 NMSE=0.119262 shuffled_R2=-0.015117
ALIGN ego[01] partner[04] R2=0.876884 NMSE=0.123116 shuffled_R2=-0.021926
ALIGN ego[02] partner[00] R2=0.867163 NMSE=0.132837 shuffled_R2=-0.016656
ALIGN ego[02] partner[01] R2=0.820400 NMSE=0.179600 shuffled_R2=-0.016627
ALIGN ego[02] partner[02] R2=0.721025 NMSE=0.278975 shuffled_R2=-0.039611
ALIGN ego[02] partner[03] R2=0.850093 NMSE=0.149907 shuffled_R2=-0.016000
ALIGN ego[02] partner[04] R2=0.869489 NMSE=0.130511 shuffled_R2=-0.012215
ALIGN ego[03] partner[00] R2=0.832729 NMSE=0.167271 shuffled_R2=-0.023059
ALIGN ego[03] partner[01] R2=0.821729 NMSE=0.178271 shuffled_R2=-0.022530
ALIGN ego[03] partner[02] R2=0.619059 NMSE=0.380941 shuffled_R2=-0.082967
ALIGN ego[03] partner[03] R2=0.788461 NMSE=0.211539 shuffled_R2=-0.026191
ALIGN ego[03] partner[04] R2=0.826244 NMSE=0.173756 shuffled_R2=-0.018695
ALIGN ego[04] partner[00] R2=0.645877 NMSE=0.354123 shuffled_R2=-0.048090
ALIGN ego[04] partner[01] R2=0.716011 NMSE=0.283989 shuffled_R2=-0.045409
ALIGN ego[04] partner[02] R2=0.862795 NMSE=0.137205 shuffled_R2=-0.017043
ALIGN ego[04] partner[03] R2=0.864265 NMSE=0.135735 shuffled_R2=-0.017275
ALIGN ego[04] partner[04] R2=0.768791 NMSE=0.231209 shuffled_R2=-0.048668
Evaluating partner alignment group 3: method=sp, prefix=checkpoints/eval_pools/sp
LOADED: checkpoints/eval_pools/sp/cramped_room5x5/baseline_seed_0_step_220.msgpack
LOADED: checkpoints/eval_pools/sp/cramped_room5x5/baseline_seed_1_step_220.msgpack
LOADED: checkpoints/eval_pools/sp/cramped_room5x5/baseline_seed_2_step_220.msgpack
LOADED: checkpoints/eval_pools/sp/cramped_room5x5/baseline_seed_3_step_220.msgpack
LOADED: checkpoints/eval_pools/sp/cramped_room5x5/baseline_seed_4_step_220.msgpack
Using alignment rollout scale: ALIGN_PAIR_BATCH_SIZE=2, ALIGN_EVAL_NUM_EPISODES=128, ALIGN_EVAL_NUM_STEPS=400
ALIGN ego[00] partner[00] R2=0.911861 NMSE=0.088139 shuffled_R2=-0.028539
ALIGN ego[00] partner[01] R2=0.868535 NMSE=0.131465 shuffled_R2=-0.030585
ALIGN ego[00] partner[02] R2=0.940840 NMSE=0.059160 shuffled_R2=-0.025542
ALIGN ego[00] partner[03] R2=0.962143 NMSE=0.037857 shuffled_R2=-0.015000
ALIGN ego[00] partner[04] R2=0.969200 NMSE=0.030800 shuffled_R2=-0.017011
ALIGN ego[01] partner[00] R2=0.896667 NMSE=0.103333 shuffled_R2=-0.042738
ALIGN ego[01] partner[01] R2=0.890733 NMSE=0.109267 shuffled_R2=-0.041515
ALIGN ego[01] partner[02] R2=0.961988 NMSE=0.038012 shuffled_R2=-0.017621
ALIGN ego[01] partner[03] R2=0.952316 NMSE=0.047684 shuffled_R2=-0.018156
ALIGN ego[01] partner[04] R2=0.769771 NMSE=0.230229 shuffled_R2=-0.167412
ALIGN ego[02] partner[00] R2=0.952577 NMSE=0.047423 shuffled_R2=-0.017195
ALIGN ego[02] partner[01] R2=0.908980 NMSE=0.091020 shuffled_R2=-0.038189
ALIGN ego[02] partner[02] R2=0.946833 NMSE=0.053167 shuffled_R2=-0.017461
ALIGN ego[02] partner[03] R2=0.948950 NMSE=0.051050 shuffled_R2=-0.015288
ALIGN ego[02] partner[04] R2=0.921244 NMSE=0.078756 shuffled_R2=-0.035172
ALIGN ego[03] partner[00] R2=0.930546 NMSE=0.069454 shuffled_R2=-0.020005
ALIGN ego[03] partner[01] R2=0.928728 NMSE=0.071272 shuffled_R2=-0.024250
ALIGN ego[03] partner[02] R2=0.950440 NMSE=0.049560 shuffled_R2=-0.015757
ALIGN ego[03] partner[03] R2=0.926559 NMSE=0.073441 shuffled_R2=-0.018498
ALIGN ego[03] partner[04] R2=0.937469 NMSE=0.062531 shuffled_R2=-0.019121
ALIGN ego[04] partner[00] R2=0.904927 NMSE=0.095073 shuffled_R2=-0.029378
ALIGN ego[04] partner[01] R2=0.958405 NMSE=0.041595 shuffled_R2=-0.014778
ALIGN ego[04] partner[02] R2=0.966436 NMSE=0.033564 shuffled_R2=-0.015628
ALIGN ego[04] partner[03] R2=0.955242 NMSE=0.044758 shuffled_R2=-0.018078
ALIGN ego[04] partner[04] R2=0.957066 NMSE=0.042934 shuffled_R2=-0.016885
Average ego-to-partner alignment R2: 0.900670 +- 0.007004 SE over 100 ego-partner pairs
Average alignment normalized MSE: 0.099330 +- 0.007004 SE
Average shuffled-control alignment R2: -0.025916 +- 0.001982 SE
Saved alignment results to ad_hoc_teamplay_results/lmpredV2_no_self_pred_ad_hoc_teamplay/cramped_room5x5
Evaluating ad-hoc teamplay for ego_method=lmpredV2_no_self_pred, layout=counter_circuit
ego_prefix=checkpoints/lmpredV2_no_self_pred/, partner_pool_specs=e3t:checkpoints/eval_pools/e3t;mep_br:checkpoints/eval_pools/mep_br;pbt:checkpoints/eval_pools/pbt;sp:checkpoints/eval_pools/sp, result_name=lmpredV2_no_self_pred_ad_hoc_teamplay, ego_perspective_transform=true
Importing submoduled environments...
Submoduled environments not found. Skipping import.
2026-07-05 15:56:09.982586: W external/xla/xla/service/gpu/autotuning/dot_search_space.cc:200] All configs were filtered out because none of them sufficiently match the hints. Maybe the hints set does not contain a good representative set of valid configs?Working around this by using the full hints set instead.
2026-07-05 15:56:11.087244: W external/xla/xla/service/gpu/autotuning/dot_search_space.cc:200] All configs were filtered out because none of them sufficiently match the hints. Maybe the hints set does not contain a good representative set of valid configs?Working around this by using the full hints set instead.
LOADED: checkpoints/lmpredV2_no_self_pred/counter_circuit/baseline_seed_0_step_380.msgpack
LOADED: checkpoints/lmpredV2_no_self_pred/counter_circuit/baseline_seed_1_step_380.msgpack
LOADED: checkpoints/lmpredV2_no_self_pred/counter_circuit/baseline_seed_2_step_380.msgpack
LOADED: checkpoints/lmpredV2_no_self_pred/counter_circuit/baseline_seed_3_step_380.msgpack
LOADED: checkpoints/lmpredV2_no_self_pred/counter_circuit/baseline_seed_4_step_380.msgpack
Evaluating partner group 0: method=e3t, prefix=checkpoints/eval_pools/e3t
LOADED: checkpoints/eval_pools/e3t/counter_circuit/baseline_seed_0_step_220.msgpack
LOADED: checkpoints/eval_pools/e3t/counter_circuit/baseline_seed_1_step_220.msgpack
LOADED: checkpoints/eval_pools/e3t/counter_circuit/baseline_seed_2_step_220.msgpack
LOADED: checkpoints/eval_pools/e3t/counter_circuit/baseline_seed_3_step_220.msgpack
LOADED: checkpoints/eval_pools/e3t/counter_circuit/baseline_seed_4_step_220.msgpack
Using XP rollout scale: XP_PAIR_BATCH_SIZE=32, EVAL_NUM_EPISODES=128, EVAL_NUM_STEPS=400
XP ego[00] partner[00] = 137.812
XP ego[00] partner[01] = 103.281
XP ego[00] partner[02] = 66.875
XP ego[00] partner[03] = 7.812
XP ego[00] partner[04] = 57.031
XP ego[01] partner[00] = 157.500
XP ego[01] partner[01] = 158.281
XP ego[01] partner[02] = 96.562
XP ego[01] partner[03] = 15.625
XP ego[01] partner[04] = 118.438
XP ego[02] partner[00] = 174.844
XP ego[02] partner[01] = 154.219
XP ego[02] partner[02] = 143.281
XP ego[02] partner[03] = 25.469
XP ego[02] partner[04] = 140.156
XP ego[03] partner[00] = 65.625
XP ego[03] partner[01] = 99.531
XP ego[03] partner[02] = 139.531
XP ego[03] partner[03] = 21.406
XP ego[03] partner[04] = 72.188
XP ego[04] partner[00] = 117.969
XP ego[04] partner[01] = 101.562
XP ego[04] partner[02] = 86.562
XP ego[04] partner[03] = 14.219
XP ego[04] partner[04] = 70.000
Evaluating partner group 1: method=mep_br, prefix=checkpoints/eval_pools/mep_br
LOADED: checkpoints/eval_pools/mep_br/counter_circuit/baseline_seed_0_step_380.msgpack
LOADED: checkpoints/eval_pools/mep_br/counter_circuit/baseline_seed_1_step_380.msgpack
LOADED: checkpoints/eval_pools/mep_br/counter_circuit/baseline_seed_2_step_380.msgpack
LOADED: checkpoints/eval_pools/mep_br/counter_circuit/baseline_seed_3_step_380.msgpack
LOADED: checkpoints/eval_pools/mep_br/counter_circuit/baseline_seed_4_step_380.msgpack
Using XP rollout scale: XP_PAIR_BATCH_SIZE=32, EVAL_NUM_EPISODES=128, EVAL_NUM_STEPS=400
XP ego[00] partner[00] = 185.469
XP ego[00] partner[01] = 172.188
XP ego[00] partner[02] = 190.781
XP ego[00] partner[03] = 179.531
XP ego[00] partner[04] = 160.938
XP ego[01] partner[00] = 162.656
XP ego[01] partner[01] = 127.656
XP ego[01] partner[02] = 160.625
XP ego[01] partner[03] = 80.781
XP ego[01] partner[04] = 80.938
XP ego[02] partner[00] = 199.688
XP ego[02] partner[01] = 198.281
XP ego[02] partner[02] = 224.062
XP ego[02] partner[03] = 219.844
XP ego[02] partner[04] = 207.812
XP ego[03] partner[00] = 39.062
XP ego[03] partner[01] = 53.594
XP ego[03] partner[02] = 90.312
XP ego[03] partner[03] = 67.969
XP ego[03] partner[04] = 49.375
XP ego[04] partner[00] = 165.156
XP ego[04] partner[01] = 141.875
XP ego[04] partner[02] = 178.125
XP ego[04] partner[03] = 158.281
XP ego[04] partner[04] = 150.781
Evaluating partner group 2: method=pbt, prefix=checkpoints/eval_pools/pbt
LOADED: checkpoints/eval_pools/pbt/counter_circuit/baseline_seed_0_step_62.msgpack
LOADED: checkpoints/eval_pools/pbt/counter_circuit/baseline_seed_1_step_62.msgpack
LOADED: checkpoints/eval_pools/pbt/counter_circuit/baseline_seed_2_step_62.msgpack
LOADED: checkpoints/eval_pools/pbt/counter_circuit/baseline_seed_3_step_62.msgpack
LOADED: checkpoints/eval_pools/pbt/counter_circuit/baseline_seed_4_step_62.msgpack
Using XP rollout scale: XP_PAIR_BATCH_SIZE=32, EVAL_NUM_EPISODES=128, EVAL_NUM_STEPS=400
XP ego[00] partner[00] = 162.500
XP ego[00] partner[01] = 178.906
XP ego[00] partner[02] = 167.812
XP ego[00] partner[03] = 185.156
XP ego[00] partner[04] = 174.375
XP ego[01] partner[00] = 164.531
XP ego[01] partner[01] = 146.250
XP ego[01] partner[02] = 152.812
XP ego[01] partner[03] = 133.906
XP ego[01] partner[04] = 141.875
XP ego[02] partner[00] = 195.000
XP ego[02] partner[01] = 193.594
XP ego[02] partner[02] = 147.188
XP ego[02] partner[03] = 189.219
XP ego[02] partner[04] = 129.844
XP ego[03] partner[00] = 100.312
XP ego[03] partner[01] = 117.969
XP ego[03] partner[02] = 69.531
XP ego[03] partner[03] = 64.844
XP ego[03] partner[04] = 61.094
XP ego[04] partner[00] = 169.688
XP ego[04] partner[01] = 192.031
XP ego[04] partner[02] = 58.125
XP ego[04] partner[03] = 185.469
XP ego[04] partner[04] = 187.969
Evaluating partner group 3: method=sp, prefix=checkpoints/eval_pools/sp
LOADED: checkpoints/eval_pools/sp/counter_circuit/baseline_seed_0_step_380.msgpack
LOADED: checkpoints/eval_pools/sp/counter_circuit/baseline_seed_1_step_380.msgpack
LOADED: checkpoints/eval_pools/sp/counter_circuit/baseline_seed_2_step_380.msgpack
LOADED: checkpoints/eval_pools/sp/counter_circuit/baseline_seed_3_step_380.msgpack
LOADED: checkpoints/eval_pools/sp/counter_circuit/baseline_seed_4_step_380.msgpack
Using XP rollout scale: XP_PAIR_BATCH_SIZE=32, EVAL_NUM_EPISODES=128, EVAL_NUM_STEPS=400
XP ego[00] partner[00] = 157.344
XP ego[00] partner[01] = 136.094
XP ego[00] partner[02] = 175.000
XP ego[00] partner[03] = 117.500
XP ego[00] partner[04] = 168.125
XP ego[01] partner[00] = 150.938
XP ego[01] partner[01] = 158.438
XP ego[01] partner[02] = 87.969
XP ego[01] partner[03] = 167.344
XP ego[01] partner[04] = 178.750
XP ego[02] partner[00] = 159.688
XP ego[02] partner[01] = 177.188
XP ego[02] partner[02] = 187.969
XP ego[02] partner[03] = 140.781
XP ego[02] partner[04] = 194.062
XP ego[03] partner[00] = 32.969
XP ego[03] partner[01] = 23.438
XP ego[03] partner[02] = 80.469
XP ego[03] partner[03] = 79.531
XP ego[03] partner[04] = 139.219
XP ego[04] partner[00] = 159.375
XP ego[04] partner[01] = 164.531
XP ego[04] partner[02] = 168.125
XP ego[04] partner[03] = 177.812
XP ego[04] partner[04] = 178.594
Average ego-vs-partner performance: 132.228 +- 5.387 SE over 100 ordered pairs
Average diagonal performance: 106.156 +- 26.065 SE over 5 pairs
Average off-diagonal performance (only for square pools): nan +- nan SE over 0 ordered pairs
Saved ad-hoc teamplay results to ad_hoc_teamplay_results/lmpredV2_no_self_pred_ad_hoc_teamplay/counter_circuit
Saved ad-hoc teamplay heatmap to ad_hoc_teamplay_results/lmpredV2_no_self_pred_ad_hoc_teamplay/counter_circuit/xp_matrix.png
Evaluating partner alignment group 0: method=e3t, prefix=checkpoints/eval_pools/e3t
LOADED: checkpoints/eval_pools/e3t/counter_circuit/baseline_seed_0_step_220.msgpack
LOADED: checkpoints/eval_pools/e3t/counter_circuit/baseline_seed_1_step_220.msgpack
LOADED: checkpoints/eval_pools/e3t/counter_circuit/baseline_seed_2_step_220.msgpack
LOADED: checkpoints/eval_pools/e3t/counter_circuit/baseline_seed_3_step_220.msgpack
LOADED: checkpoints/eval_pools/e3t/counter_circuit/baseline_seed_4_step_220.msgpack
Using alignment rollout scale: ALIGN_PAIR_BATCH_SIZE=2, ALIGN_EVAL_NUM_EPISODES=128, ALIGN_EVAL_NUM_STEPS=400
ALIGN ego[00] partner[00] R2=0.791867 NMSE=0.208133 shuffled_R2=-0.018523
ALIGN ego[00] partner[01] R2=0.802763 NMSE=0.197237 shuffled_R2=-0.017222
ALIGN ego[00] partner[02] R2=0.778700 NMSE=0.221300 shuffled_R2=-0.022788
ALIGN ego[00] partner[03] R2=0.850314 NMSE=0.149686 shuffled_R2=-0.022845
ALIGN ego[00] partner[04] R2=0.691180 NMSE=0.308820 shuffled_R2=-0.038548
ALIGN ego[01] partner[00] R2=0.769784 NMSE=0.230216 shuffled_R2=-0.014937
ALIGN ego[01] partner[01] R2=0.736427 NMSE=0.263573 shuffled_R2=-0.016109
ALIGN ego[01] partner[02] R2=0.725927 NMSE=0.274073 shuffled_R2=-0.020430
ALIGN ego[01] partner[03] R2=0.835233 NMSE=0.164767 shuffled_R2=-0.023665
ALIGN ego[01] partner[04] R2=0.768202 NMSE=0.231798 shuffled_R2=-0.013808
ALIGN ego[02] partner[00] R2=0.811683 NMSE=0.188317 shuffled_R2=-0.015388
ALIGN ego[02] partner[01] R2=0.807742 NMSE=0.192258 shuffled_R2=-0.021420
ALIGN ego[02] partner[02] R2=0.709221 NMSE=0.290779 shuffled_R2=-0.020347
ALIGN ego[02] partner[03] R2=0.770287 NMSE=0.229713 shuffled_R2=-0.024808
ALIGN ego[02] partner[04] R2=0.810411 NMSE=0.189589 shuffled_R2=-0.016700
ALIGN ego[03] partner[00] R2=0.829146 NMSE=0.170854 shuffled_R2=-0.017598
ALIGN ego[03] partner[01] R2=0.675729 NMSE=0.324271 shuffled_R2=-0.026816
ALIGN ego[03] partner[02] R2=0.769831 NMSE=0.230169 shuffled_R2=-0.018889
ALIGN ego[03] partner[03] R2=0.857117 NMSE=0.142883 shuffled_R2=-0.021895
ALIGN ego[03] partner[04] R2=0.823301 NMSE=0.176699 shuffled_R2=-0.021615
ALIGN ego[04] partner[00] R2=0.819077 NMSE=0.180923 shuffled_R2=-0.016454
ALIGN ego[04] partner[01] R2=0.829485 NMSE=0.170515 shuffled_R2=-0.018665
ALIGN ego[04] partner[02] R2=0.776888 NMSE=0.223112 shuffled_R2=-0.019678
ALIGN ego[04] partner[03] R2=0.835187 NMSE=0.164813 shuffled_R2=-0.028031
ALIGN ego[04] partner[04] R2=0.836187 NMSE=0.163813 shuffled_R2=-0.018849
Evaluating partner alignment group 1: method=mep_br, prefix=checkpoints/eval_pools/mep_br
LOADED: checkpoints/eval_pools/mep_br/counter_circuit/baseline_seed_0_step_380.msgpack
LOADED: checkpoints/eval_pools/mep_br/counter_circuit/baseline_seed_1_step_380.msgpack
LOADED: checkpoints/eval_pools/mep_br/counter_circuit/baseline_seed_2_step_380.msgpack
LOADED: checkpoints/eval_pools/mep_br/counter_circuit/baseline_seed_3_step_380.msgpack
LOADED: checkpoints/eval_pools/mep_br/counter_circuit/baseline_seed_4_step_380.msgpack
Using alignment rollout scale: ALIGN_PAIR_BATCH_SIZE=2, ALIGN_EVAL_NUM_EPISODES=128, ALIGN_EVAL_NUM_STEPS=400
ALIGN ego[00] partner[00] R2=0.760768 NMSE=0.239232 shuffled_R2=-0.023374
ALIGN ego[00] partner[01] R2=0.758258 NMSE=0.241742 shuffled_R2=-0.023158
ALIGN ego[00] partner[02] R2=0.748894 NMSE=0.251106 shuffled_R2=-0.025302
ALIGN ego[00] partner[03] R2=0.808282 NMSE=0.191718 shuffled_R2=-0.019379
ALIGN ego[00] partner[04] R2=0.804160 NMSE=0.195840 shuffled_R2=-0.022238
ALIGN ego[01] partner[00] R2=0.844815 NMSE=0.155185 shuffled_R2=-0.015545
ALIGN ego[01] partner[01] R2=0.848105 NMSE=0.151895 shuffled_R2=-0.017680
ALIGN ego[01] partner[02] R2=0.851892 NMSE=0.148108 shuffled_R2=-0.018364
ALIGN ego[01] partner[03] R2=0.844453 NMSE=0.155547 shuffled_R2=-0.015460
ALIGN ego[01] partner[04] R2=0.809272 NMSE=0.190728 shuffled_R2=-0.019506
ALIGN ego[02] partner[00] R2=0.842824 NMSE=0.157176 shuffled_R2=-0.017409
ALIGN ego[02] partner[01] R2=0.841257 NMSE=0.158743 shuffled_R2=-0.015269
ALIGN ego[02] partner[02] R2=0.877934 NMSE=0.122066 shuffled_R2=-0.017715
ALIGN ego[02] partner[03] R2=0.880331 NMSE=0.119669 shuffled_R2=-0.015157
ALIGN ego[02] partner[04] R2=0.702785 NMSE=0.297215 shuffled_R2=-0.022644
ALIGN ego[03] partner[00] R2=0.828826 NMSE=0.171174 shuffled_R2=-0.020226
ALIGN ego[03] partner[01] R2=0.856329 NMSE=0.143671 shuffled_R2=-0.018813
ALIGN ego[03] partner[02] R2=0.823066 NMSE=0.176934 shuffled_R2=-0.015417
ALIGN ego[03] partner[03] R2=0.874147 NMSE=0.125853 shuffled_R2=-0.015016
ALIGN ego[03] partner[04] R2=0.824102 NMSE=0.175898 shuffled_R2=-0.019989
ALIGN ego[04] partner[00] R2=0.850446 NMSE=0.149554 shuffled_R2=-0.015095
ALIGN ego[04] partner[01] R2=0.891992 NMSE=0.108008 shuffled_R2=-0.013986
ALIGN ego[04] partner[02] R2=0.839161 NMSE=0.160839 shuffled_R2=-0.018744
ALIGN ego[04] partner[03] R2=0.821829 NMSE=0.178171 shuffled_R2=-0.014376
ALIGN ego[04] partner[04] R2=0.690876 NMSE=0.309124 shuffled_R2=-0.040452
Evaluating partner alignment group 2: method=pbt, prefix=checkpoints/eval_pools/pbt
LOADED: checkpoints/eval_pools/pbt/counter_circuit/baseline_seed_0_step_62.msgpack
LOADED: checkpoints/eval_pools/pbt/counter_circuit/baseline_seed_1_step_62.msgpack
LOADED: checkpoints/eval_pools/pbt/counter_circuit/baseline_seed_2_step_62.msgpack
LOADED: checkpoints/eval_pools/pbt/counter_circuit/baseline_seed_3_step_62.msgpack
LOADED: checkpoints/eval_pools/pbt/counter_circuit/baseline_seed_4_step_62.msgpack
Using alignment rollout scale: ALIGN_PAIR_BATCH_SIZE=2, ALIGN_EVAL_NUM_EPISODES=128, ALIGN_EVAL_NUM_STEPS=400
ALIGN ego[00] partner[00] R2=0.719373 NMSE=0.280627 shuffled_R2=-0.024085
ALIGN ego[00] partner[01] R2=0.743422 NMSE=0.256578 shuffled_R2=-0.016547
ALIGN ego[00] partner[02] R2=0.680982 NMSE=0.319018 shuffled_R2=-0.024892
ALIGN ego[00] partner[03] R2=0.666674 NMSE=0.333326 shuffled_R2=-0.033047
ALIGN ego[00] partner[04] R2=0.764711 NMSE=0.235289 shuffled_R2=-0.016592
ALIGN ego[01] partner[00] R2=0.770811 NMSE=0.229189 shuffled_R2=-0.016594
ALIGN ego[01] partner[01] R2=0.730998 NMSE=0.269002 shuffled_R2=-0.020706
ALIGN ego[01] partner[02] R2=0.764341 NMSE=0.235659 shuffled_R2=-0.016105
ALIGN ego[01] partner[03] R2=0.782965 NMSE=0.217035 shuffled_R2=-0.018676
ALIGN ego[01] partner[04] R2=0.786620 NMSE=0.213380 shuffled_R2=-0.014948
ALIGN ego[02] partner[00] R2=0.765748 NMSE=0.234252 shuffled_R2=-0.014706
ALIGN ego[02] partner[01] R2=0.693989 NMSE=0.306011 shuffled_R2=-0.021607
ALIGN ego[02] partner[02] R2=0.766231 NMSE=0.233769 shuffled_R2=-0.015400
ALIGN ego[02] partner[03] R2=0.698009 NMSE=0.301991 shuffled_R2=-0.019677
ALIGN ego[02] partner[04] R2=0.763049 NMSE=0.236951 shuffled_R2=-0.018438
ALIGN ego[03] partner[00] R2=0.800538 NMSE=0.199462 shuffled_R2=-0.021732
ALIGN ego[03] partner[01] R2=0.849869 NMSE=0.150131 shuffled_R2=-0.016626
ALIGN ego[03] partner[02] R2=0.789305 NMSE=0.210695 shuffled_R2=-0.021183
ALIGN ego[03] partner[03] R2=0.762108 NMSE=0.237892 shuffled_R2=-0.031057
ALIGN ego[03] partner[04] R2=0.832284 NMSE=0.167716 shuffled_R2=-0.023917
ALIGN ego[04] partner[00] R2=0.825931 NMSE=0.174069 shuffled_R2=-0.015185
ALIGN ego[04] partner[01] R2=0.432577 NMSE=0.567423 shuffled_R2=-0.082706
ALIGN ego[04] partner[02] R2=0.816875 NMSE=0.183125 shuffled_R2=-0.014860
ALIGN ego[04] partner[03] R2=0.724910 NMSE=0.275090 shuffled_R2=-0.025961
ALIGN ego[04] partner[04] R2=0.571257 NMSE=0.428743 shuffled_R2=-0.044597
Evaluating partner alignment group 3: method=sp, prefix=checkpoints/eval_pools/sp
LOADED: checkpoints/eval_pools/sp/counter_circuit/baseline_seed_0_step_380.msgpack
LOADED: checkpoints/eval_pools/sp/counter_circuit/baseline_seed_1_step_380.msgpack
LOADED: checkpoints/eval_pools/sp/counter_circuit/baseline_seed_2_step_380.msgpack
LOADED: checkpoints/eval_pools/sp/counter_circuit/baseline_seed_3_step_380.msgpack
LOADED: checkpoints/eval_pools/sp/counter_circuit/baseline_seed_4_step_380.msgpack
Using alignment rollout scale: ALIGN_PAIR_BATCH_SIZE=2, ALIGN_EVAL_NUM_EPISODES=128, ALIGN_EVAL_NUM_STEPS=400
ALIGN ego[00] partner[00] R2=0.849121 NMSE=0.150879 shuffled_R2=-0.019302
ALIGN ego[00] partner[01] R2=0.852009 NMSE=0.147991 shuffled_R2=-0.021451
ALIGN ego[00] partner[02] R2=0.860171 NMSE=0.139829 shuffled_R2=-0.015931
ALIGN ego[00] partner[03] R2=0.832457 NMSE=0.167543 shuffled_R2=-0.019519
ALIGN ego[00] partner[04] R2=0.809519 NMSE=0.190481 shuffled_R2=-0.022442
ALIGN ego[01] partner[00] R2=0.805948 NMSE=0.194052 shuffled_R2=-0.023587
ALIGN ego[01] partner[01] R2=0.895395 NMSE=0.104605 shuffled_R2=-0.015617
ALIGN ego[01] partner[02] R2=0.825437 NMSE=0.174563 shuffled_R2=-0.027976
ALIGN ego[01] partner[03] R2=0.771790 NMSE=0.228210 shuffled_R2=-0.018580
ALIGN ego[01] partner[04] R2=0.825529 NMSE=0.174471 shuffled_R2=-0.016776
ALIGN ego[02] partner[00] R2=0.909536 NMSE=0.090464 shuffled_R2=-0.019236
ALIGN ego[02] partner[01] R2=0.841396 NMSE=0.158604 shuffled_R2=-0.018764
ALIGN ego[02] partner[02] R2=0.852468 NMSE=0.147532 shuffled_R2=-0.018111
ALIGN ego[02] partner[03] R2=0.804274 NMSE=0.195726 shuffled_R2=-0.028535
ALIGN ego[02] partner[04] R2=0.850495 NMSE=0.149505 shuffled_R2=-0.014485
ALIGN ego[03] partner[00] R2=0.909864 NMSE=0.090136 shuffled_R2=-0.026298
ALIGN ego[03] partner[01] R2=0.889632 NMSE=0.110368 shuffled_R2=-0.019611
ALIGN ego[03] partner[02] R2=0.866323 NMSE=0.133677 shuffled_R2=-0.020622
ALIGN ego[03] partner[03] R2=0.886058 NMSE=0.113942 shuffled_R2=-0.017814
ALIGN ego[03] partner[04] R2=0.838413 NMSE=0.161587 shuffled_R2=-0.017047
ALIGN ego[04] partner[00] R2=0.870917 NMSE=0.129083 shuffled_R2=-0.018172
ALIGN ego[04] partner[01] R2=0.905954 NMSE=0.094046 shuffled_R2=-0.014038
ALIGN ego[04] partner[02] R2=0.849985 NMSE=0.150015 shuffled_R2=-0.023676
ALIGN ego[04] partner[03] R2=0.832638 NMSE=0.167362 shuffled_R2=-0.014994
ALIGN ego[04] partner[04] R2=0.799238 NMSE=0.200762 shuffled_R2=-0.018523
Average ego-to-partner alignment R2: 0.799746 +- 0.007152 SE over 100 ego-partner pairs
Average alignment normalized MSE: 0.200254 +- 0.007152 SE
Average shuffled-control alignment R2: -0.020773 +- 0.000830 SE
Saved alignment results to ad_hoc_teamplay_results/lmpredV2_no_self_pred_ad_hoc_teamplay/counter_circuit
Evaluating ad-hoc teamplay for ego_method=lmpredV2_no_self_pred, layout=coord_ring
ego_prefix=checkpoints/lmpredV2_no_self_pred/, partner_pool_specs=e3t:checkpoints/eval_pools/e3t;mep_br:checkpoints/eval_pools/mep_br;pbt:checkpoints/eval_pools/pbt;sp:checkpoints/eval_pools/sp, result_name=lmpredV2_no_self_pred_ad_hoc_teamplay, ego_perspective_transform=true
Importing submoduled environments...
Submoduled environments not found. Skipping import.
2026-07-05 15:59:48.566739: W external/xla/xla/service/gpu/autotuning/dot_search_space.cc:200] All configs were filtered out because none of them sufficiently match the hints. Maybe the hints set does not contain a good representative set of valid configs?Working around this by using the full hints set instead.
2026-07-05 15:59:49.661507: W external/xla/xla/service/gpu/autotuning/dot_search_space.cc:200] All configs were filtered out because none of them sufficiently match the hints. Maybe the hints set does not contain a good representative set of valid configs?Working around this by using the full hints set instead.
LOADED: checkpoints/lmpredV2_no_self_pred/coord_ring/baseline_seed_0_step_220.msgpack
LOADED: checkpoints/lmpredV2_no_self_pred/coord_ring/baseline_seed_1_step_220.msgpack
LOADED: checkpoints/lmpredV2_no_self_pred/coord_ring/baseline_seed_2_step_220.msgpack
LOADED: checkpoints/lmpredV2_no_self_pred/coord_ring/baseline_seed_3_step_220.msgpack
LOADED: checkpoints/lmpredV2_no_self_pred/coord_ring/baseline_seed_4_step_220.msgpack
Evaluating partner group 0: method=e3t, prefix=checkpoints/eval_pools/e3t
LOADED: checkpoints/eval_pools/e3t/coord_ring/baseline_seed_0_step_220.msgpack
LOADED: checkpoints/eval_pools/e3t/coord_ring/baseline_seed_1_step_220.msgpack
LOADED: checkpoints/eval_pools/e3t/coord_ring/baseline_seed_2_step_220.msgpack
LOADED: checkpoints/eval_pools/e3t/coord_ring/baseline_seed_3_step_220.msgpack
LOADED: checkpoints/eval_pools/e3t/coord_ring/baseline_seed_4_step_220.msgpack
Using XP rollout scale: XP_PAIR_BATCH_SIZE=32, EVAL_NUM_EPISODES=128, EVAL_NUM_STEPS=400
XP ego[00] partner[00] = 280.781
XP ego[00] partner[01] = 293.750
XP ego[00] partner[02] = 17.031
XP ego[00] partner[03] = 288.125
XP ego[00] partner[04] = 291.719
XP ego[01] partner[00] = 229.062
XP ego[01] partner[01] = 289.375
XP ego[01] partner[02] = 2.969
XP ego[01] partner[03] = 273.281
XP ego[01] partner[04] = 271.562
XP ego[02] partner[00] = 234.062
XP ego[02] partner[01] = 222.812
XP ego[02] partner[02] = 14.219
XP ego[02] partner[03] = 257.344
XP ego[02] partner[04] = 246.250
XP ego[03] partner[00] = 252.031
XP ego[03] partner[01] = 263.281
XP ego[03] partner[02] = 58.594
XP ego[03] partner[03] = 245.938
XP ego[03] partner[04] = 270.312
XP ego[04] partner[00] = 258.750
XP ego[04] partner[01] = 274.375
XP ego[04] partner[02] = 26.406
XP ego[04] partner[03] = 270.625
XP ego[04] partner[04] = 287.656
Evaluating partner group 1: method=mep_br, prefix=checkpoints/eval_pools/mep_br
LOADED: checkpoints/eval_pools/mep_br/coord_ring/baseline_seed_0_step_220.msgpack
LOADED: checkpoints/eval_pools/mep_br/coord_ring/baseline_seed_1_step_220.msgpack
LOADED: checkpoints/eval_pools/mep_br/coord_ring/baseline_seed_2_step_220.msgpack
LOADED: checkpoints/eval_pools/mep_br/coord_ring/baseline_seed_3_step_220.msgpack
LOADED: checkpoints/eval_pools/mep_br/coord_ring/baseline_seed_4_step_220.msgpack
Using XP rollout scale: XP_PAIR_BATCH_SIZE=32, EVAL_NUM_EPISODES=128, EVAL_NUM_STEPS=400
XP ego[00] partner[00] = 270.781
XP ego[00] partner[01] = 285.469
XP ego[00] partner[02] = 290.625
XP ego[00] partner[03] = 177.656
XP ego[00] partner[04] = 261.094
XP ego[01] partner[00] = 253.281
XP ego[01] partner[01] = 288.281
XP ego[01] partner[02] = 297.656
XP ego[01] partner[03] = 197.188
XP ego[01] partner[04] = 280.469
XP ego[02] partner[00] = 231.719
XP ego[02] partner[01] = 284.219
XP ego[02] partner[02] = 262.188
XP ego[02] partner[03] = 268.438
XP ego[02] partner[04] = 276.562
XP ego[03] partner[00] = 241.250
XP ego[03] partner[01] = 259.219
XP ego[03] partner[02] = 235.938
XP ego[03] partner[03] = 124.844
XP ego[03] partner[04] = 229.375
XP ego[04] partner[00] = 238.750
XP ego[04] partner[01] = 287.031
XP ego[04] partner[02] = 280.000
XP ego[04] partner[03] = 225.000
XP ego[04] partner[04] = 216.875
Evaluating partner group 2: method=pbt, prefix=checkpoints/eval_pools/pbt
LOADED: checkpoints/eval_pools/pbt/coord_ring/baseline_seed_0_step_62.msgpack
LOADED: checkpoints/eval_pools/pbt/coord_ring/baseline_seed_1_step_62.msgpack
LOADED: checkpoints/eval_pools/pbt/coord_ring/baseline_seed_2_step_62.msgpack
LOADED: checkpoints/eval_pools/pbt/coord_ring/baseline_seed_3_step_62.msgpack
LOADED: checkpoints/eval_pools/pbt/coord_ring/baseline_seed_4_step_62.msgpack
Using XP rollout scale: XP_PAIR_BATCH_SIZE=32, EVAL_NUM_EPISODES=128, EVAL_NUM_STEPS=400
XP ego[00] partner[00] = 302.344
XP ego[00] partner[01] = 276.719
XP ego[00] partner[02] = 286.250
XP ego[00] partner[03] = 272.969
XP ego[00] partner[04] = 295.625
XP ego[01] partner[00] = 296.562
XP ego[01] partner[01] = 284.375
XP ego[01] partner[02] = 288.906
XP ego[01] partner[03] = 260.625
XP ego[01] partner[04] = 273.594
XP ego[02] partner[00] = 264.219
XP ego[02] partner[01] = 287.812
XP ego[02] partner[02] = 253.906
XP ego[02] partner[03] = 209.219
XP ego[02] partner[04] = 296.562
XP ego[03] partner[00] = 277.344
XP ego[03] partner[01] = 258.906
XP ego[03] partner[02] = 248.906
XP ego[03] partner[03] = 274.219
XP ego[03] partner[04] = 254.531
XP ego[04] partner[00] = 286.719
XP ego[04] partner[01] = 267.188
XP ego[04] partner[02] = 256.406
XP ego[04] partner[03] = 256.250
XP ego[04] partner[04] = 284.219
Evaluating partner group 3: method=sp, prefix=checkpoints/eval_pools/sp
LOADED: checkpoints/eval_pools/sp/coord_ring/baseline_seed_0_step_220.msgpack
LOADED: checkpoints/eval_pools/sp/coord_ring/baseline_seed_1_step_220.msgpack
LOADED: checkpoints/eval_pools/sp/coord_ring/baseline_seed_2_step_220.msgpack
LOADED: checkpoints/eval_pools/sp/coord_ring/baseline_seed_3_step_220.msgpack
LOADED: checkpoints/eval_pools/sp/coord_ring/baseline_seed_4_step_220.msgpack
Using XP rollout scale: XP_PAIR_BATCH_SIZE=32, EVAL_NUM_EPISODES=128, EVAL_NUM_STEPS=400
XP ego[00] partner[00] = 298.906
XP ego[00] partner[01] = 300.469
XP ego[00] partner[02] = 276.406
XP ego[00] partner[03] = 291.719
XP ego[00] partner[04] = 295.156
XP ego[01] partner[00] = 297.500
XP ego[01] partner[01] = 276.250
XP ego[01] partner[02] = 250.625
XP ego[01] partner[03] = 296.250
XP ego[01] partner[04] = 279.062
XP ego[02] partner[00] = 251.094
XP ego[02] partner[01] = 248.594
XP ego[02] partner[02] = 239.531
XP ego[02] partner[03] = 266.406
XP ego[02] partner[04] = 246.719
XP ego[03] partner[00] = 272.500
XP ego[03] partner[01] = 259.375
XP ego[03] partner[02] = 237.812
XP ego[03] partner[03] = 50.312
XP ego[03] partner[04] = 251.562
XP ego[04] partner[00] = 287.188
XP ego[04] partner[01] = 265.469
XP ego[04] partner[02] = 265.156
XP ego[04] partner[03] = 287.344
XP ego[04] partner[04] = 263.438
Average ego-vs-partner performance: 250.534 +- 6.298 SE over 100 ordered pairs
Average diagonal performance: 223.594 +- 52.933 SE over 5 pairs
Average off-diagonal performance (only for square pools): nan +- nan SE over 0 ordered pairs
Saved ad-hoc teamplay results to ad_hoc_teamplay_results/lmpredV2_no_self_pred_ad_hoc_teamplay/coord_ring
Saved ad-hoc teamplay heatmap to ad_hoc_teamplay_results/lmpredV2_no_self_pred_ad_hoc_teamplay/coord_ring/xp_matrix.png
Evaluating partner alignment group 0: method=e3t, prefix=checkpoints/eval_pools/e3t
LOADED: checkpoints/eval_pools/e3t/coord_ring/baseline_seed_0_step_220.msgpack
LOADED: checkpoints/eval_pools/e3t/coord_ring/baseline_seed_1_step_220.msgpack
LOADED: checkpoints/eval_pools/e3t/coord_ring/baseline_seed_2_step_220.msgpack
LOADED: checkpoints/eval_pools/e3t/coord_ring/baseline_seed_3_step_220.msgpack
LOADED: checkpoints/eval_pools/e3t/coord_ring/baseline_seed_4_step_220.msgpack
Using alignment rollout scale: ALIGN_PAIR_BATCH_SIZE=2, ALIGN_EVAL_NUM_EPISODES=128, ALIGN_EVAL_NUM_STEPS=400
ALIGN ego[00] partner[00] R2=0.891136 NMSE=0.108864 shuffled_R2=-0.016967
ALIGN ego[00] partner[01] R2=0.846764 NMSE=0.153236 shuffled_R2=-0.015994
ALIGN ego[00] partner[02] R2=0.956862 NMSE=0.043138 shuffled_R2=-0.019400
ALIGN ego[00] partner[03] R2=0.793943 NMSE=0.206057 shuffled_R2=-0.035349
ALIGN ego[00] partner[04] R2=0.851734 NMSE=0.148266 shuffled_R2=-0.019204
ALIGN ego[01] partner[00] R2=0.894343 NMSE=0.105657 shuffled_R2=-0.017839
ALIGN ego[01] partner[01] R2=0.882269 NMSE=0.117731 shuffled_R2=-0.015401
ALIGN ego[01] partner[02] R2=0.948979 NMSE=0.051021 shuffled_R2=-0.015773
ALIGN ego[01] partner[03] R2=0.852583 NMSE=0.147417 shuffled_R2=-0.018317
ALIGN ego[01] partner[04] R2=0.877378 NMSE=0.122622 shuffled_R2=-0.016050
ALIGN ego[02] partner[00] R2=0.827285 NMSE=0.172715 shuffled_R2=-0.026014
ALIGN ego[02] partner[01] R2=0.704192 NMSE=0.295808 shuffled_R2=-0.029349
ALIGN ego[02] partner[02] R2=0.943737 NMSE=0.056263 shuffled_R2=-0.019565
ALIGN ego[02] partner[03] R2=0.859432 NMSE=0.140568 shuffled_R2=-0.014399
ALIGN ego[02] partner[04] R2=0.891777 NMSE=0.108223 shuffled_R2=-0.013573
ALIGN ego[03] partner[00] R2=0.875449 NMSE=0.124551 shuffled_R2=-0.015313
ALIGN ego[03] partner[01] R2=0.869356 NMSE=0.130644 shuffled_R2=-0.026196
ALIGN ego[03] partner[02] R2=0.552341 NMSE=0.447659 shuffled_R2=-0.115931
ALIGN ego[03] partner[03] R2=0.883415 NMSE=0.116585 shuffled_R2=-0.014853
ALIGN ego[03] partner[04] R2=0.850439 NMSE=0.149561 shuffled_R2=-0.015313
ALIGN ego[04] partner[00] R2=0.878530 NMSE=0.121470 shuffled_R2=-0.018886
ALIGN ego[04] partner[01] R2=0.734047 NMSE=0.265953 shuffled_R2=-0.033458
ALIGN ego[04] partner[02] R2=0.700058 NMSE=0.299942 shuffled_R2=-0.109419
ALIGN ego[04] partner[03] R2=0.879620 NMSE=0.120380 shuffled_R2=-0.013776
ALIGN ego[04] partner[04] R2=0.896957 NMSE=0.103043 shuffled_R2=-0.015560
Evaluating partner alignment group 1: method=mep_br, prefix=checkpoints/eval_pools/mep_br
LOADED: checkpoints/eval_pools/mep_br/coord_ring/baseline_seed_0_step_220.msgpack
LOADED: checkpoints/eval_pools/mep_br/coord_ring/baseline_seed_1_step_220.msgpack
LOADED: checkpoints/eval_pools/mep_br/coord_ring/baseline_seed_2_step_220.msgpack
LOADED: checkpoints/eval_pools/mep_br/coord_ring/baseline_seed_3_step_220.msgpack
LOADED: checkpoints/eval_pools/mep_br/coord_ring/baseline_seed_4_step_220.msgpack
Using alignment rollout scale: ALIGN_PAIR_BATCH_SIZE=2, ALIGN_EVAL_NUM_EPISODES=128, ALIGN_EVAL_NUM_STEPS=400
ALIGN ego[00] partner[00] R2=0.884534 NMSE=0.115466 shuffled_R2=-0.020627
ALIGN ego[00] partner[01] R2=0.917431 NMSE=0.082569 shuffled_R2=-0.017003
ALIGN ego[00] partner[02] R2=0.879015 NMSE=0.120985 shuffled_R2=-0.018899
ALIGN ego[00] partner[03] R2=0.906500 NMSE=0.093500 shuffled_R2=-0.038448
ALIGN ego[00] partner[04] R2=0.906613 NMSE=0.093387 shuffled_R2=-0.021900
ALIGN ego[01] partner[00] R2=0.898722 NMSE=0.101278 shuffled_R2=-0.019594
ALIGN ego[01] partner[01] R2=0.902123 NMSE=0.097877 shuffled_R2=-0.015955
ALIGN ego[01] partner[02] R2=0.894807 NMSE=0.105193 shuffled_R2=-0.016566
ALIGN ego[01] partner[03] R2=0.965800 NMSE=0.034200 shuffled_R2=-0.017018
ALIGN ego[01] partner[04] R2=0.892470 NMSE=0.107530 shuffled_R2=-0.020414
ALIGN ego[02] partner[00] R2=0.778035 NMSE=0.221965 shuffled_R2=-0.027784
ALIGN ego[02] partner[01] R2=0.885370 NMSE=0.114630 shuffled_R2=-0.017368
ALIGN ego[02] partner[02] R2=0.765135 NMSE=0.234865 shuffled_R2=-0.025756
ALIGN ego[02] partner[03] R2=0.907652 NMSE=0.092348 shuffled_R2=-0.019244
ALIGN ego[02] partner[04] R2=0.858062 NMSE=0.141938 shuffled_R2=-0.019941
ALIGN ego[03] partner[00] R2=0.848437 NMSE=0.151563 shuffled_R2=-0.017669
ALIGN ego[03] partner[01] R2=0.885470 NMSE=0.114530 shuffled_R2=-0.015299
ALIGN ego[03] partner[02] R2=0.848189 NMSE=0.151811 shuffled_R2=-0.019117
ALIGN ego[03] partner[03] R2=0.821180 NMSE=0.178820 shuffled_R2=-0.050073
ALIGN ego[03] partner[04] R2=0.912876 NMSE=0.087124 shuffled_R2=-0.015993
ALIGN ego[04] partner[00] R2=0.938819 NMSE=0.061181 shuffled_R2=-0.014818
ALIGN ego[04] partner[01] R2=0.900420 NMSE=0.099580 shuffled_R2=-0.021403
ALIGN ego[04] partner[02] R2=0.900692 NMSE=0.099308 shuffled_R2=-0.017796
ALIGN ego[04] partner[03] R2=0.809780 NMSE=0.190220 shuffled_R2=-0.062042
ALIGN ego[04] partner[04] R2=0.943005 NMSE=0.056995 shuffled_R2=-0.015352
Evaluating partner alignment group 2: method=pbt, prefix=checkpoints/eval_pools/pbt
LOADED: checkpoints/eval_pools/pbt/coord_ring/baseline_seed_0_step_62.msgpack
LOADED: checkpoints/eval_pools/pbt/coord_ring/baseline_seed_1_step_62.msgpack
LOADED: checkpoints/eval_pools/pbt/coord_ring/baseline_seed_2_step_62.msgpack
LOADED: checkpoints/eval_pools/pbt/coord_ring/baseline_seed_3_step_62.msgpack
LOADED: checkpoints/eval_pools/pbt/coord_ring/baseline_seed_4_step_62.msgpack
Using alignment rollout scale: ALIGN_PAIR_BATCH_SIZE=2, ALIGN_EVAL_NUM_EPISODES=128, ALIGN_EVAL_NUM_STEPS=400
ALIGN ego[00] partner[00] R2=0.825763 NMSE=0.174237 shuffled_R2=-0.014080
ALIGN ego[00] partner[01] R2=0.795852 NMSE=0.204148 shuffled_R2=-0.023208
ALIGN ego[00] partner[02] R2=0.789125 NMSE=0.210875 shuffled_R2=-0.024878
ALIGN ego[00] partner[03] R2=0.852018 NMSE=0.147982 shuffled_R2=-0.016545
ALIGN ego[00] partner[04] R2=0.742905 NMSE=0.257095 shuffled_R2=-0.021653
ALIGN ego[01] partner[00] R2=0.714144 NMSE=0.285856 shuffled_R2=-0.023860
ALIGN ego[01] partner[01] R2=0.833033 NMSE=0.166967 shuffled_R2=-0.016306
ALIGN ego[01] partner[02] R2=0.795908 NMSE=0.204092 shuffled_R2=-0.017332
ALIGN ego[01] partner[03] R2=0.816345 NMSE=0.183655 shuffled_R2=-0.013492
ALIGN ego[01] partner[04] R2=0.819634 NMSE=0.180366 shuffled_R2=-0.016885
ALIGN ego[02] partner[00] R2=0.816978 NMSE=0.183022 shuffled_R2=-0.015990
ALIGN ego[02] partner[01] R2=0.852763 NMSE=0.147237 shuffled_R2=-0.013371
ALIGN ego[02] partner[02] R2=0.839802 NMSE=0.160198 shuffled_R2=-0.015001
ALIGN ego[02] partner[03] R2=0.837796 NMSE=0.162204 shuffled_R2=-0.015248
ALIGN ego[02] partner[04] R2=0.808290 NMSE=0.191710 shuffled_R2=-0.014661
ALIGN ego[03] partner[00] R2=0.816660 NMSE=0.183340 shuffled_R2=-0.014141
ALIGN ego[03] partner[01] R2=0.787742 NMSE=0.212258 shuffled_R2=-0.017863
ALIGN ego[03] partner[02] R2=0.809302 NMSE=0.190698 shuffled_R2=-0.012429
ALIGN ego[03] partner[03] R2=0.811155 NMSE=0.188845 shuffled_R2=-0.019550
ALIGN ego[03] partner[04] R2=0.769295 NMSE=0.230705 shuffled_R2=-0.021613
ALIGN ego[04] partner[00] R2=0.734228 NMSE=0.265772 shuffled_R2=-0.041391
ALIGN ego[04] partner[01] R2=0.856696 NMSE=0.143304 shuffled_R2=-0.017356
ALIGN ego[04] partner[02] R2=0.832966 NMSE=0.167034 shuffled_R2=-0.016334
ALIGN ego[04] partner[03] R2=0.739419 NMSE=0.260581 shuffled_R2=-0.030936
ALIGN ego[04] partner[04] R2=0.833994 NMSE=0.166006 shuffled_R2=-0.017174
Evaluating partner alignment group 3: method=sp, prefix=checkpoints/eval_pools/sp
LOADED: checkpoints/eval_pools/sp/coord_ring/baseline_seed_0_step_220.msgpack
LOADED: checkpoints/eval_pools/sp/coord_ring/baseline_seed_1_step_220.msgpack
LOADED: checkpoints/eval_pools/sp/coord_ring/baseline_seed_2_step_220.msgpack
LOADED: checkpoints/eval_pools/sp/coord_ring/baseline_seed_3_step_220.msgpack
LOADED: checkpoints/eval_pools/sp/coord_ring/baseline_seed_4_step_220.msgpack
Using alignment rollout scale: ALIGN_PAIR_BATCH_SIZE=2, ALIGN_EVAL_NUM_EPISODES=128, ALIGN_EVAL_NUM_STEPS=400
ALIGN ego[00] partner[00] R2=0.888158 NMSE=0.111842 shuffled_R2=-0.014886
ALIGN ego[00] partner[01] R2=0.894696 NMSE=0.105304 shuffled_R2=-0.020403
ALIGN ego[00] partner[02] R2=0.878285 NMSE=0.121715 shuffled_R2=-0.032109
ALIGN ego[00] partner[03] R2=0.916792 NMSE=0.083208 shuffled_R2=-0.012961
ALIGN ego[00] partner[04] R2=0.924250 NMSE=0.075750 shuffled_R2=-0.017120
ALIGN ego[01] partner[00] R2=0.900411 NMSE=0.099589 shuffled_R2=-0.015135
ALIGN ego[01] partner[01] R2=0.920449 NMSE=0.079551 shuffled_R2=-0.015829
ALIGN ego[01] partner[02] R2=0.845035 NMSE=0.154965 shuffled_R2=-0.015733
ALIGN ego[01] partner[03] R2=0.911885 NMSE=0.088115 shuffled_R2=-0.016192
ALIGN ego[01] partner[04] R2=0.944893 NMSE=0.055107 shuffled_R2=-0.015507
ALIGN ego[02] partner[00] R2=0.876789 NMSE=0.123211 shuffled_R2=-0.023011
ALIGN ego[02] partner[01] R2=0.887623 NMSE=0.112377 shuffled_R2=-0.017602
ALIGN ego[02] partner[02] R2=0.874110 NMSE=0.125890 shuffled_R2=-0.019520
ALIGN ego[02] partner[03] R2=0.862161 NMSE=0.137839 shuffled_R2=-0.019436
ALIGN ego[02] partner[04] R2=0.937956 NMSE=0.062044 shuffled_R2=-0.014031
ALIGN ego[03] partner[00] R2=0.939200 NMSE=0.060800 shuffled_R2=-0.014423
ALIGN ego[03] partner[01] R2=0.855934 NMSE=0.144066 shuffled_R2=-0.016870
ALIGN ego[03] partner[02] R2=0.859576 NMSE=0.140424 shuffled_R2=-0.017025
ALIGN ego[03] partner[03] R2=0.889351 NMSE=0.110649 shuffled_R2=-0.023785
ALIGN ego[03] partner[04] R2=0.916582 NMSE=0.083418 shuffled_R2=-0.018395
ALIGN ego[04] partner[00] R2=0.909244 NMSE=0.090756 shuffled_R2=-0.015412
ALIGN ego[04] partner[01] R2=0.865751 NMSE=0.134249 shuffled_R2=-0.028816
ALIGN ego[04] partner[02] R2=0.821303 NMSE=0.178697 shuffled_R2=-0.034734
ALIGN ego[04] partner[03] R2=0.907402 NMSE=0.092598 shuffled_R2=-0.013730
ALIGN ego[04] partner[04] R2=0.935340 NMSE=0.064660 shuffled_R2=-0.019124
Average ego-to-partner alignment R2: 0.856887 +- 0.006594 SE over 100 ego-partner pairs
Average alignment normalized MSE: 0.143113 +- 0.006594 SE
Average shuffled-control alignment R2: -0.021811 +- 0.001518 SE
Saved alignment results to ad_hoc_teamplay_results/lmpredV2_no_self_pred_ad_hoc_teamplay/coord_ring
Evaluating ad-hoc teamplay for ego_method=lmpredV2_no_self_pred, layout=asymm_advantages
ego_prefix=checkpoints/lmpredV2_no_self_pred/, partner_pool_specs=e3t:checkpoints/eval_pools/e3t;mep_br:checkpoints/eval_pools/mep_br;pbt:checkpoints/eval_pools/pbt;sp:checkpoints/eval_pools/sp, result_name=lmpredV2_no_self_pred_ad_hoc_teamplay, ego_perspective_transform=true
Cannot find primary config 'asymm_advantages'. Check that it's in your config search path.

Config search path:
	provider=hydra, path=pkg://hydra.conf
	provider=main, path=file:///net/scratch/n70579mp/tom/JaxMARL/baselines/overcookedv2/config/oc_extended/mep_br
	provider=schema, path=structured://

Set the environment variable HYDRA_FULL_ERROR=1 for a complete stack trace.
Importing submoduled environments...
Submoduled environments not found. Skipping import.
Evaluating ad-hoc teamplay for ego_method=lmpredV2_no_self_pred, layout=forced_coord
ego_prefix=checkpoints/lmpredV2_no_self_pred/, partner_pool_specs=e3t:checkpoints/eval_pools/e3t;mep_br:checkpoints/eval_pools/mep_br;pbt:checkpoints/eval_pools/pbt;sp:checkpoints/eval_pools/sp, result_name=lmpredV2_no_self_pred_ad_hoc_teamplay, ego_perspective_transform=true
Cannot find primary config 'forced_coord'. Check that it's in your config search path.

Config search path:
	provider=hydra, path=pkg://hydra.conf
	provider=main, path=file:///net/scratch/n70579mp/tom/JaxMARL/baselines/overcookedv2/config/oc_extended/mep_br
	provider=schema, path=structured://

Set the environment variable HYDRA_FULL_ERROR=1 for a complete stack trace.
Importing submoduled environments...
Submoduled environments not found. Skipping import.
Evaluating ad-hoc teamplay for ego_method=lmpredV2005, layout=cramped_room5x5
ego_prefix=checkpoints/lmpredV2005/, partner_pool_specs=e3t:checkpoints/eval_pools/e3t;mep_br:checkpoints/eval_pools/mep_br;pbt:checkpoints/eval_pools/pbt;sp:checkpoints/eval_pools/sp, result_name=lmpredV2005_ad_hoc_teamplay, ego_perspective_transform=true
Importing submoduled environments...
Submoduled environments not found. Skipping import.
2026-07-05 16:04:22.266400: W external/xla/xla/service/gpu/autotuning/dot_search_space.cc:200] All configs were filtered out because none of them sufficiently match the hints. Maybe the hints set does not contain a good representative set of valid configs?Working around this by using the full hints set instead.
2026-07-05 16:04:23.300659: W external/xla/xla/service/gpu/autotuning/dot_search_space.cc:200] All configs were filtered out because none of them sufficiently match the hints. Maybe the hints set does not contain a good representative set of valid configs?Working around this by using the full hints set instead.
LOADED: checkpoints/lmpredV2005/cramped_room5x5/baseline_seed_0_step_220.msgpack
LOADED: checkpoints/lmpredV2005/cramped_room5x5/baseline_seed_1_step_220.msgpack
LOADED: checkpoints/lmpredV2005/cramped_room5x5/baseline_seed_2_step_220.msgpack
LOADED: checkpoints/lmpredV2005/cramped_room5x5/baseline_seed_3_step_220.msgpack
LOADED: checkpoints/lmpredV2005/cramped_room5x5/baseline_seed_4_step_220.msgpack
Evaluating partner group 0: method=e3t, prefix=checkpoints/eval_pools/e3t
LOADED: checkpoints/eval_pools/e3t/cramped_room5x5/baseline_seed_0_step_220.msgpack
LOADED: checkpoints/eval_pools/e3t/cramped_room5x5/baseline_seed_1_step_220.msgpack
LOADED: checkpoints/eval_pools/e3t/cramped_room5x5/baseline_seed_2_step_220.msgpack
LOADED: checkpoints/eval_pools/e3t/cramped_room5x5/baseline_seed_3_step_220.msgpack
LOADED: checkpoints/eval_pools/e3t/cramped_room5x5/baseline_seed_4_step_220.msgpack
Using XP rollout scale: XP_PAIR_BATCH_SIZE=32, EVAL_NUM_EPISODES=128, EVAL_NUM_STEPS=400
XP ego[00] partner[00] = 219.375
XP ego[00] partner[01] = 218.125
XP ego[00] partner[02] = 219.375
XP ego[00] partner[03] = 228.281
XP ego[00] partner[04] = 204.531
XP ego[01] partner[00] = 195.625
XP ego[01] partner[01] = 215.781
XP ego[01] partner[02] = 231.406
XP ego[01] partner[03] = 220.625
XP ego[01] partner[04] = 229.844
XP ego[02] partner[00] = 238.906
XP ego[02] partner[01] = 189.844
XP ego[02] partner[02] = 199.375
XP ego[02] partner[03] = 238.594
XP ego[02] partner[04] = 229.219
XP ego[03] partner[00] = 194.062
XP ego[03] partner[01] = 205.312
XP ego[03] partner[02] = 233.750
XP ego[03] partner[03] = 206.094
XP ego[03] partner[04] = 189.688
XP ego[04] partner[00] = 186.562
XP ego[04] partner[01] = 181.250
XP ego[04] partner[02] = 235.312
XP ego[04] partner[03] = 199.375
XP ego[04] partner[04] = 166.719
Evaluating partner group 1: method=mep_br, prefix=checkpoints/eval_pools/mep_br
LOADED: checkpoints/eval_pools/mep_br/cramped_room5x5/baseline_seed_0_step_220.msgpack
LOADED: checkpoints/eval_pools/mep_br/cramped_room5x5/baseline_seed_1_step_220.msgpack
LOADED: checkpoints/eval_pools/mep_br/cramped_room5x5/baseline_seed_2_step_220.msgpack
LOADED: checkpoints/eval_pools/mep_br/cramped_room5x5/baseline_seed_3_step_220.msgpack
LOADED: checkpoints/eval_pools/mep_br/cramped_room5x5/baseline_seed_4_step_220.msgpack
Using XP rollout scale: XP_PAIR_BATCH_SIZE=32, EVAL_NUM_EPISODES=128, EVAL_NUM_STEPS=400
XP ego[00] partner[00] = 210.156
XP ego[00] partner[01] = 213.906
XP ego[00] partner[02] = 217.812
XP ego[00] partner[03] = 181.094
XP ego[00] partner[04] = 208.438
XP ego[01] partner[00] = 220.156
XP ego[01] partner[01] = 232.656
XP ego[01] partner[02] = 210.156
XP ego[01] partner[03] = 214.219
XP ego[01] partner[04] = 231.250
XP ego[02] partner[00] = 225.312
XP ego[02] partner[01] = 222.344
XP ego[02] partner[02] = 166.562
XP ego[02] partner[03] = 223.594
XP ego[02] partner[04] = 221.562
XP ego[03] partner[00] = 215.938
XP ego[03] partner[01] = 208.125
XP ego[03] partner[02] = 239.062
XP ego[03] partner[03] = 249.219
XP ego[03] partner[04] = 240.156
XP ego[04] partner[00] = 137.500
XP ego[04] partner[01] = 117.031
XP ego[04] partner[02] = 41.406
XP ego[04] partner[03] = 230.781
XP ego[04] partner[04] = 69.219
Evaluating partner group 2: method=pbt, prefix=checkpoints/eval_pools/pbt
LOADED: checkpoints/eval_pools/pbt/cramped_room5x5/baseline_seed_0_step_62.msgpack
LOADED: checkpoints/eval_pools/pbt/cramped_room5x5/baseline_seed_1_step_62.msgpack
LOADED: checkpoints/eval_pools/pbt/cramped_room5x5/baseline_seed_2_step_62.msgpack
LOADED: checkpoints/eval_pools/pbt/cramped_room5x5/baseline_seed_3_step_62.msgpack
LOADED: checkpoints/eval_pools/pbt/cramped_room5x5/baseline_seed_4_step_62.msgpack
Using XP rollout scale: XP_PAIR_BATCH_SIZE=32, EVAL_NUM_EPISODES=128, EVAL_NUM_STEPS=400
XP ego[00] partner[00] = 222.344
XP ego[00] partner[01] = 201.562
XP ego[00] partner[02] = 234.688
XP ego[00] partner[03] = 233.438
XP ego[00] partner[04] = 229.844
XP ego[01] partner[00] = 220.000
XP ego[01] partner[01] = 218.438
XP ego[01] partner[02] = 217.188
XP ego[01] partner[03] = 226.875
XP ego[01] partner[04] = 215.938
XP ego[02] partner[00] = 232.812
XP ego[02] partner[01] = 221.875
XP ego[02] partner[02] = 236.719
XP ego[02] partner[03] = 232.031
XP ego[02] partner[04] = 229.688
XP ego[03] partner[00] = 72.188
XP ego[03] partner[01] = 110.000
XP ego[03] partner[02] = 76.094
XP ego[03] partner[03] = 55.781
XP ego[03] partner[04] = 85.625
XP ego[04] partner[00] = 161.406
XP ego[04] partner[01] = 117.344
XP ego[04] partner[02] = 49.531
XP ego[04] partner[03] = 121.094
XP ego[04] partner[04] = 127.812
Evaluating partner group 3: method=sp, prefix=checkpoints/eval_pools/sp
LOADED: checkpoints/eval_pools/sp/cramped_room5x5/baseline_seed_0_step_220.msgpack
LOADED: checkpoints/eval_pools/sp/cramped_room5x5/baseline_seed_1_step_220.msgpack
LOADED: checkpoints/eval_pools/sp/cramped_room5x5/baseline_seed_2_step_220.msgpack
LOADED: checkpoints/eval_pools/sp/cramped_room5x5/baseline_seed_3_step_220.msgpack
LOADED: checkpoints/eval_pools/sp/cramped_room5x5/baseline_seed_4_step_220.msgpack
Using XP rollout scale: XP_PAIR_BATCH_SIZE=32, EVAL_NUM_EPISODES=128, EVAL_NUM_STEPS=400
XP ego[00] partner[00] = 211.250
XP ego[00] partner[01] = 227.656
XP ego[00] partner[02] = 173.750
XP ego[00] partner[03] = 234.844
XP ego[00] partner[04] = 203.125
XP ego[01] partner[00] = 212.188
XP ego[01] partner[01] = 217.656
XP ego[01] partner[02] = 186.562
XP ego[01] partner[03] = 223.906
XP ego[01] partner[04] = 203.906
XP ego[02] partner[00] = 224.844
XP ego[02] partner[01] = 139.844
XP ego[02] partner[02] = 169.844
XP ego[02] partner[03] = 239.531
XP ego[02] partner[04] = 222.188
XP ego[03] partner[00] = 223.281
XP ego[03] partner[01] = 224.531
XP ego[03] partner[02] = 193.750
XP ego[03] partner[03] = 233.750
XP ego[03] partner[04] = 200.781
XP ego[04] partner[00] = 186.562
XP ego[04] partner[01] = 206.406
XP ego[04] partner[02] = 145.469
XP ego[04] partner[03] = 144.688
XP ego[04] partner[04] = 185.156
Average ego-vs-partner performance: 196.105 +- 4.764 SE over 100 ordered pairs
Average diagonal performance: 201.469 +- 9.378 SE over 5 pairs
Average off-diagonal performance (only for square pools): nan +- nan SE over 0 ordered pairs
Saved ad-hoc teamplay results to ad_hoc_teamplay_results/lmpredV2005_ad_hoc_teamplay/cramped_room5x5
Saved ad-hoc teamplay heatmap to ad_hoc_teamplay_results/lmpredV2005_ad_hoc_teamplay/cramped_room5x5/xp_matrix.png
Evaluating partner alignment group 0: method=e3t, prefix=checkpoints/eval_pools/e3t
LOADED: checkpoints/eval_pools/e3t/cramped_room5x5/baseline_seed_0_step_220.msgpack
LOADED: checkpoints/eval_pools/e3t/cramped_room5x5/baseline_seed_1_step_220.msgpack
LOADED: checkpoints/eval_pools/e3t/cramped_room5x5/baseline_seed_2_step_220.msgpack
LOADED: checkpoints/eval_pools/e3t/cramped_room5x5/baseline_seed_3_step_220.msgpack
LOADED: checkpoints/eval_pools/e3t/cramped_room5x5/baseline_seed_4_step_220.msgpack
Using alignment rollout scale: ALIGN_PAIR_BATCH_SIZE=2, ALIGN_EVAL_NUM_EPISODES=128, ALIGN_EVAL_NUM_STEPS=400
ALIGN ego[00] partner[00] R2=0.933756 NMSE=0.066244 shuffled_R2=-0.018816
ALIGN ego[00] partner[01] R2=0.954743 NMSE=0.045257 shuffled_R2=-0.019349
ALIGN ego[00] partner[02] R2=0.906315 NMSE=0.093685 shuffled_R2=-0.031433
ALIGN ego[00] partner[03] R2=0.933138 NMSE=0.066862 shuffled_R2=-0.023459
ALIGN ego[00] partner[04] R2=0.962954 NMSE=0.037046 shuffled_R2=-0.017256
ALIGN ego[01] partner[00] R2=0.871302 NMSE=0.128698 shuffled_R2=-0.039475
ALIGN ego[01] partner[01] R2=0.938812 NMSE=0.061188 shuffled_R2=-0.015831
ALIGN ego[01] partner[02] R2=0.937101 NMSE=0.062899 shuffled_R2=-0.022528
ALIGN ego[01] partner[03] R2=0.872310 NMSE=0.127690 shuffled_R2=-0.042269
ALIGN ego[01] partner[04] R2=0.944259 NMSE=0.055741 shuffled_R2=-0.015357
ALIGN ego[02] partner[00] R2=0.955435 NMSE=0.044565 shuffled_R2=-0.016317
ALIGN ego[02] partner[01] R2=0.937264 NMSE=0.062736 shuffled_R2=-0.021198
ALIGN ego[02] partner[02] R2=0.959536 NMSE=0.040464 shuffled_R2=-0.014678
ALIGN ego[02] partner[03] R2=0.913611 NMSE=0.086389 shuffled_R2=-0.030381
ALIGN ego[02] partner[04] R2=0.955176 NMSE=0.044824 shuffled_R2=-0.018588
ALIGN ego[03] partner[00] R2=0.958471 NMSE=0.041529 shuffled_R2=-0.017612
ALIGN ego[03] partner[01] R2=0.842119 NMSE=0.157881 shuffled_R2=-0.047387
ALIGN ego[03] partner[02] R2=0.956405 NMSE=0.043595 shuffled_R2=-0.014396
ALIGN ego[03] partner[03] R2=0.884026 NMSE=0.115974 shuffled_R2=-0.036524
ALIGN ego[03] partner[04] R2=0.964520 NMSE=0.035480 shuffled_R2=-0.017560
ALIGN ego[04] partner[00] R2=0.954084 NMSE=0.045916 shuffled_R2=-0.016278
ALIGN ego[04] partner[01] R2=0.931418 NMSE=0.068582 shuffled_R2=-0.030807
ALIGN ego[04] partner[02] R2=0.935320 NMSE=0.064680 shuffled_R2=-0.017019
ALIGN ego[04] partner[03] R2=0.927076 NMSE=0.072924 shuffled_R2=-0.021406
ALIGN ego[04] partner[04] R2=0.813587 NMSE=0.186413 shuffled_R2=-0.040629
Evaluating partner alignment group 1: method=mep_br, prefix=checkpoints/eval_pools/mep_br
LOADED: checkpoints/eval_pools/mep_br/cramped_room5x5/baseline_seed_0_step_220.msgpack
LOADED: checkpoints/eval_pools/mep_br/cramped_room5x5/baseline_seed_1_step_220.msgpack
LOADED: checkpoints/eval_pools/mep_br/cramped_room5x5/baseline_seed_2_step_220.msgpack
LOADED: checkpoints/eval_pools/mep_br/cramped_room5x5/baseline_seed_3_step_220.msgpack
LOADED: checkpoints/eval_pools/mep_br/cramped_room5x5/baseline_seed_4_step_220.msgpack
Using alignment rollout scale: ALIGN_PAIR_BATCH_SIZE=2, ALIGN_EVAL_NUM_EPISODES=128, ALIGN_EVAL_NUM_STEPS=400
ALIGN ego[00] partner[00] R2=0.905475 NMSE=0.094525 shuffled_R2=-0.023312
ALIGN ego[00] partner[01] R2=0.952816 NMSE=0.047184 shuffled_R2=-0.015634
ALIGN ego[00] partner[02] R2=0.942107 NMSE=0.057893 shuffled_R2=-0.016467
ALIGN ego[00] partner[03] R2=0.958417 NMSE=0.041583 shuffled_R2=-0.013950
ALIGN ego[00] partner[04] R2=0.944590 NMSE=0.055410 shuffled_R2=-0.022088
ALIGN ego[01] partner[00] R2=0.738992 NMSE=0.261008 shuffled_R2=-0.053290
ALIGN ego[01] partner[01] R2=0.901854 NMSE=0.098146 shuffled_R2=-0.025574
ALIGN ego[01] partner[02] R2=0.863666 NMSE=0.136334 shuffled_R2=-0.084955
ALIGN ego[01] partner[03] R2=0.937763 NMSE=0.062237 shuffled_R2=-0.024917
ALIGN ego[01] partner[04] R2=0.954322 NMSE=0.045678 shuffled_R2=-0.019074
ALIGN ego[02] partner[00] R2=0.949819 NMSE=0.050181 shuffled_R2=-0.019042
ALIGN ego[02] partner[01] R2=0.939581 NMSE=0.060419 shuffled_R2=-0.023110
ALIGN ego[02] partner[02] R2=0.959797 NMSE=0.040203 shuffled_R2=-0.014759
ALIGN ego[02] partner[03] R2=0.943532 NMSE=0.056468 shuffled_R2=-0.022211
ALIGN ego[02] partner[04] R2=0.939869 NMSE=0.060131 shuffled_R2=-0.025225
ALIGN ego[03] partner[00] R2=0.908332 NMSE=0.091668 shuffled_R2=-0.027191
ALIGN ego[03] partner[01] R2=0.957721 NMSE=0.042279 shuffled_R2=-0.017042
ALIGN ego[03] partner[02] R2=0.907915 NMSE=0.092085 shuffled_R2=-0.034101
ALIGN ego[03] partner[03] R2=0.969442 NMSE=0.030558 shuffled_R2=-0.016244
ALIGN ego[03] partner[04] R2=0.934013 NMSE=0.065987 shuffled_R2=-0.026939
ALIGN ego[04] partner[00] R2=0.954337 NMSE=0.045663 shuffled_R2=-0.016192
ALIGN ego[04] partner[01] R2=0.925926 NMSE=0.074074 shuffled_R2=-0.022490
ALIGN ego[04] partner[02] R2=0.870274 NMSE=0.129726 shuffled_R2=-0.057901
ALIGN ego[04] partner[03] R2=0.956360 NMSE=0.043640 shuffled_R2=-0.018521
ALIGN ego[04] partner[04] R2=0.788599 NMSE=0.211401 shuffled_R2=-0.105351
Evaluating partner alignment group 2: method=pbt, prefix=checkpoints/eval_pools/pbt
LOADED: checkpoints/eval_pools/pbt/cramped_room5x5/baseline_seed_0_step_62.msgpack
LOADED: checkpoints/eval_pools/pbt/cramped_room5x5/baseline_seed_1_step_62.msgpack
LOADED: checkpoints/eval_pools/pbt/cramped_room5x5/baseline_seed_2_step_62.msgpack
LOADED: checkpoints/eval_pools/pbt/cramped_room5x5/baseline_seed_3_step_62.msgpack
LOADED: checkpoints/eval_pools/pbt/cramped_room5x5/baseline_seed_4_step_62.msgpack
Using alignment rollout scale: ALIGN_PAIR_BATCH_SIZE=2, ALIGN_EVAL_NUM_EPISODES=128, ALIGN_EVAL_NUM_STEPS=400
ALIGN ego[00] partner[00] R2=0.864952 NMSE=0.135048 shuffled_R2=-0.019164
ALIGN ego[00] partner[01] R2=0.870285 NMSE=0.129715 shuffled_R2=-0.019322
ALIGN ego[00] partner[02] R2=0.893822 NMSE=0.106178 shuffled_R2=-0.016961
ALIGN ego[00] partner[03] R2=0.893805 NMSE=0.106195 shuffled_R2=-0.016145
ALIGN ego[00] partner[04] R2=0.872704 NMSE=0.127296 shuffled_R2=-0.014385
ALIGN ego[01] partner[00] R2=0.862806 NMSE=0.137194 shuffled_R2=-0.017752
ALIGN ego[01] partner[01] R2=0.761834 NMSE=0.238166 shuffled_R2=-0.075672
ALIGN ego[01] partner[02] R2=0.848138 NMSE=0.151862 shuffled_R2=-0.016738
ALIGN ego[01] partner[03] R2=0.823704 NMSE=0.176296 shuffled_R2=-0.018402
ALIGN ego[01] partner[04] R2=0.857583 NMSE=0.142417 shuffled_R2=-0.025274
ALIGN ego[02] partner[00] R2=0.873966 NMSE=0.126034 shuffled_R2=-0.016609
ALIGN ego[02] partner[01] R2=0.835513 NMSE=0.164487 shuffled_R2=-0.018516
ALIGN ego[02] partner[02] R2=0.838400 NMSE=0.161600 shuffled_R2=-0.017435
ALIGN ego[02] partner[03] R2=0.872177 NMSE=0.127823 shuffled_R2=-0.014667
ALIGN ego[02] partner[04] R2=0.873134 NMSE=0.126866 shuffled_R2=-0.014443
ALIGN ego[03] partner[00] R2=0.862232 NMSE=0.137768 shuffled_R2=-0.017432
ALIGN ego[03] partner[01] R2=0.867149 NMSE=0.132851 shuffled_R2=-0.014793
ALIGN ego[03] partner[02] R2=0.885572 NMSE=0.114428 shuffled_R2=-0.014500
ALIGN ego[03] partner[03] R2=0.873167 NMSE=0.126833 shuffled_R2=-0.019610
ALIGN ego[03] partner[04] R2=0.856434 NMSE=0.143566 shuffled_R2=-0.015003
ALIGN ego[04] partner[00] R2=0.862481 NMSE=0.137519 shuffled_R2=-0.016193
ALIGN ego[04] partner[01] R2=0.789456 NMSE=0.210544 shuffled_R2=-0.028656
ALIGN ego[04] partner[02] R2=0.863298 NMSE=0.136702 shuffled_R2=-0.022036
ALIGN ego[04] partner[03] R2=0.653567 NMSE=0.346433 shuffled_R2=-0.039714
ALIGN ego[04] partner[04] R2=0.869549 NMSE=0.130451 shuffled_R2=-0.013100
Evaluating partner alignment group 3: method=sp, prefix=checkpoints/eval_pools/sp
LOADED: checkpoints/eval_pools/sp/cramped_room5x5/baseline_seed_0_step_220.msgpack
LOADED: checkpoints/eval_pools/sp/cramped_room5x5/baseline_seed_1_step_220.msgpack
LOADED: checkpoints/eval_pools/sp/cramped_room5x5/baseline_seed_2_step_220.msgpack
LOADED: checkpoints/eval_pools/sp/cramped_room5x5/baseline_seed_3_step_220.msgpack
LOADED: checkpoints/eval_pools/sp/cramped_room5x5/baseline_seed_4_step_220.msgpack
Using alignment rollout scale: ALIGN_PAIR_BATCH_SIZE=2, ALIGN_EVAL_NUM_EPISODES=128, ALIGN_EVAL_NUM_STEPS=400
ALIGN ego[00] partner[00] R2=0.955050 NMSE=0.044950 shuffled_R2=-0.017316
ALIGN ego[00] partner[01] R2=0.957391 NMSE=0.042609 shuffled_R2=-0.015231
ALIGN ego[00] partner[02] R2=0.939022 NMSE=0.060978 shuffled_R2=-0.019988
ALIGN ego[00] partner[03] R2=0.953816 NMSE=0.046184 shuffled_R2=-0.015177
ALIGN ego[00] partner[04] R2=0.946773 NMSE=0.053227 shuffled_R2=-0.019982
ALIGN ego[01] partner[00] R2=0.917072 NMSE=0.082928 shuffled_R2=-0.018594
ALIGN ego[01] partner[01] R2=0.938601 NMSE=0.061399 shuffled_R2=-0.014819
ALIGN ego[01] partner[02] R2=0.914701 NMSE=0.085299 shuffled_R2=-0.024120
ALIGN ego[01] partner[03] R2=0.924036 NMSE=0.075964 shuffled_R2=-0.019759
ALIGN ego[01] partner[04] R2=0.815979 NMSE=0.184021 shuffled_R2=-0.065106
ALIGN ego[02] partner[00] R2=0.935384 NMSE=0.064616 shuffled_R2=-0.018640
ALIGN ego[02] partner[01] R2=0.963356 NMSE=0.036644 shuffled_R2=-0.019382
ALIGN ego[02] partner[02] R2=0.960141 NMSE=0.039859 shuffled_R2=-0.019647
ALIGN ego[02] partner[03] R2=0.954345 NMSE=0.045655 shuffled_R2=-0.013997
ALIGN ego[02] partner[04] R2=0.967662 NMSE=0.032338 shuffled_R2=-0.015704
ALIGN ego[03] partner[00] R2=0.832809 NMSE=0.167191 shuffled_R2=-0.052155
ALIGN ego[03] partner[01] R2=0.951225 NMSE=0.048775 shuffled_R2=-0.019246
ALIGN ego[03] partner[02] R2=0.939059 NMSE=0.060941 shuffled_R2=-0.029139
ALIGN ego[03] partner[03] R2=0.934735 NMSE=0.065265 shuffled_R2=-0.021325
ALIGN ego[03] partner[04] R2=0.960243 NMSE=0.039757 shuffled_R2=-0.021065
ALIGN ego[04] partner[00] R2=0.909862 NMSE=0.090138 shuffled_R2=-0.021154
ALIGN ego[04] partner[01] R2=0.909938 NMSE=0.090062 shuffled_R2=-0.028056
ALIGN ego[04] partner[02] R2=0.945880 NMSE=0.054120 shuffled_R2=-0.021741
ALIGN ego[04] partner[03] R2=0.916776 NMSE=0.083224 shuffled_R2=-0.021044
ALIGN ego[04] partner[04] R2=0.928807 NMSE=0.071193 shuffled_R2=-0.022992
Average ego-to-partner alignment R2: 0.906466 +- 0.005636 SE over 100 ego-partner pairs
Average alignment normalized MSE: 0.093534 +- 0.005636 SE
Average shuffled-control alignment R2: -0.024500 +- 0.001515 SE
Saved alignment results to ad_hoc_teamplay_results/lmpredV2005_ad_hoc_teamplay/cramped_room5x5
Evaluating ad-hoc teamplay for ego_method=lmpredV2005, layout=counter_circuit
ego_prefix=checkpoints/lmpredV2005/, partner_pool_specs=e3t:checkpoints/eval_pools/e3t;mep_br:checkpoints/eval_pools/mep_br;pbt:checkpoints/eval_pools/pbt;sp:checkpoints/eval_pools/sp, result_name=lmpredV2005_ad_hoc_teamplay, ego_perspective_transform=true
Importing submoduled environments...
Submoduled environments not found. Skipping import.
2026-07-05 16:07:59.528726: W external/xla/xla/service/gpu/autotuning/dot_search_space.cc:200] All configs were filtered out because none of them sufficiently match the hints. Maybe the hints set does not contain a good representative set of valid configs?Working around this by using the full hints set instead.
2026-07-05 16:08:00.622617: W external/xla/xla/service/gpu/autotuning/dot_search_space.cc:200] All configs were filtered out because none of them sufficiently match the hints. Maybe the hints set does not contain a good representative set of valid configs?Working around this by using the full hints set instead.
LOADED: checkpoints/lmpredV2005/counter_circuit/baseline_seed_0_step_380.msgpack
LOADED: checkpoints/lmpredV2005/counter_circuit/baseline_seed_1_step_380.msgpack
LOADED: checkpoints/lmpredV2005/counter_circuit/baseline_seed_2_step_380.msgpack
LOADED: checkpoints/lmpredV2005/counter_circuit/baseline_seed_3_step_380.msgpack
LOADED: checkpoints/lmpredV2005/counter_circuit/baseline_seed_4_step_380.msgpack
Evaluating partner group 0: method=e3t, prefix=checkpoints/eval_pools/e3t
LOADED: checkpoints/eval_pools/e3t/counter_circuit/baseline_seed_0_step_220.msgpack
LOADED: checkpoints/eval_pools/e3t/counter_circuit/baseline_seed_1_step_220.msgpack
LOADED: checkpoints/eval_pools/e3t/counter_circuit/baseline_seed_2_step_220.msgpack
LOADED: checkpoints/eval_pools/e3t/counter_circuit/baseline_seed_3_step_220.msgpack
LOADED: checkpoints/eval_pools/e3t/counter_circuit/baseline_seed_4_step_220.msgpack
Using XP rollout scale: XP_PAIR_BATCH_SIZE=32, EVAL_NUM_EPISODES=128, EVAL_NUM_STEPS=400
XP ego[00] partner[00] = 176.094
XP ego[00] partner[01] = 95.312
XP ego[00] partner[02] = 114.688
XP ego[00] partner[03] = 10.625
XP ego[00] partner[04] = 53.281
XP ego[01] partner[00] = 178.281
XP ego[01] partner[01] = 161.875
XP ego[01] partner[02] = 151.406
XP ego[01] partner[03] = 39.375
XP ego[01] partner[04] = 96.562
XP ego[02] partner[00] = 158.906
XP ego[02] partner[01] = 143.438
XP ego[02] partner[02] = 96.406
XP ego[02] partner[03] = 12.969
XP ego[02] partner[04] = 107.656
XP ego[03] partner[00] = 143.594
XP ego[03] partner[01] = 129.062
XP ego[03] partner[02] = 94.844
XP ego[03] partner[03] = 8.281
XP ego[03] partner[04] = 107.500
XP ego[04] partner[00] = 44.531
XP ego[04] partner[01] = 92.344
XP ego[04] partner[02] = 67.344
XP ego[04] partner[03] = 8.125
XP ego[04] partner[04] = 112.031
Evaluating partner group 1: method=mep_br, prefix=checkpoints/eval_pools/mep_br
LOADED: checkpoints/eval_pools/mep_br/counter_circuit/baseline_seed_0_step_380.msgpack
LOADED: checkpoints/eval_pools/mep_br/counter_circuit/baseline_seed_1_step_380.msgpack
LOADED: checkpoints/eval_pools/mep_br/counter_circuit/baseline_seed_2_step_380.msgpack
LOADED: checkpoints/eval_pools/mep_br/counter_circuit/baseline_seed_3_step_380.msgpack
LOADED: checkpoints/eval_pools/mep_br/counter_circuit/baseline_seed_4_step_380.msgpack
Using XP rollout scale: XP_PAIR_BATCH_SIZE=32, EVAL_NUM_EPISODES=128, EVAL_NUM_STEPS=400
XP ego[00] partner[00] = 201.562
XP ego[00] partner[01] = 186.719
XP ego[00] partner[02] = 216.875
XP ego[00] partner[03] = 201.719
XP ego[00] partner[04] = 198.594
XP ego[01] partner[00] = 125.938
XP ego[01] partner[01] = 168.906
XP ego[01] partner[02] = 175.781
XP ego[01] partner[03] = 166.562
XP ego[01] partner[04] = 162.656
XP ego[02] partner[00] = 173.281
XP ego[02] partner[01] = 169.688
XP ego[02] partner[02] = 199.531
XP ego[02] partner[03] = 192.812
XP ego[02] partner[04] = 182.812
XP ego[03] partner[00] = 169.062
XP ego[03] partner[01] = 171.719
XP ego[03] partner[02] = 170.312
XP ego[03] partner[03] = 168.281
XP ego[03] partner[04] = 159.375
XP ego[04] partner[00] = 173.750
XP ego[04] partner[01] = 158.125
XP ego[04] partner[02] = 165.156
XP ego[04] partner[03] = 166.562
XP ego[04] partner[04] = 154.844
Evaluating partner group 2: method=pbt, prefix=checkpoints/eval_pools/pbt
LOADED: checkpoints/eval_pools/pbt/counter_circuit/baseline_seed_0_step_62.msgpack
LOADED: checkpoints/eval_pools/pbt/counter_circuit/baseline_seed_1_step_62.msgpack
LOADED: checkpoints/eval_pools/pbt/counter_circuit/baseline_seed_2_step_62.msgpack
LOADED: checkpoints/eval_pools/pbt/counter_circuit/baseline_seed_3_step_62.msgpack
LOADED: checkpoints/eval_pools/pbt/counter_circuit/baseline_seed_4_step_62.msgpack
Using XP rollout scale: XP_PAIR_BATCH_SIZE=32, EVAL_NUM_EPISODES=128, EVAL_NUM_STEPS=400
XP ego[00] partner[00] = 192.500
XP ego[00] partner[01] = 186.406
XP ego[00] partner[02] = 181.094
XP ego[00] partner[03] = 182.031
XP ego[00] partner[04] = 195.469
XP ego[01] partner[00] = 121.875
XP ego[01] partner[01] = 126.406
XP ego[01] partner[02] = 111.875
XP ego[01] partner[03] = 112.031
XP ego[01] partner[04] = 156.562
XP ego[02] partner[00] = 215.938
XP ego[02] partner[01] = 219.375
XP ego[02] partner[02] = 208.750
XP ego[02] partner[03] = 217.812
XP ego[02] partner[04] = 219.688
XP ego[03] partner[00] = 182.812
XP ego[03] partner[01] = 200.000
XP ego[03] partner[02] = 193.438
XP ego[03] partner[03] = 189.844
XP ego[03] partner[04] = 200.781
XP ego[04] partner[00] = 155.781
XP ego[04] partner[01] = 155.625
XP ego[04] partner[02] = 144.844
XP ego[04] partner[03] = 167.969
XP ego[04] partner[04] = 157.656
Evaluating partner group 3: method=sp, prefix=checkpoints/eval_pools/sp
LOADED: checkpoints/eval_pools/sp/counter_circuit/baseline_seed_0_step_380.msgpack
LOADED: checkpoints/eval_pools/sp/counter_circuit/baseline_seed_1_step_380.msgpack
LOADED: checkpoints/eval_pools/sp/counter_circuit/baseline_seed_2_step_380.msgpack
LOADED: checkpoints/eval_pools/sp/counter_circuit/baseline_seed_3_step_380.msgpack
LOADED: checkpoints/eval_pools/sp/counter_circuit/baseline_seed_4_step_380.msgpack
Using XP rollout scale: XP_PAIR_BATCH_SIZE=32, EVAL_NUM_EPISODES=128, EVAL_NUM_STEPS=400
XP ego[00] partner[00] = 163.125
XP ego[00] partner[01] = 162.344
XP ego[00] partner[02] = 190.469
XP ego[00] partner[03] = 220.156
XP ego[00] partner[04] = 181.875
XP ego[01] partner[00] = 149.375
XP ego[01] partner[01] = 113.906
XP ego[01] partner[02] = 136.250
XP ego[01] partner[03] = 186.094
XP ego[01] partner[04] = 187.344
XP ego[02] partner[00] = 184.375
XP ego[02] partner[01] = 66.562
XP ego[02] partner[02] = 203.438
XP ego[02] partner[03] = 192.656
XP ego[02] partner[04] = 197.969
XP ego[03] partner[00] = 164.219
XP ego[03] partner[01] = 175.312
XP ego[03] partner[02] = 183.594
XP ego[03] partner[03] = 157.969
XP ego[03] partner[04] = 177.031
XP ego[04] partner[00] = 171.562
XP ego[04] partner[01] = 107.656
XP ego[04] partner[02] = 171.094
XP ego[04] partner[03] = 156.562
XP ego[04] partner[04] = 174.062
Average ego-vs-partner performance: 153.567 +- 4.943 SE over 100 ordered pairs
Average diagonal performance: 110.938 +- 29.657 SE over 5 pairs
Average off-diagonal performance (only for square pools): nan +- nan SE over 0 ordered pairs
Saved ad-hoc teamplay results to ad_hoc_teamplay_results/lmpredV2005_ad_hoc_teamplay/counter_circuit
Saved ad-hoc teamplay heatmap to ad_hoc_teamplay_results/lmpredV2005_ad_hoc_teamplay/counter_circuit/xp_matrix.png
Evaluating partner alignment group 0: method=e3t, prefix=checkpoints/eval_pools/e3t
LOADED: checkpoints/eval_pools/e3t/counter_circuit/baseline_seed_0_step_220.msgpack
LOADED: checkpoints/eval_pools/e3t/counter_circuit/baseline_seed_1_step_220.msgpack
LOADED: checkpoints/eval_pools/e3t/counter_circuit/baseline_seed_2_step_220.msgpack
LOADED: checkpoints/eval_pools/e3t/counter_circuit/baseline_seed_3_step_220.msgpack
LOADED: checkpoints/eval_pools/e3t/counter_circuit/baseline_seed_4_step_220.msgpack
Using alignment rollout scale: ALIGN_PAIR_BATCH_SIZE=2, ALIGN_EVAL_NUM_EPISODES=128, ALIGN_EVAL_NUM_STEPS=400
ALIGN ego[00] partner[00] R2=0.750472 NMSE=0.249528 shuffled_R2=-0.015568
ALIGN ego[00] partner[01] R2=0.782976 NMSE=0.217024 shuffled_R2=-0.019344
ALIGN ego[00] partner[02] R2=0.760833 NMSE=0.239167 shuffled_R2=-0.019282
ALIGN ego[00] partner[03] R2=0.786895 NMSE=0.213105 shuffled_R2=-0.032299
ALIGN ego[00] partner[04] R2=0.833856 NMSE=0.166144 shuffled_R2=-0.019204
ALIGN ego[01] partner[00] R2=0.778988 NMSE=0.221012 shuffled_R2=-0.016191
ALIGN ego[01] partner[01] R2=0.758566 NMSE=0.241434 shuffled_R2=-0.015438
ALIGN ego[01] partner[02] R2=0.729772 NMSE=0.270228 shuffled_R2=-0.018230
ALIGN ego[01] partner[03] R2=0.846594 NMSE=0.153406 shuffled_R2=-0.018376
ALIGN ego[01] partner[04] R2=0.796464 NMSE=0.203536 shuffled_R2=-0.020288
ALIGN ego[02] partner[00] R2=0.759734 NMSE=0.240266 shuffled_R2=-0.016116
ALIGN ego[02] partner[01] R2=0.757260 NMSE=0.242740 shuffled_R2=-0.017845
ALIGN ego[02] partner[02] R2=0.744408 NMSE=0.255592 shuffled_R2=-0.019907
ALIGN ego[02] partner[03] R2=0.690364 NMSE=0.309636 shuffled_R2=-0.028580
ALIGN ego[02] partner[04] R2=0.779785 NMSE=0.220215 shuffled_R2=-0.018508
ALIGN ego[03] partner[00] R2=0.761634 NMSE=0.238366 shuffled_R2=-0.016464
ALIGN ego[03] partner[01] R2=0.741186 NMSE=0.258814 shuffled_R2=-0.016764
ALIGN ego[03] partner[02] R2=0.693791 NMSE=0.306209 shuffled_R2=-0.024355
ALIGN ego[03] partner[03] R2=0.805325 NMSE=0.194675 shuffled_R2=-0.024896
ALIGN ego[03] partner[04] R2=0.709344 NMSE=0.290656 shuffled_R2=-0.020328
ALIGN ego[04] partner[00] R2=0.844519 NMSE=0.155481 shuffled_R2=-0.014041
ALIGN ego[04] partner[01] R2=0.802058 NMSE=0.197942 shuffled_R2=-0.020376
ALIGN ego[04] partner[02] R2=0.700265 NMSE=0.299735 shuffled_R2=-0.020650
ALIGN ego[04] partner[03] R2=0.809703 NMSE=0.190297 shuffled_R2=-0.041386
ALIGN ego[04] partner[04] R2=0.752862 NMSE=0.247138 shuffled_R2=-0.025679
Evaluating partner alignment group 1: method=mep_br, prefix=checkpoints/eval_pools/mep_br
LOADED: checkpoints/eval_pools/mep_br/counter_circuit/baseline_seed_0_step_380.msgpack
LOADED: checkpoints/eval_pools/mep_br/counter_circuit/baseline_seed_1_step_380.msgpack
LOADED: checkpoints/eval_pools/mep_br/counter_circuit/baseline_seed_2_step_380.msgpack
LOADED: checkpoints/eval_pools/mep_br/counter_circuit/baseline_seed_3_step_380.msgpack
LOADED: checkpoints/eval_pools/mep_br/counter_circuit/baseline_seed_4_step_380.msgpack
Using alignment rollout scale: ALIGN_PAIR_BATCH_SIZE=2, ALIGN_EVAL_NUM_EPISODES=128, ALIGN_EVAL_NUM_STEPS=400
ALIGN ego[00] partner[00] R2=0.850837 NMSE=0.149163 shuffled_R2=-0.016415
ALIGN ego[00] partner[01] R2=0.868706 NMSE=0.131294 shuffled_R2=-0.016318
ALIGN ego[00] partner[02] R2=0.819770 NMSE=0.180230 shuffled_R2=-0.017747
ALIGN ego[00] partner[03] R2=0.852209 NMSE=0.147791 shuffled_R2=-0.015837
ALIGN ego[00] partner[04] R2=0.779125 NMSE=0.220875 shuffled_R2=-0.021790
ALIGN ego[01] partner[00] R2=0.811657 NMSE=0.188343 shuffled_R2=-0.017312
ALIGN ego[01] partner[01] R2=0.737823 NMSE=0.262177 shuffled_R2=-0.022065
ALIGN ego[01] partner[02] R2=0.816079 NMSE=0.183921 shuffled_R2=-0.015848
ALIGN ego[01] partner[03] R2=0.796850 NMSE=0.203150 shuffled_R2=-0.015111
ALIGN ego[01] partner[04] R2=0.750530 NMSE=0.249470 shuffled_R2=-0.016878
ALIGN ego[02] partner[00] R2=0.853719 NMSE=0.146281 shuffled_R2=-0.016412
ALIGN ego[02] partner[01] R2=0.837008 NMSE=0.162992 shuffled_R2=-0.016280
ALIGN ego[02] partner[02] R2=0.842301 NMSE=0.157699 shuffled_R2=-0.015030
ALIGN ego[02] partner[03] R2=0.805657 NMSE=0.194343 shuffled_R2=-0.016652
ALIGN ego[02] partner[04] R2=0.682652 NMSE=0.317348 shuffled_R2=-0.025437
ALIGN ego[03] partner[00] R2=0.819288 NMSE=0.180712 shuffled_R2=-0.016120
ALIGN ego[03] partner[01] R2=0.772430 NMSE=0.227570 shuffled_R2=-0.018016
ALIGN ego[03] partner[02] R2=0.784529 NMSE=0.215471 shuffled_R2=-0.017911
ALIGN ego[03] partner[03] R2=0.804669 NMSE=0.195331 shuffled_R2=-0.017158
ALIGN ego[03] partner[04] R2=0.827530 NMSE=0.172470 shuffled_R2=-0.015682
ALIGN ego[04] partner[00] R2=0.824150 NMSE=0.175850 shuffled_R2=-0.015578
ALIGN ego[04] partner[01] R2=0.815517 NMSE=0.184483 shuffled_R2=-0.016573
ALIGN ego[04] partner[02] R2=0.810853 NMSE=0.189147 shuffled_R2=-0.017944
ALIGN ego[04] partner[03] R2=0.763241 NMSE=0.236759 shuffled_R2=-0.021449
ALIGN ego[04] partner[04] R2=0.784112 NMSE=0.215888 shuffled_R2=-0.016844
Evaluating partner alignment group 2: method=pbt, prefix=checkpoints/eval_pools/pbt
LOADED: checkpoints/eval_pools/pbt/counter_circuit/baseline_seed_0_step_62.msgpack
LOADED: checkpoints/eval_pools/pbt/counter_circuit/baseline_seed_1_step_62.msgpack
LOADED: checkpoints/eval_pools/pbt/counter_circuit/baseline_seed_2_step_62.msgpack
LOADED: checkpoints/eval_pools/pbt/counter_circuit/baseline_seed_3_step_62.msgpack
LOADED: checkpoints/eval_pools/pbt/counter_circuit/baseline_seed_4_step_62.msgpack
Using alignment rollout scale: ALIGN_PAIR_BATCH_SIZE=2, ALIGN_EVAL_NUM_EPISODES=128, ALIGN_EVAL_NUM_STEPS=400
ALIGN ego[00] partner[00] R2=0.767330 NMSE=0.232670 shuffled_R2=-0.023542
ALIGN ego[00] partner[01] R2=0.810743 NMSE=0.189257 shuffled_R2=-0.015464
ALIGN ego[00] partner[02] R2=0.792518 NMSE=0.207482 shuffled_R2=-0.016097
ALIGN ego[00] partner[03] R2=0.781918 NMSE=0.218082 shuffled_R2=-0.017606
ALIGN ego[00] partner[04] R2=0.799954 NMSE=0.200046 shuffled_R2=-0.015282
ALIGN ego[01] partner[00] R2=0.746187 NMSE=0.253813 shuffled_R2=-0.017225
ALIGN ego[01] partner[01] R2=0.724132 NMSE=0.275868 shuffled_R2=-0.023273
ALIGN ego[01] partner[02] R2=0.540790 NMSE=0.459210 shuffled_R2=-0.025209
ALIGN ego[01] partner[03] R2=0.684784 NMSE=0.315216 shuffled_R2=-0.019963
ALIGN ego[01] partner[04] R2=0.716631 NMSE=0.283369 shuffled_R2=-0.019650
ALIGN ego[02] partner[00] R2=0.709057 NMSE=0.290943 shuffled_R2=-0.024101
ALIGN ego[02] partner[01] R2=0.795535 NMSE=0.204465 shuffled_R2=-0.015032
ALIGN ego[02] partner[02] R2=0.618622 NMSE=0.381378 shuffled_R2=-0.030417
ALIGN ego[02] partner[03] R2=0.780552 NMSE=0.219448 shuffled_R2=-0.021555
ALIGN ego[02] partner[04] R2=0.804776 NMSE=0.195224 shuffled_R2=-0.017169
ALIGN ego[03] partner[00] R2=0.759798 NMSE=0.240202 shuffled_R2=-0.016145
ALIGN ego[03] partner[01] R2=0.744397 NMSE=0.255603 shuffled_R2=-0.018842
ALIGN ego[03] partner[02] R2=0.734543 NMSE=0.265457 shuffled_R2=-0.016036
ALIGN ego[03] partner[03] R2=0.768066 NMSE=0.231934 shuffled_R2=-0.017595
ALIGN ego[03] partner[04] R2=0.776112 NMSE=0.223888 shuffled_R2=-0.016669
ALIGN ego[04] partner[00] R2=0.729388 NMSE=0.270612 shuffled_R2=-0.020017
ALIGN ego[04] partner[01] R2=0.753054 NMSE=0.246946 shuffled_R2=-0.015865
ALIGN ego[04] partner[02] R2=0.741446 NMSE=0.258554 shuffled_R2=-0.018106
ALIGN ego[04] partner[03] R2=0.727720 NMSE=0.272280 shuffled_R2=-0.016788
ALIGN ego[04] partner[04] R2=0.654549 NMSE=0.345451 shuffled_R2=-0.018099
Evaluating partner alignment group 3: method=sp, prefix=checkpoints/eval_pools/sp
LOADED: checkpoints/eval_pools/sp/counter_circuit/baseline_seed_0_step_380.msgpack
LOADED: checkpoints/eval_pools/sp/counter_circuit/baseline_seed_1_step_380.msgpack
LOADED: checkpoints/eval_pools/sp/counter_circuit/baseline_seed_2_step_380.msgpack
LOADED: checkpoints/eval_pools/sp/counter_circuit/baseline_seed_3_step_380.msgpack
LOADED: checkpoints/eval_pools/sp/counter_circuit/baseline_seed_4_step_380.msgpack
Using alignment rollout scale: ALIGN_PAIR_BATCH_SIZE=2, ALIGN_EVAL_NUM_EPISODES=128, ALIGN_EVAL_NUM_STEPS=400
ALIGN ego[00] partner[00] R2=0.860723 NMSE=0.139277 shuffled_R2=-0.015548
ALIGN ego[00] partner[01] R2=0.853762 NMSE=0.146238 shuffled_R2=-0.020251
ALIGN ego[00] partner[02] R2=0.842256 NMSE=0.157744 shuffled_R2=-0.015648
ALIGN ego[00] partner[03] R2=0.852045 NMSE=0.147955 shuffled_R2=-0.016118
ALIGN ego[00] partner[04] R2=0.840038 NMSE=0.159962 shuffled_R2=-0.013524
ALIGN ego[01] partner[00] R2=0.850208 NMSE=0.149792 shuffled_R2=-0.015792
ALIGN ego[01] partner[01] R2=0.888612 NMSE=0.111388 shuffled_R2=-0.019003
ALIGN ego[01] partner[02] R2=0.798649 NMSE=0.201351 shuffled_R2=-0.024961
ALIGN ego[01] partner[03] R2=0.803156 NMSE=0.196844 shuffled_R2=-0.015683
ALIGN ego[01] partner[04] R2=0.797609 NMSE=0.202391 shuffled_R2=-0.020069
ALIGN ego[02] partner[00] R2=0.840935 NMSE=0.159065 shuffled_R2=-0.022547
ALIGN ego[02] partner[01] R2=0.907010 NMSE=0.092990 shuffled_R2=-0.015710
ALIGN ego[02] partner[02] R2=0.834839 NMSE=0.165161 shuffled_R2=-0.016117
ALIGN ego[02] partner[03] R2=0.797766 NMSE=0.202234 shuffled_R2=-0.016734
ALIGN ego[02] partner[04] R2=0.825960 NMSE=0.174040 shuffled_R2=-0.015342
ALIGN ego[03] partner[00] R2=0.832381 NMSE=0.167619 shuffled_R2=-0.016970
ALIGN ego[03] partner[01] R2=0.843910 NMSE=0.156090 shuffled_R2=-0.017129
ALIGN ego[03] partner[02] R2=0.830655 NMSE=0.169345 shuffled_R2=-0.016747
ALIGN ego[03] partner[03] R2=0.792734 NMSE=0.207266 shuffled_R2=-0.015572
ALIGN ego[03] partner[04] R2=0.773061 NMSE=0.226939 shuffled_R2=-0.017243
ALIGN ego[04] partner[00] R2=0.862743 NMSE=0.137257 shuffled_R2=-0.017403
ALIGN ego[04] partner[01] R2=0.877055 NMSE=0.122945 shuffled_R2=-0.017318
ALIGN ego[04] partner[02] R2=0.831994 NMSE=0.168006 shuffled_R2=-0.018579
ALIGN ego[04] partner[03] R2=0.814579 NMSE=0.185421 shuffled_R2=-0.015341
ALIGN ego[04] partner[04] R2=0.816690 NMSE=0.183310 shuffled_R2=-0.022076
Average ego-to-partner alignment R2: 0.786209 +- 0.005831 SE over 100 ego-partner pairs
Average alignment normalized MSE: 0.213791 +- 0.005831 SE
Average shuffled-control alignment R2: -0.018717 +- 0.000418 SE
Saved alignment results to ad_hoc_teamplay_results/lmpredV2005_ad_hoc_teamplay/counter_circuit
Evaluating ad-hoc teamplay for ego_method=lmpredV2005, layout=coord_ring
ego_prefix=checkpoints/lmpredV2005/, partner_pool_specs=e3t:checkpoints/eval_pools/e3t;mep_br:checkpoints/eval_pools/mep_br;pbt:checkpoints/eval_pools/pbt;sp:checkpoints/eval_pools/sp, result_name=lmpredV2005_ad_hoc_teamplay, ego_perspective_transform=true
Importing submoduled environments...
Submoduled environments not found. Skipping import.
2026-07-05 16:11:39.987430: W external/xla/xla/service/gpu/autotuning/dot_search_space.cc:200] All configs were filtered out because none of them sufficiently match the hints. Maybe the hints set does not contain a good representative set of valid configs?Working around this by using the full hints set instead.
2026-07-05 16:11:41.041833: W external/xla/xla/service/gpu/autotuning/dot_search_space.cc:200] All configs were filtered out because none of them sufficiently match the hints. Maybe the hints set does not contain a good representative set of valid configs?Working around this by using the full hints set instead.
LOADED: checkpoints/lmpredV2005/coord_ring/baseline_seed_0_step_220.msgpack
LOADED: checkpoints/lmpredV2005/coord_ring/baseline_seed_1_step_220.msgpack
LOADED: checkpoints/lmpredV2005/coord_ring/baseline_seed_2_step_220.msgpack
LOADED: checkpoints/lmpredV2005/coord_ring/baseline_seed_3_step_220.msgpack
LOADED: checkpoints/lmpredV2005/coord_ring/baseline_seed_4_step_220.msgpack
Evaluating partner group 0: method=e3t, prefix=checkpoints/eval_pools/e3t
LOADED: checkpoints/eval_pools/e3t/coord_ring/baseline_seed_0_step_220.msgpack
LOADED: checkpoints/eval_pools/e3t/coord_ring/baseline_seed_1_step_220.msgpack
LOADED: checkpoints/eval_pools/e3t/coord_ring/baseline_seed_2_step_220.msgpack
LOADED: checkpoints/eval_pools/e3t/coord_ring/baseline_seed_3_step_220.msgpack
LOADED: checkpoints/eval_pools/e3t/coord_ring/baseline_seed_4_step_220.msgpack
Using XP rollout scale: XP_PAIR_BATCH_SIZE=32, EVAL_NUM_EPISODES=128, EVAL_NUM_STEPS=400
XP ego[00] partner[00] = 278.438
XP ego[00] partner[01] = 295.312
XP ego[00] partner[02] = 21.719
XP ego[00] partner[03] = 284.219
XP ego[00] partner[04] = 273.594
XP ego[01] partner[00] = 205.000
XP ego[01] partner[01] = 209.844
XP ego[01] partner[02] = 229.219
XP ego[01] partner[03] = 196.250
XP ego[01] partner[04] = 277.969
XP ego[02] partner[00] = 183.906
XP ego[02] partner[01] = 231.719
XP ego[02] partner[02] = 7.188
XP ego[02] partner[03] = 242.969
XP ego[02] partner[04] = 257.344
XP ego[03] partner[00] = 253.906
XP ego[03] partner[01] = 279.844
XP ego[03] partner[02] = 17.344
XP ego[03] partner[03] = 222.188
XP ego[03] partner[04] = 272.344
XP ego[04] partner[00] = 251.562
XP ego[04] partner[01] = 282.500
XP ego[04] partner[02] = 15.156
XP ego[04] partner[03] = 295.000
XP ego[04] partner[04] = 289.219
Evaluating partner group 1: method=mep_br, prefix=checkpoints/eval_pools/mep_br
LOADED: checkpoints/eval_pools/mep_br/coord_ring/baseline_seed_0_step_220.msgpack
LOADED: checkpoints/eval_pools/mep_br/coord_ring/baseline_seed_1_step_220.msgpack
LOADED: checkpoints/eval_pools/mep_br/coord_ring/baseline_seed_2_step_220.msgpack
LOADED: checkpoints/eval_pools/mep_br/coord_ring/baseline_seed_3_step_220.msgpack
LOADED: checkpoints/eval_pools/mep_br/coord_ring/baseline_seed_4_step_220.msgpack
Using XP rollout scale: XP_PAIR_BATCH_SIZE=32, EVAL_NUM_EPISODES=128, EVAL_NUM_STEPS=400
XP ego[00] partner[00] = 258.906
XP ego[00] partner[01] = 289.375
XP ego[00] partner[02] = 281.250
XP ego[00] partner[03] = 238.750
XP ego[00] partner[04] = 248.906
XP ego[01] partner[00] = 262.969
XP ego[01] partner[01] = 254.688
XP ego[01] partner[02] = 260.625
XP ego[01] partner[03] = 190.781
XP ego[01] partner[04] = 260.000
XP ego[02] partner[00] = 243.281
XP ego[02] partner[01] = 267.969
XP ego[02] partner[02] = 264.844
XP ego[02] partner[03] = 184.375
XP ego[02] partner[04] = 222.188
XP ego[03] partner[00] = 245.469
XP ego[03] partner[01] = 262.812
XP ego[03] partner[02] = 260.781
XP ego[03] partner[03] = 194.219
XP ego[03] partner[04] = 289.688
XP ego[04] partner[00] = 268.906
XP ego[04] partner[01] = 276.719
XP ego[04] partner[02] = 279.062
XP ego[04] partner[03] = 206.406
XP ego[04] partner[04] = 215.469
Evaluating partner group 2: method=pbt, prefix=checkpoints/eval_pools/pbt
LOADED: checkpoints/eval_pools/pbt/coord_ring/baseline_seed_0_step_62.msgpack
LOADED: checkpoints/eval_pools/pbt/coord_ring/baseline_seed_1_step_62.msgpack
LOADED: checkpoints/eval_pools/pbt/coord_ring/baseline_seed_2_step_62.msgpack
LOADED: checkpoints/eval_pools/pbt/coord_ring/baseline_seed_3_step_62.msgpack
LOADED: checkpoints/eval_pools/pbt/coord_ring/baseline_seed_4_step_62.msgpack
Using XP rollout scale: XP_PAIR_BATCH_SIZE=32, EVAL_NUM_EPISODES=128, EVAL_NUM_STEPS=400
XP ego[00] partner[00] = 295.469
XP ego[00] partner[01] = 259.375
XP ego[00] partner[02] = 279.531
XP ego[00] partner[03] = 268.906
XP ego[00] partner[04] = 295.000
XP ego[01] partner[00] = 249.688
XP ego[01] partner[01] = 252.969
XP ego[01] partner[02] = 258.750
XP ego[01] partner[03] = 208.281
XP ego[01] partner[04] = 252.969
XP ego[02] partner[00] = 276.562
XP ego[02] partner[01] = 256.406
XP ego[02] partner[02] = 262.969
XP ego[02] partner[03] = 239.688
XP ego[02] partner[04] = 264.531
XP ego[03] partner[00] = 293.281
XP ego[03] partner[01] = 254.219
XP ego[03] partner[02] = 261.562
XP ego[03] partner[03] = 253.125
XP ego[03] partner[04] = 290.625
XP ego[04] partner[00] = 290.781
XP ego[04] partner[01] = 273.750
XP ego[04] partner[02] = 283.125
XP ego[04] partner[03] = 264.375
XP ego[04] partner[04] = 289.219
Evaluating partner group 3: method=sp, prefix=checkpoints/eval_pools/sp
LOADED: checkpoints/eval_pools/sp/coord_ring/baseline_seed_0_step_220.msgpack
LOADED: checkpoints/eval_pools/sp/coord_ring/baseline_seed_1_step_220.msgpack
LOADED: checkpoints/eval_pools/sp/coord_ring/baseline_seed_2_step_220.msgpack
LOADED: checkpoints/eval_pools/sp/coord_ring/baseline_seed_3_step_220.msgpack
LOADED: checkpoints/eval_pools/sp/coord_ring/baseline_seed_4_step_220.msgpack
Using XP rollout scale: XP_PAIR_BATCH_SIZE=32, EVAL_NUM_EPISODES=128, EVAL_NUM_STEPS=400
XP ego[00] partner[00] = 296.406
XP ego[00] partner[01] = 291.562
XP ego[00] partner[02] = 247.969
XP ego[00] partner[03] = 275.938
XP ego[00] partner[04] = 292.344
XP ego[01] partner[00] = 257.500
XP ego[01] partner[01] = 197.500
XP ego[01] partner[02] = 184.062
XP ego[01] partner[03] = 218.594
XP ego[01] partner[04] = 150.000
XP ego[02] partner[00] = 258.906
XP ego[02] partner[01] = 253.438
XP ego[02] partner[02] = 253.438
XP ego[02] partner[03] = 221.250
XP ego[02] partner[04] = 270.625
XP ego[03] partner[00] = 290.312
XP ego[03] partner[01] = 275.938
XP ego[03] partner[02] = 293.906
XP ego[03] partner[03] = 283.906
XP ego[03] partner[04] = 275.312
XP ego[04] partner[00] = 289.688
XP ego[04] partner[01] = 263.750
XP ego[04] partner[02] = 252.500
XP ego[04] partner[03] = 244.531
XP ego[04] partner[04] = 257.812
Average ego-vs-partner performance: 246.745 +- 5.654 SE over 100 ordered pairs
Average diagonal performance: 201.375 +- 50.926 SE over 5 pairs
Average off-diagonal performance (only for square pools): nan +- nan SE over 0 ordered pairs
Saved ad-hoc teamplay results to ad_hoc_teamplay_results/lmpredV2005_ad_hoc_teamplay/coord_ring
Saved ad-hoc teamplay heatmap to ad_hoc_teamplay_results/lmpredV2005_ad_hoc_teamplay/coord_ring/xp_matrix.png
Evaluating partner alignment group 0: method=e3t, prefix=checkpoints/eval_pools/e3t
LOADED: checkpoints/eval_pools/e3t/coord_ring/baseline_seed_0_step_220.msgpack
LOADED: checkpoints/eval_pools/e3t/coord_ring/baseline_seed_1_step_220.msgpack
LOADED: checkpoints/eval_pools/e3t/coord_ring/baseline_seed_2_step_220.msgpack
LOADED: checkpoints/eval_pools/e3t/coord_ring/baseline_seed_3_step_220.msgpack
LOADED: checkpoints/eval_pools/e3t/coord_ring/baseline_seed_4_step_220.msgpack
Using alignment rollout scale: ALIGN_PAIR_BATCH_SIZE=2, ALIGN_EVAL_NUM_EPISODES=128, ALIGN_EVAL_NUM_STEPS=400
ALIGN ego[00] partner[00] R2=0.823946 NMSE=0.176054 shuffled_R2=-0.020274
ALIGN ego[00] partner[01] R2=0.851169 NMSE=0.148831 shuffled_R2=-0.017221
ALIGN ego[00] partner[02] R2=0.808301 NMSE=0.191699 shuffled_R2=-0.074360
ALIGN ego[00] partner[03] R2=0.878043 NMSE=0.121957 shuffled_R2=-0.015365
ALIGN ego[00] partner[04] R2=0.870689 NMSE=0.129311 shuffled_R2=-0.013360
ALIGN ego[01] partner[00] R2=0.934198 NMSE=0.065802 shuffled_R2=-0.018062
ALIGN ego[01] partner[01] R2=0.883769 NMSE=0.116231 shuffled_R2=-0.016844
ALIGN ego[01] partner[02] R2=0.939686 NMSE=0.060314 shuffled_R2=-0.022328
ALIGN ego[01] partner[03] R2=0.872039 NMSE=0.127961 shuffled_R2=-0.022957
ALIGN ego[01] partner[04] R2=0.818235 NMSE=0.181765 shuffled_R2=-0.024857
ALIGN ego[02] partner[00] R2=0.906553 NMSE=0.093447 shuffled_R2=-0.015945
ALIGN ego[02] partner[01] R2=0.875437 NMSE=0.124563 shuffled_R2=-0.015444
ALIGN ego[02] partner[02] R2=0.930167 NMSE=0.069833 shuffled_R2=-0.021936
ALIGN ego[02] partner[03] R2=0.901277 NMSE=0.098723 shuffled_R2=-0.013835
ALIGN ego[02] partner[04] R2=0.799584 NMSE=0.200416 shuffled_R2=-0.021191
ALIGN ego[03] partner[00] R2=0.885029 NMSE=0.114971 shuffled_R2=-0.019330
ALIGN ego[03] partner[01] R2=0.854667 NMSE=0.145333 shuffled_R2=-0.015042
ALIGN ego[03] partner[02] R2=0.833097 NMSE=0.166903 shuffled_R2=-0.085927
ALIGN ego[03] partner[03] R2=0.898441 NMSE=0.101559 shuffled_R2=-0.018331
ALIGN ego[03] partner[04] R2=0.869348 NMSE=0.130652 shuffled_R2=-0.015417
ALIGN ego[04] partner[00] R2=0.892756 NMSE=0.107244 shuffled_R2=-0.021238
ALIGN ego[04] partner[01] R2=0.889154 NMSE=0.110846 shuffled_R2=-0.016417
ALIGN ego[04] partner[02] R2=0.965880 NMSE=0.034120 shuffled_R2=-0.015761
ALIGN ego[04] partner[03] R2=0.924704 NMSE=0.075296 shuffled_R2=-0.014870
ALIGN ego[04] partner[04] R2=0.870021 NMSE=0.129979 shuffled_R2=-0.014735
Evaluating partner alignment group 1: method=mep_br, prefix=checkpoints/eval_pools/mep_br
LOADED: checkpoints/eval_pools/mep_br/coord_ring/baseline_seed_0_step_220.msgpack
LOADED: checkpoints/eval_pools/mep_br/coord_ring/baseline_seed_1_step_220.msgpack
LOADED: checkpoints/eval_pools/mep_br/coord_ring/baseline_seed_2_step_220.msgpack
LOADED: checkpoints/eval_pools/mep_br/coord_ring/baseline_seed_3_step_220.msgpack
LOADED: checkpoints/eval_pools/mep_br/coord_ring/baseline_seed_4_step_220.msgpack
Using alignment rollout scale: ALIGN_PAIR_BATCH_SIZE=2, ALIGN_EVAL_NUM_EPISODES=128, ALIGN_EVAL_NUM_STEPS=400
ALIGN ego[00] partner[00] R2=0.881778 NMSE=0.118222 shuffled_R2=-0.016025
ALIGN ego[00] partner[01] R2=0.902294 NMSE=0.097706 shuffled_R2=-0.017816
ALIGN ego[00] partner[02] R2=0.848843 NMSE=0.151157 shuffled_R2=-0.023340
ALIGN ego[00] partner[03] R2=0.942950 NMSE=0.057050 shuffled_R2=-0.014501
ALIGN ego[00] partner[04] R2=0.871166 NMSE=0.128834 shuffled_R2=-0.033510
ALIGN ego[01] partner[00] R2=0.851879 NMSE=0.148121 shuffled_R2=-0.020430
ALIGN ego[01] partner[01] R2=0.860497 NMSE=0.139503 shuffled_R2=-0.015792
ALIGN ego[01] partner[02] R2=0.872661 NMSE=0.127339 shuffled_R2=-0.014960
ALIGN ego[01] partner[03] R2=0.913707 NMSE=0.086293 shuffled_R2=-0.015782
ALIGN ego[01] partner[04] R2=0.826822 NMSE=0.173178 shuffled_R2=-0.023129
ALIGN ego[02] partner[00] R2=0.699615 NMSE=0.300385 shuffled_R2=-0.041120
ALIGN ego[02] partner[01] R2=0.887502 NMSE=0.112498 shuffled_R2=-0.016724
ALIGN ego[02] partner[02] R2=0.878336 NMSE=0.121664 shuffled_R2=-0.015395
ALIGN ego[02] partner[03] R2=0.797148 NMSE=0.202852 shuffled_R2=-0.028385
ALIGN ego[02] partner[04] R2=0.877457 NMSE=0.122543 shuffled_R2=-0.020490
ALIGN ego[03] partner[00] R2=0.915896 NMSE=0.084104 shuffled_R2=-0.015454
ALIGN ego[03] partner[01] R2=0.871797 NMSE=0.128203 shuffled_R2=-0.016683
ALIGN ego[03] partner[02] R2=0.875411 NMSE=0.124589 shuffled_R2=-0.015936
ALIGN ego[03] partner[03] R2=0.931129 NMSE=0.068871 shuffled_R2=-0.017352
ALIGN ego[03] partner[04] R2=0.894686 NMSE=0.105314 shuffled_R2=-0.015164
ALIGN ego[04] partner[00] R2=0.902523 NMSE=0.097477 shuffled_R2=-0.019057
ALIGN ego[04] partner[01] R2=0.913948 NMSE=0.086052 shuffled_R2=-0.016423
ALIGN ego[04] partner[02] R2=0.902183 NMSE=0.097817 shuffled_R2=-0.015929
ALIGN ego[04] partner[03] R2=0.949362 NMSE=0.050638 shuffled_R2=-0.013562
ALIGN ego[04] partner[04] R2=0.913077 NMSE=0.086923 shuffled_R2=-0.019929
Evaluating partner alignment group 2: method=pbt, prefix=checkpoints/eval_pools/pbt
LOADED: checkpoints/eval_pools/pbt/coord_ring/baseline_seed_0_step_62.msgpack
LOADED: checkpoints/eval_pools/pbt/coord_ring/baseline_seed_1_step_62.msgpack
LOADED: checkpoints/eval_pools/pbt/coord_ring/baseline_seed_2_step_62.msgpack
LOADED: checkpoints/eval_pools/pbt/coord_ring/baseline_seed_3_step_62.msgpack
LOADED: checkpoints/eval_pools/pbt/coord_ring/baseline_seed_4_step_62.msgpack
Using alignment rollout scale: ALIGN_PAIR_BATCH_SIZE=2, ALIGN_EVAL_NUM_EPISODES=128, ALIGN_EVAL_NUM_STEPS=400
ALIGN ego[00] partner[00] R2=0.794378 NMSE=0.205622 shuffled_R2=-0.014332
ALIGN ego[00] partner[01] R2=0.820521 NMSE=0.179479 shuffled_R2=-0.016003
ALIGN ego[00] partner[02] R2=0.763041 NMSE=0.236959 shuffled_R2=-0.024235
ALIGN ego[00] partner[03] R2=0.810601 NMSE=0.189399 shuffled_R2=-0.015818
ALIGN ego[00] partner[04] R2=0.723633 NMSE=0.276367 shuffled_R2=-0.023589
ALIGN ego[01] partner[00] R2=0.776700 NMSE=0.223300 shuffled_R2=-0.016389
ALIGN ego[01] partner[01] R2=0.745832 NMSE=0.254168 shuffled_R2=-0.020133
ALIGN ego[01] partner[02] R2=0.653307 NMSE=0.346693 shuffled_R2=-0.048656
ALIGN ego[01] partner[03] R2=0.646213 NMSE=0.353787 shuffled_R2=-0.033173
ALIGN ego[01] partner[04] R2=0.803468 NMSE=0.196532 shuffled_R2=-0.014002
ALIGN ego[02] partner[00] R2=0.772969 NMSE=0.227031 shuffled_R2=-0.018248
ALIGN ego[02] partner[01] R2=0.778912 NMSE=0.221088 shuffled_R2=-0.015286
ALIGN ego[02] partner[02] R2=0.716826 NMSE=0.283174 shuffled_R2=-0.022218
ALIGN ego[02] partner[03] R2=0.773397 NMSE=0.226603 shuffled_R2=-0.015570
ALIGN ego[02] partner[04] R2=0.738747 NMSE=0.261253 shuffled_R2=-0.019998
ALIGN ego[03] partner[00] R2=0.671336 NMSE=0.328664 shuffled_R2=-0.035036
ALIGN ego[03] partner[01] R2=0.854635 NMSE=0.145365 shuffled_R2=-0.015830
ALIGN ego[03] partner[02] R2=0.856461 NMSE=0.143539 shuffled_R2=-0.014390
ALIGN ego[03] partner[03] R2=0.728365 NMSE=0.271635 shuffled_R2=-0.023631
ALIGN ego[03] partner[04] R2=0.768077 NMSE=0.231923 shuffled_R2=-0.019085
ALIGN ego[04] partner[00] R2=0.879112 NMSE=0.120888 shuffled_R2=-0.013085
ALIGN ego[04] partner[01] R2=0.856022 NMSE=0.143978 shuffled_R2=-0.013964
ALIGN ego[04] partner[02] R2=0.797943 NMSE=0.202057 shuffled_R2=-0.016729
ALIGN ego[04] partner[03] R2=0.843369 NMSE=0.156631 shuffled_R2=-0.015752
ALIGN ego[04] partner[04] R2=0.817212 NMSE=0.182788 shuffled_R2=-0.014582
Evaluating partner alignment group 3: method=sp, prefix=checkpoints/eval_pools/sp
LOADED: checkpoints/eval_pools/sp/coord_ring/baseline_seed_0_step_220.msgpack
LOADED: checkpoints/eval_pools/sp/coord_ring/baseline_seed_1_step_220.msgpack
LOADED: checkpoints/eval_pools/sp/coord_ring/baseline_seed_2_step_220.msgpack
LOADED: checkpoints/eval_pools/sp/coord_ring/baseline_seed_3_step_220.msgpack
LOADED: checkpoints/eval_pools/sp/coord_ring/baseline_seed_4_step_220.msgpack
Using alignment rollout scale: ALIGN_PAIR_BATCH_SIZE=2, ALIGN_EVAL_NUM_EPISODES=128, ALIGN_EVAL_NUM_STEPS=400
ALIGN ego[00] partner[00] R2=0.744602 NMSE=0.255398 shuffled_R2=-0.035109
ALIGN ego[00] partner[01] R2=0.877531 NMSE=0.122469 shuffled_R2=-0.017962
ALIGN ego[00] partner[02] R2=0.838427 NMSE=0.161573 shuffled_R2=-0.029586
ALIGN ego[00] partner[03] R2=0.928260 NMSE=0.071740 shuffled_R2=-0.013947
ALIGN ego[00] partner[04] R2=0.822813 NMSE=0.177187 shuffled_R2=-0.028276
ALIGN ego[01] partner[00] R2=0.846100 NMSE=0.153900 shuffled_R2=-0.015814
ALIGN ego[01] partner[01] R2=0.866506 NMSE=0.133494 shuffled_R2=-0.014467
ALIGN ego[01] partner[02] R2=0.853238 NMSE=0.146762 shuffled_R2=-0.017831
ALIGN ego[01] partner[03] R2=0.913946 NMSE=0.086054 shuffled_R2=-0.018771
ALIGN ego[01] partner[04] R2=0.934892 NMSE=0.065108 shuffled_R2=-0.014360
ALIGN ego[02] partner[00] R2=0.852498 NMSE=0.147502 shuffled_R2=-0.016613
ALIGN ego[02] partner[01] R2=0.882072 NMSE=0.117928 shuffled_R2=-0.020394
ALIGN ego[02] partner[02] R2=0.903081 NMSE=0.096919 shuffled_R2=-0.013809
ALIGN ego[02] partner[03] R2=0.902703 NMSE=0.097297 shuffled_R2=-0.018116
ALIGN ego[02] partner[04] R2=0.919382 NMSE=0.080618 shuffled_R2=-0.014137
ALIGN ego[03] partner[00] R2=0.885246 NMSE=0.114754 shuffled_R2=-0.017122
ALIGN ego[03] partner[01] R2=0.910615 NMSE=0.089385 shuffled_R2=-0.016438
ALIGN ego[03] partner[02] R2=0.893144 NMSE=0.106856 shuffled_R2=-0.019020
ALIGN ego[03] partner[03] R2=0.909226 NMSE=0.090774 shuffled_R2=-0.017076
ALIGN ego[03] partner[04] R2=0.928322 NMSE=0.071678 shuffled_R2=-0.014075
ALIGN ego[04] partner[00] R2=0.889850 NMSE=0.110150 shuffled_R2=-0.016935
ALIGN ego[04] partner[01] R2=0.910751 NMSE=0.089249 shuffled_R2=-0.015355
ALIGN ego[04] partner[02] R2=0.815682 NMSE=0.184318 shuffled_R2=-0.022950
ALIGN ego[04] partner[03] R2=0.911318 NMSE=0.088682 shuffled_R2=-0.015412
ALIGN ego[04] partner[04] R2=0.929041 NMSE=0.070959 shuffled_R2=-0.016122
Average ego-to-partner alignment R2: 0.854192 +- 0.006769 SE over 100 ego-partner pairs
Average alignment normalized MSE: 0.145808 +- 0.006769 SE
Average shuffled-control alignment R2: -0.020134 +- 0.001055 SE
Saved alignment results to ad_hoc_teamplay_results/lmpredV2005_ad_hoc_teamplay/coord_ring
Evaluating ad-hoc teamplay for ego_method=lmpredV2005, layout=asymm_advantages
ego_prefix=checkpoints/lmpredV2005/, partner_pool_specs=e3t:checkpoints/eval_pools/e3t;mep_br:checkpoints/eval_pools/mep_br;pbt:checkpoints/eval_pools/pbt;sp:checkpoints/eval_pools/sp, result_name=lmpredV2005_ad_hoc_teamplay, ego_perspective_transform=true
Cannot find primary config 'asymm_advantages'. Check that it's in your config search path.

Config search path:
	provider=hydra, path=pkg://hydra.conf
	provider=main, path=file:///net/scratch/n70579mp/tom/JaxMARL/baselines/overcookedv2/config/oc_extended/mep_br
	provider=schema, path=structured://

Set the environment variable HYDRA_FULL_ERROR=1 for a complete stack trace.
Importing submoduled environments...
Submoduled environments not found. Skipping import.
Evaluating ad-hoc teamplay for ego_method=lmpredV2005, layout=forced_coord
ego_prefix=checkpoints/lmpredV2005/, partner_pool_specs=e3t:checkpoints/eval_pools/e3t;mep_br:checkpoints/eval_pools/mep_br;pbt:checkpoints/eval_pools/pbt;sp:checkpoints/eval_pools/sp, result_name=lmpredV2005_ad_hoc_teamplay, ego_perspective_transform=true
Cannot find primary config 'forced_coord'. Check that it's in your config search path.

Config search path:
	provider=hydra, path=pkg://hydra.conf
	provider=main, path=file:///net/scratch/n70579mp/tom/JaxMARL/baselines/overcookedv2/config/oc_extended/mep_br
	provider=schema, path=structured://

Set the environment variable HYDRA_FULL_ERROR=1 for a complete stack trace.
Importing submoduled environments...
Submoduled environments not found. Skipping import.
Evaluating ad-hoc teamplay for ego_method=lmpredV2005_ablate, layout=cramped_room5x5
ego_prefix=checkpoints/lmpredV2005_ablate/, partner_pool_specs=e3t:checkpoints/eval_pools/e3t;mep_br:checkpoints/eval_pools/mep_br;pbt:checkpoints/eval_pools/pbt;sp:checkpoints/eval_pools/sp, result_name=lmpredV2005_ablate_ad_hoc_teamplay, ego_perspective_transform=false
Importing submoduled environments...
Submoduled environments not found. Skipping import.
2026-07-05 16:16:11.880258: W external/xla/xla/service/gpu/autotuning/dot_search_space.cc:200] All configs were filtered out because none of them sufficiently match the hints. Maybe the hints set does not contain a good representative set of valid configs?Working around this by using the full hints set instead.
2026-07-05 16:16:12.880607: W external/xla/xla/service/gpu/autotuning/dot_search_space.cc:200] All configs were filtered out because none of them sufficiently match the hints. Maybe the hints set does not contain a good representative set of valid configs?Working around this by using the full hints set instead.
LOADED: checkpoints/lmpredV2005_ablate/cramped_room5x5/baseline_seed_0_step_220.msgpack
LOADED: checkpoints/lmpredV2005_ablate/cramped_room5x5/baseline_seed_1_step_220.msgpack
LOADED: checkpoints/lmpredV2005_ablate/cramped_room5x5/baseline_seed_2_step_220.msgpack
LOADED: checkpoints/lmpredV2005_ablate/cramped_room5x5/baseline_seed_3_step_220.msgpack
LOADED: checkpoints/lmpredV2005_ablate/cramped_room5x5/baseline_seed_4_step_220.msgpack
Evaluating partner group 0: method=e3t, prefix=checkpoints/eval_pools/e3t
LOADED: checkpoints/eval_pools/e3t/cramped_room5x5/baseline_seed_0_step_220.msgpack
LOADED: checkpoints/eval_pools/e3t/cramped_room5x5/baseline_seed_1_step_220.msgpack
LOADED: checkpoints/eval_pools/e3t/cramped_room5x5/baseline_seed_2_step_220.msgpack
LOADED: checkpoints/eval_pools/e3t/cramped_room5x5/baseline_seed_3_step_220.msgpack
LOADED: checkpoints/eval_pools/e3t/cramped_room5x5/baseline_seed_4_step_220.msgpack
Using XP rollout scale: XP_PAIR_BATCH_SIZE=32, EVAL_NUM_EPISODES=128, EVAL_NUM_STEPS=400
XP ego[00] partner[00] = 220.156
XP ego[00] partner[01] = 209.844
XP ego[00] partner[02] = 192.969
XP ego[00] partner[03] = 210.156
XP ego[00] partner[04] = 152.344
XP ego[01] partner[00] = 190.469
XP ego[01] partner[01] = 210.312
XP ego[01] partner[02] = 248.281
XP ego[01] partner[03] = 233.594
XP ego[01] partner[04] = 201.406
XP ego[02] partner[00] = 219.062
XP ego[02] partner[01] = 238.594
XP ego[02] partner[02] = 248.438
XP ego[02] partner[03] = 231.562
XP ego[02] partner[04] = 160.938
XP ego[03] partner[00] = 218.906
XP ego[03] partner[01] = 232.188
XP ego[03] partner[02] = 215.781
XP ego[03] partner[03] = 235.781
XP ego[03] partner[04] = 217.812
XP ego[04] partner[00] = 204.844
XP ego[04] partner[01] = 207.031
XP ego[04] partner[02] = 237.188
XP ego[04] partner[03] = 233.125
XP ego[04] partner[04] = 232.188
Evaluating partner group 1: method=mep_br, prefix=checkpoints/eval_pools/mep_br
LOADED: checkpoints/eval_pools/mep_br/cramped_room5x5/baseline_seed_0_step_220.msgpack
LOADED: checkpoints/eval_pools/mep_br/cramped_room5x5/baseline_seed_1_step_220.msgpack
LOADED: checkpoints/eval_pools/mep_br/cramped_room5x5/baseline_seed_2_step_220.msgpack
LOADED: checkpoints/eval_pools/mep_br/cramped_room5x5/baseline_seed_3_step_220.msgpack
LOADED: checkpoints/eval_pools/mep_br/cramped_room5x5/baseline_seed_4_step_220.msgpack
Using XP rollout scale: XP_PAIR_BATCH_SIZE=32, EVAL_NUM_EPISODES=128, EVAL_NUM_STEPS=400
XP ego[00] partner[00] = 157.500
XP ego[00] partner[01] = 167.656
XP ego[00] partner[02] = 222.656
XP ego[00] partner[03] = 219.531
XP ego[00] partner[04] = 209.062
XP ego[01] partner[00] = 226.875
XP ego[01] partner[01] = 224.531
XP ego[01] partner[02] = 162.344
XP ego[01] partner[03] = 229.531
XP ego[01] partner[04] = 208.281
XP ego[02] partner[00] = 215.625
XP ego[02] partner[01] = 230.000
XP ego[02] partner[02] = 218.750
XP ego[02] partner[03] = 228.594
XP ego[02] partner[04] = 219.844
XP ego[03] partner[00] = 69.844
XP ego[03] partner[01] = 220.781
XP ego[03] partner[02] = 110.781
XP ego[03] partner[03] = 183.438
XP ego[03] partner[04] = 211.719
XP ego[04] partner[00] = 166.406
XP ego[04] partner[01] = 223.281
XP ego[04] partner[02] = 205.938
XP ego[04] partner[03] = 230.000
XP ego[04] partner[04] = 164.219
Evaluating partner group 2: method=pbt, prefix=checkpoints/eval_pools/pbt
LOADED: checkpoints/eval_pools/pbt/cramped_room5x5/baseline_seed_0_step_62.msgpack
LOADED: checkpoints/eval_pools/pbt/cramped_room5x5/baseline_seed_1_step_62.msgpack
LOADED: checkpoints/eval_pools/pbt/cramped_room5x5/baseline_seed_2_step_62.msgpack
LOADED: checkpoints/eval_pools/pbt/cramped_room5x5/baseline_seed_3_step_62.msgpack
LOADED: checkpoints/eval_pools/pbt/cramped_room5x5/baseline_seed_4_step_62.msgpack
Using XP rollout scale: XP_PAIR_BATCH_SIZE=32, EVAL_NUM_EPISODES=128, EVAL_NUM_STEPS=400
XP ego[00] partner[00] = 57.344
XP ego[00] partner[01] = 64.375
XP ego[00] partner[02] = 52.656
XP ego[00] partner[03] = 65.000
XP ego[00] partner[04] = 68.281
XP ego[01] partner[00] = 176.562
XP ego[01] partner[01] = 174.219
XP ego[01] partner[02] = 124.219
XP ego[01] partner[03] = 194.531
XP ego[01] partner[04] = 168.281
XP ego[02] partner[00] = 230.625
XP ego[02] partner[01] = 220.469
XP ego[02] partner[02] = 226.875
XP ego[02] partner[03] = 226.875
XP ego[02] partner[04] = 225.938
XP ego[03] partner[00] = 158.594
XP ego[03] partner[01] = 162.656
XP ego[03] partner[02] = 167.969
XP ego[03] partner[03] = 159.688
XP ego[03] partner[04] = 153.594
XP ego[04] partner[00] = 51.094
XP ego[04] partner[01] = 59.844
XP ego[04] partner[02] = 48.281
XP ego[04] partner[03] = 62.969
XP ego[04] partner[04] = 58.750
Evaluating partner group 3: method=sp, prefix=checkpoints/eval_pools/sp
LOADED: checkpoints/eval_pools/sp/cramped_room5x5/baseline_seed_0_step_220.msgpack
LOADED: checkpoints/eval_pools/sp/cramped_room5x5/baseline_seed_1_step_220.msgpack
LOADED: checkpoints/eval_pools/sp/cramped_room5x5/baseline_seed_2_step_220.msgpack
LOADED: checkpoints/eval_pools/sp/cramped_room5x5/baseline_seed_3_step_220.msgpack
LOADED: checkpoints/eval_pools/sp/cramped_room5x5/baseline_seed_4_step_220.msgpack
Using XP rollout scale: XP_PAIR_BATCH_SIZE=32, EVAL_NUM_EPISODES=128, EVAL_NUM_STEPS=400
XP ego[00] partner[00] = 178.906
XP ego[00] partner[01] = 162.969
XP ego[00] partner[02] = 213.438
XP ego[00] partner[03] = 223.438
XP ego[00] partner[04] = 172.344
XP ego[01] partner[00] = 217.344
XP ego[01] partner[01] = 161.719
XP ego[01] partner[02] = 206.719
XP ego[01] partner[03] = 184.062
XP ego[01] partner[04] = 183.594
XP ego[02] partner[00] = 218.594
XP ego[02] partner[01] = 58.281
XP ego[02] partner[02] = 208.750
XP ego[02] partner[03] = 224.062
XP ego[02] partner[04] = 190.938
XP ego[03] partner[00] = 211.250
XP ego[03] partner[01] = 182.656
XP ego[03] partner[02] = 172.500
XP ego[03] partner[03] = 185.469
XP ego[03] partner[04] = 190.625
XP ego[04] partner[00] = 212.344
XP ego[04] partner[01] = 201.250
XP ego[04] partner[02] = 217.031
XP ego[04] partner[03] = 241.250
XP ego[04] partner[04] = 229.062
Average ego-vs-partner performance: 185.384 +- 5.402 SE over 100 ordered pairs
Average diagonal performance: 229.375 +- 6.560 SE over 5 pairs
Average off-diagonal performance (only for square pools): nan +- nan SE over 0 ordered pairs
Saved ad-hoc teamplay results to ad_hoc_teamplay_results/lmpredV2005_ablate_ad_hoc_teamplay/cramped_room5x5
Saved ad-hoc teamplay heatmap to ad_hoc_teamplay_results/lmpredV2005_ablate_ad_hoc_teamplay/cramped_room5x5/xp_matrix.png
Evaluating partner alignment group 0: method=e3t, prefix=checkpoints/eval_pools/e3t
LOADED: checkpoints/eval_pools/e3t/cramped_room5x5/baseline_seed_0_step_220.msgpack
LOADED: checkpoints/eval_pools/e3t/cramped_room5x5/baseline_seed_1_step_220.msgpack
LOADED: checkpoints/eval_pools/e3t/cramped_room5x5/baseline_seed_2_step_220.msgpack
LOADED: checkpoints/eval_pools/e3t/cramped_room5x5/baseline_seed_3_step_220.msgpack
LOADED: checkpoints/eval_pools/e3t/cramped_room5x5/baseline_seed_4_step_220.msgpack
Using alignment rollout scale: ALIGN_PAIR_BATCH_SIZE=2, ALIGN_EVAL_NUM_EPISODES=128, ALIGN_EVAL_NUM_STEPS=400
ALIGN ego[00] partner[00] R2=0.926209 NMSE=0.073791 shuffled_R2=-0.018493
ALIGN ego[00] partner[01] R2=0.841026 NMSE=0.158974 shuffled_R2=-0.045337
ALIGN ego[00] partner[02] R2=0.879225 NMSE=0.120775 shuffled_R2=-0.053521
ALIGN ego[00] partner[03] R2=0.929814 NMSE=0.070186 shuffled_R2=-0.017170
ALIGN ego[00] partner[04] R2=0.933876 NMSE=0.066124 shuffled_R2=-0.021088
ALIGN ego[01] partner[00] R2=0.878451 NMSE=0.121549 shuffled_R2=-0.023124
ALIGN ego[01] partner[01] R2=0.945285 NMSE=0.054715 shuffled_R2=-0.017961
ALIGN ego[01] partner[02] R2=0.946652 NMSE=0.053348 shuffled_R2=-0.018436
ALIGN ego[01] partner[03] R2=0.923776 NMSE=0.076224 shuffled_R2=-0.020514
ALIGN ego[01] partner[04] R2=0.926682 NMSE=0.073318 shuffled_R2=-0.030119
ALIGN ego[02] partner[00] R2=0.907557 NMSE=0.092443 shuffled_R2=-0.028925
ALIGN ego[02] partner[01] R2=0.942485 NMSE=0.057515 shuffled_R2=-0.018688
ALIGN ego[02] partner[02] R2=0.952762 NMSE=0.047238 shuffled_R2=-0.017668
ALIGN ego[02] partner[03] R2=0.880433 NMSE=0.119567 shuffled_R2=-0.041511
ALIGN ego[02] partner[04] R2=0.948951 NMSE=0.051049 shuffled_R2=-0.022432
ALIGN ego[03] partner[00] R2=0.944053 NMSE=0.055947 shuffled_R2=-0.015454
ALIGN ego[03] partner[01] R2=0.963414 NMSE=0.036586 shuffled_R2=-0.018317
ALIGN ego[03] partner[02] R2=0.937644 NMSE=0.062356 shuffled_R2=-0.015880
ALIGN ego[03] partner[03] R2=0.944995 NMSE=0.055005 shuffled_R2=-0.015716
ALIGN ego[03] partner[04] R2=0.952122 NMSE=0.047878 shuffled_R2=-0.022426
ALIGN ego[04] partner[00] R2=0.951555 NMSE=0.048445 shuffled_R2=-0.015721
ALIGN ego[04] partner[01] R2=0.960960 NMSE=0.039040 shuffled_R2=-0.015416
ALIGN ego[04] partner[02] R2=0.951111 NMSE=0.048889 shuffled_R2=-0.015177
ALIGN ego[04] partner[03] R2=0.915362 NMSE=0.084638 shuffled_R2=-0.025041
ALIGN ego[04] partner[04] R2=0.958992 NMSE=0.041008 shuffled_R2=-0.014433
Evaluating partner alignment group 1: method=mep_br, prefix=checkpoints/eval_pools/mep_br
LOADED: checkpoints/eval_pools/mep_br/cramped_room5x5/baseline_seed_0_step_220.msgpack
LOADED: checkpoints/eval_pools/mep_br/cramped_room5x5/baseline_seed_1_step_220.msgpack
LOADED: checkpoints/eval_pools/mep_br/cramped_room5x5/baseline_seed_2_step_220.msgpack
LOADED: checkpoints/eval_pools/mep_br/cramped_room5x5/baseline_seed_3_step_220.msgpack
LOADED: checkpoints/eval_pools/mep_br/cramped_room5x5/baseline_seed_4_step_220.msgpack
Using alignment rollout scale: ALIGN_PAIR_BATCH_SIZE=2, ALIGN_EVAL_NUM_EPISODES=128, ALIGN_EVAL_NUM_STEPS=400
ALIGN ego[00] partner[00] R2=0.912979 NMSE=0.087021 shuffled_R2=-0.019368
ALIGN ego[00] partner[01] R2=0.903080 NMSE=0.096920 shuffled_R2=-0.021704
ALIGN ego[00] partner[02] R2=0.928789 NMSE=0.071211 shuffled_R2=-0.020763
ALIGN ego[00] partner[03] R2=0.936966 NMSE=0.063034 shuffled_R2=-0.016894
ALIGN ego[00] partner[04] R2=0.940915 NMSE=0.059085 shuffled_R2=-0.019432
ALIGN ego[01] partner[00] R2=0.903576 NMSE=0.096424 shuffled_R2=-0.021993
ALIGN ego[01] partner[01] R2=0.933195 NMSE=0.066805 shuffled_R2=-0.017201
ALIGN ego[01] partner[02] R2=0.937654 NMSE=0.062346 shuffled_R2=-0.015942
ALIGN ego[01] partner[03] R2=0.957604 NMSE=0.042396 shuffled_R2=-0.014787
ALIGN ego[01] partner[04] R2=0.846061 NMSE=0.153939 shuffled_R2=-0.045174
ALIGN ego[02] partner[00] R2=0.898156 NMSE=0.101844 shuffled_R2=-0.028561
ALIGN ego[02] partner[01] R2=0.952698 NMSE=0.047302 shuffled_R2=-0.013663
ALIGN ego[02] partner[02] R2=0.952197 NMSE=0.047803 shuffled_R2=-0.017321
ALIGN ego[02] partner[03] R2=0.953892 NMSE=0.046108 shuffled_R2=-0.019685
ALIGN ego[02] partner[04] R2=0.964850 NMSE=0.035150 shuffled_R2=-0.015776
ALIGN ego[03] partner[00] R2=0.834896 NMSE=0.165104 shuffled_R2=-0.082495
ALIGN ego[03] partner[01] R2=0.936556 NMSE=0.063444 shuffled_R2=-0.014415
ALIGN ego[03] partner[02] R2=0.899123 NMSE=0.100877 shuffled_R2=-0.028719
ALIGN ego[03] partner[03] R2=0.958161 NMSE=0.041839 shuffled_R2=-0.014644
ALIGN ego[03] partner[04] R2=0.915763 NMSE=0.084237 shuffled_R2=-0.020879
ALIGN ego[04] partner[00] R2=0.941148 NMSE=0.058852 shuffled_R2=-0.014294
ALIGN ego[04] partner[01] R2=0.940939 NMSE=0.059061 shuffled_R2=-0.017811
ALIGN ego[04] partner[02] R2=0.957091 NMSE=0.042909 shuffled_R2=-0.016394
ALIGN ego[04] partner[03] R2=0.960105 NMSE=0.039895 shuffled_R2=-0.015314
ALIGN ego[04] partner[04] R2=0.957555 NMSE=0.042445 shuffled_R2=-0.019363
Evaluating partner alignment group 2: method=pbt, prefix=checkpoints/eval_pools/pbt
LOADED: checkpoints/eval_pools/pbt/cramped_room5x5/baseline_seed_0_step_62.msgpack
LOADED: checkpoints/eval_pools/pbt/cramped_room5x5/baseline_seed_1_step_62.msgpack
LOADED: checkpoints/eval_pools/pbt/cramped_room5x5/baseline_seed_2_step_62.msgpack
LOADED: checkpoints/eval_pools/pbt/cramped_room5x5/baseline_seed_3_step_62.msgpack
LOADED: checkpoints/eval_pools/pbt/cramped_room5x5/baseline_seed_4_step_62.msgpack
Using alignment rollout scale: ALIGN_PAIR_BATCH_SIZE=2, ALIGN_EVAL_NUM_EPISODES=128, ALIGN_EVAL_NUM_STEPS=400
ALIGN ego[00] partner[00] R2=0.272748 NMSE=0.727252 shuffled_R2=-0.234317
ALIGN ego[00] partner[01] R2=0.749755 NMSE=0.250245 shuffled_R2=-0.044000
ALIGN ego[00] partner[02] R2=0.883651 NMSE=0.116349 shuffled_R2=-0.016037
ALIGN ego[00] partner[03] R2=0.859976 NMSE=0.140024 shuffled_R2=-0.014515
ALIGN ego[00] partner[04] R2=0.857369 NMSE=0.142631 shuffled_R2=-0.019785
ALIGN ego[01] partner[00] R2=0.873326 NMSE=0.126674 shuffled_R2=-0.019088
ALIGN ego[01] partner[01] R2=0.889902 NMSE=0.110098 shuffled_R2=-0.016595
ALIGN ego[01] partner[02] R2=0.861743 NMSE=0.138257 shuffled_R2=-0.020311
ALIGN ego[01] partner[03] R2=0.820970 NMSE=0.179030 shuffled_R2=-0.027979
ALIGN ego[01] partner[04] R2=0.877202 NMSE=0.122798 shuffled_R2=-0.018261
ALIGN ego[02] partner[00] R2=0.904029 NMSE=0.095971 shuffled_R2=-0.014857
ALIGN ego[02] partner[01] R2=0.855784 NMSE=0.144216 shuffled_R2=-0.017352
ALIGN ego[02] partner[02] R2=0.868278 NMSE=0.131722 shuffled_R2=-0.016450
ALIGN ego[02] partner[03] R2=0.880800 NMSE=0.119200 shuffled_R2=-0.017789
ALIGN ego[02] partner[04] R2=0.905425 NMSE=0.094575 shuffled_R2=-0.016493
ALIGN ego[03] partner[00] R2=0.902441 NMSE=0.097559 shuffled_R2=-0.015963
ALIGN ego[03] partner[01] R2=0.821215 NMSE=0.178785 shuffled_R2=-0.034144
ALIGN ego[03] partner[02] R2=0.897098 NMSE=0.102902 shuffled_R2=-0.016479
ALIGN ego[03] partner[03] R2=0.854310 NMSE=0.145690 shuffled_R2=-0.028180
ALIGN ego[03] partner[04] R2=0.875468 NMSE=0.124532 shuffled_R2=-0.021952
ALIGN ego[04] partner[00] R2=0.110980 NMSE=0.889020 shuffled_R2=-0.121554
ALIGN ego[04] partner[01] R2=0.831581 NMSE=0.168419 shuffled_R2=-0.015239
ALIGN ego[04] partner[02] R2=0.859976 NMSE=0.140024 shuffled_R2=-0.014889
ALIGN ego[04] partner[03] R2=0.881619 NMSE=0.118381 shuffled_R2=-0.018028
ALIGN ego[04] partner[04] R2=0.876938 NMSE=0.123062 shuffled_R2=-0.015757
Evaluating partner alignment group 3: method=sp, prefix=checkpoints/eval_pools/sp
LOADED: checkpoints/eval_pools/sp/cramped_room5x5/baseline_seed_0_step_220.msgpack
LOADED: checkpoints/eval_pools/sp/cramped_room5x5/baseline_seed_1_step_220.msgpack
LOADED: checkpoints/eval_pools/sp/cramped_room5x5/baseline_seed_2_step_220.msgpack
LOADED: checkpoints/eval_pools/sp/cramped_room5x5/baseline_seed_3_step_220.msgpack
LOADED: checkpoints/eval_pools/sp/cramped_room5x5/baseline_seed_4_step_220.msgpack
Using alignment rollout scale: ALIGN_PAIR_BATCH_SIZE=2, ALIGN_EVAL_NUM_EPISODES=128, ALIGN_EVAL_NUM_STEPS=400
ALIGN ego[00] partner[00] R2=0.928297 NMSE=0.071703 shuffled_R2=-0.018673
ALIGN ego[00] partner[01] R2=0.968759 NMSE=0.031241 shuffled_R2=-0.016252
ALIGN ego[00] partner[02] R2=0.932963 NMSE=0.067037 shuffled_R2=-0.017498
ALIGN ego[00] partner[03] R2=0.939781 NMSE=0.060219 shuffled_R2=-0.016118
ALIGN ego[00] partner[04] R2=0.931925 NMSE=0.068075 shuffled_R2=-0.025924
ALIGN ego[01] partner[00] R2=0.943058 NMSE=0.056942 shuffled_R2=-0.015345
ALIGN ego[01] partner[01] R2=0.965590 NMSE=0.034410 shuffled_R2=-0.015250
ALIGN ego[01] partner[02] R2=0.940745 NMSE=0.059255 shuffled_R2=-0.015677
ALIGN ego[01] partner[03] R2=0.943424 NMSE=0.056576 shuffled_R2=-0.015920
ALIGN ego[01] partner[04] R2=0.914997 NMSE=0.085003 shuffled_R2=-0.029900
ALIGN ego[02] partner[00] R2=0.944420 NMSE=0.055580 shuffled_R2=-0.017735
ALIGN ego[02] partner[01] R2=0.829519 NMSE=0.170481 shuffled_R2=-0.051344
ALIGN ego[02] partner[02] R2=0.912982 NMSE=0.087018 shuffled_R2=-0.040968
ALIGN ego[02] partner[03] R2=0.952639 NMSE=0.047361 shuffled_R2=-0.018282
ALIGN ego[02] partner[04] R2=0.958257 NMSE=0.041743 shuffled_R2=-0.019144
ALIGN ego[03] partner[00] R2=0.892838 NMSE=0.107162 shuffled_R2=-0.024228
ALIGN ego[03] partner[01] R2=0.915912 NMSE=0.084088 shuffled_R2=-0.023811
ALIGN ego[03] partner[02] R2=0.941566 NMSE=0.058434 shuffled_R2=-0.018544
ALIGN ego[03] partner[03] R2=0.940023 NMSE=0.059977 shuffled_R2=-0.018856
ALIGN ego[03] partner[04] R2=0.941203 NMSE=0.058797 shuffled_R2=-0.022471
ALIGN ego[04] partner[00] R2=0.918313 NMSE=0.081687 shuffled_R2=-0.025371
ALIGN ego[04] partner[01] R2=0.908750 NMSE=0.091250 shuffled_R2=-0.030901
ALIGN ego[04] partner[02] R2=0.950175 NMSE=0.049825 shuffled_R2=-0.017949
ALIGN ego[04] partner[03] R2=0.943243 NMSE=0.056757 shuffled_R2=-0.019131
ALIGN ego[04] partner[04] R2=0.967335 NMSE=0.032665 shuffled_R2=-0.014489
Average ego-to-partner alignment R2: 0.900666 +- 0.011059 SE over 100 ego-partner pairs
Average alignment normalized MSE: 0.099334 +- 0.011059 SE
Average shuffled-control alignment R2: -0.024870 +- 0.002553 SE
Saved alignment results to ad_hoc_teamplay_results/lmpredV2005_ablate_ad_hoc_teamplay/cramped_room5x5
Evaluating ad-hoc teamplay for ego_method=lmpredV2005_ablate, layout=counter_circuit
ego_prefix=checkpoints/lmpredV2005_ablate/, partner_pool_specs=e3t:checkpoints/eval_pools/e3t;mep_br:checkpoints/eval_pools/mep_br;pbt:checkpoints/eval_pools/pbt;sp:checkpoints/eval_pools/sp, result_name=lmpredV2005_ablate_ad_hoc_teamplay, ego_perspective_transform=false
Importing submoduled environments...
Submoduled environments not found. Skipping import.
2026-07-05 16:19:41.909960: W external/xla/xla/service/gpu/autotuning/dot_search_space.cc:200] All configs were filtered out because none of them sufficiently match the hints. Maybe the hints set does not contain a good representative set of valid configs?Working around this by using the full hints set instead.
2026-07-05 16:19:42.911150: W external/xla/xla/service/gpu/autotuning/dot_search_space.cc:200] All configs were filtered out because none of them sufficiently match the hints. Maybe the hints set does not contain a good representative set of valid configs?Working around this by using the full hints set instead.
LOADED: checkpoints/lmpredV2005_ablate/counter_circuit/baseline_seed_0_step_380.msgpack
LOADED: checkpoints/lmpredV2005_ablate/counter_circuit/baseline_seed_1_step_380.msgpack
LOADED: checkpoints/lmpredV2005_ablate/counter_circuit/baseline_seed_2_step_380.msgpack
LOADED: checkpoints/lmpredV2005_ablate/counter_circuit/baseline_seed_3_step_380.msgpack
LOADED: checkpoints/lmpredV2005_ablate/counter_circuit/baseline_seed_4_step_380.msgpack
Evaluating partner group 0: method=e3t, prefix=checkpoints/eval_pools/e3t
LOADED: checkpoints/eval_pools/e3t/counter_circuit/baseline_seed_0_step_220.msgpack
LOADED: checkpoints/eval_pools/e3t/counter_circuit/baseline_seed_1_step_220.msgpack
LOADED: checkpoints/eval_pools/e3t/counter_circuit/baseline_seed_2_step_220.msgpack
LOADED: checkpoints/eval_pools/e3t/counter_circuit/baseline_seed_3_step_220.msgpack
LOADED: checkpoints/eval_pools/e3t/counter_circuit/baseline_seed_4_step_220.msgpack
Using XP rollout scale: XP_PAIR_BATCH_SIZE=32, EVAL_NUM_EPISODES=128, EVAL_NUM_STEPS=400
XP ego[00] partner[00] = 173.125
XP ego[00] partner[01] = 145.781
XP ego[00] partner[02] = 103.594
XP ego[00] partner[03] = 13.594
XP ego[00] partner[04] = 100.469
XP ego[01] partner[00] = 175.781
XP ego[01] partner[01] = 174.219
XP ego[01] partner[02] = 128.281
XP ego[01] partner[03] = 10.156
XP ego[01] partner[04] = 27.969
XP ego[02] partner[00] = 162.031
XP ego[02] partner[01] = 60.000
XP ego[02] partner[02] = 94.062
XP ego[02] partner[03] = 9.062
XP ego[02] partner[04] = 72.500
XP ego[03] partner[00] = 163.438
XP ego[03] partner[01] = 157.344
XP ego[03] partner[02] = 143.906
XP ego[03] partner[03] = 39.219
XP ego[03] partner[04] = 134.844
XP ego[04] partner[00] = 74.219
XP ego[04] partner[01] = 116.406
XP ego[04] partner[02] = 68.438
XP ego[04] partner[03] = 7.812
XP ego[04] partner[04] = 85.469
Evaluating partner group 1: method=mep_br, prefix=checkpoints/eval_pools/mep_br
LOADED: checkpoints/eval_pools/mep_br/counter_circuit/baseline_seed_0_step_380.msgpack
LOADED: checkpoints/eval_pools/mep_br/counter_circuit/baseline_seed_1_step_380.msgpack
LOADED: checkpoints/eval_pools/mep_br/counter_circuit/baseline_seed_2_step_380.msgpack
LOADED: checkpoints/eval_pools/mep_br/counter_circuit/baseline_seed_3_step_380.msgpack
LOADED: checkpoints/eval_pools/mep_br/counter_circuit/baseline_seed_4_step_380.msgpack
Using XP rollout scale: XP_PAIR_BATCH_SIZE=32, EVAL_NUM_EPISODES=128, EVAL_NUM_STEPS=400
XP ego[00] partner[00] = 207.344
XP ego[00] partner[01] = 185.938
XP ego[00] partner[02] = 202.969
XP ego[00] partner[03] = 207.344
XP ego[00] partner[04] = 198.125
XP ego[01] partner[00] = 238.750
XP ego[01] partner[01] = 212.344
XP ego[01] partner[02] = 233.281
XP ego[01] partner[03] = 239.219
XP ego[01] partner[04] = 192.500
XP ego[02] partner[00] = 216.875
XP ego[02] partner[01] = 199.844
XP ego[02] partner[02] = 222.344
XP ego[02] partner[03] = 241.250
XP ego[02] partner[04] = 222.188
XP ego[03] partner[00] = 71.875
XP ego[03] partner[01] = 73.906
XP ego[03] partner[02] = 137.969
XP ego[03] partner[03] = 77.031
XP ego[03] partner[04] = 28.906
XP ego[04] partner[00] = 165.000
XP ego[04] partner[01] = 157.188
XP ego[04] partner[02] = 140.312
XP ego[04] partner[03] = 158.906
XP ego[04] partner[04] = 136.875
Evaluating partner group 2: method=pbt, prefix=checkpoints/eval_pools/pbt
LOADED: checkpoints/eval_pools/pbt/counter_circuit/baseline_seed_0_step_62.msgpack
LOADED: checkpoints/eval_pools/pbt/counter_circuit/baseline_seed_1_step_62.msgpack
LOADED: checkpoints/eval_pools/pbt/counter_circuit/baseline_seed_2_step_62.msgpack
LOADED: checkpoints/eval_pools/pbt/counter_circuit/baseline_seed_3_step_62.msgpack
LOADED: checkpoints/eval_pools/pbt/counter_circuit/baseline_seed_4_step_62.msgpack
Using XP rollout scale: XP_PAIR_BATCH_SIZE=32, EVAL_NUM_EPISODES=128, EVAL_NUM_STEPS=400
XP ego[00] partner[00] = 207.969
XP ego[00] partner[01] = 207.812
XP ego[00] partner[02] = 210.625
XP ego[00] partner[03] = 212.812
XP ego[00] partner[04] = 226.094
XP ego[01] partner[00] = 180.156
XP ego[01] partner[01] = 188.594
XP ego[01] partner[02] = 198.594
XP ego[01] partner[03] = 198.906
XP ego[01] partner[04] = 197.031
XP ego[02] partner[00] = 190.625
XP ego[02] partner[01] = 187.344
XP ego[02] partner[02] = 180.312
XP ego[02] partner[03] = 192.344
XP ego[02] partner[04] = 196.562
XP ego[03] partner[00] = 122.188
XP ego[03] partner[01] = 139.844
XP ego[03] partner[02] = 142.188
XP ego[03] partner[03] = 151.719
XP ego[03] partner[04] = 162.656
XP ego[04] partner[00] = 137.344
XP ego[04] partner[01] = 145.312
XP ego[04] partner[02] = 151.562
XP ego[04] partner[03] = 136.875
XP ego[04] partner[04] = 124.219
Evaluating partner group 3: method=sp, prefix=checkpoints/eval_pools/sp
LOADED: checkpoints/eval_pools/sp/counter_circuit/baseline_seed_0_step_380.msgpack
LOADED: checkpoints/eval_pools/sp/counter_circuit/baseline_seed_1_step_380.msgpack
LOADED: checkpoints/eval_pools/sp/counter_circuit/baseline_seed_2_step_380.msgpack
LOADED: checkpoints/eval_pools/sp/counter_circuit/baseline_seed_3_step_380.msgpack
LOADED: checkpoints/eval_pools/sp/counter_circuit/baseline_seed_4_step_380.msgpack
Using XP rollout scale: XP_PAIR_BATCH_SIZE=32, EVAL_NUM_EPISODES=128, EVAL_NUM_STEPS=400
XP ego[00] partner[00] = 181.250
XP ego[00] partner[01] = 175.312
XP ego[00] partner[02] = 207.500
XP ego[00] partner[03] = 202.500
XP ego[00] partner[04] = 194.531
XP ego[01] partner[00] = 186.406
XP ego[01] partner[01] = 182.656
XP ego[01] partner[02] = 126.406
XP ego[01] partner[03] = 228.125
XP ego[01] partner[04] = 186.094
XP ego[02] partner[00] = 160.312
XP ego[02] partner[01] = 126.250
XP ego[02] partner[02] = 177.344
XP ego[02] partner[03] = 138.281
XP ego[02] partner[04] = 154.062
XP ego[03] partner[00] = 106.094
XP ego[03] partner[01] = 125.312
XP ego[03] partner[02] = 40.625
XP ego[03] partner[03] = 149.844
XP ego[03] partner[04] = 161.406
XP ego[04] partner[00] = 144.375
XP ego[04] partner[01] = 116.250
XP ego[04] partner[02] = 172.500
XP ego[04] partner[03] = 157.031
XP ego[04] partner[04] = 156.406
Average ego-vs-partner performance: 151.566 +- 5.729 SE over 100 ordered pairs
Average diagonal performance: 113.219 +- 26.384 SE over 5 pairs
Average off-diagonal performance (only for square pools): nan +- nan SE over 0 ordered pairs
Saved ad-hoc teamplay results to ad_hoc_teamplay_results/lmpredV2005_ablate_ad_hoc_teamplay/counter_circuit
Saved ad-hoc teamplay heatmap to ad_hoc_teamplay_results/lmpredV2005_ablate_ad_hoc_teamplay/counter_circuit/xp_matrix.png
Evaluating partner alignment group 0: method=e3t, prefix=checkpoints/eval_pools/e3t
LOADED: checkpoints/eval_pools/e3t/counter_circuit/baseline_seed_0_step_220.msgpack
LOADED: checkpoints/eval_pools/e3t/counter_circuit/baseline_seed_1_step_220.msgpack
LOADED: checkpoints/eval_pools/e3t/counter_circuit/baseline_seed_2_step_220.msgpack
LOADED: checkpoints/eval_pools/e3t/counter_circuit/baseline_seed_3_step_220.msgpack
LOADED: checkpoints/eval_pools/e3t/counter_circuit/baseline_seed_4_step_220.msgpack
Using alignment rollout scale: ALIGN_PAIR_BATCH_SIZE=2, ALIGN_EVAL_NUM_EPISODES=128, ALIGN_EVAL_NUM_STEPS=400
ALIGN ego[00] partner[00] R2=0.730709 NMSE=0.269291 shuffled_R2=-0.019641
ALIGN ego[00] partner[01] R2=0.772630 NMSE=0.227370 shuffled_R2=-0.015086
ALIGN ego[00] partner[02] R2=0.710084 NMSE=0.289916 shuffled_R2=-0.016714
ALIGN ego[00] partner[03] R2=0.714225 NMSE=0.285775 shuffled_R2=-0.031536
ALIGN ego[00] partner[04] R2=0.746848 NMSE=0.253152 shuffled_R2=-0.016303
ALIGN ego[01] partner[00] R2=0.795652 NMSE=0.204348 shuffled_R2=-0.016192
ALIGN ego[01] partner[01] R2=0.791650 NMSE=0.208350 shuffled_R2=-0.015982
ALIGN ego[01] partner[02] R2=0.750748 NMSE=0.249252 shuffled_R2=-0.021350
ALIGN ego[01] partner[03] R2=0.857372 NMSE=0.142628 shuffled_R2=-0.022060
ALIGN ego[01] partner[04] R2=0.806246 NMSE=0.193754 shuffled_R2=-0.024441
ALIGN ego[02] partner[00] R2=0.749200 NMSE=0.250800 shuffled_R2=-0.015811
ALIGN ego[02] partner[01] R2=0.732583 NMSE=0.267417 shuffled_R2=-0.021804
ALIGN ego[02] partner[02] R2=0.734663 NMSE=0.265337 shuffled_R2=-0.025508
ALIGN ego[02] partner[03] R2=0.810032 NMSE=0.189968 shuffled_R2=-0.023110
ALIGN ego[02] partner[04] R2=0.807251 NMSE=0.192749 shuffled_R2=-0.021649
ALIGN ego[03] partner[00] R2=0.771052 NMSE=0.228948 shuffled_R2=-0.015709
ALIGN ego[03] partner[01] R2=0.655105 NMSE=0.344895 shuffled_R2=-0.024179
ALIGN ego[03] partner[02] R2=0.775682 NMSE=0.224318 shuffled_R2=-0.015250
ALIGN ego[03] partner[03] R2=0.813978 NMSE=0.186022 shuffled_R2=-0.020956
ALIGN ego[03] partner[04] R2=0.798810 NMSE=0.201190 shuffled_R2=-0.015797
ALIGN ego[04] partner[00] R2=0.789487 NMSE=0.210513 shuffled_R2=-0.020606
ALIGN ego[04] partner[01] R2=0.722651 NMSE=0.277349 shuffled_R2=-0.025248
ALIGN ego[04] partner[02] R2=0.740738 NMSE=0.259262 shuffled_R2=-0.020693
ALIGN ego[04] partner[03] R2=0.788449 NMSE=0.211551 shuffled_R2=-0.031887
ALIGN ego[04] partner[04] R2=0.799446 NMSE=0.200554 shuffled_R2=-0.024216
Evaluating partner alignment group 1: method=mep_br, prefix=checkpoints/eval_pools/mep_br
LOADED: checkpoints/eval_pools/mep_br/counter_circuit/baseline_seed_0_step_380.msgpack
LOADED: checkpoints/eval_pools/mep_br/counter_circuit/baseline_seed_1_step_380.msgpack
LOADED: checkpoints/eval_pools/mep_br/counter_circuit/baseline_seed_2_step_380.msgpack
LOADED: checkpoints/eval_pools/mep_br/counter_circuit/baseline_seed_3_step_380.msgpack
LOADED: checkpoints/eval_pools/mep_br/counter_circuit/baseline_seed_4_step_380.msgpack
Using alignment rollout scale: ALIGN_PAIR_BATCH_SIZE=2, ALIGN_EVAL_NUM_EPISODES=128, ALIGN_EVAL_NUM_STEPS=400
ALIGN ego[00] partner[00] R2=0.827121 NMSE=0.172879 shuffled_R2=-0.014017
ALIGN ego[00] partner[01] R2=0.834011 NMSE=0.165989 shuffled_R2=-0.015380
ALIGN ego[00] partner[02] R2=0.785560 NMSE=0.214440 shuffled_R2=-0.026716
ALIGN ego[00] partner[03] R2=0.833253 NMSE=0.166747 shuffled_R2=-0.016421
ALIGN ego[00] partner[04] R2=0.793059 NMSE=0.206941 shuffled_R2=-0.016762
ALIGN ego[01] partner[00] R2=0.871421 NMSE=0.128579 shuffled_R2=-0.016429
ALIGN ego[01] partner[01] R2=0.883207 NMSE=0.116793 shuffled_R2=-0.015938
ALIGN ego[01] partner[02] R2=0.860293 NMSE=0.139707 shuffled_R2=-0.021344
ALIGN ego[01] partner[03] R2=0.857589 NMSE=0.142411 shuffled_R2=-0.015047
ALIGN ego[01] partner[04] R2=0.832603 NMSE=0.167397 shuffled_R2=-0.015511
ALIGN ego[02] partner[00] R2=0.887368 NMSE=0.112632 shuffled_R2=-0.014650
ALIGN ego[02] partner[01] R2=0.707574 NMSE=0.292426 shuffled_R2=-0.029149
ALIGN ego[02] partner[02] R2=0.866728 NMSE=0.133272 shuffled_R2=-0.017439
ALIGN ego[02] partner[03] R2=0.874326 NMSE=0.125674 shuffled_R2=-0.019039
ALIGN ego[02] partner[04] R2=0.808571 NMSE=0.191429 shuffled_R2=-0.016687
ALIGN ego[03] partner[00] R2=0.653865 NMSE=0.346135 shuffled_R2=-0.044831
ALIGN ego[03] partner[01] R2=0.829533 NMSE=0.170467 shuffled_R2=-0.019935
ALIGN ego[03] partner[02] R2=0.796756 NMSE=0.203244 shuffled_R2=-0.021627
ALIGN ego[03] partner[03] R2=0.852216 NMSE=0.147784 shuffled_R2=-0.020031
ALIGN ego[03] partner[04] R2=0.809221 NMSE=0.190779 shuffled_R2=-0.026512
ALIGN ego[04] partner[00] R2=0.814495 NMSE=0.185505 shuffled_R2=-0.016421
ALIGN ego[04] partner[01] R2=0.815202 NMSE=0.184798 shuffled_R2=-0.015921
ALIGN ego[04] partner[02] R2=0.807938 NMSE=0.192062 shuffled_R2=-0.017734
ALIGN ego[04] partner[03] R2=0.772305 NMSE=0.227695 shuffled_R2=-0.017022
ALIGN ego[04] partner[04] R2=0.791084 NMSE=0.208916 shuffled_R2=-0.017270
Evaluating partner alignment group 2: method=pbt, prefix=checkpoints/eval_pools/pbt
LOADED: checkpoints/eval_pools/pbt/counter_circuit/baseline_seed_0_step_62.msgpack
LOADED: checkpoints/eval_pools/pbt/counter_circuit/baseline_seed_1_step_62.msgpack
LOADED: checkpoints/eval_pools/pbt/counter_circuit/baseline_seed_2_step_62.msgpack
LOADED: checkpoints/eval_pools/pbt/counter_circuit/baseline_seed_3_step_62.msgpack
LOADED: checkpoints/eval_pools/pbt/counter_circuit/baseline_seed_4_step_62.msgpack
Using alignment rollout scale: ALIGN_PAIR_BATCH_SIZE=2, ALIGN_EVAL_NUM_EPISODES=128, ALIGN_EVAL_NUM_STEPS=400
ALIGN ego[00] partner[00] R2=0.770039 NMSE=0.229961 shuffled_R2=-0.017619
ALIGN ego[00] partner[01] R2=0.784159 NMSE=0.215841 shuffled_R2=-0.016949
ALIGN ego[00] partner[02] R2=0.796352 NMSE=0.203648 shuffled_R2=-0.018039
ALIGN ego[00] partner[03] R2=0.811150 NMSE=0.188850 shuffled_R2=-0.014412
ALIGN ego[00] partner[04] R2=0.777461 NMSE=0.222539 shuffled_R2=-0.015344
ALIGN ego[01] partner[00] R2=0.773670 NMSE=0.226330 shuffled_R2=-0.015071
ALIGN ego[01] partner[01] R2=0.775807 NMSE=0.224193 shuffled_R2=-0.015306
ALIGN ego[01] partner[02] R2=0.420166 NMSE=0.579834 shuffled_R2=-0.028996
ALIGN ego[01] partner[03] R2=0.750441 NMSE=0.249559 shuffled_R2=-0.017751
ALIGN ego[01] partner[04] R2=0.755697 NMSE=0.244303 shuffled_R2=-0.015146
ALIGN ego[02] partner[00] R2=0.784357 NMSE=0.215643 shuffled_R2=-0.018098
ALIGN ego[02] partner[01] R2=0.677411 NMSE=0.322589 shuffled_R2=-0.023191
ALIGN ego[02] partner[02] R2=0.771558 NMSE=0.228442 shuffled_R2=-0.016385
ALIGN ego[02] partner[03] R2=0.646486 NMSE=0.353514 shuffled_R2=-0.038968
ALIGN ego[02] partner[04] R2=0.777758 NMSE=0.222242 shuffled_R2=-0.015320
ALIGN ego[03] partner[00] R2=0.779383 NMSE=0.220617 shuffled_R2=-0.018223
ALIGN ego[03] partner[01] R2=0.778867 NMSE=0.221133 shuffled_R2=-0.018561
ALIGN ego[03] partner[02] R2=0.763209 NMSE=0.236791 shuffled_R2=-0.015587
ALIGN ego[03] partner[03] R2=0.651447 NMSE=0.348553 shuffled_R2=-0.030035
ALIGN ego[03] partner[04] R2=0.778249 NMSE=0.221751 shuffled_R2=-0.022069
ALIGN ego[04] partner[00] R2=0.731800 NMSE=0.268200 shuffled_R2=-0.017833
ALIGN ego[04] partner[01] R2=0.735390 NMSE=0.264610 shuffled_R2=-0.015970
ALIGN ego[04] partner[02] R2=0.748057 NMSE=0.251943 shuffled_R2=-0.014617
ALIGN ego[04] partner[03] R2=0.759263 NMSE=0.240737 shuffled_R2=-0.016083
ALIGN ego[04] partner[04] R2=0.763101 NMSE=0.236899 shuffled_R2=-0.015431
Evaluating partner alignment group 3: method=sp, prefix=checkpoints/eval_pools/sp
LOADED: checkpoints/eval_pools/sp/counter_circuit/baseline_seed_0_step_380.msgpack
LOADED: checkpoints/eval_pools/sp/counter_circuit/baseline_seed_1_step_380.msgpack
LOADED: checkpoints/eval_pools/sp/counter_circuit/baseline_seed_2_step_380.msgpack
LOADED: checkpoints/eval_pools/sp/counter_circuit/baseline_seed_3_step_380.msgpack
LOADED: checkpoints/eval_pools/sp/counter_circuit/baseline_seed_4_step_380.msgpack
Using alignment rollout scale: ALIGN_PAIR_BATCH_SIZE=2, ALIGN_EVAL_NUM_EPISODES=128, ALIGN_EVAL_NUM_STEPS=400
ALIGN ego[00] partner[00] R2=0.879456 NMSE=0.120544 shuffled_R2=-0.016634
ALIGN ego[00] partner[01] R2=0.837558 NMSE=0.162442 shuffled_R2=-0.026189
ALIGN ego[00] partner[02] R2=0.837374 NMSE=0.162626 shuffled_R2=-0.016162
ALIGN ego[00] partner[03] R2=0.810798 NMSE=0.189202 shuffled_R2=-0.016328
ALIGN ego[00] partner[04] R2=0.800852 NMSE=0.199148 shuffled_R2=-0.018700
ALIGN ego[01] partner[00] R2=0.853269 NMSE=0.146731 shuffled_R2=-0.015965
ALIGN ego[01] partner[01] R2=0.890002 NMSE=0.109998 shuffled_R2=-0.016044
ALIGN ego[01] partner[02] R2=0.813299 NMSE=0.186701 shuffled_R2=-0.016068
ALIGN ego[01] partner[03] R2=0.851917 NMSE=0.148083 shuffled_R2=-0.016578
ALIGN ego[01] partner[04] R2=0.842230 NMSE=0.157770 shuffled_R2=-0.017177
ALIGN ego[02] partner[00] R2=0.850601 NMSE=0.149399 shuffled_R2=-0.017739
ALIGN ego[02] partner[01] R2=0.893638 NMSE=0.106362 shuffled_R2=-0.015311
ALIGN ego[02] partner[02] R2=0.847208 NMSE=0.152792 shuffled_R2=-0.015655
ALIGN ego[02] partner[03] R2=0.862943 NMSE=0.137057 shuffled_R2=-0.022265
ALIGN ego[02] partner[04] R2=0.792853 NMSE=0.207147 shuffled_R2=-0.015699
ALIGN ego[03] partner[00] R2=0.876846 NMSE=0.123154 shuffled_R2=-0.015970
ALIGN ego[03] partner[01] R2=0.819665 NMSE=0.180335 shuffled_R2=-0.020711
ALIGN ego[03] partner[02] R2=0.861464 NMSE=0.138536 shuffled_R2=-0.018463
ALIGN ego[03] partner[03] R2=0.811402 NMSE=0.188598 shuffled_R2=-0.021168
ALIGN ego[03] partner[04] R2=0.815053 NMSE=0.184947 shuffled_R2=-0.018033
ALIGN ego[04] partner[00] R2=0.870624 NMSE=0.129376 shuffled_R2=-0.018025
ALIGN ego[04] partner[01] R2=0.893830 NMSE=0.106170 shuffled_R2=-0.016391
ALIGN ego[04] partner[02] R2=0.810107 NMSE=0.189893 shuffled_R2=-0.016769
ALIGN ego[04] partner[03] R2=0.819108 NMSE=0.180892 shuffled_R2=-0.015758
ALIGN ego[04] partner[04] R2=0.784886 NMSE=0.215114 shuffled_R2=-0.018599
Average ego-to-partner alignment R2: 0.792188 +- 0.006681 SE over 100 ego-partner pairs
Average alignment normalized MSE: 0.207812 +- 0.006681 SE
Average shuffled-control alignment R2: -0.019230 +- 0.000521 SE
Saved alignment results to ad_hoc_teamplay_results/lmpredV2005_ablate_ad_hoc_teamplay/counter_circuit
Evaluating ad-hoc teamplay for ego_method=lmpredV2005_ablate, layout=coord_ring
ego_prefix=checkpoints/lmpredV2005_ablate/, partner_pool_specs=e3t:checkpoints/eval_pools/e3t;mep_br:checkpoints/eval_pools/mep_br;pbt:checkpoints/eval_pools/pbt;sp:checkpoints/eval_pools/sp, result_name=lmpredV2005_ablate_ad_hoc_teamplay, ego_perspective_transform=false
Importing submoduled environments...
Submoduled environments not found. Skipping import.
2026-07-05 16:23:15.840025: W external/xla/xla/service/gpu/autotuning/dot_search_space.cc:200] All configs were filtered out because none of them sufficiently match the hints. Maybe the hints set does not contain a good representative set of valid configs?Working around this by using the full hints set instead.
2026-07-05 16:23:16.979314: W external/xla/xla/service/gpu/autotuning/dot_search_space.cc:200] All configs were filtered out because none of them sufficiently match the hints. Maybe the hints set does not contain a good representative set of valid configs?Working around this by using the full hints set instead.
LOADED: checkpoints/lmpredV2005_ablate/coord_ring/baseline_seed_0_step_220.msgpack
LOADED: checkpoints/lmpredV2005_ablate/coord_ring/baseline_seed_1_step_220.msgpack
LOADED: checkpoints/lmpredV2005_ablate/coord_ring/baseline_seed_2_step_220.msgpack
LOADED: checkpoints/lmpredV2005_ablate/coord_ring/baseline_seed_3_step_220.msgpack
LOADED: checkpoints/lmpredV2005_ablate/coord_ring/baseline_seed_4_step_220.msgpack
Evaluating partner group 0: method=e3t, prefix=checkpoints/eval_pools/e3t
LOADED: checkpoints/eval_pools/e3t/coord_ring/baseline_seed_0_step_220.msgpack
LOADED: checkpoints/eval_pools/e3t/coord_ring/baseline_seed_1_step_220.msgpack
LOADED: checkpoints/eval_pools/e3t/coord_ring/baseline_seed_2_step_220.msgpack
LOADED: checkpoints/eval_pools/e3t/coord_ring/baseline_seed_3_step_220.msgpack
LOADED: checkpoints/eval_pools/e3t/coord_ring/baseline_seed_4_step_220.msgpack
Using XP rollout scale: XP_PAIR_BATCH_SIZE=32, EVAL_NUM_EPISODES=128, EVAL_NUM_STEPS=400
XP ego[00] partner[00] = 190.625
XP ego[00] partner[01] = 289.688
XP ego[00] partner[02] = 33.125
XP ego[00] partner[03] = 263.906
XP ego[00] partner[04] = 281.719
XP ego[01] partner[00] = 283.594
XP ego[01] partner[01] = 298.906
XP ego[01] partner[02] = 133.906
XP ego[01] partner[03] = 260.156
XP ego[01] partner[04] = 275.469
XP ego[02] partner[00] = 262.031
XP ego[02] partner[01] = 229.844
XP ego[02] partner[02] = 102.812
XP ego[02] partner[03] = 41.562
XP ego[02] partner[04] = 144.688
XP ego[03] partner[00] = 225.938
XP ego[03] partner[01] = 213.281
XP ego[03] partner[02] = 20.156
XP ego[03] partner[03] = 145.312
XP ego[03] partner[04] = 127.969
XP ego[04] partner[00] = 271.094
XP ego[04] partner[01] = 295.156
XP ego[04] partner[02] = 10.625
XP ego[04] partner[03] = 250.938
XP ego[04] partner[04] = 272.969
Evaluating partner group 1: method=mep_br, prefix=checkpoints/eval_pools/mep_br
LOADED: checkpoints/eval_pools/mep_br/coord_ring/baseline_seed_0_step_220.msgpack
LOADED: checkpoints/eval_pools/mep_br/coord_ring/baseline_seed_1_step_220.msgpack
LOADED: checkpoints/eval_pools/mep_br/coord_ring/baseline_seed_2_step_220.msgpack
LOADED: checkpoints/eval_pools/mep_br/coord_ring/baseline_seed_3_step_220.msgpack
LOADED: checkpoints/eval_pools/mep_br/coord_ring/baseline_seed_4_step_220.msgpack
Using XP rollout scale: XP_PAIR_BATCH_SIZE=32, EVAL_NUM_EPISODES=128, EVAL_NUM_STEPS=400
XP ego[00] partner[00] = 261.406
XP ego[00] partner[01] = 286.562
XP ego[00] partner[02] = 294.062
XP ego[00] partner[03] = 169.219
XP ego[00] partner[04] = 265.938
XP ego[01] partner[00] = 260.312
XP ego[01] partner[01] = 300.938
XP ego[01] partner[02] = 242.656
XP ego[01] partner[03] = 202.812
XP ego[01] partner[04] = 312.656
XP ego[02] partner[00] = 225.938
XP ego[02] partner[01] = 274.531
XP ego[02] partner[02] = 275.469
XP ego[02] partner[03] = 190.000
XP ego[02] partner[04] = 232.812
XP ego[03] partner[00] = 280.469
XP ego[03] partner[01] = 280.469
XP ego[03] partner[02] = 269.688
XP ego[03] partner[03] = 221.875
XP ego[03] partner[04] = 288.594
XP ego[04] partner[00] = 254.219
XP ego[04] partner[01] = 272.969
XP ego[04] partner[02] = 263.281
XP ego[04] partner[03] = 190.469
XP ego[04] partner[04] = 276.406
Evaluating partner group 2: method=pbt, prefix=checkpoints/eval_pools/pbt
LOADED: checkpoints/eval_pools/pbt/coord_ring/baseline_seed_0_step_62.msgpack
LOADED: checkpoints/eval_pools/pbt/coord_ring/baseline_seed_1_step_62.msgpack
LOADED: checkpoints/eval_pools/pbt/coord_ring/baseline_seed_2_step_62.msgpack
LOADED: checkpoints/eval_pools/pbt/coord_ring/baseline_seed_3_step_62.msgpack
LOADED: checkpoints/eval_pools/pbt/coord_ring/baseline_seed_4_step_62.msgpack
Using XP rollout scale: XP_PAIR_BATCH_SIZE=32, EVAL_NUM_EPISODES=128, EVAL_NUM_STEPS=400
XP ego[00] partner[00] = 288.281
XP ego[00] partner[01] = 251.562
XP ego[00] partner[02] = 261.094
XP ego[00] partner[03] = 252.812
XP ego[00] partner[04] = 270.312
XP ego[01] partner[00] = 193.750
XP ego[01] partner[01] = 264.062
XP ego[01] partner[02] = 223.594
XP ego[01] partner[03] = 250.156
XP ego[01] partner[04] = 279.844
XP ego[02] partner[00] = 159.375
XP ego[02] partner[01] = 213.594
XP ego[02] partner[02] = 190.938
XP ego[02] partner[03] = 236.719
XP ego[02] partner[04] = 109.375
XP ego[03] partner[00] = 208.438
XP ego[03] partner[01] = 200.156
XP ego[03] partner[02] = 102.188
XP ego[03] partner[03] = 143.594
XP ego[03] partner[04] = 145.938
XP ego[04] partner[00] = 281.719
XP ego[04] partner[01] = 268.906
XP ego[04] partner[02] = 272.031
XP ego[04] partner[03] = 262.969
XP ego[04] partner[04] = 296.562
Evaluating partner group 3: method=sp, prefix=checkpoints/eval_pools/sp
LOADED: checkpoints/eval_pools/sp/coord_ring/baseline_seed_0_step_220.msgpack
LOADED: checkpoints/eval_pools/sp/coord_ring/baseline_seed_1_step_220.msgpack
LOADED: checkpoints/eval_pools/sp/coord_ring/baseline_seed_2_step_220.msgpack
LOADED: checkpoints/eval_pools/sp/coord_ring/baseline_seed_3_step_220.msgpack
LOADED: checkpoints/eval_pools/sp/coord_ring/baseline_seed_4_step_220.msgpack
Using XP rollout scale: XP_PAIR_BATCH_SIZE=32, EVAL_NUM_EPISODES=128, EVAL_NUM_STEPS=400
XP ego[00] partner[00] = 293.438
XP ego[00] partner[01] = 295.000
XP ego[00] partner[02] = 275.781
XP ego[00] partner[03] = 286.562
XP ego[00] partner[04] = 270.156
XP ego[01] partner[00] = 262.344
XP ego[01] partner[01] = 253.906
XP ego[01] partner[02] = 257.969
XP ego[01] partner[03] = 253.125
XP ego[01] partner[04] = 247.500
XP ego[02] partner[00] = 231.094
XP ego[02] partner[01] = 240.000
XP ego[02] partner[02] = 253.906
XP ego[02] partner[03] = 174.688
XP ego[02] partner[04] = 246.719
XP ego[03] partner[00] = 129.062
XP ego[03] partner[01] = 101.875
XP ego[03] partner[02] = 225.781
XP ego[03] partner[03] = 112.500
XP ego[03] partner[04] = 101.250
XP ego[04] partner[00] = 297.031
XP ego[04] partner[01] = 286.719
XP ego[04] partner[02] = 275.625
XP ego[04] partner[03] = 291.719
XP ego[04] partner[04] = 291.406
Average ego-vs-partner performance: 229.023 +- 6.890 SE over 100 ordered pairs
Average diagonal performance: 202.125 +- 37.154 SE over 5 pairs
Average off-diagonal performance (only for square pools): nan +- nan SE over 0 ordered pairs
Saved ad-hoc teamplay results to ad_hoc_teamplay_results/lmpredV2005_ablate_ad_hoc_teamplay/coord_ring
Saved ad-hoc teamplay heatmap to ad_hoc_teamplay_results/lmpredV2005_ablate_ad_hoc_teamplay/coord_ring/xp_matrix.png
Evaluating partner alignment group 0: method=e3t, prefix=checkpoints/eval_pools/e3t
LOADED: checkpoints/eval_pools/e3t/coord_ring/baseline_seed_0_step_220.msgpack
LOADED: checkpoints/eval_pools/e3t/coord_ring/baseline_seed_1_step_220.msgpack
LOADED: checkpoints/eval_pools/e3t/coord_ring/baseline_seed_2_step_220.msgpack
LOADED: checkpoints/eval_pools/e3t/coord_ring/baseline_seed_3_step_220.msgpack
LOADED: checkpoints/eval_pools/e3t/coord_ring/baseline_seed_4_step_220.msgpack
Using alignment rollout scale: ALIGN_PAIR_BATCH_SIZE=2, ALIGN_EVAL_NUM_EPISODES=128, ALIGN_EVAL_NUM_STEPS=400
ALIGN ego[00] partner[00] R2=0.813999 NMSE=0.186001 shuffled_R2=-0.038473
ALIGN ego[00] partner[01] R2=0.837077 NMSE=0.162923 shuffled_R2=-0.023859
ALIGN ego[00] partner[02] R2=0.877855 NMSE=0.122145 shuffled_R2=-0.043319
ALIGN ego[00] partner[03] R2=0.871600 NMSE=0.128400 shuffled_R2=-0.016708
ALIGN ego[00] partner[04] R2=0.886878 NMSE=0.113122 shuffled_R2=-0.014875
ALIGN ego[01] partner[00] R2=0.909306 NMSE=0.090694 shuffled_R2=-0.015072
ALIGN ego[01] partner[01] R2=0.903982 NMSE=0.096018 shuffled_R2=-0.016734
ALIGN ego[01] partner[02] R2=0.965924 NMSE=0.034076 shuffled_R2=-0.020773
ALIGN ego[01] partner[03] R2=0.913176 NMSE=0.086824 shuffled_R2=-0.015726
ALIGN ego[01] partner[04] R2=0.893539 NMSE=0.106461 shuffled_R2=-0.014984
ALIGN ego[02] partner[00] R2=0.893812 NMSE=0.106188 shuffled_R2=-0.014262
ALIGN ego[02] partner[01] R2=0.870654 NMSE=0.129346 shuffled_R2=-0.019534
ALIGN ego[02] partner[02] R2=0.932319 NMSE=0.067681 shuffled_R2=-0.019443
ALIGN ego[02] partner[03] R2=0.931377 NMSE=0.068623 shuffled_R2=-0.027068
ALIGN ego[02] partner[04] R2=0.931396 NMSE=0.068604 shuffled_R2=-0.015787
ALIGN ego[03] partner[00] R2=0.901005 NMSE=0.098995 shuffled_R2=-0.017116
ALIGN ego[03] partner[01] R2=0.880072 NMSE=0.119928 shuffled_R2=-0.019601
ALIGN ego[03] partner[02] R2=0.656658 NMSE=0.343342 shuffled_R2=-0.128346
ALIGN ego[03] partner[03] R2=0.903486 NMSE=0.096514 shuffled_R2=-0.019225
ALIGN ego[03] partner[04] R2=0.910232 NMSE=0.089768 shuffled_R2=-0.016636
ALIGN ego[04] partner[00] R2=0.881926 NMSE=0.118074 shuffled_R2=-0.021191
ALIGN ego[04] partner[01] R2=0.901466 NMSE=0.098534 shuffled_R2=-0.017520
ALIGN ego[04] partner[02] R2=0.957197 NMSE=0.042803 shuffled_R2=-0.017345
ALIGN ego[04] partner[03] R2=0.898683 NMSE=0.101317 shuffled_R2=-0.016273
ALIGN ego[04] partner[04] R2=0.868038 NMSE=0.131962 shuffled_R2=-0.018504
Evaluating partner alignment group 1: method=mep_br, prefix=checkpoints/eval_pools/mep_br
LOADED: checkpoints/eval_pools/mep_br/coord_ring/baseline_seed_0_step_220.msgpack
LOADED: checkpoints/eval_pools/mep_br/coord_ring/baseline_seed_1_step_220.msgpack
LOADED: checkpoints/eval_pools/mep_br/coord_ring/baseline_seed_2_step_220.msgpack
LOADED: checkpoints/eval_pools/mep_br/coord_ring/baseline_seed_3_step_220.msgpack
LOADED: checkpoints/eval_pools/mep_br/coord_ring/baseline_seed_4_step_220.msgpack
Using alignment rollout scale: ALIGN_PAIR_BATCH_SIZE=2, ALIGN_EVAL_NUM_EPISODES=128, ALIGN_EVAL_NUM_STEPS=400
ALIGN ego[00] partner[00] R2=0.921030 NMSE=0.078970 shuffled_R2=-0.021056
ALIGN ego[00] partner[01] R2=0.907726 NMSE=0.092274 shuffled_R2=-0.017953
ALIGN ego[00] partner[02] R2=0.842868 NMSE=0.157132 shuffled_R2=-0.031214
ALIGN ego[00] partner[03] R2=0.945721 NMSE=0.054279 shuffled_R2=-0.022486
ALIGN ego[00] partner[04] R2=0.950961 NMSE=0.049039 shuffled_R2=-0.015412
ALIGN ego[01] partner[00] R2=0.893914 NMSE=0.106086 shuffled_R2=-0.018771
ALIGN ego[01] partner[01] R2=0.880405 NMSE=0.119595 shuffled_R2=-0.019055
ALIGN ego[01] partner[02] R2=0.942103 NMSE=0.057897 shuffled_R2=-0.016186
ALIGN ego[01] partner[03] R2=0.552577 NMSE=0.447423 shuffled_R2=-0.153026
ALIGN ego[01] partner[04] R2=0.838379 NMSE=0.161621 shuffled_R2=-0.040254
ALIGN ego[02] partner[00] R2=0.894353 NMSE=0.105647 shuffled_R2=-0.021324
ALIGN ego[02] partner[01] R2=0.905541 NMSE=0.094459 shuffled_R2=-0.016173
ALIGN ego[02] partner[02] R2=0.795187 NMSE=0.204813 shuffled_R2=-0.041424
ALIGN ego[02] partner[03] R2=0.891333 NMSE=0.108667 shuffled_R2=-0.028330
ALIGN ego[02] partner[04] R2=0.852168 NMSE=0.147832 shuffled_R2=-0.016866
ALIGN ego[03] partner[00] R2=0.861123 NMSE=0.138877 shuffled_R2=-0.020980
ALIGN ego[03] partner[01] R2=0.880059 NMSE=0.119941 shuffled_R2=-0.017960
ALIGN ego[03] partner[02] R2=0.881883 NMSE=0.118117 shuffled_R2=-0.017838
ALIGN ego[03] partner[03] R2=0.960446 NMSE=0.039554 shuffled_R2=-0.018486
ALIGN ego[03] partner[04] R2=0.909344 NMSE=0.090656 shuffled_R2=-0.014489
ALIGN ego[04] partner[00] R2=0.895107 NMSE=0.104893 shuffled_R2=-0.015564
ALIGN ego[04] partner[01] R2=0.892404 NMSE=0.107596 shuffled_R2=-0.017753
ALIGN ego[04] partner[02] R2=0.844755 NMSE=0.155245 shuffled_R2=-0.019309
ALIGN ego[04] partner[03] R2=0.942234 NMSE=0.057766 shuffled_R2=-0.015202
ALIGN ego[04] partner[04] R2=0.917209 NMSE=0.082791 shuffled_R2=-0.016648
Evaluating partner alignment group 2: method=pbt, prefix=checkpoints/eval_pools/pbt
LOADED: checkpoints/eval_pools/pbt/coord_ring/baseline_seed_0_step_62.msgpack
LOADED: checkpoints/eval_pools/pbt/coord_ring/baseline_seed_1_step_62.msgpack
LOADED: checkpoints/eval_pools/pbt/coord_ring/baseline_seed_2_step_62.msgpack
LOADED: checkpoints/eval_pools/pbt/coord_ring/baseline_seed_3_step_62.msgpack
LOADED: checkpoints/eval_pools/pbt/coord_ring/baseline_seed_4_step_62.msgpack
Using alignment rollout scale: ALIGN_PAIR_BATCH_SIZE=2, ALIGN_EVAL_NUM_EPISODES=128, ALIGN_EVAL_NUM_STEPS=400
ALIGN ego[00] partner[00] R2=0.827003 NMSE=0.172997 shuffled_R2=-0.017814
ALIGN ego[00] partner[01] R2=0.794936 NMSE=0.205064 shuffled_R2=-0.019110
ALIGN ego[00] partner[02] R2=0.637161 NMSE=0.362839 shuffled_R2=-0.036658
ALIGN ego[00] partner[03] R2=0.830650 NMSE=0.169350 shuffled_R2=-0.019919
ALIGN ego[00] partner[04] R2=0.710119 NMSE=0.289881 shuffled_R2=-0.033195
ALIGN ego[01] partner[00] R2=0.810209 NMSE=0.189791 shuffled_R2=-0.015507
ALIGN ego[01] partner[01] R2=0.658579 NMSE=0.341421 shuffled_R2=-0.021825
ALIGN ego[01] partner[02] R2=0.541733 NMSE=0.458267 shuffled_R2=-0.055158
ALIGN ego[01] partner[03] R2=0.455557 NMSE=0.544443 shuffled_R2=-0.050541
ALIGN ego[01] partner[04] R2=0.797121 NMSE=0.202879 shuffled_R2=-0.013878
ALIGN ego[02] partner[00] R2=0.833045 NMSE=0.166955 shuffled_R2=-0.017127
ALIGN ego[02] partner[01] R2=0.627193 NMSE=0.372807 shuffled_R2=-0.037313
ALIGN ego[02] partner[02] R2=0.774260 NMSE=0.225740 shuffled_R2=-0.024657
ALIGN ego[02] partner[03] R2=0.854988 NMSE=0.145012 shuffled_R2=-0.015031
ALIGN ego[02] partner[04] R2=0.846046 NMSE=0.153954 shuffled_R2=-0.014636
ALIGN ego[03] partner[00] R2=0.788836 NMSE=0.211164 shuffled_R2=-0.014946
ALIGN ego[03] partner[01] R2=0.764734 NMSE=0.235266 shuffled_R2=-0.021539
ALIGN ego[03] partner[02] R2=0.724813 NMSE=0.275187 shuffled_R2=-0.044554
ALIGN ego[03] partner[03] R2=0.791263 NMSE=0.208737 shuffled_R2=-0.018275
ALIGN ego[03] partner[04] R2=0.222585 NMSE=0.777415 shuffled_R2=-0.041424
ALIGN ego[04] partner[00] R2=0.564189 NMSE=0.435811 shuffled_R2=-0.039264
ALIGN ego[04] partner[01] R2=0.811493 NMSE=0.188507 shuffled_R2=-0.016626
ALIGN ego[04] partner[02] R2=0.768142 NMSE=0.231858 shuffled_R2=-0.019084
ALIGN ego[04] partner[03] R2=0.674400 NMSE=0.325600 shuffled_R2=-0.033963
ALIGN ego[04] partner[04] R2=0.744049 NMSE=0.255951 shuffled_R2=-0.015908
Evaluating partner alignment group 3: method=sp, prefix=checkpoints/eval_pools/sp
LOADED: checkpoints/eval_pools/sp/coord_ring/baseline_seed_0_step_220.msgpack
LOADED: checkpoints/eval_pools/sp/coord_ring/baseline_seed_1_step_220.msgpack
LOADED: checkpoints/eval_pools/sp/coord_ring/baseline_seed_2_step_220.msgpack
LOADED: checkpoints/eval_pools/sp/coord_ring/baseline_seed_3_step_220.msgpack
LOADED: checkpoints/eval_pools/sp/coord_ring/baseline_seed_4_step_220.msgpack
Using alignment rollout scale: ALIGN_PAIR_BATCH_SIZE=2, ALIGN_EVAL_NUM_EPISODES=128, ALIGN_EVAL_NUM_STEPS=400
ALIGN ego[00] partner[00] R2=0.929938 NMSE=0.070062 shuffled_R2=-0.015080
ALIGN ego[00] partner[01] R2=0.821016 NMSE=0.178984 shuffled_R2=-0.034236
ALIGN ego[00] partner[02] R2=0.910710 NMSE=0.089290 shuffled_R2=-0.017165
ALIGN ego[00] partner[03] R2=0.905763 NMSE=0.094237 shuffled_R2=-0.018745
ALIGN ego[00] partner[04] R2=0.781094 NMSE=0.218906 shuffled_R2=-0.048509
ALIGN ego[01] partner[00] R2=0.850816 NMSE=0.149184 shuffled_R2=-0.015889
ALIGN ego[01] partner[01] R2=0.910430 NMSE=0.089570 shuffled_R2=-0.015278
ALIGN ego[01] partner[02] R2=0.880544 NMSE=0.119456 shuffled_R2=-0.022370
ALIGN ego[01] partner[03] R2=0.902741 NMSE=0.097259 shuffled_R2=-0.021229
ALIGN ego[01] partner[04] R2=0.919104 NMSE=0.080896 shuffled_R2=-0.014589
ALIGN ego[02] partner[00] R2=0.919590 NMSE=0.080410 shuffled_R2=-0.014691
ALIGN ego[02] partner[01] R2=0.920266 NMSE=0.079734 shuffled_R2=-0.016744
ALIGN ego[02] partner[02] R2=0.894661 NMSE=0.105339 shuffled_R2=-0.015238
ALIGN ego[02] partner[03] R2=0.877747 NMSE=0.122253 shuffled_R2=-0.024554
ALIGN ego[02] partner[04] R2=0.922568 NMSE=0.077432 shuffled_R2=-0.014251
ALIGN ego[03] partner[00] R2=0.884529 NMSE=0.115471 shuffled_R2=-0.015367
ALIGN ego[03] partner[01] R2=0.856350 NMSE=0.143650 shuffled_R2=-0.055006
ALIGN ego[03] partner[02] R2=0.882182 NMSE=0.117818 shuffled_R2=-0.021422
ALIGN ego[03] partner[03] R2=0.938976 NMSE=0.061024 shuffled_R2=-0.015881
ALIGN ego[03] partner[04] R2=0.942983 NMSE=0.057017 shuffled_R2=-0.011732
ALIGN ego[04] partner[00] R2=0.835572 NMSE=0.164428 shuffled_R2=-0.020445
ALIGN ego[04] partner[01] R2=0.890148 NMSE=0.109852 shuffled_R2=-0.016616
ALIGN ego[04] partner[02] R2=0.844651 NMSE=0.155349 shuffled_R2=-0.021319
ALIGN ego[04] partner[03] R2=0.908902 NMSE=0.091098 shuffled_R2=-0.020673
ALIGN ego[04] partner[04] R2=0.847526 NMSE=0.152474 shuffled_R2=-0.031724
Average ego-to-partner alignment R2: 0.842224 +- 0.011583 SE over 100 ego-partner pairs
Average alignment normalized MSE: 0.157776 +- 0.011583 SE
Average shuffled-control alignment R2: -0.024588 +- 0.001939 SE
Saved alignment results to ad_hoc_teamplay_results/lmpredV2005_ablate_ad_hoc_teamplay/coord_ring
Evaluating ad-hoc teamplay for ego_method=lmpredV2005_ablate, layout=asymm_advantages
ego_prefix=checkpoints/lmpredV2005_ablate/, partner_pool_specs=e3t:checkpoints/eval_pools/e3t;mep_br:checkpoints/eval_pools/mep_br;pbt:checkpoints/eval_pools/pbt;sp:checkpoints/eval_pools/sp, result_name=lmpredV2005_ablate_ad_hoc_teamplay, ego_perspective_transform=false
Cannot find primary config 'asymm_advantages'. Check that it's in your config search path.

Config search path:
	provider=hydra, path=pkg://hydra.conf
	provider=main, path=file:///net/scratch/n70579mp/tom/JaxMARL/baselines/overcookedv2/config/oc_extended/mep_br
	provider=schema, path=structured://

Set the environment variable HYDRA_FULL_ERROR=1 for a complete stack trace.
Importing submoduled environments...
Submoduled environments not found. Skipping import.
Evaluating ad-hoc teamplay for ego_method=lmpredV2005_ablate, layout=forced_coord
ego_prefix=checkpoints/lmpredV2005_ablate/, partner_pool_specs=e3t:checkpoints/eval_pools/e3t;mep_br:checkpoints/eval_pools/mep_br;pbt:checkpoints/eval_pools/pbt;sp:checkpoints/eval_pools/sp, result_name=lmpredV2005_ablate_ad_hoc_teamplay, ego_perspective_transform=false
Cannot find primary config 'forced_coord'. Check that it's in your config search path.

Config search path:
	provider=hydra, path=pkg://hydra.conf
	provider=main, path=file:///net/scratch/n70579mp/tom/JaxMARL/baselines/overcookedv2/config/oc_extended/mep_br
	provider=schema, path=structured://

Set the environment variable HYDRA_FULL_ERROR=1 for a complete stack trace.
Importing submoduled environments...
Submoduled environments not found. Skipping import.
Evaluating ad-hoc teamplay for ego_method=lmpredV202, layout=cramped_room5x5
ego_prefix=checkpoints/lmpredV202/, partner_pool_specs=e3t:checkpoints/eval_pools/e3t;mep_br:checkpoints/eval_pools/mep_br;pbt:checkpoints/eval_pools/pbt;sp:checkpoints/eval_pools/sp, result_name=lmpredV202_ad_hoc_teamplay, ego_perspective_transform=true
Importing submoduled environments...
Submoduled environments not found. Skipping import.
2026-07-05 16:27:43.959377: W external/xla/xla/service/gpu/autotuning/dot_search_space.cc:200] All configs were filtered out because none of them sufficiently match the hints. Maybe the hints set does not contain a good representative set of valid configs?Working around this by using the full hints set instead.
2026-07-05 16:27:45.000186: W external/xla/xla/service/gpu/autotuning/dot_search_space.cc:200] All configs were filtered out because none of them sufficiently match the hints. Maybe the hints set does not contain a good representative set of valid configs?Working around this by using the full hints set instead.
LOADED: checkpoints/lmpredV202/cramped_room5x5/baseline_seed_0_step_220.msgpack
LOADED: checkpoints/lmpredV202/cramped_room5x5/baseline_seed_1_step_220.msgpack
LOADED: checkpoints/lmpredV202/cramped_room5x5/baseline_seed_2_step_220.msgpack
LOADED: checkpoints/lmpredV202/cramped_room5x5/baseline_seed_3_step_220.msgpack
LOADED: checkpoints/lmpredV202/cramped_room5x5/baseline_seed_4_step_220.msgpack
Evaluating partner group 0: method=e3t, prefix=checkpoints/eval_pools/e3t
LOADED: checkpoints/eval_pools/e3t/cramped_room5x5/baseline_seed_0_step_220.msgpack
LOADED: checkpoints/eval_pools/e3t/cramped_room5x5/baseline_seed_1_step_220.msgpack
LOADED: checkpoints/eval_pools/e3t/cramped_room5x5/baseline_seed_2_step_220.msgpack
LOADED: checkpoints/eval_pools/e3t/cramped_room5x5/baseline_seed_3_step_220.msgpack
LOADED: checkpoints/eval_pools/e3t/cramped_room5x5/baseline_seed_4_step_220.msgpack
Using XP rollout scale: XP_PAIR_BATCH_SIZE=32, EVAL_NUM_EPISODES=128, EVAL_NUM_STEPS=400
XP ego[00] partner[00] = 196.094
XP ego[00] partner[01] = 219.219
XP ego[00] partner[02] = 227.344
XP ego[00] partner[03] = 232.188
XP ego[00] partner[04] = 226.875
XP ego[01] partner[00] = 217.188
XP ego[01] partner[01] = 223.438
XP ego[01] partner[02] = 231.875
XP ego[01] partner[03] = 218.438
XP ego[01] partner[04] = 210.938
XP ego[02] partner[00] = 216.250
XP ego[02] partner[01] = 190.312
XP ego[02] partner[02] = 244.688
XP ego[02] partner[03] = 218.906
XP ego[02] partner[04] = 149.531
XP ego[03] partner[00] = 205.312
XP ego[03] partner[01] = 227.969
XP ego[03] partner[02] = 240.156
XP ego[03] partner[03] = 235.625
XP ego[03] partner[04] = 205.781
XP ego[04] partner[00] = 194.531
XP ego[04] partner[01] = 177.656
XP ego[04] partner[02] = 225.625
XP ego[04] partner[03] = 229.062
XP ego[04] partner[04] = 229.688
Evaluating partner group 1: method=mep_br, prefix=checkpoints/eval_pools/mep_br
LOADED: checkpoints/eval_pools/mep_br/cramped_room5x5/baseline_seed_0_step_220.msgpack
LOADED: checkpoints/eval_pools/mep_br/cramped_room5x5/baseline_seed_1_step_220.msgpack
LOADED: checkpoints/eval_pools/mep_br/cramped_room5x5/baseline_seed_2_step_220.msgpack
LOADED: checkpoints/eval_pools/mep_br/cramped_room5x5/baseline_seed_3_step_220.msgpack
LOADED: checkpoints/eval_pools/mep_br/cramped_room5x5/baseline_seed_4_step_220.msgpack
Using XP rollout scale: XP_PAIR_BATCH_SIZE=32, EVAL_NUM_EPISODES=128, EVAL_NUM_STEPS=400
XP ego[00] partner[00] = 74.219
XP ego[00] partner[01] = 212.812
XP ego[00] partner[02] = 212.656
XP ego[00] partner[03] = 227.656
XP ego[00] partner[04] = 215.312
XP ego[01] partner[00] = 152.969
XP ego[01] partner[01] = 232.031
XP ego[01] partner[02] = 182.656
XP ego[01] partner[03] = 224.531
XP ego[01] partner[04] = 215.156
XP ego[02] partner[00] = 216.875
XP ego[02] partner[01] = 246.094
XP ego[02] partner[02] = 212.812
XP ego[02] partner[03] = 232.969
XP ego[02] partner[04] = 225.469
XP ego[03] partner[00] = 204.375
XP ego[03] partner[01] = 203.281
XP ego[03] partner[02] = 227.969
XP ego[03] partner[03] = 231.875
XP ego[03] partner[04] = 201.094
XP ego[04] partner[00] = 172.969
XP ego[04] partner[01] = 231.562
XP ego[04] partner[02] = 210.625
XP ego[04] partner[03] = 231.094
XP ego[04] partner[04] = 218.594
Evaluating partner group 2: method=pbt, prefix=checkpoints/eval_pools/pbt
LOADED: checkpoints/eval_pools/pbt/cramped_room5x5/baseline_seed_0_step_62.msgpack
LOADED: checkpoints/eval_pools/pbt/cramped_room5x5/baseline_seed_1_step_62.msgpack
LOADED: checkpoints/eval_pools/pbt/cramped_room5x5/baseline_seed_2_step_62.msgpack
LOADED: checkpoints/eval_pools/pbt/cramped_room5x5/baseline_seed_3_step_62.msgpack
LOADED: checkpoints/eval_pools/pbt/cramped_room5x5/baseline_seed_4_step_62.msgpack
Using XP rollout scale: XP_PAIR_BATCH_SIZE=32, EVAL_NUM_EPISODES=128, EVAL_NUM_STEPS=400
XP ego[00] partner[00] = 26.250
XP ego[00] partner[01] = 30.156
XP ego[00] partner[02] = 30.938
XP ego[00] partner[03] = 33.906
XP ego[00] partner[04] = 29.844
XP ego[01] partner[00] = 143.594
XP ego[01] partner[01] = 135.156
XP ego[01] partner[02] = 132.344
XP ego[01] partner[03] = 139.375
XP ego[01] partner[04] = 147.656
XP ego[02] partner[00] = 203.125
XP ego[02] partner[01] = 207.969
XP ego[02] partner[02] = 190.312
XP ego[02] partner[03] = 206.250
XP ego[02] partner[04] = 217.188
XP ego[03] partner[00] = 20.312
XP ego[03] partner[01] = 48.594
XP ego[03] partner[02] = 31.094
XP ego[03] partner[03] = 31.250
XP ego[03] partner[04] = 18.906
XP ego[04] partner[00] = 30.312
XP ego[04] partner[01] = 57.344
XP ego[04] partner[02] = 73.281
XP ego[04] partner[03] = 39.844
XP ego[04] partner[04] = 42.656
Evaluating partner group 3: method=sp, prefix=checkpoints/eval_pools/sp
LOADED: checkpoints/eval_pools/sp/cramped_room5x5/baseline_seed_0_step_220.msgpack
LOADED: checkpoints/eval_pools/sp/cramped_room5x5/baseline_seed_1_step_220.msgpack
LOADED: checkpoints/eval_pools/sp/cramped_room5x5/baseline_seed_2_step_220.msgpack
LOADED: checkpoints/eval_pools/sp/cramped_room5x5/baseline_seed_3_step_220.msgpack
LOADED: checkpoints/eval_pools/sp/cramped_room5x5/baseline_seed_4_step_220.msgpack
Using XP rollout scale: XP_PAIR_BATCH_SIZE=32, EVAL_NUM_EPISODES=128, EVAL_NUM_STEPS=400
XP ego[00] partner[00] = 219.062
XP ego[00] partner[01] = 183.750
XP ego[00] partner[02] = 200.625
XP ego[00] partner[03] = 232.031
XP ego[00] partner[04] = 195.312
XP ego[01] partner[00] = 222.031
XP ego[01] partner[01] = 207.969
XP ego[01] partner[02] = 210.312
XP ego[01] partner[03] = 232.812
XP ego[01] partner[04] = 217.500
XP ego[02] partner[00] = 212.500
XP ego[02] partner[01] = 169.531
XP ego[02] partner[02] = 222.656
XP ego[02] partner[03] = 240.781
XP ego[02] partner[04] = 209.688
XP ego[03] partner[00] = 214.375
XP ego[03] partner[01] = 202.188
XP ego[03] partner[02] = 215.938
XP ego[03] partner[03] = 234.062
XP ego[03] partner[04] = 216.562
XP ego[04] partner[00] = 217.812
XP ego[04] partner[01] = 208.281
XP ego[04] partner[02] = 207.969
XP ego[04] partner[03] = 237.500
XP ego[04] partner[04] = 226.250
Average ego-vs-partner performance: 182.375 +- 6.757 SE over 100 ordered pairs
Average diagonal performance: 225.906 +- 8.235 SE over 5 pairs
Average off-diagonal performance (only for square pools): nan +- nan SE over 0 ordered pairs
Saved ad-hoc teamplay results to ad_hoc_teamplay_results/lmpredV202_ad_hoc_teamplay/cramped_room5x5
Saved ad-hoc teamplay heatmap to ad_hoc_teamplay_results/lmpredV202_ad_hoc_teamplay/cramped_room5x5/xp_matrix.png
Evaluating partner alignment group 0: method=e3t, prefix=checkpoints/eval_pools/e3t
LOADED: checkpoints/eval_pools/e3t/cramped_room5x5/baseline_seed_0_step_220.msgpack
LOADED: checkpoints/eval_pools/e3t/cramped_room5x5/baseline_seed_1_step_220.msgpack
LOADED: checkpoints/eval_pools/e3t/cramped_room5x5/baseline_seed_2_step_220.msgpack
LOADED: checkpoints/eval_pools/e3t/cramped_room5x5/baseline_seed_3_step_220.msgpack
LOADED: checkpoints/eval_pools/e3t/cramped_room5x5/baseline_seed_4_step_220.msgpack
Using alignment rollout scale: ALIGN_PAIR_BATCH_SIZE=2, ALIGN_EVAL_NUM_EPISODES=128, ALIGN_EVAL_NUM_STEPS=400
ALIGN ego[00] partner[00] R2=0.935446 NMSE=0.064554 shuffled_R2=-0.018178
ALIGN ego[00] partner[01] R2=0.945613 NMSE=0.054387 shuffled_R2=-0.024438
ALIGN ego[00] partner[02] R2=0.950486 NMSE=0.049514 shuffled_R2=-0.019166
ALIGN ego[00] partner[03] R2=0.877475 NMSE=0.122525 shuffled_R2=-0.045089
ALIGN ego[00] partner[04] R2=0.509744 NMSE=0.490256 shuffled_R2=-0.223963
ALIGN ego[01] partner[00] R2=0.939818 NMSE=0.060182 shuffled_R2=-0.016888
ALIGN ego[01] partner[01] R2=0.924136 NMSE=0.075864 shuffled_R2=-0.023780
ALIGN ego[01] partner[02] R2=0.925001 NMSE=0.074999 shuffled_R2=-0.027574
ALIGN ego[01] partner[03] R2=0.919226 NMSE=0.080774 shuffled_R2=-0.019553
ALIGN ego[01] partner[04] R2=0.949056 NMSE=0.050944 shuffled_R2=-0.015431
ALIGN ego[02] partner[00] R2=0.869674 NMSE=0.130326 shuffled_R2=-0.034205
ALIGN ego[02] partner[01] R2=0.758809 NMSE=0.241191 shuffled_R2=-0.069821
ALIGN ego[02] partner[02] R2=0.962261 NMSE=0.037739 shuffled_R2=-0.016941
ALIGN ego[02] partner[03] R2=0.936468 NMSE=0.063532 shuffled_R2=-0.018735
ALIGN ego[02] partner[04] R2=0.962945 NMSE=0.037055 shuffled_R2=-0.015484
ALIGN ego[03] partner[00] R2=0.937475 NMSE=0.062525 shuffled_R2=-0.020068
ALIGN ego[03] partner[01] R2=0.916553 NMSE=0.083447 shuffled_R2=-0.028213
ALIGN ego[03] partner[02] R2=0.940840 NMSE=0.059160 shuffled_R2=-0.017990
ALIGN ego[03] partner[03] R2=0.924651 NMSE=0.075349 shuffled_R2=-0.019738
ALIGN ego[03] partner[04] R2=0.961602 NMSE=0.038398 shuffled_R2=-0.015870
ALIGN ego[04] partner[00] R2=0.950348 NMSE=0.049652 shuffled_R2=-0.017130
ALIGN ego[04] partner[01] R2=0.944182 NMSE=0.055818 shuffled_R2=-0.018657
ALIGN ego[04] partner[02] R2=0.942988 NMSE=0.057012 shuffled_R2=-0.016556
ALIGN ego[04] partner[03] R2=0.838846 NMSE=0.161154 shuffled_R2=-0.037424
ALIGN ego[04] partner[04] R2=0.954118 NMSE=0.045882 shuffled_R2=-0.016696
Evaluating partner alignment group 1: method=mep_br, prefix=checkpoints/eval_pools/mep_br
LOADED: checkpoints/eval_pools/mep_br/cramped_room5x5/baseline_seed_0_step_220.msgpack
LOADED: checkpoints/eval_pools/mep_br/cramped_room5x5/baseline_seed_1_step_220.msgpack
LOADED: checkpoints/eval_pools/mep_br/cramped_room5x5/baseline_seed_2_step_220.msgpack
LOADED: checkpoints/eval_pools/mep_br/cramped_room5x5/baseline_seed_3_step_220.msgpack
LOADED: checkpoints/eval_pools/mep_br/cramped_room5x5/baseline_seed_4_step_220.msgpack
Using alignment rollout scale: ALIGN_PAIR_BATCH_SIZE=2, ALIGN_EVAL_NUM_EPISODES=128, ALIGN_EVAL_NUM_STEPS=400
ALIGN ego[00] partner[00] R2=0.945076 NMSE=0.054924 shuffled_R2=-0.016748
ALIGN ego[00] partner[01] R2=0.943636 NMSE=0.056364 shuffled_R2=-0.017623
ALIGN ego[00] partner[02] R2=0.942524 NMSE=0.057476 shuffled_R2=-0.016909
ALIGN ego[00] partner[03] R2=0.956672 NMSE=0.043328 shuffled_R2=-0.017234
ALIGN ego[00] partner[04] R2=0.950685 NMSE=0.049315 shuffled_R2=-0.015199
ALIGN ego[01] partner[00] R2=0.888489 NMSE=0.111511 shuffled_R2=-0.025632
ALIGN ego[01] partner[01] R2=0.952062 NMSE=0.047938 shuffled_R2=-0.018231
ALIGN ego[01] partner[02] R2=0.930254 NMSE=0.069746 shuffled_R2=-0.013795
ALIGN ego[01] partner[03] R2=0.944474 NMSE=0.055526 shuffled_R2=-0.021209
ALIGN ego[01] partner[04] R2=0.941472 NMSE=0.058528 shuffled_R2=-0.020364
ALIGN ego[02] partner[00] R2=0.952879 NMSE=0.047121 shuffled_R2=-0.018524
ALIGN ego[02] partner[01] R2=0.960710 NMSE=0.039290 shuffled_R2=-0.015505
ALIGN ego[02] partner[02] R2=0.960303 NMSE=0.039697 shuffled_R2=-0.019139
ALIGN ego[02] partner[03] R2=0.954020 NMSE=0.045980 shuffled_R2=-0.018062
ALIGN ego[02] partner[04] R2=0.895718 NMSE=0.104282 shuffled_R2=-0.038049
ALIGN ego[03] partner[00] R2=0.942780 NMSE=0.057220 shuffled_R2=-0.021446
ALIGN ego[03] partner[01] R2=0.944753 NMSE=0.055247 shuffled_R2=-0.016054
ALIGN ego[03] partner[02] R2=0.947629 NMSE=0.052371 shuffled_R2=-0.017910
ALIGN ego[03] partner[03] R2=0.908427 NMSE=0.091573 shuffled_R2=-0.019385
ALIGN ego[03] partner[04] R2=0.962698 NMSE=0.037302 shuffled_R2=-0.014517
ALIGN ego[04] partner[00] R2=0.907682 NMSE=0.092318 shuffled_R2=-0.021185
ALIGN ego[04] partner[01] R2=0.931745 NMSE=0.068255 shuffled_R2=-0.018918
ALIGN ego[04] partner[02] R2=0.921223 NMSE=0.078777 shuffled_R2=-0.015997
ALIGN ego[04] partner[03] R2=0.957586 NMSE=0.042414 shuffled_R2=-0.015016
ALIGN ego[04] partner[04] R2=0.948040 NMSE=0.051960 shuffled_R2=-0.020809
Evaluating partner alignment group 2: method=pbt, prefix=checkpoints/eval_pools/pbt
LOADED: checkpoints/eval_pools/pbt/cramped_room5x5/baseline_seed_0_step_62.msgpack
LOADED: checkpoints/eval_pools/pbt/cramped_room5x5/baseline_seed_1_step_62.msgpack
LOADED: checkpoints/eval_pools/pbt/cramped_room5x5/baseline_seed_2_step_62.msgpack
LOADED: checkpoints/eval_pools/pbt/cramped_room5x5/baseline_seed_3_step_62.msgpack
LOADED: checkpoints/eval_pools/pbt/cramped_room5x5/baseline_seed_4_step_62.msgpack
Using alignment rollout scale: ALIGN_PAIR_BATCH_SIZE=2, ALIGN_EVAL_NUM_EPISODES=128, ALIGN_EVAL_NUM_STEPS=400
ALIGN ego[00] partner[00] R2=0.586930 NMSE=0.413070 shuffled_R2=-0.064390
ALIGN ego[00] partner[01] R2=0.107359 NMSE=0.892641 shuffled_R2=-0.175701
ALIGN ego[00] partner[02] R2=0.673931 NMSE=0.326069 shuffled_R2=-0.045914
ALIGN ego[00] partner[03] R2=0.631599 NMSE=0.368401 shuffled_R2=-0.110934
ALIGN ego[00] partner[04] R2=0.080850 NMSE=0.919150 shuffled_R2=-0.066913
ALIGN ego[01] partner[00] R2=0.894542 NMSE=0.105458 shuffled_R2=-0.016628
ALIGN ego[01] partner[01] R2=0.901162 NMSE=0.098838 shuffled_R2=-0.022610
ALIGN ego[01] partner[02] R2=0.866957 NMSE=0.133043 shuffled_R2=-0.018375
ALIGN ego[01] partner[03] R2=0.694897 NMSE=0.305103 shuffled_R2=-0.082402
ALIGN ego[01] partner[04] R2=0.896158 NMSE=0.103842 shuffled_R2=-0.018167
ALIGN ego[02] partner[00] R2=0.871010 NMSE=0.128990 shuffled_R2=-0.014561
ALIGN ego[02] partner[01] R2=0.694171 NMSE=0.305829 shuffled_R2=-0.070937
ALIGN ego[02] partner[02] R2=0.845699 NMSE=0.154301 shuffled_R2=-0.015962
ALIGN ego[02] partner[03] R2=0.859910 NMSE=0.140090 shuffled_R2=-0.015768
ALIGN ego[02] partner[04] R2=0.892154 NMSE=0.107846 shuffled_R2=-0.015094
ALIGN ego[03] partner[00] R2=0.868740 NMSE=0.131260 shuffled_R2=-0.017666
ALIGN ego[03] partner[01] R2=0.574064 NMSE=0.425936 shuffled_R2=-0.076944
ALIGN ego[03] partner[02] R2=0.673520 NMSE=0.326480 shuffled_R2=-0.104160
ALIGN ego[03] partner[03] R2=0.777253 NMSE=0.222747 shuffled_R2=-0.038116
ALIGN ego[03] partner[04] R2=0.754983 NMSE=0.245017 shuffled_R2=-0.058741
ALIGN ego[04] partner[00] R2=0.774681 NMSE=0.225319 shuffled_R2=-0.056572
ALIGN ego[04] partner[01] R2=0.766706 NMSE=0.233294 shuffled_R2=-0.025118
ALIGN ego[04] partner[02] R2=0.451756 NMSE=0.548244 shuffled_R2=-0.111196
ALIGN ego[04] partner[03] R2=0.811313 NMSE=0.188687 shuffled_R2=-0.053326
ALIGN ego[04] partner[04] R2=0.768442 NMSE=0.231558 shuffled_R2=-0.053151
Evaluating partner alignment group 3: method=sp, prefix=checkpoints/eval_pools/sp
LOADED: checkpoints/eval_pools/sp/cramped_room5x5/baseline_seed_0_step_220.msgpack
LOADED: checkpoints/eval_pools/sp/cramped_room5x5/baseline_seed_1_step_220.msgpack
LOADED: checkpoints/eval_pools/sp/cramped_room5x5/baseline_seed_2_step_220.msgpack
LOADED: checkpoints/eval_pools/sp/cramped_room5x5/baseline_seed_3_step_220.msgpack
LOADED: checkpoints/eval_pools/sp/cramped_room5x5/baseline_seed_4_step_220.msgpack
Using alignment rollout scale: ALIGN_PAIR_BATCH_SIZE=2, ALIGN_EVAL_NUM_EPISODES=128, ALIGN_EVAL_NUM_STEPS=400
ALIGN ego[00] partner[00] R2=0.891275 NMSE=0.108725 shuffled_R2=-0.042855
ALIGN ego[00] partner[01] R2=0.963706 NMSE=0.036294 shuffled_R2=-0.012610
ALIGN ego[00] partner[02] R2=0.950998 NMSE=0.049002 shuffled_R2=-0.015194
ALIGN ego[00] partner[03] R2=0.945563 NMSE=0.054437 shuffled_R2=-0.018658
ALIGN ego[00] partner[04] R2=0.949509 NMSE=0.050491 shuffled_R2=-0.016973
ALIGN ego[01] partner[00] R2=0.938238 NMSE=0.061762 shuffled_R2=-0.017013
ALIGN ego[01] partner[01] R2=0.959758 NMSE=0.040242 shuffled_R2=-0.014286
ALIGN ego[01] partner[02] R2=0.934609 NMSE=0.065391 shuffled_R2=-0.021669
ALIGN ego[01] partner[03] R2=0.938719 NMSE=0.061281 shuffled_R2=-0.018500
ALIGN ego[01] partner[04] R2=0.921949 NMSE=0.078051 shuffled_R2=-0.038464
ALIGN ego[02] partner[00] R2=0.947105 NMSE=0.052895 shuffled_R2=-0.019894
ALIGN ego[02] partner[01] R2=0.952607 NMSE=0.047393 shuffled_R2=-0.017454
ALIGN ego[02] partner[02] R2=0.908066 NMSE=0.091934 shuffled_R2=-0.068330
ALIGN ego[02] partner[03] R2=0.962090 NMSE=0.037910 shuffled_R2=-0.015658
ALIGN ego[02] partner[04] R2=0.957767 NMSE=0.042233 shuffled_R2=-0.017429
ALIGN ego[03] partner[00] R2=0.878115 NMSE=0.121885 shuffled_R2=-0.033080
ALIGN ego[03] partner[01] R2=0.958060 NMSE=0.041940 shuffled_R2=-0.022526
ALIGN ego[03] partner[02] R2=0.960991 NMSE=0.039009 shuffled_R2=-0.015190
ALIGN ego[03] partner[03] R2=0.952078 NMSE=0.047922 shuffled_R2=-0.015863
ALIGN ego[03] partner[04] R2=0.968137 NMSE=0.031863 shuffled_R2=-0.016252
ALIGN ego[04] partner[00] R2=0.914216 NMSE=0.085784 shuffled_R2=-0.030620
ALIGN ego[04] partner[01] R2=0.963648 NMSE=0.036352 shuffled_R2=-0.016622
ALIGN ego[04] partner[02] R2=0.960721 NMSE=0.039279 shuffled_R2=-0.015981
ALIGN ego[04] partner[03] R2=0.952471 NMSE=0.047529 shuffled_R2=-0.013146
ALIGN ego[04] partner[04] R2=0.962113 NMSE=0.037887 shuffled_R2=-0.013493
Average ego-to-partner alignment R2: 0.874806 +- 0.015334 SE over 100 ego-partner pairs
Average alignment normalized MSE: 0.125194 +- 0.015334 SE
Average shuffled-control alignment R2: -0.031682 +- 0.003245 SE
Saved alignment results to ad_hoc_teamplay_results/lmpredV202_ad_hoc_teamplay/cramped_room5x5
Evaluating ad-hoc teamplay for ego_method=lmpredV202, layout=counter_circuit
ego_prefix=checkpoints/lmpredV202/, partner_pool_specs=e3t:checkpoints/eval_pools/e3t;mep_br:checkpoints/eval_pools/mep_br;pbt:checkpoints/eval_pools/pbt;sp:checkpoints/eval_pools/sp, result_name=lmpredV202_ad_hoc_teamplay, ego_perspective_transform=true
Importing submoduled environments...
Submoduled environments not found. Skipping import.
2026-07-05 16:31:22.189612: W external/xla/xla/service/gpu/autotuning/dot_search_space.cc:200] All configs were filtered out because none of them sufficiently match the hints. Maybe the hints set does not contain a good representative set of valid configs?Working around this by using the full hints set instead.
2026-07-05 16:31:23.188598: W external/xla/xla/service/gpu/autotuning/dot_search_space.cc:200] All configs were filtered out because none of them sufficiently match the hints. Maybe the hints set does not contain a good representative set of valid configs?Working around this by using the full hints set instead.
LOADED: checkpoints/lmpredV202/counter_circuit/baseline_seed_0_step_380.msgpack
LOADED: checkpoints/lmpredV202/counter_circuit/baseline_seed_1_step_380.msgpack
LOADED: checkpoints/lmpredV202/counter_circuit/baseline_seed_2_step_380.msgpack
LOADED: checkpoints/lmpredV202/counter_circuit/baseline_seed_3_step_380.msgpack
LOADED: checkpoints/lmpredV202/counter_circuit/baseline_seed_4_step_380.msgpack
Evaluating partner group 0: method=e3t, prefix=checkpoints/eval_pools/e3t
LOADED: checkpoints/eval_pools/e3t/counter_circuit/baseline_seed_0_step_220.msgpack
LOADED: checkpoints/eval_pools/e3t/counter_circuit/baseline_seed_1_step_220.msgpack
LOADED: checkpoints/eval_pools/e3t/counter_circuit/baseline_seed_2_step_220.msgpack
LOADED: checkpoints/eval_pools/e3t/counter_circuit/baseline_seed_3_step_220.msgpack
LOADED: checkpoints/eval_pools/e3t/counter_circuit/baseline_seed_4_step_220.msgpack
Using XP rollout scale: XP_PAIR_BATCH_SIZE=32, EVAL_NUM_EPISODES=128, EVAL_NUM_STEPS=400
XP ego[00] partner[00] = 132.031
XP ego[00] partner[01] = 145.156
XP ego[00] partner[02] = 71.562
XP ego[00] partner[03] = 10.938
XP ego[00] partner[04] = 65.938
XP ego[01] partner[00] = 156.094
XP ego[01] partner[01] = 120.469
XP ego[01] partner[02] = 132.188
XP ego[01] partner[03] = 8.438
XP ego[01] partner[04] = 115.625
XP ego[02] partner[00] = 148.750
XP ego[02] partner[01] = 151.562
XP ego[02] partner[02] = 109.219
XP ego[02] partner[03] = 45.312
XP ego[02] partner[04] = 116.562
XP ego[03] partner[00] = 160.000
XP ego[03] partner[01] = 128.594
XP ego[03] partner[02] = 168.125
XP ego[03] partner[03] = 38.125
XP ego[03] partner[04] = 105.312
XP ego[04] partner[00] = 132.656
XP ego[04] partner[01] = 124.531
XP ego[04] partner[02] = 89.844
XP ego[04] partner[03] = 20.156
XP ego[04] partner[04] = 94.531
Evaluating partner group 1: method=mep_br, prefix=checkpoints/eval_pools/mep_br
LOADED: checkpoints/eval_pools/mep_br/counter_circuit/baseline_seed_0_step_380.msgpack
LOADED: checkpoints/eval_pools/mep_br/counter_circuit/baseline_seed_1_step_380.msgpack
LOADED: checkpoints/eval_pools/mep_br/counter_circuit/baseline_seed_2_step_380.msgpack
LOADED: checkpoints/eval_pools/mep_br/counter_circuit/baseline_seed_3_step_380.msgpack
LOADED: checkpoints/eval_pools/mep_br/counter_circuit/baseline_seed_4_step_380.msgpack
Using XP rollout scale: XP_PAIR_BATCH_SIZE=32, EVAL_NUM_EPISODES=128, EVAL_NUM_STEPS=400
XP ego[00] partner[00] = 169.531
XP ego[00] partner[01] = 169.844
XP ego[00] partner[02] = 180.312
XP ego[00] partner[03] = 153.750
XP ego[00] partner[04] = 141.562
XP ego[01] partner[00] = 214.844
XP ego[01] partner[01] = 187.500
XP ego[01] partner[02] = 226.875
XP ego[01] partner[03] = 202.812
XP ego[01] partner[04] = 205.000
XP ego[02] partner[00] = 208.906
XP ego[02] partner[01] = 184.062
XP ego[02] partner[02] = 216.562
XP ego[02] partner[03] = 196.094
XP ego[02] partner[04] = 176.250
XP ego[03] partner[00] = 48.906
XP ego[03] partner[01] = 80.312
XP ego[03] partner[02] = 138.281
XP ego[03] partner[03] = 117.500
XP ego[03] partner[04] = 60.781
XP ego[04] partner[00] = 169.062
XP ego[04] partner[01] = 130.156
XP ego[04] partner[02] = 163.750
XP ego[04] partner[03] = 146.250
XP ego[04] partner[04] = 158.281
Evaluating partner group 2: method=pbt, prefix=checkpoints/eval_pools/pbt
LOADED: checkpoints/eval_pools/pbt/counter_circuit/baseline_seed_0_step_62.msgpack
LOADED: checkpoints/eval_pools/pbt/counter_circuit/baseline_seed_1_step_62.msgpack
LOADED: checkpoints/eval_pools/pbt/counter_circuit/baseline_seed_2_step_62.msgpack
LOADED: checkpoints/eval_pools/pbt/counter_circuit/baseline_seed_3_step_62.msgpack
LOADED: checkpoints/eval_pools/pbt/counter_circuit/baseline_seed_4_step_62.msgpack
Using XP rollout scale: XP_PAIR_BATCH_SIZE=32, EVAL_NUM_EPISODES=128, EVAL_NUM_STEPS=400
XP ego[00] partner[00] = 175.625
XP ego[00] partner[01] = 174.844
XP ego[00] partner[02] = 175.156
XP ego[00] partner[03] = 168.438
XP ego[00] partner[04] = 176.562
XP ego[01] partner[00] = 199.375
XP ego[01] partner[01] = 203.750
XP ego[01] partner[02] = 206.250
XP ego[01] partner[03] = 181.250
XP ego[01] partner[04] = 202.188
XP ego[02] partner[00] = 149.531
XP ego[02] partner[01] = 153.125
XP ego[02] partner[02] = 141.875
XP ego[02] partner[03] = 141.719
XP ego[02] partner[04] = 148.125
XP ego[03] partner[00] = 148.125
XP ego[03] partner[01] = 139.375
XP ego[03] partner[02] = 144.531
XP ego[03] partner[03] = 148.438
XP ego[03] partner[04] = 182.500
XP ego[04] partner[00] = 179.844
XP ego[04] partner[01] = 183.594
XP ego[04] partner[02] = 173.281
XP ego[04] partner[03] = 173.750
XP ego[04] partner[04] = 186.250
Evaluating partner group 3: method=sp, prefix=checkpoints/eval_pools/sp
LOADED: checkpoints/eval_pools/sp/counter_circuit/baseline_seed_0_step_380.msgpack
LOADED: checkpoints/eval_pools/sp/counter_circuit/baseline_seed_1_step_380.msgpack
LOADED: checkpoints/eval_pools/sp/counter_circuit/baseline_seed_2_step_380.msgpack
LOADED: checkpoints/eval_pools/sp/counter_circuit/baseline_seed_3_step_380.msgpack
LOADED: checkpoints/eval_pools/sp/counter_circuit/baseline_seed_4_step_380.msgpack
Using XP rollout scale: XP_PAIR_BATCH_SIZE=32, EVAL_NUM_EPISODES=128, EVAL_NUM_STEPS=400
XP ego[00] partner[00] = 154.219
XP ego[00] partner[01] = 65.312
XP ego[00] partner[02] = 178.125
XP ego[00] partner[03] = 178.281
XP ego[00] partner[04] = 177.188
XP ego[01] partner[00] = 170.938
XP ego[01] partner[01] = 158.906
XP ego[01] partner[02] = 192.812
XP ego[01] partner[03] = 217.344
XP ego[01] partner[04] = 186.250
XP ego[02] partner[00] = 122.812
XP ego[02] partner[01] = 136.094
XP ego[02] partner[02] = 155.469
XP ego[02] partner[03] = 199.219
XP ego[02] partner[04] = 152.188
XP ego[03] partner[00] = 120.625
XP ego[03] partner[01] = 103.750
XP ego[03] partner[02] = 126.094
XP ego[03] partner[03] = 155.156
XP ego[03] partner[04] = 120.938
XP ego[04] partner[00] = 156.406
XP ego[04] partner[01] = 168.125
XP ego[04] partner[02] = 185.156
XP ego[04] partner[03] = 163.594
XP ego[04] partner[04] = 172.344
Average ego-vs-partner performance: 148.137 +- 4.646 SE over 100 ordered pairs
Average diagonal performance: 98.875 +- 16.404 SE over 5 pairs
Average off-diagonal performance (only for square pools): nan +- nan SE over 0 ordered pairs
Saved ad-hoc teamplay results to ad_hoc_teamplay_results/lmpredV202_ad_hoc_teamplay/counter_circuit
Saved ad-hoc teamplay heatmap to ad_hoc_teamplay_results/lmpredV202_ad_hoc_teamplay/counter_circuit/xp_matrix.png
Evaluating partner alignment group 0: method=e3t, prefix=checkpoints/eval_pools/e3t
LOADED: checkpoints/eval_pools/e3t/counter_circuit/baseline_seed_0_step_220.msgpack
LOADED: checkpoints/eval_pools/e3t/counter_circuit/baseline_seed_1_step_220.msgpack
LOADED: checkpoints/eval_pools/e3t/counter_circuit/baseline_seed_2_step_220.msgpack
LOADED: checkpoints/eval_pools/e3t/counter_circuit/baseline_seed_3_step_220.msgpack
LOADED: checkpoints/eval_pools/e3t/counter_circuit/baseline_seed_4_step_220.msgpack
Using alignment rollout scale: ALIGN_PAIR_BATCH_SIZE=2, ALIGN_EVAL_NUM_EPISODES=128, ALIGN_EVAL_NUM_STEPS=400
ALIGN ego[00] partner[00] R2=0.785005 NMSE=0.214995 shuffled_R2=-0.017024
ALIGN ego[00] partner[01] R2=0.766518 NMSE=0.233482 shuffled_R2=-0.019966
ALIGN ego[00] partner[02] R2=0.740872 NMSE=0.259128 shuffled_R2=-0.019566
ALIGN ego[00] partner[03] R2=0.687929 NMSE=0.312071 shuffled_R2=-0.062516
ALIGN ego[00] partner[04] R2=0.852839 NMSE=0.147161 shuffled_R2=-0.019275
ALIGN ego[01] partner[00] R2=0.731349 NMSE=0.268651 shuffled_R2=-0.018901
ALIGN ego[01] partner[01] R2=0.741315 NMSE=0.258685 shuffled_R2=-0.018470
ALIGN ego[01] partner[02] R2=0.739847 NMSE=0.260153 shuffled_R2=-0.017423
ALIGN ego[01] partner[03] R2=0.778478 NMSE=0.221522 shuffled_R2=-0.035220
ALIGN ego[01] partner[04] R2=0.636216 NMSE=0.363784 shuffled_R2=-0.035991
ALIGN ego[02] partner[00] R2=0.772978 NMSE=0.227022 shuffled_R2=-0.015935
ALIGN ego[02] partner[01] R2=0.767314 NMSE=0.232686 shuffled_R2=-0.016149
ALIGN ego[02] partner[02] R2=0.680047 NMSE=0.319953 shuffled_R2=-0.022026
ALIGN ego[02] partner[03] R2=0.791881 NMSE=0.208119 shuffled_R2=-0.017581
ALIGN ego[02] partner[04] R2=0.841048 NMSE=0.158952 shuffled_R2=-0.014190
ALIGN ego[03] partner[00] R2=0.800034 NMSE=0.199966 shuffled_R2=-0.013837
ALIGN ego[03] partner[01] R2=0.731462 NMSE=0.268538 shuffled_R2=-0.019746
ALIGN ego[03] partner[02] R2=0.728776 NMSE=0.271224 shuffled_R2=-0.016644
ALIGN ego[03] partner[03] R2=0.801370 NMSE=0.198630 shuffled_R2=-0.021789
ALIGN ego[03] partner[04] R2=0.731361 NMSE=0.268639 shuffled_R2=-0.022137
ALIGN ego[04] partner[00] R2=0.768331 NMSE=0.231669 shuffled_R2=-0.015966
ALIGN ego[04] partner[01] R2=0.755654 NMSE=0.244346 shuffled_R2=-0.017754
ALIGN ego[04] partner[02] R2=0.726097 NMSE=0.273903 shuffled_R2=-0.020290
ALIGN ego[04] partner[03] R2=0.815058 NMSE=0.184942 shuffled_R2=-0.051718
ALIGN ego[04] partner[04] R2=0.708915 NMSE=0.291085 shuffled_R2=-0.022791
Evaluating partner alignment group 1: method=mep_br, prefix=checkpoints/eval_pools/mep_br
LOADED: checkpoints/eval_pools/mep_br/counter_circuit/baseline_seed_0_step_380.msgpack
LOADED: checkpoints/eval_pools/mep_br/counter_circuit/baseline_seed_1_step_380.msgpack
LOADED: checkpoints/eval_pools/mep_br/counter_circuit/baseline_seed_2_step_380.msgpack
LOADED: checkpoints/eval_pools/mep_br/counter_circuit/baseline_seed_3_step_380.msgpack
LOADED: checkpoints/eval_pools/mep_br/counter_circuit/baseline_seed_4_step_380.msgpack
Using alignment rollout scale: ALIGN_PAIR_BATCH_SIZE=2, ALIGN_EVAL_NUM_EPISODES=128, ALIGN_EVAL_NUM_STEPS=400
ALIGN ego[00] partner[00] R2=0.829203 NMSE=0.170797 shuffled_R2=-0.014852
ALIGN ego[00] partner[01] R2=0.821839 NMSE=0.178161 shuffled_R2=-0.016382
ALIGN ego[00] partner[02] R2=0.841514 NMSE=0.158486 shuffled_R2=-0.016377
ALIGN ego[00] partner[03] R2=0.844656 NMSE=0.155344 shuffled_R2=-0.015113
ALIGN ego[00] partner[04] R2=0.789069 NMSE=0.210931 shuffled_R2=-0.017829
ALIGN ego[01] partner[00] R2=0.852159 NMSE=0.147841 shuffled_R2=-0.017182
ALIGN ego[01] partner[01] R2=0.802066 NMSE=0.197934 shuffled_R2=-0.019377
ALIGN ego[01] partner[02] R2=0.861940 NMSE=0.138060 shuffled_R2=-0.014741
ALIGN ego[01] partner[03] R2=0.862160 NMSE=0.137840 shuffled_R2=-0.014435
ALIGN ego[01] partner[04] R2=0.806850 NMSE=0.193150 shuffled_R2=-0.015608
ALIGN ego[02] partner[00] R2=0.858763 NMSE=0.141237 shuffled_R2=-0.016250
ALIGN ego[02] partner[01] R2=0.741741 NMSE=0.258259 shuffled_R2=-0.028000
ALIGN ego[02] partner[02] R2=0.839183 NMSE=0.160817 shuffled_R2=-0.020147
ALIGN ego[02] partner[03] R2=0.840581 NMSE=0.159419 shuffled_R2=-0.017666
ALIGN ego[02] partner[04] R2=0.732430 NMSE=0.267570 shuffled_R2=-0.019013
ALIGN ego[03] partner[00] R2=0.836101 NMSE=0.163899 shuffled_R2=-0.018501
ALIGN ego[03] partner[01] R2=0.843667 NMSE=0.156333 shuffled_R2=-0.022201
ALIGN ego[03] partner[02] R2=0.799040 NMSE=0.200960 shuffled_R2=-0.022844
ALIGN ego[03] partner[03] R2=0.849596 NMSE=0.150404 shuffled_R2=-0.017761
ALIGN ego[03] partner[04] R2=0.865757 NMSE=0.134243 shuffled_R2=-0.017095
ALIGN ego[04] partner[00] R2=0.806673 NMSE=0.193327 shuffled_R2=-0.017364
ALIGN ego[04] partner[01] R2=0.801921 NMSE=0.198079 shuffled_R2=-0.024186
ALIGN ego[04] partner[02] R2=0.836526 NMSE=0.163474 shuffled_R2=-0.017387
ALIGN ego[04] partner[03] R2=0.810687 NMSE=0.189313 shuffled_R2=-0.015212
ALIGN ego[04] partner[04] R2=0.703016 NMSE=0.296984 shuffled_R2=-0.019480
Evaluating partner alignment group 2: method=pbt, prefix=checkpoints/eval_pools/pbt
LOADED: checkpoints/eval_pools/pbt/counter_circuit/baseline_seed_0_step_62.msgpack
LOADED: checkpoints/eval_pools/pbt/counter_circuit/baseline_seed_1_step_62.msgpack
LOADED: checkpoints/eval_pools/pbt/counter_circuit/baseline_seed_2_step_62.msgpack
LOADED: checkpoints/eval_pools/pbt/counter_circuit/baseline_seed_3_step_62.msgpack
LOADED: checkpoints/eval_pools/pbt/counter_circuit/baseline_seed_4_step_62.msgpack
Using alignment rollout scale: ALIGN_PAIR_BATCH_SIZE=2, ALIGN_EVAL_NUM_EPISODES=128, ALIGN_EVAL_NUM_STEPS=400
ALIGN ego[00] partner[00] R2=0.809042 NMSE=0.190958 shuffled_R2=-0.014521
ALIGN ego[00] partner[01] R2=0.799855 NMSE=0.200145 shuffled_R2=-0.018230
ALIGN ego[00] partner[02] R2=0.625053 NMSE=0.374947 shuffled_R2=-0.026728
ALIGN ego[00] partner[03] R2=0.658190 NMSE=0.341810 shuffled_R2=-0.033573
ALIGN ego[00] partner[04] R2=0.782563 NMSE=0.217437 shuffled_R2=-0.017715
ALIGN ego[01] partner[00] R2=0.721652 NMSE=0.278348 shuffled_R2=-0.018294
ALIGN ego[01] partner[01] R2=0.671589 NMSE=0.328411 shuffled_R2=-0.024519
ALIGN ego[01] partner[02] R2=0.723088 NMSE=0.276912 shuffled_R2=-0.016508
ALIGN ego[01] partner[03] R2=0.739158 NMSE=0.260842 shuffled_R2=-0.015551
ALIGN ego[01] partner[04] R2=0.736365 NMSE=0.263635 shuffled_R2=-0.015888
ALIGN ego[02] partner[00] R2=0.759439 NMSE=0.240561 shuffled_R2=-0.014487
ALIGN ego[02] partner[01] R2=0.744563 NMSE=0.255437 shuffled_R2=-0.014357
ALIGN ego[02] partner[02] R2=0.701206 NMSE=0.298794 shuffled_R2=-0.018821
ALIGN ego[02] partner[03] R2=0.746187 NMSE=0.253813 shuffled_R2=-0.017378
ALIGN ego[02] partner[04] R2=0.741206 NMSE=0.258794 shuffled_R2=-0.019891
ALIGN ego[03] partner[00] R2=0.803184 NMSE=0.196816 shuffled_R2=-0.014344
ALIGN ego[03] partner[01] R2=0.768585 NMSE=0.231415 shuffled_R2=-0.016351
ALIGN ego[03] partner[02] R2=0.744758 NMSE=0.255242 shuffled_R2=-0.019599
ALIGN ego[03] partner[03] R2=0.731403 NMSE=0.268597 shuffled_R2=-0.025933
ALIGN ego[03] partner[04] R2=0.790488 NMSE=0.209512 shuffled_R2=-0.018039
ALIGN ego[04] partner[00] R2=0.740051 NMSE=0.259949 shuffled_R2=-0.016972
ALIGN ego[04] partner[01] R2=0.757118 NMSE=0.242882 shuffled_R2=-0.021652
ALIGN ego[04] partner[02] R2=0.751046 NMSE=0.248954 shuffled_R2=-0.018067
ALIGN ego[04] partner[03] R2=0.750564 NMSE=0.249436 shuffled_R2=-0.023726
ALIGN ego[04] partner[04] R2=0.784959 NMSE=0.215041 shuffled_R2=-0.012134
Evaluating partner alignment group 3: method=sp, prefix=checkpoints/eval_pools/sp
LOADED: checkpoints/eval_pools/sp/counter_circuit/baseline_seed_0_step_380.msgpack
LOADED: checkpoints/eval_pools/sp/counter_circuit/baseline_seed_1_step_380.msgpack
LOADED: checkpoints/eval_pools/sp/counter_circuit/baseline_seed_2_step_380.msgpack
LOADED: checkpoints/eval_pools/sp/counter_circuit/baseline_seed_3_step_380.msgpack
LOADED: checkpoints/eval_pools/sp/counter_circuit/baseline_seed_4_step_380.msgpack
Using alignment rollout scale: ALIGN_PAIR_BATCH_SIZE=2, ALIGN_EVAL_NUM_EPISODES=128, ALIGN_EVAL_NUM_STEPS=400
ALIGN ego[00] partner[00] R2=0.851674 NMSE=0.148326 shuffled_R2=-0.016897
ALIGN ego[00] partner[01] R2=0.868279 NMSE=0.131721 shuffled_R2=-0.022047
ALIGN ego[00] partner[02] R2=0.856071 NMSE=0.143929 shuffled_R2=-0.013456
ALIGN ego[00] partner[03] R2=0.822513 NMSE=0.177487 shuffled_R2=-0.015635
ALIGN ego[00] partner[04] R2=0.834540 NMSE=0.165460 shuffled_R2=-0.019439
ALIGN ego[01] partner[00] R2=0.843695 NMSE=0.156305 shuffled_R2=-0.015478
ALIGN ego[01] partner[01] R2=0.893587 NMSE=0.106413 shuffled_R2=-0.014454
ALIGN ego[01] partner[02] R2=0.778984 NMSE=0.221016 shuffled_R2=-0.021797
ALIGN ego[01] partner[03] R2=0.838995 NMSE=0.161005 shuffled_R2=-0.027461
ALIGN ego[01] partner[04] R2=0.808621 NMSE=0.191379 shuffled_R2=-0.014350
ALIGN ego[02] partner[00] R2=0.849447 NMSE=0.150553 shuffled_R2=-0.018253
ALIGN ego[02] partner[01] R2=0.865501 NMSE=0.134499 shuffled_R2=-0.016950
ALIGN ego[02] partner[02] R2=0.846229 NMSE=0.153771 shuffled_R2=-0.014151
ALIGN ego[02] partner[03] R2=0.814044 NMSE=0.185956 shuffled_R2=-0.020643
ALIGN ego[02] partner[04] R2=0.801905 NMSE=0.198095 shuffled_R2=-0.016104
ALIGN ego[03] partner[00] R2=0.900762 NMSE=0.099238 shuffled_R2=-0.014772
ALIGN ego[03] partner[01] R2=0.872906 NMSE=0.127094 shuffled_R2=-0.017537
ALIGN ego[03] partner[02] R2=0.775078 NMSE=0.224922 shuffled_R2=-0.019630
ALIGN ego[03] partner[03] R2=0.781479 NMSE=0.218521 shuffled_R2=-0.019649
ALIGN ego[03] partner[04] R2=0.850365 NMSE=0.149635 shuffled_R2=-0.014234
ALIGN ego[04] partner[00] R2=0.871825 NMSE=0.128175 shuffled_R2=-0.017098
ALIGN ego[04] partner[01] R2=0.783614 NMSE=0.216386 shuffled_R2=-0.024152
ALIGN ego[04] partner[02] R2=0.838614 NMSE=0.161386 shuffled_R2=-0.015002
ALIGN ego[04] partner[03] R2=0.796780 NMSE=0.203220 shuffled_R2=-0.014246
ALIGN ego[04] partner[04] R2=0.795966 NMSE=0.204034 shuffled_R2=-0.018877
Average ego-to-partner alignment R2: 0.787806 +- 0.005794 SE over 100 ego-partner pairs
Average alignment normalized MSE: 0.212194 +- 0.005794 SE
Average shuffled-control alignment R2: -0.019435 +- 0.000697 SE
Saved alignment results to ad_hoc_teamplay_results/lmpredV202_ad_hoc_teamplay/counter_circuit
Evaluating ad-hoc teamplay for ego_method=lmpredV202, layout=coord_ring
ego_prefix=checkpoints/lmpredV202/, partner_pool_specs=e3t:checkpoints/eval_pools/e3t;mep_br:checkpoints/eval_pools/mep_br;pbt:checkpoints/eval_pools/pbt;sp:checkpoints/eval_pools/sp, result_name=lmpredV202_ad_hoc_teamplay, ego_perspective_transform=true
Importing submoduled environments...
Submoduled environments not found. Skipping import.
2026-07-05 16:35:02.018225: W external/xla/xla/service/gpu/autotuning/dot_search_space.cc:200] All configs were filtered out because none of them sufficiently match the hints. Maybe the hints set does not contain a good representative set of valid configs?Working around this by using the full hints set instead.
2026-07-05 16:35:03.139403: W external/xla/xla/service/gpu/autotuning/dot_search_space.cc:200] All configs were filtered out because none of them sufficiently match the hints. Maybe the hints set does not contain a good representative set of valid configs?Working around this by using the full hints set instead.
LOADED: checkpoints/lmpredV202/coord_ring/baseline_seed_0_step_220.msgpack
LOADED: checkpoints/lmpredV202/coord_ring/baseline_seed_1_step_220.msgpack
LOADED: checkpoints/lmpredV202/coord_ring/baseline_seed_2_step_220.msgpack
LOADED: checkpoints/lmpredV202/coord_ring/baseline_seed_3_step_220.msgpack
LOADED: checkpoints/lmpredV202/coord_ring/baseline_seed_4_step_220.msgpack
Evaluating partner group 0: method=e3t, prefix=checkpoints/eval_pools/e3t
LOADED: checkpoints/eval_pools/e3t/coord_ring/baseline_seed_0_step_220.msgpack
LOADED: checkpoints/eval_pools/e3t/coord_ring/baseline_seed_1_step_220.msgpack
LOADED: checkpoints/eval_pools/e3t/coord_ring/baseline_seed_2_step_220.msgpack
LOADED: checkpoints/eval_pools/e3t/coord_ring/baseline_seed_3_step_220.msgpack
LOADED: checkpoints/eval_pools/e3t/coord_ring/baseline_seed_4_step_220.msgpack
Using XP rollout scale: XP_PAIR_BATCH_SIZE=32, EVAL_NUM_EPISODES=128, EVAL_NUM_STEPS=400
XP ego[00] partner[00] = 274.844
XP ego[00] partner[01] = 290.156
XP ego[00] partner[02] = 4.062
XP ego[00] partner[03] = 262.656
XP ego[00] partner[04] = 263.438
XP ego[01] partner[00] = 245.000
XP ego[01] partner[01] = 291.719
XP ego[01] partner[02] = 23.281
XP ego[01] partner[03] = 289.531
XP ego[01] partner[04] = 290.781
XP ego[02] partner[00] = 272.500
XP ego[02] partner[01] = 277.969
XP ego[02] partner[02] = 76.094
XP ego[02] partner[03] = 270.781
XP ego[02] partner[04] = 279.375
XP ego[03] partner[00] = 261.719
XP ego[03] partner[01] = 285.469
XP ego[03] partner[02] = 5.938
XP ego[03] partner[03] = 258.594
XP ego[03] partner[04] = 282.969
XP ego[04] partner[00] = 176.406
XP ego[04] partner[01] = 281.875
XP ego[04] partner[02] = 13.281
XP ego[04] partner[03] = 273.438
XP ego[04] partner[04] = 281.719
Evaluating partner group 1: method=mep_br, prefix=checkpoints/eval_pools/mep_br
LOADED: checkpoints/eval_pools/mep_br/coord_ring/baseline_seed_0_step_220.msgpack
LOADED: checkpoints/eval_pools/mep_br/coord_ring/baseline_seed_1_step_220.msgpack
LOADED: checkpoints/eval_pools/mep_br/coord_ring/baseline_seed_2_step_220.msgpack
LOADED: checkpoints/eval_pools/mep_br/coord_ring/baseline_seed_3_step_220.msgpack
LOADED: checkpoints/eval_pools/mep_br/coord_ring/baseline_seed_4_step_220.msgpack
Using XP rollout scale: XP_PAIR_BATCH_SIZE=32, EVAL_NUM_EPISODES=128, EVAL_NUM_STEPS=400
XP ego[00] partner[00] = 190.469
XP ego[00] partner[01] = 280.938
XP ego[00] partner[02] = 184.844
XP ego[00] partner[03] = 207.188
XP ego[00] partner[04] = 244.531
XP ego[01] partner[00] = 236.875
XP ego[01] partner[01] = 285.469
XP ego[01] partner[02] = 282.500
XP ego[01] partner[03] = 175.156
XP ego[01] partner[04] = 244.531
XP ego[02] partner[00] = 266.875
XP ego[02] partner[01] = 262.656
XP ego[02] partner[02] = 197.969
XP ego[02] partner[03] = 188.125
XP ego[02] partner[04] = 271.094
XP ego[03] partner[00] = 237.969
XP ego[03] partner[01] = 270.156
XP ego[03] partner[02] = 275.781
XP ego[03] partner[03] = 172.500
XP ego[03] partner[04] = 269.844
XP ego[04] partner[00] = 262.031
XP ego[04] partner[01] = 299.844
XP ego[04] partner[02] = 259.375
XP ego[04] partner[03] = 196.406
XP ego[04] partner[04] = 282.656
Evaluating partner group 2: method=pbt, prefix=checkpoints/eval_pools/pbt
LOADED: checkpoints/eval_pools/pbt/coord_ring/baseline_seed_0_step_62.msgpack
LOADED: checkpoints/eval_pools/pbt/coord_ring/baseline_seed_1_step_62.msgpack
LOADED: checkpoints/eval_pools/pbt/coord_ring/baseline_seed_2_step_62.msgpack
LOADED: checkpoints/eval_pools/pbt/coord_ring/baseline_seed_3_step_62.msgpack
LOADED: checkpoints/eval_pools/pbt/coord_ring/baseline_seed_4_step_62.msgpack
Using XP rollout scale: XP_PAIR_BATCH_SIZE=32, EVAL_NUM_EPISODES=128, EVAL_NUM_STEPS=400
XP ego[00] partner[00] = 273.281
XP ego[00] partner[01] = 269.531
XP ego[00] partner[02] = 260.312
XP ego[00] partner[03] = 246.406
XP ego[00] partner[04] = 263.125
XP ego[01] partner[00] = 300.469
XP ego[01] partner[01] = 283.438
XP ego[01] partner[02] = 295.000
XP ego[01] partner[03] = 275.000
XP ego[01] partner[04] = 295.000
XP ego[02] partner[00] = 283.594
XP ego[02] partner[01] = 240.625
XP ego[02] partner[02] = 183.594
XP ego[02] partner[03] = 187.188
XP ego[02] partner[04] = 282.031
XP ego[03] partner[00] = 301.406
XP ego[03] partner[01] = 287.812
XP ego[03] partner[02] = 279.062
XP ego[03] partner[03] = 268.750
XP ego[03] partner[04] = 300.000
XP ego[04] partner[00] = 291.562
XP ego[04] partner[01] = 274.531
XP ego[04] partner[02] = 244.844
XP ego[04] partner[03] = 252.812
XP ego[04] partner[04] = 273.750
Evaluating partner group 3: method=sp, prefix=checkpoints/eval_pools/sp
LOADED: checkpoints/eval_pools/sp/coord_ring/baseline_seed_0_step_220.msgpack
LOADED: checkpoints/eval_pools/sp/coord_ring/baseline_seed_1_step_220.msgpack
LOADED: checkpoints/eval_pools/sp/coord_ring/baseline_seed_2_step_220.msgpack
LOADED: checkpoints/eval_pools/sp/coord_ring/baseline_seed_3_step_220.msgpack
LOADED: checkpoints/eval_pools/sp/coord_ring/baseline_seed_4_step_220.msgpack
Using XP rollout scale: XP_PAIR_BATCH_SIZE=32, EVAL_NUM_EPISODES=128, EVAL_NUM_STEPS=400
XP ego[00] partner[00] = 280.000
XP ego[00] partner[01] = 263.906
XP ego[00] partner[02] = 244.531
XP ego[00] partner[03] = 227.969
XP ego[00] partner[04] = 271.250
XP ego[01] partner[00] = 291.875
XP ego[01] partner[01] = 268.281
XP ego[01] partner[02] = 245.156
XP ego[01] partner[03] = 284.844
XP ego[01] partner[04] = 256.094
XP ego[02] partner[00] = 287.656
XP ego[02] partner[01] = 272.969
XP ego[02] partner[02] = 263.281
XP ego[02] partner[03] = 264.844
XP ego[02] partner[04] = 277.656
XP ego[03] partner[00] = 275.938
XP ego[03] partner[01] = 273.125
XP ego[03] partner[02] = 270.312
XP ego[03] partner[03] = 285.156
XP ego[03] partner[04] = 267.969
XP ego[04] partner[00] = 308.594
XP ego[04] partner[01] = 280.000
XP ego[04] partner[02] = 269.531
XP ego[04] partner[03] = 292.656
XP ego[04] partner[04] = 245.938
Average ego-vs-partner performance: 250.620 +- 6.096 SE over 100 ordered pairs
Average diagonal performance: 236.594 +- 40.486 SE over 5 pairs
Average off-diagonal performance (only for square pools): nan +- nan SE over 0 ordered pairs
Saved ad-hoc teamplay results to ad_hoc_teamplay_results/lmpredV202_ad_hoc_teamplay/coord_ring
Saved ad-hoc teamplay heatmap to ad_hoc_teamplay_results/lmpredV202_ad_hoc_teamplay/coord_ring/xp_matrix.png
Evaluating partner alignment group 0: method=e3t, prefix=checkpoints/eval_pools/e3t
LOADED: checkpoints/eval_pools/e3t/coord_ring/baseline_seed_0_step_220.msgpack
LOADED: checkpoints/eval_pools/e3t/coord_ring/baseline_seed_1_step_220.msgpack
LOADED: checkpoints/eval_pools/e3t/coord_ring/baseline_seed_2_step_220.msgpack
LOADED: checkpoints/eval_pools/e3t/coord_ring/baseline_seed_3_step_220.msgpack
LOADED: checkpoints/eval_pools/e3t/coord_ring/baseline_seed_4_step_220.msgpack
Using alignment rollout scale: ALIGN_PAIR_BATCH_SIZE=2, ALIGN_EVAL_NUM_EPISODES=128, ALIGN_EVAL_NUM_STEPS=400
ALIGN ego[00] partner[00] R2=0.825994 NMSE=0.174006 shuffled_R2=-0.021308
ALIGN ego[00] partner[01] R2=0.874889 NMSE=0.125111 shuffled_R2=-0.015091
ALIGN ego[00] partner[02] R2=0.857563 NMSE=0.142437 shuffled_R2=-0.051860
ALIGN ego[00] partner[03] R2=0.876394 NMSE=0.123606 shuffled_R2=-0.018768
ALIGN ego[00] partner[04] R2=0.771681 NMSE=0.228319 shuffled_R2=-0.031342
ALIGN ego[01] partner[00] R2=0.884810 NMSE=0.115190 shuffled_R2=-0.020280
ALIGN ego[01] partner[01] R2=0.877255 NMSE=0.122745 shuffled_R2=-0.015025
ALIGN ego[01] partner[02] R2=0.940249 NMSE=0.059751 shuffled_R2=-0.015889
ALIGN ego[01] partner[03] R2=0.903899 NMSE=0.096101 shuffled_R2=-0.013813
ALIGN ego[01] partner[04] R2=0.842356 NMSE=0.157644 shuffled_R2=-0.026551
ALIGN ego[02] partner[00] R2=0.876571 NMSE=0.123429 shuffled_R2=-0.019321
ALIGN ego[02] partner[01] R2=0.883115 NMSE=0.116885 shuffled_R2=-0.014649
ALIGN ego[02] partner[02] R2=0.959596 NMSE=0.040404 shuffled_R2=-0.017248
ALIGN ego[02] partner[03] R2=0.872597 NMSE=0.127403 shuffled_R2=-0.015603
ALIGN ego[02] partner[04] R2=0.906167 NMSE=0.093833 shuffled_R2=-0.016663
ALIGN ego[03] partner[00] R2=0.887482 NMSE=0.112518 shuffled_R2=-0.014547
ALIGN ego[03] partner[01] R2=0.820966 NMSE=0.179034 shuffled_R2=-0.020187
ALIGN ego[03] partner[02] R2=0.826459 NMSE=0.173541 shuffled_R2=-0.044226
ALIGN ego[03] partner[03] R2=0.870306 NMSE=0.129694 shuffled_R2=-0.016989
ALIGN ego[03] partner[04] R2=0.862284 NMSE=0.137716 shuffled_R2=-0.014948
ALIGN ego[04] partner[00] R2=0.867134 NMSE=0.132866 shuffled_R2=-0.020899
ALIGN ego[04] partner[01] R2=0.871011 NMSE=0.128989 shuffled_R2=-0.016528
ALIGN ego[04] partner[02] R2=0.959808 NMSE=0.040192 shuffled_R2=-0.016006
ALIGN ego[04] partner[03] R2=0.886937 NMSE=0.113063 shuffled_R2=-0.015523
ALIGN ego[04] partner[04] R2=0.866124 NMSE=0.133876 shuffled_R2=-0.015485
Evaluating partner alignment group 1: method=mep_br, prefix=checkpoints/eval_pools/mep_br
LOADED: checkpoints/eval_pools/mep_br/coord_ring/baseline_seed_0_step_220.msgpack
LOADED: checkpoints/eval_pools/mep_br/coord_ring/baseline_seed_1_step_220.msgpack
LOADED: checkpoints/eval_pools/mep_br/coord_ring/baseline_seed_2_step_220.msgpack
LOADED: checkpoints/eval_pools/mep_br/coord_ring/baseline_seed_3_step_220.msgpack
LOADED: checkpoints/eval_pools/mep_br/coord_ring/baseline_seed_4_step_220.msgpack
Using alignment rollout scale: ALIGN_PAIR_BATCH_SIZE=2, ALIGN_EVAL_NUM_EPISODES=128, ALIGN_EVAL_NUM_STEPS=400
ALIGN ego[00] partner[00] R2=0.869673 NMSE=0.130327 shuffled_R2=-0.017448
ALIGN ego[00] partner[01] R2=0.890834 NMSE=0.109166 shuffled_R2=-0.015640
ALIGN ego[00] partner[02] R2=0.827117 NMSE=0.172883 shuffled_R2=-0.029763
ALIGN ego[00] partner[03] R2=0.885489 NMSE=0.114511 shuffled_R2=-0.017454
ALIGN ego[00] partner[04] R2=0.850597 NMSE=0.149403 shuffled_R2=-0.023320
ALIGN ego[01] partner[00] R2=0.791326 NMSE=0.208674 shuffled_R2=-0.033543
ALIGN ego[01] partner[01] R2=0.916650 NMSE=0.083350 shuffled_R2=-0.014816
ALIGN ego[01] partner[02] R2=0.828313 NMSE=0.171687 shuffled_R2=-0.026008
ALIGN ego[01] partner[03] R2=0.923295 NMSE=0.076705 shuffled_R2=-0.024097
ALIGN ego[01] partner[04] R2=0.868828 NMSE=0.131172 shuffled_R2=-0.023261
ALIGN ego[02] partner[00] R2=0.854819 NMSE=0.145181 shuffled_R2=-0.029038
ALIGN ego[02] partner[01] R2=0.934981 NMSE=0.065019 shuffled_R2=-0.015791
ALIGN ego[02] partner[02] R2=0.923740 NMSE=0.076260 shuffled_R2=-0.016389
ALIGN ego[02] partner[03] R2=0.892756 NMSE=0.107244 shuffled_R2=-0.023785
ALIGN ego[02] partner[04] R2=0.903947 NMSE=0.096053 shuffled_R2=-0.015512
ALIGN ego[03] partner[00] R2=0.879332 NMSE=0.120668 shuffled_R2=-0.015177
ALIGN ego[03] partner[01] R2=0.868741 NMSE=0.131259 shuffled_R2=-0.016939
ALIGN ego[03] partner[02] R2=0.874430 NMSE=0.125570 shuffled_R2=-0.015437
ALIGN ego[03] partner[03] R2=0.924558 NMSE=0.075442 shuffled_R2=-0.024027
ALIGN ego[03] partner[04] R2=0.915111 NMSE=0.084889 shuffled_R2=-0.014032
ALIGN ego[04] partner[00] R2=0.903039 NMSE=0.096961 shuffled_R2=-0.015919
ALIGN ego[04] partner[01] R2=0.909438 NMSE=0.090562 shuffled_R2=-0.016327
ALIGN ego[04] partner[02] R2=0.888309 NMSE=0.111691 shuffled_R2=-0.015148
ALIGN ego[04] partner[03] R2=0.937812 NMSE=0.062188 shuffled_R2=-0.016625
ALIGN ego[04] partner[04] R2=0.864806 NMSE=0.135194 shuffled_R2=-0.025414
Evaluating partner alignment group 2: method=pbt, prefix=checkpoints/eval_pools/pbt
LOADED: checkpoints/eval_pools/pbt/coord_ring/baseline_seed_0_step_62.msgpack
LOADED: checkpoints/eval_pools/pbt/coord_ring/baseline_seed_1_step_62.msgpack
LOADED: checkpoints/eval_pools/pbt/coord_ring/baseline_seed_2_step_62.msgpack
LOADED: checkpoints/eval_pools/pbt/coord_ring/baseline_seed_3_step_62.msgpack
LOADED: checkpoints/eval_pools/pbt/coord_ring/baseline_seed_4_step_62.msgpack
Using alignment rollout scale: ALIGN_PAIR_BATCH_SIZE=2, ALIGN_EVAL_NUM_EPISODES=128, ALIGN_EVAL_NUM_STEPS=400
ALIGN ego[00] partner[00] R2=0.790148 NMSE=0.209852 shuffled_R2=-0.016386
ALIGN ego[00] partner[01] R2=0.813778 NMSE=0.186222 shuffled_R2=-0.014306
ALIGN ego[00] partner[02] R2=0.754830 NMSE=0.245170 shuffled_R2=-0.021633
ALIGN ego[00] partner[03] R2=0.808242 NMSE=0.191758 shuffled_R2=-0.015969
ALIGN ego[00] partner[04] R2=0.734432 NMSE=0.265568 shuffled_R2=-0.017523
ALIGN ego[01] partner[00] R2=0.800606 NMSE=0.199394 shuffled_R2=-0.014935
ALIGN ego[01] partner[01] R2=0.794204 NMSE=0.205796 shuffled_R2=-0.016281
ALIGN ego[01] partner[02] R2=0.578391 NMSE=0.421609 shuffled_R2=-0.061332
ALIGN ego[01] partner[03] R2=0.696563 NMSE=0.303437 shuffled_R2=-0.039218
ALIGN ego[01] partner[04] R2=0.802661 NMSE=0.197339 shuffled_R2=-0.014798
ALIGN ego[02] partner[00] R2=0.818390 NMSE=0.181610 shuffled_R2=-0.016359
ALIGN ego[02] partner[01] R2=0.825861 NMSE=0.174139 shuffled_R2=-0.019344
ALIGN ego[02] partner[02] R2=0.815505 NMSE=0.184495 shuffled_R2=-0.018655
ALIGN ego[02] partner[03] R2=0.833763 NMSE=0.166237 shuffled_R2=-0.025072
ALIGN ego[02] partner[04] R2=0.813262 NMSE=0.186738 shuffled_R2=-0.019584
ALIGN ego[03] partner[00] R2=0.799663 NMSE=0.200337 shuffled_R2=-0.014807
ALIGN ego[03] partner[01] R2=0.764551 NMSE=0.235449 shuffled_R2=-0.022564
ALIGN ego[03] partner[02] R2=0.542130 NMSE=0.457870 shuffled_R2=-0.040440
ALIGN ego[03] partner[03] R2=0.759867 NMSE=0.240133 shuffled_R2=-0.021221
ALIGN ego[03] partner[04] R2=0.754928 NMSE=0.245072 shuffled_R2=-0.019073
ALIGN ego[04] partner[00] R2=0.835591 NMSE=0.164409 shuffled_R2=-0.015671
ALIGN ego[04] partner[01] R2=0.853617 NMSE=0.146383 shuffled_R2=-0.014924
ALIGN ego[04] partner[02] R2=0.794483 NMSE=0.205517 shuffled_R2=-0.018874
ALIGN ego[04] partner[03] R2=0.788266 NMSE=0.211734 shuffled_R2=-0.022161
ALIGN ego[04] partner[04] R2=0.797054 NMSE=0.202946 shuffled_R2=-0.018227
Evaluating partner alignment group 3: method=sp, prefix=checkpoints/eval_pools/sp
LOADED: checkpoints/eval_pools/sp/coord_ring/baseline_seed_0_step_220.msgpack
LOADED: checkpoints/eval_pools/sp/coord_ring/baseline_seed_1_step_220.msgpack
LOADED: checkpoints/eval_pools/sp/coord_ring/baseline_seed_2_step_220.msgpack
LOADED: checkpoints/eval_pools/sp/coord_ring/baseline_seed_3_step_220.msgpack
LOADED: checkpoints/eval_pools/sp/coord_ring/baseline_seed_4_step_220.msgpack
Using alignment rollout scale: ALIGN_PAIR_BATCH_SIZE=2, ALIGN_EVAL_NUM_EPISODES=128, ALIGN_EVAL_NUM_STEPS=400
ALIGN ego[00] partner[00] R2=0.888385 NMSE=0.111615 shuffled_R2=-0.014488
ALIGN ego[00] partner[01] R2=0.823458 NMSE=0.176542 shuffled_R2=-0.022585
ALIGN ego[00] partner[02] R2=0.873235 NMSE=0.126765 shuffled_R2=-0.018543
ALIGN ego[00] partner[03] R2=0.898089 NMSE=0.101911 shuffled_R2=-0.016668
ALIGN ego[00] partner[04] R2=0.906043 NMSE=0.093957 shuffled_R2=-0.015992
ALIGN ego[01] partner[00] R2=0.893284 NMSE=0.106716 shuffled_R2=-0.014382
ALIGN ego[01] partner[01] R2=0.896226 NMSE=0.103774 shuffled_R2=-0.016668
ALIGN ego[01] partner[02] R2=0.845755 NMSE=0.154245 shuffled_R2=-0.018665
ALIGN ego[01] partner[03] R2=0.838649 NMSE=0.161351 shuffled_R2=-0.021693
ALIGN ego[01] partner[04] R2=0.934242 NMSE=0.065758 shuffled_R2=-0.013302
ALIGN ego[02] partner[00] R2=0.923387 NMSE=0.076613 shuffled_R2=-0.014657
ALIGN ego[02] partner[01] R2=0.795507 NMSE=0.204493 shuffled_R2=-0.044959
ALIGN ego[02] partner[02] R2=0.912192 NMSE=0.087808 shuffled_R2=-0.013709
ALIGN ego[02] partner[03] R2=0.875378 NMSE=0.124622 shuffled_R2=-0.020396
ALIGN ego[02] partner[04] R2=0.915686 NMSE=0.084314 shuffled_R2=-0.013905
ALIGN ego[03] partner[00] R2=0.859105 NMSE=0.140895 shuffled_R2=-0.018926
ALIGN ego[03] partner[01] R2=0.892052 NMSE=0.107948 shuffled_R2=-0.015785
ALIGN ego[03] partner[02] R2=0.861833 NMSE=0.138167 shuffled_R2=-0.023112
ALIGN ego[03] partner[03] R2=0.746656 NMSE=0.253344 shuffled_R2=-0.050939
ALIGN ego[03] partner[04] R2=0.928339 NMSE=0.071661 shuffled_R2=-0.014936
ALIGN ego[04] partner[00] R2=0.854131 NMSE=0.145869 shuffled_R2=-0.017452
ALIGN ego[04] partner[01] R2=0.916559 NMSE=0.083441 shuffled_R2=-0.014370
ALIGN ego[04] partner[02] R2=0.855445 NMSE=0.144555 shuffled_R2=-0.021107
ALIGN ego[04] partner[03] R2=0.883659 NMSE=0.116341 shuffled_R2=-0.014297
ALIGN ego[04] partner[04] R2=0.954038 NMSE=0.045962 shuffled_R2=-0.013572
Average ego-to-partner alignment R2: 0.853417 +- 0.006817 SE over 100 ego-partner pairs
Average alignment normalized MSE: 0.146583 +- 0.006817 SE
Average shuffled-control alignment R2: -0.020341 +- 0.000876 SE
Saved alignment results to ad_hoc_teamplay_results/lmpredV202_ad_hoc_teamplay/coord_ring
Evaluating ad-hoc teamplay for ego_method=lmpredV202, layout=asymm_advantages
ego_prefix=checkpoints/lmpredV202/, partner_pool_specs=e3t:checkpoints/eval_pools/e3t;mep_br:checkpoints/eval_pools/mep_br;pbt:checkpoints/eval_pools/pbt;sp:checkpoints/eval_pools/sp, result_name=lmpredV202_ad_hoc_teamplay, ego_perspective_transform=true
Cannot find primary config 'asymm_advantages'. Check that it's in your config search path.

Config search path:
	provider=hydra, path=pkg://hydra.conf
	provider=main, path=file:///net/scratch/n70579mp/tom/JaxMARL/baselines/overcookedv2/config/oc_extended/mep_br
	provider=schema, path=structured://

Set the environment variable HYDRA_FULL_ERROR=1 for a complete stack trace.
Importing submoduled environments...
Submoduled environments not found. Skipping import.
Evaluating ad-hoc teamplay for ego_method=lmpredV202, layout=forced_coord
ego_prefix=checkpoints/lmpredV202/, partner_pool_specs=e3t:checkpoints/eval_pools/e3t;mep_br:checkpoints/eval_pools/mep_br;pbt:checkpoints/eval_pools/pbt;sp:checkpoints/eval_pools/sp, result_name=lmpredV202_ad_hoc_teamplay, ego_perspective_transform=true
Cannot find primary config 'forced_coord'. Check that it's in your config search path.

Config search path:
	provider=hydra, path=pkg://hydra.conf
	provider=main, path=file:///net/scratch/n70579mp/tom/JaxMARL/baselines/overcookedv2/config/oc_extended/mep_br
	provider=schema, path=structured://

Set the environment variable HYDRA_FULL_ERROR=1 for a complete stack trace.
Importing submoduled environments...
Submoduled environments not found. Skipping import.
Evaluating ad-hoc teamplay for ego_method=lmpredV202_ablate, layout=cramped_room5x5
ego_prefix=checkpoints/lmpredV202_ablate/, partner_pool_specs=e3t:checkpoints/eval_pools/e3t;mep_br:checkpoints/eval_pools/mep_br;pbt:checkpoints/eval_pools/pbt;sp:checkpoints/eval_pools/sp, result_name=lmpredV202_ablate_ad_hoc_teamplay, ego_perspective_transform=false
Importing submoduled environments...
Submoduled environments not found. Skipping import.
2026-07-05 16:39:33.325088: W external/xla/xla/service/gpu/autotuning/dot_search_space.cc:200] All configs were filtered out because none of them sufficiently match the hints. Maybe the hints set does not contain a good representative set of valid configs?Working around this by using the full hints set instead.
2026-07-05 16:39:34.397597: W external/xla/xla/service/gpu/autotuning/dot_search_space.cc:200] All configs were filtered out because none of them sufficiently match the hints. Maybe the hints set does not contain a good representative set of valid configs?Working around this by using the full hints set instead.
LOADED: checkpoints/lmpredV202_ablate/cramped_room5x5/baseline_seed_0_step_220.msgpack
LOADED: checkpoints/lmpredV202_ablate/cramped_room5x5/baseline_seed_1_step_220.msgpack
LOADED: checkpoints/lmpredV202_ablate/cramped_room5x5/baseline_seed_2_step_220.msgpack
LOADED: checkpoints/lmpredV202_ablate/cramped_room5x5/baseline_seed_3_step_220.msgpack
LOADED: checkpoints/lmpredV202_ablate/cramped_room5x5/baseline_seed_4_step_220.msgpack
Evaluating partner group 0: method=e3t, prefix=checkpoints/eval_pools/e3t
LOADED: checkpoints/eval_pools/e3t/cramped_room5x5/baseline_seed_0_step_220.msgpack
LOADED: checkpoints/eval_pools/e3t/cramped_room5x5/baseline_seed_1_step_220.msgpack
LOADED: checkpoints/eval_pools/e3t/cramped_room5x5/baseline_seed_2_step_220.msgpack
LOADED: checkpoints/eval_pools/e3t/cramped_room5x5/baseline_seed_3_step_220.msgpack
LOADED: checkpoints/eval_pools/e3t/cramped_room5x5/baseline_seed_4_step_220.msgpack
Using XP rollout scale: XP_PAIR_BATCH_SIZE=32, EVAL_NUM_EPISODES=128, EVAL_NUM_STEPS=400
XP ego[00] partner[00] = 222.812
XP ego[00] partner[01] = 115.312
XP ego[00] partner[02] = 199.844
XP ego[00] partner[03] = 209.219
XP ego[00] partner[04] = 230.469
XP ego[01] partner[00] = 231.719
XP ego[01] partner[01] = 218.125
XP ego[01] partner[02] = 226.719
XP ego[01] partner[03] = 205.000
XP ego[01] partner[04] = 213.594
XP ego[02] partner[00] = 213.750
XP ego[02] partner[01] = 190.156
XP ego[02] partner[02] = 210.938
XP ego[02] partner[03] = 240.312
XP ego[02] partner[04] = 209.219
XP ego[03] partner[00] = 228.281
XP ego[03] partner[01] = 182.500
XP ego[03] partner[02] = 215.938
XP ego[03] partner[03] = 240.781
XP ego[03] partner[04] = 197.188
XP ego[04] partner[00] = 211.562
XP ego[04] partner[01] = 191.875
XP ego[04] partner[02] = 221.875
XP ego[04] partner[03] = 173.281
XP ego[04] partner[04] = 204.688
Evaluating partner group 1: method=mep_br, prefix=checkpoints/eval_pools/mep_br
LOADED: checkpoints/eval_pools/mep_br/cramped_room5x5/baseline_seed_0_step_220.msgpack
LOADED: checkpoints/eval_pools/mep_br/cramped_room5x5/baseline_seed_1_step_220.msgpack
LOADED: checkpoints/eval_pools/mep_br/cramped_room5x5/baseline_seed_2_step_220.msgpack
LOADED: checkpoints/eval_pools/mep_br/cramped_room5x5/baseline_seed_3_step_220.msgpack
LOADED: checkpoints/eval_pools/mep_br/cramped_room5x5/baseline_seed_4_step_220.msgpack
Using XP rollout scale: XP_PAIR_BATCH_SIZE=32, EVAL_NUM_EPISODES=128, EVAL_NUM_STEPS=400
XP ego[00] partner[00] = 207.031
XP ego[00] partner[01] = 208.594
XP ego[00] partner[02] = 201.250
XP ego[00] partner[03] = 227.812
XP ego[00] partner[04] = 229.219
XP ego[01] partner[00] = 96.562
XP ego[01] partner[01] = 188.438
XP ego[01] partner[02] = 130.469
XP ego[01] partner[03] = 143.906
XP ego[01] partner[04] = 125.781
XP ego[02] partner[00] = 204.688
XP ego[02] partner[01] = 224.844
XP ego[02] partner[02] = 199.531
XP ego[02] partner[03] = 233.125
XP ego[02] partner[04] = 223.281
XP ego[03] partner[00] = 217.969
XP ego[03] partner[01] = 226.250
XP ego[03] partner[02] = 189.375
XP ego[03] partner[03] = 237.812
XP ego[03] partner[04] = 211.250
XP ego[04] partner[00] = 164.375
XP ego[04] partner[01] = 215.156
XP ego[04] partner[02] = 204.688
XP ego[04] partner[03] = 214.844
XP ego[04] partner[04] = 180.938
Evaluating partner group 2: method=pbt, prefix=checkpoints/eval_pools/pbt
LOADED: checkpoints/eval_pools/pbt/cramped_room5x5/baseline_seed_0_step_62.msgpack
LOADED: checkpoints/eval_pools/pbt/cramped_room5x5/baseline_seed_1_step_62.msgpack
LOADED: checkpoints/eval_pools/pbt/cramped_room5x5/baseline_seed_2_step_62.msgpack
LOADED: checkpoints/eval_pools/pbt/cramped_room5x5/baseline_seed_3_step_62.msgpack
LOADED: checkpoints/eval_pools/pbt/cramped_room5x5/baseline_seed_4_step_62.msgpack
Using XP rollout scale: XP_PAIR_BATCH_SIZE=32, EVAL_NUM_EPISODES=128, EVAL_NUM_STEPS=400
XP ego[00] partner[00] = 236.719
XP ego[00] partner[01] = 230.156
XP ego[00] partner[02] = 206.406
XP ego[00] partner[03] = 233.906
XP ego[00] partner[04] = 238.125
XP ego[01] partner[00] = 220.312
XP ego[01] partner[01] = 186.875
XP ego[01] partner[02] = 211.406
XP ego[01] partner[03] = 219.375
XP ego[01] partner[04] = 205.312
XP ego[02] partner[00] = 138.438
XP ego[02] partner[01] = 196.719
XP ego[02] partner[02] = 189.375
XP ego[02] partner[03] = 167.500
XP ego[02] partner[04] = 81.719
XP ego[03] partner[00] = 183.281
XP ego[03] partner[01] = 99.375
XP ego[03] partner[02] = 235.312
XP ego[03] partner[03] = 166.406
XP ego[03] partner[04] = 100.156
XP ego[04] partner[00] = 216.719
XP ego[04] partner[01] = 154.688
XP ego[04] partner[02] = 159.062
XP ego[04] partner[03] = 208.750
XP ego[04] partner[04] = 210.938
Evaluating partner group 3: method=sp, prefix=checkpoints/eval_pools/sp
LOADED: checkpoints/eval_pools/sp/cramped_room5x5/baseline_seed_0_step_220.msgpack
LOADED: checkpoints/eval_pools/sp/cramped_room5x5/baseline_seed_1_step_220.msgpack
LOADED: checkpoints/eval_pools/sp/cramped_room5x5/baseline_seed_2_step_220.msgpack
LOADED: checkpoints/eval_pools/sp/cramped_room5x5/baseline_seed_3_step_220.msgpack
LOADED: checkpoints/eval_pools/sp/cramped_room5x5/baseline_seed_4_step_220.msgpack
Using XP rollout scale: XP_PAIR_BATCH_SIZE=32, EVAL_NUM_EPISODES=128, EVAL_NUM_STEPS=400
XP ego[00] partner[00] = 218.906
XP ego[00] partner[01] = 203.438
XP ego[00] partner[02] = 217.188
XP ego[00] partner[03] = 211.406
XP ego[00] partner[04] = 193.906
XP ego[01] partner[00] = 212.500
XP ego[01] partner[01] = 202.500
XP ego[01] partner[02] = 220.312
XP ego[01] partner[03] = 210.469
XP ego[01] partner[04] = 212.656
XP ego[02] partner[00] = 183.594
XP ego[02] partner[01] = 115.469
XP ego[02] partner[02] = 210.469
XP ego[02] partner[03] = 233.281
XP ego[02] partner[04] = 206.250
XP ego[03] partner[00] = 155.000
XP ego[03] partner[01] = 223.438
XP ego[03] partner[02] = 216.250
XP ego[03] partner[03] = 226.406
XP ego[03] partner[04] = 204.375
XP ego[04] partner[00] = 192.969
XP ego[04] partner[01] = 150.469
XP ego[04] partner[02] = 206.406
XP ego[04] partner[03] = 213.125
XP ego[04] partner[04] = 203.125
Average ego-vs-partner performance: 198.533 +- 3.467 SE over 100 ordered pairs
Average diagonal performance: 219.469 +- 6.158 SE over 5 pairs
Average off-diagonal performance (only for square pools): nan +- nan SE over 0 ordered pairs
Saved ad-hoc teamplay results to ad_hoc_teamplay_results/lmpredV202_ablate_ad_hoc_teamplay/cramped_room5x5
Saved ad-hoc teamplay heatmap to ad_hoc_teamplay_results/lmpredV202_ablate_ad_hoc_teamplay/cramped_room5x5/xp_matrix.png
Evaluating partner alignment group 0: method=e3t, prefix=checkpoints/eval_pools/e3t
LOADED: checkpoints/eval_pools/e3t/cramped_room5x5/baseline_seed_0_step_220.msgpack
LOADED: checkpoints/eval_pools/e3t/cramped_room5x5/baseline_seed_1_step_220.msgpack
LOADED: checkpoints/eval_pools/e3t/cramped_room5x5/baseline_seed_2_step_220.msgpack
LOADED: checkpoints/eval_pools/e3t/cramped_room5x5/baseline_seed_3_step_220.msgpack
LOADED: checkpoints/eval_pools/e3t/cramped_room5x5/baseline_seed_4_step_220.msgpack
Using alignment rollout scale: ALIGN_PAIR_BATCH_SIZE=2, ALIGN_EVAL_NUM_EPISODES=128, ALIGN_EVAL_NUM_STEPS=400
ALIGN ego[00] partner[00] R2=0.920765 NMSE=0.079235 shuffled_R2=-0.023483
ALIGN ego[00] partner[01] R2=0.940596 NMSE=0.059404 shuffled_R2=-0.041786
ALIGN ego[00] partner[02] R2=0.955467 NMSE=0.044533 shuffled_R2=-0.017206
ALIGN ego[00] partner[03] R2=0.805688 NMSE=0.194312 shuffled_R2=-0.051866
ALIGN ego[00] partner[04] R2=0.955410 NMSE=0.044590 shuffled_R2=-0.018329
ALIGN ego[01] partner[00] R2=0.929659 NMSE=0.070341 shuffled_R2=-0.017502
ALIGN ego[01] partner[01] R2=0.947675 NMSE=0.052325 shuffled_R2=-0.016566
ALIGN ego[01] partner[02] R2=0.942821 NMSE=0.057179 shuffled_R2=-0.017431
ALIGN ego[01] partner[03] R2=0.914521 NMSE=0.085479 shuffled_R2=-0.022853
ALIGN ego[01] partner[04] R2=0.958202 NMSE=0.041798 shuffled_R2=-0.014612
ALIGN ego[02] partner[00] R2=0.958471 NMSE=0.041529 shuffled_R2=-0.017920
ALIGN ego[02] partner[01] R2=0.951156 NMSE=0.048844 shuffled_R2=-0.023106
ALIGN ego[02] partner[02] R2=0.946805 NMSE=0.053195 shuffled_R2=-0.021942
ALIGN ego[02] partner[03] R2=0.942285 NMSE=0.057715 shuffled_R2=-0.017372
ALIGN ego[02] partner[04] R2=0.934139 NMSE=0.065861 shuffled_R2=-0.030684
ALIGN ego[03] partner[00] R2=0.946872 NMSE=0.053128 shuffled_R2=-0.017391
ALIGN ego[03] partner[01] R2=0.958488 NMSE=0.041512 shuffled_R2=-0.017824
ALIGN ego[03] partner[02] R2=0.946740 NMSE=0.053260 shuffled_R2=-0.031771
ALIGN ego[03] partner[03] R2=0.919705 NMSE=0.080295 shuffled_R2=-0.037905
ALIGN ego[03] partner[04] R2=0.965656 NMSE=0.034344 shuffled_R2=-0.015763
ALIGN ego[04] partner[00] R2=0.920386 NMSE=0.079614 shuffled_R2=-0.018637
ALIGN ego[04] partner[01] R2=0.921316 NMSE=0.078684 shuffled_R2=-0.018407
ALIGN ego[04] partner[02] R2=0.927211 NMSE=0.072789 shuffled_R2=-0.018037
ALIGN ego[04] partner[03] R2=0.853359 NMSE=0.146641 shuffled_R2=-0.039407
ALIGN ego[04] partner[04] R2=0.948856 NMSE=0.051144 shuffled_R2=-0.017531
Evaluating partner alignment group 1: method=mep_br, prefix=checkpoints/eval_pools/mep_br
LOADED: checkpoints/eval_pools/mep_br/cramped_room5x5/baseline_seed_0_step_220.msgpack
LOADED: checkpoints/eval_pools/mep_br/cramped_room5x5/baseline_seed_1_step_220.msgpack
LOADED: checkpoints/eval_pools/mep_br/cramped_room5x5/baseline_seed_2_step_220.msgpack
LOADED: checkpoints/eval_pools/mep_br/cramped_room5x5/baseline_seed_3_step_220.msgpack
LOADED: checkpoints/eval_pools/mep_br/cramped_room5x5/baseline_seed_4_step_220.msgpack
Using alignment rollout scale: ALIGN_PAIR_BATCH_SIZE=2, ALIGN_EVAL_NUM_EPISODES=128, ALIGN_EVAL_NUM_STEPS=400
ALIGN ego[00] partner[00] R2=0.878401 NMSE=0.121599 shuffled_R2=-0.035165
ALIGN ego[00] partner[01] R2=0.941106 NMSE=0.058894 shuffled_R2=-0.020339
ALIGN ego[00] partner[02] R2=0.844999 NMSE=0.155001 shuffled_R2=-0.070558
ALIGN ego[00] partner[03] R2=0.889692 NMSE=0.110308 shuffled_R2=-0.035930
ALIGN ego[00] partner[04] R2=0.947060 NMSE=0.052940 shuffled_R2=-0.021144
ALIGN ego[01] partner[00] R2=0.903498 NMSE=0.096502 shuffled_R2=-0.027979
ALIGN ego[01] partner[01] R2=0.938185 NMSE=0.061815 shuffled_R2=-0.018024
ALIGN ego[01] partner[02] R2=0.948308 NMSE=0.051692 shuffled_R2=-0.019791
ALIGN ego[01] partner[03] R2=0.958802 NMSE=0.041198 shuffled_R2=-0.014533
ALIGN ego[01] partner[04] R2=0.971966 NMSE=0.028034 shuffled_R2=-0.011945
ALIGN ego[02] partner[00] R2=0.854452 NMSE=0.145548 shuffled_R2=-0.026555
ALIGN ego[02] partner[01] R2=0.945276 NMSE=0.054724 shuffled_R2=-0.014920
ALIGN ego[02] partner[02] R2=0.928726 NMSE=0.071274 shuffled_R2=-0.016631
ALIGN ego[02] partner[03] R2=0.839890 NMSE=0.160110 shuffled_R2=-0.045734
ALIGN ego[02] partner[04] R2=0.830482 NMSE=0.169518 shuffled_R2=-0.067661
ALIGN ego[03] partner[00] R2=0.881795 NMSE=0.118205 shuffled_R2=-0.021033
ALIGN ego[03] partner[01] R2=0.954932 NMSE=0.045068 shuffled_R2=-0.016198
ALIGN ego[03] partner[02] R2=0.947235 NMSE=0.052765 shuffled_R2=-0.020031
ALIGN ego[03] partner[03] R2=0.957605 NMSE=0.042395 shuffled_R2=-0.016498
ALIGN ego[03] partner[04] R2=0.944396 NMSE=0.055604 shuffled_R2=-0.014461
ALIGN ego[04] partner[00] R2=0.903464 NMSE=0.096536 shuffled_R2=-0.020476
ALIGN ego[04] partner[01] R2=0.924233 NMSE=0.075767 shuffled_R2=-0.017642
ALIGN ego[04] partner[02] R2=0.923257 NMSE=0.076743 shuffled_R2=-0.016544
ALIGN ego[04] partner[03] R2=0.939856 NMSE=0.060144 shuffled_R2=-0.016604
ALIGN ego[04] partner[04] R2=0.925201 NMSE=0.074799 shuffled_R2=-0.019415
Evaluating partner alignment group 2: method=pbt, prefix=checkpoints/eval_pools/pbt
LOADED: checkpoints/eval_pools/pbt/cramped_room5x5/baseline_seed_0_step_62.msgpack
LOADED: checkpoints/eval_pools/pbt/cramped_room5x5/baseline_seed_1_step_62.msgpack
LOADED: checkpoints/eval_pools/pbt/cramped_room5x5/baseline_seed_2_step_62.msgpack
LOADED: checkpoints/eval_pools/pbt/cramped_room5x5/baseline_seed_3_step_62.msgpack
LOADED: checkpoints/eval_pools/pbt/cramped_room5x5/baseline_seed_4_step_62.msgpack
Using alignment rollout scale: ALIGN_PAIR_BATCH_SIZE=2, ALIGN_EVAL_NUM_EPISODES=128, ALIGN_EVAL_NUM_STEPS=400
ALIGN ego[00] partner[00] R2=0.469416 NMSE=0.530584 shuffled_R2=-0.052628
ALIGN ego[00] partner[01] R2=0.878738 NMSE=0.121262 shuffled_R2=-0.018923
ALIGN ego[00] partner[02] R2=0.884472 NMSE=0.115528 shuffled_R2=-0.018397
ALIGN ego[00] partner[03] R2=0.902186 NMSE=0.097814 shuffled_R2=-0.014327
ALIGN ego[00] partner[04] R2=0.843840 NMSE=0.156160 shuffled_R2=-0.029699
ALIGN ego[01] partner[00] R2=0.891514 NMSE=0.108486 shuffled_R2=-0.014767
ALIGN ego[01] partner[01] R2=0.646224 NMSE=0.353776 shuffled_R2=-0.044307
ALIGN ego[01] partner[02] R2=0.866581 NMSE=0.133419 shuffled_R2=-0.016324
ALIGN ego[01] partner[03] R2=0.867745 NMSE=0.132255 shuffled_R2=-0.014396
ALIGN ego[01] partner[04] R2=0.791888 NMSE=0.208112 shuffled_R2=-0.077683
ALIGN ego[02] partner[00] R2=0.871089 NMSE=0.128911 shuffled_R2=-0.014941
ALIGN ego[02] partner[01] R2=0.733453 NMSE=0.266547 shuffled_R2=-0.052432
ALIGN ego[02] partner[02] R2=0.865951 NMSE=0.134049 shuffled_R2=-0.015245
ALIGN ego[02] partner[03] R2=0.870877 NMSE=0.129123 shuffled_R2=-0.017354
ALIGN ego[02] partner[04] R2=0.897533 NMSE=0.102467 shuffled_R2=-0.013716
ALIGN ego[03] partner[00] R2=0.877851 NMSE=0.122149 shuffled_R2=-0.015802
ALIGN ego[03] partner[01] R2=0.863947 NMSE=0.136053 shuffled_R2=-0.014910
ALIGN ego[03] partner[02] R2=0.649795 NMSE=0.350205 shuffled_R2=-0.064021
ALIGN ego[03] partner[03] R2=0.875891 NMSE=0.124109 shuffled_R2=-0.016721
ALIGN ego[03] partner[04] R2=0.848209 NMSE=0.151791 shuffled_R2=-0.019930
ALIGN ego[04] partner[00] R2=0.881878 NMSE=0.118122 shuffled_R2=-0.016386
ALIGN ego[04] partner[01] R2=0.843426 NMSE=0.156574 shuffled_R2=-0.019527
ALIGN ego[04] partner[02] R2=0.871786 NMSE=0.128214 shuffled_R2=-0.015959
ALIGN ego[04] partner[03] R2=0.854439 NMSE=0.145561 shuffled_R2=-0.020761
ALIGN ego[04] partner[04] R2=0.855224 NMSE=0.144776 shuffled_R2=-0.014858
Evaluating partner alignment group 3: method=sp, prefix=checkpoints/eval_pools/sp
LOADED: checkpoints/eval_pools/sp/cramped_room5x5/baseline_seed_0_step_220.msgpack
LOADED: checkpoints/eval_pools/sp/cramped_room5x5/baseline_seed_1_step_220.msgpack
LOADED: checkpoints/eval_pools/sp/cramped_room5x5/baseline_seed_2_step_220.msgpack
LOADED: checkpoints/eval_pools/sp/cramped_room5x5/baseline_seed_3_step_220.msgpack
LOADED: checkpoints/eval_pools/sp/cramped_room5x5/baseline_seed_4_step_220.msgpack
Using alignment rollout scale: ALIGN_PAIR_BATCH_SIZE=2, ALIGN_EVAL_NUM_EPISODES=128, ALIGN_EVAL_NUM_STEPS=400
ALIGN ego[00] partner[00] R2=0.909092 NMSE=0.090908 shuffled_R2=-0.023728
ALIGN ego[00] partner[01] R2=0.942388 NMSE=0.057612 shuffled_R2=-0.017461
ALIGN ego[00] partner[02] R2=0.867242 NMSE=0.132758 shuffled_R2=-0.053633
ALIGN ego[00] partner[03] R2=0.892717 NMSE=0.107283 shuffled_R2=-0.030155
ALIGN ego[00] partner[04] R2=0.949356 NMSE=0.050644 shuffled_R2=-0.020635
ALIGN ego[01] partner[00] R2=0.932382 NMSE=0.067618 shuffled_R2=-0.016222
ALIGN ego[01] partner[01] R2=0.919096 NMSE=0.080904 shuffled_R2=-0.048366
ALIGN ego[01] partner[02] R2=0.945460 NMSE=0.054540 shuffled_R2=-0.014602
ALIGN ego[01] partner[03] R2=0.898039 NMSE=0.101961 shuffled_R2=-0.030317
ALIGN ego[01] partner[04] R2=0.847291 NMSE=0.152709 shuffled_R2=-0.072225
ALIGN ego[02] partner[00] R2=0.954803 NMSE=0.045197 shuffled_R2=-0.018367
ALIGN ego[02] partner[01] R2=0.963544 NMSE=0.036456 shuffled_R2=-0.017597
ALIGN ego[02] partner[02] R2=0.902711 NMSE=0.097289 shuffled_R2=-0.033884
ALIGN ego[02] partner[03] R2=0.962395 NMSE=0.037605 shuffled_R2=-0.015108
ALIGN ego[02] partner[04] R2=0.953840 NMSE=0.046160 shuffled_R2=-0.022990
ALIGN ego[03] partner[00] R2=0.943708 NMSE=0.056292 shuffled_R2=-0.019632
ALIGN ego[03] partner[01] R2=0.958199 NMSE=0.041801 shuffled_R2=-0.018620
ALIGN ego[03] partner[02] R2=0.949770 NMSE=0.050230 shuffled_R2=-0.016324
ALIGN ego[03] partner[03] R2=0.920736 NMSE=0.079264 shuffled_R2=-0.029292
ALIGN ego[03] partner[04] R2=0.946702 NMSE=0.053298 shuffled_R2=-0.019909
ALIGN ego[04] partner[00] R2=0.913458 NMSE=0.086542 shuffled_R2=-0.017402
ALIGN ego[04] partner[01] R2=0.939439 NMSE=0.060561 shuffled_R2=-0.023387
ALIGN ego[04] partner[02] R2=0.943295 NMSE=0.056705 shuffled_R2=-0.016351
ALIGN ego[04] partner[03] R2=0.944264 NMSE=0.055736 shuffled_R2=-0.016010
ALIGN ego[04] partner[04] R2=0.926445 NMSE=0.073555 shuffled_R2=-0.017947
Average ego-to-partner alignment R2: 0.901654 +- 0.007242 SE over 100 ego-partner pairs
Average alignment normalized MSE: 0.098346 +- 0.007242 SE
Average shuffled-control alignment R2: -0.024753 +- 0.001434 SE
Saved alignment results to ad_hoc_teamplay_results/lmpredV202_ablate_ad_hoc_teamplay/cramped_room5x5
Evaluating ad-hoc teamplay for ego_method=lmpredV202_ablate, layout=counter_circuit
ego_prefix=checkpoints/lmpredV202_ablate/, partner_pool_specs=e3t:checkpoints/eval_pools/e3t;mep_br:checkpoints/eval_pools/mep_br;pbt:checkpoints/eval_pools/pbt;sp:checkpoints/eval_pools/sp, result_name=lmpredV202_ablate_ad_hoc_teamplay, ego_perspective_transform=false
Importing submoduled environments...
Submoduled environments not found. Skipping import.
2026-07-05 16:43:03.739242: W external/xla/xla/service/gpu/autotuning/dot_search_space.cc:200] All configs were filtered out because none of them sufficiently match the hints. Maybe the hints set does not contain a good representative set of valid configs?Working around this by using the full hints set instead.
2026-07-05 16:43:04.847782: W external/xla/xla/service/gpu/autotuning/dot_search_space.cc:200] All configs were filtered out because none of them sufficiently match the hints. Maybe the hints set does not contain a good representative set of valid configs?Working around this by using the full hints set instead.
LOADED: checkpoints/lmpredV202_ablate/counter_circuit/baseline_seed_0_step_380.msgpack
LOADED: checkpoints/lmpredV202_ablate/counter_circuit/baseline_seed_1_step_380.msgpack
LOADED: checkpoints/lmpredV202_ablate/counter_circuit/baseline_seed_2_step_380.msgpack
LOADED: checkpoints/lmpredV202_ablate/counter_circuit/baseline_seed_3_step_380.msgpack
LOADED: checkpoints/lmpredV202_ablate/counter_circuit/baseline_seed_4_step_380.msgpack
Evaluating partner group 0: method=e3t, prefix=checkpoints/eval_pools/e3t
LOADED: checkpoints/eval_pools/e3t/counter_circuit/baseline_seed_0_step_220.msgpack
LOADED: checkpoints/eval_pools/e3t/counter_circuit/baseline_seed_1_step_220.msgpack
LOADED: checkpoints/eval_pools/e3t/counter_circuit/baseline_seed_2_step_220.msgpack
LOADED: checkpoints/eval_pools/e3t/counter_circuit/baseline_seed_3_step_220.msgpack
LOADED: checkpoints/eval_pools/e3t/counter_circuit/baseline_seed_4_step_220.msgpack
Using XP rollout scale: XP_PAIR_BATCH_SIZE=32, EVAL_NUM_EPISODES=128, EVAL_NUM_STEPS=400
XP ego[00] partner[00] = 88.281
XP ego[00] partner[01] = 100.781
XP ego[00] partner[02] = 61.875
XP ego[00] partner[03] = 4.688
XP ego[00] partner[04] = 44.219
XP ego[01] partner[00] = 128.438
XP ego[01] partner[01] = 136.719
XP ego[01] partner[02] = 101.875
XP ego[01] partner[03] = 18.438
XP ego[01] partner[04] = 106.875
XP ego[02] partner[00] = 175.625
XP ego[02] partner[01] = 121.719
XP ego[02] partner[02] = 150.000
XP ego[02] partner[03] = 15.625
XP ego[02] partner[04] = 146.250
XP ego[03] partner[00] = 163.438
XP ego[03] partner[01] = 117.031
XP ego[03] partner[02] = 108.750
XP ego[03] partner[03] = 13.125
XP ego[03] partner[04] = 86.875
XP ego[04] partner[00] = 167.969
XP ego[04] partner[01] = 151.562
XP ego[04] partner[02] = 102.188
XP ego[04] partner[03] = 13.125
XP ego[04] partner[04] = 129.531
Evaluating partner group 1: method=mep_br, prefix=checkpoints/eval_pools/mep_br
LOADED: checkpoints/eval_pools/mep_br/counter_circuit/baseline_seed_0_step_380.msgpack
LOADED: checkpoints/eval_pools/mep_br/counter_circuit/baseline_seed_1_step_380.msgpack
LOADED: checkpoints/eval_pools/mep_br/counter_circuit/baseline_seed_2_step_380.msgpack
LOADED: checkpoints/eval_pools/mep_br/counter_circuit/baseline_seed_3_step_380.msgpack
LOADED: checkpoints/eval_pools/mep_br/counter_circuit/baseline_seed_4_step_380.msgpack
Using XP rollout scale: XP_PAIR_BATCH_SIZE=32, EVAL_NUM_EPISODES=128, EVAL_NUM_STEPS=400
XP ego[00] partner[00] = 194.375
XP ego[00] partner[01] = 164.375
XP ego[00] partner[02] = 147.656
XP ego[00] partner[03] = 167.344
XP ego[00] partner[04] = 143.594
XP ego[01] partner[00] = 163.906
XP ego[01] partner[01] = 141.719
XP ego[01] partner[02] = 163.594
XP ego[01] partner[03] = 159.375
XP ego[01] partner[04] = 127.031
XP ego[02] partner[00] = 228.594
XP ego[02] partner[01] = 157.969
XP ego[02] partner[02] = 212.969
XP ego[02] partner[03] = 205.938
XP ego[02] partner[04] = 210.312
XP ego[03] partner[00] = 185.156
XP ego[03] partner[01] = 182.344
XP ego[03] partner[02] = 195.781
XP ego[03] partner[03] = 185.000
XP ego[03] partner[04] = 175.938
XP ego[04] partner[00] = 220.312
XP ego[04] partner[01] = 205.156
XP ego[04] partner[02] = 216.250
XP ego[04] partner[03] = 213.750
XP ego[04] partner[04] = 179.375
Evaluating partner group 2: method=pbt, prefix=checkpoints/eval_pools/pbt
LOADED: checkpoints/eval_pools/pbt/counter_circuit/baseline_seed_0_step_62.msgpack
LOADED: checkpoints/eval_pools/pbt/counter_circuit/baseline_seed_1_step_62.msgpack
LOADED: checkpoints/eval_pools/pbt/counter_circuit/baseline_seed_2_step_62.msgpack
LOADED: checkpoints/eval_pools/pbt/counter_circuit/baseline_seed_3_step_62.msgpack
LOADED: checkpoints/eval_pools/pbt/counter_circuit/baseline_seed_4_step_62.msgpack
Using XP rollout scale: XP_PAIR_BATCH_SIZE=32, EVAL_NUM_EPISODES=128, EVAL_NUM_STEPS=400
XP ego[00] partner[00] = 119.688
XP ego[00] partner[01] = 132.188
XP ego[00] partner[02] = 128.750
XP ego[00] partner[03] = 120.781
XP ego[00] partner[04] = 132.031
XP ego[01] partner[00] = 160.781
XP ego[01] partner[01] = 163.125
XP ego[01] partner[02] = 158.750
XP ego[01] partner[03] = 162.969
XP ego[01] partner[04] = 160.312
XP ego[02] partner[00] = 145.156
XP ego[02] partner[01] = 115.938
XP ego[02] partner[02] = 127.344
XP ego[02] partner[03] = 108.594
XP ego[02] partner[04] = 120.312
XP ego[03] partner[00] = 122.656
XP ego[03] partner[01] = 178.438
XP ego[03] partner[02] = 182.500
XP ego[03] partner[03] = 183.594
XP ego[03] partner[04] = 187.188
XP ego[04] partner[00] = 167.812
XP ego[04] partner[01] = 175.938
XP ego[04] partner[02] = 163.594
XP ego[04] partner[03] = 150.000
XP ego[04] partner[04] = 166.250
Evaluating partner group 3: method=sp, prefix=checkpoints/eval_pools/sp
LOADED: checkpoints/eval_pools/sp/counter_circuit/baseline_seed_0_step_380.msgpack
LOADED: checkpoints/eval_pools/sp/counter_circuit/baseline_seed_1_step_380.msgpack
LOADED: checkpoints/eval_pools/sp/counter_circuit/baseline_seed_2_step_380.msgpack
LOADED: checkpoints/eval_pools/sp/counter_circuit/baseline_seed_3_step_380.msgpack
LOADED: checkpoints/eval_pools/sp/counter_circuit/baseline_seed_4_step_380.msgpack
Using XP rollout scale: XP_PAIR_BATCH_SIZE=32, EVAL_NUM_EPISODES=128, EVAL_NUM_STEPS=400
XP ego[00] partner[00] = 121.562
XP ego[00] partner[01] = 113.125
XP ego[00] partner[02] = 147.656
XP ego[00] partner[03] = 125.625
XP ego[00] partner[04] = 138.906
XP ego[01] partner[00] = 151.562
XP ego[01] partner[01] = 92.188
XP ego[01] partner[02] = 111.406
XP ego[01] partner[03] = 164.062
XP ego[01] partner[04] = 161.719
XP ego[02] partner[00] = 165.625
XP ego[02] partner[01] = 71.719
XP ego[02] partner[02] = 166.406
XP ego[02] partner[03] = 217.188
XP ego[02] partner[04] = 177.812
XP ego[03] partner[00] = 164.375
XP ego[03] partner[01] = 164.219
XP ego[03] partner[02] = 172.188
XP ego[03] partner[03] = 169.219
XP ego[03] partner[04] = 177.500
XP ego[04] partner[00] = 160.938
XP ego[04] partner[01] = 134.688
XP ego[04] partner[02] = 166.875
XP ego[04] partner[03] = 230.938
XP ego[04] partner[04] = 169.219
Average ego-vs-partner performance: 145.742 +- 4.732 SE over 100 ordered pairs
Average diagonal performance: 103.531 +- 24.842 SE over 5 pairs
Average off-diagonal performance (only for square pools): nan +- nan SE over 0 ordered pairs
Saved ad-hoc teamplay results to ad_hoc_teamplay_results/lmpredV202_ablate_ad_hoc_teamplay/counter_circuit
Saved ad-hoc teamplay heatmap to ad_hoc_teamplay_results/lmpredV202_ablate_ad_hoc_teamplay/counter_circuit/xp_matrix.png
Evaluating partner alignment group 0: method=e3t, prefix=checkpoints/eval_pools/e3t
LOADED: checkpoints/eval_pools/e3t/counter_circuit/baseline_seed_0_step_220.msgpack
LOADED: checkpoints/eval_pools/e3t/counter_circuit/baseline_seed_1_step_220.msgpack
LOADED: checkpoints/eval_pools/e3t/counter_circuit/baseline_seed_2_step_220.msgpack
LOADED: checkpoints/eval_pools/e3t/counter_circuit/baseline_seed_3_step_220.msgpack
LOADED: checkpoints/eval_pools/e3t/counter_circuit/baseline_seed_4_step_220.msgpack
Using alignment rollout scale: ALIGN_PAIR_BATCH_SIZE=2, ALIGN_EVAL_NUM_EPISODES=128, ALIGN_EVAL_NUM_STEPS=400
ALIGN ego[00] partner[00] R2=0.753320 NMSE=0.246680 shuffled_R2=-0.025655
ALIGN ego[00] partner[01] R2=0.764238 NMSE=0.235762 shuffled_R2=-0.015916
ALIGN ego[00] partner[02] R2=0.714175 NMSE=0.285825 shuffled_R2=-0.018280
ALIGN ego[00] partner[03] R2=0.784878 NMSE=0.215122 shuffled_R2=-0.036523
ALIGN ego[00] partner[04] R2=0.723799 NMSE=0.276201 shuffled_R2=-0.024570
ALIGN ego[01] partner[00] R2=0.767562 NMSE=0.232438 shuffled_R2=-0.018557
ALIGN ego[01] partner[01] R2=0.764444 NMSE=0.235556 shuffled_R2=-0.018106
ALIGN ego[01] partner[02] R2=0.729628 NMSE=0.270372 shuffled_R2=-0.018480
ALIGN ego[01] partner[03] R2=0.850844 NMSE=0.149156 shuffled_R2=-0.019126
ALIGN ego[01] partner[04] R2=0.727106 NMSE=0.272894 shuffled_R2=-0.025904
ALIGN ego[02] partner[00] R2=0.741409 NMSE=0.258591 shuffled_R2=-0.017943
ALIGN ego[02] partner[01] R2=0.801425 NMSE=0.198575 shuffled_R2=-0.017681
ALIGN ego[02] partner[02] R2=0.696541 NMSE=0.303459 shuffled_R2=-0.020443
ALIGN ego[02] partner[03] R2=0.823987 NMSE=0.176013 shuffled_R2=-0.024366
ALIGN ego[02] partner[04] R2=0.787737 NMSE=0.212263 shuffled_R2=-0.016877
ALIGN ego[03] partner[00] R2=0.748464 NMSE=0.251536 shuffled_R2=-0.017222
ALIGN ego[03] partner[01] R2=0.723623 NMSE=0.276377 shuffled_R2=-0.024082
ALIGN ego[03] partner[02] R2=0.663057 NMSE=0.336943 shuffled_R2=-0.020989
ALIGN ego[03] partner[03] R2=0.666076 NMSE=0.333924 shuffled_R2=-0.035060
ALIGN ego[03] partner[04] R2=0.713361 NMSE=0.286639 shuffled_R2=-0.022507
ALIGN ego[04] partner[00] R2=0.764185 NMSE=0.235815 shuffled_R2=-0.016296
ALIGN ego[04] partner[01] R2=0.722820 NMSE=0.277180 shuffled_R2=-0.022110
ALIGN ego[04] partner[02] R2=0.711718 NMSE=0.288282 shuffled_R2=-0.021271
ALIGN ego[04] partner[03] R2=0.795719 NMSE=0.204281 shuffled_R2=-0.021294
ALIGN ego[04] partner[04] R2=0.703480 NMSE=0.296520 shuffled_R2=-0.020134
Evaluating partner alignment group 1: method=mep_br, prefix=checkpoints/eval_pools/mep_br
LOADED: checkpoints/eval_pools/mep_br/counter_circuit/baseline_seed_0_step_380.msgpack
LOADED: checkpoints/eval_pools/mep_br/counter_circuit/baseline_seed_1_step_380.msgpack
LOADED: checkpoints/eval_pools/mep_br/counter_circuit/baseline_seed_2_step_380.msgpack
LOADED: checkpoints/eval_pools/mep_br/counter_circuit/baseline_seed_3_step_380.msgpack
LOADED: checkpoints/eval_pools/mep_br/counter_circuit/baseline_seed_4_step_380.msgpack
Using alignment rollout scale: ALIGN_PAIR_BATCH_SIZE=2, ALIGN_EVAL_NUM_EPISODES=128, ALIGN_EVAL_NUM_STEPS=400
ALIGN ego[00] partner[00] R2=0.849192 NMSE=0.150808 shuffled_R2=-0.016583
ALIGN ego[00] partner[01] R2=0.852076 NMSE=0.147924 shuffled_R2=-0.017041
ALIGN ego[00] partner[02] R2=0.859757 NMSE=0.140243 shuffled_R2=-0.017565
ALIGN ego[00] partner[03] R2=0.868971 NMSE=0.131029 shuffled_R2=-0.015861
ALIGN ego[00] partner[04] R2=0.733082 NMSE=0.266918 shuffled_R2=-0.019283
ALIGN ego[01] partner[00] R2=0.817819 NMSE=0.182181 shuffled_R2=-0.017911
ALIGN ego[01] partner[01] R2=0.851844 NMSE=0.148156 shuffled_R2=-0.015781
ALIGN ego[01] partner[02] R2=0.802328 NMSE=0.197672 shuffled_R2=-0.018141
ALIGN ego[01] partner[03] R2=0.788923 NMSE=0.211077 shuffled_R2=-0.017550
ALIGN ego[01] partner[04] R2=0.835277 NMSE=0.164723 shuffled_R2=-0.015404
ALIGN ego[02] partner[00] R2=0.855982 NMSE=0.144018 shuffled_R2=-0.018029
ALIGN ego[02] partner[01] R2=0.794069 NMSE=0.205931 shuffled_R2=-0.025180
ALIGN ego[02] partner[02] R2=0.868813 NMSE=0.131187 shuffled_R2=-0.015268
ALIGN ego[02] partner[03] R2=0.811643 NMSE=0.188357 shuffled_R2=-0.020025
ALIGN ego[02] partner[04] R2=0.706079 NMSE=0.293921 shuffled_R2=-0.025319
ALIGN ego[03] partner[00] R2=0.733604 NMSE=0.266396 shuffled_R2=-0.021443
ALIGN ego[03] partner[01] R2=0.804837 NMSE=0.195163 shuffled_R2=-0.018854
ALIGN ego[03] partner[02] R2=0.798739 NMSE=0.201261 shuffled_R2=-0.015111
ALIGN ego[03] partner[03] R2=0.794691 NMSE=0.205309 shuffled_R2=-0.016452
ALIGN ego[03] partner[04] R2=0.775921 NMSE=0.224079 shuffled_R2=-0.015056
ALIGN ego[04] partner[00] R2=0.855803 NMSE=0.144197 shuffled_R2=-0.020427
ALIGN ego[04] partner[01] R2=0.853781 NMSE=0.146219 shuffled_R2=-0.015740
ALIGN ego[04] partner[02] R2=0.867495 NMSE=0.132505 shuffled_R2=-0.016286
ALIGN ego[04] partner[03] R2=0.826101 NMSE=0.173899 shuffled_R2=-0.018945
ALIGN ego[04] partner[04] R2=0.809482 NMSE=0.190518 shuffled_R2=-0.016563
Evaluating partner alignment group 2: method=pbt, prefix=checkpoints/eval_pools/pbt
LOADED: checkpoints/eval_pools/pbt/counter_circuit/baseline_seed_0_step_62.msgpack
LOADED: checkpoints/eval_pools/pbt/counter_circuit/baseline_seed_1_step_62.msgpack
LOADED: checkpoints/eval_pools/pbt/counter_circuit/baseline_seed_2_step_62.msgpack
LOADED: checkpoints/eval_pools/pbt/counter_circuit/baseline_seed_3_step_62.msgpack
LOADED: checkpoints/eval_pools/pbt/counter_circuit/baseline_seed_4_step_62.msgpack
Using alignment rollout scale: ALIGN_PAIR_BATCH_SIZE=2, ALIGN_EVAL_NUM_EPISODES=128, ALIGN_EVAL_NUM_STEPS=400
ALIGN ego[00] partner[00] R2=0.726205 NMSE=0.273795 shuffled_R2=-0.017110
ALIGN ego[00] partner[01] R2=0.760013 NMSE=0.239987 shuffled_R2=-0.018005
ALIGN ego[00] partner[02] R2=0.796986 NMSE=0.203014 shuffled_R2=-0.016963
ALIGN ego[00] partner[03] R2=0.805242 NMSE=0.194758 shuffled_R2=-0.015925
ALIGN ego[00] partner[04] R2=0.745677 NMSE=0.254323 shuffled_R2=-0.029767
ALIGN ego[01] partner[00] R2=0.796516 NMSE=0.203484 shuffled_R2=-0.016192
ALIGN ego[01] partner[01] R2=0.813970 NMSE=0.186030 shuffled_R2=-0.016279
ALIGN ego[01] partner[02] R2=0.791297 NMSE=0.208703 shuffled_R2=-0.017100
ALIGN ego[01] partner[03] R2=0.855853 NMSE=0.144147 shuffled_R2=-0.015170
ALIGN ego[01] partner[04] R2=0.838348 NMSE=0.161652 shuffled_R2=-0.016142
ALIGN ego[02] partner[00] R2=0.808637 NMSE=0.191363 shuffled_R2=-0.019543
ALIGN ego[02] partner[01] R2=0.796905 NMSE=0.203095 shuffled_R2=-0.013697
ALIGN ego[02] partner[02] R2=0.811074 NMSE=0.188926 shuffled_R2=-0.014482
ALIGN ego[02] partner[03] R2=0.739863 NMSE=0.260137 shuffled_R2=-0.020096
ALIGN ego[02] partner[04] R2=0.744697 NMSE=0.255303 shuffled_R2=-0.018533
ALIGN ego[03] partner[00] R2=0.732088 NMSE=0.267912 shuffled_R2=-0.016813
ALIGN ego[03] partner[01] R2=0.740644 NMSE=0.259356 shuffled_R2=-0.014319
ALIGN ego[03] partner[02] R2=0.701201 NMSE=0.298799 shuffled_R2=-0.016588
ALIGN ego[03] partner[03] R2=0.699584 NMSE=0.300416 shuffled_R2=-0.019275
ALIGN ego[03] partner[04] R2=0.731512 NMSE=0.268488 shuffled_R2=-0.016690
ALIGN ego[04] partner[00] R2=0.718939 NMSE=0.281061 shuffled_R2=-0.020991
ALIGN ego[04] partner[01] R2=0.710696 NMSE=0.289304 shuffled_R2=-0.017646
ALIGN ego[04] partner[02] R2=0.696824 NMSE=0.303176 shuffled_R2=-0.027876
ALIGN ego[04] partner[03] R2=0.769111 NMSE=0.230889 shuffled_R2=-0.020545
ALIGN ego[04] partner[04] R2=0.795635 NMSE=0.204365 shuffled_R2=-0.013971
Evaluating partner alignment group 3: method=sp, prefix=checkpoints/eval_pools/sp
LOADED: checkpoints/eval_pools/sp/counter_circuit/baseline_seed_0_step_380.msgpack
LOADED: checkpoints/eval_pools/sp/counter_circuit/baseline_seed_1_step_380.msgpack
LOADED: checkpoints/eval_pools/sp/counter_circuit/baseline_seed_2_step_380.msgpack
LOADED: checkpoints/eval_pools/sp/counter_circuit/baseline_seed_3_step_380.msgpack
LOADED: checkpoints/eval_pools/sp/counter_circuit/baseline_seed_4_step_380.msgpack
Using alignment rollout scale: ALIGN_PAIR_BATCH_SIZE=2, ALIGN_EVAL_NUM_EPISODES=128, ALIGN_EVAL_NUM_STEPS=400
ALIGN ego[00] partner[00] R2=0.842551 NMSE=0.157449 shuffled_R2=-0.015813
ALIGN ego[00] partner[01] R2=0.845338 NMSE=0.154662 shuffled_R2=-0.016534
ALIGN ego[00] partner[02] R2=0.858373 NMSE=0.141627 shuffled_R2=-0.013993
ALIGN ego[00] partner[03] R2=0.776898 NMSE=0.223102 shuffled_R2=-0.021698
ALIGN ego[00] partner[04] R2=0.831922 NMSE=0.168078 shuffled_R2=-0.016741
ALIGN ego[01] partner[00] R2=0.870314 NMSE=0.129686 shuffled_R2=-0.016848
ALIGN ego[01] partner[01] R2=0.905873 NMSE=0.094127 shuffled_R2=-0.016280
ALIGN ego[01] partner[02] R2=0.898925 NMSE=0.101075 shuffled_R2=-0.016702
ALIGN ego[01] partner[03] R2=0.778139 NMSE=0.221861 shuffled_R2=-0.016096
ALIGN ego[01] partner[04] R2=0.839363 NMSE=0.160637 shuffled_R2=-0.015354
ALIGN ego[02] partner[00] R2=0.843842 NMSE=0.156158 shuffled_R2=-0.018799
ALIGN ego[02] partner[01] R2=0.848743 NMSE=0.151257 shuffled_R2=-0.023718
ALIGN ego[02] partner[02] R2=0.864436 NMSE=0.135564 shuffled_R2=-0.016165
ALIGN ego[02] partner[03] R2=0.832127 NMSE=0.167873 shuffled_R2=-0.021226
ALIGN ego[02] partner[04] R2=0.820159 NMSE=0.179841 shuffled_R2=-0.014475
ALIGN ego[03] partner[00] R2=0.796094 NMSE=0.203906 shuffled_R2=-0.020449
ALIGN ego[03] partner[01] R2=0.829232 NMSE=0.170768 shuffled_R2=-0.016088
ALIGN ego[03] partner[02] R2=0.763063 NMSE=0.236937 shuffled_R2=-0.020114
ALIGN ego[03] partner[03] R2=0.717083 NMSE=0.282917 shuffled_R2=-0.023803
ALIGN ego[03] partner[04] R2=0.770551 NMSE=0.229449 shuffled_R2=-0.017693
ALIGN ego[04] partner[00] R2=0.861758 NMSE=0.138242 shuffled_R2=-0.018777
ALIGN ego[04] partner[01] R2=0.857346 NMSE=0.142654 shuffled_R2=-0.016758
ALIGN ego[04] partner[02] R2=0.862446 NMSE=0.137554 shuffled_R2=-0.016131
ALIGN ego[04] partner[03] R2=0.888673 NMSE=0.111327 shuffled_R2=-0.015969
ALIGN ego[04] partner[04] R2=0.826599 NMSE=0.173401 shuffled_R2=-0.014561
Average ego-to-partner alignment R2: 0.790173 +- 0.005744 SE over 100 ego-partner pairs
Average alignment normalized MSE: 0.209827 +- 0.005744 SE
Average shuffled-control alignment R2: -0.018797 +- 0.000405 SE
Saved alignment results to ad_hoc_teamplay_results/lmpredV202_ablate_ad_hoc_teamplay/counter_circuit
Evaluating ad-hoc teamplay for ego_method=lmpredV202_ablate, layout=coord_ring
ego_prefix=checkpoints/lmpredV202_ablate/, partner_pool_specs=e3t:checkpoints/eval_pools/e3t;mep_br:checkpoints/eval_pools/mep_br;pbt:checkpoints/eval_pools/pbt;sp:checkpoints/eval_pools/sp, result_name=lmpredV202_ablate_ad_hoc_teamplay, ego_perspective_transform=false
Importing submoduled environments...
Submoduled environments not found. Skipping import.
2026-07-05 16:46:36.640835: W external/xla/xla/service/gpu/autotuning/dot_search_space.cc:200] All configs were filtered out because none of them sufficiently match the hints. Maybe the hints set does not contain a good representative set of valid configs?Working around this by using the full hints set instead.
2026-07-05 16:46:37.744418: W external/xla/xla/service/gpu/autotuning/dot_search_space.cc:200] All configs were filtered out because none of them sufficiently match the hints. Maybe the hints set does not contain a good representative set of valid configs?Working around this by using the full hints set instead.
LOADED: checkpoints/lmpredV202_ablate/coord_ring/baseline_seed_0_step_220.msgpack
LOADED: checkpoints/lmpredV202_ablate/coord_ring/baseline_seed_1_step_220.msgpack
LOADED: checkpoints/lmpredV202_ablate/coord_ring/baseline_seed_2_step_220.msgpack
LOADED: checkpoints/lmpredV202_ablate/coord_ring/baseline_seed_3_step_220.msgpack
LOADED: checkpoints/lmpredV202_ablate/coord_ring/baseline_seed_4_step_220.msgpack
Evaluating partner group 0: method=e3t, prefix=checkpoints/eval_pools/e3t
LOADED: checkpoints/eval_pools/e3t/coord_ring/baseline_seed_0_step_220.msgpack
LOADED: checkpoints/eval_pools/e3t/coord_ring/baseline_seed_1_step_220.msgpack
LOADED: checkpoints/eval_pools/e3t/coord_ring/baseline_seed_2_step_220.msgpack
LOADED: checkpoints/eval_pools/e3t/coord_ring/baseline_seed_3_step_220.msgpack
LOADED: checkpoints/eval_pools/e3t/coord_ring/baseline_seed_4_step_220.msgpack
Using XP rollout scale: XP_PAIR_BATCH_SIZE=32, EVAL_NUM_EPISODES=128, EVAL_NUM_STEPS=400
XP ego[00] partner[00] = 256.250
XP ego[00] partner[01] = 296.719
XP ego[00] partner[02] = 12.031
XP ego[00] partner[03] = 263.750
XP ego[00] partner[04] = 286.719
XP ego[01] partner[00] = 273.750
XP ego[01] partner[01] = 282.188
XP ego[01] partner[02] = 19.688
XP ego[01] partner[03] = 236.094
XP ego[01] partner[04] = 286.094
XP ego[02] partner[00] = 265.781
XP ego[02] partner[01] = 165.625
XP ego[02] partner[02] = 37.812
XP ego[02] partner[03] = 241.875
XP ego[02] partner[04] = 200.000
XP ego[03] partner[00] = 285.156
XP ego[03] partner[01] = 277.188
XP ego[03] partner[02] = 86.250
XP ego[03] partner[03] = 279.062
XP ego[03] partner[04] = 273.750
XP ego[04] partner[00] = 227.031
XP ego[04] partner[01] = 290.000
XP ego[04] partner[02] = 34.219
XP ego[04] partner[03] = 250.000
XP ego[04] partner[04] = 184.688
Evaluating partner group 1: method=mep_br, prefix=checkpoints/eval_pools/mep_br
LOADED: checkpoints/eval_pools/mep_br/coord_ring/baseline_seed_0_step_220.msgpack
LOADED: checkpoints/eval_pools/mep_br/coord_ring/baseline_seed_1_step_220.msgpack
LOADED: checkpoints/eval_pools/mep_br/coord_ring/baseline_seed_2_step_220.msgpack
LOADED: checkpoints/eval_pools/mep_br/coord_ring/baseline_seed_3_step_220.msgpack
LOADED: checkpoints/eval_pools/mep_br/coord_ring/baseline_seed_4_step_220.msgpack
Using XP rollout scale: XP_PAIR_BATCH_SIZE=32, EVAL_NUM_EPISODES=128, EVAL_NUM_STEPS=400
XP ego[00] partner[00] = 265.625
XP ego[00] partner[01] = 281.562
XP ego[00] partner[02] = 275.312
XP ego[00] partner[03] = 180.156
XP ego[00] partner[04] = 244.531
XP ego[01] partner[00] = 238.281
XP ego[01] partner[01] = 291.875
XP ego[01] partner[02] = 281.406
XP ego[01] partner[03] = 200.781
XP ego[01] partner[04] = 270.156
XP ego[02] partner[00] = 224.688
XP ego[02] partner[01] = 274.062
XP ego[02] partner[02] = 236.406
XP ego[02] partner[03] = 183.281
XP ego[02] partner[04] = 249.844
XP ego[03] partner[00] = 255.781
XP ego[03] partner[01] = 289.531
XP ego[03] partner[02] = 279.219
XP ego[03] partner[03] = 110.156
XP ego[03] partner[04] = 265.469
XP ego[04] partner[00] = 280.000
XP ego[04] partner[01] = 289.844
XP ego[04] partner[02] = 278.594
XP ego[04] partner[03] = 158.906
XP ego[04] partner[04] = 283.281
Evaluating partner group 2: method=pbt, prefix=checkpoints/eval_pools/pbt
LOADED: checkpoints/eval_pools/pbt/coord_ring/baseline_seed_0_step_62.msgpack
LOADED: checkpoints/eval_pools/pbt/coord_ring/baseline_seed_1_step_62.msgpack
LOADED: checkpoints/eval_pools/pbt/coord_ring/baseline_seed_2_step_62.msgpack
LOADED: checkpoints/eval_pools/pbt/coord_ring/baseline_seed_3_step_62.msgpack
LOADED: checkpoints/eval_pools/pbt/coord_ring/baseline_seed_4_step_62.msgpack
Using XP rollout scale: XP_PAIR_BATCH_SIZE=32, EVAL_NUM_EPISODES=128, EVAL_NUM_STEPS=400
XP ego[00] partner[00] = 298.750
XP ego[00] partner[01] = 275.938
XP ego[00] partner[02] = 230.938
XP ego[00] partner[03] = 271.094
XP ego[00] partner[04] = 260.000
XP ego[01] partner[00] = 257.188
XP ego[01] partner[01] = 247.031
XP ego[01] partner[02] = 265.312
XP ego[01] partner[03] = 207.344
XP ego[01] partner[04] = 269.844
XP ego[02] partner[00] = 121.562
XP ego[02] partner[01] = 142.500
XP ego[02] partner[02] = 42.188
XP ego[02] partner[03] = 45.938
XP ego[02] partner[04] = 142.031
XP ego[03] partner[00] = 277.344
XP ego[03] partner[01] = 238.906
XP ego[03] partner[02] = 238.906
XP ego[03] partner[03] = 229.688
XP ego[03] partner[04] = 242.031
XP ego[04] partner[00] = 236.406
XP ego[04] partner[01] = 245.625
XP ego[04] partner[02] = 247.969
XP ego[04] partner[03] = 250.938
XP ego[04] partner[04] = 260.469
Evaluating partner group 3: method=sp, prefix=checkpoints/eval_pools/sp
LOADED: checkpoints/eval_pools/sp/coord_ring/baseline_seed_0_step_220.msgpack
LOADED: checkpoints/eval_pools/sp/coord_ring/baseline_seed_1_step_220.msgpack
LOADED: checkpoints/eval_pools/sp/coord_ring/baseline_seed_2_step_220.msgpack
LOADED: checkpoints/eval_pools/sp/coord_ring/baseline_seed_3_step_220.msgpack
LOADED: checkpoints/eval_pools/sp/coord_ring/baseline_seed_4_step_220.msgpack
Using XP rollout scale: XP_PAIR_BATCH_SIZE=32, EVAL_NUM_EPISODES=128, EVAL_NUM_STEPS=400
XP ego[00] partner[00] = 291.562
XP ego[00] partner[01] = 285.781
XP ego[00] partner[02] = 271.875
XP ego[00] partner[03] = 200.312
XP ego[00] partner[04] = 288.906
XP ego[01] partner[00] = 262.500
XP ego[01] partner[01] = 265.469
XP ego[01] partner[02] = 254.062
XP ego[01] partner[03] = 258.281
XP ego[01] partner[04] = 271.562
XP ego[02] partner[00] = 103.750
XP ego[02] partner[01] = 127.031
XP ego[02] partner[02] = 235.625
XP ego[02] partner[03] = 163.906
XP ego[02] partner[04] = 85.312
XP ego[03] partner[00] = 282.188
XP ego[03] partner[01] = 279.688
XP ego[03] partner[02] = 269.844
XP ego[03] partner[03] = 258.438
XP ego[03] partner[04] = 281.094
XP ego[04] partner[00] = 258.906
XP ego[04] partner[01] = 285.156
XP ego[04] partner[02] = 262.031
XP ego[04] partner[03] = 272.188
XP ego[04] partner[04] = 275.312
Average ego-vs-partner performance: 231.372 +- 7.047 SE over 100 ordered pairs
Average diagonal performance: 208.000 +- 46.037 SE over 5 pairs
Average off-diagonal performance (only for square pools): nan +- nan SE over 0 ordered pairs
Saved ad-hoc teamplay results to ad_hoc_teamplay_results/lmpredV202_ablate_ad_hoc_teamplay/coord_ring
Saved ad-hoc teamplay heatmap to ad_hoc_teamplay_results/lmpredV202_ablate_ad_hoc_teamplay/coord_ring/xp_matrix.png
Evaluating partner alignment group 0: method=e3t, prefix=checkpoints/eval_pools/e3t
LOADED: checkpoints/eval_pools/e3t/coord_ring/baseline_seed_0_step_220.msgpack
LOADED: checkpoints/eval_pools/e3t/coord_ring/baseline_seed_1_step_220.msgpack
LOADED: checkpoints/eval_pools/e3t/coord_ring/baseline_seed_2_step_220.msgpack
LOADED: checkpoints/eval_pools/e3t/coord_ring/baseline_seed_3_step_220.msgpack
LOADED: checkpoints/eval_pools/e3t/coord_ring/baseline_seed_4_step_220.msgpack
Using alignment rollout scale: ALIGN_PAIR_BATCH_SIZE=2, ALIGN_EVAL_NUM_EPISODES=128, ALIGN_EVAL_NUM_STEPS=400
ALIGN ego[00] partner[00] R2=0.834453 NMSE=0.165547 shuffled_R2=-0.023424
ALIGN ego[00] partner[01] R2=0.840802 NMSE=0.159198 shuffled_R2=-0.014409
ALIGN ego[00] partner[02] R2=0.641855 NMSE=0.358145 shuffled_R2=-0.087257
ALIGN ego[00] partner[03] R2=0.913242 NMSE=0.086758 shuffled_R2=-0.016412
ALIGN ego[00] partner[04] R2=0.894346 NMSE=0.105654 shuffled_R2=-0.013657
ALIGN ego[01] partner[00] R2=0.906721 NMSE=0.093279 shuffled_R2=-0.020846
ALIGN ego[01] partner[01] R2=0.875642 NMSE=0.124358 shuffled_R2=-0.016248
ALIGN ego[01] partner[02] R2=0.911180 NMSE=0.088820 shuffled_R2=-0.034095
ALIGN ego[01] partner[03] R2=0.915765 NMSE=0.084235 shuffled_R2=-0.013954
ALIGN ego[01] partner[04] R2=0.853625 NMSE=0.146375 shuffled_R2=-0.015592
ALIGN ego[02] partner[00] R2=0.902762 NMSE=0.097238 shuffled_R2=-0.019674
ALIGN ego[02] partner[01] R2=0.895263 NMSE=0.104737 shuffled_R2=-0.015859
ALIGN ego[02] partner[02] R2=0.810371 NMSE=0.189629 shuffled_R2=-0.055993
ALIGN ego[02] partner[03] R2=0.886904 NMSE=0.113096 shuffled_R2=-0.015104
ALIGN ego[02] partner[04] R2=0.881692 NMSE=0.118308 shuffled_R2=-0.017369
ALIGN ego[03] partner[00] R2=0.916802 NMSE=0.083198 shuffled_R2=-0.014999
ALIGN ego[03] partner[01] R2=0.860954 NMSE=0.139046 shuffled_R2=-0.017286
ALIGN ego[03] partner[02] R2=0.914701 NMSE=0.085299 shuffled_R2=-0.017621
ALIGN ego[03] partner[03] R2=0.859225 NMSE=0.140775 shuffled_R2=-0.019172
ALIGN ego[03] partner[04] R2=0.887369 NMSE=0.112631 shuffled_R2=-0.014801
ALIGN ego[04] partner[00] R2=0.892131 NMSE=0.107869 shuffled_R2=-0.016757
ALIGN ego[04] partner[01] R2=0.870238 NMSE=0.129762 shuffled_R2=-0.015788
ALIGN ego[04] partner[02] R2=0.902775 NMSE=0.097225 shuffled_R2=-0.024797
ALIGN ego[04] partner[03] R2=0.845686 NMSE=0.154314 shuffled_R2=-0.025860
ALIGN ego[04] partner[04] R2=0.894690 NMSE=0.105310 shuffled_R2=-0.015259
Evaluating partner alignment group 1: method=mep_br, prefix=checkpoints/eval_pools/mep_br
LOADED: checkpoints/eval_pools/mep_br/coord_ring/baseline_seed_0_step_220.msgpack
LOADED: checkpoints/eval_pools/mep_br/coord_ring/baseline_seed_1_step_220.msgpack
LOADED: checkpoints/eval_pools/mep_br/coord_ring/baseline_seed_2_step_220.msgpack
LOADED: checkpoints/eval_pools/mep_br/coord_ring/baseline_seed_3_step_220.msgpack
LOADED: checkpoints/eval_pools/mep_br/coord_ring/baseline_seed_4_step_220.msgpack
Using alignment rollout scale: ALIGN_PAIR_BATCH_SIZE=2, ALIGN_EVAL_NUM_EPISODES=128, ALIGN_EVAL_NUM_STEPS=400
ALIGN ego[00] partner[00] R2=0.904914 NMSE=0.095086 shuffled_R2=-0.021686
ALIGN ego[00] partner[01] R2=0.899859 NMSE=0.100141 shuffled_R2=-0.017766
ALIGN ego[00] partner[02] R2=0.860677 NMSE=0.139323 shuffled_R2=-0.017886
ALIGN ego[00] partner[03] R2=0.933664 NMSE=0.066336 shuffled_R2=-0.017833
ALIGN ego[00] partner[04] R2=0.871307 NMSE=0.128693 shuffled_R2=-0.020531
ALIGN ego[01] partner[00] R2=0.911205 NMSE=0.088795 shuffled_R2=-0.014996
ALIGN ego[01] partner[01] R2=0.859000 NMSE=0.141000 shuffled_R2=-0.027690
ALIGN ego[01] partner[02] R2=0.922263 NMSE=0.077737 shuffled_R2=-0.016508
ALIGN ego[01] partner[03] R2=0.907693 NMSE=0.092307 shuffled_R2=-0.026740
ALIGN ego[01] partner[04] R2=0.930935 NMSE=0.069065 shuffled_R2=-0.018857
ALIGN ego[02] partner[00] R2=0.850913 NMSE=0.149087 shuffled_R2=-0.022945
ALIGN ego[02] partner[01] R2=0.869739 NMSE=0.130261 shuffled_R2=-0.014628
ALIGN ego[02] partner[02] R2=0.718506 NMSE=0.281494 shuffled_R2=-0.034520
ALIGN ego[02] partner[03] R2=0.900446 NMSE=0.099554 shuffled_R2=-0.018724
ALIGN ego[02] partner[04] R2=0.880578 NMSE=0.119422 shuffled_R2=-0.016290
ALIGN ego[03] partner[00] R2=0.882071 NMSE=0.117929 shuffled_R2=-0.020212
ALIGN ego[03] partner[01] R2=0.886527 NMSE=0.113473 shuffled_R2=-0.017105
ALIGN ego[03] partner[02] R2=0.901988 NMSE=0.098012 shuffled_R2=-0.015416
ALIGN ego[03] partner[03] R2=0.894877 NMSE=0.105123 shuffled_R2=-0.019920
ALIGN ego[03] partner[04] R2=0.921916 NMSE=0.078084 shuffled_R2=-0.014252
ALIGN ego[04] partner[00] R2=0.899728 NMSE=0.100272 shuffled_R2=-0.014213
ALIGN ego[04] partner[01] R2=0.874935 NMSE=0.125065 shuffled_R2=-0.016560
ALIGN ego[04] partner[02] R2=0.817788 NMSE=0.182212 shuffled_R2=-0.017736
ALIGN ego[04] partner[03] R2=0.955884 NMSE=0.044116 shuffled_R2=-0.016197
ALIGN ego[04] partner[04] R2=0.886217 NMSE=0.113783 shuffled_R2=-0.013787
Evaluating partner alignment group 2: method=pbt, prefix=checkpoints/eval_pools/pbt
LOADED: checkpoints/eval_pools/pbt/coord_ring/baseline_seed_0_step_62.msgpack
LOADED: checkpoints/eval_pools/pbt/coord_ring/baseline_seed_1_step_62.msgpack
LOADED: checkpoints/eval_pools/pbt/coord_ring/baseline_seed_2_step_62.msgpack
LOADED: checkpoints/eval_pools/pbt/coord_ring/baseline_seed_3_step_62.msgpack
LOADED: checkpoints/eval_pools/pbt/coord_ring/baseline_seed_4_step_62.msgpack
Using alignment rollout scale: ALIGN_PAIR_BATCH_SIZE=2, ALIGN_EVAL_NUM_EPISODES=128, ALIGN_EVAL_NUM_STEPS=400
ALIGN ego[00] partner[00] R2=0.834372 NMSE=0.165628 shuffled_R2=-0.015426
ALIGN ego[00] partner[01] R2=0.813830 NMSE=0.186170 shuffled_R2=-0.015526
ALIGN ego[00] partner[02] R2=0.809722 NMSE=0.190278 shuffled_R2=-0.019481
ALIGN ego[00] partner[03] R2=0.848760 NMSE=0.151240 shuffled_R2=-0.017645
ALIGN ego[00] partner[04] R2=0.755897 NMSE=0.244103 shuffled_R2=-0.027624
ALIGN ego[01] partner[00] R2=0.786842 NMSE=0.213158 shuffled_R2=-0.015518
ALIGN ego[01] partner[01] R2=0.647674 NMSE=0.352326 shuffled_R2=-0.030176
ALIGN ego[01] partner[02] R2=0.712554 NMSE=0.287446 shuffled_R2=-0.023543
ALIGN ego[01] partner[03] R2=0.481967 NMSE=0.518033 shuffled_R2=-0.053177
ALIGN ego[01] partner[04] R2=0.768366 NMSE=0.231634 shuffled_R2=-0.021290
ALIGN ego[02] partner[00] R2=0.778396 NMSE=0.221604 shuffled_R2=-0.015087
ALIGN ego[02] partner[01] R2=0.783815 NMSE=0.216185 shuffled_R2=-0.016167
ALIGN ego[02] partner[02] R2=0.775088 NMSE=0.224912 shuffled_R2=-0.015842
ALIGN ego[02] partner[03] R2=0.788199 NMSE=0.211801 shuffled_R2=-0.020548
ALIGN ego[02] partner[04] R2=0.734544 NMSE=0.265456 shuffled_R2=-0.018006
ALIGN ego[03] partner[00] R2=0.825078 NMSE=0.174922 shuffled_R2=-0.017092
ALIGN ego[03] partner[01] R2=0.754525 NMSE=0.245475 shuffled_R2=-0.035133
ALIGN ego[03] partner[02] R2=0.815045 NMSE=0.184955 shuffled_R2=-0.018948
ALIGN ego[03] partner[03] R2=0.825755 NMSE=0.174245 shuffled_R2=-0.017727
ALIGN ego[03] partner[04] R2=0.719622 NMSE=0.280378 shuffled_R2=-0.058391
ALIGN ego[04] partner[00] R2=0.838647 NMSE=0.161353 shuffled_R2=-0.015328
ALIGN ego[04] partner[01] R2=0.801273 NMSE=0.198727 shuffled_R2=-0.015242
ALIGN ego[04] partner[02] R2=0.755395 NMSE=0.244605 shuffled_R2=-0.019619
ALIGN ego[04] partner[03] R2=0.805520 NMSE=0.194480 shuffled_R2=-0.016355
ALIGN ego[04] partner[04] R2=0.787827 NMSE=0.212173 shuffled_R2=-0.015911
Evaluating partner alignment group 3: method=sp, prefix=checkpoints/eval_pools/sp
LOADED: checkpoints/eval_pools/sp/coord_ring/baseline_seed_0_step_220.msgpack
LOADED: checkpoints/eval_pools/sp/coord_ring/baseline_seed_1_step_220.msgpack
LOADED: checkpoints/eval_pools/sp/coord_ring/baseline_seed_2_step_220.msgpack
LOADED: checkpoints/eval_pools/sp/coord_ring/baseline_seed_3_step_220.msgpack
LOADED: checkpoints/eval_pools/sp/coord_ring/baseline_seed_4_step_220.msgpack
Using alignment rollout scale: ALIGN_PAIR_BATCH_SIZE=2, ALIGN_EVAL_NUM_EPISODES=128, ALIGN_EVAL_NUM_STEPS=400
ALIGN ego[00] partner[00] R2=0.875531 NMSE=0.124469 shuffled_R2=-0.016458
ALIGN ego[00] partner[01] R2=0.895333 NMSE=0.104667 shuffled_R2=-0.018732
ALIGN ego[00] partner[02] R2=0.837870 NMSE=0.162130 shuffled_R2=-0.023140
ALIGN ego[00] partner[03] R2=0.925481 NMSE=0.074519 shuffled_R2=-0.018112
ALIGN ego[00] partner[04] R2=0.916974 NMSE=0.083026 shuffled_R2=-0.021570
ALIGN ego[01] partner[00] R2=0.868778 NMSE=0.131222 shuffled_R2=-0.014656
ALIGN ego[01] partner[01] R2=0.910523 NMSE=0.089477 shuffled_R2=-0.017320
ALIGN ego[01] partner[02] R2=0.886241 NMSE=0.113759 shuffled_R2=-0.017984
ALIGN ego[01] partner[03] R2=0.892417 NMSE=0.107583 shuffled_R2=-0.016953
ALIGN ego[01] partner[04] R2=0.910309 NMSE=0.089691 shuffled_R2=-0.021293
ALIGN ego[02] partner[00] R2=0.891173 NMSE=0.108827 shuffled_R2=-0.014459
ALIGN ego[02] partner[01] R2=0.814740 NMSE=0.185260 shuffled_R2=-0.029117
ALIGN ego[02] partner[02] R2=0.752098 NMSE=0.247902 shuffled_R2=-0.025017
ALIGN ego[02] partner[03] R2=0.909744 NMSE=0.090256 shuffled_R2=-0.017185
ALIGN ego[02] partner[04] R2=0.940521 NMSE=0.059479 shuffled_R2=-0.013604
ALIGN ego[03] partner[00] R2=0.881748 NMSE=0.118252 shuffled_R2=-0.015408
ALIGN ego[03] partner[01] R2=0.901036 NMSE=0.098964 shuffled_R2=-0.017250
ALIGN ego[03] partner[02] R2=0.909874 NMSE=0.090126 shuffled_R2=-0.016682
ALIGN ego[03] partner[03] R2=0.862685 NMSE=0.137315 shuffled_R2=-0.041176
ALIGN ego[03] partner[04] R2=0.867516 NMSE=0.132484 shuffled_R2=-0.021682
ALIGN ego[04] partner[00] R2=0.900047 NMSE=0.099953 shuffled_R2=-0.015226
ALIGN ego[04] partner[01] R2=0.885702 NMSE=0.114298 shuffled_R2=-0.016858
ALIGN ego[04] partner[02] R2=0.833342 NMSE=0.166658 shuffled_R2=-0.023071
ALIGN ego[04] partner[03] R2=0.918430 NMSE=0.081570 shuffled_R2=-0.015195
ALIGN ego[04] partner[04] R2=0.908248 NMSE=0.091752 shuffled_R2=-0.014132
Average ego-to-partner alignment R2: 0.852979 +- 0.007335 SE over 100 ego-partner pairs
Average alignment normalized MSE: 0.147021 +- 0.007335 SE
Average shuffled-control alignment R2: -0.020723 +- 0.001054 SE
Saved alignment results to ad_hoc_teamplay_results/lmpredV202_ablate_ad_hoc_teamplay/coord_ring
Evaluating ad-hoc teamplay for ego_method=lmpredV202_ablate, layout=asymm_advantages
ego_prefix=checkpoints/lmpredV202_ablate/, partner_pool_specs=e3t:checkpoints/eval_pools/e3t;mep_br:checkpoints/eval_pools/mep_br;pbt:checkpoints/eval_pools/pbt;sp:checkpoints/eval_pools/sp, result_name=lmpredV202_ablate_ad_hoc_teamplay, ego_perspective_transform=false
Cannot find primary config 'asymm_advantages'. Check that it's in your config search path.

Config search path:
	provider=hydra, path=pkg://hydra.conf
	provider=main, path=file:///net/scratch/n70579mp/tom/JaxMARL/baselines/overcookedv2/config/oc_extended/mep_br
	provider=schema, path=structured://

Set the environment variable HYDRA_FULL_ERROR=1 for a complete stack trace.
Importing submoduled environments...
Submoduled environments not found. Skipping import.
Evaluating ad-hoc teamplay for ego_method=lmpredV202_ablate, layout=forced_coord
ego_prefix=checkpoints/lmpredV202_ablate/, partner_pool_specs=e3t:checkpoints/eval_pools/e3t;mep_br:checkpoints/eval_pools/mep_br;pbt:checkpoints/eval_pools/pbt;sp:checkpoints/eval_pools/sp, result_name=lmpredV202_ablate_ad_hoc_teamplay, ego_perspective_transform=false
Cannot find primary config 'forced_coord'. Check that it's in your config search path.

Config search path:
	provider=hydra, path=pkg://hydra.conf
	provider=main, path=file:///net/scratch/n70579mp/tom/JaxMARL/baselines/overcookedv2/config/oc_extended/mep_br
	provider=schema, path=structured://

Set the environment variable HYDRA_FULL_ERROR=1 for a complete stack trace.
Importing submoduled environments...
Submoduled environments not found. Skipping import.
Evaluating ad-hoc teamplay for ego_method=lmpredV204, layout=cramped_room5x5
ego_prefix=checkpoints/lmpredV204/, partner_pool_specs=e3t:checkpoints/eval_pools/e3t;mep_br:checkpoints/eval_pools/mep_br;pbt:checkpoints/eval_pools/pbt;sp:checkpoints/eval_pools/sp, result_name=lmpredV204_ad_hoc_teamplay, ego_perspective_transform=true
Importing submoduled environments...
Submoduled environments not found. Skipping import.
2026-07-05 16:51:05.777831: W external/xla/xla/service/gpu/autotuning/dot_search_space.cc:200] All configs were filtered out because none of them sufficiently match the hints. Maybe the hints set does not contain a good representative set of valid configs?Working around this by using the full hints set instead.
2026-07-05 16:51:06.780519: W external/xla/xla/service/gpu/autotuning/dot_search_space.cc:200] All configs were filtered out because none of them sufficiently match the hints. Maybe the hints set does not contain a good representative set of valid configs?Working around this by using the full hints set instead.
LOADED: checkpoints/lmpredV204/cramped_room5x5/baseline_seed_0_step_220.msgpack
LOADED: checkpoints/lmpredV204/cramped_room5x5/baseline_seed_1_step_220.msgpack
LOADED: checkpoints/lmpredV204/cramped_room5x5/baseline_seed_2_step_220.msgpack
LOADED: checkpoints/lmpredV204/cramped_room5x5/baseline_seed_3_step_220.msgpack
LOADED: checkpoints/lmpredV204/cramped_room5x5/baseline_seed_4_step_220.msgpack
Evaluating partner group 0: method=e3t, prefix=checkpoints/eval_pools/e3t
LOADED: checkpoints/eval_pools/e3t/cramped_room5x5/baseline_seed_0_step_220.msgpack
LOADED: checkpoints/eval_pools/e3t/cramped_room5x5/baseline_seed_1_step_220.msgpack
LOADED: checkpoints/eval_pools/e3t/cramped_room5x5/baseline_seed_2_step_220.msgpack
LOADED: checkpoints/eval_pools/e3t/cramped_room5x5/baseline_seed_3_step_220.msgpack
LOADED: checkpoints/eval_pools/e3t/cramped_room5x5/baseline_seed_4_step_220.msgpack
Using XP rollout scale: XP_PAIR_BATCH_SIZE=32, EVAL_NUM_EPISODES=128, EVAL_NUM_STEPS=400
XP ego[00] partner[00] = 241.406
XP ego[00] partner[01] = 220.469
XP ego[00] partner[02] = 169.375
XP ego[00] partner[03] = 225.000
XP ego[00] partner[04] = 235.938
XP ego[01] partner[00] = 208.438
XP ego[01] partner[01] = 224.688
XP ego[01] partner[02] = 229.844
XP ego[01] partner[03] = 222.500
XP ego[01] partner[04] = 231.719
XP ego[02] partner[00] = 232.031
XP ego[02] partner[01] = 129.375
XP ego[02] partner[02] = 231.094
XP ego[02] partner[03] = 222.656
XP ego[02] partner[04] = 203.125
XP ego[03] partner[00] = 191.406
XP ego[03] partner[01] = 169.531
XP ego[03] partner[02] = 244.688
XP ego[03] partner[03] = 206.562
XP ego[03] partner[04] = 203.750
XP ego[04] partner[00] = 228.750
XP ego[04] partner[01] = 195.000
XP ego[04] partner[02] = 223.438
XP ego[04] partner[03] = 224.844
XP ego[04] partner[04] = 229.844
Evaluating partner group 1: method=mep_br, prefix=checkpoints/eval_pools/mep_br
LOADED: checkpoints/eval_pools/mep_br/cramped_room5x5/baseline_seed_0_step_220.msgpack
LOADED: checkpoints/eval_pools/mep_br/cramped_room5x5/baseline_seed_1_step_220.msgpack
LOADED: checkpoints/eval_pools/mep_br/cramped_room5x5/baseline_seed_2_step_220.msgpack
LOADED: checkpoints/eval_pools/mep_br/cramped_room5x5/baseline_seed_3_step_220.msgpack
LOADED: checkpoints/eval_pools/mep_br/cramped_room5x5/baseline_seed_4_step_220.msgpack
Using XP rollout scale: XP_PAIR_BATCH_SIZE=32, EVAL_NUM_EPISODES=128, EVAL_NUM_STEPS=400
XP ego[00] partner[00] = 213.125
XP ego[00] partner[01] = 216.719
XP ego[00] partner[02] = 200.000
XP ego[00] partner[03] = 178.906
XP ego[00] partner[04] = 216.719
XP ego[01] partner[00] = 186.719
XP ego[01] partner[01] = 189.531
XP ego[01] partner[02] = 218.594
XP ego[01] partner[03] = 234.844
XP ego[01] partner[04] = 238.438
XP ego[02] partner[00] = 213.125
XP ego[02] partner[01] = 205.312
XP ego[02] partner[02] = 127.188
XP ego[02] partner[03] = 216.250
XP ego[02] partner[04] = 157.812
XP ego[03] partner[00] = 150.469
XP ego[03] partner[01] = 223.594
XP ego[03] partner[02] = 179.844
XP ego[03] partner[03] = 207.500
XP ego[03] partner[04] = 150.312
XP ego[04] partner[00] = 206.719
XP ego[04] partner[01] = 226.562
XP ego[04] partner[02] = 72.656
XP ego[04] partner[03] = 234.062
XP ego[04] partner[04] = 75.938
Evaluating partner group 2: method=pbt, prefix=checkpoints/eval_pools/pbt
LOADED: checkpoints/eval_pools/pbt/cramped_room5x5/baseline_seed_0_step_62.msgpack
LOADED: checkpoints/eval_pools/pbt/cramped_room5x5/baseline_seed_1_step_62.msgpack
LOADED: checkpoints/eval_pools/pbt/cramped_room5x5/baseline_seed_2_step_62.msgpack
LOADED: checkpoints/eval_pools/pbt/cramped_room5x5/baseline_seed_3_step_62.msgpack
LOADED: checkpoints/eval_pools/pbt/cramped_room5x5/baseline_seed_4_step_62.msgpack
Using XP rollout scale: XP_PAIR_BATCH_SIZE=32, EVAL_NUM_EPISODES=128, EVAL_NUM_STEPS=400
XP ego[00] partner[00] = 189.375
XP ego[00] partner[01] = 223.281
XP ego[00] partner[02] = 207.812
XP ego[00] partner[03] = 198.906
XP ego[00] partner[04] = 176.406
XP ego[01] partner[00] = 206.562
XP ego[01] partner[01] = 172.500
XP ego[01] partner[02] = 147.344
XP ego[01] partner[03] = 219.531
XP ego[01] partner[04] = 225.000
XP ego[02] partner[00] = 172.812
XP ego[02] partner[01] = 205.781
XP ego[02] partner[02] = 131.875
XP ego[02] partner[03] = 165.781
XP ego[02] partner[04] = 155.938
XP ego[03] partner[00] = 226.562
XP ego[03] partner[01] = 193.594
XP ego[03] partner[02] = 202.656
XP ego[03] partner[03] = 225.000
XP ego[03] partner[04] = 225.000
XP ego[04] partner[00] = 190.156
XP ego[04] partner[01] = 214.062
XP ego[04] partner[02] = 181.406
XP ego[04] partner[03] = 181.562
XP ego[04] partner[04] = 170.781
Evaluating partner group 3: method=sp, prefix=checkpoints/eval_pools/sp
LOADED: checkpoints/eval_pools/sp/cramped_room5x5/baseline_seed_0_step_220.msgpack
LOADED: checkpoints/eval_pools/sp/cramped_room5x5/baseline_seed_1_step_220.msgpack
LOADED: checkpoints/eval_pools/sp/cramped_room5x5/baseline_seed_2_step_220.msgpack
LOADED: checkpoints/eval_pools/sp/cramped_room5x5/baseline_seed_3_step_220.msgpack
LOADED: checkpoints/eval_pools/sp/cramped_room5x5/baseline_seed_4_step_220.msgpack
Using XP rollout scale: XP_PAIR_BATCH_SIZE=32, EVAL_NUM_EPISODES=128, EVAL_NUM_STEPS=400
XP ego[00] partner[00] = 214.062
XP ego[00] partner[01] = 155.625
XP ego[00] partner[02] = 195.781
XP ego[00] partner[03] = 194.844
XP ego[00] partner[04] = 190.781
XP ego[01] partner[00] = 214.062
XP ego[01] partner[01] = 222.344
XP ego[01] partner[02] = 215.156
XP ego[01] partner[03] = 129.688
XP ego[01] partner[04] = 211.250
XP ego[02] partner[00] = 219.688
XP ego[02] partner[01] = 124.062
XP ego[02] partner[02] = 224.688
XP ego[02] partner[03] = 171.094
XP ego[02] partner[04] = 187.344
XP ego[03] partner[00] = 203.906
XP ego[03] partner[01] = 180.156
XP ego[03] partner[02] = 204.844
XP ego[03] partner[03] = 197.188
XP ego[03] partner[04] = 225.312
XP ego[04] partner[00] = 179.531
XP ego[04] partner[01] = 180.000
XP ego[04] partner[02] = 201.406
XP ego[04] partner[03] = 157.188
XP ego[04] partner[04] = 145.625
Average ego-vs-partner performance: 196.417 +- 3.374 SE over 100 ordered pairs
Average diagonal performance: 226.719 +- 5.723 SE over 5 pairs
Average off-diagonal performance (only for square pools): nan +- nan SE over 0 ordered pairs
Saved ad-hoc teamplay results to ad_hoc_teamplay_results/lmpredV204_ad_hoc_teamplay/cramped_room5x5
Saved ad-hoc teamplay heatmap to ad_hoc_teamplay_results/lmpredV204_ad_hoc_teamplay/cramped_room5x5/xp_matrix.png
Evaluating partner alignment group 0: method=e3t, prefix=checkpoints/eval_pools/e3t
LOADED: checkpoints/eval_pools/e3t/cramped_room5x5/baseline_seed_0_step_220.msgpack
LOADED: checkpoints/eval_pools/e3t/cramped_room5x5/baseline_seed_1_step_220.msgpack
LOADED: checkpoints/eval_pools/e3t/cramped_room5x5/baseline_seed_2_step_220.msgpack
LOADED: checkpoints/eval_pools/e3t/cramped_room5x5/baseline_seed_3_step_220.msgpack
LOADED: checkpoints/eval_pools/e3t/cramped_room5x5/baseline_seed_4_step_220.msgpack
Using alignment rollout scale: ALIGN_PAIR_BATCH_SIZE=2, ALIGN_EVAL_NUM_EPISODES=128, ALIGN_EVAL_NUM_STEPS=400
ALIGN ego[00] partner[00] R2=0.941975 NMSE=0.058025 shuffled_R2=-0.016689
ALIGN ego[00] partner[01] R2=0.930325 NMSE=0.069675 shuffled_R2=-0.020532
ALIGN ego[00] partner[02] R2=0.957614 NMSE=0.042386 shuffled_R2=-0.017666
ALIGN ego[00] partner[03] R2=0.945977 NMSE=0.054023 shuffled_R2=-0.021865
ALIGN ego[00] partner[04] R2=0.953984 NMSE=0.046016 shuffled_R2=-0.014127
ALIGN ego[01] partner[00] R2=0.944403 NMSE=0.055597 shuffled_R2=-0.014684
ALIGN ego[01] partner[01] R2=0.951061 NMSE=0.048939 shuffled_R2=-0.016649
ALIGN ego[01] partner[02] R2=0.945163 NMSE=0.054837 shuffled_R2=-0.019010
ALIGN ego[01] partner[03] R2=0.946473 NMSE=0.053527 shuffled_R2=-0.016274
ALIGN ego[01] partner[04] R2=0.926700 NMSE=0.073300 shuffled_R2=-0.019630
ALIGN ego[02] partner[00] R2=0.933408 NMSE=0.066592 shuffled_R2=-0.018023
ALIGN ego[02] partner[01] R2=0.880999 NMSE=0.119001 shuffled_R2=-0.029106
ALIGN ego[02] partner[02] R2=0.936762 NMSE=0.063238 shuffled_R2=-0.017470
ALIGN ego[02] partner[03] R2=0.940716 NMSE=0.059284 shuffled_R2=-0.016220
ALIGN ego[02] partner[04] R2=0.955554 NMSE=0.044446 shuffled_R2=-0.015819
ALIGN ego[03] partner[00] R2=0.933896 NMSE=0.066104 shuffled_R2=-0.016036
ALIGN ego[03] partner[01] R2=0.902854 NMSE=0.097146 shuffled_R2=-0.021645
ALIGN ego[03] partner[02] R2=0.951272 NMSE=0.048728 shuffled_R2=-0.018649
ALIGN ego[03] partner[03] R2=0.791171 NMSE=0.208829 shuffled_R2=-0.062278
ALIGN ego[03] partner[04] R2=0.922700 NMSE=0.077300 shuffled_R2=-0.027544
ALIGN ego[04] partner[00] R2=0.937038 NMSE=0.062962 shuffled_R2=-0.014535
ALIGN ego[04] partner[01] R2=0.965266 NMSE=0.034734 shuffled_R2=-0.016099
ALIGN ego[04] partner[02] R2=0.943801 NMSE=0.056199 shuffled_R2=-0.016270
ALIGN ego[04] partner[03] R2=0.947437 NMSE=0.052563 shuffled_R2=-0.014222
ALIGN ego[04] partner[04] R2=0.851191 NMSE=0.148809 shuffled_R2=-0.029321
Evaluating partner alignment group 1: method=mep_br, prefix=checkpoints/eval_pools/mep_br
LOADED: checkpoints/eval_pools/mep_br/cramped_room5x5/baseline_seed_0_step_220.msgpack
LOADED: checkpoints/eval_pools/mep_br/cramped_room5x5/baseline_seed_1_step_220.msgpack
LOADED: checkpoints/eval_pools/mep_br/cramped_room5x5/baseline_seed_2_step_220.msgpack
LOADED: checkpoints/eval_pools/mep_br/cramped_room5x5/baseline_seed_3_step_220.msgpack
LOADED: checkpoints/eval_pools/mep_br/cramped_room5x5/baseline_seed_4_step_220.msgpack
Using alignment rollout scale: ALIGN_PAIR_BATCH_SIZE=2, ALIGN_EVAL_NUM_EPISODES=128, ALIGN_EVAL_NUM_STEPS=400
ALIGN ego[00] partner[00] R2=0.917815 NMSE=0.082185 shuffled_R2=-0.015096
ALIGN ego[00] partner[01] R2=0.948420 NMSE=0.051580 shuffled_R2=-0.019289
ALIGN ego[00] partner[02] R2=0.919071 NMSE=0.080929 shuffled_R2=-0.020551
ALIGN ego[00] partner[03] R2=0.951898 NMSE=0.048102 shuffled_R2=-0.017340
ALIGN ego[00] partner[04] R2=0.957652 NMSE=0.042348 shuffled_R2=-0.015504
ALIGN ego[01] partner[00] R2=0.868362 NMSE=0.131638 shuffled_R2=-0.058744
ALIGN ego[01] partner[01] R2=0.935458 NMSE=0.064542 shuffled_R2=-0.015095
ALIGN ego[01] partner[02] R2=0.940558 NMSE=0.059442 shuffled_R2=-0.017083
ALIGN ego[01] partner[03] R2=0.944405 NMSE=0.055595 shuffled_R2=-0.017339
ALIGN ego[01] partner[04] R2=0.954392 NMSE=0.045608 shuffled_R2=-0.016445
ALIGN ego[02] partner[00] R2=0.921490 NMSE=0.078510 shuffled_R2=-0.018314
ALIGN ego[02] partner[01] R2=0.941337 NMSE=0.058663 shuffled_R2=-0.016023
ALIGN ego[02] partner[02] R2=0.946330 NMSE=0.053670 shuffled_R2=-0.018294
ALIGN ego[02] partner[03] R2=0.936669 NMSE=0.063331 shuffled_R2=-0.016617
ALIGN ego[02] partner[04] R2=0.953835 NMSE=0.046165 shuffled_R2=-0.016690
ALIGN ego[03] partner[00] R2=0.896567 NMSE=0.103433 shuffled_R2=-0.020773
ALIGN ego[03] partner[01] R2=0.864618 NMSE=0.135382 shuffled_R2=-0.025820
ALIGN ego[03] partner[02] R2=0.954723 NMSE=0.045277 shuffled_R2=-0.015971
ALIGN ego[03] partner[03] R2=0.946050 NMSE=0.053950 shuffled_R2=-0.015196
ALIGN ego[03] partner[04] R2=0.949497 NMSE=0.050503 shuffled_R2=-0.018655
ALIGN ego[04] partner[00] R2=0.828240 NMSE=0.171760 shuffled_R2=-0.026090
ALIGN ego[04] partner[01] R2=0.910361 NMSE=0.089639 shuffled_R2=-0.019063
ALIGN ego[04] partner[02] R2=0.932506 NMSE=0.067494 shuffled_R2=-0.019914
ALIGN ego[04] partner[03] R2=0.950141 NMSE=0.049859 shuffled_R2=-0.014128
ALIGN ego[04] partner[04] R2=0.960263 NMSE=0.039737 shuffled_R2=-0.014196
Evaluating partner alignment group 2: method=pbt, prefix=checkpoints/eval_pools/pbt
LOADED: checkpoints/eval_pools/pbt/cramped_room5x5/baseline_seed_0_step_62.msgpack
LOADED: checkpoints/eval_pools/pbt/cramped_room5x5/baseline_seed_1_step_62.msgpack
LOADED: checkpoints/eval_pools/pbt/cramped_room5x5/baseline_seed_2_step_62.msgpack
LOADED: checkpoints/eval_pools/pbt/cramped_room5x5/baseline_seed_3_step_62.msgpack
LOADED: checkpoints/eval_pools/pbt/cramped_room5x5/baseline_seed_4_step_62.msgpack
Using alignment rollout scale: ALIGN_PAIR_BATCH_SIZE=2, ALIGN_EVAL_NUM_EPISODES=128, ALIGN_EVAL_NUM_STEPS=400
ALIGN ego[00] partner[00] R2=0.875755 NMSE=0.124245 shuffled_R2=-0.017285
ALIGN ego[00] partner[01] R2=0.876944 NMSE=0.123056 shuffled_R2=-0.022320
ALIGN ego[00] partner[02] R2=0.883595 NMSE=0.116405 shuffled_R2=-0.016808
ALIGN ego[00] partner[03] R2=0.861471 NMSE=0.138529 shuffled_R2=-0.020045
ALIGN ego[00] partner[04] R2=0.878100 NMSE=0.121900 shuffled_R2=-0.016529
ALIGN ego[01] partner[00] R2=0.877486 NMSE=0.122514 shuffled_R2=-0.016267
ALIGN ego[01] partner[01] R2=0.890913 NMSE=0.109087 shuffled_R2=-0.012888
ALIGN ego[01] partner[02] R2=0.859090 NMSE=0.140910 shuffled_R2=-0.017849
ALIGN ego[01] partner[03] R2=0.813554 NMSE=0.186446 shuffled_R2=-0.022851
ALIGN ego[01] partner[04] R2=0.830994 NMSE=0.169006 shuffled_R2=-0.029255
ALIGN ego[02] partner[00] R2=0.881502 NMSE=0.118498 shuffled_R2=-0.015130
ALIGN ego[02] partner[01] R2=0.836182 NMSE=0.163818 shuffled_R2=-0.015245
ALIGN ego[02] partner[02] R2=0.844015 NMSE=0.155985 shuffled_R2=-0.013023
ALIGN ego[02] partner[03] R2=0.858617 NMSE=0.141383 shuffled_R2=-0.015831
ALIGN ego[02] partner[04] R2=0.865589 NMSE=0.134411 shuffled_R2=-0.014350
ALIGN ego[03] partner[00] R2=0.876419 NMSE=0.123581 shuffled_R2=-0.015121
ALIGN ego[03] partner[01] R2=0.798686 NMSE=0.201314 shuffled_R2=-0.022193
ALIGN ego[03] partner[02] R2=0.875020 NMSE=0.124980 shuffled_R2=-0.019508
ALIGN ego[03] partner[03] R2=0.859305 NMSE=0.140695 shuffled_R2=-0.013487
ALIGN ego[03] partner[04] R2=0.860828 NMSE=0.139172 shuffled_R2=-0.014258
ALIGN ego[04] partner[00] R2=0.772309 NMSE=0.227691 shuffled_R2=-0.018270
ALIGN ego[04] partner[01] R2=0.788398 NMSE=0.211602 shuffled_R2=-0.027264
ALIGN ego[04] partner[02] R2=0.825604 NMSE=0.174396 shuffled_R2=-0.015381
ALIGN ego[04] partner[03] R2=0.837642 NMSE=0.162358 shuffled_R2=-0.020254
ALIGN ego[04] partner[04] R2=0.834059 NMSE=0.165941 shuffled_R2=-0.015096
Evaluating partner alignment group 3: method=sp, prefix=checkpoints/eval_pools/sp
LOADED: checkpoints/eval_pools/sp/cramped_room5x5/baseline_seed_0_step_220.msgpack
LOADED: checkpoints/eval_pools/sp/cramped_room5x5/baseline_seed_1_step_220.msgpack
LOADED: checkpoints/eval_pools/sp/cramped_room5x5/baseline_seed_2_step_220.msgpack
LOADED: checkpoints/eval_pools/sp/cramped_room5x5/baseline_seed_3_step_220.msgpack
LOADED: checkpoints/eval_pools/sp/cramped_room5x5/baseline_seed_4_step_220.msgpack
Using alignment rollout scale: ALIGN_PAIR_BATCH_SIZE=2, ALIGN_EVAL_NUM_EPISODES=128, ALIGN_EVAL_NUM_STEPS=400
ALIGN ego[00] partner[00] R2=0.836374 NMSE=0.163626 shuffled_R2=-0.065484
ALIGN ego[00] partner[01] R2=0.963000 NMSE=0.037000 shuffled_R2=-0.018098
ALIGN ego[00] partner[02] R2=0.895276 NMSE=0.104724 shuffled_R2=-0.035769
ALIGN ego[00] partner[03] R2=0.962470 NMSE=0.037530 shuffled_R2=-0.016778
ALIGN ego[00] partner[04] R2=0.958008 NMSE=0.041992 shuffled_R2=-0.020555
ALIGN ego[01] partner[00] R2=0.918095 NMSE=0.081905 shuffled_R2=-0.020303
ALIGN ego[01] partner[01] R2=0.951646 NMSE=0.048354 shuffled_R2=-0.017061
ALIGN ego[01] partner[02] R2=0.908847 NMSE=0.091153 shuffled_R2=-0.028950
ALIGN ego[01] partner[03] R2=0.943199 NMSE=0.056801 shuffled_R2=-0.018196
ALIGN ego[01] partner[04] R2=0.911356 NMSE=0.088644 shuffled_R2=-0.034666
ALIGN ego[02] partner[00] R2=0.930992 NMSE=0.069008 shuffled_R2=-0.017517
ALIGN ego[02] partner[01] R2=0.923231 NMSE=0.076769 shuffled_R2=-0.026428
ALIGN ego[02] partner[02] R2=0.944122 NMSE=0.055878 shuffled_R2=-0.019220
ALIGN ego[02] partner[03] R2=0.941456 NMSE=0.058544 shuffled_R2=-0.016551
ALIGN ego[02] partner[04] R2=0.963970 NMSE=0.036030 shuffled_R2=-0.015727
ALIGN ego[03] partner[00] R2=0.880223 NMSE=0.119777 shuffled_R2=-0.036749
ALIGN ego[03] partner[01] R2=0.949901 NMSE=0.050099 shuffled_R2=-0.020704
ALIGN ego[03] partner[02] R2=0.944465 NMSE=0.055535 shuffled_R2=-0.015746
ALIGN ego[03] partner[03] R2=0.919982 NMSE=0.080018 shuffled_R2=-0.020082
ALIGN ego[03] partner[04] R2=0.907971 NMSE=0.092029 shuffled_R2=-0.028546
ALIGN ego[04] partner[00] R2=0.919629 NMSE=0.080371 shuffled_R2=-0.017887
ALIGN ego[04] partner[01] R2=0.956702 NMSE=0.043298 shuffled_R2=-0.015734
ALIGN ego[04] partner[02] R2=0.945045 NMSE=0.054955 shuffled_R2=-0.019626
ALIGN ego[04] partner[03] R2=0.902035 NMSE=0.097965 shuffled_R2=-0.026121
ALIGN ego[04] partner[04] R2=0.955523 NMSE=0.044477 shuffled_R2=-0.014700
Average ego-to-partner alignment R2: 0.909640 +- 0.004757 SE over 100 ego-partner pairs
Average alignment normalized MSE: 0.090360 +- 0.004757 SE
Average shuffled-control alignment R2: -0.020323 +- 0.000889 SE
Saved alignment results to ad_hoc_teamplay_results/lmpredV204_ad_hoc_teamplay/cramped_room5x5
Evaluating ad-hoc teamplay for ego_method=lmpredV204, layout=counter_circuit
ego_prefix=checkpoints/lmpredV204/, partner_pool_specs=e3t:checkpoints/eval_pools/e3t;mep_br:checkpoints/eval_pools/mep_br;pbt:checkpoints/eval_pools/pbt;sp:checkpoints/eval_pools/sp, result_name=lmpredV204_ad_hoc_teamplay, ego_perspective_transform=true
Importing submoduled environments...
Submoduled environments not found. Skipping import.
2026-07-05 16:54:43.589867: W external/xla/xla/service/gpu/autotuning/dot_search_space.cc:200] All configs were filtered out because none of them sufficiently match the hints. Maybe the hints set does not contain a good representative set of valid configs?Working around this by using the full hints set instead.
2026-07-05 16:54:44.693319: W external/xla/xla/service/gpu/autotuning/dot_search_space.cc:200] All configs were filtered out because none of them sufficiently match the hints. Maybe the hints set does not contain a good representative set of valid configs?Working around this by using the full hints set instead.
LOADED: checkpoints/lmpredV204/counter_circuit/baseline_seed_0_step_380.msgpack
LOADED: checkpoints/lmpredV204/counter_circuit/baseline_seed_1_step_380.msgpack
LOADED: checkpoints/lmpredV204/counter_circuit/baseline_seed_2_step_380.msgpack
LOADED: checkpoints/lmpredV204/counter_circuit/baseline_seed_3_step_380.msgpack
LOADED: checkpoints/lmpredV204/counter_circuit/baseline_seed_4_step_380.msgpack
Evaluating partner group 0: method=e3t, prefix=checkpoints/eval_pools/e3t
LOADED: checkpoints/eval_pools/e3t/counter_circuit/baseline_seed_0_step_220.msgpack
LOADED: checkpoints/eval_pools/e3t/counter_circuit/baseline_seed_1_step_220.msgpack
LOADED: checkpoints/eval_pools/e3t/counter_circuit/baseline_seed_2_step_220.msgpack
LOADED: checkpoints/eval_pools/e3t/counter_circuit/baseline_seed_3_step_220.msgpack
LOADED: checkpoints/eval_pools/e3t/counter_circuit/baseline_seed_4_step_220.msgpack
Using XP rollout scale: XP_PAIR_BATCH_SIZE=32, EVAL_NUM_EPISODES=128, EVAL_NUM_STEPS=400
XP ego[00] partner[00] = 151.562
XP ego[00] partner[01] = 61.875
XP ego[00] partner[02] = 69.531
XP ego[00] partner[03] = 13.438
XP ego[00] partner[04] = 77.969
XP ego[01] partner[00] = 133.750
XP ego[01] partner[01] = 127.656
XP ego[01] partner[02] = 112.500
XP ego[01] partner[03] = 12.969
XP ego[01] partner[04] = 117.344
XP ego[02] partner[00] = 174.688
XP ego[02] partner[01] = 141.094
XP ego[02] partner[02] = 80.312
XP ego[02] partner[03] = 16.719
XP ego[02] partner[04] = 66.406
XP ego[03] partner[00] = 153.906
XP ego[03] partner[01] = 116.094
XP ego[03] partner[02] = 121.406
XP ego[03] partner[03] = 15.000
XP ego[03] partner[04] = 92.500
XP ego[04] partner[00] = 101.562
XP ego[04] partner[01] = 113.594
XP ego[04] partner[02] = 85.469
XP ego[04] partner[03] = 14.375
XP ego[04] partner[04] = 92.969
Evaluating partner group 1: method=mep_br, prefix=checkpoints/eval_pools/mep_br
LOADED: checkpoints/eval_pools/mep_br/counter_circuit/baseline_seed_0_step_380.msgpack
LOADED: checkpoints/eval_pools/mep_br/counter_circuit/baseline_seed_1_step_380.msgpack
LOADED: checkpoints/eval_pools/mep_br/counter_circuit/baseline_seed_2_step_380.msgpack
LOADED: checkpoints/eval_pools/mep_br/counter_circuit/baseline_seed_3_step_380.msgpack
LOADED: checkpoints/eval_pools/mep_br/counter_circuit/baseline_seed_4_step_380.msgpack
Using XP rollout scale: XP_PAIR_BATCH_SIZE=32, EVAL_NUM_EPISODES=128, EVAL_NUM_STEPS=400
XP ego[00] partner[00] = 167.656
XP ego[00] partner[01] = 169.375
XP ego[00] partner[02] = 202.969
XP ego[00] partner[03] = 191.406
XP ego[00] partner[04] = 179.062
XP ego[01] partner[00] = 168.906
XP ego[01] partner[01] = 165.781
XP ego[01] partner[02] = 218.438
XP ego[01] partner[03] = 184.844
XP ego[01] partner[04] = 192.656
XP ego[02] partner[00] = 175.156
XP ego[02] partner[01] = 167.500
XP ego[02] partner[02] = 172.344
XP ego[02] partner[03] = 179.531
XP ego[02] partner[04] = 177.031
XP ego[03] partner[00] = 172.812
XP ego[03] partner[01] = 150.938
XP ego[03] partner[02] = 176.875
XP ego[03] partner[03] = 175.469
XP ego[03] partner[04] = 130.156
XP ego[04] partner[00] = 158.906
XP ego[04] partner[01] = 154.844
XP ego[04] partner[02] = 173.125
XP ego[04] partner[03] = 174.844
XP ego[04] partner[04] = 148.750
Evaluating partner group 2: method=pbt, prefix=checkpoints/eval_pools/pbt
LOADED: checkpoints/eval_pools/pbt/counter_circuit/baseline_seed_0_step_62.msgpack
LOADED: checkpoints/eval_pools/pbt/counter_circuit/baseline_seed_1_step_62.msgpack
LOADED: checkpoints/eval_pools/pbt/counter_circuit/baseline_seed_2_step_62.msgpack
LOADED: checkpoints/eval_pools/pbt/counter_circuit/baseline_seed_3_step_62.msgpack
LOADED: checkpoints/eval_pools/pbt/counter_circuit/baseline_seed_4_step_62.msgpack
Using XP rollout scale: XP_PAIR_BATCH_SIZE=32, EVAL_NUM_EPISODES=128, EVAL_NUM_STEPS=400
XP ego[00] partner[00] = 167.188
XP ego[00] partner[01] = 168.906
XP ego[00] partner[02] = 160.312
XP ego[00] partner[03] = 167.344
XP ego[00] partner[04] = 169.219
XP ego[01] partner[00] = 152.812
XP ego[01] partner[01] = 177.812
XP ego[01] partner[02] = 122.188
XP ego[01] partner[03] = 176.875
XP ego[01] partner[04] = 178.281
XP ego[02] partner[00] = 207.656
XP ego[02] partner[01] = 207.031
XP ego[02] partner[02] = 209.062
XP ego[02] partner[03] = 210.312
XP ego[02] partner[04] = 203.594
XP ego[03] partner[00] = 143.906
XP ego[03] partner[01] = 155.938
XP ego[03] partner[02] = 198.750
XP ego[03] partner[03] = 176.719
XP ego[03] partner[04] = 189.062
XP ego[04] partner[00] = 173.906
XP ego[04] partner[01] = 172.344
XP ego[04] partner[02] = 177.656
XP ego[04] partner[03] = 172.812
XP ego[04] partner[04] = 174.219
Evaluating partner group 3: method=sp, prefix=checkpoints/eval_pools/sp
LOADED: checkpoints/eval_pools/sp/counter_circuit/baseline_seed_0_step_380.msgpack
LOADED: checkpoints/eval_pools/sp/counter_circuit/baseline_seed_1_step_380.msgpack
LOADED: checkpoints/eval_pools/sp/counter_circuit/baseline_seed_2_step_380.msgpack
LOADED: checkpoints/eval_pools/sp/counter_circuit/baseline_seed_3_step_380.msgpack
LOADED: checkpoints/eval_pools/sp/counter_circuit/baseline_seed_4_step_380.msgpack
Using XP rollout scale: XP_PAIR_BATCH_SIZE=32, EVAL_NUM_EPISODES=128, EVAL_NUM_STEPS=400
XP ego[00] partner[00] = 152.344
XP ego[00] partner[01] = 145.000
XP ego[00] partner[02] = 168.125
XP ego[00] partner[03] = 51.719
XP ego[00] partner[04] = 161.094
XP ego[01] partner[00] = 172.031
XP ego[01] partner[01] = 166.094
XP ego[01] partner[02] = 181.250
XP ego[01] partner[03] = 167.500
XP ego[01] partner[04] = 167.812
XP ego[02] partner[00] = 200.938
XP ego[02] partner[01] = 88.594
XP ego[02] partner[02] = 202.656
XP ego[02] partner[03] = 170.625
XP ego[02] partner[04] = 192.188
XP ego[03] partner[00] = 178.750
XP ego[03] partner[01] = 90.156
XP ego[03] partner[02] = 171.406
XP ego[03] partner[03] = 167.031
XP ego[03] partner[04] = 170.312
XP ego[04] partner[00] = 153.594
XP ego[04] partner[01] = 158.125
XP ego[04] partner[02] = 172.812
XP ego[04] partner[03] = 158.906
XP ego[04] partner[04] = 177.188
Average ego-vs-partner performance: 149.942 +- 4.755 SE over 100 ordered pairs
Average diagonal performance: 93.500 +- 23.318 SE over 5 pairs
Average off-diagonal performance (only for square pools): nan +- nan SE over 0 ordered pairs
Saved ad-hoc teamplay results to ad_hoc_teamplay_results/lmpredV204_ad_hoc_teamplay/counter_circuit
Saved ad-hoc teamplay heatmap to ad_hoc_teamplay_results/lmpredV204_ad_hoc_teamplay/counter_circuit/xp_matrix.png
Evaluating partner alignment group 0: method=e3t, prefix=checkpoints/eval_pools/e3t
LOADED: checkpoints/eval_pools/e3t/counter_circuit/baseline_seed_0_step_220.msgpack
LOADED: checkpoints/eval_pools/e3t/counter_circuit/baseline_seed_1_step_220.msgpack
LOADED: checkpoints/eval_pools/e3t/counter_circuit/baseline_seed_2_step_220.msgpack
LOADED: checkpoints/eval_pools/e3t/counter_circuit/baseline_seed_3_step_220.msgpack
LOADED: checkpoints/eval_pools/e3t/counter_circuit/baseline_seed_4_step_220.msgpack
Using alignment rollout scale: ALIGN_PAIR_BATCH_SIZE=2, ALIGN_EVAL_NUM_EPISODES=128, ALIGN_EVAL_NUM_STEPS=400
ALIGN ego[00] partner[00] R2=0.766105 NMSE=0.233895 shuffled_R2=-0.015565
ALIGN ego[00] partner[01] R2=0.801474 NMSE=0.198526 shuffled_R2=-0.017103
ALIGN ego[00] partner[02] R2=0.766926 NMSE=0.233074 shuffled_R2=-0.021633
ALIGN ego[00] partner[03] R2=0.804952 NMSE=0.195048 shuffled_R2=-0.023707
ALIGN ego[00] partner[04] R2=0.805424 NMSE=0.194576 shuffled_R2=-0.016125
ALIGN ego[01] partner[00] R2=0.798473 NMSE=0.201527 shuffled_R2=-0.017744
ALIGN ego[01] partner[01] R2=0.693806 NMSE=0.306194 shuffled_R2=-0.025731
ALIGN ego[01] partner[02] R2=0.759277 NMSE=0.240723 shuffled_R2=-0.022141
ALIGN ego[01] partner[03] R2=0.764208 NMSE=0.235792 shuffled_R2=-0.041169
ALIGN ego[01] partner[04] R2=0.768931 NMSE=0.231069 shuffled_R2=-0.021181
ALIGN ego[02] partner[00] R2=0.759793 NMSE=0.240207 shuffled_R2=-0.016585
ALIGN ego[02] partner[01] R2=0.750621 NMSE=0.249379 shuffled_R2=-0.017975
ALIGN ego[02] partner[02] R2=0.782117 NMSE=0.217883 shuffled_R2=-0.017370
ALIGN ego[02] partner[03] R2=0.708711 NMSE=0.291289 shuffled_R2=-0.049018
ALIGN ego[02] partner[04] R2=0.805391 NMSE=0.194609 shuffled_R2=-0.017748
ALIGN ego[03] partner[00] R2=0.734420 NMSE=0.265580 shuffled_R2=-0.018032
ALIGN ego[03] partner[01] R2=0.763620 NMSE=0.236380 shuffled_R2=-0.020094
ALIGN ego[03] partner[02] R2=0.700320 NMSE=0.299680 shuffled_R2=-0.018798
ALIGN ego[03] partner[03] R2=0.727518 NMSE=0.272482 shuffled_R2=-0.035732
ALIGN ego[03] partner[04] R2=0.774074 NMSE=0.225926 shuffled_R2=-0.018252
ALIGN ego[04] partner[00] R2=0.795464 NMSE=0.204536 shuffled_R2=-0.015922
ALIGN ego[04] partner[01] R2=0.745256 NMSE=0.254744 shuffled_R2=-0.018361
ALIGN ego[04] partner[02] R2=0.769119 NMSE=0.230881 shuffled_R2=-0.018163
ALIGN ego[04] partner[03] R2=0.833288 NMSE=0.166712 shuffled_R2=-0.024968
ALIGN ego[04] partner[04] R2=0.797247 NMSE=0.202753 shuffled_R2=-0.018577
Evaluating partner alignment group 1: method=mep_br, prefix=checkpoints/eval_pools/mep_br
LOADED: checkpoints/eval_pools/mep_br/counter_circuit/baseline_seed_0_step_380.msgpack
LOADED: checkpoints/eval_pools/mep_br/counter_circuit/baseline_seed_1_step_380.msgpack
LOADED: checkpoints/eval_pools/mep_br/counter_circuit/baseline_seed_2_step_380.msgpack
LOADED: checkpoints/eval_pools/mep_br/counter_circuit/baseline_seed_3_step_380.msgpack
LOADED: checkpoints/eval_pools/mep_br/counter_circuit/baseline_seed_4_step_380.msgpack
Using alignment rollout scale: ALIGN_PAIR_BATCH_SIZE=2, ALIGN_EVAL_NUM_EPISODES=128, ALIGN_EVAL_NUM_STEPS=400
ALIGN ego[00] partner[00] R2=0.798752 NMSE=0.201248 shuffled_R2=-0.016431
ALIGN ego[00] partner[01] R2=0.797632 NMSE=0.202368 shuffled_R2=-0.015144
ALIGN ego[00] partner[02] R2=0.808690 NMSE=0.191310 shuffled_R2=-0.014470
ALIGN ego[00] partner[03] R2=0.789687 NMSE=0.210313 shuffled_R2=-0.016210
ALIGN ego[00] partner[04] R2=0.782757 NMSE=0.217243 shuffled_R2=-0.016144
ALIGN ego[01] partner[00] R2=0.879819 NMSE=0.120181 shuffled_R2=-0.016714
ALIGN ego[01] partner[01] R2=0.903166 NMSE=0.096834 shuffled_R2=-0.016768
ALIGN ego[01] partner[02] R2=0.905210 NMSE=0.094790 shuffled_R2=-0.015699
ALIGN ego[01] partner[03] R2=0.769163 NMSE=0.230837 shuffled_R2=-0.022057
ALIGN ego[01] partner[04] R2=0.837381 NMSE=0.162619 shuffled_R2=-0.016528
ALIGN ego[02] partner[00] R2=0.860176 NMSE=0.139824 shuffled_R2=-0.016283
ALIGN ego[02] partner[01] R2=0.826612 NMSE=0.173388 shuffled_R2=-0.018448
ALIGN ego[02] partner[02] R2=0.791991 NMSE=0.208009 shuffled_R2=-0.014924
ALIGN ego[02] partner[03] R2=0.791071 NMSE=0.208929 shuffled_R2=-0.018303
ALIGN ego[02] partner[04] R2=0.726128 NMSE=0.273872 shuffled_R2=-0.021242
ALIGN ego[03] partner[00] R2=0.791112 NMSE=0.208888 shuffled_R2=-0.018553
ALIGN ego[03] partner[01] R2=0.824320 NMSE=0.175680 shuffled_R2=-0.018079
ALIGN ego[03] partner[02] R2=0.817018 NMSE=0.182982 shuffled_R2=-0.015227
ALIGN ego[03] partner[03] R2=0.845654 NMSE=0.154346 shuffled_R2=-0.014723
ALIGN ego[03] partner[04] R2=0.783145 NMSE=0.216855 shuffled_R2=-0.024145
ALIGN ego[04] partner[00] R2=0.747136 NMSE=0.252864 shuffled_R2=-0.018050
ALIGN ego[04] partner[01] R2=0.812010 NMSE=0.187990 shuffled_R2=-0.016114
ALIGN ego[04] partner[02] R2=0.809340 NMSE=0.190660 shuffled_R2=-0.019655
ALIGN ego[04] partner[03] R2=0.810048 NMSE=0.189952 shuffled_R2=-0.015055
ALIGN ego[04] partner[04] R2=0.797827 NMSE=0.202173 shuffled_R2=-0.015805
Evaluating partner alignment group 2: method=pbt, prefix=checkpoints/eval_pools/pbt
LOADED: checkpoints/eval_pools/pbt/counter_circuit/baseline_seed_0_step_62.msgpack
LOADED: checkpoints/eval_pools/pbt/counter_circuit/baseline_seed_1_step_62.msgpack
LOADED: checkpoints/eval_pools/pbt/counter_circuit/baseline_seed_2_step_62.msgpack
LOADED: checkpoints/eval_pools/pbt/counter_circuit/baseline_seed_3_step_62.msgpack
LOADED: checkpoints/eval_pools/pbt/counter_circuit/baseline_seed_4_step_62.msgpack
Using alignment rollout scale: ALIGN_PAIR_BATCH_SIZE=2, ALIGN_EVAL_NUM_EPISODES=128, ALIGN_EVAL_NUM_STEPS=400
ALIGN ego[00] partner[00] R2=0.576909 NMSE=0.423091 shuffled_R2=-0.032183
ALIGN ego[00] partner[01] R2=0.700418 NMSE=0.299582 shuffled_R2=-0.017597
ALIGN ego[00] partner[02] R2=0.736623 NMSE=0.263377 shuffled_R2=-0.013362
ALIGN ego[00] partner[03] R2=0.679332 NMSE=0.320668 shuffled_R2=-0.018569
ALIGN ego[00] partner[04] R2=0.683010 NMSE=0.316990 shuffled_R2=-0.018520
ALIGN ego[01] partner[00] R2=0.798970 NMSE=0.201030 shuffled_R2=-0.015218
ALIGN ego[01] partner[01] R2=0.798629 NMSE=0.201371 shuffled_R2=-0.014517
ALIGN ego[01] partner[02] R2=0.782457 NMSE=0.217543 shuffled_R2=-0.013734
ALIGN ego[01] partner[03] R2=0.796983 NMSE=0.203017 shuffled_R2=-0.017721
ALIGN ego[01] partner[04] R2=0.809640 NMSE=0.190360 shuffled_R2=-0.016730
ALIGN ego[02] partner[00] R2=0.829803 NMSE=0.170197 shuffled_R2=-0.013377
ALIGN ego[02] partner[01] R2=0.765094 NMSE=0.234906 shuffled_R2=-0.019038
ALIGN ego[02] partner[02] R2=0.831689 NMSE=0.168311 shuffled_R2=-0.013998
ALIGN ego[02] partner[03] R2=0.766679 NMSE=0.233321 shuffled_R2=-0.024534
ALIGN ego[02] partner[04] R2=0.814248 NMSE=0.185752 shuffled_R2=-0.014465
ALIGN ego[03] partner[00] R2=0.775769 NMSE=0.224231 shuffled_R2=-0.016340
ALIGN ego[03] partner[01] R2=0.729696 NMSE=0.270304 shuffled_R2=-0.024312
ALIGN ego[03] partner[02] R2=0.764578 NMSE=0.235422 shuffled_R2=-0.014773
ALIGN ego[03] partner[03] R2=0.761089 NMSE=0.238911 shuffled_R2=-0.021054
ALIGN ego[03] partner[04] R2=0.728425 NMSE=0.271575 shuffled_R2=-0.026659
ALIGN ego[04] partner[00] R2=0.770465 NMSE=0.229535 shuffled_R2=-0.016456
ALIGN ego[04] partner[01] R2=0.718134 NMSE=0.281866 shuffled_R2=-0.019556
ALIGN ego[04] partner[02] R2=0.766388 NMSE=0.233612 shuffled_R2=-0.014873
ALIGN ego[04] partner[03] R2=0.763524 NMSE=0.236476 shuffled_R2=-0.018811
ALIGN ego[04] partner[04] R2=0.752529 NMSE=0.247471 shuffled_R2=-0.017045
Evaluating partner alignment group 3: method=sp, prefix=checkpoints/eval_pools/sp
LOADED: checkpoints/eval_pools/sp/counter_circuit/baseline_seed_0_step_380.msgpack
LOADED: checkpoints/eval_pools/sp/counter_circuit/baseline_seed_1_step_380.msgpack
LOADED: checkpoints/eval_pools/sp/counter_circuit/baseline_seed_2_step_380.msgpack
LOADED: checkpoints/eval_pools/sp/counter_circuit/baseline_seed_3_step_380.msgpack
LOADED: checkpoints/eval_pools/sp/counter_circuit/baseline_seed_4_step_380.msgpack
Using alignment rollout scale: ALIGN_PAIR_BATCH_SIZE=2, ALIGN_EVAL_NUM_EPISODES=128, ALIGN_EVAL_NUM_STEPS=400
ALIGN ego[00] partner[00] R2=0.826549 NMSE=0.173451 shuffled_R2=-0.018355
ALIGN ego[00] partner[01] R2=0.824038 NMSE=0.175962 shuffled_R2=-0.016709
ALIGN ego[00] partner[02] R2=0.812687 NMSE=0.187313 shuffled_R2=-0.014815
ALIGN ego[00] partner[03] R2=0.779231 NMSE=0.220769 shuffled_R2=-0.024253
ALIGN ego[00] partner[04] R2=0.817033 NMSE=0.182967 shuffled_R2=-0.015638
ALIGN ego[01] partner[00] R2=0.850997 NMSE=0.149003 shuffled_R2=-0.018509
ALIGN ego[01] partner[01] R2=0.881492 NMSE=0.118508 shuffled_R2=-0.014975
ALIGN ego[01] partner[02] R2=0.876181 NMSE=0.123819 shuffled_R2=-0.015271
ALIGN ego[01] partner[03] R2=0.869489 NMSE=0.130511 shuffled_R2=-0.020168
ALIGN ego[01] partner[04] R2=0.875608 NMSE=0.124392 shuffled_R2=-0.016748
ALIGN ego[02] partner[00] R2=0.888765 NMSE=0.111235 shuffled_R2=-0.012847
ALIGN ego[02] partner[01] R2=0.911901 NMSE=0.088099 shuffled_R2=-0.015664
ALIGN ego[02] partner[02] R2=0.893039 NMSE=0.106961 shuffled_R2=-0.018175
ALIGN ego[02] partner[03] R2=0.802643 NMSE=0.197357 shuffled_R2=-0.015585
ALIGN ego[02] partner[04] R2=0.775844 NMSE=0.224156 shuffled_R2=-0.021444
ALIGN ego[03] partner[00] R2=0.873594 NMSE=0.126406 shuffled_R2=-0.017211
ALIGN ego[03] partner[01] R2=0.889803 NMSE=0.110197 shuffled_R2=-0.020367
ALIGN ego[03] partner[02] R2=0.841674 NMSE=0.158326 shuffled_R2=-0.018172
ALIGN ego[03] partner[03] R2=0.811025 NMSE=0.188975 shuffled_R2=-0.017776
ALIGN ego[03] partner[04] R2=0.838569 NMSE=0.161431 shuffled_R2=-0.014978
ALIGN ego[04] partner[00] R2=0.853626 NMSE=0.146374 shuffled_R2=-0.018092
ALIGN ego[04] partner[01] R2=0.841623 NMSE=0.158377 shuffled_R2=-0.018356
ALIGN ego[04] partner[02] R2=0.812268 NMSE=0.187732 shuffled_R2=-0.017650
ALIGN ego[04] partner[03] R2=0.764760 NMSE=0.235240 shuffled_R2=-0.017394
ALIGN ego[04] partner[04] R2=0.754400 NMSE=0.245600 shuffled_R2=-0.023679
Average ego-to-partner alignment R2: 0.793503 +- 0.005548 SE over 100 ego-partner pairs
Average alignment normalized MSE: 0.206497 +- 0.005548 SE
Average shuffled-control alignment R2: -0.018747 +- 0.000532 SE
Saved alignment results to ad_hoc_teamplay_results/lmpredV204_ad_hoc_teamplay/counter_circuit
Evaluating ad-hoc teamplay for ego_method=lmpredV204, layout=coord_ring
ego_prefix=checkpoints/lmpredV204/, partner_pool_specs=e3t:checkpoints/eval_pools/e3t;mep_br:checkpoints/eval_pools/mep_br;pbt:checkpoints/eval_pools/pbt;sp:checkpoints/eval_pools/sp, result_name=lmpredV204_ad_hoc_teamplay, ego_perspective_transform=true
Importing submoduled environments...
Submoduled environments not found. Skipping import.
2026-07-05 16:58:23.467624: W external/xla/xla/service/gpu/autotuning/dot_search_space.cc:200] All configs were filtered out because none of them sufficiently match the hints. Maybe the hints set does not contain a good representative set of valid configs?Working around this by using the full hints set instead.
2026-07-05 16:58:24.595202: W external/xla/xla/service/gpu/autotuning/dot_search_space.cc:200] All configs were filtered out because none of them sufficiently match the hints. Maybe the hints set does not contain a good representative set of valid configs?Working around this by using the full hints set instead.
LOADED: checkpoints/lmpredV204/coord_ring/baseline_seed_0_step_220.msgpack
LOADED: checkpoints/lmpredV204/coord_ring/baseline_seed_1_step_220.msgpack
LOADED: checkpoints/lmpredV204/coord_ring/baseline_seed_2_step_220.msgpack
LOADED: checkpoints/lmpredV204/coord_ring/baseline_seed_3_step_220.msgpack
LOADED: checkpoints/lmpredV204/coord_ring/baseline_seed_4_step_220.msgpack
Evaluating partner group 0: method=e3t, prefix=checkpoints/eval_pools/e3t
LOADED: checkpoints/eval_pools/e3t/coord_ring/baseline_seed_0_step_220.msgpack
LOADED: checkpoints/eval_pools/e3t/coord_ring/baseline_seed_1_step_220.msgpack
LOADED: checkpoints/eval_pools/e3t/coord_ring/baseline_seed_2_step_220.msgpack
LOADED: checkpoints/eval_pools/e3t/coord_ring/baseline_seed_3_step_220.msgpack
LOADED: checkpoints/eval_pools/e3t/coord_ring/baseline_seed_4_step_220.msgpack
Using XP rollout scale: XP_PAIR_BATCH_SIZE=32, EVAL_NUM_EPISODES=128, EVAL_NUM_STEPS=400
XP ego[00] partner[00] = 280.938
XP ego[00] partner[01] = 288.281
XP ego[00] partner[02] = 20.781
XP ego[00] partner[03] = 269.219
XP ego[00] partner[04] = 248.281
XP ego[01] partner[00] = 135.781
XP ego[01] partner[01] = 236.094
XP ego[01] partner[02] = 14.688
XP ego[01] partner[03] = 202.188
XP ego[01] partner[04] = 190.000
XP ego[02] partner[00] = 154.062
XP ego[02] partner[01] = 302.344
XP ego[02] partner[02] = 39.688
XP ego[02] partner[03] = 253.438
XP ego[02] partner[04] = 287.969
XP ego[03] partner[00] = 244.844
XP ego[03] partner[01] = 251.094
XP ego[03] partner[02] = 93.125
XP ego[03] partner[03] = 223.906
XP ego[03] partner[04] = 229.219
XP ego[04] partner[00] = 268.906
XP ego[04] partner[01] = 295.938
XP ego[04] partner[02] = 97.031
XP ego[04] partner[03] = 278.906
XP ego[04] partner[04] = 283.438
Evaluating partner group 1: method=mep_br, prefix=checkpoints/eval_pools/mep_br
LOADED: checkpoints/eval_pools/mep_br/coord_ring/baseline_seed_0_step_220.msgpack
LOADED: checkpoints/eval_pools/mep_br/coord_ring/baseline_seed_1_step_220.msgpack
LOADED: checkpoints/eval_pools/mep_br/coord_ring/baseline_seed_2_step_220.msgpack
LOADED: checkpoints/eval_pools/mep_br/coord_ring/baseline_seed_3_step_220.msgpack
LOADED: checkpoints/eval_pools/mep_br/coord_ring/baseline_seed_4_step_220.msgpack
Using XP rollout scale: XP_PAIR_BATCH_SIZE=32, EVAL_NUM_EPISODES=128, EVAL_NUM_STEPS=400
XP ego[00] partner[00] = 235.000
XP ego[00] partner[01] = 262.188
XP ego[00] partner[02] = 259.062
XP ego[00] partner[03] = 161.094
XP ego[00] partner[04] = 216.094
XP ego[01] partner[00] = 220.469
XP ego[01] partner[01] = 229.219
XP ego[01] partner[02] = 217.188
XP ego[01] partner[03] = 198.281
XP ego[01] partner[04] = 222.500
XP ego[02] partner[00] = 237.344
XP ego[02] partner[01] = 297.031
XP ego[02] partner[02] = 273.438
XP ego[02] partner[03] = 219.219
XP ego[02] partner[04] = 280.625
XP ego[03] partner[00] = 224.375
XP ego[03] partner[01] = 292.344
XP ego[03] partner[02] = 265.312
XP ego[03] partner[03] = 281.562
XP ego[03] partner[04] = 235.625
XP ego[04] partner[00] = 260.469
XP ego[04] partner[01] = 274.844
XP ego[04] partner[02] = 275.469
XP ego[04] partner[03] = 185.156
XP ego[04] partner[04] = 279.531
Evaluating partner group 2: method=pbt, prefix=checkpoints/eval_pools/pbt
LOADED: checkpoints/eval_pools/pbt/coord_ring/baseline_seed_0_step_62.msgpack
LOADED: checkpoints/eval_pools/pbt/coord_ring/baseline_seed_1_step_62.msgpack
LOADED: checkpoints/eval_pools/pbt/coord_ring/baseline_seed_2_step_62.msgpack
LOADED: checkpoints/eval_pools/pbt/coord_ring/baseline_seed_3_step_62.msgpack
LOADED: checkpoints/eval_pools/pbt/coord_ring/baseline_seed_4_step_62.msgpack
Using XP rollout scale: XP_PAIR_BATCH_SIZE=32, EVAL_NUM_EPISODES=128, EVAL_NUM_STEPS=400
XP ego[00] partner[00] = 224.375
XP ego[00] partner[01] = 229.688
XP ego[00] partner[02] = 210.000
XP ego[00] partner[03] = 218.594
XP ego[00] partner[04] = 208.438
XP ego[01] partner[00] = 240.000
XP ego[01] partner[01] = 222.188
XP ego[01] partner[02] = 227.188
XP ego[01] partner[03] = 207.500
XP ego[01] partner[04] = 224.688
XP ego[02] partner[00] = 293.438
XP ego[02] partner[01] = 276.875
XP ego[02] partner[02] = 249.844
XP ego[02] partner[03] = 252.969
XP ego[02] partner[04] = 289.531
XP ego[03] partner[00] = 234.688
XP ego[03] partner[01] = 238.906
XP ego[03] partner[02] = 224.219
XP ego[03] partner[03] = 218.750
XP ego[03] partner[04] = 200.938
XP ego[04] partner[00] = 306.719
XP ego[04] partner[01] = 307.188
XP ego[04] partner[02] = 278.594
XP ego[04] partner[03] = 304.844
XP ego[04] partner[04] = 302.188
Evaluating partner group 3: method=sp, prefix=checkpoints/eval_pools/sp
LOADED: checkpoints/eval_pools/sp/coord_ring/baseline_seed_0_step_220.msgpack
LOADED: checkpoints/eval_pools/sp/coord_ring/baseline_seed_1_step_220.msgpack
LOADED: checkpoints/eval_pools/sp/coord_ring/baseline_seed_2_step_220.msgpack
LOADED: checkpoints/eval_pools/sp/coord_ring/baseline_seed_3_step_220.msgpack
LOADED: checkpoints/eval_pools/sp/coord_ring/baseline_seed_4_step_220.msgpack
Using XP rollout scale: XP_PAIR_BATCH_SIZE=32, EVAL_NUM_EPISODES=128, EVAL_NUM_STEPS=400
XP ego[00] partner[00] = 227.500
XP ego[00] partner[01] = 226.719
XP ego[00] partner[02] = 238.438
XP ego[00] partner[03] = 243.906
XP ego[00] partner[04] = 223.594
XP ego[01] partner[00] = 238.125
XP ego[01] partner[01] = 212.188
XP ego[01] partner[02] = 221.562
XP ego[01] partner[03] = 238.594
XP ego[01] partner[04] = 230.781
XP ego[02] partner[00] = 295.000
XP ego[02] partner[01] = 269.531
XP ego[02] partner[02] = 272.188
XP ego[02] partner[03] = 299.062
XP ego[02] partner[04] = 246.094
XP ego[03] partner[00] = 232.031
XP ego[03] partner[01] = 252.969
XP ego[03] partner[02] = 258.594
XP ego[03] partner[03] = 230.938
XP ego[03] partner[04] = 226.094
XP ego[04] partner[00] = 295.469
XP ego[04] partner[01] = 289.688
XP ego[04] partner[02] = 283.438
XP ego[04] partner[03] = 286.562
XP ego[04] partner[04] = 291.875
Average ego-vs-partner performance: 238.169 +- 5.575 SE over 100 ordered pairs
Average diagonal performance: 212.812 +- 44.870 SE over 5 pairs
Average off-diagonal performance (only for square pools): nan +- nan SE over 0 ordered pairs
Saved ad-hoc teamplay results to ad_hoc_teamplay_results/lmpredV204_ad_hoc_teamplay/coord_ring
Saved ad-hoc teamplay heatmap to ad_hoc_teamplay_results/lmpredV204_ad_hoc_teamplay/coord_ring/xp_matrix.png
Evaluating partner alignment group 0: method=e3t, prefix=checkpoints/eval_pools/e3t
LOADED: checkpoints/eval_pools/e3t/coord_ring/baseline_seed_0_step_220.msgpack
LOADED: checkpoints/eval_pools/e3t/coord_ring/baseline_seed_1_step_220.msgpack
LOADED: checkpoints/eval_pools/e3t/coord_ring/baseline_seed_2_step_220.msgpack
LOADED: checkpoints/eval_pools/e3t/coord_ring/baseline_seed_3_step_220.msgpack
LOADED: checkpoints/eval_pools/e3t/coord_ring/baseline_seed_4_step_220.msgpack
Using alignment rollout scale: ALIGN_PAIR_BATCH_SIZE=2, ALIGN_EVAL_NUM_EPISODES=128, ALIGN_EVAL_NUM_STEPS=400
ALIGN ego[00] partner[00] R2=0.898666 NMSE=0.101334 shuffled_R2=-0.017362
ALIGN ego[00] partner[01] R2=0.845994 NMSE=0.154006 shuffled_R2=-0.021639
ALIGN ego[00] partner[02] R2=0.931871 NMSE=0.068129 shuffled_R2=-0.022356
ALIGN ego[00] partner[03] R2=0.887463 NMSE=0.112537 shuffled_R2=-0.016865
ALIGN ego[00] partner[04] R2=0.881817 NMSE=0.118183 shuffled_R2=-0.015813
ALIGN ego[01] partner[00] R2=0.901200 NMSE=0.098800 shuffled_R2=-0.024080
ALIGN ego[01] partner[01] R2=0.837183 NMSE=0.162817 shuffled_R2=-0.025984
ALIGN ego[01] partner[02] R2=0.768324 NMSE=0.231676 shuffled_R2=-0.064056
ALIGN ego[01] partner[03] R2=0.800691 NMSE=0.199309 shuffled_R2=-0.028706
ALIGN ego[01] partner[04] R2=0.926358 NMSE=0.073642 shuffled_R2=-0.014670
ALIGN ego[02] partner[00] R2=0.892442 NMSE=0.107558 shuffled_R2=-0.023371
ALIGN ego[02] partner[01] R2=0.855751 NMSE=0.144249 shuffled_R2=-0.015107
ALIGN ego[02] partner[02] R2=0.929029 NMSE=0.070971 shuffled_R2=-0.018616
ALIGN ego[02] partner[03] R2=0.916539 NMSE=0.083461 shuffled_R2=-0.014371
ALIGN ego[02] partner[04] R2=0.887908 NMSE=0.112092 shuffled_R2=-0.015079
ALIGN ego[03] partner[00] R2=0.901256 NMSE=0.098744 shuffled_R2=-0.016216
ALIGN ego[03] partner[01] R2=0.857517 NMSE=0.142483 shuffled_R2=-0.015445
ALIGN ego[03] partner[02] R2=0.852878 NMSE=0.147122 shuffled_R2=-0.040529
ALIGN ego[03] partner[03] R2=0.853062 NMSE=0.146938 shuffled_R2=-0.015156
ALIGN ego[03] partner[04] R2=0.832407 NMSE=0.167593 shuffled_R2=-0.018812
ALIGN ego[04] partner[00] R2=0.905814 NMSE=0.094186 shuffled_R2=-0.015028
ALIGN ego[04] partner[01] R2=0.854288 NMSE=0.145712 shuffled_R2=-0.017565
ALIGN ego[04] partner[02] R2=0.935803 NMSE=0.064197 shuffled_R2=-0.019294
ALIGN ego[04] partner[03] R2=0.895556 NMSE=0.104444 shuffled_R2=-0.015627
ALIGN ego[04] partner[04] R2=0.790747 NMSE=0.209253 shuffled_R2=-0.025425
Evaluating partner alignment group 1: method=mep_br, prefix=checkpoints/eval_pools/mep_br
LOADED: checkpoints/eval_pools/mep_br/coord_ring/baseline_seed_0_step_220.msgpack
LOADED: checkpoints/eval_pools/mep_br/coord_ring/baseline_seed_1_step_220.msgpack
LOADED: checkpoints/eval_pools/mep_br/coord_ring/baseline_seed_2_step_220.msgpack
LOADED: checkpoints/eval_pools/mep_br/coord_ring/baseline_seed_3_step_220.msgpack
LOADED: checkpoints/eval_pools/mep_br/coord_ring/baseline_seed_4_step_220.msgpack
Using alignment rollout scale: ALIGN_PAIR_BATCH_SIZE=2, ALIGN_EVAL_NUM_EPISODES=128, ALIGN_EVAL_NUM_STEPS=400
ALIGN ego[00] partner[00] R2=0.876537 NMSE=0.123463 shuffled_R2=-0.016297
ALIGN ego[00] partner[01] R2=0.898958 NMSE=0.101042 shuffled_R2=-0.016564
ALIGN ego[00] partner[02] R2=0.868002 NMSE=0.131998 shuffled_R2=-0.016438
ALIGN ego[00] partner[03] R2=0.868472 NMSE=0.131528 shuffled_R2=-0.035152
ALIGN ego[00] partner[04] R2=0.899336 NMSE=0.100664 shuffled_R2=-0.023521
ALIGN ego[01] partner[00] R2=0.841833 NMSE=0.158167 shuffled_R2=-0.024519
ALIGN ego[01] partner[01] R2=0.829233 NMSE=0.170767 shuffled_R2=-0.042066
ALIGN ego[01] partner[02] R2=0.633624 NMSE=0.366376 shuffled_R2=-0.067415
ALIGN ego[01] partner[03] R2=0.727602 NMSE=0.272398 shuffled_R2=-0.057486
ALIGN ego[01] partner[04] R2=0.847052 NMSE=0.152948 shuffled_R2=-0.025772
ALIGN ego[02] partner[00] R2=0.912844 NMSE=0.087156 shuffled_R2=-0.016774
ALIGN ego[02] partner[01] R2=0.889859 NMSE=0.110141 shuffled_R2=-0.016533
ALIGN ego[02] partner[02] R2=0.756968 NMSE=0.243032 shuffled_R2=-0.028930
ALIGN ego[02] partner[03] R2=0.941807 NMSE=0.058193 shuffled_R2=-0.022025
ALIGN ego[02] partner[04] R2=0.907887 NMSE=0.092113 shuffled_R2=-0.016557
ALIGN ego[03] partner[00] R2=0.867882 NMSE=0.132118 shuffled_R2=-0.018134
ALIGN ego[03] partner[01] R2=0.881174 NMSE=0.118826 shuffled_R2=-0.020288
ALIGN ego[03] partner[02] R2=0.815214 NMSE=0.184786 shuffled_R2=-0.016666
ALIGN ego[03] partner[03] R2=0.842093 NMSE=0.157907 shuffled_R2=-0.025601
ALIGN ego[03] partner[04] R2=0.919961 NMSE=0.080039 shuffled_R2=-0.014443
ALIGN ego[04] partner[00] R2=0.884124 NMSE=0.115876 shuffled_R2=-0.018280
ALIGN ego[04] partner[01] R2=0.878210 NMSE=0.121790 shuffled_R2=-0.019559
ALIGN ego[04] partner[02] R2=0.874809 NMSE=0.125191 shuffled_R2=-0.017641
ALIGN ego[04] partner[03] R2=0.921951 NMSE=0.078049 shuffled_R2=-0.024906
ALIGN ego[04] partner[04] R2=0.880459 NMSE=0.119541 shuffled_R2=-0.016728
Evaluating partner alignment group 2: method=pbt, prefix=checkpoints/eval_pools/pbt
LOADED: checkpoints/eval_pools/pbt/coord_ring/baseline_seed_0_step_62.msgpack
LOADED: checkpoints/eval_pools/pbt/coord_ring/baseline_seed_1_step_62.msgpack
LOADED: checkpoints/eval_pools/pbt/coord_ring/baseline_seed_2_step_62.msgpack
LOADED: checkpoints/eval_pools/pbt/coord_ring/baseline_seed_3_step_62.msgpack
LOADED: checkpoints/eval_pools/pbt/coord_ring/baseline_seed_4_step_62.msgpack
Using alignment rollout scale: ALIGN_PAIR_BATCH_SIZE=2, ALIGN_EVAL_NUM_EPISODES=128, ALIGN_EVAL_NUM_STEPS=400
ALIGN ego[00] partner[00] R2=0.741727 NMSE=0.258273 shuffled_R2=-0.022127
ALIGN ego[00] partner[01] R2=0.795211 NMSE=0.204789 shuffled_R2=-0.017368
ALIGN ego[00] partner[02] R2=0.788815 NMSE=0.211185 shuffled_R2=-0.017542
ALIGN ego[00] partner[03] R2=0.818066 NMSE=0.181934 shuffled_R2=-0.015375
ALIGN ego[00] partner[04] R2=0.733365 NMSE=0.266635 shuffled_R2=-0.019722
ALIGN ego[01] partner[00] R2=0.681181 NMSE=0.318819 shuffled_R2=-0.031943
ALIGN ego[01] partner[01] R2=0.753534 NMSE=0.246466 shuffled_R2=-0.032289
ALIGN ego[01] partner[02] R2=0.780280 NMSE=0.219720 shuffled_R2=-0.017727
ALIGN ego[01] partner[03] R2=0.753526 NMSE=0.246474 shuffled_R2=-0.035213
ALIGN ego[01] partner[04] R2=0.775118 NMSE=0.224882 shuffled_R2=-0.023504
ALIGN ego[02] partner[00] R2=0.827720 NMSE=0.172280 shuffled_R2=-0.015435
ALIGN ego[02] partner[01] R2=0.682987 NMSE=0.317013 shuffled_R2=-0.035199
ALIGN ego[02] partner[02] R2=0.840027 NMSE=0.159973 shuffled_R2=-0.014180
ALIGN ego[02] partner[03] R2=0.851996 NMSE=0.148004 shuffled_R2=-0.016870
ALIGN ego[02] partner[04] R2=0.799406 NMSE=0.200594 shuffled_R2=-0.022140
ALIGN ego[03] partner[00] R2=0.768102 NMSE=0.231898 shuffled_R2=-0.018790
ALIGN ego[03] partner[01] R2=0.792420 NMSE=0.207580 shuffled_R2=-0.017517
ALIGN ego[03] partner[02] R2=0.772879 NMSE=0.227121 shuffled_R2=-0.014989
ALIGN ego[03] partner[03] R2=0.770760 NMSE=0.229240 shuffled_R2=-0.017836
ALIGN ego[03] partner[04] R2=0.729469 NMSE=0.270531 shuffled_R2=-0.018262
ALIGN ego[04] partner[00] R2=0.857987 NMSE=0.142013 shuffled_R2=-0.014062
ALIGN ego[04] partner[01] R2=0.837466 NMSE=0.162534 shuffled_R2=-0.019368
ALIGN ego[04] partner[02] R2=0.816844 NMSE=0.183156 shuffled_R2=-0.015991
ALIGN ego[04] partner[03] R2=0.745250 NMSE=0.254750 shuffled_R2=-0.030174
ALIGN ego[04] partner[04] R2=0.794110 NMSE=0.205890 shuffled_R2=-0.017865
Evaluating partner alignment group 3: method=sp, prefix=checkpoints/eval_pools/sp
LOADED: checkpoints/eval_pools/sp/coord_ring/baseline_seed_0_step_220.msgpack
LOADED: checkpoints/eval_pools/sp/coord_ring/baseline_seed_1_step_220.msgpack
LOADED: checkpoints/eval_pools/sp/coord_ring/baseline_seed_2_step_220.msgpack
LOADED: checkpoints/eval_pools/sp/coord_ring/baseline_seed_3_step_220.msgpack
LOADED: checkpoints/eval_pools/sp/coord_ring/baseline_seed_4_step_220.msgpack
Using alignment rollout scale: ALIGN_PAIR_BATCH_SIZE=2, ALIGN_EVAL_NUM_EPISODES=128, ALIGN_EVAL_NUM_STEPS=400
ALIGN ego[00] partner[00] R2=0.884215 NMSE=0.115785 shuffled_R2=-0.017008
ALIGN ego[00] partner[01] R2=0.828328 NMSE=0.171672 shuffled_R2=-0.024100
ALIGN ego[00] partner[02] R2=0.874454 NMSE=0.125546 shuffled_R2=-0.016825
ALIGN ego[00] partner[03] R2=0.845922 NMSE=0.154078 shuffled_R2=-0.020612
ALIGN ego[00] partner[04] R2=0.785017 NMSE=0.214983 shuffled_R2=-0.037979
ALIGN ego[01] partner[00] R2=0.880914 NMSE=0.119086 shuffled_R2=-0.015384
ALIGN ego[01] partner[01] R2=0.875100 NMSE=0.124900 shuffled_R2=-0.023769
ALIGN ego[01] partner[02] R2=0.691260 NMSE=0.308740 shuffled_R2=-0.065963
ALIGN ego[01] partner[03] R2=0.860672 NMSE=0.139328 shuffled_R2=-0.026830
ALIGN ego[01] partner[04] R2=0.885002 NMSE=0.114998 shuffled_R2=-0.020509
ALIGN ego[02] partner[00] R2=0.921408 NMSE=0.078592 shuffled_R2=-0.016958
ALIGN ego[02] partner[01] R2=0.825427 NMSE=0.174573 shuffled_R2=-0.032186
ALIGN ego[02] partner[02] R2=0.898245 NMSE=0.101755 shuffled_R2=-0.015735
ALIGN ego[02] partner[03] R2=0.878561 NMSE=0.121439 shuffled_R2=-0.017233
ALIGN ego[02] partner[04] R2=0.970062 NMSE=0.029938 shuffled_R2=-0.015550
ALIGN ego[03] partner[00] R2=0.822718 NMSE=0.177282 shuffled_R2=-0.017503
ALIGN ego[03] partner[01] R2=0.763213 NMSE=0.236787 shuffled_R2=-0.020909
ALIGN ego[03] partner[02] R2=0.862435 NMSE=0.137565 shuffled_R2=-0.014739
ALIGN ego[03] partner[03] R2=0.831168 NMSE=0.168832 shuffled_R2=-0.023333
ALIGN ego[03] partner[04] R2=0.866619 NMSE=0.133381 shuffled_R2=-0.014384
ALIGN ego[04] partner[00] R2=0.907394 NMSE=0.092606 shuffled_R2=-0.016923
ALIGN ego[04] partner[01] R2=0.938539 NMSE=0.061461 shuffled_R2=-0.015494
ALIGN ego[04] partner[02] R2=0.845390 NMSE=0.154610 shuffled_R2=-0.039162
ALIGN ego[04] partner[03] R2=0.935195 NMSE=0.064805 shuffled_R2=-0.016628
ALIGN ego[04] partner[04] R2=0.935026 NMSE=0.064974 shuffled_R2=-0.015288
Average ego-to-partner alignment R2: 0.844270 +- 0.006637 SE over 100 ego-partner pairs
Average alignment normalized MSE: 0.155730 +- 0.006637 SE
Average shuffled-control alignment R2: -0.022380 +- 0.001068 SE
Saved alignment results to ad_hoc_teamplay_results/lmpredV204_ad_hoc_teamplay/coord_ring
Evaluating ad-hoc teamplay for ego_method=lmpredV204, layout=asymm_advantages
ego_prefix=checkpoints/lmpredV204/, partner_pool_specs=e3t:checkpoints/eval_pools/e3t;mep_br:checkpoints/eval_pools/mep_br;pbt:checkpoints/eval_pools/pbt;sp:checkpoints/eval_pools/sp, result_name=lmpredV204_ad_hoc_teamplay, ego_perspective_transform=true
Cannot find primary config 'asymm_advantages'. Check that it's in your config search path.

Config search path:
	provider=hydra, path=pkg://hydra.conf
	provider=main, path=file:///net/scratch/n70579mp/tom/JaxMARL/baselines/overcookedv2/config/oc_extended/mep_br
	provider=schema, path=structured://

Set the environment variable HYDRA_FULL_ERROR=1 for a complete stack trace.
Importing submoduled environments...
Submoduled environments not found. Skipping import.
Evaluating ad-hoc teamplay for ego_method=lmpredV204, layout=forced_coord
ego_prefix=checkpoints/lmpredV204/, partner_pool_specs=e3t:checkpoints/eval_pools/e3t;mep_br:checkpoints/eval_pools/mep_br;pbt:checkpoints/eval_pools/pbt;sp:checkpoints/eval_pools/sp, result_name=lmpredV204_ad_hoc_teamplay, ego_perspective_transform=true
Cannot find primary config 'forced_coord'. Check that it's in your config search path.

Config search path:
	provider=hydra, path=pkg://hydra.conf
	provider=main, path=file:///net/scratch/n70579mp/tom/JaxMARL/baselines/overcookedv2/config/oc_extended/mep_br
	provider=schema, path=structured://

Set the environment variable HYDRA_FULL_ERROR=1 for a complete stack trace.
Importing submoduled environments...
Submoduled environments not found. Skipping import.
Evaluating ad-hoc teamplay for ego_method=lmpredV204_ablate, layout=cramped_room5x5
ego_prefix=checkpoints/lmpredV204_ablate/, partner_pool_specs=e3t:checkpoints/eval_pools/e3t;mep_br:checkpoints/eval_pools/mep_br;pbt:checkpoints/eval_pools/pbt;sp:checkpoints/eval_pools/sp, result_name=lmpredV204_ablate_ad_hoc_teamplay, ego_perspective_transform=false
Importing submoduled environments...
Submoduled environments not found. Skipping import.
2026-07-05 17:02:54.528604: W external/xla/xla/service/gpu/autotuning/dot_search_space.cc:200] All configs were filtered out because none of them sufficiently match the hints. Maybe the hints set does not contain a good representative set of valid configs?Working around this by using the full hints set instead.
2026-07-05 17:02:55.632040: W external/xla/xla/service/gpu/autotuning/dot_search_space.cc:200] All configs were filtered out because none of them sufficiently match the hints. Maybe the hints set does not contain a good representative set of valid configs?Working around this by using the full hints set instead.
LOADED: checkpoints/lmpredV204_ablate/cramped_room5x5/baseline_seed_0_step_220.msgpack
LOADED: checkpoints/lmpredV204_ablate/cramped_room5x5/baseline_seed_1_step_220.msgpack
LOADED: checkpoints/lmpredV204_ablate/cramped_room5x5/baseline_seed_2_step_220.msgpack
LOADED: checkpoints/lmpredV204_ablate/cramped_room5x5/baseline_seed_3_step_220.msgpack
LOADED: checkpoints/lmpredV204_ablate/cramped_room5x5/baseline_seed_4_step_220.msgpack
Evaluating partner group 0: method=e3t, prefix=checkpoints/eval_pools/e3t
LOADED: checkpoints/eval_pools/e3t/cramped_room5x5/baseline_seed_0_step_220.msgpack
LOADED: checkpoints/eval_pools/e3t/cramped_room5x5/baseline_seed_1_step_220.msgpack
LOADED: checkpoints/eval_pools/e3t/cramped_room5x5/baseline_seed_2_step_220.msgpack
LOADED: checkpoints/eval_pools/e3t/cramped_room5x5/baseline_seed_3_step_220.msgpack
LOADED: checkpoints/eval_pools/e3t/cramped_room5x5/baseline_seed_4_step_220.msgpack
Using XP rollout scale: XP_PAIR_BATCH_SIZE=32, EVAL_NUM_EPISODES=128, EVAL_NUM_STEPS=400
XP ego[00] partner[00] = 238.438
XP ego[00] partner[01] = 208.594
XP ego[00] partner[02] = 127.188
XP ego[00] partner[03] = 187.188
XP ego[00] partner[04] = 153.906
XP ego[01] partner[00] = 207.344
XP ego[01] partner[01] = 192.656
XP ego[01] partner[02] = 149.062
XP ego[01] partner[03] = 232.344
XP ego[01] partner[04] = 203.281
XP ego[02] partner[00] = 223.594
XP ego[02] partner[01] = 115.938
XP ego[02] partner[02] = 203.906
XP ego[02] partner[03] = 228.125
XP ego[02] partner[04] = 205.625
XP ego[03] partner[00] = 196.094
XP ego[03] partner[01] = 182.344
XP ego[03] partner[02] = 217.812
XP ego[03] partner[03] = 203.125
XP ego[03] partner[04] = 124.219
XP ego[04] partner[00] = 216.094
XP ego[04] partner[01] = 217.344
XP ego[04] partner[02] = 243.438
XP ego[04] partner[03] = 230.938
XP ego[04] partner[04] = 215.156
Evaluating partner group 1: method=mep_br, prefix=checkpoints/eval_pools/mep_br
LOADED: checkpoints/eval_pools/mep_br/cramped_room5x5/baseline_seed_0_step_220.msgpack
LOADED: checkpoints/eval_pools/mep_br/cramped_room5x5/baseline_seed_1_step_220.msgpack
LOADED: checkpoints/eval_pools/mep_br/cramped_room5x5/baseline_seed_2_step_220.msgpack
LOADED: checkpoints/eval_pools/mep_br/cramped_room5x5/baseline_seed_3_step_220.msgpack
LOADED: checkpoints/eval_pools/mep_br/cramped_room5x5/baseline_seed_4_step_220.msgpack
Using XP rollout scale: XP_PAIR_BATCH_SIZE=32, EVAL_NUM_EPISODES=128, EVAL_NUM_STEPS=400
XP ego[00] partner[00] = 216.875
XP ego[00] partner[01] = 233.750
XP ego[00] partner[02] = 225.781
XP ego[00] partner[03] = 233.594
XP ego[00] partner[04] = 205.625
XP ego[01] partner[00] = 163.750
XP ego[01] partner[01] = 157.656
XP ego[01] partner[02] = 63.750
XP ego[01] partner[03] = 207.656
XP ego[01] partner[04] = 189.688
XP ego[02] partner[00] = 206.094
XP ego[02] partner[01] = 222.188
XP ego[02] partner[02] = 230.312
XP ego[02] partner[03] = 207.188
XP ego[02] partner[04] = 227.812
XP ego[03] partner[00] = 174.844
XP ego[03] partner[01] = 217.500
XP ego[03] partner[02] = 201.875
XP ego[03] partner[03] = 231.094
XP ego[03] partner[04] = 172.031
XP ego[04] partner[00] = 197.031
XP ego[04] partner[01] = 220.781
XP ego[04] partner[02] = 118.125
XP ego[04] partner[03] = 178.438
XP ego[04] partner[04] = 191.250
Evaluating partner group 2: method=pbt, prefix=checkpoints/eval_pools/pbt
LOADED: checkpoints/eval_pools/pbt/cramped_room5x5/baseline_seed_0_step_62.msgpack
LOADED: checkpoints/eval_pools/pbt/cramped_room5x5/baseline_seed_1_step_62.msgpack
LOADED: checkpoints/eval_pools/pbt/cramped_room5x5/baseline_seed_2_step_62.msgpack
LOADED: checkpoints/eval_pools/pbt/cramped_room5x5/baseline_seed_3_step_62.msgpack
LOADED: checkpoints/eval_pools/pbt/cramped_room5x5/baseline_seed_4_step_62.msgpack
Using XP rollout scale: XP_PAIR_BATCH_SIZE=32, EVAL_NUM_EPISODES=128, EVAL_NUM_STEPS=400
XP ego[00] partner[00] = 229.688
XP ego[00] partner[01] = 236.875
XP ego[00] partner[02] = 194.688
XP ego[00] partner[03] = 224.375
XP ego[00] partner[04] = 227.188
XP ego[01] partner[00] = 116.094
XP ego[01] partner[01] = 221.719
XP ego[01] partner[02] = 221.250
XP ego[01] partner[03] = 124.688
XP ego[01] partner[04] = 125.000
XP ego[02] partner[00] = 111.250
XP ego[02] partner[01] = 101.094
XP ego[02] partner[02] = 78.594
XP ego[02] partner[03] = 133.281
XP ego[02] partner[04] = 111.562
XP ego[03] partner[00] = 212.031
XP ego[03] partner[01] = 239.844
XP ego[03] partner[02] = 232.656
XP ego[03] partner[03] = 224.219
XP ego[03] partner[04] = 221.719
XP ego[04] partner[00] = 127.031
XP ego[04] partner[01] = 112.031
XP ego[04] partner[02] = 56.875
XP ego[04] partner[03] = 155.625
XP ego[04] partner[04] = 101.250
Evaluating partner group 3: method=sp, prefix=checkpoints/eval_pools/sp
LOADED: checkpoints/eval_pools/sp/cramped_room5x5/baseline_seed_0_step_220.msgpack
LOADED: checkpoints/eval_pools/sp/cramped_room5x5/baseline_seed_1_step_220.msgpack
LOADED: checkpoints/eval_pools/sp/cramped_room5x5/baseline_seed_2_step_220.msgpack
LOADED: checkpoints/eval_pools/sp/cramped_room5x5/baseline_seed_3_step_220.msgpack
LOADED: checkpoints/eval_pools/sp/cramped_room5x5/baseline_seed_4_step_220.msgpack
Using XP rollout scale: XP_PAIR_BATCH_SIZE=32, EVAL_NUM_EPISODES=128, EVAL_NUM_STEPS=400
XP ego[00] partner[00] = 229.375
XP ego[00] partner[01] = 216.406
XP ego[00] partner[02] = 187.031
XP ego[00] partner[03] = 227.344
XP ego[00] partner[04] = 183.438
XP ego[01] partner[00] = 209.062
XP ego[01] partner[01] = 155.156
XP ego[01] partner[02] = 226.875
XP ego[01] partner[03] = 232.344
XP ego[01] partner[04] = 167.656
XP ego[02] partner[00] = 214.219
XP ego[02] partner[01] = 139.844
XP ego[02] partner[02] = 225.781
XP ego[02] partner[03] = 124.062
XP ego[02] partner[04] = 208.906
XP ego[03] partner[00] = 211.250
XP ego[03] partner[01] = 231.562
XP ego[03] partner[02] = 227.500
XP ego[03] partner[03] = 234.688
XP ego[03] partner[04] = 185.000
XP ego[04] partner[00] = 197.188
XP ego[04] partner[01] = 139.531
XP ego[04] partner[02] = 218.438
XP ego[04] partner[03] = 240.781
XP ego[04] partner[04] = 220.938
Average ego-vs-partner performance: 190.134 +- 4.529 SE over 100 ordered pairs
Average diagonal performance: 210.656 +- 7.805 SE over 5 pairs
Average off-diagonal performance (only for square pools): nan +- nan SE over 0 ordered pairs
Saved ad-hoc teamplay results to ad_hoc_teamplay_results/lmpredV204_ablate_ad_hoc_teamplay/cramped_room5x5
Saved ad-hoc teamplay heatmap to ad_hoc_teamplay_results/lmpredV204_ablate_ad_hoc_teamplay/cramped_room5x5/xp_matrix.png
Evaluating partner alignment group 0: method=e3t, prefix=checkpoints/eval_pools/e3t
LOADED: checkpoints/eval_pools/e3t/cramped_room5x5/baseline_seed_0_step_220.msgpack
LOADED: checkpoints/eval_pools/e3t/cramped_room5x5/baseline_seed_1_step_220.msgpack
LOADED: checkpoints/eval_pools/e3t/cramped_room5x5/baseline_seed_2_step_220.msgpack
LOADED: checkpoints/eval_pools/e3t/cramped_room5x5/baseline_seed_3_step_220.msgpack
LOADED: checkpoints/eval_pools/e3t/cramped_room5x5/baseline_seed_4_step_220.msgpack
Using alignment rollout scale: ALIGN_PAIR_BATCH_SIZE=2, ALIGN_EVAL_NUM_EPISODES=128, ALIGN_EVAL_NUM_STEPS=400
ALIGN ego[00] partner[00] R2=0.907692 NMSE=0.092308 shuffled_R2=-0.019799
ALIGN ego[00] partner[01] R2=0.920476 NMSE=0.079524 shuffled_R2=-0.025894
ALIGN ego[00] partner[02] R2=0.946017 NMSE=0.053983 shuffled_R2=-0.017109
ALIGN ego[00] partner[03] R2=0.922205 NMSE=0.077795 shuffled_R2=-0.019232
ALIGN ego[00] partner[04] R2=0.957645 NMSE=0.042355 shuffled_R2=-0.017426
ALIGN ego[01] partner[00] R2=0.945938 NMSE=0.054062 shuffled_R2=-0.020124
ALIGN ego[01] partner[01] R2=0.957183 NMSE=0.042817 shuffled_R2=-0.017532
ALIGN ego[01] partner[02] R2=0.958246 NMSE=0.041754 shuffled_R2=-0.016680
ALIGN ego[01] partner[03] R2=0.939505 NMSE=0.060495 shuffled_R2=-0.021550
ALIGN ego[01] partner[04] R2=0.955233 NMSE=0.044767 shuffled_R2=-0.015866
ALIGN ego[02] partner[00] R2=0.943727 NMSE=0.056273 shuffled_R2=-0.017630
ALIGN ego[02] partner[01] R2=0.930708 NMSE=0.069292 shuffled_R2=-0.020080
ALIGN ego[02] partner[02] R2=0.873389 NMSE=0.126611 shuffled_R2=-0.036086
ALIGN ego[02] partner[03] R2=0.806244 NMSE=0.193756 shuffled_R2=-0.068991
ALIGN ego[02] partner[04] R2=0.962282 NMSE=0.037718 shuffled_R2=-0.014915
ALIGN ego[03] partner[00] R2=0.964893 NMSE=0.035107 shuffled_R2=-0.019383
ALIGN ego[03] partner[01] R2=0.963313 NMSE=0.036687 shuffled_R2=-0.021244
ALIGN ego[03] partner[02] R2=0.958972 NMSE=0.041028 shuffled_R2=-0.018241
ALIGN ego[03] partner[03] R2=0.942632 NMSE=0.057368 shuffled_R2=-0.017699
ALIGN ego[03] partner[04] R2=0.904537 NMSE=0.095463 shuffled_R2=-0.053591
ALIGN ego[04] partner[00] R2=0.942345 NMSE=0.057655 shuffled_R2=-0.015468
ALIGN ego[04] partner[01] R2=0.916865 NMSE=0.083135 shuffled_R2=-0.024055
ALIGN ego[04] partner[02] R2=0.930643 NMSE=0.069357 shuffled_R2=-0.018062
ALIGN ego[04] partner[03] R2=0.931131 NMSE=0.068869 shuffled_R2=-0.017687
ALIGN ego[04] partner[04] R2=0.952129 NMSE=0.047871 shuffled_R2=-0.015272
Evaluating partner alignment group 1: method=mep_br, prefix=checkpoints/eval_pools/mep_br
LOADED: checkpoints/eval_pools/mep_br/cramped_room5x5/baseline_seed_0_step_220.msgpack
LOADED: checkpoints/eval_pools/mep_br/cramped_room5x5/baseline_seed_1_step_220.msgpack
LOADED: checkpoints/eval_pools/mep_br/cramped_room5x5/baseline_seed_2_step_220.msgpack
LOADED: checkpoints/eval_pools/mep_br/cramped_room5x5/baseline_seed_3_step_220.msgpack
LOADED: checkpoints/eval_pools/mep_br/cramped_room5x5/baseline_seed_4_step_220.msgpack
Using alignment rollout scale: ALIGN_PAIR_BATCH_SIZE=2, ALIGN_EVAL_NUM_EPISODES=128, ALIGN_EVAL_NUM_STEPS=400
ALIGN ego[00] partner[00] R2=0.905263 NMSE=0.094737 shuffled_R2=-0.021659
ALIGN ego[00] partner[01] R2=0.850547 NMSE=0.149453 shuffled_R2=-0.060651
ALIGN ego[00] partner[02] R2=0.958734 NMSE=0.041266 shuffled_R2=-0.017932
ALIGN ego[00] partner[03] R2=0.951549 NMSE=0.048451 shuffled_R2=-0.018280
ALIGN ego[00] partner[04] R2=0.960930 NMSE=0.039070 shuffled_R2=-0.016592
ALIGN ego[01] partner[00] R2=0.745928 NMSE=0.254072 shuffled_R2=-0.052135
ALIGN ego[01] partner[01] R2=0.946116 NMSE=0.053884 shuffled_R2=-0.020119
ALIGN ego[01] partner[02] R2=0.944885 NMSE=0.055115 shuffled_R2=-0.013350
ALIGN ego[01] partner[03] R2=0.949374 NMSE=0.050626 shuffled_R2=-0.017822
ALIGN ego[01] partner[04] R2=0.928980 NMSE=0.071020 shuffled_R2=-0.017603
ALIGN ego[02] partner[00] R2=0.868713 NMSE=0.131287 shuffled_R2=-0.024656
ALIGN ego[02] partner[01] R2=0.928971 NMSE=0.071029 shuffled_R2=-0.014785
ALIGN ego[02] partner[02] R2=0.957098 NMSE=0.042902 shuffled_R2=-0.016062
ALIGN ego[02] partner[03] R2=0.942133 NMSE=0.057867 shuffled_R2=-0.016691
ALIGN ego[02] partner[04] R2=0.914784 NMSE=0.085216 shuffled_R2=-0.040804
ALIGN ego[03] partner[00] R2=0.965764 NMSE=0.034236 shuffled_R2=-0.015562
ALIGN ego[03] partner[01] R2=0.969030 NMSE=0.030970 shuffled_R2=-0.016000
ALIGN ego[03] partner[02] R2=0.781319 NMSE=0.218681 shuffled_R2=-0.084914
ALIGN ego[03] partner[03] R2=0.967984 NMSE=0.032016 shuffled_R2=-0.017834
ALIGN ego[03] partner[04] R2=0.971467 NMSE=0.028533 shuffled_R2=-0.015661
ALIGN ego[04] partner[00] R2=0.921044 NMSE=0.078956 shuffled_R2=-0.016607
ALIGN ego[04] partner[01] R2=0.944219 NMSE=0.055781 shuffled_R2=-0.016815
ALIGN ego[04] partner[02] R2=0.934103 NMSE=0.065897 shuffled_R2=-0.016619
ALIGN ego[04] partner[03] R2=0.953560 NMSE=0.046440 shuffled_R2=-0.016677
ALIGN ego[04] partner[04] R2=0.781419 NMSE=0.218581 shuffled_R2=-0.041965
Evaluating partner alignment group 2: method=pbt, prefix=checkpoints/eval_pools/pbt
LOADED: checkpoints/eval_pools/pbt/cramped_room5x5/baseline_seed_0_step_62.msgpack
LOADED: checkpoints/eval_pools/pbt/cramped_room5x5/baseline_seed_1_step_62.msgpack
LOADED: checkpoints/eval_pools/pbt/cramped_room5x5/baseline_seed_2_step_62.msgpack
LOADED: checkpoints/eval_pools/pbt/cramped_room5x5/baseline_seed_3_step_62.msgpack
LOADED: checkpoints/eval_pools/pbt/cramped_room5x5/baseline_seed_4_step_62.msgpack
Using alignment rollout scale: ALIGN_PAIR_BATCH_SIZE=2, ALIGN_EVAL_NUM_EPISODES=128, ALIGN_EVAL_NUM_STEPS=400
ALIGN ego[00] partner[00] R2=0.866034 NMSE=0.133966 shuffled_R2=-0.016923
ALIGN ego[00] partner[01] R2=0.534402 NMSE=0.465598 shuffled_R2=-0.065489
ALIGN ego[00] partner[02] R2=0.665218 NMSE=0.334782 shuffled_R2=-0.045463
ALIGN ego[00] partner[03] R2=0.817522 NMSE=0.182478 shuffled_R2=-0.025193
ALIGN ego[00] partner[04] R2=0.847685 NMSE=0.152315 shuffled_R2=-0.016525
ALIGN ego[01] partner[00] R2=0.814631 NMSE=0.185369 shuffled_R2=-0.021300
ALIGN ego[01] partner[01] R2=0.878682 NMSE=0.121318 shuffled_R2=-0.014508
ALIGN ego[01] partner[02] R2=0.856015 NMSE=0.143985 shuffled_R2=-0.015678
ALIGN ego[01] partner[03] R2=0.852445 NMSE=0.147555 shuffled_R2=-0.018325
ALIGN ego[01] partner[04] R2=0.868876 NMSE=0.131124 shuffled_R2=-0.025006
ALIGN ego[02] partner[00] R2=0.901355 NMSE=0.098645 shuffled_R2=-0.013474
ALIGN ego[02] partner[01] R2=0.869682 NMSE=0.130318 shuffled_R2=-0.013222
ALIGN ego[02] partner[02] R2=0.821802 NMSE=0.178198 shuffled_R2=-0.020507
ALIGN ego[02] partner[03] R2=0.743912 NMSE=0.256088 shuffled_R2=-0.039735
ALIGN ego[02] partner[04] R2=0.912400 NMSE=0.087600 shuffled_R2=-0.014113
ALIGN ego[03] partner[00] R2=0.884117 NMSE=0.115883 shuffled_R2=-0.016205
ALIGN ego[03] partner[01] R2=0.886226 NMSE=0.113774 shuffled_R2=-0.014578
ALIGN ego[03] partner[02] R2=0.890596 NMSE=0.109404 shuffled_R2=-0.019102
ALIGN ego[03] partner[03] R2=0.892577 NMSE=0.107423 shuffled_R2=-0.015974
ALIGN ego[03] partner[04] R2=0.780024 NMSE=0.219976 shuffled_R2=-0.043867
ALIGN ego[04] partner[00] R2=0.833995 NMSE=0.166005 shuffled_R2=-0.023735
ALIGN ego[04] partner[01] R2=0.777377 NMSE=0.222623 shuffled_R2=-0.016993
ALIGN ego[04] partner[02] R2=0.812551 NMSE=0.187449 shuffled_R2=-0.023490
ALIGN ego[04] partner[03] R2=0.867433 NMSE=0.132567 shuffled_R2=-0.016000
ALIGN ego[04] partner[04] R2=0.871306 NMSE=0.128694 shuffled_R2=-0.014854
Evaluating partner alignment group 3: method=sp, prefix=checkpoints/eval_pools/sp
LOADED: checkpoints/eval_pools/sp/cramped_room5x5/baseline_seed_0_step_220.msgpack
LOADED: checkpoints/eval_pools/sp/cramped_room5x5/baseline_seed_1_step_220.msgpack
LOADED: checkpoints/eval_pools/sp/cramped_room5x5/baseline_seed_2_step_220.msgpack
LOADED: checkpoints/eval_pools/sp/cramped_room5x5/baseline_seed_3_step_220.msgpack
LOADED: checkpoints/eval_pools/sp/cramped_room5x5/baseline_seed_4_step_220.msgpack
Using alignment rollout scale: ALIGN_PAIR_BATCH_SIZE=2, ALIGN_EVAL_NUM_EPISODES=128, ALIGN_EVAL_NUM_STEPS=400
ALIGN ego[00] partner[00] R2=0.927991 NMSE=0.072009 shuffled_R2=-0.017365
ALIGN ego[00] partner[01] R2=0.951461 NMSE=0.048539 shuffled_R2=-0.018107
ALIGN ego[00] partner[02] R2=0.926441 NMSE=0.073559 shuffled_R2=-0.024325
ALIGN ego[00] partner[03] R2=0.927012 NMSE=0.072988 shuffled_R2=-0.019103
ALIGN ego[00] partner[04] R2=0.961014 NMSE=0.038986 shuffled_R2=-0.015576
ALIGN ego[01] partner[00] R2=0.953950 NMSE=0.046050 shuffled_R2=-0.016413
ALIGN ego[01] partner[01] R2=0.911517 NMSE=0.088483 shuffled_R2=-0.023859
ALIGN ego[01] partner[02] R2=0.945244 NMSE=0.054756 shuffled_R2=-0.019247
ALIGN ego[01] partner[03] R2=0.938693 NMSE=0.061307 shuffled_R2=-0.021906
ALIGN ego[01] partner[04] R2=0.956493 NMSE=0.043507 shuffled_R2=-0.013298
ALIGN ego[02] partner[00] R2=0.954626 NMSE=0.045374 shuffled_R2=-0.015537
ALIGN ego[02] partner[01] R2=0.889763 NMSE=0.110237 shuffled_R2=-0.029003
ALIGN ego[02] partner[02] R2=0.939892 NMSE=0.060108 shuffled_R2=-0.016276
ALIGN ego[02] partner[03] R2=0.962964 NMSE=0.037036 shuffled_R2=-0.014968
ALIGN ego[02] partner[04] R2=0.963684 NMSE=0.036316 shuffled_R2=-0.013833
ALIGN ego[03] partner[00] R2=0.963034 NMSE=0.036966 shuffled_R2=-0.015878
ALIGN ego[03] partner[01] R2=0.937917 NMSE=0.062083 shuffled_R2=-0.029208
ALIGN ego[03] partner[02] R2=0.960942 NMSE=0.039058 shuffled_R2=-0.015947
ALIGN ego[03] partner[03] R2=0.966558 NMSE=0.033442 shuffled_R2=-0.018736
ALIGN ego[03] partner[04] R2=0.975371 NMSE=0.024629 shuffled_R2=-0.015396
ALIGN ego[04] partner[00] R2=0.938618 NMSE=0.061382 shuffled_R2=-0.019506
ALIGN ego[04] partner[01] R2=0.947788 NMSE=0.052212 shuffled_R2=-0.019065
ALIGN ego[04] partner[02] R2=0.949777 NMSE=0.050223 shuffled_R2=-0.018445
ALIGN ego[04] partner[03] R2=0.924289 NMSE=0.075711 shuffled_R2=-0.024442
ALIGN ego[04] partner[04] R2=0.906614 NMSE=0.093386 shuffled_R2=-0.029384
Average ego-to-partner alignment R2: 0.906064 +- 0.007118 SE over 100 ego-partner pairs
Average alignment normalized MSE: 0.093936 +- 0.007118 SE
Average shuffled-control alignment R2: -0.022525 +- 0.001273 SE
Saved alignment results to ad_hoc_teamplay_results/lmpredV204_ablate_ad_hoc_teamplay/cramped_room5x5
Evaluating ad-hoc teamplay for ego_method=lmpredV204_ablate, layout=counter_circuit
ego_prefix=checkpoints/lmpredV204_ablate/, partner_pool_specs=e3t:checkpoints/eval_pools/e3t;mep_br:checkpoints/eval_pools/mep_br;pbt:checkpoints/eval_pools/pbt;sp:checkpoints/eval_pools/sp, result_name=lmpredV204_ablate_ad_hoc_teamplay, ego_perspective_transform=false
Importing submoduled environments...
Submoduled environments not found. Skipping import.
2026-07-05 17:06:26.082445: W external/xla/xla/service/gpu/autotuning/dot_search_space.cc:200] All configs were filtered out because none of them sufficiently match the hints. Maybe the hints set does not contain a good representative set of valid configs?Working around this by using the full hints set instead.
2026-07-05 17:06:27.226911: W external/xla/xla/service/gpu/autotuning/dot_search_space.cc:200] All configs were filtered out because none of them sufficiently match the hints. Maybe the hints set does not contain a good representative set of valid configs?Working around this by using the full hints set instead.
LOADED: checkpoints/lmpredV204_ablate/counter_circuit/baseline_seed_0_step_380.msgpack
LOADED: checkpoints/lmpredV204_ablate/counter_circuit/baseline_seed_1_step_380.msgpack
LOADED: checkpoints/lmpredV204_ablate/counter_circuit/baseline_seed_2_step_380.msgpack
LOADED: checkpoints/lmpredV204_ablate/counter_circuit/baseline_seed_3_step_380.msgpack
LOADED: checkpoints/lmpredV204_ablate/counter_circuit/baseline_seed_4_step_380.msgpack
Evaluating partner group 0: method=e3t, prefix=checkpoints/eval_pools/e3t
LOADED: checkpoints/eval_pools/e3t/counter_circuit/baseline_seed_0_step_220.msgpack
LOADED: checkpoints/eval_pools/e3t/counter_circuit/baseline_seed_1_step_220.msgpack
LOADED: checkpoints/eval_pools/e3t/counter_circuit/baseline_seed_2_step_220.msgpack
LOADED: checkpoints/eval_pools/e3t/counter_circuit/baseline_seed_3_step_220.msgpack
LOADED: checkpoints/eval_pools/e3t/counter_circuit/baseline_seed_4_step_220.msgpack
Using XP rollout scale: XP_PAIR_BATCH_SIZE=32, EVAL_NUM_EPISODES=128, EVAL_NUM_STEPS=400
XP ego[00] partner[00] = 156.875
XP ego[00] partner[01] = 75.938
XP ego[00] partner[02] = 86.562
XP ego[00] partner[03] = 10.156
XP ego[00] partner[04] = 77.344
XP ego[01] partner[00] = 140.781
XP ego[01] partner[01] = 125.781
XP ego[01] partner[02] = 122.031
XP ego[01] partner[03] = 21.719
XP ego[01] partner[04] = 138.281
XP ego[02] partner[00] = 129.688
XP ego[02] partner[01] = 91.562
XP ego[02] partner[02] = 100.469
XP ego[02] partner[03] = 10.938
XP ego[02] partner[04] = 88.750
XP ego[03] partner[00] = 168.438
XP ego[03] partner[01] = 113.750
XP ego[03] partner[02] = 110.469
XP ego[03] partner[03] = 22.344
XP ego[03] partner[04] = 112.344
XP ego[04] partner[00] = 64.219
XP ego[04] partner[01] = 132.656
XP ego[04] partner[02] = 89.375
XP ego[04] partner[03] = 15.625
XP ego[04] partner[04] = 125.625
Evaluating partner group 1: method=mep_br, prefix=checkpoints/eval_pools/mep_br
LOADED: checkpoints/eval_pools/mep_br/counter_circuit/baseline_seed_0_step_380.msgpack
LOADED: checkpoints/eval_pools/mep_br/counter_circuit/baseline_seed_1_step_380.msgpack
LOADED: checkpoints/eval_pools/mep_br/counter_circuit/baseline_seed_2_step_380.msgpack
LOADED: checkpoints/eval_pools/mep_br/counter_circuit/baseline_seed_3_step_380.msgpack
LOADED: checkpoints/eval_pools/mep_br/counter_circuit/baseline_seed_4_step_380.msgpack
Using XP rollout scale: XP_PAIR_BATCH_SIZE=32, EVAL_NUM_EPISODES=128, EVAL_NUM_STEPS=400
XP ego[00] partner[00] = 219.844
XP ego[00] partner[01] = 162.969
XP ego[00] partner[02] = 214.531
XP ego[00] partner[03] = 206.094
XP ego[00] partner[04] = 175.781
XP ego[01] partner[00] = 133.750
XP ego[01] partner[01] = 162.812
XP ego[01] partner[02] = 139.844
XP ego[01] partner[03] = 178.438
XP ego[01] partner[04] = 151.250
XP ego[02] partner[00] = 216.562
XP ego[02] partner[01] = 188.750
XP ego[02] partner[02] = 223.438
XP ego[02] partner[03] = 214.062
XP ego[02] partner[04] = 177.031
XP ego[03] partner[00] = 182.500
XP ego[03] partner[01] = 167.812
XP ego[03] partner[02] = 209.375
XP ego[03] partner[03] = 203.125
XP ego[03] partner[04] = 177.812
XP ego[04] partner[00] = 166.719
XP ego[04] partner[01] = 164.531
XP ego[04] partner[02] = 175.156
XP ego[04] partner[03] = 168.594
XP ego[04] partner[04] = 144.375
Evaluating partner group 2: method=pbt, prefix=checkpoints/eval_pools/pbt
LOADED: checkpoints/eval_pools/pbt/counter_circuit/baseline_seed_0_step_62.msgpack
LOADED: checkpoints/eval_pools/pbt/counter_circuit/baseline_seed_1_step_62.msgpack
LOADED: checkpoints/eval_pools/pbt/counter_circuit/baseline_seed_2_step_62.msgpack
LOADED: checkpoints/eval_pools/pbt/counter_circuit/baseline_seed_3_step_62.msgpack
LOADED: checkpoints/eval_pools/pbt/counter_circuit/baseline_seed_4_step_62.msgpack
Using XP rollout scale: XP_PAIR_BATCH_SIZE=32, EVAL_NUM_EPISODES=128, EVAL_NUM_STEPS=400
XP ego[00] partner[00] = 173.125
XP ego[00] partner[01] = 188.125
XP ego[00] partner[02] = 172.656
XP ego[00] partner[03] = 184.219
XP ego[00] partner[04] = 185.312
XP ego[01] partner[00] = 105.156
XP ego[01] partner[01] = 108.750
XP ego[01] partner[02] = 120.938
XP ego[01] partner[03] = 115.000
XP ego[01] partner[04] = 113.438
XP ego[02] partner[00] = 190.938
XP ego[02] partner[01] = 144.844
XP ego[02] partner[02] = 171.250
XP ego[02] partner[03] = 184.219
XP ego[02] partner[04] = 168.125
XP ego[03] partner[00] = 150.938
XP ego[03] partner[01] = 169.062
XP ego[03] partner[02] = 186.406
XP ego[03] partner[03] = 179.375
XP ego[03] partner[04] = 186.250
XP ego[04] partner[00] = 171.406
XP ego[04] partner[01] = 170.156
XP ego[04] partner[02] = 171.406
XP ego[04] partner[03] = 163.125
XP ego[04] partner[04] = 169.375
Evaluating partner group 3: method=sp, prefix=checkpoints/eval_pools/sp
LOADED: checkpoints/eval_pools/sp/counter_circuit/baseline_seed_0_step_380.msgpack
LOADED: checkpoints/eval_pools/sp/counter_circuit/baseline_seed_1_step_380.msgpack
LOADED: checkpoints/eval_pools/sp/counter_circuit/baseline_seed_2_step_380.msgpack
LOADED: checkpoints/eval_pools/sp/counter_circuit/baseline_seed_3_step_380.msgpack
LOADED: checkpoints/eval_pools/sp/counter_circuit/baseline_seed_4_step_380.msgpack
Using XP rollout scale: XP_PAIR_BATCH_SIZE=32, EVAL_NUM_EPISODES=128, EVAL_NUM_STEPS=400
XP ego[00] partner[00] = 157.344
XP ego[00] partner[01] = 152.812
XP ego[00] partner[02] = 171.562
XP ego[00] partner[03] = 226.094
XP ego[00] partner[04] = 156.719
XP ego[01] partner[00] = 132.344
XP ego[01] partner[01] = 96.406
XP ego[01] partner[02] = 91.406
XP ego[01] partner[03] = 185.625
XP ego[01] partner[04] = 129.219
XP ego[02] partner[00] = 170.469
XP ego[02] partner[01] = 191.875
XP ego[02] partner[02] = 171.875
XP ego[02] partner[03] = 229.844
XP ego[02] partner[04] = 185.625
XP ego[03] partner[00] = 155.156
XP ego[03] partner[01] = 158.125
XP ego[03] partner[02] = 159.219
XP ego[03] partner[03] = 142.188
XP ego[03] partner[04] = 162.188
XP ego[04] partner[00] = 149.062
XP ego[04] partner[01] = 144.844
XP ego[04] partner[02] = 177.031
XP ego[04] partner[03] = 169.062
XP ego[04] partner[04] = 179.688
Average ego-vs-partner performance: 149.463 +- 4.736 SE over 100 ordered pairs
Average diagonal performance: 106.219 +- 22.796 SE over 5 pairs
Average off-diagonal performance (only for square pools): nan +- nan SE over 0 ordered pairs
Saved ad-hoc teamplay results to ad_hoc_teamplay_results/lmpredV204_ablate_ad_hoc_teamplay/counter_circuit
Saved ad-hoc teamplay heatmap to ad_hoc_teamplay_results/lmpredV204_ablate_ad_hoc_teamplay/counter_circuit/xp_matrix.png
Evaluating partner alignment group 0: method=e3t, prefix=checkpoints/eval_pools/e3t
LOADED: checkpoints/eval_pools/e3t/counter_circuit/baseline_seed_0_step_220.msgpack
LOADED: checkpoints/eval_pools/e3t/counter_circuit/baseline_seed_1_step_220.msgpack
LOADED: checkpoints/eval_pools/e3t/counter_circuit/baseline_seed_2_step_220.msgpack
LOADED: checkpoints/eval_pools/e3t/counter_circuit/baseline_seed_3_step_220.msgpack
LOADED: checkpoints/eval_pools/e3t/counter_circuit/baseline_seed_4_step_220.msgpack
Using alignment rollout scale: ALIGN_PAIR_BATCH_SIZE=2, ALIGN_EVAL_NUM_EPISODES=128, ALIGN_EVAL_NUM_STEPS=400
ALIGN ego[00] partner[00] R2=0.773049 NMSE=0.226951 shuffled_R2=-0.018766
ALIGN ego[00] partner[01] R2=0.770692 NMSE=0.229308 shuffled_R2=-0.017949
ALIGN ego[00] partner[02] R2=0.696519 NMSE=0.303481 shuffled_R2=-0.021675
ALIGN ego[00] partner[03] R2=0.884287 NMSE=0.115713 shuffled_R2=-0.017656
ALIGN ego[00] partner[04] R2=0.792925 NMSE=0.207075 shuffled_R2=-0.018213
ALIGN ego[01] partner[00] R2=0.739772 NMSE=0.260228 shuffled_R2=-0.016663
ALIGN ego[01] partner[01] R2=0.697480 NMSE=0.302520 shuffled_R2=-0.021421
ALIGN ego[01] partner[02] R2=0.676637 NMSE=0.323363 shuffled_R2=-0.020815
ALIGN ego[01] partner[03] R2=0.824364 NMSE=0.175636 shuffled_R2=-0.019542
ALIGN ego[01] partner[04] R2=0.583244 NMSE=0.416756 shuffled_R2=-0.027883
ALIGN ego[02] partner[00] R2=0.814841 NMSE=0.185159 shuffled_R2=-0.015957
ALIGN ego[02] partner[01] R2=0.829780 NMSE=0.170220 shuffled_R2=-0.017025
ALIGN ego[02] partner[02] R2=0.757312 NMSE=0.242688 shuffled_R2=-0.017387
ALIGN ego[02] partner[03] R2=0.817709 NMSE=0.182291 shuffled_R2=-0.025112
ALIGN ego[02] partner[04] R2=0.827355 NMSE=0.172645 shuffled_R2=-0.014317
ALIGN ego[03] partner[00] R2=0.728009 NMSE=0.271991 shuffled_R2=-0.016231
ALIGN ego[03] partner[01] R2=0.771766 NMSE=0.228234 shuffled_R2=-0.018575
ALIGN ego[03] partner[02] R2=0.728720 NMSE=0.271280 shuffled_R2=-0.020019
ALIGN ego[03] partner[03] R2=0.679578 NMSE=0.320422 shuffled_R2=-0.027835
ALIGN ego[03] partner[04] R2=0.749564 NMSE=0.250436 shuffled_R2=-0.021314
ALIGN ego[04] partner[00] R2=0.854978 NMSE=0.145022 shuffled_R2=-0.015164
ALIGN ego[04] partner[01] R2=0.782842 NMSE=0.217158 shuffled_R2=-0.016507
ALIGN ego[04] partner[02] R2=0.705765 NMSE=0.294235 shuffled_R2=-0.020990
ALIGN ego[04] partner[03] R2=0.771347 NMSE=0.228653 shuffled_R2=-0.030050
ALIGN ego[04] partner[04] R2=0.778568 NMSE=0.221432 shuffled_R2=-0.016130
Evaluating partner alignment group 1: method=mep_br, prefix=checkpoints/eval_pools/mep_br
LOADED: checkpoints/eval_pools/mep_br/counter_circuit/baseline_seed_0_step_380.msgpack
LOADED: checkpoints/eval_pools/mep_br/counter_circuit/baseline_seed_1_step_380.msgpack
LOADED: checkpoints/eval_pools/mep_br/counter_circuit/baseline_seed_2_step_380.msgpack
LOADED: checkpoints/eval_pools/mep_br/counter_circuit/baseline_seed_3_step_380.msgpack
LOADED: checkpoints/eval_pools/mep_br/counter_circuit/baseline_seed_4_step_380.msgpack
Using alignment rollout scale: ALIGN_PAIR_BATCH_SIZE=2, ALIGN_EVAL_NUM_EPISODES=128, ALIGN_EVAL_NUM_STEPS=400
ALIGN ego[00] partner[00] R2=0.851373 NMSE=0.148627 shuffled_R2=-0.029322
ALIGN ego[00] partner[01] R2=0.898859 NMSE=0.101141 shuffled_R2=-0.015234
ALIGN ego[00] partner[02] R2=0.862254 NMSE=0.137746 shuffled_R2=-0.018644
ALIGN ego[00] partner[03] R2=0.862820 NMSE=0.137180 shuffled_R2=-0.014950
ALIGN ego[00] partner[04] R2=0.814541 NMSE=0.185459 shuffled_R2=-0.019282
ALIGN ego[01] partner[00] R2=0.861603 NMSE=0.138397 shuffled_R2=-0.015782
ALIGN ego[01] partner[01] R2=0.812472 NMSE=0.187528 shuffled_R2=-0.016924
ALIGN ego[01] partner[02] R2=0.880977 NMSE=0.119023 shuffled_R2=-0.013505
ALIGN ego[01] partner[03] R2=0.805063 NMSE=0.194937 shuffled_R2=-0.017161
ALIGN ego[01] partner[04] R2=0.754485 NMSE=0.245515 shuffled_R2=-0.019394
ALIGN ego[02] partner[00] R2=0.806243 NMSE=0.193757 shuffled_R2=-0.018369
ALIGN ego[02] partner[01] R2=0.867578 NMSE=0.132422 shuffled_R2=-0.014686
ALIGN ego[02] partner[02] R2=0.876930 NMSE=0.123070 shuffled_R2=-0.017111
ALIGN ego[02] partner[03] R2=0.870129 NMSE=0.129871 shuffled_R2=-0.015288
ALIGN ego[02] partner[04] R2=0.765218 NMSE=0.234782 shuffled_R2=-0.030509
ALIGN ego[03] partner[00] R2=0.769919 NMSE=0.230081 shuffled_R2=-0.018777
ALIGN ego[03] partner[01] R2=0.794160 NMSE=0.205840 shuffled_R2=-0.016017
ALIGN ego[03] partner[02] R2=0.794888 NMSE=0.205112 shuffled_R2=-0.017150
ALIGN ego[03] partner[03] R2=0.814320 NMSE=0.185680 shuffled_R2=-0.016582
ALIGN ego[03] partner[04] R2=0.796723 NMSE=0.203277 shuffled_R2=-0.017280
ALIGN ego[04] partner[00] R2=0.803478 NMSE=0.196522 shuffled_R2=-0.015334
ALIGN ego[04] partner[01] R2=0.846930 NMSE=0.153070 shuffled_R2=-0.015016
ALIGN ego[04] partner[02] R2=0.797937 NMSE=0.202063 shuffled_R2=-0.017378
ALIGN ego[04] partner[03] R2=0.787912 NMSE=0.212088 shuffled_R2=-0.014434
ALIGN ego[04] partner[04] R2=0.742154 NMSE=0.257846 shuffled_R2=-0.018172
Evaluating partner alignment group 2: method=pbt, prefix=checkpoints/eval_pools/pbt
LOADED: checkpoints/eval_pools/pbt/counter_circuit/baseline_seed_0_step_62.msgpack
LOADED: checkpoints/eval_pools/pbt/counter_circuit/baseline_seed_1_step_62.msgpack
LOADED: checkpoints/eval_pools/pbt/counter_circuit/baseline_seed_2_step_62.msgpack
LOADED: checkpoints/eval_pools/pbt/counter_circuit/baseline_seed_3_step_62.msgpack
LOADED: checkpoints/eval_pools/pbt/counter_circuit/baseline_seed_4_step_62.msgpack
Using alignment rollout scale: ALIGN_PAIR_BATCH_SIZE=2, ALIGN_EVAL_NUM_EPISODES=128, ALIGN_EVAL_NUM_STEPS=400
ALIGN ego[00] partner[00] R2=0.765697 NMSE=0.234303 shuffled_R2=-0.014147
ALIGN ego[00] partner[01] R2=0.772521 NMSE=0.227479 shuffled_R2=-0.015749
ALIGN ego[00] partner[02] R2=0.728467 NMSE=0.271533 shuffled_R2=-0.021180
ALIGN ego[00] partner[03] R2=0.770727 NMSE=0.229273 shuffled_R2=-0.014810
ALIGN ego[00] partner[04] R2=0.773587 NMSE=0.226413 shuffled_R2=-0.014884
ALIGN ego[01] partner[00] R2=0.681928 NMSE=0.318072 shuffled_R2=-0.018256
ALIGN ego[01] partner[01] R2=0.693150 NMSE=0.306850 shuffled_R2=-0.023099
ALIGN ego[01] partner[02] R2=0.544261 NMSE=0.455739 shuffled_R2=-0.034284
ALIGN ego[01] partner[03] R2=0.676185 NMSE=0.323815 shuffled_R2=-0.021510
ALIGN ego[01] partner[04] R2=0.709857 NMSE=0.290143 shuffled_R2=-0.018322
ALIGN ego[02] partner[00] R2=0.783089 NMSE=0.216911 shuffled_R2=-0.016288
ALIGN ego[02] partner[01] R2=0.808424 NMSE=0.191576 shuffled_R2=-0.013137
ALIGN ego[02] partner[02] R2=0.798084 NMSE=0.201916 shuffled_R2=-0.017371
ALIGN ego[02] partner[03] R2=0.702010 NMSE=0.297990 shuffled_R2=-0.022899
ALIGN ego[02] partner[04] R2=0.809312 NMSE=0.190688 shuffled_R2=-0.014997
ALIGN ego[03] partner[00] R2=0.754575 NMSE=0.245425 shuffled_R2=-0.016854
ALIGN ego[03] partner[01] R2=0.716859 NMSE=0.283141 shuffled_R2=-0.023990
ALIGN ego[03] partner[02] R2=0.731812 NMSE=0.268188 shuffled_R2=-0.014017
ALIGN ego[03] partner[03] R2=0.707131 NMSE=0.292869 shuffled_R2=-0.020367
ALIGN ego[03] partner[04] R2=0.753249 NMSE=0.246751 shuffled_R2=-0.019751
ALIGN ego[04] partner[00] R2=0.832945 NMSE=0.167055 shuffled_R2=-0.014774
ALIGN ego[04] partner[01] R2=0.814420 NMSE=0.185580 shuffled_R2=-0.015794
ALIGN ego[04] partner[02] R2=0.776431 NMSE=0.223569 shuffled_R2=-0.016020
ALIGN ego[04] partner[03] R2=0.831833 NMSE=0.168167 shuffled_R2=-0.015849
ALIGN ego[04] partner[04] R2=0.815583 NMSE=0.184417 shuffled_R2=-0.016234
Evaluating partner alignment group 3: method=sp, prefix=checkpoints/eval_pools/sp
LOADED: checkpoints/eval_pools/sp/counter_circuit/baseline_seed_0_step_380.msgpack
LOADED: checkpoints/eval_pools/sp/counter_circuit/baseline_seed_1_step_380.msgpack
LOADED: checkpoints/eval_pools/sp/counter_circuit/baseline_seed_2_step_380.msgpack
LOADED: checkpoints/eval_pools/sp/counter_circuit/baseline_seed_3_step_380.msgpack
LOADED: checkpoints/eval_pools/sp/counter_circuit/baseline_seed_4_step_380.msgpack
Using alignment rollout scale: ALIGN_PAIR_BATCH_SIZE=2, ALIGN_EVAL_NUM_EPISODES=128, ALIGN_EVAL_NUM_STEPS=400
ALIGN ego[00] partner[00] R2=0.858593 NMSE=0.141407 shuffled_R2=-0.016280
ALIGN ego[00] partner[01] R2=0.832213 NMSE=0.167787 shuffled_R2=-0.026709
ALIGN ego[00] partner[02] R2=0.831062 NMSE=0.168938 shuffled_R2=-0.014894
ALIGN ego[00] partner[03] R2=0.818582 NMSE=0.181418 shuffled_R2=-0.022292
ALIGN ego[00] partner[04] R2=0.859116 NMSE=0.140884 shuffled_R2=-0.015100
ALIGN ego[01] partner[00] R2=0.809274 NMSE=0.190726 shuffled_R2=-0.015560
ALIGN ego[01] partner[01] R2=0.867617 NMSE=0.132383 shuffled_R2=-0.015201
ALIGN ego[01] partner[02] R2=0.782628 NMSE=0.217372 shuffled_R2=-0.019352
ALIGN ego[01] partner[03] R2=0.748883 NMSE=0.251117 shuffled_R2=-0.020646
ALIGN ego[01] partner[04] R2=0.785669 NMSE=0.214331 shuffled_R2=-0.015159
ALIGN ego[02] partner[00] R2=0.839407 NMSE=0.160593 shuffled_R2=-0.017790
ALIGN ego[02] partner[01] R2=0.840159 NMSE=0.159841 shuffled_R2=-0.021862
ALIGN ego[02] partner[02] R2=0.840260 NMSE=0.159740 shuffled_R2=-0.016060
ALIGN ego[02] partner[03] R2=0.816616 NMSE=0.183384 shuffled_R2=-0.023994
ALIGN ego[02] partner[04] R2=0.839481 NMSE=0.160519 shuffled_R2=-0.017137
ALIGN ego[03] partner[00] R2=0.851700 NMSE=0.148300 shuffled_R2=-0.015394
ALIGN ego[03] partner[01] R2=0.859115 NMSE=0.140885 shuffled_R2=-0.021005
ALIGN ego[03] partner[02] R2=0.823486 NMSE=0.176514 shuffled_R2=-0.016355
ALIGN ego[03] partner[03] R2=0.745669 NMSE=0.254331 shuffled_R2=-0.018080
ALIGN ego[03] partner[04] R2=0.815650 NMSE=0.184350 shuffled_R2=-0.015483
ALIGN ego[04] partner[00] R2=0.848426 NMSE=0.151574 shuffled_R2=-0.019787
ALIGN ego[04] partner[01] R2=0.877062 NMSE=0.122938 shuffled_R2=-0.017072
ALIGN ego[04] partner[02] R2=0.853528 NMSE=0.146472 shuffled_R2=-0.017588
ALIGN ego[04] partner[03] R2=0.794947 NMSE=0.205053 shuffled_R2=-0.014252
ALIGN ego[04] partner[04] R2=0.838229 NMSE=0.161771 shuffled_R2=-0.016216
Average ego-to-partner alignment R2: 0.790056 +- 0.006319 SE over 100 ego-partner pairs
Average alignment normalized MSE: 0.209944 +- 0.006319 SE
Average shuffled-control alignment R2: -0.018393 +- 0.000403 SE
Saved alignment results to ad_hoc_teamplay_results/lmpredV204_ablate_ad_hoc_teamplay/counter_circuit
Evaluating ad-hoc teamplay for ego_method=lmpredV204_ablate, layout=coord_ring
ego_prefix=checkpoints/lmpredV204_ablate/, partner_pool_specs=e3t:checkpoints/eval_pools/e3t;mep_br:checkpoints/eval_pools/mep_br;pbt:checkpoints/eval_pools/pbt;sp:checkpoints/eval_pools/sp, result_name=lmpredV204_ablate_ad_hoc_teamplay, ego_perspective_transform=false
Importing submoduled environments...
Submoduled environments not found. Skipping import.
2026-07-05 17:09:57.966724: W external/xla/xla/service/gpu/autotuning/dot_search_space.cc:200] All configs were filtered out because none of them sufficiently match the hints. Maybe the hints set does not contain a good representative set of valid configs?Working around this by using the full hints set instead.
2026-07-05 17:09:59.035186: W external/xla/xla/service/gpu/autotuning/dot_search_space.cc:200] All configs were filtered out because none of them sufficiently match the hints. Maybe the hints set does not contain a good representative set of valid configs?Working around this by using the full hints set instead.
LOADED: checkpoints/lmpredV204_ablate/coord_ring/baseline_seed_0_step_220.msgpack
LOADED: checkpoints/lmpredV204_ablate/coord_ring/baseline_seed_1_step_220.msgpack
LOADED: checkpoints/lmpredV204_ablate/coord_ring/baseline_seed_2_step_220.msgpack
LOADED: checkpoints/lmpredV204_ablate/coord_ring/baseline_seed_3_step_220.msgpack
LOADED: checkpoints/lmpredV204_ablate/coord_ring/baseline_seed_4_step_220.msgpack
Evaluating partner group 0: method=e3t, prefix=checkpoints/eval_pools/e3t
LOADED: checkpoints/eval_pools/e3t/coord_ring/baseline_seed_0_step_220.msgpack
LOADED: checkpoints/eval_pools/e3t/coord_ring/baseline_seed_1_step_220.msgpack
LOADED: checkpoints/eval_pools/e3t/coord_ring/baseline_seed_2_step_220.msgpack
LOADED: checkpoints/eval_pools/e3t/coord_ring/baseline_seed_3_step_220.msgpack
LOADED: checkpoints/eval_pools/e3t/coord_ring/baseline_seed_4_step_220.msgpack
Using XP rollout scale: XP_PAIR_BATCH_SIZE=32, EVAL_NUM_EPISODES=128, EVAL_NUM_STEPS=400
XP ego[00] partner[00] = 144.062
XP ego[00] partner[01] = 295.781
XP ego[00] partner[02] = 11.250
XP ego[00] partner[03] = 296.250
XP ego[00] partner[04] = 286.250
XP ego[01] partner[00] = 275.000
XP ego[01] partner[01] = 202.031
XP ego[01] partner[02] = 81.875
XP ego[01] partner[03] = 174.062
XP ego[01] partner[04] = 207.969
XP ego[02] partner[00] = 191.094
XP ego[02] partner[01] = 212.344
XP ego[02] partner[02] = 59.688
XP ego[02] partner[03] = 247.969
XP ego[02] partner[04] = 245.938
XP ego[03] partner[00] = 253.594
XP ego[03] partner[01] = 285.625
XP ego[03] partner[02] = 183.594
XP ego[03] partner[03] = 259.531
XP ego[03] partner[04] = 275.938
XP ego[04] partner[00] = 205.625
XP ego[04] partner[01] = 181.406
XP ego[04] partner[02] = 20.469
XP ego[04] partner[03] = 292.500
XP ego[04] partner[04] = 263.906
Evaluating partner group 1: method=mep_br, prefix=checkpoints/eval_pools/mep_br
LOADED: checkpoints/eval_pools/mep_br/coord_ring/baseline_seed_0_step_220.msgpack
LOADED: checkpoints/eval_pools/mep_br/coord_ring/baseline_seed_1_step_220.msgpack
LOADED: checkpoints/eval_pools/mep_br/coord_ring/baseline_seed_2_step_220.msgpack
LOADED: checkpoints/eval_pools/mep_br/coord_ring/baseline_seed_3_step_220.msgpack
LOADED: checkpoints/eval_pools/mep_br/coord_ring/baseline_seed_4_step_220.msgpack
Using XP rollout scale: XP_PAIR_BATCH_SIZE=32, EVAL_NUM_EPISODES=128, EVAL_NUM_STEPS=400
XP ego[00] partner[00] = 278.281
XP ego[00] partner[01] = 286.250
XP ego[00] partner[02] = 270.000
XP ego[00] partner[03] = 211.875
XP ego[00] partner[04] = 265.781
XP ego[01] partner[00] = 221.562
XP ego[01] partner[01] = 255.469
XP ego[01] partner[02] = 244.844
XP ego[01] partner[03] = 183.750
XP ego[01] partner[04] = 249.375
XP ego[02] partner[00] = 257.656
XP ego[02] partner[01] = 292.031
XP ego[02] partner[02] = 289.688
XP ego[02] partner[03] = 204.844
XP ego[02] partner[04] = 275.156
XP ego[03] partner[00] = 241.094
XP ego[03] partner[01] = 255.625
XP ego[03] partner[02] = 274.844
XP ego[03] partner[03] = 273.906
XP ego[03] partner[04] = 265.000
XP ego[04] partner[00] = 231.875
XP ego[04] partner[01] = 274.062
XP ego[04] partner[02] = 265.312
XP ego[04] partner[03] = 278.906
XP ego[04] partner[04] = 210.156
Evaluating partner group 2: method=pbt, prefix=checkpoints/eval_pools/pbt
LOADED: checkpoints/eval_pools/pbt/coord_ring/baseline_seed_0_step_62.msgpack
LOADED: checkpoints/eval_pools/pbt/coord_ring/baseline_seed_1_step_62.msgpack
LOADED: checkpoints/eval_pools/pbt/coord_ring/baseline_seed_2_step_62.msgpack
LOADED: checkpoints/eval_pools/pbt/coord_ring/baseline_seed_3_step_62.msgpack
LOADED: checkpoints/eval_pools/pbt/coord_ring/baseline_seed_4_step_62.msgpack
Using XP rollout scale: XP_PAIR_BATCH_SIZE=32, EVAL_NUM_EPISODES=128, EVAL_NUM_STEPS=400
XP ego[00] partner[00] = 293.906
XP ego[00] partner[01] = 270.625
XP ego[00] partner[02] = 286.250
XP ego[00] partner[03] = 257.656
XP ego[00] partner[04] = 291.562
XP ego[01] partner[00] = 80.156
XP ego[01] partner[01] = 93.906
XP ego[01] partner[02] = 78.438
XP ego[01] partner[03] = 67.031
XP ego[01] partner[04] = 82.031
XP ego[02] partner[00] = 125.938
XP ego[02] partner[01] = 260.625
XP ego[02] partner[02] = 63.906
XP ego[02] partner[03] = 168.281
XP ego[02] partner[04] = 90.781
XP ego[03] partner[00] = 234.062
XP ego[03] partner[01] = 138.281
XP ego[03] partner[02] = 166.094
XP ego[03] partner[03] = 178.281
XP ego[03] partner[04] = 158.281
XP ego[04] partner[00] = 255.469
XP ego[04] partner[01] = 260.000
XP ego[04] partner[02] = 265.000
XP ego[04] partner[03] = 247.969
XP ego[04] partner[04] = 257.031
Evaluating partner group 3: method=sp, prefix=checkpoints/eval_pools/sp
LOADED: checkpoints/eval_pools/sp/coord_ring/baseline_seed_0_step_220.msgpack
LOADED: checkpoints/eval_pools/sp/coord_ring/baseline_seed_1_step_220.msgpack
LOADED: checkpoints/eval_pools/sp/coord_ring/baseline_seed_2_step_220.msgpack
LOADED: checkpoints/eval_pools/sp/coord_ring/baseline_seed_3_step_220.msgpack
LOADED: checkpoints/eval_pools/sp/coord_ring/baseline_seed_4_step_220.msgpack
Using XP rollout scale: XP_PAIR_BATCH_SIZE=32, EVAL_NUM_EPISODES=128, EVAL_NUM_STEPS=400
XP ego[00] partner[00] = 304.688
XP ego[00] partner[01] = 284.844
XP ego[00] partner[02] = 269.062
XP ego[00] partner[03] = 289.062
XP ego[00] partner[04] = 286.719
XP ego[01] partner[00] = 84.219
XP ego[01] partner[01] = 117.344
XP ego[01] partner[02] = 220.156
XP ego[01] partner[03] = 174.062
XP ego[01] partner[04] = 128.281
XP ego[02] partner[00] = 147.656
XP ego[02] partner[01] = 231.406
XP ego[02] partner[02] = 242.812
XP ego[02] partner[03] = 160.625
XP ego[02] partner[04] = 121.250
XP ego[03] partner[00] = 230.156
XP ego[03] partner[01] = 230.312
XP ego[03] partner[02] = 267.812
XP ego[03] partner[03] = 244.688
XP ego[03] partner[04] = 280.938
XP ego[04] partner[00] = 266.562
XP ego[04] partner[01] = 255.625
XP ego[04] partner[02] = 252.344
XP ego[04] partner[03] = 277.344
XP ego[04] partner[04] = 249.219
Average ego-vs-partner performance: 217.998 +- 7.233 SE over 100 ordered pairs
Average diagonal performance: 185.844 +- 38.371 SE over 5 pairs
Average off-diagonal performance (only for square pools): nan +- nan SE over 0 ordered pairs
Saved ad-hoc teamplay results to ad_hoc_teamplay_results/lmpredV204_ablate_ad_hoc_teamplay/coord_ring
Saved ad-hoc teamplay heatmap to ad_hoc_teamplay_results/lmpredV204_ablate_ad_hoc_teamplay/coord_ring/xp_matrix.png
Evaluating partner alignment group 0: method=e3t, prefix=checkpoints/eval_pools/e3t
LOADED: checkpoints/eval_pools/e3t/coord_ring/baseline_seed_0_step_220.msgpack
LOADED: checkpoints/eval_pools/e3t/coord_ring/baseline_seed_1_step_220.msgpack
LOADED: checkpoints/eval_pools/e3t/coord_ring/baseline_seed_2_step_220.msgpack
LOADED: checkpoints/eval_pools/e3t/coord_ring/baseline_seed_3_step_220.msgpack
LOADED: checkpoints/eval_pools/e3t/coord_ring/baseline_seed_4_step_220.msgpack
Using alignment rollout scale: ALIGN_PAIR_BATCH_SIZE=2, ALIGN_EVAL_NUM_EPISODES=128, ALIGN_EVAL_NUM_STEPS=400
ALIGN ego[00] partner[00] R2=0.910599 NMSE=0.089401 shuffled_R2=-0.025420
ALIGN ego[00] partner[01] R2=0.872266 NMSE=0.127734 shuffled_R2=-0.016021
ALIGN ego[00] partner[02] R2=0.671486 NMSE=0.328514 shuffled_R2=-0.073875
ALIGN ego[00] partner[03] R2=0.909481 NMSE=0.090519 shuffled_R2=-0.018545
ALIGN ego[00] partner[04] R2=0.891813 NMSE=0.108187 shuffled_R2=-0.016281
ALIGN ego[01] partner[00] R2=0.885085 NMSE=0.114915 shuffled_R2=-0.018171
ALIGN ego[01] partner[01] R2=0.931977 NMSE=0.068023 shuffled_R2=-0.013777
ALIGN ego[01] partner[02] R2=0.883476 NMSE=0.116524 shuffled_R2=-0.035550
ALIGN ego[01] partner[03] R2=0.906517 NMSE=0.093483 shuffled_R2=-0.014105
ALIGN ego[01] partner[04] R2=0.915268 NMSE=0.084732 shuffled_R2=-0.014039
ALIGN ego[02] partner[00] R2=0.811995 NMSE=0.188005 shuffled_R2=-0.043414
ALIGN ego[02] partner[01] R2=0.919053 NMSE=0.080947 shuffled_R2=-0.015755
ALIGN ego[02] partner[02] R2=0.899681 NMSE=0.100319 shuffled_R2=-0.022717
ALIGN ego[02] partner[03] R2=0.886334 NMSE=0.113666 shuffled_R2=-0.015612
ALIGN ego[02] partner[04] R2=0.797154 NMSE=0.202846 shuffled_R2=-0.022751
ALIGN ego[03] partner[00] R2=0.944179 NMSE=0.055821 shuffled_R2=-0.013591
ALIGN ego[03] partner[01] R2=0.932146 NMSE=0.067854 shuffled_R2=-0.015032
ALIGN ego[03] partner[02] R2=0.953611 NMSE=0.046389 shuffled_R2=-0.015745
ALIGN ego[03] partner[03] R2=0.928782 NMSE=0.071218 shuffled_R2=-0.015437
ALIGN ego[03] partner[04] R2=0.837291 NMSE=0.162709 shuffled_R2=-0.015693
ALIGN ego[04] partner[00] R2=0.652722 NMSE=0.347278 shuffled_R2=-0.096399
ALIGN ego[04] partner[01] R2=0.892061 NMSE=0.107939 shuffled_R2=-0.016786
ALIGN ego[04] partner[02] R2=0.600978 NMSE=0.399022 shuffled_R2=-0.114412
ALIGN ego[04] partner[03] R2=0.919868 NMSE=0.080132 shuffled_R2=-0.015692
ALIGN ego[04] partner[04] R2=0.734785 NMSE=0.265215 shuffled_R2=-0.040799
Evaluating partner alignment group 1: method=mep_br, prefix=checkpoints/eval_pools/mep_br
LOADED: checkpoints/eval_pools/mep_br/coord_ring/baseline_seed_0_step_220.msgpack
LOADED: checkpoints/eval_pools/mep_br/coord_ring/baseline_seed_1_step_220.msgpack
LOADED: checkpoints/eval_pools/mep_br/coord_ring/baseline_seed_2_step_220.msgpack
LOADED: checkpoints/eval_pools/mep_br/coord_ring/baseline_seed_3_step_220.msgpack
LOADED: checkpoints/eval_pools/mep_br/coord_ring/baseline_seed_4_step_220.msgpack
Using alignment rollout scale: ALIGN_PAIR_BATCH_SIZE=2, ALIGN_EVAL_NUM_EPISODES=128, ALIGN_EVAL_NUM_STEPS=400
ALIGN ego[00] partner[00] R2=0.911565 NMSE=0.088435 shuffled_R2=-0.015709
ALIGN ego[00] partner[01] R2=0.910794 NMSE=0.089206 shuffled_R2=-0.017921
ALIGN ego[00] partner[02] R2=0.890352 NMSE=0.109648 shuffled_R2=-0.021434
ALIGN ego[00] partner[03] R2=0.909048 NMSE=0.090952 shuffled_R2=-0.022844
ALIGN ego[00] partner[04] R2=0.944891 NMSE=0.055109 shuffled_R2=-0.015324
ALIGN ego[01] partner[00] R2=0.767907 NMSE=0.232093 shuffled_R2=-0.023350
ALIGN ego[01] partner[01] R2=0.886092 NMSE=0.113908 shuffled_R2=-0.015327
ALIGN ego[01] partner[02] R2=0.856993 NMSE=0.143007 shuffled_R2=-0.013398
ALIGN ego[01] partner[03] R2=0.724732 NMSE=0.275268 shuffled_R2=-0.061886
ALIGN ego[01] partner[04] R2=0.857826 NMSE=0.142174 shuffled_R2=-0.019813
ALIGN ego[02] partner[00] R2=0.850172 NMSE=0.149828 shuffled_R2=-0.021537
ALIGN ego[02] partner[01] R2=0.919440 NMSE=0.080560 shuffled_R2=-0.019058
ALIGN ego[02] partner[02] R2=0.865348 NMSE=0.134652 shuffled_R2=-0.019029
ALIGN ego[02] partner[03] R2=0.892743 NMSE=0.107257 shuffled_R2=-0.026959
ALIGN ego[02] partner[04] R2=0.866316 NMSE=0.133684 shuffled_R2=-0.018786
ALIGN ego[03] partner[00] R2=0.904294 NMSE=0.095706 shuffled_R2=-0.015306
ALIGN ego[03] partner[01] R2=0.882903 NMSE=0.117097 shuffled_R2=-0.023273
ALIGN ego[03] partner[02] R2=0.822513 NMSE=0.177487 shuffled_R2=-0.027923
ALIGN ego[03] partner[03] R2=0.935484 NMSE=0.064516 shuffled_R2=-0.015784
ALIGN ego[03] partner[04] R2=0.917874 NMSE=0.082126 shuffled_R2=-0.021111
ALIGN ego[04] partner[00] R2=0.770590 NMSE=0.229410 shuffled_R2=-0.052180
ALIGN ego[04] partner[01] R2=0.911615 NMSE=0.088385 shuffled_R2=-0.018475
ALIGN ego[04] partner[02] R2=0.781964 NMSE=0.218036 shuffled_R2=-0.052592
ALIGN ego[04] partner[03] R2=0.903899 NMSE=0.096101 shuffled_R2=-0.025523
ALIGN ego[04] partner[04] R2=0.854755 NMSE=0.145245 shuffled_R2=-0.023183
Evaluating partner alignment group 2: method=pbt, prefix=checkpoints/eval_pools/pbt
LOADED: checkpoints/eval_pools/pbt/coord_ring/baseline_seed_0_step_62.msgpack
LOADED: checkpoints/eval_pools/pbt/coord_ring/baseline_seed_1_step_62.msgpack
LOADED: checkpoints/eval_pools/pbt/coord_ring/baseline_seed_2_step_62.msgpack
LOADED: checkpoints/eval_pools/pbt/coord_ring/baseline_seed_3_step_62.msgpack
LOADED: checkpoints/eval_pools/pbt/coord_ring/baseline_seed_4_step_62.msgpack
Using alignment rollout scale: ALIGN_PAIR_BATCH_SIZE=2, ALIGN_EVAL_NUM_EPISODES=128, ALIGN_EVAL_NUM_STEPS=400
ALIGN ego[00] partner[00] R2=0.834132 NMSE=0.165868 shuffled_R2=-0.015702
ALIGN ego[00] partner[01] R2=0.843691 NMSE=0.156309 shuffled_R2=-0.015335
ALIGN ego[00] partner[02] R2=0.807111 NMSE=0.192889 shuffled_R2=-0.016180
ALIGN ego[00] partner[03] R2=0.841755 NMSE=0.158245 shuffled_R2=-0.016679
ALIGN ego[00] partner[04] R2=0.760352 NMSE=0.239648 shuffled_R2=-0.016792
ALIGN ego[01] partner[00] R2=0.786829 NMSE=0.213171 shuffled_R2=-0.030579
ALIGN ego[01] partner[01] R2=0.581824 NMSE=0.418176 shuffled_R2=-0.031730
ALIGN ego[01] partner[02] R2=0.712279 NMSE=0.287721 shuffled_R2=-0.024759
ALIGN ego[01] partner[03] R2=0.644113 NMSE=0.355887 shuffled_R2=-0.093028
ALIGN ego[01] partner[04] R2=0.788602 NMSE=0.211398 shuffled_R2=-0.023359
ALIGN ego[02] partner[00] R2=0.786461 NMSE=0.213539 shuffled_R2=-0.020303
ALIGN ego[02] partner[01] R2=0.782224 NMSE=0.217776 shuffled_R2=-0.017119
ALIGN ego[02] partner[02] R2=0.794590 NMSE=0.205410 shuffled_R2=-0.015243
ALIGN ego[02] partner[03] R2=0.787187 NMSE=0.212813 shuffled_R2=-0.020228
ALIGN ego[02] partner[04] R2=0.767028 NMSE=0.232972 shuffled_R2=-0.016617
ALIGN ego[03] partner[00] R2=0.837717 NMSE=0.162283 shuffled_R2=-0.014726
ALIGN ego[03] partner[01] R2=0.663437 NMSE=0.336563 shuffled_R2=-0.045597
ALIGN ego[03] partner[02] R2=0.786801 NMSE=0.213199 shuffled_R2=-0.020671
ALIGN ego[03] partner[03] R2=0.681928 NMSE=0.318072 shuffled_R2=-0.029256
ALIGN ego[03] partner[04] R2=0.674308 NMSE=0.325692 shuffled_R2=-0.029424
ALIGN ego[04] partner[00] R2=0.875674 NMSE=0.124326 shuffled_R2=-0.016111
ALIGN ego[04] partner[01] R2=0.462087 NMSE=0.537913 shuffled_R2=-0.037574
ALIGN ego[04] partner[02] R2=0.786711 NMSE=0.213289 shuffled_R2=-0.021288
ALIGN ego[04] partner[03] R2=0.835757 NMSE=0.164243 shuffled_R2=-0.015562
ALIGN ego[04] partner[04] R2=0.815711 NMSE=0.184289 shuffled_R2=-0.014576
Evaluating partner alignment group 3: method=sp, prefix=checkpoints/eval_pools/sp
LOADED: checkpoints/eval_pools/sp/coord_ring/baseline_seed_0_step_220.msgpack
LOADED: checkpoints/eval_pools/sp/coord_ring/baseline_seed_1_step_220.msgpack
LOADED: checkpoints/eval_pools/sp/coord_ring/baseline_seed_2_step_220.msgpack
LOADED: checkpoints/eval_pools/sp/coord_ring/baseline_seed_3_step_220.msgpack
LOADED: checkpoints/eval_pools/sp/coord_ring/baseline_seed_4_step_220.msgpack
Using alignment rollout scale: ALIGN_PAIR_BATCH_SIZE=2, ALIGN_EVAL_NUM_EPISODES=128, ALIGN_EVAL_NUM_STEPS=400
ALIGN ego[00] partner[00] R2=0.847984 NMSE=0.152016 shuffled_R2=-0.019810
ALIGN ego[00] partner[01] R2=0.859412 NMSE=0.140588 shuffled_R2=-0.023286
ALIGN ego[00] partner[02] R2=0.885247 NMSE=0.114753 shuffled_R2=-0.018065
ALIGN ego[00] partner[03] R2=0.877933 NMSE=0.122067 shuffled_R2=-0.020901
ALIGN ego[00] partner[04] R2=0.902002 NMSE=0.097998 shuffled_R2=-0.028387
ALIGN ego[01] partner[00] R2=0.837938 NMSE=0.162062 shuffled_R2=-0.022974
ALIGN ego[01] partner[01] R2=0.888321 NMSE=0.111679 shuffled_R2=-0.016067
ALIGN ego[01] partner[02] R2=0.838391 NMSE=0.161609 shuffled_R2=-0.019275
ALIGN ego[01] partner[03] R2=0.881344 NMSE=0.118656 shuffled_R2=-0.020987
ALIGN ego[01] partner[04] R2=0.916889 NMSE=0.083111 shuffled_R2=-0.014487
ALIGN ego[02] partner[00] R2=0.865601 NMSE=0.134399 shuffled_R2=-0.017787
ALIGN ego[02] partner[01] R2=0.885223 NMSE=0.114777 shuffled_R2=-0.019515
ALIGN ego[02] partner[02] R2=0.875019 NMSE=0.124981 shuffled_R2=-0.017231
ALIGN ego[02] partner[03] R2=0.888425 NMSE=0.111575 shuffled_R2=-0.024680
ALIGN ego[02] partner[04] R2=0.920184 NMSE=0.079816 shuffled_R2=-0.017281
ALIGN ego[03] partner[00] R2=0.888294 NMSE=0.111706 shuffled_R2=-0.016121
ALIGN ego[03] partner[01] R2=0.916966 NMSE=0.083034 shuffled_R2=-0.014799
ALIGN ego[03] partner[02] R2=0.891192 NMSE=0.108808 shuffled_R2=-0.015081
ALIGN ego[03] partner[03] R2=0.839219 NMSE=0.160781 shuffled_R2=-0.029893
ALIGN ego[03] partner[04] R2=0.936138 NMSE=0.063862 shuffled_R2=-0.016811
ALIGN ego[04] partner[00] R2=0.903612 NMSE=0.096388 shuffled_R2=-0.015261
ALIGN ego[04] partner[01] R2=0.835477 NMSE=0.164523 shuffled_R2=-0.026588
ALIGN ego[04] partner[02] R2=0.884797 NMSE=0.115203 shuffled_R2=-0.015093
ALIGN ego[04] partner[03] R2=0.889716 NMSE=0.110284 shuffled_R2=-0.013774
ALIGN ego[04] partner[04] R2=0.934582 NMSE=0.065418 shuffled_R2=-0.016370
Average ego-to-partner alignment R2: 0.842569 +- 0.008892 SE over 100 ego-partner pairs
Average alignment normalized MSE: 0.157431 +- 0.008892 SE
Average shuffled-control alignment R2: -0.024323 +- 0.001713 SE
Saved alignment results to ad_hoc_teamplay_results/lmpredV204_ablate_ad_hoc_teamplay/coord_ring
Evaluating ad-hoc teamplay for ego_method=lmpredV204_ablate, layout=asymm_advantages
ego_prefix=checkpoints/lmpredV204_ablate/, partner_pool_specs=e3t:checkpoints/eval_pools/e3t;mep_br:checkpoints/eval_pools/mep_br;pbt:checkpoints/eval_pools/pbt;sp:checkpoints/eval_pools/sp, result_name=lmpredV204_ablate_ad_hoc_teamplay, ego_perspective_transform=false
Cannot find primary config 'asymm_advantages'. Check that it's in your config search path.

Config search path:
	provider=hydra, path=pkg://hydra.conf
	provider=main, path=file:///net/scratch/n70579mp/tom/JaxMARL/baselines/overcookedv2/config/oc_extended/mep_br
	provider=schema, path=structured://

Set the environment variable HYDRA_FULL_ERROR=1 for a complete stack trace.
Importing submoduled environments...
Submoduled environments not found. Skipping import.
Evaluating ad-hoc teamplay for ego_method=lmpredV204_ablate, layout=forced_coord
ego_prefix=checkpoints/lmpredV204_ablate/, partner_pool_specs=e3t:checkpoints/eval_pools/e3t;mep_br:checkpoints/eval_pools/mep_br;pbt:checkpoints/eval_pools/pbt;sp:checkpoints/eval_pools/sp, result_name=lmpredV204_ablate_ad_hoc_teamplay, ego_perspective_transform=false
Cannot find primary config 'forced_coord'. Check that it's in your config search path.

Config search path:
	provider=hydra, path=pkg://hydra.conf
	provider=main, path=file:///net/scratch/n70579mp/tom/JaxMARL/baselines/overcookedv2/config/oc_extended/mep_br
	provider=schema, path=structured://

Set the environment variable HYDRA_FULL_ERROR=1 for a complete stack trace.
Importing submoduled environments...
Submoduled environments not found. Skipping import.
Evaluating ad-hoc teamplay for ego_method=lmpredV2005_gamma0, layout=cramped_room5x5
ego_prefix=checkpoints/lmpredV2005_gamma0/, partner_pool_specs=e3t:checkpoints/eval_pools/e3t;mep_br:checkpoints/eval_pools/mep_br;pbt:checkpoints/eval_pools/pbt;sp:checkpoints/eval_pools/sp, result_name=lmpredV2005_gamma0_ad_hoc_teamplay, ego_perspective_transform=true
Importing submoduled environments...
Submoduled environments not found. Skipping import.
2026-07-05 17:14:25.176338: W external/xla/xla/service/gpu/autotuning/dot_search_space.cc:200] All configs were filtered out because none of them sufficiently match the hints. Maybe the hints set does not contain a good representative set of valid configs?Working around this by using the full hints set instead.
2026-07-05 17:14:26.179334: W external/xla/xla/service/gpu/autotuning/dot_search_space.cc:200] All configs were filtered out because none of them sufficiently match the hints. Maybe the hints set does not contain a good representative set of valid configs?Working around this by using the full hints set instead.
LOADED: checkpoints/lmpredV2005_gamma0/cramped_room5x5/baseline_seed_0_step_220.msgpack
LOADED: checkpoints/lmpredV2005_gamma0/cramped_room5x5/baseline_seed_1_step_220.msgpack
LOADED: checkpoints/lmpredV2005_gamma0/cramped_room5x5/baseline_seed_2_step_220.msgpack
LOADED: checkpoints/lmpredV2005_gamma0/cramped_room5x5/baseline_seed_3_step_220.msgpack
LOADED: checkpoints/lmpredV2005_gamma0/cramped_room5x5/baseline_seed_4_step_220.msgpack
Evaluating partner group 0: method=e3t, prefix=checkpoints/eval_pools/e3t
LOADED: checkpoints/eval_pools/e3t/cramped_room5x5/baseline_seed_0_step_220.msgpack
LOADED: checkpoints/eval_pools/e3t/cramped_room5x5/baseline_seed_1_step_220.msgpack
LOADED: checkpoints/eval_pools/e3t/cramped_room5x5/baseline_seed_2_step_220.msgpack
LOADED: checkpoints/eval_pools/e3t/cramped_room5x5/baseline_seed_3_step_220.msgpack
LOADED: checkpoints/eval_pools/e3t/cramped_room5x5/baseline_seed_4_step_220.msgpack
Using XP rollout scale: XP_PAIR_BATCH_SIZE=32, EVAL_NUM_EPISODES=128, EVAL_NUM_STEPS=400
XP ego[00] partner[00] = 204.062
XP ego[00] partner[01] = 220.312
XP ego[00] partner[02] = 234.531
XP ego[00] partner[03] = 226.562
XP ego[00] partner[04] = 212.656
XP ego[01] partner[00] = 230.156
XP ego[01] partner[01] = 193.125
XP ego[01] partner[02] = 238.594
XP ego[01] partner[03] = 201.719
XP ego[01] partner[04] = 169.531
XP ego[02] partner[00] = 232.969
XP ego[02] partner[01] = 190.469
XP ego[02] partner[02] = 228.750
XP ego[02] partner[03] = 148.906
XP ego[02] partner[04] = 226.250
XP ego[03] partner[00] = 224.062
XP ego[03] partner[01] = 225.000
XP ego[03] partner[02] = 232.344
XP ego[03] partner[03] = 216.719
XP ego[03] partner[04] = 231.562
XP ego[04] partner[00] = 133.125
XP ego[04] partner[01] = 232.344
XP ego[04] partner[02] = 167.969
XP ego[04] partner[03] = 154.375
XP ego[04] partner[04] = 179.375
Evaluating partner group 1: method=mep_br, prefix=checkpoints/eval_pools/mep_br
LOADED: checkpoints/eval_pools/mep_br/cramped_room5x5/baseline_seed_0_step_220.msgpack
LOADED: checkpoints/eval_pools/mep_br/cramped_room5x5/baseline_seed_1_step_220.msgpack
LOADED: checkpoints/eval_pools/mep_br/cramped_room5x5/baseline_seed_2_step_220.msgpack
LOADED: checkpoints/eval_pools/mep_br/cramped_room5x5/baseline_seed_3_step_220.msgpack
LOADED: checkpoints/eval_pools/mep_br/cramped_room5x5/baseline_seed_4_step_220.msgpack
Using XP rollout scale: XP_PAIR_BATCH_SIZE=32, EVAL_NUM_EPISODES=128, EVAL_NUM_STEPS=400
XP ego[00] partner[00] = 208.594
XP ego[00] partner[01] = 219.688
XP ego[00] partner[02] = 174.844
XP ego[00] partner[03] = 225.781
XP ego[00] partner[04] = 201.562
XP ego[01] partner[00] = 175.625
XP ego[01] partner[01] = 212.500
XP ego[01] partner[02] = 211.094
XP ego[01] partner[03] = 228.594
XP ego[01] partner[04] = 220.000
XP ego[02] partner[00] = 210.156
XP ego[02] partner[01] = 209.688
XP ego[02] partner[02] = 195.156
XP ego[02] partner[03] = 212.031
XP ego[02] partner[04] = 141.406
XP ego[03] partner[00] = 106.875
XP ego[03] partner[01] = 236.250
XP ego[03] partner[02] = 160.781
XP ego[03] partner[03] = 233.906
XP ego[03] partner[04] = 195.625
XP ego[04] partner[00] = 205.625
XP ego[04] partner[01] = 206.719
XP ego[04] partner[02] = 186.875
XP ego[04] partner[03] = 142.812
XP ego[04] partner[04] = 231.094
Evaluating partner group 2: method=pbt, prefix=checkpoints/eval_pools/pbt
LOADED: checkpoints/eval_pools/pbt/cramped_room5x5/baseline_seed_0_step_62.msgpack
LOADED: checkpoints/eval_pools/pbt/cramped_room5x5/baseline_seed_1_step_62.msgpack
LOADED: checkpoints/eval_pools/pbt/cramped_room5x5/baseline_seed_2_step_62.msgpack
LOADED: checkpoints/eval_pools/pbt/cramped_room5x5/baseline_seed_3_step_62.msgpack
LOADED: checkpoints/eval_pools/pbt/cramped_room5x5/baseline_seed_4_step_62.msgpack
Using XP rollout scale: XP_PAIR_BATCH_SIZE=32, EVAL_NUM_EPISODES=128, EVAL_NUM_STEPS=400
XP ego[00] partner[00] = 187.188
XP ego[00] partner[01] = 211.406
XP ego[00] partner[02] = 193.125
XP ego[00] partner[03] = 232.344
XP ego[00] partner[04] = 223.594
XP ego[01] partner[00] = 204.375
XP ego[01] partner[01] = 191.094
XP ego[01] partner[02] = 211.719
XP ego[01] partner[03] = 213.750
XP ego[01] partner[04] = 188.281
XP ego[02] partner[00] = 173.125
XP ego[02] partner[01] = 188.906
XP ego[02] partner[02] = 182.031
XP ego[02] partner[03] = 203.281
XP ego[02] partner[04] = 174.062
XP ego[03] partner[00] = 40.781
XP ego[03] partner[01] = 48.125
XP ego[03] partner[02] = 30.469
XP ego[03] partner[03] = 34.219
XP ego[03] partner[04] = 47.656
XP ego[04] partner[00] = 150.781
XP ego[04] partner[01] = 118.750
XP ego[04] partner[02] = 139.219
XP ego[04] partner[03] = 164.219
XP ego[04] partner[04] = 146.094
Evaluating partner group 3: method=sp, prefix=checkpoints/eval_pools/sp
LOADED: checkpoints/eval_pools/sp/cramped_room5x5/baseline_seed_0_step_220.msgpack
LOADED: checkpoints/eval_pools/sp/cramped_room5x5/baseline_seed_1_step_220.msgpack
LOADED: checkpoints/eval_pools/sp/cramped_room5x5/baseline_seed_2_step_220.msgpack
LOADED: checkpoints/eval_pools/sp/cramped_room5x5/baseline_seed_3_step_220.msgpack
LOADED: checkpoints/eval_pools/sp/cramped_room5x5/baseline_seed_4_step_220.msgpack
Using XP rollout scale: XP_PAIR_BATCH_SIZE=32, EVAL_NUM_EPISODES=128, EVAL_NUM_STEPS=400
XP ego[00] partner[00] = 212.969
XP ego[00] partner[01] = 187.812
XP ego[00] partner[02] = 196.562
XP ego[00] partner[03] = 210.781
XP ego[00] partner[04] = 197.812
XP ego[01] partner[00] = 219.219
XP ego[01] partner[01] = 190.156
XP ego[01] partner[02] = 184.531
XP ego[01] partner[03] = 226.250
XP ego[01] partner[04] = 215.312
XP ego[02] partner[00] = 208.281
XP ego[02] partner[01] = 188.281
XP ego[02] partner[02] = 217.031
XP ego[02] partner[03] = 214.062
XP ego[02] partner[04] = 162.969
XP ego[03] partner[00] = 217.344
XP ego[03] partner[01] = 178.906
XP ego[03] partner[02] = 227.812
XP ego[03] partner[03] = 243.281
XP ego[03] partner[04] = 229.062
XP ego[04] partner[00] = 201.406
XP ego[04] partner[01] = 176.562
XP ego[04] partner[02] = 180.781
XP ego[04] partner[03] = 224.062
XP ego[04] partner[04] = 165.000
Average ego-vs-partner performance: 190.836 +- 4.499 SE over 100 ordered pairs
Average diagonal performance: 204.406 +- 8.655 SE over 5 pairs
Average off-diagonal performance (only for square pools): nan +- nan SE over 0 ordered pairs
Saved ad-hoc teamplay results to ad_hoc_teamplay_results/lmpredV2005_gamma0_ad_hoc_teamplay/cramped_room5x5
Saved ad-hoc teamplay heatmap to ad_hoc_teamplay_results/lmpredV2005_gamma0_ad_hoc_teamplay/cramped_room5x5/xp_matrix.png
Evaluating partner alignment group 0: method=e3t, prefix=checkpoints/eval_pools/e3t
LOADED: checkpoints/eval_pools/e3t/cramped_room5x5/baseline_seed_0_step_220.msgpack
LOADED: checkpoints/eval_pools/e3t/cramped_room5x5/baseline_seed_1_step_220.msgpack
LOADED: checkpoints/eval_pools/e3t/cramped_room5x5/baseline_seed_2_step_220.msgpack
LOADED: checkpoints/eval_pools/e3t/cramped_room5x5/baseline_seed_3_step_220.msgpack
LOADED: checkpoints/eval_pools/e3t/cramped_room5x5/baseline_seed_4_step_220.msgpack
Using alignment rollout scale: ALIGN_PAIR_BATCH_SIZE=2, ALIGN_EVAL_NUM_EPISODES=128, ALIGN_EVAL_NUM_STEPS=400
ALIGN ego[00] partner[00] R2=0.926667 NMSE=0.073333 shuffled_R2=-0.021688
ALIGN ego[00] partner[01] R2=0.961290 NMSE=0.038710 shuffled_R2=-0.015774
ALIGN ego[00] partner[02] R2=0.960003 NMSE=0.039997 shuffled_R2=-0.016681
ALIGN ego[00] partner[03] R2=0.894640 NMSE=0.105360 shuffled_R2=-0.039849
ALIGN ego[00] partner[04] R2=0.961248 NMSE=0.038752 shuffled_R2=-0.015190
ALIGN ego[01] partner[00] R2=0.906608 NMSE=0.093392 shuffled_R2=-0.035878
ALIGN ego[01] partner[01] R2=0.925135 NMSE=0.074865 shuffled_R2=-0.026494
ALIGN ego[01] partner[02] R2=0.960012 NMSE=0.039988 shuffled_R2=-0.017979
ALIGN ego[01] partner[03] R2=0.833480 NMSE=0.166520 shuffled_R2=-0.061824
ALIGN ego[01] partner[04] R2=0.958319 NMSE=0.041681 shuffled_R2=-0.016739
ALIGN ego[02] partner[00] R2=0.923070 NMSE=0.076930 shuffled_R2=-0.019120
ALIGN ego[02] partner[01] R2=0.958022 NMSE=0.041978 shuffled_R2=-0.017711
ALIGN ego[02] partner[02] R2=0.956371 NMSE=0.043629 shuffled_R2=-0.020495
ALIGN ego[02] partner[03] R2=0.919076 NMSE=0.080924 shuffled_R2=-0.025471
ALIGN ego[02] partner[04] R2=0.958948 NMSE=0.041052 shuffled_R2=-0.016215
ALIGN ego[03] partner[00] R2=0.943626 NMSE=0.056374 shuffled_R2=-0.018232
ALIGN ego[03] partner[01] R2=0.922253 NMSE=0.077747 shuffled_R2=-0.050024
ALIGN ego[03] partner[02] R2=0.946194 NMSE=0.053806 shuffled_R2=-0.021054
ALIGN ego[03] partner[03] R2=0.944480 NMSE=0.055520 shuffled_R2=-0.018577
ALIGN ego[03] partner[04] R2=0.955565 NMSE=0.044435 shuffled_R2=-0.020229
ALIGN ego[04] partner[00] R2=0.888921 NMSE=0.111079 shuffled_R2=-0.029355
ALIGN ego[04] partner[01] R2=0.918571 NMSE=0.081429 shuffled_R2=-0.020443
ALIGN ego[04] partner[02] R2=0.959417 NMSE=0.040583 shuffled_R2=-0.018403
ALIGN ego[04] partner[03] R2=0.960363 NMSE=0.039637 shuffled_R2=-0.016541
ALIGN ego[04] partner[04] R2=0.912744 NMSE=0.087256 shuffled_R2=-0.026828
Evaluating partner alignment group 1: method=mep_br, prefix=checkpoints/eval_pools/mep_br
LOADED: checkpoints/eval_pools/mep_br/cramped_room5x5/baseline_seed_0_step_220.msgpack
LOADED: checkpoints/eval_pools/mep_br/cramped_room5x5/baseline_seed_1_step_220.msgpack
LOADED: checkpoints/eval_pools/mep_br/cramped_room5x5/baseline_seed_2_step_220.msgpack
LOADED: checkpoints/eval_pools/mep_br/cramped_room5x5/baseline_seed_3_step_220.msgpack
LOADED: checkpoints/eval_pools/mep_br/cramped_room5x5/baseline_seed_4_step_220.msgpack
Using alignment rollout scale: ALIGN_PAIR_BATCH_SIZE=2, ALIGN_EVAL_NUM_EPISODES=128, ALIGN_EVAL_NUM_STEPS=400
ALIGN ego[00] partner[00] R2=0.888180 NMSE=0.111820 shuffled_R2=-0.023876
ALIGN ego[00] partner[01] R2=0.941802 NMSE=0.058198 shuffled_R2=-0.018606
ALIGN ego[00] partner[02] R2=0.939494 NMSE=0.060506 shuffled_R2=-0.019633
ALIGN ego[00] partner[03] R2=0.940210 NMSE=0.059790 shuffled_R2=-0.017218
ALIGN ego[00] partner[04] R2=0.960990 NMSE=0.039010 shuffled_R2=-0.017481
ALIGN ego[01] partner[00] R2=0.877647 NMSE=0.122353 shuffled_R2=-0.027772
ALIGN ego[01] partner[01] R2=0.884913 NMSE=0.115087 shuffled_R2=-0.033173
ALIGN ego[01] partner[02] R2=0.936855 NMSE=0.063145 shuffled_R2=-0.014505
ALIGN ego[01] partner[03] R2=0.943751 NMSE=0.056249 shuffled_R2=-0.021921
ALIGN ego[01] partner[04] R2=0.959453 NMSE=0.040547 shuffled_R2=-0.017506
ALIGN ego[02] partner[00] R2=0.942052 NMSE=0.057948 shuffled_R2=-0.017584
ALIGN ego[02] partner[01] R2=0.966063 NMSE=0.033937 shuffled_R2=-0.013895
ALIGN ego[02] partner[02] R2=0.877536 NMSE=0.122464 shuffled_R2=-0.037457
ALIGN ego[02] partner[03] R2=0.951848 NMSE=0.048152 shuffled_R2=-0.016494
ALIGN ego[02] partner[04] R2=0.959058 NMSE=0.040942 shuffled_R2=-0.017744
ALIGN ego[03] partner[00] R2=0.844848 NMSE=0.155152 shuffled_R2=-0.032400
ALIGN ego[03] partner[01] R2=0.951627 NMSE=0.048373 shuffled_R2=-0.017434
ALIGN ego[03] partner[02] R2=0.895031 NMSE=0.104969 shuffled_R2=-0.025891
ALIGN ego[03] partner[03] R2=0.957929 NMSE=0.042071 shuffled_R2=-0.014570
ALIGN ego[03] partner[04] R2=0.949979 NMSE=0.050021 shuffled_R2=-0.017060
ALIGN ego[04] partner[00] R2=0.854963 NMSE=0.145037 shuffled_R2=-0.036181
ALIGN ego[04] partner[01] R2=0.940954 NMSE=0.059046 shuffled_R2=-0.016845
ALIGN ego[04] partner[02] R2=0.934367 NMSE=0.065633 shuffled_R2=-0.014517
ALIGN ego[04] partner[03] R2=0.955470 NMSE=0.044530 shuffled_R2=-0.016569
ALIGN ego[04] partner[04] R2=0.946848 NMSE=0.053152 shuffled_R2=-0.015738
Evaluating partner alignment group 2: method=pbt, prefix=checkpoints/eval_pools/pbt
LOADED: checkpoints/eval_pools/pbt/cramped_room5x5/baseline_seed_0_step_62.msgpack
LOADED: checkpoints/eval_pools/pbt/cramped_room5x5/baseline_seed_1_step_62.msgpack
LOADED: checkpoints/eval_pools/pbt/cramped_room5x5/baseline_seed_2_step_62.msgpack
LOADED: checkpoints/eval_pools/pbt/cramped_room5x5/baseline_seed_3_step_62.msgpack
LOADED: checkpoints/eval_pools/pbt/cramped_room5x5/baseline_seed_4_step_62.msgpack
Using alignment rollout scale: ALIGN_PAIR_BATCH_SIZE=2, ALIGN_EVAL_NUM_EPISODES=128, ALIGN_EVAL_NUM_STEPS=400
ALIGN ego[00] partner[00] R2=0.871779 NMSE=0.128221 shuffled_R2=-0.015403
ALIGN ego[00] partner[01] R2=0.875095 NMSE=0.124905 shuffled_R2=-0.015667
ALIGN ego[00] partner[02] R2=0.871912 NMSE=0.128088 shuffled_R2=-0.022055
ALIGN ego[00] partner[03] R2=0.886638 NMSE=0.113362 shuffled_R2=-0.014328
ALIGN ego[00] partner[04] R2=0.863126 NMSE=0.136874 shuffled_R2=-0.019287
ALIGN ego[01] partner[00] R2=0.887274 NMSE=0.112726 shuffled_R2=-0.018320
ALIGN ego[01] partner[01] R2=0.900247 NMSE=0.099753 shuffled_R2=-0.015231
ALIGN ego[01] partner[02] R2=0.862931 NMSE=0.137069 shuffled_R2=-0.020817
ALIGN ego[01] partner[03] R2=0.871615 NMSE=0.128385 shuffled_R2=-0.016512
ALIGN ego[01] partner[04] R2=0.884436 NMSE=0.115564 shuffled_R2=-0.018656
ALIGN ego[02] partner[00] R2=0.879182 NMSE=0.120818 shuffled_R2=-0.016895
ALIGN ego[02] partner[01] R2=0.704530 NMSE=0.295470 shuffled_R2=-0.057146
ALIGN ego[02] partner[02] R2=0.856249 NMSE=0.143751 shuffled_R2=-0.014905
ALIGN ego[02] partner[03] R2=0.871303 NMSE=0.128697 shuffled_R2=-0.016069
ALIGN ego[02] partner[04] R2=0.880064 NMSE=0.119936 shuffled_R2=-0.017576
ALIGN ego[03] partner[00] R2=0.858421 NMSE=0.141579 shuffled_R2=-0.021841
ALIGN ego[03] partner[01] R2=0.736078 NMSE=0.263922 shuffled_R2=-0.057372
ALIGN ego[03] partner[02] R2=0.885223 NMSE=0.114777 shuffled_R2=-0.018058
ALIGN ego[03] partner[03] R2=0.723768 NMSE=0.276232 shuffled_R2=-0.117826
ALIGN ego[03] partner[04] R2=0.796239 NMSE=0.203761 shuffled_R2=-0.036480
ALIGN ego[04] partner[00] R2=0.900409 NMSE=0.099591 shuffled_R2=-0.017474
ALIGN ego[04] partner[01] R2=0.725328 NMSE=0.274672 shuffled_R2=-0.042984
ALIGN ego[04] partner[02] R2=0.874751 NMSE=0.125249 shuffled_R2=-0.018021
ALIGN ego[04] partner[03] R2=0.737647 NMSE=0.262353 shuffled_R2=-0.067590
ALIGN ego[04] partner[04] R2=0.892167 NMSE=0.107833 shuffled_R2=-0.012036
Evaluating partner alignment group 3: method=sp, prefix=checkpoints/eval_pools/sp
LOADED: checkpoints/eval_pools/sp/cramped_room5x5/baseline_seed_0_step_220.msgpack
LOADED: checkpoints/eval_pools/sp/cramped_room5x5/baseline_seed_1_step_220.msgpack
LOADED: checkpoints/eval_pools/sp/cramped_room5x5/baseline_seed_2_step_220.msgpack
LOADED: checkpoints/eval_pools/sp/cramped_room5x5/baseline_seed_3_step_220.msgpack
LOADED: checkpoints/eval_pools/sp/cramped_room5x5/baseline_seed_4_step_220.msgpack
Using alignment rollout scale: ALIGN_PAIR_BATCH_SIZE=2, ALIGN_EVAL_NUM_EPISODES=128, ALIGN_EVAL_NUM_STEPS=400
ALIGN ego[00] partner[00] R2=0.917343 NMSE=0.082657 shuffled_R2=-0.024094
ALIGN ego[00] partner[01] R2=0.947955 NMSE=0.052045 shuffled_R2=-0.020215
ALIGN ego[00] partner[02] R2=0.957948 NMSE=0.042052 shuffled_R2=-0.016770
ALIGN ego[00] partner[03] R2=0.931625 NMSE=0.068375 shuffled_R2=-0.020472
ALIGN ego[00] partner[04] R2=0.947397 NMSE=0.052603 shuffled_R2=-0.022137
ALIGN ego[01] partner[00] R2=0.954286 NMSE=0.045714 shuffled_R2=-0.015564
ALIGN ego[01] partner[01] R2=0.966613 NMSE=0.033387 shuffled_R2=-0.013835
ALIGN ego[01] partner[02] R2=0.955914 NMSE=0.044086 shuffled_R2=-0.018824
ALIGN ego[01] partner[03] R2=0.913159 NMSE=0.086841 shuffled_R2=-0.034181
ALIGN ego[01] partner[04] R2=0.967732 NMSE=0.032268 shuffled_R2=-0.012962
ALIGN ego[02] partner[00] R2=0.942988 NMSE=0.057012 shuffled_R2=-0.018214
ALIGN ego[02] partner[01] R2=0.937473 NMSE=0.062527 shuffled_R2=-0.020495
ALIGN ego[02] partner[02] R2=0.848394 NMSE=0.151606 shuffled_R2=-0.047035
ALIGN ego[02] partner[03] R2=0.950785 NMSE=0.049215 shuffled_R2=-0.016627
ALIGN ego[02] partner[04] R2=0.953416 NMSE=0.046584 shuffled_R2=-0.016140
ALIGN ego[03] partner[00] R2=0.886516 NMSE=0.113484 shuffled_R2=-0.029637
ALIGN ego[03] partner[01] R2=0.959304 NMSE=0.040696 shuffled_R2=-0.017343
ALIGN ego[03] partner[02] R2=0.951137 NMSE=0.048863 shuffled_R2=-0.018322
ALIGN ego[03] partner[03] R2=0.954339 NMSE=0.045661 shuffled_R2=-0.017802
ALIGN ego[03] partner[04] R2=0.961609 NMSE=0.038391 shuffled_R2=-0.017061
ALIGN ego[04] partner[00] R2=0.928899 NMSE=0.071101 shuffled_R2=-0.020875
ALIGN ego[04] partner[01] R2=0.961914 NMSE=0.038086 shuffled_R2=-0.014999
ALIGN ego[04] partner[02] R2=0.967608 NMSE=0.032392 shuffled_R2=-0.013453
ALIGN ego[04] partner[03] R2=0.925017 NMSE=0.074983 shuffled_R2=-0.021608
ALIGN ego[04] partner[04] R2=0.966384 NMSE=0.033616 shuffled_R2=-0.012882
Average ego-to-partner alignment R2: 0.912091 +- 0.005756 SE over 100 ego-partner pairs
Average alignment normalized MSE: 0.087909 +- 0.005756 SE
Average shuffled-control alignment R2: -0.023390 +- 0.001446 SE
Saved alignment results to ad_hoc_teamplay_results/lmpredV2005_gamma0_ad_hoc_teamplay/cramped_room5x5
Evaluating ad-hoc teamplay for ego_method=lmpredV2005_gamma0, layout=counter_circuit
ego_prefix=checkpoints/lmpredV2005_gamma0/, partner_pool_specs=e3t:checkpoints/eval_pools/e3t;mep_br:checkpoints/eval_pools/mep_br;pbt:checkpoints/eval_pools/pbt;sp:checkpoints/eval_pools/sp, result_name=lmpredV2005_gamma0_ad_hoc_teamplay, ego_perspective_transform=true
Importing submoduled environments...
Submoduled environments not found. Skipping import.
2026-07-05 17:18:02.245347: W external/xla/xla/service/gpu/autotuning/dot_search_space.cc:200] All configs were filtered out because none of them sufficiently match the hints. Maybe the hints set does not contain a good representative set of valid configs?Working around this by using the full hints set instead.
2026-07-05 17:18:03.248628: W external/xla/xla/service/gpu/autotuning/dot_search_space.cc:200] All configs were filtered out because none of them sufficiently match the hints. Maybe the hints set does not contain a good representative set of valid configs?Working around this by using the full hints set instead.
LOADED: checkpoints/lmpredV2005_gamma0/counter_circuit/baseline_seed_0_step_380.msgpack
LOADED: checkpoints/lmpredV2005_gamma0/counter_circuit/baseline_seed_1_step_380.msgpack
LOADED: checkpoints/lmpredV2005_gamma0/counter_circuit/baseline_seed_2_step_380.msgpack
LOADED: checkpoints/lmpredV2005_gamma0/counter_circuit/baseline_seed_3_step_380.msgpack
LOADED: checkpoints/lmpredV2005_gamma0/counter_circuit/baseline_seed_4_step_380.msgpack
Evaluating partner group 0: method=e3t, prefix=checkpoints/eval_pools/e3t
LOADED: checkpoints/eval_pools/e3t/counter_circuit/baseline_seed_0_step_220.msgpack
LOADED: checkpoints/eval_pools/e3t/counter_circuit/baseline_seed_1_step_220.msgpack
LOADED: checkpoints/eval_pools/e3t/counter_circuit/baseline_seed_2_step_220.msgpack
LOADED: checkpoints/eval_pools/e3t/counter_circuit/baseline_seed_3_step_220.msgpack
LOADED: checkpoints/eval_pools/e3t/counter_circuit/baseline_seed_4_step_220.msgpack
Using XP rollout scale: XP_PAIR_BATCH_SIZE=32, EVAL_NUM_EPISODES=128, EVAL_NUM_STEPS=400
XP ego[00] partner[00] = 156.875
XP ego[00] partner[01] = 99.375
XP ego[00] partner[02] = 102.656
XP ego[00] partner[03] = 5.156
XP ego[00] partner[04] = 46.875
XP ego[01] partner[00] = 144.062
XP ego[01] partner[01] = 156.250
XP ego[01] partner[02] = 159.688
XP ego[01] partner[03] = 73.906
XP ego[01] partner[04] = 156.250
XP ego[02] partner[00] = 155.000
XP ego[02] partner[01] = 98.750
XP ego[02] partner[02] = 142.812
XP ego[02] partner[03] = 12.500
XP ego[02] partner[04] = 101.562
XP ego[03] partner[00] = 162.656
XP ego[03] partner[01] = 134.062
XP ego[03] partner[02] = 126.719
XP ego[03] partner[03] = 43.438
XP ego[03] partner[04] = 107.344
XP ego[04] partner[00] = 84.531
XP ego[04] partner[01] = 116.719
XP ego[04] partner[02] = 67.656
XP ego[04] partner[03] = 6.406
XP ego[04] partner[04] = 48.281
Evaluating partner group 1: method=mep_br, prefix=checkpoints/eval_pools/mep_br
LOADED: checkpoints/eval_pools/mep_br/counter_circuit/baseline_seed_0_step_380.msgpack
LOADED: checkpoints/eval_pools/mep_br/counter_circuit/baseline_seed_1_step_380.msgpack
LOADED: checkpoints/eval_pools/mep_br/counter_circuit/baseline_seed_2_step_380.msgpack
LOADED: checkpoints/eval_pools/mep_br/counter_circuit/baseline_seed_3_step_380.msgpack
LOADED: checkpoints/eval_pools/mep_br/counter_circuit/baseline_seed_4_step_380.msgpack
Using XP rollout scale: XP_PAIR_BATCH_SIZE=32, EVAL_NUM_EPISODES=128, EVAL_NUM_STEPS=400
XP ego[00] partner[00] = 225.781
XP ego[00] partner[01] = 204.531
XP ego[00] partner[02] = 220.938
XP ego[00] partner[03] = 226.719
XP ego[00] partner[04] = 171.094
XP ego[01] partner[00] = 49.844
XP ego[01] partner[01] = 53.594
XP ego[01] partner[02] = 77.656
XP ego[01] partner[03] = 36.250
XP ego[01] partner[04] = 99.844
XP ego[02] partner[00] = 191.562
XP ego[02] partner[01] = 200.000
XP ego[02] partner[02] = 200.312
XP ego[02] partner[03] = 198.281
XP ego[02] partner[04] = 181.719
XP ego[03] partner[00] = 73.750
XP ego[03] partner[01] = 89.219
XP ego[03] partner[02] = 89.844
XP ego[03] partner[03] = 113.750
XP ego[03] partner[04] = 46.094
XP ego[04] partner[00] = 148.438
XP ego[04] partner[01] = 152.969
XP ego[04] partner[02] = 158.438
XP ego[04] partner[03] = 169.219
XP ego[04] partner[04] = 155.469
Evaluating partner group 2: method=pbt, prefix=checkpoints/eval_pools/pbt
LOADED: checkpoints/eval_pools/pbt/counter_circuit/baseline_seed_0_step_62.msgpack
LOADED: checkpoints/eval_pools/pbt/counter_circuit/baseline_seed_1_step_62.msgpack
LOADED: checkpoints/eval_pools/pbt/counter_circuit/baseline_seed_2_step_62.msgpack
LOADED: checkpoints/eval_pools/pbt/counter_circuit/baseline_seed_3_step_62.msgpack
LOADED: checkpoints/eval_pools/pbt/counter_circuit/baseline_seed_4_step_62.msgpack
Using XP rollout scale: XP_PAIR_BATCH_SIZE=32, EVAL_NUM_EPISODES=128, EVAL_NUM_STEPS=400
XP ego[00] partner[00] = 172.031
XP ego[00] partner[01] = 172.969
XP ego[00] partner[02] = 159.375
XP ego[00] partner[03] = 171.719
XP ego[00] partner[04] = 172.188
XP ego[01] partner[00] = 151.562
XP ego[01] partner[01] = 115.469
XP ego[01] partner[02] = 149.844
XP ego[01] partner[03] = 122.344
XP ego[01] partner[04] = 152.656
XP ego[02] partner[00] = 119.844
XP ego[02] partner[01] = 155.781
XP ego[02] partner[02] = 163.281
XP ego[02] partner[03] = 161.094
XP ego[02] partner[04] = 157.656
XP ego[03] partner[00] = 111.875
XP ego[03] partner[01] = 148.750
XP ego[03] partner[02] = 113.594
XP ego[03] partner[03] = 163.750
XP ego[03] partner[04] = 142.344
XP ego[04] partner[00] = 174.375
XP ego[04] partner[01] = 162.500
XP ego[04] partner[02] = 164.531
XP ego[04] partner[03] = 161.094
XP ego[04] partner[04] = 134.844
Evaluating partner group 3: method=sp, prefix=checkpoints/eval_pools/sp
LOADED: checkpoints/eval_pools/sp/counter_circuit/baseline_seed_0_step_380.msgpack
LOADED: checkpoints/eval_pools/sp/counter_circuit/baseline_seed_1_step_380.msgpack
LOADED: checkpoints/eval_pools/sp/counter_circuit/baseline_seed_2_step_380.msgpack
LOADED: checkpoints/eval_pools/sp/counter_circuit/baseline_seed_3_step_380.msgpack
LOADED: checkpoints/eval_pools/sp/counter_circuit/baseline_seed_4_step_380.msgpack
Using XP rollout scale: XP_PAIR_BATCH_SIZE=32, EVAL_NUM_EPISODES=128, EVAL_NUM_STEPS=400
XP ego[00] partner[00] = 149.219
XP ego[00] partner[01] = 171.094
XP ego[00] partner[02] = 167.656
XP ego[00] partner[03] = 189.219
XP ego[00] partner[04] = 137.500
XP ego[01] partner[00] = 97.188
XP ego[01] partner[01] = 104.688
XP ego[01] partner[02] = 113.125
XP ego[01] partner[03] = 124.219
XP ego[01] partner[04] = 169.531
XP ego[02] partner[00] = 153.750
XP ego[02] partner[01] = 145.156
XP ego[02] partner[02] = 157.656
XP ego[02] partner[03] = 199.375
XP ego[02] partner[04] = 152.812
XP ego[03] partner[00] = 95.781
XP ego[03] partner[01] = 117.812
XP ego[03] partner[02] = 142.656
XP ego[03] partner[03] = 135.625
XP ego[03] partner[04] = 147.500
XP ego[04] partner[00] = 162.812
XP ego[04] partner[01] = 80.156
XP ego[04] partner[02] = 145.469
XP ego[04] partner[03] = 170.625
XP ego[04] partner[04] = 169.844
Average ego-vs-partner performance: 134.208 +- 4.785 SE over 100 ordered pairs
Average diagonal performance: 109.531 +- 26.126 SE over 5 pairs
Average off-diagonal performance (only for square pools): nan +- nan SE over 0 ordered pairs
Saved ad-hoc teamplay results to ad_hoc_teamplay_results/lmpredV2005_gamma0_ad_hoc_teamplay/counter_circuit
Saved ad-hoc teamplay heatmap to ad_hoc_teamplay_results/lmpredV2005_gamma0_ad_hoc_teamplay/counter_circuit/xp_matrix.png
Evaluating partner alignment group 0: method=e3t, prefix=checkpoints/eval_pools/e3t
LOADED: checkpoints/eval_pools/e3t/counter_circuit/baseline_seed_0_step_220.msgpack
LOADED: checkpoints/eval_pools/e3t/counter_circuit/baseline_seed_1_step_220.msgpack
LOADED: checkpoints/eval_pools/e3t/counter_circuit/baseline_seed_2_step_220.msgpack
LOADED: checkpoints/eval_pools/e3t/counter_circuit/baseline_seed_3_step_220.msgpack
LOADED: checkpoints/eval_pools/e3t/counter_circuit/baseline_seed_4_step_220.msgpack
Using alignment rollout scale: ALIGN_PAIR_BATCH_SIZE=2, ALIGN_EVAL_NUM_EPISODES=128, ALIGN_EVAL_NUM_STEPS=400
ALIGN ego[00] partner[00] R2=0.728338 NMSE=0.271662 shuffled_R2=-0.021404
ALIGN ego[00] partner[01] R2=0.804304 NMSE=0.195696 shuffled_R2=-0.020699
ALIGN ego[00] partner[02] R2=0.723063 NMSE=0.276937 shuffled_R2=-0.022142
ALIGN ego[00] partner[03] R2=0.864605 NMSE=0.135395 shuffled_R2=-0.028918
ALIGN ego[00] partner[04] R2=0.796371 NMSE=0.203629 shuffled_R2=-0.023186
ALIGN ego[01] partner[00] R2=0.739314 NMSE=0.260686 shuffled_R2=-0.016727
ALIGN ego[01] partner[01] R2=0.688626 NMSE=0.311374 shuffled_R2=-0.018027
ALIGN ego[01] partner[02] R2=0.516254 NMSE=0.483746 shuffled_R2=-0.033571
ALIGN ego[01] partner[03] R2=0.865322 NMSE=0.134678 shuffled_R2=-0.015573
ALIGN ego[01] partner[04] R2=0.810157 NMSE=0.189843 shuffled_R2=-0.014746
ALIGN ego[02] partner[00] R2=0.747736 NMSE=0.252264 shuffled_R2=-0.018069
ALIGN ego[02] partner[01] R2=0.787850 NMSE=0.212150 shuffled_R2=-0.018220
ALIGN ego[02] partner[02] R2=0.783834 NMSE=0.216166 shuffled_R2=-0.018532
ALIGN ego[02] partner[03] R2=0.801882 NMSE=0.198118 shuffled_R2=-0.031768
ALIGN ego[02] partner[04] R2=0.789062 NMSE=0.210938 shuffled_R2=-0.018017
ALIGN ego[03] partner[00] R2=0.719755 NMSE=0.280245 shuffled_R2=-0.027113
ALIGN ego[03] partner[01] R2=0.761091 NMSE=0.238909 shuffled_R2=-0.017566
ALIGN ego[03] partner[02] R2=0.653581 NMSE=0.346419 shuffled_R2=-0.020113
ALIGN ego[03] partner[03] R2=0.639490 NMSE=0.360510 shuffled_R2=-0.036427
ALIGN ego[03] partner[04] R2=0.785577 NMSE=0.214423 shuffled_R2=-0.014851
ALIGN ego[04] partner[00] R2=0.800281 NMSE=0.199719 shuffled_R2=-0.018158
ALIGN ego[04] partner[01] R2=0.774905 NMSE=0.225095 shuffled_R2=-0.019495
ALIGN ego[04] partner[02] R2=0.714470 NMSE=0.285530 shuffled_R2=-0.020666
ALIGN ego[04] partner[03] R2=0.801712 NMSE=0.198288 shuffled_R2=-0.028318
ALIGN ego[04] partner[04] R2=0.755664 NMSE=0.244336 shuffled_R2=-0.021726
Evaluating partner alignment group 1: method=mep_br, prefix=checkpoints/eval_pools/mep_br
LOADED: checkpoints/eval_pools/mep_br/counter_circuit/baseline_seed_0_step_380.msgpack
LOADED: checkpoints/eval_pools/mep_br/counter_circuit/baseline_seed_1_step_380.msgpack
LOADED: checkpoints/eval_pools/mep_br/counter_circuit/baseline_seed_2_step_380.msgpack
LOADED: checkpoints/eval_pools/mep_br/counter_circuit/baseline_seed_3_step_380.msgpack
LOADED: checkpoints/eval_pools/mep_br/counter_circuit/baseline_seed_4_step_380.msgpack
Using alignment rollout scale: ALIGN_PAIR_BATCH_SIZE=2, ALIGN_EVAL_NUM_EPISODES=128, ALIGN_EVAL_NUM_STEPS=400
ALIGN ego[00] partner[00] R2=0.895363 NMSE=0.104637 shuffled_R2=-0.016315
ALIGN ego[00] partner[01] R2=0.895994 NMSE=0.104006 shuffled_R2=-0.016774
ALIGN ego[00] partner[02] R2=0.868509 NMSE=0.131491 shuffled_R2=-0.018951
ALIGN ego[00] partner[03] R2=0.861870 NMSE=0.138130 shuffled_R2=-0.018022
ALIGN ego[00] partner[04] R2=0.840405 NMSE=0.159595 shuffled_R2=-0.018126
ALIGN ego[01] partner[00] R2=0.850812 NMSE=0.149188 shuffled_R2=-0.017311
ALIGN ego[01] partner[01] R2=0.846104 NMSE=0.153896 shuffled_R2=-0.017116
ALIGN ego[01] partner[02] R2=0.816933 NMSE=0.183067 shuffled_R2=-0.016827
ALIGN ego[01] partner[03] R2=0.756943 NMSE=0.243057 shuffled_R2=-0.026494
ALIGN ego[01] partner[04] R2=0.827395 NMSE=0.172605 shuffled_R2=-0.017064
ALIGN ego[02] partner[00] R2=0.861341 NMSE=0.138659 shuffled_R2=-0.016094
ALIGN ego[02] partner[01] R2=0.861238 NMSE=0.138762 shuffled_R2=-0.017660
ALIGN ego[02] partner[02] R2=0.839014 NMSE=0.160986 shuffled_R2=-0.018694
ALIGN ego[02] partner[03] R2=0.830528 NMSE=0.169472 shuffled_R2=-0.017986
ALIGN ego[02] partner[04] R2=0.711861 NMSE=0.288139 shuffled_R2=-0.020596
ALIGN ego[03] partner[00] R2=0.798501 NMSE=0.201499 shuffled_R2=-0.031172
ALIGN ego[03] partner[01] R2=0.823593 NMSE=0.176407 shuffled_R2=-0.016610
ALIGN ego[03] partner[02] R2=0.741411 NMSE=0.258589 shuffled_R2=-0.042338
ALIGN ego[03] partner[03] R2=0.812041 NMSE=0.187959 shuffled_R2=-0.017114
ALIGN ego[03] partner[04] R2=0.740022 NMSE=0.259978 shuffled_R2=-0.034582
ALIGN ego[04] partner[00] R2=0.809193 NMSE=0.190807 shuffled_R2=-0.017514
ALIGN ego[04] partner[01] R2=0.833209 NMSE=0.166791 shuffled_R2=-0.016040
ALIGN ego[04] partner[02] R2=0.841290 NMSE=0.158710 shuffled_R2=-0.014517
ALIGN ego[04] partner[03] R2=0.811688 NMSE=0.188312 shuffled_R2=-0.016978
ALIGN ego[04] partner[04] R2=0.796390 NMSE=0.203610 shuffled_R2=-0.015037
Evaluating partner alignment group 2: method=pbt, prefix=checkpoints/eval_pools/pbt
LOADED: checkpoints/eval_pools/pbt/counter_circuit/baseline_seed_0_step_62.msgpack
LOADED: checkpoints/eval_pools/pbt/counter_circuit/baseline_seed_1_step_62.msgpack
LOADED: checkpoints/eval_pools/pbt/counter_circuit/baseline_seed_2_step_62.msgpack
LOADED: checkpoints/eval_pools/pbt/counter_circuit/baseline_seed_3_step_62.msgpack
LOADED: checkpoints/eval_pools/pbt/counter_circuit/baseline_seed_4_step_62.msgpack
Using alignment rollout scale: ALIGN_PAIR_BATCH_SIZE=2, ALIGN_EVAL_NUM_EPISODES=128, ALIGN_EVAL_NUM_STEPS=400
ALIGN ego[00] partner[00] R2=0.741305 NMSE=0.258695 shuffled_R2=-0.018457
ALIGN ego[00] partner[01] R2=0.775308 NMSE=0.224692 shuffled_R2=-0.015287
ALIGN ego[00] partner[02] R2=0.740857 NMSE=0.259143 shuffled_R2=-0.019678
ALIGN ego[00] partner[03] R2=0.770019 NMSE=0.229981 shuffled_R2=-0.017909
ALIGN ego[00] partner[04] R2=0.782566 NMSE=0.217434 shuffled_R2=-0.015464
ALIGN ego[01] partner[00] R2=0.755610 NMSE=0.244390 shuffled_R2=-0.017011
ALIGN ego[01] partner[01] R2=0.776631 NMSE=0.223369 shuffled_R2=-0.016958
ALIGN ego[01] partner[02] R2=0.743280 NMSE=0.256720 shuffled_R2=-0.016936
ALIGN ego[01] partner[03] R2=0.790750 NMSE=0.209250 shuffled_R2=-0.016335
ALIGN ego[01] partner[04] R2=0.778549 NMSE=0.221451 shuffled_R2=-0.017968
ALIGN ego[02] partner[00] R2=0.687171 NMSE=0.312829 shuffled_R2=-0.024116
ALIGN ego[02] partner[01] R2=0.761665 NMSE=0.238335 shuffled_R2=-0.016733
ALIGN ego[02] partner[02] R2=0.775719 NMSE=0.224281 shuffled_R2=-0.016235
ALIGN ego[02] partner[03] R2=0.747309 NMSE=0.252691 shuffled_R2=-0.023179
ALIGN ego[02] partner[04] R2=0.776337 NMSE=0.223663 shuffled_R2=-0.014905
ALIGN ego[03] partner[00] R2=0.809038 NMSE=0.190962 shuffled_R2=-0.016753
ALIGN ego[03] partner[01] R2=0.720531 NMSE=0.279469 shuffled_R2=-0.024493
ALIGN ego[03] partner[02] R2=0.738798 NMSE=0.261202 shuffled_R2=-0.024951
ALIGN ego[03] partner[03] R2=0.687062 NMSE=0.312938 shuffled_R2=-0.030710
ALIGN ego[03] partner[04] R2=0.752013 NMSE=0.247987 shuffled_R2=-0.028966
ALIGN ego[04] partner[00] R2=0.730580 NMSE=0.269420 shuffled_R2=-0.016681
ALIGN ego[04] partner[01] R2=0.724703 NMSE=0.275297 shuffled_R2=-0.016734
ALIGN ego[04] partner[02] R2=0.724438 NMSE=0.275562 shuffled_R2=-0.018138
ALIGN ego[04] partner[03] R2=0.780629 NMSE=0.219371 shuffled_R2=-0.015040
ALIGN ego[04] partner[04] R2=0.800898 NMSE=0.199102 shuffled_R2=-0.013898
Evaluating partner alignment group 3: method=sp, prefix=checkpoints/eval_pools/sp
LOADED: checkpoints/eval_pools/sp/counter_circuit/baseline_seed_0_step_380.msgpack
LOADED: checkpoints/eval_pools/sp/counter_circuit/baseline_seed_1_step_380.msgpack
LOADED: checkpoints/eval_pools/sp/counter_circuit/baseline_seed_2_step_380.msgpack
LOADED: checkpoints/eval_pools/sp/counter_circuit/baseline_seed_3_step_380.msgpack
LOADED: checkpoints/eval_pools/sp/counter_circuit/baseline_seed_4_step_380.msgpack
Using alignment rollout scale: ALIGN_PAIR_BATCH_SIZE=2, ALIGN_EVAL_NUM_EPISODES=128, ALIGN_EVAL_NUM_STEPS=400
ALIGN ego[00] partner[00] R2=0.861052 NMSE=0.138948 shuffled_R2=-0.015757
ALIGN ego[00] partner[01] R2=0.810927 NMSE=0.189073 shuffled_R2=-0.018616
ALIGN ego[00] partner[02] R2=0.850095 NMSE=0.149905 shuffled_R2=-0.015654
ALIGN ego[00] partner[03] R2=0.881716 NMSE=0.118284 shuffled_R2=-0.016226
ALIGN ego[00] partner[04] R2=0.849543 NMSE=0.150457 shuffled_R2=-0.014624
ALIGN ego[01] partner[00] R2=0.878615 NMSE=0.121385 shuffled_R2=-0.016934
ALIGN ego[01] partner[01] R2=0.868341 NMSE=0.131659 shuffled_R2=-0.020739
ALIGN ego[01] partner[02] R2=0.816825 NMSE=0.183175 shuffled_R2=-0.020907
ALIGN ego[01] partner[03] R2=0.757261 NMSE=0.242739 shuffled_R2=-0.019194
ALIGN ego[01] partner[04] R2=0.822513 NMSE=0.177487 shuffled_R2=-0.015185
ALIGN ego[02] partner[00] R2=0.843625 NMSE=0.156375 shuffled_R2=-0.015483
ALIGN ego[02] partner[01] R2=0.875461 NMSE=0.124539 shuffled_R2=-0.015448
ALIGN ego[02] partner[02] R2=0.851551 NMSE=0.148449 shuffled_R2=-0.014756
ALIGN ego[02] partner[03] R2=0.760314 NMSE=0.239686 shuffled_R2=-0.028100
ALIGN ego[02] partner[04] R2=0.783197 NMSE=0.216803 shuffled_R2=-0.022346
ALIGN ego[03] partner[00] R2=0.855936 NMSE=0.144064 shuffled_R2=-0.020108
ALIGN ego[03] partner[01] R2=0.841600 NMSE=0.158400 shuffled_R2=-0.024986
ALIGN ego[03] partner[02] R2=0.852862 NMSE=0.147138 shuffled_R2=-0.016388
ALIGN ego[03] partner[03] R2=0.793669 NMSE=0.206331 shuffled_R2=-0.018207
ALIGN ego[03] partner[04] R2=0.797286 NMSE=0.202714 shuffled_R2=-0.016247
ALIGN ego[04] partner[00] R2=0.836281 NMSE=0.163719 shuffled_R2=-0.017903
ALIGN ego[04] partner[01] R2=0.899277 NMSE=0.100723 shuffled_R2=-0.014596
ALIGN ego[04] partner[02] R2=0.835355 NMSE=0.164645 shuffled_R2=-0.015587
ALIGN ego[04] partner[03] R2=0.810551 NMSE=0.189449 shuffled_R2=-0.016018
ALIGN ego[04] partner[04] R2=0.794263 NMSE=0.205737 shuffled_R2=-0.019683
Average ego-to-partner alignment R2: 0.791248 +- 0.006179 SE over 100 ego-partner pairs
Average alignment normalized MSE: 0.208752 +- 0.006179 SE
Average shuffled-control alignment R2: -0.019632 +- 0.000539 SE
Saved alignment results to ad_hoc_teamplay_results/lmpredV2005_gamma0_ad_hoc_teamplay/counter_circuit
Evaluating ad-hoc teamplay for ego_method=lmpredV2005_gamma0, layout=coord_ring
ego_prefix=checkpoints/lmpredV2005_gamma0/, partner_pool_specs=e3t:checkpoints/eval_pools/e3t;mep_br:checkpoints/eval_pools/mep_br;pbt:checkpoints/eval_pools/pbt;sp:checkpoints/eval_pools/sp, result_name=lmpredV2005_gamma0_ad_hoc_teamplay, ego_perspective_transform=true
Importing submoduled environments...
Submoduled environments not found. Skipping import.
2026-07-05 17:21:40.477506: W external/xla/xla/service/gpu/autotuning/dot_search_space.cc:200] All configs were filtered out because none of them sufficiently match the hints. Maybe the hints set does not contain a good representative set of valid configs?Working around this by using the full hints set instead.
2026-07-05 17:21:41.633573: W external/xla/xla/service/gpu/autotuning/dot_search_space.cc:200] All configs were filtered out because none of them sufficiently match the hints. Maybe the hints set does not contain a good representative set of valid configs?Working around this by using the full hints set instead.
LOADED: checkpoints/lmpredV2005_gamma0/coord_ring/baseline_seed_0_step_220.msgpack
LOADED: checkpoints/lmpredV2005_gamma0/coord_ring/baseline_seed_1_step_220.msgpack
LOADED: checkpoints/lmpredV2005_gamma0/coord_ring/baseline_seed_2_step_220.msgpack
LOADED: checkpoints/lmpredV2005_gamma0/coord_ring/baseline_seed_3_step_220.msgpack
LOADED: checkpoints/lmpredV2005_gamma0/coord_ring/baseline_seed_4_step_220.msgpack
Evaluating partner group 0: method=e3t, prefix=checkpoints/eval_pools/e3t
LOADED: checkpoints/eval_pools/e3t/coord_ring/baseline_seed_0_step_220.msgpack
LOADED: checkpoints/eval_pools/e3t/coord_ring/baseline_seed_1_step_220.msgpack
LOADED: checkpoints/eval_pools/e3t/coord_ring/baseline_seed_2_step_220.msgpack
LOADED: checkpoints/eval_pools/e3t/coord_ring/baseline_seed_3_step_220.msgpack
LOADED: checkpoints/eval_pools/e3t/coord_ring/baseline_seed_4_step_220.msgpack
Using XP rollout scale: XP_PAIR_BATCH_SIZE=32, EVAL_NUM_EPISODES=128, EVAL_NUM_STEPS=400
XP ego[00] partner[00] = 222.812
XP ego[00] partner[01] = 222.188
XP ego[00] partner[02] = 15.781
XP ego[00] partner[03] = 206.719
XP ego[00] partner[04] = 232.344
XP ego[01] partner[00] = 227.969
XP ego[01] partner[01] = 249.531
XP ego[01] partner[02] = 55.469
XP ego[01] partner[03] = 235.156
XP ego[01] partner[04] = 174.219
XP ego[02] partner[00] = 214.375
XP ego[02] partner[01] = 295.000
XP ego[02] partner[02] = 19.688
XP ego[02] partner[03] = 256.250
XP ego[02] partner[04] = 284.688
XP ego[03] partner[00] = 211.094
XP ego[03] partner[01] = 89.219
XP ego[03] partner[02] = 279.219
XP ego[03] partner[03] = 141.094
XP ego[03] partner[04] = 55.781
XP ego[04] partner[00] = 260.312
XP ego[04] partner[01] = 268.594
XP ego[04] partner[02] = 20.625
XP ego[04] partner[03] = 269.844
XP ego[04] partner[04] = 262.656
Evaluating partner group 1: method=mep_br, prefix=checkpoints/eval_pools/mep_br
LOADED: checkpoints/eval_pools/mep_br/coord_ring/baseline_seed_0_step_220.msgpack
LOADED: checkpoints/eval_pools/mep_br/coord_ring/baseline_seed_1_step_220.msgpack
LOADED: checkpoints/eval_pools/mep_br/coord_ring/baseline_seed_2_step_220.msgpack
LOADED: checkpoints/eval_pools/mep_br/coord_ring/baseline_seed_3_step_220.msgpack
LOADED: checkpoints/eval_pools/mep_br/coord_ring/baseline_seed_4_step_220.msgpack
Using XP rollout scale: XP_PAIR_BATCH_SIZE=32, EVAL_NUM_EPISODES=128, EVAL_NUM_STEPS=400
XP ego[00] partner[00] = 235.625
XP ego[00] partner[01] = 257.031
XP ego[00] partner[02] = 216.250
XP ego[00] partner[03] = 211.250
XP ego[00] partner[04] = 242.656
XP ego[01] partner[00] = 278.125
XP ego[01] partner[01] = 296.094
XP ego[01] partner[02] = 300.938
XP ego[01] partner[03] = 192.969
XP ego[01] partner[04] = 306.719
XP ego[02] partner[00] = 216.719
XP ego[02] partner[01] = 282.812
XP ego[02] partner[02] = 283.438
XP ego[02] partner[03] = 208.281
XP ego[02] partner[04] = 283.906
XP ego[03] partner[00] = 192.812
XP ego[03] partner[01] = 180.312
XP ego[03] partner[02] = 118.750
XP ego[03] partner[03] = 167.969
XP ego[03] partner[04] = 224.062
XP ego[04] partner[00] = 235.469
XP ego[04] partner[01] = 277.500
XP ego[04] partner[02] = 260.000
XP ego[04] partner[03] = 185.312
XP ego[04] partner[04] = 254.375
Evaluating partner group 2: method=pbt, prefix=checkpoints/eval_pools/pbt
LOADED: checkpoints/eval_pools/pbt/coord_ring/baseline_seed_0_step_62.msgpack
LOADED: checkpoints/eval_pools/pbt/coord_ring/baseline_seed_1_step_62.msgpack
LOADED: checkpoints/eval_pools/pbt/coord_ring/baseline_seed_2_step_62.msgpack
LOADED: checkpoints/eval_pools/pbt/coord_ring/baseline_seed_3_step_62.msgpack
LOADED: checkpoints/eval_pools/pbt/coord_ring/baseline_seed_4_step_62.msgpack
Using XP rollout scale: XP_PAIR_BATCH_SIZE=32, EVAL_NUM_EPISODES=128, EVAL_NUM_STEPS=400
XP ego[00] partner[00] = 253.906
XP ego[00] partner[01] = 259.375
XP ego[00] partner[02] = 252.500
XP ego[00] partner[03] = 217.031
XP ego[00] partner[04] = 259.062
XP ego[01] partner[00] = 246.875
XP ego[01] partner[01] = 250.469
XP ego[01] partner[02] = 127.500
XP ego[01] partner[03] = 109.219
XP ego[01] partner[04] = 96.719
XP ego[02] partner[00] = 303.906
XP ego[02] partner[01] = 279.844
XP ego[02] partner[02] = 282.188
XP ego[02] partner[03] = 261.875
XP ego[02] partner[04] = 304.062
XP ego[03] partner[00] = 45.156
XP ego[03] partner[01] = 25.625
XP ego[03] partner[02] = 19.688
XP ego[03] partner[03] = 55.000
XP ego[03] partner[04] = 40.938
XP ego[04] partner[00] = 258.594
XP ego[04] partner[01] = 245.781
XP ego[04] partner[02] = 253.438
XP ego[04] partner[03] = 241.406
XP ego[04] partner[04] = 256.250
Evaluating partner group 3: method=sp, prefix=checkpoints/eval_pools/sp
LOADED: checkpoints/eval_pools/sp/coord_ring/baseline_seed_0_step_220.msgpack
LOADED: checkpoints/eval_pools/sp/coord_ring/baseline_seed_1_step_220.msgpack
LOADED: checkpoints/eval_pools/sp/coord_ring/baseline_seed_2_step_220.msgpack
LOADED: checkpoints/eval_pools/sp/coord_ring/baseline_seed_3_step_220.msgpack
LOADED: checkpoints/eval_pools/sp/coord_ring/baseline_seed_4_step_220.msgpack
Using XP rollout scale: XP_PAIR_BATCH_SIZE=32, EVAL_NUM_EPISODES=128, EVAL_NUM_STEPS=400
XP ego[00] partner[00] = 259.219
XP ego[00] partner[01] = 253.750
XP ego[00] partner[02] = 245.000
XP ego[00] partner[03] = 238.594
XP ego[00] partner[04] = 250.000
XP ego[01] partner[00] = 220.625
XP ego[01] partner[01] = 146.562
XP ego[01] partner[02] = 256.250
XP ego[01] partner[03] = 197.031
XP ego[01] partner[04] = 129.688
XP ego[02] partner[00] = 286.719
XP ego[02] partner[01] = 278.125
XP ego[02] partner[02] = 263.281
XP ego[02] partner[03] = 290.781
XP ego[02] partner[04] = 234.688
XP ego[03] partner[00] = 85.469
XP ego[03] partner[01] = 36.406
XP ego[03] partner[02] = 56.094
XP ego[03] partner[03] = 26.562
XP ego[03] partner[04] = 74.531
XP ego[04] partner[00] = 274.844
XP ego[04] partner[01] = 253.906
XP ego[04] partner[02] = 247.031
XP ego[04] partner[03] = 261.562
XP ego[04] partner[04] = 262.656
Average ego-vs-partner performance: 207.558 +- 8.354 SE over 100 ordered pairs
Average diagonal performance: 179.156 +- 45.116 SE over 5 pairs
Average off-diagonal performance (only for square pools): nan +- nan SE over 0 ordered pairs
Saved ad-hoc teamplay results to ad_hoc_teamplay_results/lmpredV2005_gamma0_ad_hoc_teamplay/coord_ring
Saved ad-hoc teamplay heatmap to ad_hoc_teamplay_results/lmpredV2005_gamma0_ad_hoc_teamplay/coord_ring/xp_matrix.png
Evaluating partner alignment group 0: method=e3t, prefix=checkpoints/eval_pools/e3t
LOADED: checkpoints/eval_pools/e3t/coord_ring/baseline_seed_0_step_220.msgpack
LOADED: checkpoints/eval_pools/e3t/coord_ring/baseline_seed_1_step_220.msgpack
LOADED: checkpoints/eval_pools/e3t/coord_ring/baseline_seed_2_step_220.msgpack
LOADED: checkpoints/eval_pools/e3t/coord_ring/baseline_seed_3_step_220.msgpack
LOADED: checkpoints/eval_pools/e3t/coord_ring/baseline_seed_4_step_220.msgpack
Using alignment rollout scale: ALIGN_PAIR_BATCH_SIZE=2, ALIGN_EVAL_NUM_EPISODES=128, ALIGN_EVAL_NUM_STEPS=400
ALIGN ego[00] partner[00] R2=0.882579 NMSE=0.117421 shuffled_R2=-0.019779
ALIGN ego[00] partner[01] R2=0.877565 NMSE=0.122435 shuffled_R2=-0.018789
ALIGN ego[00] partner[02] R2=0.869194 NMSE=0.130806 shuffled_R2=-0.039631
ALIGN ego[00] partner[03] R2=0.869723 NMSE=0.130277 shuffled_R2=-0.017739
ALIGN ego[00] partner[04] R2=0.870819 NMSE=0.129181 shuffled_R2=-0.017426
ALIGN ego[01] partner[00] R2=0.863474 NMSE=0.136526 shuffled_R2=-0.016703
ALIGN ego[01] partner[01] R2=0.891100 NMSE=0.108900 shuffled_R2=-0.015312
ALIGN ego[01] partner[02] R2=0.714652 NMSE=0.285348 shuffled_R2=-0.067630
ALIGN ego[01] partner[03] R2=0.889237 NMSE=0.110763 shuffled_R2=-0.013436
ALIGN ego[01] partner[04] R2=0.890163 NMSE=0.109837 shuffled_R2=-0.015711
ALIGN ego[02] partner[00] R2=0.820737 NMSE=0.179263 shuffled_R2=-0.030141
ALIGN ego[02] partner[01] R2=0.876613 NMSE=0.123387 shuffled_R2=-0.015515
ALIGN ego[02] partner[02] R2=0.950189 NMSE=0.049811 shuffled_R2=-0.018894
ALIGN ego[02] partner[03] R2=0.891307 NMSE=0.108693 shuffled_R2=-0.015167
ALIGN ego[02] partner[04] R2=0.884532 NMSE=0.115468 shuffled_R2=-0.014593
ALIGN ego[03] partner[00] R2=0.938595 NMSE=0.061405 shuffled_R2=-0.015123
ALIGN ego[03] partner[01] R2=0.912245 NMSE=0.087755 shuffled_R2=-0.019774
ALIGN ego[03] partner[02] R2=0.912980 NMSE=0.087020 shuffled_R2=-0.019094
ALIGN ego[03] partner[03] R2=0.934416 NMSE=0.065584 shuffled_R2=-0.015943
ALIGN ego[03] partner[04] R2=0.957832 NMSE=0.042168 shuffled_R2=-0.011513
ALIGN ego[04] partner[00] R2=0.925517 NMSE=0.074483 shuffled_R2=-0.016588
ALIGN ego[04] partner[01] R2=0.911649 NMSE=0.088351 shuffled_R2=-0.017678
ALIGN ego[04] partner[02] R2=0.611037 NMSE=0.388963 shuffled_R2=-0.252140
ALIGN ego[04] partner[03] R2=0.932430 NMSE=0.067570 shuffled_R2=-0.017259
ALIGN ego[04] partner[04] R2=0.895548 NMSE=0.104452 shuffled_R2=-0.020979
Evaluating partner alignment group 1: method=mep_br, prefix=checkpoints/eval_pools/mep_br
LOADED: checkpoints/eval_pools/mep_br/coord_ring/baseline_seed_0_step_220.msgpack
LOADED: checkpoints/eval_pools/mep_br/coord_ring/baseline_seed_1_step_220.msgpack
LOADED: checkpoints/eval_pools/mep_br/coord_ring/baseline_seed_2_step_220.msgpack
LOADED: checkpoints/eval_pools/mep_br/coord_ring/baseline_seed_3_step_220.msgpack
LOADED: checkpoints/eval_pools/mep_br/coord_ring/baseline_seed_4_step_220.msgpack
Using alignment rollout scale: ALIGN_PAIR_BATCH_SIZE=2, ALIGN_EVAL_NUM_EPISODES=128, ALIGN_EVAL_NUM_STEPS=400
ALIGN ego[00] partner[00] R2=0.860280 NMSE=0.139720 shuffled_R2=-0.019258
ALIGN ego[00] partner[01] R2=0.895835 NMSE=0.104165 shuffled_R2=-0.015708
ALIGN ego[00] partner[02] R2=0.778349 NMSE=0.221651 shuffled_R2=-0.035985
ALIGN ego[00] partner[03] R2=0.801946 NMSE=0.198054 shuffled_R2=-0.027988
ALIGN ego[00] partner[04] R2=0.831334 NMSE=0.168666 shuffled_R2=-0.032128
ALIGN ego[01] partner[00] R2=0.880475 NMSE=0.119525 shuffled_R2=-0.015748
ALIGN ego[01] partner[01] R2=0.852948 NMSE=0.147052 shuffled_R2=-0.020244
ALIGN ego[01] partner[02] R2=0.926152 NMSE=0.073848 shuffled_R2=-0.015460
ALIGN ego[01] partner[03] R2=0.956654 NMSE=0.043346 shuffled_R2=-0.017742
ALIGN ego[01] partner[04] R2=0.757290 NMSE=0.242710 shuffled_R2=-0.052382
ALIGN ego[02] partner[00] R2=0.886977 NMSE=0.113023 shuffled_R2=-0.023271
ALIGN ego[02] partner[01] R2=0.915171 NMSE=0.084829 shuffled_R2=-0.017128
ALIGN ego[02] partner[02] R2=0.882287 NMSE=0.117713 shuffled_R2=-0.017812
ALIGN ego[02] partner[03] R2=0.939645 NMSE=0.060355 shuffled_R2=-0.020865
ALIGN ego[02] partner[04] R2=0.876797 NMSE=0.123203 shuffled_R2=-0.021041
ALIGN ego[03] partner[00] R2=0.679741 NMSE=0.320259 shuffled_R2=-0.036187
ALIGN ego[03] partner[01] R2=0.885965 NMSE=0.114035 shuffled_R2=-0.017675
ALIGN ego[03] partner[02] R2=0.882178 NMSE=0.117822 shuffled_R2=-0.017292
ALIGN ego[03] partner[03] R2=0.529584 NMSE=0.470416 shuffled_R2=-0.192039
ALIGN ego[03] partner[04] R2=0.891495 NMSE=0.108505 shuffled_R2=-0.018513
ALIGN ego[04] partner[00] R2=0.912491 NMSE=0.087509 shuffled_R2=-0.019052
ALIGN ego[04] partner[01] R2=0.936427 NMSE=0.063573 shuffled_R2=-0.016303
ALIGN ego[04] partner[02] R2=0.851718 NMSE=0.148282 shuffled_R2=-0.028033
ALIGN ego[04] partner[03] R2=0.883237 NMSE=0.116763 shuffled_R2=-0.025313
ALIGN ego[04] partner[04] R2=0.868448 NMSE=0.131552 shuffled_R2=-0.035978
Evaluating partner alignment group 2: method=pbt, prefix=checkpoints/eval_pools/pbt
LOADED: checkpoints/eval_pools/pbt/coord_ring/baseline_seed_0_step_62.msgpack
LOADED: checkpoints/eval_pools/pbt/coord_ring/baseline_seed_1_step_62.msgpack
LOADED: checkpoints/eval_pools/pbt/coord_ring/baseline_seed_2_step_62.msgpack
LOADED: checkpoints/eval_pools/pbt/coord_ring/baseline_seed_3_step_62.msgpack
LOADED: checkpoints/eval_pools/pbt/coord_ring/baseline_seed_4_step_62.msgpack
Using alignment rollout scale: ALIGN_PAIR_BATCH_SIZE=2, ALIGN_EVAL_NUM_EPISODES=128, ALIGN_EVAL_NUM_STEPS=400
ALIGN ego[00] partner[00] R2=0.747589 NMSE=0.252411 shuffled_R2=-0.037853
ALIGN ego[00] partner[01] R2=0.834556 NMSE=0.165444 shuffled_R2=-0.018558
ALIGN ego[00] partner[02] R2=0.671257 NMSE=0.328743 shuffled_R2=-0.034427
ALIGN ego[00] partner[03] R2=0.729345 NMSE=0.270655 shuffled_R2=-0.021692
ALIGN ego[00] partner[04] R2=0.735709 NMSE=0.264291 shuffled_R2=-0.023723
ALIGN ego[01] partner[00] R2=0.719121 NMSE=0.280879 shuffled_R2=-0.026868
ALIGN ego[01] partner[01] R2=0.772877 NMSE=0.227123 shuffled_R2=-0.015896
ALIGN ego[01] partner[02] R2=0.784655 NMSE=0.215345 shuffled_R2=-0.017210
ALIGN ego[01] partner[03] R2=0.660771 NMSE=0.339229 shuffled_R2=-0.042942
ALIGN ego[01] partner[04] R2=0.799345 NMSE=0.200655 shuffled_R2=-0.017935
ALIGN ego[02] partner[00] R2=0.792985 NMSE=0.207015 shuffled_R2=-0.014198
ALIGN ego[02] partner[01] R2=0.724559 NMSE=0.275441 shuffled_R2=-0.024635
ALIGN ego[02] partner[02] R2=0.687174 NMSE=0.312826 shuffled_R2=-0.020850
ALIGN ego[02] partner[03] R2=0.812154 NMSE=0.187846 shuffled_R2=-0.015890
ALIGN ego[02] partner[04] R2=0.705170 NMSE=0.294830 shuffled_R2=-0.032321
ALIGN ego[03] partner[00] R2=0.779532 NMSE=0.220468 shuffled_R2=-0.023656
ALIGN ego[03] partner[01] R2=0.530296 NMSE=0.469704 shuffled_R2=-0.066595
ALIGN ego[03] partner[02] R2=0.844738 NMSE=0.155262 shuffled_R2=-0.015982
ALIGN ego[03] partner[03] R2=0.808641 NMSE=0.191359 shuffled_R2=-0.020697
ALIGN ego[03] partner[04] R2=0.700983 NMSE=0.299017 shuffled_R2=-0.030116
ALIGN ego[04] partner[00] R2=0.907761 NMSE=0.092239 shuffled_R2=-0.013866
ALIGN ego[04] partner[01] R2=0.896751 NMSE=0.103249 shuffled_R2=-0.014033
ALIGN ego[04] partner[02] R2=0.827226 NMSE=0.172774 shuffled_R2=-0.020348
ALIGN ego[04] partner[03] R2=0.859286 NMSE=0.140714 shuffled_R2=-0.017205
ALIGN ego[04] partner[04] R2=0.258293 NMSE=0.741707 shuffled_R2=-0.113328
Evaluating partner alignment group 3: method=sp, prefix=checkpoints/eval_pools/sp
LOADED: checkpoints/eval_pools/sp/coord_ring/baseline_seed_0_step_220.msgpack
LOADED: checkpoints/eval_pools/sp/coord_ring/baseline_seed_1_step_220.msgpack
LOADED: checkpoints/eval_pools/sp/coord_ring/baseline_seed_2_step_220.msgpack
LOADED: checkpoints/eval_pools/sp/coord_ring/baseline_seed_3_step_220.msgpack
LOADED: checkpoints/eval_pools/sp/coord_ring/baseline_seed_4_step_220.msgpack
Using alignment rollout scale: ALIGN_PAIR_BATCH_SIZE=2, ALIGN_EVAL_NUM_EPISODES=128, ALIGN_EVAL_NUM_STEPS=400
ALIGN ego[00] partner[00] R2=0.886166 NMSE=0.113834 shuffled_R2=-0.016701
ALIGN ego[00] partner[01] R2=0.822175 NMSE=0.177825 shuffled_R2=-0.022184
ALIGN ego[00] partner[02] R2=0.828585 NMSE=0.171415 shuffled_R2=-0.034379
ALIGN ego[00] partner[03] R2=0.859954 NMSE=0.140046 shuffled_R2=-0.019487
ALIGN ego[00] partner[04] R2=0.939243 NMSE=0.060757 shuffled_R2=-0.014541
ALIGN ego[01] partner[00] R2=0.780177 NMSE=0.219823 shuffled_R2=-0.034692
ALIGN ego[01] partner[01] R2=0.896701 NMSE=0.103299 shuffled_R2=-0.017690
ALIGN ego[01] partner[02] R2=0.860782 NMSE=0.139218 shuffled_R2=-0.019901
ALIGN ego[01] partner[03] R2=0.911628 NMSE=0.088372 shuffled_R2=-0.018431
ALIGN ego[01] partner[04] R2=0.928275 NMSE=0.071725 shuffled_R2=-0.015299
ALIGN ego[02] partner[00] R2=0.901855 NMSE=0.098145 shuffled_R2=-0.015376
ALIGN ego[02] partner[01] R2=0.535538 NMSE=0.464462 shuffled_R2=-0.082399
ALIGN ego[02] partner[02] R2=0.905466 NMSE=0.094534 shuffled_R2=-0.015850
ALIGN ego[02] partner[03] R2=0.901129 NMSE=0.098871 shuffled_R2=-0.020909
ALIGN ego[02] partner[04] R2=0.937525 NMSE=0.062475 shuffled_R2=-0.017788
ALIGN ego[03] partner[00] R2=0.925432 NMSE=0.074568 shuffled_R2=-0.017437
ALIGN ego[03] partner[01] R2=0.885872 NMSE=0.114128 shuffled_R2=-0.026481
ALIGN ego[03] partner[02] R2=0.933004 NMSE=0.066996 shuffled_R2=-0.017226
ALIGN ego[03] partner[03] R2=0.824308 NMSE=0.175692 shuffled_R2=-0.049337
ALIGN ego[03] partner[04] R2=0.926068 NMSE=0.073932 shuffled_R2=-0.020125
ALIGN ego[04] partner[00] R2=0.923942 NMSE=0.076058 shuffled_R2=-0.017407
ALIGN ego[04] partner[01] R2=0.916761 NMSE=0.083239 shuffled_R2=-0.014282
ALIGN ego[04] partner[02] R2=0.826351 NMSE=0.173649 shuffled_R2=-0.026718
ALIGN ego[04] partner[03] R2=0.836295 NMSE=0.163705 shuffled_R2=-0.023026
ALIGN ego[04] partner[04] R2=0.961284 NMSE=0.038716 shuffled_R2=-0.014966
Average ego-to-partner alignment R2: 0.837828 +- 0.011073 SE over 100 ego-partner pairs
Average alignment normalized MSE: 0.162172 +- 0.011073 SE
Average shuffled-control alignment R2: -0.027952 +- 0.003185 SE
Saved alignment results to ad_hoc_teamplay_results/lmpredV2005_gamma0_ad_hoc_teamplay/coord_ring
Evaluating ad-hoc teamplay for ego_method=lmpredV2005_gamma0, layout=asymm_advantages
ego_prefix=checkpoints/lmpredV2005_gamma0/, partner_pool_specs=e3t:checkpoints/eval_pools/e3t;mep_br:checkpoints/eval_pools/mep_br;pbt:checkpoints/eval_pools/pbt;sp:checkpoints/eval_pools/sp, result_name=lmpredV2005_gamma0_ad_hoc_teamplay, ego_perspective_transform=true
Cannot find primary config 'asymm_advantages'. Check that it's in your config search path.

Config search path:
	provider=hydra, path=pkg://hydra.conf
	provider=main, path=file:///net/scratch/n70579mp/tom/JaxMARL/baselines/overcookedv2/config/oc_extended/mep_br
	provider=schema, path=structured://

Set the environment variable HYDRA_FULL_ERROR=1 for a complete stack trace.
Importing submoduled environments...
Submoduled environments not found. Skipping import.
Evaluating ad-hoc teamplay for ego_method=lmpredV2005_gamma0, layout=forced_coord
ego_prefix=checkpoints/lmpredV2005_gamma0/, partner_pool_specs=e3t:checkpoints/eval_pools/e3t;mep_br:checkpoints/eval_pools/mep_br;pbt:checkpoints/eval_pools/pbt;sp:checkpoints/eval_pools/sp, result_name=lmpredV2005_gamma0_ad_hoc_teamplay, ego_perspective_transform=true
Cannot find primary config 'forced_coord'. Check that it's in your config search path.

Config search path:
	provider=hydra, path=pkg://hydra.conf
	provider=main, path=file:///net/scratch/n70579mp/tom/JaxMARL/baselines/overcookedv2/config/oc_extended/mep_br
	provider=schema, path=structured://

Set the environment variable HYDRA_FULL_ERROR=1 for a complete stack trace.
Importing submoduled environments...
Submoduled environments not found. Skipping import.
Evaluating ad-hoc teamplay for ego_method=lmpredV2005_gamma0_ablate, layout=cramped_room5x5
ego_prefix=checkpoints/lmpredV2005_gamma0_ablate/, partner_pool_specs=e3t:checkpoints/eval_pools/e3t;mep_br:checkpoints/eval_pools/mep_br;pbt:checkpoints/eval_pools/pbt;sp:checkpoints/eval_pools/sp, result_name=lmpredV2005_gamma0_ablate_ad_hoc_teamplay, ego_perspective_transform=false
Importing submoduled environments...
Submoduled environments not found. Skipping import.
2026-07-05 17:26:13.386741: W external/xla/xla/service/gpu/autotuning/dot_search_space.cc:200] All configs were filtered out because none of them sufficiently match the hints. Maybe the hints set does not contain a good representative set of valid configs?Working around this by using the full hints set instead.
2026-07-05 17:26:14.509815: W external/xla/xla/service/gpu/autotuning/dot_search_space.cc:200] All configs were filtered out because none of them sufficiently match the hints. Maybe the hints set does not contain a good representative set of valid configs?Working around this by using the full hints set instead.
LOADED: checkpoints/lmpredV2005_gamma0_ablate/cramped_room5x5/baseline_seed_0_step_220.msgpack
LOADED: checkpoints/lmpredV2005_gamma0_ablate/cramped_room5x5/baseline_seed_1_step_220.msgpack
LOADED: checkpoints/lmpredV2005_gamma0_ablate/cramped_room5x5/baseline_seed_2_step_220.msgpack
LOADED: checkpoints/lmpredV2005_gamma0_ablate/cramped_room5x5/baseline_seed_3_step_220.msgpack
LOADED: checkpoints/lmpredV2005_gamma0_ablate/cramped_room5x5/baseline_seed_4_step_220.msgpack
Evaluating partner group 0: method=e3t, prefix=checkpoints/eval_pools/e3t
LOADED: checkpoints/eval_pools/e3t/cramped_room5x5/baseline_seed_0_step_220.msgpack
LOADED: checkpoints/eval_pools/e3t/cramped_room5x5/baseline_seed_1_step_220.msgpack
LOADED: checkpoints/eval_pools/e3t/cramped_room5x5/baseline_seed_2_step_220.msgpack
LOADED: checkpoints/eval_pools/e3t/cramped_room5x5/baseline_seed_3_step_220.msgpack
LOADED: checkpoints/eval_pools/e3t/cramped_room5x5/baseline_seed_4_step_220.msgpack
Using XP rollout scale: XP_PAIR_BATCH_SIZE=32, EVAL_NUM_EPISODES=128, EVAL_NUM_STEPS=400
XP ego[00] partner[00] = 230.156
XP ego[00] partner[01] = 179.531
XP ego[00] partner[02] = 198.594
XP ego[00] partner[03] = 200.312
XP ego[00] partner[04] = 218.594
XP ego[01] partner[00] = 234.688
XP ego[01] partner[01] = 207.500
XP ego[01] partner[02] = 205.000
XP ego[01] partner[03] = 183.281
XP ego[01] partner[04] = 203.438
XP ego[02] partner[00] = 242.500
XP ego[02] partner[01] = 206.406
XP ego[02] partner[02] = 205.156
XP ego[02] partner[03] = 210.625
XP ego[02] partner[04] = 230.312
XP ego[03] partner[00] = 193.125
XP ego[03] partner[01] = 218.906
XP ego[03] partner[02] = 182.188
XP ego[03] partner[03] = 223.906
XP ego[03] partner[04] = 204.531
XP ego[04] partner[00] = 181.250
XP ego[04] partner[01] = 176.562
XP ego[04] partner[02] = 241.719
XP ego[04] partner[03] = 164.688
XP ego[04] partner[04] = 210.156
Evaluating partner group 1: method=mep_br, prefix=checkpoints/eval_pools/mep_br
LOADED: checkpoints/eval_pools/mep_br/cramped_room5x5/baseline_seed_0_step_220.msgpack
LOADED: checkpoints/eval_pools/mep_br/cramped_room5x5/baseline_seed_1_step_220.msgpack
LOADED: checkpoints/eval_pools/mep_br/cramped_room5x5/baseline_seed_2_step_220.msgpack
LOADED: checkpoints/eval_pools/mep_br/cramped_room5x5/baseline_seed_3_step_220.msgpack
LOADED: checkpoints/eval_pools/mep_br/cramped_room5x5/baseline_seed_4_step_220.msgpack
Using XP rollout scale: XP_PAIR_BATCH_SIZE=32, EVAL_NUM_EPISODES=128, EVAL_NUM_STEPS=400
XP ego[00] partner[00] = 214.375
XP ego[00] partner[01] = 230.938
XP ego[00] partner[02] = 221.562
XP ego[00] partner[03] = 234.375
XP ego[00] partner[04] = 192.969
XP ego[01] partner[00] = 225.469
XP ego[01] partner[01] = 230.781
XP ego[01] partner[02] = 233.281
XP ego[01] partner[03] = 222.969
XP ego[01] partner[04] = 197.031
XP ego[02] partner[00] = 223.594
XP ego[02] partner[01] = 232.188
XP ego[02] partner[02] = 191.406
XP ego[02] partner[03] = 235.938
XP ego[02] partner[04] = 233.125
XP ego[03] partner[00] = 212.656
XP ego[03] partner[01] = 213.906
XP ego[03] partner[02] = 225.000
XP ego[03] partner[03] = 228.594
XP ego[03] partner[04] = 221.250
XP ego[04] partner[00] = 204.844
XP ego[04] partner[01] = 177.344
XP ego[04] partner[02] = 185.156
XP ego[04] partner[03] = 225.000
XP ego[04] partner[04] = 196.094
Evaluating partner group 2: method=pbt, prefix=checkpoints/eval_pools/pbt
LOADED: checkpoints/eval_pools/pbt/cramped_room5x5/baseline_seed_0_step_62.msgpack
LOADED: checkpoints/eval_pools/pbt/cramped_room5x5/baseline_seed_1_step_62.msgpack
LOADED: checkpoints/eval_pools/pbt/cramped_room5x5/baseline_seed_2_step_62.msgpack
LOADED: checkpoints/eval_pools/pbt/cramped_room5x5/baseline_seed_3_step_62.msgpack
LOADED: checkpoints/eval_pools/pbt/cramped_room5x5/baseline_seed_4_step_62.msgpack
Using XP rollout scale: XP_PAIR_BATCH_SIZE=32, EVAL_NUM_EPISODES=128, EVAL_NUM_STEPS=400
XP ego[00] partner[00] = 138.438
XP ego[00] partner[01] = 101.562
XP ego[00] partner[02] = 104.219
XP ego[00] partner[03] = 125.938
XP ego[00] partner[04] = 141.250
XP ego[01] partner[00] = 116.250
XP ego[01] partner[01] = 61.562
XP ego[01] partner[02] = 61.875
XP ego[01] partner[03] = 193.438
XP ego[01] partner[04] = 195.781
XP ego[02] partner[00] = 145.156
XP ego[02] partner[01] = 232.500
XP ego[02] partner[02] = 79.375
XP ego[02] partner[03] = 159.062
XP ego[02] partner[04] = 127.969
XP ego[03] partner[00] = 121.719
XP ego[03] partner[01] = 91.719
XP ego[03] partner[02] = 178.125
XP ego[03] partner[03] = 148.594
XP ego[03] partner[04] = 158.438
XP ego[04] partner[00] = 214.219
XP ego[04] partner[01] = 96.875
XP ego[04] partner[02] = 177.500
XP ego[04] partner[03] = 197.969
XP ego[04] partner[04] = 201.562
Evaluating partner group 3: method=sp, prefix=checkpoints/eval_pools/sp
LOADED: checkpoints/eval_pools/sp/cramped_room5x5/baseline_seed_0_step_220.msgpack
LOADED: checkpoints/eval_pools/sp/cramped_room5x5/baseline_seed_1_step_220.msgpack
LOADED: checkpoints/eval_pools/sp/cramped_room5x5/baseline_seed_2_step_220.msgpack
LOADED: checkpoints/eval_pools/sp/cramped_room5x5/baseline_seed_3_step_220.msgpack
LOADED: checkpoints/eval_pools/sp/cramped_room5x5/baseline_seed_4_step_220.msgpack
Using XP rollout scale: XP_PAIR_BATCH_SIZE=32, EVAL_NUM_EPISODES=128, EVAL_NUM_STEPS=400
XP ego[00] partner[00] = 232.031
XP ego[00] partner[01] = 228.594
XP ego[00] partner[02] = 229.375
XP ego[00] partner[03] = 239.375
XP ego[00] partner[04] = 220.000
XP ego[01] partner[00] = 220.312
XP ego[01] partner[01] = 230.469
XP ego[01] partner[02] = 165.156
XP ego[01] partner[03] = 238.438
XP ego[01] partner[04] = 215.000
XP ego[02] partner[00] = 226.719
XP ego[02] partner[01] = 167.188
XP ego[02] partner[02] = 233.281
XP ego[02] partner[03] = 182.812
XP ego[02] partner[04] = 185.938
XP ego[03] partner[00] = 217.344
XP ego[03] partner[01] = 216.406
XP ego[03] partner[02] = 179.531
XP ego[03] partner[03] = 220.000
XP ego[03] partner[04] = 216.875
XP ego[04] partner[00] = 144.219
XP ego[04] partner[01] = 197.969
XP ego[04] partner[02] = 199.844
XP ego[04] partner[03] = 203.750
XP ego[04] partner[04] = 146.562
Average ego-vs-partner performance: 192.912 +- 4.224 SE over 100 ordered pairs
Average diagonal performance: 215.375 +- 4.924 SE over 5 pairs
Average off-diagonal performance (only for square pools): nan +- nan SE over 0 ordered pairs
Saved ad-hoc teamplay results to ad_hoc_teamplay_results/lmpredV2005_gamma0_ablate_ad_hoc_teamplay/cramped_room5x5
Saved ad-hoc teamplay heatmap to ad_hoc_teamplay_results/lmpredV2005_gamma0_ablate_ad_hoc_teamplay/cramped_room5x5/xp_matrix.png
Evaluating partner alignment group 0: method=e3t, prefix=checkpoints/eval_pools/e3t
LOADED: checkpoints/eval_pools/e3t/cramped_room5x5/baseline_seed_0_step_220.msgpack
LOADED: checkpoints/eval_pools/e3t/cramped_room5x5/baseline_seed_1_step_220.msgpack
LOADED: checkpoints/eval_pools/e3t/cramped_room5x5/baseline_seed_2_step_220.msgpack
LOADED: checkpoints/eval_pools/e3t/cramped_room5x5/baseline_seed_3_step_220.msgpack
LOADED: checkpoints/eval_pools/e3t/cramped_room5x5/baseline_seed_4_step_220.msgpack
Using alignment rollout scale: ALIGN_PAIR_BATCH_SIZE=2, ALIGN_EVAL_NUM_EPISODES=128, ALIGN_EVAL_NUM_STEPS=400
ALIGN ego[00] partner[00] R2=0.926026 NMSE=0.073974 shuffled_R2=-0.028960
ALIGN ego[00] partner[01] R2=0.821016 NMSE=0.178984 shuffled_R2=-0.076757
ALIGN ego[00] partner[02] R2=0.926025 NMSE=0.073975 shuffled_R2=-0.026049
ALIGN ego[00] partner[03] R2=0.803244 NMSE=0.196756 shuffled_R2=-0.042643
ALIGN ego[00] partner[04] R2=0.821465 NMSE=0.178535 shuffled_R2=-0.082048
ALIGN ego[01] partner[00] R2=0.951091 NMSE=0.048909 shuffled_R2=-0.017096
ALIGN ego[01] partner[01] R2=0.954507 NMSE=0.045493 shuffled_R2=-0.016320
ALIGN ego[01] partner[02] R2=0.950665 NMSE=0.049335 shuffled_R2=-0.020230
ALIGN ego[01] partner[03] R2=0.950347 NMSE=0.049653 shuffled_R2=-0.015527
ALIGN ego[01] partner[04] R2=0.963077 NMSE=0.036923 shuffled_R2=-0.013985
ALIGN ego[02] partner[00] R2=0.951124 NMSE=0.048876 shuffled_R2=-0.019146
ALIGN ego[02] partner[01] R2=0.959808 NMSE=0.040192 shuffled_R2=-0.017794
ALIGN ego[02] partner[02] R2=0.942884 NMSE=0.057116 shuffled_R2=-0.030261
ALIGN ego[02] partner[03] R2=0.901826 NMSE=0.098174 shuffled_R2=-0.029275
ALIGN ego[02] partner[04] R2=0.946833 NMSE=0.053167 shuffled_R2=-0.020209
ALIGN ego[03] partner[00] R2=0.949443 NMSE=0.050557 shuffled_R2=-0.016805
ALIGN ego[03] partner[01] R2=0.945354 NMSE=0.054646 shuffled_R2=-0.022537
ALIGN ego[03] partner[02] R2=0.952272 NMSE=0.047728 shuffled_R2=-0.018750
ALIGN ego[03] partner[03] R2=0.826781 NMSE=0.173219 shuffled_R2=-0.060126
ALIGN ego[03] partner[04] R2=0.963436 NMSE=0.036564 shuffled_R2=-0.017015
ALIGN ego[04] partner[00] R2=0.944261 NMSE=0.055739 shuffled_R2=-0.019728
ALIGN ego[04] partner[01] R2=0.952665 NMSE=0.047335 shuffled_R2=-0.020690
ALIGN ego[04] partner[02] R2=0.941679 NMSE=0.058321 shuffled_R2=-0.018710
ALIGN ego[04] partner[03] R2=0.932588 NMSE=0.067412 shuffled_R2=-0.019195
ALIGN ego[04] partner[04] R2=0.943199 NMSE=0.056801 shuffled_R2=-0.020249
Evaluating partner alignment group 1: method=mep_br, prefix=checkpoints/eval_pools/mep_br
LOADED: checkpoints/eval_pools/mep_br/cramped_room5x5/baseline_seed_0_step_220.msgpack
LOADED: checkpoints/eval_pools/mep_br/cramped_room5x5/baseline_seed_1_step_220.msgpack
LOADED: checkpoints/eval_pools/mep_br/cramped_room5x5/baseline_seed_2_step_220.msgpack
LOADED: checkpoints/eval_pools/mep_br/cramped_room5x5/baseline_seed_3_step_220.msgpack
LOADED: checkpoints/eval_pools/mep_br/cramped_room5x5/baseline_seed_4_step_220.msgpack
Using alignment rollout scale: ALIGN_PAIR_BATCH_SIZE=2, ALIGN_EVAL_NUM_EPISODES=128, ALIGN_EVAL_NUM_STEPS=400
ALIGN ego[00] partner[00] R2=0.919306 NMSE=0.080694 shuffled_R2=-0.015639
ALIGN ego[00] partner[01] R2=0.824971 NMSE=0.175029 shuffled_R2=-0.050032
ALIGN ego[00] partner[02] R2=0.941091 NMSE=0.058909 shuffled_R2=-0.015761
ALIGN ego[00] partner[03] R2=0.956521 NMSE=0.043479 shuffled_R2=-0.016670
ALIGN ego[00] partner[04] R2=0.961918 NMSE=0.038082 shuffled_R2=-0.016638
ALIGN ego[01] partner[00] R2=0.915642 NMSE=0.084358 shuffled_R2=-0.027810
ALIGN ego[01] partner[01] R2=0.963177 NMSE=0.036823 shuffled_R2=-0.015890
ALIGN ego[01] partner[02] R2=0.960070 NMSE=0.039930 shuffled_R2=-0.015585
ALIGN ego[01] partner[03] R2=0.971432 NMSE=0.028568 shuffled_R2=-0.015614
ALIGN ego[01] partner[04] R2=0.858890 NMSE=0.141110 shuffled_R2=-0.089392
ALIGN ego[02] partner[00] R2=0.945460 NMSE=0.054540 shuffled_R2=-0.018256
ALIGN ego[02] partner[01] R2=0.934104 NMSE=0.065896 shuffled_R2=-0.023131
ALIGN ego[02] partner[02] R2=0.944216 NMSE=0.055784 shuffled_R2=-0.019273
ALIGN ego[02] partner[03] R2=0.957160 NMSE=0.042840 shuffled_R2=-0.015067
ALIGN ego[02] partner[04] R2=0.928442 NMSE=0.071558 shuffled_R2=-0.024809
ALIGN ego[03] partner[00] R2=0.906260 NMSE=0.093740 shuffled_R2=-0.024293
ALIGN ego[03] partner[01] R2=0.960572 NMSE=0.039428 shuffled_R2=-0.015751
ALIGN ego[03] partner[02] R2=0.939898 NMSE=0.060102 shuffled_R2=-0.016326
ALIGN ego[03] partner[03] R2=0.877695 NMSE=0.122305 shuffled_R2=-0.042909
ALIGN ego[03] partner[04] R2=0.962525 NMSE=0.037475 shuffled_R2=-0.015482
ALIGN ego[04] partner[00] R2=0.915861 NMSE=0.084139 shuffled_R2=-0.014044
ALIGN ego[04] partner[01] R2=0.937261 NMSE=0.062739 shuffled_R2=-0.017091
ALIGN ego[04] partner[02] R2=0.905850 NMSE=0.094150 shuffled_R2=-0.022257
ALIGN ego[04] partner[03] R2=0.893182 NMSE=0.106818 shuffled_R2=-0.056602
ALIGN ego[04] partner[04] R2=0.924158 NMSE=0.075842 shuffled_R2=-0.024306
Evaluating partner alignment group 2: method=pbt, prefix=checkpoints/eval_pools/pbt
LOADED: checkpoints/eval_pools/pbt/cramped_room5x5/baseline_seed_0_step_62.msgpack
LOADED: checkpoints/eval_pools/pbt/cramped_room5x5/baseline_seed_1_step_62.msgpack
LOADED: checkpoints/eval_pools/pbt/cramped_room5x5/baseline_seed_2_step_62.msgpack
LOADED: checkpoints/eval_pools/pbt/cramped_room5x5/baseline_seed_3_step_62.msgpack
LOADED: checkpoints/eval_pools/pbt/cramped_room5x5/baseline_seed_4_step_62.msgpack
Using alignment rollout scale: ALIGN_PAIR_BATCH_SIZE=2, ALIGN_EVAL_NUM_EPISODES=128, ALIGN_EVAL_NUM_STEPS=400
ALIGN ego[00] partner[00] R2=0.847460 NMSE=0.152540 shuffled_R2=-0.027055
ALIGN ego[00] partner[01] R2=0.857414 NMSE=0.142586 shuffled_R2=-0.017473
ALIGN ego[00] partner[02] R2=0.883598 NMSE=0.116402 shuffled_R2=-0.015590
ALIGN ego[00] partner[03] R2=0.877012 NMSE=0.122988 shuffled_R2=-0.016705
ALIGN ego[00] partner[04] R2=0.793584 NMSE=0.206416 shuffled_R2=-0.027333
ALIGN ego[01] partner[00] R2=0.898240 NMSE=0.101760 shuffled_R2=-0.015477
ALIGN ego[01] partner[01] R2=0.876489 NMSE=0.123511 shuffled_R2=-0.019683
ALIGN ego[01] partner[02] R2=0.699077 NMSE=0.300923 shuffled_R2=-0.050563
ALIGN ego[01] partner[03] R2=0.883626 NMSE=0.116374 shuffled_R2=-0.014312
ALIGN ego[01] partner[04] R2=0.886682 NMSE=0.113318 shuffled_R2=-0.018155
ALIGN ego[02] partner[00] R2=0.882361 NMSE=0.117639 shuffled_R2=-0.017531
ALIGN ego[02] partner[01] R2=0.865306 NMSE=0.134694 shuffled_R2=-0.015214
ALIGN ego[02] partner[02] R2=0.856023 NMSE=0.143977 shuffled_R2=-0.014100
ALIGN ego[02] partner[03] R2=0.705305 NMSE=0.294695 shuffled_R2=-0.045243
ALIGN ego[02] partner[04] R2=0.901156 NMSE=0.098844 shuffled_R2=-0.010718
ALIGN ego[03] partner[00] R2=0.877888 NMSE=0.122112 shuffled_R2=-0.014085
ALIGN ego[03] partner[01] R2=0.374020 NMSE=0.625980 shuffled_R2=-0.100124
ALIGN ego[03] partner[02] R2=0.894912 NMSE=0.105088 shuffled_R2=-0.014371
ALIGN ego[03] partner[03] R2=0.809077 NMSE=0.190923 shuffled_R2=-0.041266
ALIGN ego[03] partner[04] R2=0.831642 NMSE=0.168358 shuffled_R2=-0.027803
ALIGN ego[04] partner[00] R2=0.831624 NMSE=0.168376 shuffled_R2=-0.020163
ALIGN ego[04] partner[01] R2=0.849083 NMSE=0.150917 shuffled_R2=-0.021605
ALIGN ego[04] partner[02] R2=0.866910 NMSE=0.133090 shuffled_R2=-0.015486
ALIGN ego[04] partner[03] R2=0.819690 NMSE=0.180310 shuffled_R2=-0.029295
ALIGN ego[04] partner[04] R2=0.767535 NMSE=0.232465 shuffled_R2=-0.041830
Evaluating partner alignment group 3: method=sp, prefix=checkpoints/eval_pools/sp
LOADED: checkpoints/eval_pools/sp/cramped_room5x5/baseline_seed_0_step_220.msgpack
LOADED: checkpoints/eval_pools/sp/cramped_room5x5/baseline_seed_1_step_220.msgpack
LOADED: checkpoints/eval_pools/sp/cramped_room5x5/baseline_seed_2_step_220.msgpack
LOADED: checkpoints/eval_pools/sp/cramped_room5x5/baseline_seed_3_step_220.msgpack
LOADED: checkpoints/eval_pools/sp/cramped_room5x5/baseline_seed_4_step_220.msgpack
Using alignment rollout scale: ALIGN_PAIR_BATCH_SIZE=2, ALIGN_EVAL_NUM_EPISODES=128, ALIGN_EVAL_NUM_STEPS=400
ALIGN ego[00] partner[00] R2=0.924435 NMSE=0.075565 shuffled_R2=-0.024121
ALIGN ego[00] partner[01] R2=0.947180 NMSE=0.052820 shuffled_R2=-0.017989
ALIGN ego[00] partner[02] R2=0.904882 NMSE=0.095118 shuffled_R2=-0.057652
ALIGN ego[00] partner[03] R2=0.934244 NMSE=0.065756 shuffled_R2=-0.023079
ALIGN ego[00] partner[04] R2=0.856917 NMSE=0.143083 shuffled_R2=-0.032126
ALIGN ego[01] partner[00] R2=0.819510 NMSE=0.180490 shuffled_R2=-0.052149
ALIGN ego[01] partner[01] R2=0.971792 NMSE=0.028208 shuffled_R2=-0.014461
ALIGN ego[01] partner[02] R2=0.958818 NMSE=0.041182 shuffled_R2=-0.016763
ALIGN ego[01] partner[03] R2=0.956674 NMSE=0.043326 shuffled_R2=-0.015383
ALIGN ego[01] partner[04] R2=0.958716 NMSE=0.041284 shuffled_R2=-0.018546
ALIGN ego[02] partner[00] R2=0.949480 NMSE=0.050520 shuffled_R2=-0.017615
ALIGN ego[02] partner[01] R2=0.961531 NMSE=0.038469 shuffled_R2=-0.018480
ALIGN ego[02] partner[02] R2=0.940989 NMSE=0.059011 shuffled_R2=-0.018125
ALIGN ego[02] partner[03] R2=0.956967 NMSE=0.043033 shuffled_R2=-0.015797
ALIGN ego[02] partner[04] R2=0.962932 NMSE=0.037068 shuffled_R2=-0.019811
ALIGN ego[03] partner[00] R2=0.887203 NMSE=0.112797 shuffled_R2=-0.046516
ALIGN ego[03] partner[01] R2=0.943430 NMSE=0.056570 shuffled_R2=-0.022486
ALIGN ego[03] partner[02] R2=0.920859 NMSE=0.079141 shuffled_R2=-0.050903
ALIGN ego[03] partner[03] R2=0.927106 NMSE=0.072894 shuffled_R2=-0.023814
ALIGN ego[03] partner[04] R2=0.944505 NMSE=0.055495 shuffled_R2=-0.021245
ALIGN ego[04] partner[00] R2=0.933224 NMSE=0.066776 shuffled_R2=-0.020289
ALIGN ego[04] partner[01] R2=0.953372 NMSE=0.046628 shuffled_R2=-0.016109
ALIGN ego[04] partner[02] R2=0.957453 NMSE=0.042547 shuffled_R2=-0.016209
ALIGN ego[04] partner[03] R2=0.861248 NMSE=0.138752 shuffled_R2=-0.040114
ALIGN ego[04] partner[04] R2=0.935219 NMSE=0.064781 shuffled_R2=-0.018556
Average ego-to-partner alignment R2: 0.902317 +- 0.007811 SE over 100 ego-partner pairs
Average alignment normalized MSE: 0.097683 +- 0.007811 SE
Average shuffled-control alignment R2: -0.026083 +- 0.001688 SE
Saved alignment results to ad_hoc_teamplay_results/lmpredV2005_gamma0_ablate_ad_hoc_teamplay/cramped_room5x5
Evaluating ad-hoc teamplay for ego_method=lmpredV2005_gamma0_ablate, layout=counter_circuit
ego_prefix=checkpoints/lmpredV2005_gamma0_ablate/, partner_pool_specs=e3t:checkpoints/eval_pools/e3t;mep_br:checkpoints/eval_pools/mep_br;pbt:checkpoints/eval_pools/pbt;sp:checkpoints/eval_pools/sp, result_name=lmpredV2005_gamma0_ablate_ad_hoc_teamplay, ego_perspective_transform=false
Importing submoduled environments...
Submoduled environments not found. Skipping import.
2026-07-05 17:29:42.842372: W external/xla/xla/service/gpu/autotuning/dot_search_space.cc:200] All configs were filtered out because none of them sufficiently match the hints. Maybe the hints set does not contain a good representative set of valid configs?Working around this by using the full hints set instead.
2026-07-05 17:29:43.846556: W external/xla/xla/service/gpu/autotuning/dot_search_space.cc:200] All configs were filtered out because none of them sufficiently match the hints. Maybe the hints set does not contain a good representative set of valid configs?Working around this by using the full hints set instead.
LOADED: checkpoints/lmpredV2005_gamma0_ablate/counter_circuit/baseline_seed_0_step_380.msgpack
LOADED: checkpoints/lmpredV2005_gamma0_ablate/counter_circuit/baseline_seed_1_step_380.msgpack
LOADED: checkpoints/lmpredV2005_gamma0_ablate/counter_circuit/baseline_seed_2_step_380.msgpack
LOADED: checkpoints/lmpredV2005_gamma0_ablate/counter_circuit/baseline_seed_3_step_380.msgpack
LOADED: checkpoints/lmpredV2005_gamma0_ablate/counter_circuit/baseline_seed_4_step_380.msgpack
Evaluating partner group 0: method=e3t, prefix=checkpoints/eval_pools/e3t
LOADED: checkpoints/eval_pools/e3t/counter_circuit/baseline_seed_0_step_220.msgpack
LOADED: checkpoints/eval_pools/e3t/counter_circuit/baseline_seed_1_step_220.msgpack
LOADED: checkpoints/eval_pools/e3t/counter_circuit/baseline_seed_2_step_220.msgpack
LOADED: checkpoints/eval_pools/e3t/counter_circuit/baseline_seed_3_step_220.msgpack
LOADED: checkpoints/eval_pools/e3t/counter_circuit/baseline_seed_4_step_220.msgpack
Using XP rollout scale: XP_PAIR_BATCH_SIZE=32, EVAL_NUM_EPISODES=128, EVAL_NUM_STEPS=400
XP ego[00] partner[00] = 169.219
XP ego[00] partner[01] = 60.469
XP ego[00] partner[02] = 146.562
XP ego[00] partner[03] = 14.375
XP ego[00] partner[04] = 119.062
XP ego[01] partner[00] = 173.906
XP ego[01] partner[01] = 162.188
XP ego[01] partner[02] = 141.250
XP ego[01] partner[03] = 7.656
XP ego[01] partner[04] = 135.312
XP ego[02] partner[00] = 147.188
XP ego[02] partner[01] = 138.594
XP ego[02] partner[02] = 87.344
XP ego[02] partner[03] = 7.969
XP ego[02] partner[04] = 80.156
XP ego[03] partner[00] = 148.750
XP ego[03] partner[01] = 140.000
XP ego[03] partner[02] = 135.469
XP ego[03] partner[03] = 31.875
XP ego[03] partner[04] = 144.219
XP ego[04] partner[00] = 137.812
XP ego[04] partner[01] = 88.906
XP ego[04] partner[02] = 131.875
XP ego[04] partner[03] = 26.406
XP ego[04] partner[04] = 123.906
Evaluating partner group 1: method=mep_br, prefix=checkpoints/eval_pools/mep_br
LOADED: checkpoints/eval_pools/mep_br/counter_circuit/baseline_seed_0_step_380.msgpack
LOADED: checkpoints/eval_pools/mep_br/counter_circuit/baseline_seed_1_step_380.msgpack
LOADED: checkpoints/eval_pools/mep_br/counter_circuit/baseline_seed_2_step_380.msgpack
LOADED: checkpoints/eval_pools/mep_br/counter_circuit/baseline_seed_3_step_380.msgpack
LOADED: checkpoints/eval_pools/mep_br/counter_circuit/baseline_seed_4_step_380.msgpack
Using XP rollout scale: XP_PAIR_BATCH_SIZE=32, EVAL_NUM_EPISODES=128, EVAL_NUM_STEPS=400
XP ego[00] partner[00] = 227.969
XP ego[00] partner[01] = 171.406
XP ego[00] partner[02] = 234.219
XP ego[00] partner[03] = 207.656
XP ego[00] partner[04] = 205.156
XP ego[01] partner[00] = 224.844
XP ego[01] partner[01] = 210.469
XP ego[01] partner[02] = 237.344
XP ego[01] partner[03] = 229.062
XP ego[01] partner[04] = 202.188
XP ego[02] partner[00] = 176.562
XP ego[02] partner[01] = 159.688
XP ego[02] partner[02] = 176.562
XP ego[02] partner[03] = 202.656
XP ego[02] partner[04] = 187.500
XP ego[03] partner[00] = 150.625
XP ego[03] partner[01] = 114.219
XP ego[03] partner[02] = 159.219
XP ego[03] partner[03] = 163.594
XP ego[03] partner[04] = 136.406
XP ego[04] partner[00] = 175.625
XP ego[04] partner[01] = 158.281
XP ego[04] partner[02] = 163.906
XP ego[04] partner[03] = 180.312
XP ego[04] partner[04] = 155.781
Evaluating partner group 2: method=pbt, prefix=checkpoints/eval_pools/pbt
LOADED: checkpoints/eval_pools/pbt/counter_circuit/baseline_seed_0_step_62.msgpack
LOADED: checkpoints/eval_pools/pbt/counter_circuit/baseline_seed_1_step_62.msgpack
LOADED: checkpoints/eval_pools/pbt/counter_circuit/baseline_seed_2_step_62.msgpack
LOADED: checkpoints/eval_pools/pbt/counter_circuit/baseline_seed_3_step_62.msgpack
LOADED: checkpoints/eval_pools/pbt/counter_circuit/baseline_seed_4_step_62.msgpack
Using XP rollout scale: XP_PAIR_BATCH_SIZE=32, EVAL_NUM_EPISODES=128, EVAL_NUM_STEPS=400
XP ego[00] partner[00] = 83.281
XP ego[00] partner[01] = 105.781
XP ego[00] partner[02] = 118.906
XP ego[00] partner[03] = 91.406
XP ego[00] partner[04] = 121.406
XP ego[01] partner[00] = 207.344
XP ego[01] partner[01] = 214.688
XP ego[01] partner[02] = 214.531
XP ego[01] partner[03] = 200.000
XP ego[01] partner[04] = 210.781
XP ego[02] partner[00] = 170.938
XP ego[02] partner[01] = 168.906
XP ego[02] partner[02] = 170.938
XP ego[02] partner[03] = 138.906
XP ego[02] partner[04] = 142.969
XP ego[03] partner[00] = 172.812
XP ego[03] partner[01] = 131.719
XP ego[03] partner[02] = 146.406
XP ego[03] partner[03] = 140.625
XP ego[03] partner[04] = 134.219
XP ego[04] partner[00] = 160.938
XP ego[04] partner[01] = 175.625
XP ego[04] partner[02] = 153.281
XP ego[04] partner[03] = 140.625
XP ego[04] partner[04] = 148.906
Evaluating partner group 3: method=sp, prefix=checkpoints/eval_pools/sp
LOADED: checkpoints/eval_pools/sp/counter_circuit/baseline_seed_0_step_380.msgpack
LOADED: checkpoints/eval_pools/sp/counter_circuit/baseline_seed_1_step_380.msgpack
LOADED: checkpoints/eval_pools/sp/counter_circuit/baseline_seed_2_step_380.msgpack
LOADED: checkpoints/eval_pools/sp/counter_circuit/baseline_seed_3_step_380.msgpack
LOADED: checkpoints/eval_pools/sp/counter_circuit/baseline_seed_4_step_380.msgpack
Using XP rollout scale: XP_PAIR_BATCH_SIZE=32, EVAL_NUM_EPISODES=128, EVAL_NUM_STEPS=400
XP ego[00] partner[00] = 135.156
XP ego[00] partner[01] = 111.094
XP ego[00] partner[02] = 131.094
XP ego[00] partner[03] = 216.406
XP ego[00] partner[04] = 152.188
XP ego[01] partner[00] = 184.219
XP ego[01] partner[01] = 153.125
XP ego[01] partner[02] = 194.375
XP ego[01] partner[03] = 212.969
XP ego[01] partner[04] = 195.781
XP ego[02] partner[00] = 157.969
XP ego[02] partner[01] = 145.625
XP ego[02] partner[02] = 173.438
XP ego[02] partner[03] = 159.219
XP ego[02] partner[04] = 172.344
XP ego[03] partner[00] = 124.531
XP ego[03] partner[01] = 107.031
XP ego[03] partner[02] = 162.188
XP ego[03] partner[03] = 129.375
XP ego[03] partner[04] = 153.125
XP ego[04] partner[00] = 148.438
XP ego[04] partner[01] = 139.688
XP ego[04] partner[02] = 176.719
XP ego[04] partner[03] = 109.062
XP ego[04] partner[04] = 166.250
Average ego-vs-partner performance: 150.891 +- 4.750 SE over 100 ordered pairs
Average diagonal performance: 114.906 +- 25.417 SE over 5 pairs
Average off-diagonal performance (only for square pools): nan +- nan SE over 0 ordered pairs
Saved ad-hoc teamplay results to ad_hoc_teamplay_results/lmpredV2005_gamma0_ablate_ad_hoc_teamplay/counter_circuit
Saved ad-hoc teamplay heatmap to ad_hoc_teamplay_results/lmpredV2005_gamma0_ablate_ad_hoc_teamplay/counter_circuit/xp_matrix.png
Evaluating partner alignment group 0: method=e3t, prefix=checkpoints/eval_pools/e3t
LOADED: checkpoints/eval_pools/e3t/counter_circuit/baseline_seed_0_step_220.msgpack
LOADED: checkpoints/eval_pools/e3t/counter_circuit/baseline_seed_1_step_220.msgpack
LOADED: checkpoints/eval_pools/e3t/counter_circuit/baseline_seed_2_step_220.msgpack
LOADED: checkpoints/eval_pools/e3t/counter_circuit/baseline_seed_3_step_220.msgpack
LOADED: checkpoints/eval_pools/e3t/counter_circuit/baseline_seed_4_step_220.msgpack
Using alignment rollout scale: ALIGN_PAIR_BATCH_SIZE=2, ALIGN_EVAL_NUM_EPISODES=128, ALIGN_EVAL_NUM_STEPS=400
ALIGN ego[00] partner[00] R2=0.758530 NMSE=0.241470 shuffled_R2=-0.020469
ALIGN ego[00] partner[01] R2=0.824613 NMSE=0.175387 shuffled_R2=-0.017645
ALIGN ego[00] partner[02] R2=0.786701 NMSE=0.213299 shuffled_R2=-0.021382
ALIGN ego[00] partner[03] R2=0.833868 NMSE=0.166132 shuffled_R2=-0.025695
ALIGN ego[00] partner[04] R2=0.750550 NMSE=0.249450 shuffled_R2=-0.017152
ALIGN ego[01] partner[00] R2=0.773520 NMSE=0.226480 shuffled_R2=-0.016426
ALIGN ego[01] partner[01] R2=0.741043 NMSE=0.258957 shuffled_R2=-0.018641
ALIGN ego[01] partner[02] R2=0.804472 NMSE=0.195528 shuffled_R2=-0.016148
ALIGN ego[01] partner[03] R2=0.841800 NMSE=0.158200 shuffled_R2=-0.025749
ALIGN ego[01] partner[04] R2=0.772438 NMSE=0.227562 shuffled_R2=-0.024667
ALIGN ego[02] partner[00] R2=0.754563 NMSE=0.245437 shuffled_R2=-0.017484
ALIGN ego[02] partner[01] R2=0.797630 NMSE=0.202370 shuffled_R2=-0.016147
ALIGN ego[02] partner[02] R2=0.699138 NMSE=0.300862 shuffled_R2=-0.017278
ALIGN ego[02] partner[03] R2=0.765038 NMSE=0.234962 shuffled_R2=-0.028699
ALIGN ego[02] partner[04] R2=0.820692 NMSE=0.179308 shuffled_R2=-0.017591
ALIGN ego[03] partner[00] R2=0.770823 NMSE=0.229177 shuffled_R2=-0.017721
ALIGN ego[03] partner[01] R2=0.733150 NMSE=0.266850 shuffled_R2=-0.021597
ALIGN ego[03] partner[02] R2=0.690895 NMSE=0.309105 shuffled_R2=-0.022670
ALIGN ego[03] partner[03] R2=0.838920 NMSE=0.161080 shuffled_R2=-0.019577
ALIGN ego[03] partner[04] R2=0.780467 NMSE=0.219533 shuffled_R2=-0.016243
ALIGN ego[04] partner[00] R2=0.714451 NMSE=0.285549 shuffled_R2=-0.022522
ALIGN ego[04] partner[01] R2=0.798181 NMSE=0.201819 shuffled_R2=-0.016779
ALIGN ego[04] partner[02] R2=0.730368 NMSE=0.269632 shuffled_R2=-0.016031
ALIGN ego[04] partner[03] R2=0.729457 NMSE=0.270543 shuffled_R2=-0.032267
ALIGN ego[04] partner[04] R2=0.727704 NMSE=0.272296 shuffled_R2=-0.023526
Evaluating partner alignment group 1: method=mep_br, prefix=checkpoints/eval_pools/mep_br
LOADED: checkpoints/eval_pools/mep_br/counter_circuit/baseline_seed_0_step_380.msgpack
LOADED: checkpoints/eval_pools/mep_br/counter_circuit/baseline_seed_1_step_380.msgpack
LOADED: checkpoints/eval_pools/mep_br/counter_circuit/baseline_seed_2_step_380.msgpack
LOADED: checkpoints/eval_pools/mep_br/counter_circuit/baseline_seed_3_step_380.msgpack
LOADED: checkpoints/eval_pools/mep_br/counter_circuit/baseline_seed_4_step_380.msgpack
Using alignment rollout scale: ALIGN_PAIR_BATCH_SIZE=2, ALIGN_EVAL_NUM_EPISODES=128, ALIGN_EVAL_NUM_STEPS=400
ALIGN ego[00] partner[00] R2=0.812371 NMSE=0.187629 shuffled_R2=-0.021109
ALIGN ego[00] partner[01] R2=0.902089 NMSE=0.097911 shuffled_R2=-0.016940
ALIGN ego[00] partner[02] R2=0.824665 NMSE=0.175335 shuffled_R2=-0.021605
ALIGN ego[00] partner[03] R2=0.832664 NMSE=0.167336 shuffled_R2=-0.016622
ALIGN ego[00] partner[04] R2=0.831151 NMSE=0.168849 shuffled_R2=-0.015122
ALIGN ego[01] partner[00] R2=0.848890 NMSE=0.151110 shuffled_R2=-0.017477
ALIGN ego[01] partner[01] R2=0.860911 NMSE=0.139089 shuffled_R2=-0.017712
ALIGN ego[01] partner[02] R2=0.864418 NMSE=0.135582 shuffled_R2=-0.018235
ALIGN ego[01] partner[03] R2=0.852410 NMSE=0.147590 shuffled_R2=-0.014754
ALIGN ego[01] partner[04] R2=0.820571 NMSE=0.179429 shuffled_R2=-0.015599
ALIGN ego[02] partner[00] R2=0.809599 NMSE=0.190401 shuffled_R2=-0.018170
ALIGN ego[02] partner[01] R2=0.816516 NMSE=0.183484 shuffled_R2=-0.018569
ALIGN ego[02] partner[02] R2=0.793580 NMSE=0.206420 shuffled_R2=-0.020176
ALIGN ego[02] partner[03] R2=0.764424 NMSE=0.235576 shuffled_R2=-0.016184
ALIGN ego[02] partner[04] R2=0.689904 NMSE=0.310096 shuffled_R2=-0.021795
ALIGN ego[03] partner[00] R2=0.840587 NMSE=0.159413 shuffled_R2=-0.016906
ALIGN ego[03] partner[01] R2=0.864266 NMSE=0.135734 shuffled_R2=-0.014845
ALIGN ego[03] partner[02] R2=0.791890 NMSE=0.208110 shuffled_R2=-0.021323
ALIGN ego[03] partner[03] R2=0.815692 NMSE=0.184308 shuffled_R2=-0.018241
ALIGN ego[03] partner[04] R2=0.801302 NMSE=0.198698 shuffled_R2=-0.015364
ALIGN ego[04] partner[00] R2=0.839466 NMSE=0.160534 shuffled_R2=-0.015450
ALIGN ego[04] partner[01] R2=0.783781 NMSE=0.216219 shuffled_R2=-0.027070
ALIGN ego[04] partner[02] R2=0.823439 NMSE=0.176561 shuffled_R2=-0.016410
ALIGN ego[04] partner[03] R2=0.816011 NMSE=0.183989 shuffled_R2=-0.016946
ALIGN ego[04] partner[04] R2=0.762693 NMSE=0.237307 shuffled_R2=-0.020700
Evaluating partner alignment group 2: method=pbt, prefix=checkpoints/eval_pools/pbt
LOADED: checkpoints/eval_pools/pbt/counter_circuit/baseline_seed_0_step_62.msgpack
LOADED: checkpoints/eval_pools/pbt/counter_circuit/baseline_seed_1_step_62.msgpack
LOADED: checkpoints/eval_pools/pbt/counter_circuit/baseline_seed_2_step_62.msgpack
LOADED: checkpoints/eval_pools/pbt/counter_circuit/baseline_seed_3_step_62.msgpack
LOADED: checkpoints/eval_pools/pbt/counter_circuit/baseline_seed_4_step_62.msgpack
Using alignment rollout scale: ALIGN_PAIR_BATCH_SIZE=2, ALIGN_EVAL_NUM_EPISODES=128, ALIGN_EVAL_NUM_STEPS=400
ALIGN ego[00] partner[00] R2=0.738477 NMSE=0.261523 shuffled_R2=-0.018197
ALIGN ego[00] partner[01] R2=0.748730 NMSE=0.251270 shuffled_R2=-0.016216
ALIGN ego[00] partner[02] R2=0.779751 NMSE=0.220249 shuffled_R2=-0.014715
ALIGN ego[00] partner[03] R2=0.729758 NMSE=0.270242 shuffled_R2=-0.017448
ALIGN ego[00] partner[04] R2=0.713758 NMSE=0.286242 shuffled_R2=-0.019575
ALIGN ego[01] partner[00] R2=0.775921 NMSE=0.224079 shuffled_R2=-0.018336
ALIGN ego[01] partner[01] R2=0.782568 NMSE=0.217432 shuffled_R2=-0.014583
ALIGN ego[01] partner[02] R2=0.777200 NMSE=0.222800 shuffled_R2=-0.015858
ALIGN ego[01] partner[03] R2=0.729485 NMSE=0.270515 shuffled_R2=-0.032230
ALIGN ego[01] partner[04] R2=0.771392 NMSE=0.228608 shuffled_R2=-0.016501
ALIGN ego[02] partner[00] R2=0.775454 NMSE=0.224546 shuffled_R2=-0.014043
ALIGN ego[02] partner[01] R2=0.694998 NMSE=0.305002 shuffled_R2=-0.016914
ALIGN ego[02] partner[02] R2=0.733853 NMSE=0.266147 shuffled_R2=-0.017669
ALIGN ego[02] partner[03] R2=0.706572 NMSE=0.293428 shuffled_R2=-0.021476
ALIGN ego[02] partner[04] R2=0.768735 NMSE=0.231265 shuffled_R2=-0.015396
ALIGN ego[03] partner[00] R2=0.769864 NMSE=0.230136 shuffled_R2=-0.016587
ALIGN ego[03] partner[01] R2=0.804177 NMSE=0.195823 shuffled_R2=-0.017034
ALIGN ego[03] partner[02] R2=0.776403 NMSE=0.223597 shuffled_R2=-0.024822
ALIGN ego[03] partner[03] R2=0.797393 NMSE=0.202607 shuffled_R2=-0.019537
ALIGN ego[03] partner[04] R2=0.783926 NMSE=0.216074 shuffled_R2=-0.022761
ALIGN ego[04] partner[00] R2=0.747203 NMSE=0.252797 shuffled_R2=-0.020072
ALIGN ego[04] partner[01] R2=0.628822 NMSE=0.371178 shuffled_R2=-0.029990
ALIGN ego[04] partner[02] R2=0.750467 NMSE=0.249533 shuffled_R2=-0.018129
ALIGN ego[04] partner[03] R2=0.784170 NMSE=0.215830 shuffled_R2=-0.016370
ALIGN ego[04] partner[04] R2=0.803490 NMSE=0.196510 shuffled_R2=-0.016541
Evaluating partner alignment group 3: method=sp, prefix=checkpoints/eval_pools/sp
LOADED: checkpoints/eval_pools/sp/counter_circuit/baseline_seed_0_step_380.msgpack
LOADED: checkpoints/eval_pools/sp/counter_circuit/baseline_seed_1_step_380.msgpack
LOADED: checkpoints/eval_pools/sp/counter_circuit/baseline_seed_2_step_380.msgpack
LOADED: checkpoints/eval_pools/sp/counter_circuit/baseline_seed_3_step_380.msgpack
LOADED: checkpoints/eval_pools/sp/counter_circuit/baseline_seed_4_step_380.msgpack
Using alignment rollout scale: ALIGN_PAIR_BATCH_SIZE=2, ALIGN_EVAL_NUM_EPISODES=128, ALIGN_EVAL_NUM_STEPS=400
ALIGN ego[00] partner[00] R2=0.869303 NMSE=0.130697 shuffled_R2=-0.016629
ALIGN ego[00] partner[01] R2=0.876266 NMSE=0.123734 shuffled_R2=-0.017388
ALIGN ego[00] partner[02] R2=0.825591 NMSE=0.174409 shuffled_R2=-0.019203
ALIGN ego[00] partner[03] R2=0.840780 NMSE=0.159220 shuffled_R2=-0.018291
ALIGN ego[00] partner[04] R2=0.845498 NMSE=0.154502 shuffled_R2=-0.014880
ALIGN ego[01] partner[00] R2=0.865662 NMSE=0.134338 shuffled_R2=-0.015985
ALIGN ego[01] partner[01] R2=0.864377 NMSE=0.135623 shuffled_R2=-0.016739
ALIGN ego[01] partner[02] R2=0.797288 NMSE=0.202712 shuffled_R2=-0.021070
ALIGN ego[01] partner[03] R2=0.833584 NMSE=0.166416 shuffled_R2=-0.024926
ALIGN ego[01] partner[04] R2=0.857633 NMSE=0.142367 shuffled_R2=-0.014697
ALIGN ego[02] partner[00] R2=0.799355 NMSE=0.200645 shuffled_R2=-0.019670
ALIGN ego[02] partner[01] R2=0.801282 NMSE=0.198718 shuffled_R2=-0.023911
ALIGN ego[02] partner[02] R2=0.810106 NMSE=0.189894 shuffled_R2=-0.015991
ALIGN ego[02] partner[03] R2=0.740154 NMSE=0.259846 shuffled_R2=-0.025973
ALIGN ego[02] partner[04] R2=0.802847 NMSE=0.197153 shuffled_R2=-0.016927
ALIGN ego[03] partner[00] R2=0.875596 NMSE=0.124404 shuffled_R2=-0.015725
ALIGN ego[03] partner[01] R2=0.877813 NMSE=0.122187 shuffled_R2=-0.022032
ALIGN ego[03] partner[02] R2=0.836189 NMSE=0.163811 shuffled_R2=-0.019235
ALIGN ego[03] partner[03] R2=0.833860 NMSE=0.166140 shuffled_R2=-0.018291
ALIGN ego[03] partner[04] R2=0.842266 NMSE=0.157734 shuffled_R2=-0.015456
ALIGN ego[04] partner[00] R2=0.867845 NMSE=0.132155 shuffled_R2=-0.015834
ALIGN ego[04] partner[01] R2=0.900651 NMSE=0.099349 shuffled_R2=-0.013972
ALIGN ego[04] partner[02] R2=0.793152 NMSE=0.206848 shuffled_R2=-0.019397
ALIGN ego[04] partner[03] R2=0.844249 NMSE=0.155751 shuffled_R2=-0.015845
ALIGN ego[04] partner[04] R2=0.806465 NMSE=0.193535 shuffled_R2=-0.017038
Average ego-to-partner alignment R2: 0.794827 +- 0.005214 SE over 100 ego-partner pairs
Average alignment normalized MSE: 0.205173 +- 0.005214 SE
Average shuffled-control alignment R2: -0.018895 +- 0.000387 SE
Saved alignment results to ad_hoc_teamplay_results/lmpredV2005_gamma0_ablate_ad_hoc_teamplay/counter_circuit
Evaluating ad-hoc teamplay for ego_method=lmpredV2005_gamma0_ablate, layout=coord_ring
ego_prefix=checkpoints/lmpredV2005_gamma0_ablate/, partner_pool_specs=e3t:checkpoints/eval_pools/e3t;mep_br:checkpoints/eval_pools/mep_br;pbt:checkpoints/eval_pools/pbt;sp:checkpoints/eval_pools/sp, result_name=lmpredV2005_gamma0_ablate_ad_hoc_teamplay, ego_perspective_transform=false
Importing submoduled environments...
Submoduled environments not found. Skipping import.
2026-07-05 17:33:15.475884: W external/xla/xla/service/gpu/autotuning/dot_search_space.cc:200] All configs were filtered out because none of them sufficiently match the hints. Maybe the hints set does not contain a good representative set of valid configs?Working around this by using the full hints set instead.
2026-07-05 17:33:16.474265: W external/xla/xla/service/gpu/autotuning/dot_search_space.cc:200] All configs were filtered out because none of them sufficiently match the hints. Maybe the hints set does not contain a good representative set of valid configs?Working around this by using the full hints set instead.
LOADED: checkpoints/lmpredV2005_gamma0_ablate/coord_ring/baseline_seed_0_step_220.msgpack
LOADED: checkpoints/lmpredV2005_gamma0_ablate/coord_ring/baseline_seed_1_step_220.msgpack
LOADED: checkpoints/lmpredV2005_gamma0_ablate/coord_ring/baseline_seed_2_step_220.msgpack
LOADED: checkpoints/lmpredV2005_gamma0_ablate/coord_ring/baseline_seed_3_step_220.msgpack
LOADED: checkpoints/lmpredV2005_gamma0_ablate/coord_ring/baseline_seed_4_step_220.msgpack
Evaluating partner group 0: method=e3t, prefix=checkpoints/eval_pools/e3t
LOADED: checkpoints/eval_pools/e3t/coord_ring/baseline_seed_0_step_220.msgpack
LOADED: checkpoints/eval_pools/e3t/coord_ring/baseline_seed_1_step_220.msgpack
LOADED: checkpoints/eval_pools/e3t/coord_ring/baseline_seed_2_step_220.msgpack
LOADED: checkpoints/eval_pools/e3t/coord_ring/baseline_seed_3_step_220.msgpack
LOADED: checkpoints/eval_pools/e3t/coord_ring/baseline_seed_4_step_220.msgpack
Using XP rollout scale: XP_PAIR_BATCH_SIZE=32, EVAL_NUM_EPISODES=128, EVAL_NUM_STEPS=400
XP ego[00] partner[00] = 246.406
XP ego[00] partner[01] = 274.062
XP ego[00] partner[02] = 11.562
XP ego[00] partner[03] = 274.219
XP ego[00] partner[04] = 285.625
XP ego[01] partner[00] = 269.531
XP ego[01] partner[01] = 193.281
XP ego[01] partner[02] = 88.281
XP ego[01] partner[03] = 233.750
XP ego[01] partner[04] = 208.438
XP ego[02] partner[00] = 274.219
XP ego[02] partner[01] = 285.156
XP ego[02] partner[02] = 42.812
XP ego[02] partner[03] = 289.375
XP ego[02] partner[04] = 295.156
XP ego[03] partner[00] = 247.656
XP ego[03] partner[01] = 167.031
XP ego[03] partner[02] = 162.188
XP ego[03] partner[03] = 122.188
XP ego[03] partner[04] = 53.594
XP ego[04] partner[00] = 242.812
XP ego[04] partner[01] = 247.344
XP ego[04] partner[02] = 21.250
XP ego[04] partner[03] = 228.594
XP ego[04] partner[04] = 247.656
Evaluating partner group 1: method=mep_br, prefix=checkpoints/eval_pools/mep_br
LOADED: checkpoints/eval_pools/mep_br/coord_ring/baseline_seed_0_step_220.msgpack
LOADED: checkpoints/eval_pools/mep_br/coord_ring/baseline_seed_1_step_220.msgpack
LOADED: checkpoints/eval_pools/mep_br/coord_ring/baseline_seed_2_step_220.msgpack
LOADED: checkpoints/eval_pools/mep_br/coord_ring/baseline_seed_3_step_220.msgpack
LOADED: checkpoints/eval_pools/mep_br/coord_ring/baseline_seed_4_step_220.msgpack
Using XP rollout scale: XP_PAIR_BATCH_SIZE=32, EVAL_NUM_EPISODES=128, EVAL_NUM_STEPS=400
XP ego[00] partner[00] = 264.219
XP ego[00] partner[01] = 285.312
XP ego[00] partner[02] = 272.969
XP ego[00] partner[03] = 182.031
XP ego[00] partner[04] = 267.500
XP ego[01] partner[00] = 210.938
XP ego[01] partner[01] = 209.688
XP ego[01] partner[02] = 270.312
XP ego[01] partner[03] = 209.531
XP ego[01] partner[04] = 230.781
XP ego[02] partner[00] = 244.688
XP ego[02] partner[01] = 291.562
XP ego[02] partner[02] = 245.000
XP ego[02] partner[03] = 198.594
XP ego[02] partner[04] = 277.500
XP ego[03] partner[00] = 205.156
XP ego[03] partner[01] = 250.625
XP ego[03] partner[02] = 207.656
XP ego[03] partner[03] = 246.094
XP ego[03] partner[04] = 166.562
XP ego[04] partner[00] = 218.281
XP ego[04] partner[01] = 254.531
XP ego[04] partner[02] = 241.719
XP ego[04] partner[03] = 165.781
XP ego[04] partner[04] = 228.438
Evaluating partner group 2: method=pbt, prefix=checkpoints/eval_pools/pbt
LOADED: checkpoints/eval_pools/pbt/coord_ring/baseline_seed_0_step_62.msgpack
LOADED: checkpoints/eval_pools/pbt/coord_ring/baseline_seed_1_step_62.msgpack
LOADED: checkpoints/eval_pools/pbt/coord_ring/baseline_seed_2_step_62.msgpack
LOADED: checkpoints/eval_pools/pbt/coord_ring/baseline_seed_3_step_62.msgpack
LOADED: checkpoints/eval_pools/pbt/coord_ring/baseline_seed_4_step_62.msgpack
Using XP rollout scale: XP_PAIR_BATCH_SIZE=32, EVAL_NUM_EPISODES=128, EVAL_NUM_STEPS=400
XP ego[00] partner[00] = 272.969
XP ego[00] partner[01] = 258.906
XP ego[00] partner[02] = 255.000
XP ego[00] partner[03] = 247.188
XP ego[00] partner[04] = 275.312
XP ego[01] partner[00] = 186.094
XP ego[01] partner[01] = 144.531
XP ego[01] partner[02] = 154.375
XP ego[01] partner[03] = 119.062
XP ego[01] partner[04] = 160.625
XP ego[02] partner[00] = 297.188
XP ego[02] partner[01] = 294.375
XP ego[02] partner[02] = 287.656
XP ego[02] partner[03] = 261.406
XP ego[02] partner[04] = 288.750
XP ego[03] partner[00] = 125.469
XP ego[03] partner[01] = 97.500
XP ego[03] partner[02] = 103.438
XP ego[03] partner[03] = 108.281
XP ego[03] partner[04] = 86.406
XP ego[04] partner[00] = 254.844
XP ego[04] partner[01] = 254.688
XP ego[04] partner[02] = 244.062
XP ego[04] partner[03] = 246.094
XP ego[04] partner[04] = 256.094
Evaluating partner group 3: method=sp, prefix=checkpoints/eval_pools/sp
LOADED: checkpoints/eval_pools/sp/coord_ring/baseline_seed_0_step_220.msgpack
LOADED: checkpoints/eval_pools/sp/coord_ring/baseline_seed_1_step_220.msgpack
LOADED: checkpoints/eval_pools/sp/coord_ring/baseline_seed_2_step_220.msgpack
LOADED: checkpoints/eval_pools/sp/coord_ring/baseline_seed_3_step_220.msgpack
LOADED: checkpoints/eval_pools/sp/coord_ring/baseline_seed_4_step_220.msgpack
Using XP rollout scale: XP_PAIR_BATCH_SIZE=32, EVAL_NUM_EPISODES=128, EVAL_NUM_STEPS=400
XP ego[00] partner[00] = 282.812
XP ego[00] partner[01] = 273.906
XP ego[00] partner[02] = 254.219
XP ego[00] partner[03] = 233.750
XP ego[00] partner[04] = 254.844
XP ego[01] partner[00] = 118.281
XP ego[01] partner[01] = 199.375
XP ego[01] partner[02] = 237.188
XP ego[01] partner[03] = 45.625
XP ego[01] partner[04] = 144.219
XP ego[02] partner[00] = 289.062
XP ego[02] partner[01] = 281.875
XP ego[02] partner[02] = 270.000
XP ego[02] partner[03] = 277.969
XP ego[02] partner[04] = 285.156
XP ego[03] partner[00] = 163.438
XP ego[03] partner[01] = 101.875
XP ego[03] partner[02] = 118.438
XP ego[03] partner[03] = 49.375
XP ego[03] partner[04] = 158.906
XP ego[04] partner[00] = 254.844
XP ego[04] partner[01] = 229.531
XP ego[04] partner[02] = 180.781
XP ego[04] partner[03] = 252.656
XP ego[04] partner[04] = 235.312
Average ego-vs-partner performance: 213.314 +- 7.179 SE over 100 ordered pairs
Average diagonal performance: 170.469 +- 39.289 SE over 5 pairs
Average off-diagonal performance (only for square pools): nan +- nan SE over 0 ordered pairs
Saved ad-hoc teamplay results to ad_hoc_teamplay_results/lmpredV2005_gamma0_ablate_ad_hoc_teamplay/coord_ring
Saved ad-hoc teamplay heatmap to ad_hoc_teamplay_results/lmpredV2005_gamma0_ablate_ad_hoc_teamplay/coord_ring/xp_matrix.png
Evaluating partner alignment group 0: method=e3t, prefix=checkpoints/eval_pools/e3t
LOADED: checkpoints/eval_pools/e3t/coord_ring/baseline_seed_0_step_220.msgpack
LOADED: checkpoints/eval_pools/e3t/coord_ring/baseline_seed_1_step_220.msgpack
LOADED: checkpoints/eval_pools/e3t/coord_ring/baseline_seed_2_step_220.msgpack
LOADED: checkpoints/eval_pools/e3t/coord_ring/baseline_seed_3_step_220.msgpack
LOADED: checkpoints/eval_pools/e3t/coord_ring/baseline_seed_4_step_220.msgpack
Using alignment rollout scale: ALIGN_PAIR_BATCH_SIZE=2, ALIGN_EVAL_NUM_EPISODES=128, ALIGN_EVAL_NUM_STEPS=400
ALIGN ego[00] partner[00] R2=0.773254 NMSE=0.226746 shuffled_R2=-0.029806
ALIGN ego[00] partner[01] R2=0.843126 NMSE=0.156874 shuffled_R2=-0.019084
ALIGN ego[00] partner[02] R2=0.684720 NMSE=0.315280 shuffled_R2=-0.162212
ALIGN ego[00] partner[03] R2=0.862050 NMSE=0.137950 shuffled_R2=-0.016791
ALIGN ego[00] partner[04] R2=0.786996 NMSE=0.213004 shuffled_R2=-0.054410
ALIGN ego[01] partner[00] R2=0.860168 NMSE=0.139832 shuffled_R2=-0.019715
ALIGN ego[01] partner[01] R2=0.895780 NMSE=0.104220 shuffled_R2=-0.020055
ALIGN ego[01] partner[02] R2=0.941385 NMSE=0.058615 shuffled_R2=-0.019991
ALIGN ego[01] partner[03] R2=0.875905 NMSE=0.124095 shuffled_R2=-0.015035
ALIGN ego[01] partner[04] R2=0.897108 NMSE=0.102892 shuffled_R2=-0.014428
ALIGN ego[02] partner[00] R2=0.856826 NMSE=0.143174 shuffled_R2=-0.018777
ALIGN ego[02] partner[01] R2=0.859212 NMSE=0.140788 shuffled_R2=-0.016909
ALIGN ego[02] partner[02] R2=0.953354 NMSE=0.046646 shuffled_R2=-0.015031
ALIGN ego[02] partner[03] R2=0.862969 NMSE=0.137031 shuffled_R2=-0.014965
ALIGN ego[02] partner[04] R2=0.902341 NMSE=0.097659 shuffled_R2=-0.015659
ALIGN ego[03] partner[00] R2=0.893622 NMSE=0.106378 shuffled_R2=-0.020788
ALIGN ego[03] partner[01] R2=0.922924 NMSE=0.077076 shuffled_R2=-0.015106
ALIGN ego[03] partner[02] R2=0.920648 NMSE=0.079352 shuffled_R2=-0.016138
ALIGN ego[03] partner[03] R2=0.864869 NMSE=0.135131 shuffled_R2=-0.020784
ALIGN ego[03] partner[04] R2=0.931726 NMSE=0.068274 shuffled_R2=-0.017452
ALIGN ego[04] partner[00] R2=0.842945 NMSE=0.157055 shuffled_R2=-0.020630
ALIGN ego[04] partner[01] R2=0.882373 NMSE=0.117627 shuffled_R2=-0.016370
ALIGN ego[04] partner[02] R2=0.866729 NMSE=0.133271 shuffled_R2=-0.086367
ALIGN ego[04] partner[03] R2=0.843787 NMSE=0.156213 shuffled_R2=-0.027399
ALIGN ego[04] partner[04] R2=0.908162 NMSE=0.091838 shuffled_R2=-0.019838
Evaluating partner alignment group 1: method=mep_br, prefix=checkpoints/eval_pools/mep_br
LOADED: checkpoints/eval_pools/mep_br/coord_ring/baseline_seed_0_step_220.msgpack
LOADED: checkpoints/eval_pools/mep_br/coord_ring/baseline_seed_1_step_220.msgpack
LOADED: checkpoints/eval_pools/mep_br/coord_ring/baseline_seed_2_step_220.msgpack
LOADED: checkpoints/eval_pools/mep_br/coord_ring/baseline_seed_3_step_220.msgpack
LOADED: checkpoints/eval_pools/mep_br/coord_ring/baseline_seed_4_step_220.msgpack
Using alignment rollout scale: ALIGN_PAIR_BATCH_SIZE=2, ALIGN_EVAL_NUM_EPISODES=128, ALIGN_EVAL_NUM_STEPS=400
ALIGN ego[00] partner[00] R2=0.907750 NMSE=0.092250 shuffled_R2=-0.015827
ALIGN ego[00] partner[01] R2=0.882885 NMSE=0.117115 shuffled_R2=-0.015790
ALIGN ego[00] partner[02] R2=0.876686 NMSE=0.123314 shuffled_R2=-0.023203
ALIGN ego[00] partner[03] R2=0.924544 NMSE=0.075456 shuffled_R2=-0.017090
ALIGN ego[00] partner[04] R2=0.832733 NMSE=0.167267 shuffled_R2=-0.030586
ALIGN ego[01] partner[00] R2=0.815964 NMSE=0.184036 shuffled_R2=-0.023016
ALIGN ego[01] partner[01] R2=0.874588 NMSE=0.125412 shuffled_R2=-0.015553
ALIGN ego[01] partner[02] R2=0.838167 NMSE=0.161833 shuffled_R2=-0.016400
ALIGN ego[01] partner[03] R2=0.926037 NMSE=0.073963 shuffled_R2=-0.016717
ALIGN ego[01] partner[04] R2=0.868337 NMSE=0.131663 shuffled_R2=-0.016149
ALIGN ego[02] partner[00] R2=0.875957 NMSE=0.124043 shuffled_R2=-0.020961
ALIGN ego[02] partner[01] R2=0.899338 NMSE=0.100662 shuffled_R2=-0.015987
ALIGN ego[02] partner[02] R2=0.886137 NMSE=0.113863 shuffled_R2=-0.016779
ALIGN ego[02] partner[03] R2=0.872158 NMSE=0.127842 shuffled_R2=-0.038483
ALIGN ego[02] partner[04] R2=0.903959 NMSE=0.096041 shuffled_R2=-0.016317
ALIGN ego[03] partner[00] R2=0.881609 NMSE=0.118391 shuffled_R2=-0.016544
ALIGN ego[03] partner[01] R2=0.829544 NMSE=0.170456 shuffled_R2=-0.020615
ALIGN ego[03] partner[02] R2=0.853477 NMSE=0.146523 shuffled_R2=-0.019491
ALIGN ego[03] partner[03] R2=0.902103 NMSE=0.097897 shuffled_R2=-0.017896
ALIGN ego[03] partner[04] R2=0.931523 NMSE=0.068477 shuffled_R2=-0.012930
ALIGN ego[04] partner[00] R2=0.885659 NMSE=0.114341 shuffled_R2=-0.021982
ALIGN ego[04] partner[01] R2=0.905265 NMSE=0.094735 shuffled_R2=-0.018077
ALIGN ego[04] partner[02] R2=0.888804 NMSE=0.111196 shuffled_R2=-0.019065
ALIGN ego[04] partner[03] R2=0.920908 NMSE=0.079092 shuffled_R2=-0.013710
ALIGN ego[04] partner[04] R2=0.860696 NMSE=0.139304 shuffled_R2=-0.027740
Evaluating partner alignment group 2: method=pbt, prefix=checkpoints/eval_pools/pbt
LOADED: checkpoints/eval_pools/pbt/coord_ring/baseline_seed_0_step_62.msgpack
LOADED: checkpoints/eval_pools/pbt/coord_ring/baseline_seed_1_step_62.msgpack
LOADED: checkpoints/eval_pools/pbt/coord_ring/baseline_seed_2_step_62.msgpack
LOADED: checkpoints/eval_pools/pbt/coord_ring/baseline_seed_3_step_62.msgpack
LOADED: checkpoints/eval_pools/pbt/coord_ring/baseline_seed_4_step_62.msgpack
Using alignment rollout scale: ALIGN_PAIR_BATCH_SIZE=2, ALIGN_EVAL_NUM_EPISODES=128, ALIGN_EVAL_NUM_STEPS=400
ALIGN ego[00] partner[00] R2=0.830100 NMSE=0.169900 shuffled_R2=-0.013790
ALIGN ego[00] partner[01] R2=0.811233 NMSE=0.188767 shuffled_R2=-0.015370
ALIGN ego[00] partner[02] R2=0.792487 NMSE=0.207513 shuffled_R2=-0.019373
ALIGN ego[00] partner[03] R2=0.819503 NMSE=0.180497 shuffled_R2=-0.018541
ALIGN ego[00] partner[04] R2=0.748917 NMSE=0.251083 shuffled_R2=-0.018276
ALIGN ego[01] partner[00] R2=0.812073 NMSE=0.187927 shuffled_R2=-0.015804
ALIGN ego[01] partner[01] R2=0.787145 NMSE=0.212855 shuffled_R2=-0.016673
ALIGN ego[01] partner[02] R2=0.759479 NMSE=0.240521 shuffled_R2=-0.022924
ALIGN ego[01] partner[03] R2=0.624401 NMSE=0.375599 shuffled_R2=-0.048632
ALIGN ego[01] partner[04] R2=0.785302 NMSE=0.214698 shuffled_R2=-0.019456
ALIGN ego[02] partner[00] R2=0.846918 NMSE=0.153082 shuffled_R2=-0.015215
ALIGN ego[02] partner[01] R2=0.614935 NMSE=0.385065 shuffled_R2=-0.043541
ALIGN ego[02] partner[02] R2=0.701761 NMSE=0.298239 shuffled_R2=-0.027144
ALIGN ego[02] partner[03] R2=0.767352 NMSE=0.232648 shuffled_R2=-0.036767
ALIGN ego[02] partner[04] R2=0.830193 NMSE=0.169807 shuffled_R2=-0.015612
ALIGN ego[03] partner[00] R2=0.863024 NMSE=0.136976 shuffled_R2=-0.019627
ALIGN ego[03] partner[01] R2=0.873336 NMSE=0.126664 shuffled_R2=-0.014862
ALIGN ego[03] partner[02] R2=0.865390 NMSE=0.134610 shuffled_R2=-0.017234
ALIGN ego[03] partner[03] R2=0.815512 NMSE=0.184488 shuffled_R2=-0.019832
ALIGN ego[03] partner[04] R2=0.817966 NMSE=0.182034 shuffled_R2=-0.013961
ALIGN ego[04] partner[00] R2=0.800612 NMSE=0.199388 shuffled_R2=-0.026207
ALIGN ego[04] partner[01] R2=0.848634 NMSE=0.151366 shuffled_R2=-0.023109
ALIGN ego[04] partner[02] R2=0.842834 NMSE=0.157166 shuffled_R2=-0.016647
ALIGN ego[04] partner[03] R2=0.841253 NMSE=0.158747 shuffled_R2=-0.019583
ALIGN ego[04] partner[04] R2=0.839957 NMSE=0.160043 shuffled_R2=-0.015272
Evaluating partner alignment group 3: method=sp, prefix=checkpoints/eval_pools/sp
LOADED: checkpoints/eval_pools/sp/coord_ring/baseline_seed_0_step_220.msgpack
LOADED: checkpoints/eval_pools/sp/coord_ring/baseline_seed_1_step_220.msgpack
LOADED: checkpoints/eval_pools/sp/coord_ring/baseline_seed_2_step_220.msgpack
LOADED: checkpoints/eval_pools/sp/coord_ring/baseline_seed_3_step_220.msgpack
LOADED: checkpoints/eval_pools/sp/coord_ring/baseline_seed_4_step_220.msgpack
Using alignment rollout scale: ALIGN_PAIR_BATCH_SIZE=2, ALIGN_EVAL_NUM_EPISODES=128, ALIGN_EVAL_NUM_STEPS=400
ALIGN ego[00] partner[00] R2=0.925733 NMSE=0.074267 shuffled_R2=-0.013981
ALIGN ego[00] partner[01] R2=0.896169 NMSE=0.103831 shuffled_R2=-0.019016
ALIGN ego[00] partner[02] R2=0.873521 NMSE=0.126479 shuffled_R2=-0.019490
ALIGN ego[00] partner[03] R2=0.807315 NMSE=0.192685 shuffled_R2=-0.032740
ALIGN ego[00] partner[04] R2=0.871300 NMSE=0.128700 shuffled_R2=-0.032287
ALIGN ego[01] partner[00] R2=0.908762 NMSE=0.091238 shuffled_R2=-0.016239
ALIGN ego[01] partner[01] R2=0.874533 NMSE=0.125467 shuffled_R2=-0.015793
ALIGN ego[01] partner[02] R2=0.812714 NMSE=0.187286 shuffled_R2=-0.024676
ALIGN ego[01] partner[03] R2=0.917685 NMSE=0.082315 shuffled_R2=-0.029441
ALIGN ego[01] partner[04] R2=0.905602 NMSE=0.094398 shuffled_R2=-0.017427
ALIGN ego[02] partner[00] R2=0.793259 NMSE=0.206741 shuffled_R2=-0.029000
ALIGN ego[02] partner[01] R2=0.705930 NMSE=0.294070 shuffled_R2=-0.035665
ALIGN ego[02] partner[02] R2=0.888169 NMSE=0.111831 shuffled_R2=-0.014766
ALIGN ego[02] partner[03] R2=0.886010 NMSE=0.113990 shuffled_R2=-0.016882
ALIGN ego[02] partner[04] R2=0.913698 NMSE=0.086302 shuffled_R2=-0.013532
ALIGN ego[03] partner[00] R2=0.886707 NMSE=0.113293 shuffled_R2=-0.016436
ALIGN ego[03] partner[01] R2=0.897190 NMSE=0.102810 shuffled_R2=-0.015249
ALIGN ego[03] partner[02] R2=0.865001 NMSE=0.134999 shuffled_R2=-0.016298
ALIGN ego[03] partner[03] R2=0.836044 NMSE=0.163956 shuffled_R2=-0.046868
ALIGN ego[03] partner[04] R2=0.923463 NMSE=0.076537 shuffled_R2=-0.015470
ALIGN ego[04] partner[00] R2=0.816578 NMSE=0.183422 shuffled_R2=-0.034705
ALIGN ego[04] partner[01] R2=0.846854 NMSE=0.153146 shuffled_R2=-0.038593
ALIGN ego[04] partner[02] R2=0.719701 NMSE=0.280299 shuffled_R2=-0.054836
ALIGN ego[04] partner[03] R2=0.868814 NMSE=0.131186 shuffled_R2=-0.023062
ALIGN ego[04] partner[04] R2=0.868098 NMSE=0.131902 shuffled_R2=-0.026075
Average ego-to-partner alignment R2: 0.852270 +- 0.006313 SE over 100 ego-partner pairs
Average alignment normalized MSE: 0.147730 +- 0.006313 SE
Average shuffled-control alignment R2: -0.023526 +- 0.001776 SE
Saved alignment results to ad_hoc_teamplay_results/lmpredV2005_gamma0_ablate_ad_hoc_teamplay/coord_ring
Evaluating ad-hoc teamplay for ego_method=lmpredV2005_gamma0_ablate, layout=asymm_advantages
ego_prefix=checkpoints/lmpredV2005_gamma0_ablate/, partner_pool_specs=e3t:checkpoints/eval_pools/e3t;mep_br:checkpoints/eval_pools/mep_br;pbt:checkpoints/eval_pools/pbt;sp:checkpoints/eval_pools/sp, result_name=lmpredV2005_gamma0_ablate_ad_hoc_teamplay, ego_perspective_transform=false
Cannot find primary config 'asymm_advantages'. Check that it's in your config search path.

Config search path:
	provider=hydra, path=pkg://hydra.conf
	provider=main, path=file:///net/scratch/n70579mp/tom/JaxMARL/baselines/overcookedv2/config/oc_extended/mep_br
	provider=schema, path=structured://

Set the environment variable HYDRA_FULL_ERROR=1 for a complete stack trace.
Importing submoduled environments...
Submoduled environments not found. Skipping import.
Evaluating ad-hoc teamplay for ego_method=lmpredV2005_gamma0_ablate, layout=forced_coord
ego_prefix=checkpoints/lmpredV2005_gamma0_ablate/, partner_pool_specs=e3t:checkpoints/eval_pools/e3t;mep_br:checkpoints/eval_pools/mep_br;pbt:checkpoints/eval_pools/pbt;sp:checkpoints/eval_pools/sp, result_name=lmpredV2005_gamma0_ablate_ad_hoc_teamplay, ego_perspective_transform=false
Cannot find primary config 'forced_coord'. Check that it's in your config search path.

Config search path:
	provider=hydra, path=pkg://hydra.conf
	provider=main, path=file:///net/scratch/n70579mp/tom/JaxMARL/baselines/overcookedv2/config/oc_extended/mep_br
	provider=schema, path=structured://

Set the environment variable HYDRA_FULL_ERROR=1 for a complete stack trace.
Importing submoduled environments...
Submoduled environments not found. Skipping import.
Evaluating ad-hoc teamplay for ego_method=lmpredV202_gamma0, layout=cramped_room5x5
ego_prefix=checkpoints/lmpredV202_gamma0/, partner_pool_specs=e3t:checkpoints/eval_pools/e3t;mep_br:checkpoints/eval_pools/mep_br;pbt:checkpoints/eval_pools/pbt;sp:checkpoints/eval_pools/sp, result_name=lmpredV202_gamma0_ad_hoc_teamplay, ego_perspective_transform=true
Importing submoduled environments...
Submoduled environments not found. Skipping import.
2026-07-05 17:37:43.346944: W external/xla/xla/service/gpu/autotuning/dot_search_space.cc:200] All configs were filtered out because none of them sufficiently match the hints. Maybe the hints set does not contain a good representative set of valid configs?Working around this by using the full hints set instead.
2026-07-05 17:37:44.349121: W external/xla/xla/service/gpu/autotuning/dot_search_space.cc:200] All configs were filtered out because none of them sufficiently match the hints. Maybe the hints set does not contain a good representative set of valid configs?Working around this by using the full hints set instead.
LOADED: checkpoints/lmpredV202_gamma0/cramped_room5x5/baseline_seed_0_step_220.msgpack
LOADED: checkpoints/lmpredV202_gamma0/cramped_room5x5/baseline_seed_1_step_220.msgpack
LOADED: checkpoints/lmpredV202_gamma0/cramped_room5x5/baseline_seed_2_step_220.msgpack
LOADED: checkpoints/lmpredV202_gamma0/cramped_room5x5/baseline_seed_3_step_220.msgpack
LOADED: checkpoints/lmpredV202_gamma0/cramped_room5x5/baseline_seed_4_step_220.msgpack
Evaluating partner group 0: method=e3t, prefix=checkpoints/eval_pools/e3t
LOADED: checkpoints/eval_pools/e3t/cramped_room5x5/baseline_seed_0_step_220.msgpack
LOADED: checkpoints/eval_pools/e3t/cramped_room5x5/baseline_seed_1_step_220.msgpack
LOADED: checkpoints/eval_pools/e3t/cramped_room5x5/baseline_seed_2_step_220.msgpack
LOADED: checkpoints/eval_pools/e3t/cramped_room5x5/baseline_seed_3_step_220.msgpack
LOADED: checkpoints/eval_pools/e3t/cramped_room5x5/baseline_seed_4_step_220.msgpack
Using XP rollout scale: XP_PAIR_BATCH_SIZE=32, EVAL_NUM_EPISODES=128, EVAL_NUM_STEPS=400
XP ego[00] partner[00] = 208.281
XP ego[00] partner[01] = 182.188
XP ego[00] partner[02] = 133.906
XP ego[00] partner[03] = 224.375
XP ego[00] partner[04] = 184.844
XP ego[01] partner[00] = 223.750
XP ego[01] partner[01] = 242.188
XP ego[01] partner[02] = 233.594
XP ego[01] partner[03] = 228.594
XP ego[01] partner[04] = 209.688
XP ego[02] partner[00] = 203.594
XP ego[02] partner[01] = 117.031
XP ego[02] partner[02] = 219.844
XP ego[02] partner[03] = 133.125
XP ego[02] partner[04] = 191.719
XP ego[03] partner[00] = 173.125
XP ego[03] partner[01] = 203.125
XP ego[03] partner[02] = 232.656
XP ego[03] partner[03] = 213.438
XP ego[03] partner[04] = 199.688
XP ego[04] partner[00] = 198.281
XP ego[04] partner[01] = 229.062
XP ego[04] partner[02] = 241.719
XP ego[04] partner[03] = 215.000
XP ego[04] partner[04] = 202.188
Evaluating partner group 1: method=mep_br, prefix=checkpoints/eval_pools/mep_br
LOADED: checkpoints/eval_pools/mep_br/cramped_room5x5/baseline_seed_0_step_220.msgpack
LOADED: checkpoints/eval_pools/mep_br/cramped_room5x5/baseline_seed_1_step_220.msgpack
LOADED: checkpoints/eval_pools/mep_br/cramped_room5x5/baseline_seed_2_step_220.msgpack
LOADED: checkpoints/eval_pools/mep_br/cramped_room5x5/baseline_seed_3_step_220.msgpack
LOADED: checkpoints/eval_pools/mep_br/cramped_room5x5/baseline_seed_4_step_220.msgpack
Using XP rollout scale: XP_PAIR_BATCH_SIZE=32, EVAL_NUM_EPISODES=128, EVAL_NUM_STEPS=400
XP ego[00] partner[00] = 221.250
XP ego[00] partner[01] = 210.312
XP ego[00] partner[02] = 177.188
XP ego[00] partner[03] = 208.281
XP ego[00] partner[04] = 156.250
XP ego[01] partner[00] = 233.125
XP ego[01] partner[01] = 239.062
XP ego[01] partner[02] = 232.031
XP ego[01] partner[03] = 237.812
XP ego[01] partner[04] = 234.375
XP ego[02] partner[00] = 215.938
XP ego[02] partner[01] = 205.938
XP ego[02] partner[02] = 205.156
XP ego[02] partner[03] = 207.812
XP ego[02] partner[04] = 229.219
XP ego[03] partner[00] = 190.625
XP ego[03] partner[01] = 231.719
XP ego[03] partner[02] = 175.781
XP ego[03] partner[03] = 221.562
XP ego[03] partner[04] = 220.781
XP ego[04] partner[00] = 68.906
XP ego[04] partner[01] = 218.125
XP ego[04] partner[02] = 187.812
XP ego[04] partner[03] = 234.375
XP ego[04] partner[04] = 107.812
Evaluating partner group 2: method=pbt, prefix=checkpoints/eval_pools/pbt
LOADED: checkpoints/eval_pools/pbt/cramped_room5x5/baseline_seed_0_step_62.msgpack
LOADED: checkpoints/eval_pools/pbt/cramped_room5x5/baseline_seed_1_step_62.msgpack
LOADED: checkpoints/eval_pools/pbt/cramped_room5x5/baseline_seed_2_step_62.msgpack
LOADED: checkpoints/eval_pools/pbt/cramped_room5x5/baseline_seed_3_step_62.msgpack
LOADED: checkpoints/eval_pools/pbt/cramped_room5x5/baseline_seed_4_step_62.msgpack
Using XP rollout scale: XP_PAIR_BATCH_SIZE=32, EVAL_NUM_EPISODES=128, EVAL_NUM_STEPS=400
XP ego[00] partner[00] = 156.719
XP ego[00] partner[01] = 193.750
XP ego[00] partner[02] = 186.250
XP ego[00] partner[03] = 179.844
XP ego[00] partner[04] = 179.375
XP ego[01] partner[00] = 242.188
XP ego[01] partner[01] = 225.625
XP ego[01] partner[02] = 220.938
XP ego[01] partner[03] = 243.281
XP ego[01] partner[04] = 242.656
XP ego[02] partner[00] = 230.625
XP ego[02] partner[01] = 219.531
XP ego[02] partner[02] = 215.781
XP ego[02] partner[03] = 232.031
XP ego[02] partner[04] = 220.312
XP ego[03] partner[00] = 153.281
XP ego[03] partner[01] = 133.750
XP ego[03] partner[02] = 156.719
XP ego[03] partner[03] = 150.312
XP ego[03] partner[04] = 149.062
XP ego[04] partner[00] = 78.438
XP ego[04] partner[01] = 89.844
XP ego[04] partner[02] = 21.719
XP ego[04] partner[03] = 114.844
XP ego[04] partner[04] = 95.000
Evaluating partner group 3: method=sp, prefix=checkpoints/eval_pools/sp
LOADED: checkpoints/eval_pools/sp/cramped_room5x5/baseline_seed_0_step_220.msgpack
LOADED: checkpoints/eval_pools/sp/cramped_room5x5/baseline_seed_1_step_220.msgpack
LOADED: checkpoints/eval_pools/sp/cramped_room5x5/baseline_seed_2_step_220.msgpack
LOADED: checkpoints/eval_pools/sp/cramped_room5x5/baseline_seed_3_step_220.msgpack
LOADED: checkpoints/eval_pools/sp/cramped_room5x5/baseline_seed_4_step_220.msgpack
Using XP rollout scale: XP_PAIR_BATCH_SIZE=32, EVAL_NUM_EPISODES=128, EVAL_NUM_STEPS=400
XP ego[00] partner[00] = 186.406
XP ego[00] partner[01] = 142.031
XP ego[00] partner[02] = 137.969
XP ego[00] partner[03] = 203.438
XP ego[00] partner[04] = 150.781
XP ego[01] partner[00] = 218.438
XP ego[01] partner[01] = 213.594
XP ego[01] partner[02] = 245.938
XP ego[01] partner[03] = 236.094
XP ego[01] partner[04] = 212.969
XP ego[02] partner[00] = 204.844
XP ego[02] partner[01] = 179.062
XP ego[02] partner[02] = 173.750
XP ego[02] partner[03] = 216.562
XP ego[02] partner[04] = 191.250
XP ego[03] partner[00] = 215.938
XP ego[03] partner[01] = 197.031
XP ego[03] partner[02] = 159.844
XP ego[03] partner[03] = 232.188
XP ego[03] partner[04] = 149.688
XP ego[04] partner[00] = 187.031
XP ego[04] partner[01] = 203.281
XP ego[04] partner[02] = 176.094
XP ego[04] partner[03] = 185.938
XP ego[04] partner[04] = 220.469
Average ego-vs-partner performance: 192.887 +- 4.349 SE over 100 ordered pairs
Average diagonal performance: 217.188 +- 6.894 SE over 5 pairs
Average off-diagonal performance (only for square pools): nan +- nan SE over 0 ordered pairs
Saved ad-hoc teamplay results to ad_hoc_teamplay_results/lmpredV202_gamma0_ad_hoc_teamplay/cramped_room5x5
Saved ad-hoc teamplay heatmap to ad_hoc_teamplay_results/lmpredV202_gamma0_ad_hoc_teamplay/cramped_room5x5/xp_matrix.png
Evaluating partner alignment group 0: method=e3t, prefix=checkpoints/eval_pools/e3t
LOADED: checkpoints/eval_pools/e3t/cramped_room5x5/baseline_seed_0_step_220.msgpack
LOADED: checkpoints/eval_pools/e3t/cramped_room5x5/baseline_seed_1_step_220.msgpack
LOADED: checkpoints/eval_pools/e3t/cramped_room5x5/baseline_seed_2_step_220.msgpack
LOADED: checkpoints/eval_pools/e3t/cramped_room5x5/baseline_seed_3_step_220.msgpack
LOADED: checkpoints/eval_pools/e3t/cramped_room5x5/baseline_seed_4_step_220.msgpack
Using alignment rollout scale: ALIGN_PAIR_BATCH_SIZE=2, ALIGN_EVAL_NUM_EPISODES=128, ALIGN_EVAL_NUM_STEPS=400
ALIGN ego[00] partner[00] R2=0.938175 NMSE=0.061825 shuffled_R2=-0.019395
ALIGN ego[00] partner[01] R2=0.949806 NMSE=0.050194 shuffled_R2=-0.021464
ALIGN ego[00] partner[02] R2=0.937250 NMSE=0.062750 shuffled_R2=-0.016531
ALIGN ego[00] partner[03] R2=0.862965 NMSE=0.137035 shuffled_R2=-0.038369
ALIGN ego[00] partner[04] R2=0.951238 NMSE=0.048762 shuffled_R2=-0.017442
ALIGN ego[01] partner[00] R2=0.941979 NMSE=0.058021 shuffled_R2=-0.024194
ALIGN ego[01] partner[01] R2=0.811359 NMSE=0.188641 shuffled_R2=-0.081644
ALIGN ego[01] partner[02] R2=0.943375 NMSE=0.056625 shuffled_R2=-0.021826
ALIGN ego[01] partner[03] R2=0.935709 NMSE=0.064291 shuffled_R2=-0.017847
ALIGN ego[01] partner[04] R2=0.954051 NMSE=0.045949 shuffled_R2=-0.014318
ALIGN ego[02] partner[00] R2=0.952292 NMSE=0.047708 shuffled_R2=-0.020927
ALIGN ego[02] partner[01] R2=0.915767 NMSE=0.084233 shuffled_R2=-0.050346
ALIGN ego[02] partner[02] R2=0.881466 NMSE=0.118534 shuffled_R2=-0.029002
ALIGN ego[02] partner[03] R2=0.911932 NMSE=0.088068 shuffled_R2=-0.038447
ALIGN ego[02] partner[04] R2=0.963148 NMSE=0.036852 shuffled_R2=-0.014107
ALIGN ego[03] partner[00] R2=0.944943 NMSE=0.055057 shuffled_R2=-0.017567
ALIGN ego[03] partner[01] R2=0.921134 NMSE=0.078866 shuffled_R2=-0.040826
ALIGN ego[03] partner[02] R2=0.940992 NMSE=0.059008 shuffled_R2=-0.020043
ALIGN ego[03] partner[03] R2=0.863684 NMSE=0.136316 shuffled_R2=-0.033674
ALIGN ego[03] partner[04] R2=0.942795 NMSE=0.057205 shuffled_R2=-0.015913
ALIGN ego[04] partner[00] R2=0.954101 NMSE=0.045899 shuffled_R2=-0.015781
ALIGN ego[04] partner[01] R2=0.939031 NMSE=0.060969 shuffled_R2=-0.020352
ALIGN ego[04] partner[02] R2=0.964923 NMSE=0.035077 shuffled_R2=-0.016909
ALIGN ego[04] partner[03] R2=0.930155 NMSE=0.069845 shuffled_R2=-0.024126
ALIGN ego[04] partner[04] R2=0.950250 NMSE=0.049750 shuffled_R2=-0.019940
Evaluating partner alignment group 1: method=mep_br, prefix=checkpoints/eval_pools/mep_br
LOADED: checkpoints/eval_pools/mep_br/cramped_room5x5/baseline_seed_0_step_220.msgpack
LOADED: checkpoints/eval_pools/mep_br/cramped_room5x5/baseline_seed_1_step_220.msgpack
LOADED: checkpoints/eval_pools/mep_br/cramped_room5x5/baseline_seed_2_step_220.msgpack
LOADED: checkpoints/eval_pools/mep_br/cramped_room5x5/baseline_seed_3_step_220.msgpack
LOADED: checkpoints/eval_pools/mep_br/cramped_room5x5/baseline_seed_4_step_220.msgpack
Using alignment rollout scale: ALIGN_PAIR_BATCH_SIZE=2, ALIGN_EVAL_NUM_EPISODES=128, ALIGN_EVAL_NUM_STEPS=400
ALIGN ego[00] partner[00] R2=0.921663 NMSE=0.078337 shuffled_R2=-0.022772
ALIGN ego[00] partner[01] R2=0.930082 NMSE=0.069918 shuffled_R2=-0.018337
ALIGN ego[00] partner[02] R2=0.948044 NMSE=0.051956 shuffled_R2=-0.017413
ALIGN ego[00] partner[03] R2=0.906581 NMSE=0.093419 shuffled_R2=-0.029716
ALIGN ego[00] partner[04] R2=0.905487 NMSE=0.094513 shuffled_R2=-0.065326
ALIGN ego[01] partner[00] R2=0.930307 NMSE=0.069693 shuffled_R2=-0.017232
ALIGN ego[01] partner[01] R2=0.951664 NMSE=0.048336 shuffled_R2=-0.018877
ALIGN ego[01] partner[02] R2=0.956798 NMSE=0.043202 shuffled_R2=-0.016943
ALIGN ego[01] partner[03] R2=0.952052 NMSE=0.047948 shuffled_R2=-0.039056
ALIGN ego[01] partner[04] R2=0.934973 NMSE=0.065027 shuffled_R2=-0.038302
ALIGN ego[02] partner[00] R2=0.951437 NMSE=0.048563 shuffled_R2=-0.019276
ALIGN ego[02] partner[01] R2=0.954047 NMSE=0.045953 shuffled_R2=-0.017955
ALIGN ego[02] partner[02] R2=0.956362 NMSE=0.043638 shuffled_R2=-0.015931
ALIGN ego[02] partner[03] R2=0.927397 NMSE=0.072603 shuffled_R2=-0.024375
ALIGN ego[02] partner[04] R2=0.955511 NMSE=0.044489 shuffled_R2=-0.015440
ALIGN ego[03] partner[00] R2=0.909717 NMSE=0.090283 shuffled_R2=-0.017962
ALIGN ego[03] partner[01] R2=0.958695 NMSE=0.041305 shuffled_R2=-0.016166
ALIGN ego[03] partner[02] R2=0.949591 NMSE=0.050409 shuffled_R2=-0.019947
ALIGN ego[03] partner[03] R2=0.949130 NMSE=0.050870 shuffled_R2=-0.021752
ALIGN ego[03] partner[04] R2=0.938006 NMSE=0.061994 shuffled_R2=-0.030349
ALIGN ego[04] partner[00] R2=0.968964 NMSE=0.031036 shuffled_R2=-0.016807
ALIGN ego[04] partner[01] R2=0.955180 NMSE=0.044820 shuffled_R2=-0.017590
ALIGN ego[04] partner[02] R2=0.818828 NMSE=0.181172 shuffled_R2=-0.067748
ALIGN ego[04] partner[03] R2=0.967564 NMSE=0.032436 shuffled_R2=-0.018125
ALIGN ego[04] partner[04] R2=0.969750 NMSE=0.030250 shuffled_R2=-0.017910
Evaluating partner alignment group 2: method=pbt, prefix=checkpoints/eval_pools/pbt
LOADED: checkpoints/eval_pools/pbt/cramped_room5x5/baseline_seed_0_step_62.msgpack
LOADED: checkpoints/eval_pools/pbt/cramped_room5x5/baseline_seed_1_step_62.msgpack
LOADED: checkpoints/eval_pools/pbt/cramped_room5x5/baseline_seed_2_step_62.msgpack
LOADED: checkpoints/eval_pools/pbt/cramped_room5x5/baseline_seed_3_step_62.msgpack
LOADED: checkpoints/eval_pools/pbt/cramped_room5x5/baseline_seed_4_step_62.msgpack
Using alignment rollout scale: ALIGN_PAIR_BATCH_SIZE=2, ALIGN_EVAL_NUM_EPISODES=128, ALIGN_EVAL_NUM_STEPS=400
ALIGN ego[00] partner[00] R2=0.857323 NMSE=0.142677 shuffled_R2=-0.017537
ALIGN ego[00] partner[01] R2=0.861431 NMSE=0.138569 shuffled_R2=-0.017641
ALIGN ego[00] partner[02] R2=0.759924 NMSE=0.240076 shuffled_R2=-0.047155
ALIGN ego[00] partner[03] R2=0.710274 NMSE=0.289726 shuffled_R2=-0.059747
ALIGN ego[00] partner[04] R2=0.767912 NMSE=0.232088 shuffled_R2=-0.031212
ALIGN ego[01] partner[00] R2=0.886429 NMSE=0.113571 shuffled_R2=-0.015309
ALIGN ego[01] partner[01] R2=0.591035 NMSE=0.408965 shuffled_R2=-0.180988
ALIGN ego[01] partner[02] R2=0.867014 NMSE=0.132986 shuffled_R2=-0.023189
ALIGN ego[01] partner[03] R2=0.864521 NMSE=0.135479 shuffled_R2=-0.015919
ALIGN ego[01] partner[04] R2=0.889305 NMSE=0.110695 shuffled_R2=-0.020442
ALIGN ego[02] partner[00] R2=0.880446 NMSE=0.119554 shuffled_R2=-0.019277
ALIGN ego[02] partner[01] R2=0.857681 NMSE=0.142319 shuffled_R2=-0.014783
ALIGN ego[02] partner[02] R2=0.843331 NMSE=0.156669 shuffled_R2=-0.015419
ALIGN ego[02] partner[03] R2=0.882552 NMSE=0.117448 shuffled_R2=-0.015423
ALIGN ego[02] partner[04] R2=0.882625 NMSE=0.117375 shuffled_R2=-0.013842
ALIGN ego[03] partner[00] R2=0.865281 NMSE=0.134719 shuffled_R2=-0.016545
ALIGN ego[03] partner[01] R2=0.867077 NMSE=0.132923 shuffled_R2=-0.015862
ALIGN ego[03] partner[02] R2=0.879334 NMSE=0.120666 shuffled_R2=-0.019167
ALIGN ego[03] partner[03] R2=0.837441 NMSE=0.162559 shuffled_R2=-0.018506
ALIGN ego[03] partner[04] R2=0.629359 NMSE=0.370641 shuffled_R2=-0.055257
ALIGN ego[04] partner[00] R2=0.765412 NMSE=0.234588 shuffled_R2=-0.036659
ALIGN ego[04] partner[01] R2=0.861224 NMSE=0.138776 shuffled_R2=-0.018977
ALIGN ego[04] partner[02] R2=0.663440 NMSE=0.336560 shuffled_R2=-0.042067
ALIGN ego[04] partner[03] R2=0.732629 NMSE=0.267371 shuffled_R2=-0.053330
ALIGN ego[04] partner[04] R2=0.861038 NMSE=0.138962 shuffled_R2=-0.016818
Evaluating partner alignment group 3: method=sp, prefix=checkpoints/eval_pools/sp
LOADED: checkpoints/eval_pools/sp/cramped_room5x5/baseline_seed_0_step_220.msgpack
LOADED: checkpoints/eval_pools/sp/cramped_room5x5/baseline_seed_1_step_220.msgpack
LOADED: checkpoints/eval_pools/sp/cramped_room5x5/baseline_seed_2_step_220.msgpack
LOADED: checkpoints/eval_pools/sp/cramped_room5x5/baseline_seed_3_step_220.msgpack
LOADED: checkpoints/eval_pools/sp/cramped_room5x5/baseline_seed_4_step_220.msgpack
Using alignment rollout scale: ALIGN_PAIR_BATCH_SIZE=2, ALIGN_EVAL_NUM_EPISODES=128, ALIGN_EVAL_NUM_STEPS=400
ALIGN ego[00] partner[00] R2=0.939129 NMSE=0.060871 shuffled_R2=-0.021372
ALIGN ego[00] partner[01] R2=0.969198 NMSE=0.030802 shuffled_R2=-0.016798
ALIGN ego[00] partner[02] R2=0.720274 NMSE=0.279726 shuffled_R2=-0.067485
ALIGN ego[00] partner[03] R2=0.823442 NMSE=0.176558 shuffled_R2=-0.060462
ALIGN ego[00] partner[04] R2=0.931012 NMSE=0.068988 shuffled_R2=-0.043637
ALIGN ego[01] partner[00] R2=0.962539 NMSE=0.037461 shuffled_R2=-0.015835
ALIGN ego[01] partner[01] R2=0.960912 NMSE=0.039088 shuffled_R2=-0.020178
ALIGN ego[01] partner[02] R2=0.954419 NMSE=0.045581 shuffled_R2=-0.019918
ALIGN ego[01] partner[03] R2=0.953652 NMSE=0.046348 shuffled_R2=-0.025832
ALIGN ego[01] partner[04] R2=0.964073 NMSE=0.035927 shuffled_R2=-0.020757
ALIGN ego[02] partner[00] R2=0.957877 NMSE=0.042123 shuffled_R2=-0.015677
ALIGN ego[02] partner[01] R2=0.934639 NMSE=0.065361 shuffled_R2=-0.020420
ALIGN ego[02] partner[02] R2=0.969494 NMSE=0.030506 shuffled_R2=-0.014788
ALIGN ego[02] partner[03] R2=0.958074 NMSE=0.041926 shuffled_R2=-0.014139
ALIGN ego[02] partner[04] R2=0.915960 NMSE=0.084040 shuffled_R2=-0.031932
ALIGN ego[03] partner[00] R2=0.831693 NMSE=0.168307 shuffled_R2=-0.036753
ALIGN ego[03] partner[01] R2=0.845501 NMSE=0.154499 shuffled_R2=-0.066993
ALIGN ego[03] partner[02] R2=0.968630 NMSE=0.031370 shuffled_R2=-0.017166
ALIGN ego[03] partner[03] R2=0.951878 NMSE=0.048122 shuffled_R2=-0.017028
ALIGN ego[03] partner[04] R2=0.968075 NMSE=0.031925 shuffled_R2=-0.014600
ALIGN ego[04] partner[00] R2=0.902594 NMSE=0.097406 shuffled_R2=-0.033980
ALIGN ego[04] partner[01] R2=0.963174 NMSE=0.036826 shuffled_R2=-0.017186
ALIGN ego[04] partner[02] R2=0.949187 NMSE=0.050813 shuffled_R2=-0.020549
ALIGN ego[04] partner[03] R2=0.955634 NMSE=0.044366 shuffled_R2=-0.019129
ALIGN ego[04] partner[04] R2=0.900906 NMSE=0.099094 shuffled_R2=-0.037605
Average ego-to-partner alignment R2: 0.901864 +- 0.007673 SE over 100 ego-partner pairs
Average alignment normalized MSE: 0.098136 +- 0.007673 SE
Average shuffled-control alignment R2: -0.027636 +- 0.002139 SE
Saved alignment results to ad_hoc_teamplay_results/lmpredV202_gamma0_ad_hoc_teamplay/cramped_room5x5
Evaluating ad-hoc teamplay for ego_method=lmpredV202_gamma0, layout=counter_circuit
ego_prefix=checkpoints/lmpredV202_gamma0/, partner_pool_specs=e3t:checkpoints/eval_pools/e3t;mep_br:checkpoints/eval_pools/mep_br;pbt:checkpoints/eval_pools/pbt;sp:checkpoints/eval_pools/sp, result_name=lmpredV202_gamma0_ad_hoc_teamplay, ego_perspective_transform=true
Importing submoduled environments...
Submoduled environments not found. Skipping import.
2026-07-05 17:41:20.917992: W external/xla/xla/service/gpu/autotuning/dot_search_space.cc:200] All configs were filtered out because none of them sufficiently match the hints. Maybe the hints set does not contain a good representative set of valid configs?Working around this by using the full hints set instead.
2026-07-05 17:41:22.032886: W external/xla/xla/service/gpu/autotuning/dot_search_space.cc:200] All configs were filtered out because none of them sufficiently match the hints. Maybe the hints set does not contain a good representative set of valid configs?Working around this by using the full hints set instead.
LOADED: checkpoints/lmpredV202_gamma0/counter_circuit/baseline_seed_0_step_380.msgpack
LOADED: checkpoints/lmpredV202_gamma0/counter_circuit/baseline_seed_1_step_380.msgpack
LOADED: checkpoints/lmpredV202_gamma0/counter_circuit/baseline_seed_2_step_380.msgpack
LOADED: checkpoints/lmpredV202_gamma0/counter_circuit/baseline_seed_3_step_380.msgpack
LOADED: checkpoints/lmpredV202_gamma0/counter_circuit/baseline_seed_4_step_380.msgpack
Evaluating partner group 0: method=e3t, prefix=checkpoints/eval_pools/e3t
LOADED: checkpoints/eval_pools/e3t/counter_circuit/baseline_seed_0_step_220.msgpack
LOADED: checkpoints/eval_pools/e3t/counter_circuit/baseline_seed_1_step_220.msgpack
LOADED: checkpoints/eval_pools/e3t/counter_circuit/baseline_seed_2_step_220.msgpack
LOADED: checkpoints/eval_pools/e3t/counter_circuit/baseline_seed_3_step_220.msgpack
LOADED: checkpoints/eval_pools/e3t/counter_circuit/baseline_seed_4_step_220.msgpack
Using XP rollout scale: XP_PAIR_BATCH_SIZE=32, EVAL_NUM_EPISODES=128, EVAL_NUM_STEPS=400
XP ego[00] partner[00] = 167.500
XP ego[00] partner[01] = 85.938
XP ego[00] partner[02] = 71.562
XP ego[00] partner[03] = 7.969
XP ego[00] partner[04] = 49.688
XP ego[01] partner[00] = 136.562
XP ego[01] partner[01] = 114.062
XP ego[01] partner[02] = 124.219
XP ego[01] partner[03] = 16.406
XP ego[01] partner[04] = 97.344
XP ego[02] partner[00] = 141.406
XP ego[02] partner[01] = 140.312
XP ego[02] partner[02] = 128.125
XP ego[02] partner[03] = 46.406
XP ego[02] partner[04] = 125.625
XP ego[03] partner[00] = 136.094
XP ego[03] partner[01] = 116.094
XP ego[03] partner[02] = 90.312
XP ego[03] partner[03] = 13.125
XP ego[03] partner[04] = 78.438
XP ego[04] partner[00] = 118.594
XP ego[04] partner[01] = 133.594
XP ego[04] partner[02] = 100.156
XP ego[04] partner[03] = 8.750
XP ego[04] partner[04] = 84.844
Evaluating partner group 1: method=mep_br, prefix=checkpoints/eval_pools/mep_br
LOADED: checkpoints/eval_pools/mep_br/counter_circuit/baseline_seed_0_step_380.msgpack
LOADED: checkpoints/eval_pools/mep_br/counter_circuit/baseline_seed_1_step_380.msgpack
LOADED: checkpoints/eval_pools/mep_br/counter_circuit/baseline_seed_2_step_380.msgpack
LOADED: checkpoints/eval_pools/mep_br/counter_circuit/baseline_seed_3_step_380.msgpack
LOADED: checkpoints/eval_pools/mep_br/counter_circuit/baseline_seed_4_step_380.msgpack
Using XP rollout scale: XP_PAIR_BATCH_SIZE=32, EVAL_NUM_EPISODES=128, EVAL_NUM_STEPS=400
XP ego[00] partner[00] = 220.156
XP ego[00] partner[01] = 201.719
XP ego[00] partner[02] = 188.750
XP ego[00] partner[03] = 231.094
XP ego[00] partner[04] = 200.156
XP ego[01] partner[00] = 225.781
XP ego[01] partner[01] = 203.125
XP ego[01] partner[02] = 215.156
XP ego[01] partner[03] = 221.406
XP ego[01] partner[04] = 195.000
XP ego[02] partner[00] = 83.594
XP ego[02] partner[01] = 68.125
XP ego[02] partner[02] = 88.594
XP ego[02] partner[03] = 102.500
XP ego[02] partner[04] = 128.594
XP ego[03] partner[00] = 184.219
XP ego[03] partner[01] = 158.750
XP ego[03] partner[02] = 180.156
XP ego[03] partner[03] = 199.062
XP ego[03] partner[04] = 182.969
XP ego[04] partner[00] = 171.719
XP ego[04] partner[01] = 141.562
XP ego[04] partner[02] = 174.062
XP ego[04] partner[03] = 162.812
XP ego[04] partner[04] = 157.500
Evaluating partner group 2: method=pbt, prefix=checkpoints/eval_pools/pbt
LOADED: checkpoints/eval_pools/pbt/counter_circuit/baseline_seed_0_step_62.msgpack
LOADED: checkpoints/eval_pools/pbt/counter_circuit/baseline_seed_1_step_62.msgpack
LOADED: checkpoints/eval_pools/pbt/counter_circuit/baseline_seed_2_step_62.msgpack
LOADED: checkpoints/eval_pools/pbt/counter_circuit/baseline_seed_3_step_62.msgpack
LOADED: checkpoints/eval_pools/pbt/counter_circuit/baseline_seed_4_step_62.msgpack
Using XP rollout scale: XP_PAIR_BATCH_SIZE=32, EVAL_NUM_EPISODES=128, EVAL_NUM_STEPS=400
XP ego[00] partner[00] = 194.531
XP ego[00] partner[01] = 195.625
XP ego[00] partner[02] = 192.969
XP ego[00] partner[03] = 187.656
XP ego[00] partner[04] = 197.031
XP ego[01] partner[00] = 207.812
XP ego[01] partner[01] = 195.469
XP ego[01] partner[02] = 199.688
XP ego[01] partner[03] = 203.906
XP ego[01] partner[04] = 198.906
XP ego[02] partner[00] = 144.219
XP ego[02] partner[01] = 153.281
XP ego[02] partner[02] = 141.250
XP ego[02] partner[03] = 122.188
XP ego[02] partner[04] = 170.000
XP ego[03] partner[00] = 208.750
XP ego[03] partner[01] = 205.938
XP ego[03] partner[02] = 185.156
XP ego[03] partner[03] = 199.688
XP ego[03] partner[04] = 208.906
XP ego[04] partner[00] = 176.094
XP ego[04] partner[01] = 151.562
XP ego[04] partner[02] = 151.719
XP ego[04] partner[03] = 194.844
XP ego[04] partner[04] = 188.281
Evaluating partner group 3: method=sp, prefix=checkpoints/eval_pools/sp
LOADED: checkpoints/eval_pools/sp/counter_circuit/baseline_seed_0_step_380.msgpack
LOADED: checkpoints/eval_pools/sp/counter_circuit/baseline_seed_1_step_380.msgpack
LOADED: checkpoints/eval_pools/sp/counter_circuit/baseline_seed_2_step_380.msgpack
LOADED: checkpoints/eval_pools/sp/counter_circuit/baseline_seed_3_step_380.msgpack
LOADED: checkpoints/eval_pools/sp/counter_circuit/baseline_seed_4_step_380.msgpack
Using XP rollout scale: XP_PAIR_BATCH_SIZE=32, EVAL_NUM_EPISODES=128, EVAL_NUM_STEPS=400
XP ego[00] partner[00] = 164.844
XP ego[00] partner[01] = 181.250
XP ego[00] partner[02] = 186.562
XP ego[00] partner[03] = 222.812
XP ego[00] partner[04] = 192.500
XP ego[01] partner[00] = 169.062
XP ego[01] partner[01] = 178.125
XP ego[01] partner[02] = 175.469
XP ego[01] partner[03] = 234.688
XP ego[01] partner[04] = 182.031
XP ego[02] partner[00] = 107.969
XP ego[02] partner[01] = 60.312
XP ego[02] partner[02] = 122.344
XP ego[02] partner[03] = 118.281
XP ego[02] partner[04] = 181.406
XP ego[03] partner[00] = 164.062
XP ego[03] partner[01] = 126.250
XP ego[03] partner[02] = 189.062
XP ego[03] partner[03] = 193.594
XP ego[03] partner[04] = 186.719
XP ego[04] partner[00] = 164.219
XP ego[04] partner[01] = 138.281
XP ego[04] partner[02] = 187.812
XP ego[04] partner[03] = 175.625
XP ego[04] partner[04] = 180.938
Average ego-vs-partner performance: 153.794 +- 5.285 SE over 100 ordered pairs
Average diagonal performance: 101.531 +- 25.798 SE over 5 pairs
Average off-diagonal performance (only for square pools): nan +- nan SE over 0 ordered pairs
Saved ad-hoc teamplay results to ad_hoc_teamplay_results/lmpredV202_gamma0_ad_hoc_teamplay/counter_circuit
Saved ad-hoc teamplay heatmap to ad_hoc_teamplay_results/lmpredV202_gamma0_ad_hoc_teamplay/counter_circuit/xp_matrix.png
Evaluating partner alignment group 0: method=e3t, prefix=checkpoints/eval_pools/e3t
LOADED: checkpoints/eval_pools/e3t/counter_circuit/baseline_seed_0_step_220.msgpack
LOADED: checkpoints/eval_pools/e3t/counter_circuit/baseline_seed_1_step_220.msgpack
LOADED: checkpoints/eval_pools/e3t/counter_circuit/baseline_seed_2_step_220.msgpack
LOADED: checkpoints/eval_pools/e3t/counter_circuit/baseline_seed_3_step_220.msgpack
LOADED: checkpoints/eval_pools/e3t/counter_circuit/baseline_seed_4_step_220.msgpack
Using alignment rollout scale: ALIGN_PAIR_BATCH_SIZE=2, ALIGN_EVAL_NUM_EPISODES=128, ALIGN_EVAL_NUM_STEPS=400
ALIGN ego[00] partner[00] R2=0.801240 NMSE=0.198760 shuffled_R2=-0.015200
ALIGN ego[00] partner[01] R2=0.827468 NMSE=0.172532 shuffled_R2=-0.018338
ALIGN ego[00] partner[02] R2=0.781261 NMSE=0.218739 shuffled_R2=-0.018736
ALIGN ego[00] partner[03] R2=0.869395 NMSE=0.130605 shuffled_R2=-0.025873
ALIGN ego[00] partner[04] R2=0.815302 NMSE=0.184698 shuffled_R2=-0.016188
ALIGN ego[01] partner[00] R2=0.861228 NMSE=0.138772 shuffled_R2=-0.016157
ALIGN ego[01] partner[01] R2=0.806560 NMSE=0.193440 shuffled_R2=-0.016409
ALIGN ego[01] partner[02] R2=0.681778 NMSE=0.318222 shuffled_R2=-0.024151
ALIGN ego[01] partner[03] R2=0.829741 NMSE=0.170259 shuffled_R2=-0.021215
ALIGN ego[01] partner[04] R2=0.823308 NMSE=0.176692 shuffled_R2=-0.016459
ALIGN ego[02] partner[00] R2=0.698107 NMSE=0.301893 shuffled_R2=-0.016664
ALIGN ego[02] partner[01] R2=0.729628 NMSE=0.270372 shuffled_R2=-0.017520
ALIGN ego[02] partner[02] R2=0.707191 NMSE=0.292809 shuffled_R2=-0.018787
ALIGN ego[02] partner[03] R2=0.788653 NMSE=0.211347 shuffled_R2=-0.024410
ALIGN ego[02] partner[04] R2=0.768479 NMSE=0.231521 shuffled_R2=-0.016871
ALIGN ego[03] partner[00] R2=0.763082 NMSE=0.236918 shuffled_R2=-0.018615
ALIGN ego[03] partner[01] R2=0.765087 NMSE=0.234913 shuffled_R2=-0.017301
ALIGN ego[03] partner[02] R2=0.774816 NMSE=0.225184 shuffled_R2=-0.016649
ALIGN ego[03] partner[03] R2=0.772556 NMSE=0.227444 shuffled_R2=-0.043244
ALIGN ego[03] partner[04] R2=0.813722 NMSE=0.186278 shuffled_R2=-0.016663
ALIGN ego[04] partner[00] R2=0.758384 NMSE=0.241616 shuffled_R2=-0.018065
ALIGN ego[04] partner[01] R2=0.737878 NMSE=0.262122 shuffled_R2=-0.017198
ALIGN ego[04] partner[02] R2=0.711875 NMSE=0.288125 shuffled_R2=-0.018278
ALIGN ego[04] partner[03] R2=0.866737 NMSE=0.133263 shuffled_R2=-0.027182
ALIGN ego[04] partner[04] R2=0.804184 NMSE=0.195816 shuffled_R2=-0.016915
Evaluating partner alignment group 1: method=mep_br, prefix=checkpoints/eval_pools/mep_br
LOADED: checkpoints/eval_pools/mep_br/counter_circuit/baseline_seed_0_step_380.msgpack
LOADED: checkpoints/eval_pools/mep_br/counter_circuit/baseline_seed_1_step_380.msgpack
LOADED: checkpoints/eval_pools/mep_br/counter_circuit/baseline_seed_2_step_380.msgpack
LOADED: checkpoints/eval_pools/mep_br/counter_circuit/baseline_seed_3_step_380.msgpack
LOADED: checkpoints/eval_pools/mep_br/counter_circuit/baseline_seed_4_step_380.msgpack
Using alignment rollout scale: ALIGN_PAIR_BATCH_SIZE=2, ALIGN_EVAL_NUM_EPISODES=128, ALIGN_EVAL_NUM_STEPS=400
ALIGN ego[00] partner[00] R2=0.834091 NMSE=0.165909 shuffled_R2=-0.024318
ALIGN ego[00] partner[01] R2=0.847440 NMSE=0.152560 shuffled_R2=-0.017010
ALIGN ego[00] partner[02] R2=0.646391 NMSE=0.353609 shuffled_R2=-0.044357
ALIGN ego[00] partner[03] R2=0.880304 NMSE=0.119696 shuffled_R2=-0.015992
ALIGN ego[00] partner[04] R2=0.761070 NMSE=0.238930 shuffled_R2=-0.015619
ALIGN ego[01] partner[00] R2=0.898645 NMSE=0.101355 shuffled_R2=-0.017723
ALIGN ego[01] partner[01] R2=0.889496 NMSE=0.110504 shuffled_R2=-0.014999
ALIGN ego[01] partner[02] R2=0.893033 NMSE=0.106967 shuffled_R2=-0.018714
ALIGN ego[01] partner[03] R2=0.874193 NMSE=0.125807 shuffled_R2=-0.016819
ALIGN ego[01] partner[04] R2=0.843682 NMSE=0.156318 shuffled_R2=-0.016444
ALIGN ego[02] partner[00] R2=0.833431 NMSE=0.166569 shuffled_R2=-0.016939
ALIGN ego[02] partner[01] R2=0.817849 NMSE=0.182151 shuffled_R2=-0.022145
ALIGN ego[02] partner[02] R2=0.873926 NMSE=0.126074 shuffled_R2=-0.016825
ALIGN ego[02] partner[03] R2=0.840253 NMSE=0.159747 shuffled_R2=-0.016703
ALIGN ego[02] partner[04] R2=0.687802 NMSE=0.312198 shuffled_R2=-0.021056
ALIGN ego[03] partner[00] R2=0.752233 NMSE=0.247767 shuffled_R2=-0.019395
ALIGN ego[03] partner[01] R2=0.821649 NMSE=0.178351 shuffled_R2=-0.016832
ALIGN ego[03] partner[02] R2=0.797743 NMSE=0.202257 shuffled_R2=-0.013942
ALIGN ego[03] partner[03] R2=0.778015 NMSE=0.221985 shuffled_R2=-0.018240
ALIGN ego[03] partner[04] R2=0.776454 NMSE=0.223546 shuffled_R2=-0.016726
ALIGN ego[04] partner[00] R2=0.812243 NMSE=0.187757 shuffled_R2=-0.014289
ALIGN ego[04] partner[01] R2=0.834268 NMSE=0.165732 shuffled_R2=-0.015876
ALIGN ego[04] partner[02] R2=0.798618 NMSE=0.201382 shuffled_R2=-0.018940
ALIGN ego[04] partner[03] R2=0.795903 NMSE=0.204097 shuffled_R2=-0.017517
ALIGN ego[04] partner[04] R2=0.784072 NMSE=0.215928 shuffled_R2=-0.014441
Evaluating partner alignment group 2: method=pbt, prefix=checkpoints/eval_pools/pbt
LOADED: checkpoints/eval_pools/pbt/counter_circuit/baseline_seed_0_step_62.msgpack
LOADED: checkpoints/eval_pools/pbt/counter_circuit/baseline_seed_1_step_62.msgpack
LOADED: checkpoints/eval_pools/pbt/counter_circuit/baseline_seed_2_step_62.msgpack
LOADED: checkpoints/eval_pools/pbt/counter_circuit/baseline_seed_3_step_62.msgpack
LOADED: checkpoints/eval_pools/pbt/counter_circuit/baseline_seed_4_step_62.msgpack
Using alignment rollout scale: ALIGN_PAIR_BATCH_SIZE=2, ALIGN_EVAL_NUM_EPISODES=128, ALIGN_EVAL_NUM_STEPS=400
ALIGN ego[00] partner[00] R2=0.776200 NMSE=0.223800 shuffled_R2=-0.015807
ALIGN ego[00] partner[01] R2=0.744458 NMSE=0.255542 shuffled_R2=-0.018149
ALIGN ego[00] partner[02] R2=0.126632 NMSE=0.873368 shuffled_R2=-0.025435
ALIGN ego[00] partner[03] R2=0.637418 NMSE=0.362582 shuffled_R2=-0.034559
ALIGN ego[00] partner[04] R2=0.789268 NMSE=0.210732 shuffled_R2=-0.015562
ALIGN ego[01] partner[00] R2=0.790355 NMSE=0.209645 shuffled_R2=-0.016842
ALIGN ego[01] partner[01] R2=0.795472 NMSE=0.204528 shuffled_R2=-0.015843
ALIGN ego[01] partner[02] R2=0.762401 NMSE=0.237599 shuffled_R2=-0.021609
ALIGN ego[01] partner[03] R2=0.818615 NMSE=0.181385 shuffled_R2=-0.015097
ALIGN ego[01] partner[04] R2=0.803852 NMSE=0.196148 shuffled_R2=-0.017761
ALIGN ego[02] partner[00] R2=0.796266 NMSE=0.203734 shuffled_R2=-0.014214
ALIGN ego[02] partner[01] R2=0.779239 NMSE=0.220761 shuffled_R2=-0.022658
ALIGN ego[02] partner[02] R2=0.786021 NMSE=0.213979 shuffled_R2=-0.016143
ALIGN ego[02] partner[03] R2=0.704792 NMSE=0.295208 shuffled_R2=-0.026980
ALIGN ego[02] partner[04] R2=0.661464 NMSE=0.338536 shuffled_R2=-0.030970
ALIGN ego[03] partner[00] R2=0.585359 NMSE=0.414641 shuffled_R2=-0.039773
ALIGN ego[03] partner[01] R2=0.744025 NMSE=0.255975 shuffled_R2=-0.016181
ALIGN ego[03] partner[02] R2=0.743391 NMSE=0.256609 shuffled_R2=-0.014592
ALIGN ego[03] partner[03] R2=0.786010 NMSE=0.213990 shuffled_R2=-0.016927
ALIGN ego[03] partner[04] R2=0.776967 NMSE=0.223033 shuffled_R2=-0.014723
ALIGN ego[04] partner[00] R2=0.797915 NMSE=0.202085 shuffled_R2=-0.016759
ALIGN ego[04] partner[01] R2=0.778055 NMSE=0.221945 shuffled_R2=-0.019866
ALIGN ego[04] partner[02] R2=0.764479 NMSE=0.235521 shuffled_R2=-0.016861
ALIGN ego[04] partner[03] R2=0.800533 NMSE=0.199467 shuffled_R2=-0.016563
ALIGN ego[04] partner[04] R2=0.771396 NMSE=0.228604 shuffled_R2=-0.018012
Evaluating partner alignment group 3: method=sp, prefix=checkpoints/eval_pools/sp
LOADED: checkpoints/eval_pools/sp/counter_circuit/baseline_seed_0_step_380.msgpack
LOADED: checkpoints/eval_pools/sp/counter_circuit/baseline_seed_1_step_380.msgpack
LOADED: checkpoints/eval_pools/sp/counter_circuit/baseline_seed_2_step_380.msgpack
LOADED: checkpoints/eval_pools/sp/counter_circuit/baseline_seed_3_step_380.msgpack
LOADED: checkpoints/eval_pools/sp/counter_circuit/baseline_seed_4_step_380.msgpack
Using alignment rollout scale: ALIGN_PAIR_BATCH_SIZE=2, ALIGN_EVAL_NUM_EPISODES=128, ALIGN_EVAL_NUM_STEPS=400
ALIGN ego[00] partner[00] R2=0.864741 NMSE=0.135259 shuffled_R2=-0.016851
ALIGN ego[00] partner[01] R2=0.806631 NMSE=0.193369 shuffled_R2=-0.020050
ALIGN ego[00] partner[02] R2=0.862218 NMSE=0.137782 shuffled_R2=-0.014676
ALIGN ego[00] partner[03] R2=0.799157 NMSE=0.200843 shuffled_R2=-0.019010
ALIGN ego[00] partner[04] R2=0.837078 NMSE=0.162922 shuffled_R2=-0.019952
ALIGN ego[01] partner[00] R2=0.868377 NMSE=0.131623 shuffled_R2=-0.015725
ALIGN ego[01] partner[01] R2=0.899999 NMSE=0.100001 shuffled_R2=-0.014352
ALIGN ego[01] partner[02] R2=0.865701 NMSE=0.134299 shuffled_R2=-0.016560
ALIGN ego[01] partner[03] R2=0.863729 NMSE=0.136271 shuffled_R2=-0.016767
ALIGN ego[01] partner[04] R2=0.824267 NMSE=0.175733 shuffled_R2=-0.017695
ALIGN ego[02] partner[00] R2=0.897474 NMSE=0.102526 shuffled_R2=-0.014667
ALIGN ego[02] partner[01] R2=0.910935 NMSE=0.089065 shuffled_R2=-0.014502
ALIGN ego[02] partner[02] R2=0.855542 NMSE=0.144458 shuffled_R2=-0.016987
ALIGN ego[02] partner[03] R2=0.823631 NMSE=0.176369 shuffled_R2=-0.016861
ALIGN ego[02] partner[04] R2=0.792498 NMSE=0.207502 shuffled_R2=-0.015911
ALIGN ego[03] partner[00] R2=0.892352 NMSE=0.107648 shuffled_R2=-0.014123
ALIGN ego[03] partner[01] R2=0.892008 NMSE=0.107992 shuffled_R2=-0.016807
ALIGN ego[03] partner[02] R2=0.803219 NMSE=0.196781 shuffled_R2=-0.018463
ALIGN ego[03] partner[03] R2=0.793758 NMSE=0.206242 shuffled_R2=-0.018103
ALIGN ego[03] partner[04] R2=0.815068 NMSE=0.184932 shuffled_R2=-0.016060
ALIGN ego[04] partner[00] R2=0.865134 NMSE=0.134866 shuffled_R2=-0.016219
ALIGN ego[04] partner[01] R2=0.871969 NMSE=0.128031 shuffled_R2=-0.014536
ALIGN ego[04] partner[02] R2=0.807957 NMSE=0.192043 shuffled_R2=-0.024822
ALIGN ego[04] partner[03] R2=0.817449 NMSE=0.182551 shuffled_R2=-0.014787
ALIGN ego[04] partner[04] R2=0.825671 NMSE=0.174329 shuffled_R2=-0.016469
Average ego-to-partner alignment R2: 0.794076 +- 0.009105 SE over 100 ego-partner pairs
Average alignment normalized MSE: 0.205924 +- 0.009105 SE
Average shuffled-control alignment R2: -0.018738 +- 0.000553 SE
Saved alignment results to ad_hoc_teamplay_results/lmpredV202_gamma0_ad_hoc_teamplay/counter_circuit
Evaluating ad-hoc teamplay for ego_method=lmpredV202_gamma0, layout=coord_ring
ego_prefix=checkpoints/lmpredV202_gamma0/, partner_pool_specs=e3t:checkpoints/eval_pools/e3t;mep_br:checkpoints/eval_pools/mep_br;pbt:checkpoints/eval_pools/pbt;sp:checkpoints/eval_pools/sp, result_name=lmpredV202_gamma0_ad_hoc_teamplay, ego_perspective_transform=true
Importing submoduled environments...
Submoduled environments not found. Skipping import.
2026-07-05 17:45:05.756105: W external/xla/xla/service/gpu/autotuning/dot_search_space.cc:200] All configs were filtered out because none of them sufficiently match the hints. Maybe the hints set does not contain a good representative set of valid configs?Working around this by using the full hints set instead.
2026-07-05 17:45:06.886572: W external/xla/xla/service/gpu/autotuning/dot_search_space.cc:200] All configs were filtered out because none of them sufficiently match the hints. Maybe the hints set does not contain a good representative set of valid configs?Working around this by using the full hints set instead.
LOADED: checkpoints/lmpredV202_gamma0/coord_ring/baseline_seed_0_step_220.msgpack
LOADED: checkpoints/lmpredV202_gamma0/coord_ring/baseline_seed_1_step_220.msgpack
LOADED: checkpoints/lmpredV202_gamma0/coord_ring/baseline_seed_2_step_220.msgpack
LOADED: checkpoints/lmpredV202_gamma0/coord_ring/baseline_seed_3_step_220.msgpack
LOADED: checkpoints/lmpredV202_gamma0/coord_ring/baseline_seed_4_step_220.msgpack
Evaluating partner group 0: method=e3t, prefix=checkpoints/eval_pools/e3t
LOADED: checkpoints/eval_pools/e3t/coord_ring/baseline_seed_0_step_220.msgpack
LOADED: checkpoints/eval_pools/e3t/coord_ring/baseline_seed_1_step_220.msgpack
LOADED: checkpoints/eval_pools/e3t/coord_ring/baseline_seed_2_step_220.msgpack
LOADED: checkpoints/eval_pools/e3t/coord_ring/baseline_seed_3_step_220.msgpack
LOADED: checkpoints/eval_pools/e3t/coord_ring/baseline_seed_4_step_220.msgpack
Using XP rollout scale: XP_PAIR_BATCH_SIZE=32, EVAL_NUM_EPISODES=128, EVAL_NUM_STEPS=400
XP ego[00] partner[00] = 241.562
XP ego[00] partner[01] = 291.562
XP ego[00] partner[02] = 51.406
XP ego[00] partner[03] = 276.250
XP ego[00] partner[04] = 286.094
XP ego[01] partner[00] = 113.281
XP ego[01] partner[01] = 168.906
XP ego[01] partner[02] = 10.000
XP ego[01] partner[03] = 251.562
XP ego[01] partner[04] = 271.562
XP ego[02] partner[00] = 128.438
XP ego[02] partner[01] = 202.500
XP ego[02] partner[02] = 14.844
XP ego[02] partner[03] = 227.969
XP ego[02] partner[04] = 225.625
XP ego[03] partner[00] = 314.688
XP ego[03] partner[01] = 300.000
XP ego[03] partner[02] = 100.156
XP ego[03] partner[03] = 295.312
XP ego[03] partner[04] = 286.250
XP ego[04] partner[00] = 111.562
XP ego[04] partner[01] = 295.312
XP ego[04] partner[02] = 18.594
XP ego[04] partner[03] = 197.031
XP ego[04] partner[04] = 285.938
Evaluating partner group 1: method=mep_br, prefix=checkpoints/eval_pools/mep_br
LOADED: checkpoints/eval_pools/mep_br/coord_ring/baseline_seed_0_step_220.msgpack
LOADED: checkpoints/eval_pools/mep_br/coord_ring/baseline_seed_1_step_220.msgpack
LOADED: checkpoints/eval_pools/mep_br/coord_ring/baseline_seed_2_step_220.msgpack
LOADED: checkpoints/eval_pools/mep_br/coord_ring/baseline_seed_3_step_220.msgpack
LOADED: checkpoints/eval_pools/mep_br/coord_ring/baseline_seed_4_step_220.msgpack
Using XP rollout scale: XP_PAIR_BATCH_SIZE=32, EVAL_NUM_EPISODES=128, EVAL_NUM_STEPS=400
XP ego[00] partner[00] = 213.750
XP ego[00] partner[01] = 282.344
XP ego[00] partner[02] = 279.375
XP ego[00] partner[03] = 212.969
XP ego[00] partner[04] = 264.062
XP ego[01] partner[00] = 228.281
XP ego[01] partner[01] = 288.281
XP ego[01] partner[02] = 273.906
XP ego[01] partner[03] = 210.312
XP ego[01] partner[04] = 245.781
XP ego[02] partner[00] = 198.906
XP ego[02] partner[01] = 239.375
XP ego[02] partner[02] = 173.594
XP ego[02] partner[03] = 180.625
XP ego[02] partner[04] = 193.594
XP ego[03] partner[00] = 300.156
XP ego[03] partner[01] = 289.219
XP ego[03] partner[02] = 304.219
XP ego[03] partner[03] = 205.000
XP ego[03] partner[04] = 319.062
XP ego[04] partner[00] = 233.906
XP ego[04] partner[01] = 310.156
XP ego[04] partner[02] = 297.656
XP ego[04] partner[03] = 175.156
XP ego[04] partner[04] = 260.312
Evaluating partner group 2: method=pbt, prefix=checkpoints/eval_pools/pbt
LOADED: checkpoints/eval_pools/pbt/coord_ring/baseline_seed_0_step_62.msgpack
LOADED: checkpoints/eval_pools/pbt/coord_ring/baseline_seed_1_step_62.msgpack
LOADED: checkpoints/eval_pools/pbt/coord_ring/baseline_seed_2_step_62.msgpack
LOADED: checkpoints/eval_pools/pbt/coord_ring/baseline_seed_3_step_62.msgpack
LOADED: checkpoints/eval_pools/pbt/coord_ring/baseline_seed_4_step_62.msgpack
Using XP rollout scale: XP_PAIR_BATCH_SIZE=32, EVAL_NUM_EPISODES=128, EVAL_NUM_STEPS=400
XP ego[00] partner[00] = 285.469
XP ego[00] partner[01] = 276.875
XP ego[00] partner[02] = 290.938
XP ego[00] partner[03] = 281.719
XP ego[00] partner[04] = 289.375
XP ego[01] partner[00] = 260.156
XP ego[01] partner[01] = 240.312
XP ego[01] partner[02] = 231.250
XP ego[01] partner[03] = 248.125
XP ego[01] partner[04] = 187.812
XP ego[02] partner[00] = 242.969
XP ego[02] partner[01] = 235.938
XP ego[02] partner[02] = 231.719
XP ego[02] partner[03] = 244.062
XP ego[02] partner[04] = 240.312
XP ego[03] partner[00] = 274.062
XP ego[03] partner[01] = 253.125
XP ego[03] partner[02] = 272.031
XP ego[03] partner[03] = 286.406
XP ego[03] partner[04] = 268.906
XP ego[04] partner[00] = 297.656
XP ego[04] partner[01] = 283.125
XP ego[04] partner[02] = 289.531
XP ego[04] partner[03] = 273.281
XP ego[04] partner[04] = 292.031
Evaluating partner group 3: method=sp, prefix=checkpoints/eval_pools/sp
LOADED: checkpoints/eval_pools/sp/coord_ring/baseline_seed_0_step_220.msgpack
LOADED: checkpoints/eval_pools/sp/coord_ring/baseline_seed_1_step_220.msgpack
LOADED: checkpoints/eval_pools/sp/coord_ring/baseline_seed_2_step_220.msgpack
LOADED: checkpoints/eval_pools/sp/coord_ring/baseline_seed_3_step_220.msgpack
LOADED: checkpoints/eval_pools/sp/coord_ring/baseline_seed_4_step_220.msgpack
Using XP rollout scale: XP_PAIR_BATCH_SIZE=32, EVAL_NUM_EPISODES=128, EVAL_NUM_STEPS=400
XP ego[00] partner[00] = 289.062
XP ego[00] partner[01] = 285.469
XP ego[00] partner[02] = 273.125
XP ego[00] partner[03] = 287.969
XP ego[00] partner[04] = 284.531
XP ego[01] partner[00] = 196.406
XP ego[01] partner[01] = 238.438
XP ego[01] partner[02] = 238.594
XP ego[01] partner[03] = 219.844
XP ego[01] partner[04] = 225.312
XP ego[02] partner[00] = 249.688
XP ego[02] partner[01] = 204.844
XP ego[02] partner[02] = 234.375
XP ego[02] partner[03] = 254.062
XP ego[02] partner[04] = 256.094
XP ego[03] partner[00] = 288.125
XP ego[03] partner[01] = 278.438
XP ego[03] partner[02] = 268.281
XP ego[03] partner[03] = 259.688
XP ego[03] partner[04] = 243.438
XP ego[04] partner[00] = 308.906
XP ego[04] partner[01] = 281.250
XP ego[04] partner[02] = 288.594
XP ego[04] partner[03] = 204.219
XP ego[04] partner[04] = 282.812
Average ego-vs-partner performance: 241.652 +- 6.369 SE over 100 ordered pairs
Average diagonal performance: 201.312 +- 51.691 SE over 5 pairs
Average off-diagonal performance (only for square pools): nan +- nan SE over 0 ordered pairs
Saved ad-hoc teamplay results to ad_hoc_teamplay_results/lmpredV202_gamma0_ad_hoc_teamplay/coord_ring
Saved ad-hoc teamplay heatmap to ad_hoc_teamplay_results/lmpredV202_gamma0_ad_hoc_teamplay/coord_ring/xp_matrix.png
Evaluating partner alignment group 0: method=e3t, prefix=checkpoints/eval_pools/e3t
LOADED: checkpoints/eval_pools/e3t/coord_ring/baseline_seed_0_step_220.msgpack
LOADED: checkpoints/eval_pools/e3t/coord_ring/baseline_seed_1_step_220.msgpack
LOADED: checkpoints/eval_pools/e3t/coord_ring/baseline_seed_2_step_220.msgpack
LOADED: checkpoints/eval_pools/e3t/coord_ring/baseline_seed_3_step_220.msgpack
LOADED: checkpoints/eval_pools/e3t/coord_ring/baseline_seed_4_step_220.msgpack
Using alignment rollout scale: ALIGN_PAIR_BATCH_SIZE=2, ALIGN_EVAL_NUM_EPISODES=128, ALIGN_EVAL_NUM_STEPS=400
ALIGN ego[00] partner[00] R2=0.818857 NMSE=0.181143 shuffled_R2=-0.021635
ALIGN ego[00] partner[01] R2=0.844763 NMSE=0.155237 shuffled_R2=-0.014244
ALIGN ego[00] partner[02] R2=0.894450 NMSE=0.105550 shuffled_R2=-0.024931
ALIGN ego[00] partner[03] R2=0.839338 NMSE=0.160662 shuffled_R2=-0.018544
ALIGN ego[00] partner[04] R2=0.883034 NMSE=0.116966 shuffled_R2=-0.015284
ALIGN ego[01] partner[00] R2=0.875061 NMSE=0.124939 shuffled_R2=-0.020085
ALIGN ego[01] partner[01] R2=0.804164 NMSE=0.195836 shuffled_R2=-0.020978
ALIGN ego[01] partner[02] R2=0.903511 NMSE=0.096489 shuffled_R2=-0.029501
ALIGN ego[01] partner[03] R2=0.853228 NMSE=0.146772 shuffled_R2=-0.016159
ALIGN ego[01] partner[04] R2=0.831691 NMSE=0.168309 shuffled_R2=-0.018494
ALIGN ego[02] partner[00] R2=0.935738 NMSE=0.064262 shuffled_R2=-0.018005
ALIGN ego[02] partner[01] R2=0.905495 NMSE=0.094505 shuffled_R2=-0.017631
ALIGN ego[02] partner[02] R2=0.855296 NMSE=0.144704 shuffled_R2=-0.019304
ALIGN ego[02] partner[03] R2=0.908215 NMSE=0.091785 shuffled_R2=-0.018778
ALIGN ego[02] partner[04] R2=0.931927 NMSE=0.068073 shuffled_R2=-0.014176
ALIGN ego[03] partner[00] R2=0.810349 NMSE=0.189651 shuffled_R2=-0.029320
ALIGN ego[03] partner[01] R2=0.889388 NMSE=0.110612 shuffled_R2=-0.014887
ALIGN ego[03] partner[02] R2=0.785939 NMSE=0.214061 shuffled_R2=-0.041494
ALIGN ego[03] partner[03] R2=0.866088 NMSE=0.133912 shuffled_R2=-0.017495
ALIGN ego[03] partner[04] R2=0.895630 NMSE=0.104370 shuffled_R2=-0.015228
ALIGN ego[04] partner[00] R2=0.955649 NMSE=0.044351 shuffled_R2=-0.010778
ALIGN ego[04] partner[01] R2=0.860607 NMSE=0.139393 shuffled_R2=-0.020194
ALIGN ego[04] partner[02] R2=0.865551 NMSE=0.134449 shuffled_R2=-0.036625
ALIGN ego[04] partner[03] R2=0.928222 NMSE=0.071778 shuffled_R2=-0.017147
ALIGN ego[04] partner[04] R2=0.866396 NMSE=0.133604 shuffled_R2=-0.021198
Evaluating partner alignment group 1: method=mep_br, prefix=checkpoints/eval_pools/mep_br
LOADED: checkpoints/eval_pools/mep_br/coord_ring/baseline_seed_0_step_220.msgpack
LOADED: checkpoints/eval_pools/mep_br/coord_ring/baseline_seed_1_step_220.msgpack
LOADED: checkpoints/eval_pools/mep_br/coord_ring/baseline_seed_2_step_220.msgpack
LOADED: checkpoints/eval_pools/mep_br/coord_ring/baseline_seed_3_step_220.msgpack
LOADED: checkpoints/eval_pools/mep_br/coord_ring/baseline_seed_4_step_220.msgpack
Using alignment rollout scale: ALIGN_PAIR_BATCH_SIZE=2, ALIGN_EVAL_NUM_EPISODES=128, ALIGN_EVAL_NUM_STEPS=400
ALIGN ego[00] partner[00] R2=0.863347 NMSE=0.136653 shuffled_R2=-0.021941
ALIGN ego[00] partner[01] R2=0.906013 NMSE=0.093987 shuffled_R2=-0.014696
ALIGN ego[00] partner[02] R2=0.881931 NMSE=0.118069 shuffled_R2=-0.018300
ALIGN ego[00] partner[03] R2=0.936189 NMSE=0.063811 shuffled_R2=-0.014269
ALIGN ego[00] partner[04] R2=0.912764 NMSE=0.087236 shuffled_R2=-0.019245
ALIGN ego[01] partner[00] R2=0.864434 NMSE=0.135566 shuffled_R2=-0.017366
ALIGN ego[01] partner[01] R2=0.873220 NMSE=0.126780 shuffled_R2=-0.015987
ALIGN ego[01] partner[02] R2=0.865930 NMSE=0.134070 shuffled_R2=-0.015763
ALIGN ego[01] partner[03] R2=0.900619 NMSE=0.099381 shuffled_R2=-0.023117
ALIGN ego[01] partner[04] R2=0.770849 NMSE=0.229151 shuffled_R2=-0.031075
ALIGN ego[02] partner[00] R2=0.805626 NMSE=0.194374 shuffled_R2=-0.040757
ALIGN ego[02] partner[01] R2=0.910040 NMSE=0.089960 shuffled_R2=-0.017370
ALIGN ego[02] partner[02] R2=0.852801 NMSE=0.147199 shuffled_R2=-0.026863
ALIGN ego[02] partner[03] R2=0.398707 NMSE=0.601293 shuffled_R2=-0.162632
ALIGN ego[02] partner[04] R2=0.872531 NMSE=0.127469 shuffled_R2=-0.025640
ALIGN ego[03] partner[00] R2=0.913063 NMSE=0.086937 shuffled_R2=-0.016836
ALIGN ego[03] partner[01] R2=0.900026 NMSE=0.099974 shuffled_R2=-0.016915
ALIGN ego[03] partner[02] R2=0.894000 NMSE=0.106000 shuffled_R2=-0.014950
ALIGN ego[03] partner[03] R2=0.971500 NMSE=0.028500 shuffled_R2=-0.017366
ALIGN ego[03] partner[04] R2=0.795691 NMSE=0.204309 shuffled_R2=-0.027228
ALIGN ego[04] partner[00] R2=0.813970 NMSE=0.186030 shuffled_R2=-0.028477
ALIGN ego[04] partner[01] R2=0.899767 NMSE=0.100233 shuffled_R2=-0.020854
ALIGN ego[04] partner[02] R2=0.920739 NMSE=0.079261 shuffled_R2=-0.016355
ALIGN ego[04] partner[03] R2=0.710827 NMSE=0.289173 shuffled_R2=-0.085399
ALIGN ego[04] partner[04] R2=0.893783 NMSE=0.106217 shuffled_R2=-0.023425
Evaluating partner alignment group 2: method=pbt, prefix=checkpoints/eval_pools/pbt
LOADED: checkpoints/eval_pools/pbt/coord_ring/baseline_seed_0_step_62.msgpack
LOADED: checkpoints/eval_pools/pbt/coord_ring/baseline_seed_1_step_62.msgpack
LOADED: checkpoints/eval_pools/pbt/coord_ring/baseline_seed_2_step_62.msgpack
LOADED: checkpoints/eval_pools/pbt/coord_ring/baseline_seed_3_step_62.msgpack
LOADED: checkpoints/eval_pools/pbt/coord_ring/baseline_seed_4_step_62.msgpack
Using alignment rollout scale: ALIGN_PAIR_BATCH_SIZE=2, ALIGN_EVAL_NUM_EPISODES=128, ALIGN_EVAL_NUM_STEPS=400
ALIGN ego[00] partner[00] R2=0.673613 NMSE=0.326387 shuffled_R2=-0.036961
ALIGN ego[00] partner[01] R2=0.810460 NMSE=0.189540 shuffled_R2=-0.016479
ALIGN ego[00] partner[02] R2=0.759549 NMSE=0.240451 shuffled_R2=-0.024160
ALIGN ego[00] partner[03] R2=0.800082 NMSE=0.199918 shuffled_R2=-0.017996
ALIGN ego[00] partner[04] R2=0.745810 NMSE=0.254190 shuffled_R2=-0.020406
ALIGN ego[01] partner[00] R2=0.769896 NMSE=0.230104 shuffled_R2=-0.015573
ALIGN ego[01] partner[01] R2=0.761260 NMSE=0.238740 shuffled_R2=-0.013576
ALIGN ego[01] partner[02] R2=0.570111 NMSE=0.429889 shuffled_R2=-0.032420
ALIGN ego[01] partner[03] R2=0.750011 NMSE=0.249989 shuffled_R2=-0.013723
ALIGN ego[01] partner[04] R2=0.703263 NMSE=0.296737 shuffled_R2=-0.020357
ALIGN ego[02] partner[00] R2=0.757258 NMSE=0.242742 shuffled_R2=-0.032208
ALIGN ego[02] partner[01] R2=0.863277 NMSE=0.136723 shuffled_R2=-0.014690
ALIGN ego[02] partner[02] R2=0.708878 NMSE=0.291122 shuffled_R2=-0.039270
ALIGN ego[02] partner[03] R2=0.795827 NMSE=0.204173 shuffled_R2=-0.037727
ALIGN ego[02] partner[04] R2=0.736826 NMSE=0.263174 shuffled_R2=-0.031246
ALIGN ego[03] partner[00] R2=0.774270 NMSE=0.225730 shuffled_R2=-0.013970
ALIGN ego[03] partner[01] R2=0.781566 NMSE=0.218434 shuffled_R2=-0.014954
ALIGN ego[03] partner[02] R2=0.786908 NMSE=0.213092 shuffled_R2=-0.013396
ALIGN ego[03] partner[03] R2=0.787615 NMSE=0.212385 shuffled_R2=-0.016619
ALIGN ego[03] partner[04] R2=0.755647 NMSE=0.244353 shuffled_R2=-0.019383
ALIGN ego[04] partner[00] R2=0.683927 NMSE=0.316073 shuffled_R2=-0.049098
ALIGN ego[04] partner[01] R2=0.835587 NMSE=0.164413 shuffled_R2=-0.020176
ALIGN ego[04] partner[02] R2=0.791278 NMSE=0.208722 shuffled_R2=-0.017956
ALIGN ego[04] partner[03] R2=0.692711 NMSE=0.307289 shuffled_R2=-0.041179
ALIGN ego[04] partner[04] R2=0.764649 NMSE=0.235351 shuffled_R2=-0.022751
Evaluating partner alignment group 3: method=sp, prefix=checkpoints/eval_pools/sp
LOADED: checkpoints/eval_pools/sp/coord_ring/baseline_seed_0_step_220.msgpack
LOADED: checkpoints/eval_pools/sp/coord_ring/baseline_seed_1_step_220.msgpack
LOADED: checkpoints/eval_pools/sp/coord_ring/baseline_seed_2_step_220.msgpack
LOADED: checkpoints/eval_pools/sp/coord_ring/baseline_seed_3_step_220.msgpack
LOADED: checkpoints/eval_pools/sp/coord_ring/baseline_seed_4_step_220.msgpack
Using alignment rollout scale: ALIGN_PAIR_BATCH_SIZE=2, ALIGN_EVAL_NUM_EPISODES=128, ALIGN_EVAL_NUM_STEPS=400
ALIGN ego[00] partner[00] R2=0.873875 NMSE=0.126125 shuffled_R2=-0.017778
ALIGN ego[00] partner[01] R2=0.882205 NMSE=0.117795 shuffled_R2=-0.018262
ALIGN ego[00] partner[02] R2=0.867306 NMSE=0.132694 shuffled_R2=-0.020299
ALIGN ego[00] partner[03] R2=0.840890 NMSE=0.159110 shuffled_R2=-0.020582
ALIGN ego[00] partner[04] R2=0.936195 NMSE=0.063805 shuffled_R2=-0.018643
ALIGN ego[01] partner[00] R2=0.837806 NMSE=0.162194 shuffled_R2=-0.015569
ALIGN ego[01] partner[01] R2=0.808022 NMSE=0.191978 shuffled_R2=-0.020561
ALIGN ego[01] partner[02] R2=0.788773 NMSE=0.211227 shuffled_R2=-0.026475
ALIGN ego[01] partner[03] R2=0.869718 NMSE=0.130282 shuffled_R2=-0.023037
ALIGN ego[01] partner[04] R2=0.824712 NMSE=0.175288 shuffled_R2=-0.039663
ALIGN ego[02] partner[00] R2=0.922695 NMSE=0.077305 shuffled_R2=-0.018263
ALIGN ego[02] partner[01] R2=0.574587 NMSE=0.425413 shuffled_R2=-0.137506
ALIGN ego[02] partner[02] R2=0.909495 NMSE=0.090505 shuffled_R2=-0.017764
ALIGN ego[02] partner[03] R2=0.891571 NMSE=0.108429 shuffled_R2=-0.021176
ALIGN ego[02] partner[04] R2=0.952982 NMSE=0.047018 shuffled_R2=-0.016138
ALIGN ego[03] partner[00] R2=0.897335 NMSE=0.102665 shuffled_R2=-0.015571
ALIGN ego[03] partner[01] R2=0.891357 NMSE=0.108643 shuffled_R2=-0.014549
ALIGN ego[03] partner[02] R2=0.864391 NMSE=0.135609 shuffled_R2=-0.014833
ALIGN ego[03] partner[03] R2=0.899404 NMSE=0.100596 shuffled_R2=-0.014540
ALIGN ego[03] partner[04] R2=0.926658 NMSE=0.073342 shuffled_R2=-0.014021
ALIGN ego[04] partner[00] R2=0.918175 NMSE=0.081825 shuffled_R2=-0.016010
ALIGN ego[04] partner[01] R2=0.905436 NMSE=0.094564 shuffled_R2=-0.035328
ALIGN ego[04] partner[02] R2=0.768877 NMSE=0.231123 shuffled_R2=-0.037510
ALIGN ego[04] partner[03] R2=0.878990 NMSE=0.121010 shuffled_R2=-0.027402
ALIGN ego[04] partner[04] R2=0.933064 NMSE=0.066936 shuffled_R2=-0.015836
Average ego-to-partner alignment R2: 0.836618 +- 0.008948 SE over 100 ego-partner pairs
Average alignment normalized MSE: 0.163382 +- 0.008948 SE
Average shuffled-control alignment R2: -0.024785 +- 0.002074 SE
Saved alignment results to ad_hoc_teamplay_results/lmpredV202_gamma0_ad_hoc_teamplay/coord_ring
Evaluating ad-hoc teamplay for ego_method=lmpredV202_gamma0, layout=asymm_advantages
ego_prefix=checkpoints/lmpredV202_gamma0/, partner_pool_specs=e3t:checkpoints/eval_pools/e3t;mep_br:checkpoints/eval_pools/mep_br;pbt:checkpoints/eval_pools/pbt;sp:checkpoints/eval_pools/sp, result_name=lmpredV202_gamma0_ad_hoc_teamplay, ego_perspective_transform=true
Cannot find primary config 'asymm_advantages'. Check that it's in your config search path.

Config search path:
	provider=hydra, path=pkg://hydra.conf
	provider=main, path=file:///net/scratch/n70579mp/tom/JaxMARL/baselines/overcookedv2/config/oc_extended/mep_br
	provider=schema, path=structured://

Set the environment variable HYDRA_FULL_ERROR=1 for a complete stack trace.
Importing submoduled environments...
Submoduled environments not found. Skipping import.
Evaluating ad-hoc teamplay for ego_method=lmpredV202_gamma0, layout=forced_coord
ego_prefix=checkpoints/lmpredV202_gamma0/, partner_pool_specs=e3t:checkpoints/eval_pools/e3t;mep_br:checkpoints/eval_pools/mep_br;pbt:checkpoints/eval_pools/pbt;sp:checkpoints/eval_pools/sp, result_name=lmpredV202_gamma0_ad_hoc_teamplay, ego_perspective_transform=true
Cannot find primary config 'forced_coord'. Check that it's in your config search path.

Config search path:
	provider=hydra, path=pkg://hydra.conf
	provider=main, path=file:///net/scratch/n70579mp/tom/JaxMARL/baselines/overcookedv2/config/oc_extended/mep_br
	provider=schema, path=structured://

Set the environment variable HYDRA_FULL_ERROR=1 for a complete stack trace.
Importing submoduled environments...
Submoduled environments not found. Skipping import.
Evaluating ad-hoc teamplay for ego_method=lmpredV204_gamma0, layout=cramped_room5x5
ego_prefix=checkpoints/lmpredV204_gamma0/, partner_pool_specs=e3t:checkpoints/eval_pools/e3t;mep_br:checkpoints/eval_pools/mep_br;pbt:checkpoints/eval_pools/pbt;sp:checkpoints/eval_pools/sp, result_name=lmpredV204_gamma0_ad_hoc_teamplay, ego_perspective_transform=true
Importing submoduled environments...
Submoduled environments not found. Skipping import.
2026-07-05 17:49:38.696973: W external/xla/xla/service/gpu/autotuning/dot_search_space.cc:200] All configs were filtered out because none of them sufficiently match the hints. Maybe the hints set does not contain a good representative set of valid configs?Working around this by using the full hints set instead.
2026-07-05 17:49:39.699331: W external/xla/xla/service/gpu/autotuning/dot_search_space.cc:200] All configs were filtered out because none of them sufficiently match the hints. Maybe the hints set does not contain a good representative set of valid configs?Working around this by using the full hints set instead.
LOADED: checkpoints/lmpredV204_gamma0/cramped_room5x5/baseline_seed_0_step_220.msgpack
LOADED: checkpoints/lmpredV204_gamma0/cramped_room5x5/baseline_seed_1_step_220.msgpack
LOADED: checkpoints/lmpredV204_gamma0/cramped_room5x5/baseline_seed_2_step_220.msgpack
LOADED: checkpoints/lmpredV204_gamma0/cramped_room5x5/baseline_seed_3_step_220.msgpack
LOADED: checkpoints/lmpredV204_gamma0/cramped_room5x5/baseline_seed_4_step_220.msgpack
Evaluating partner group 0: method=e3t, prefix=checkpoints/eval_pools/e3t
LOADED: checkpoints/eval_pools/e3t/cramped_room5x5/baseline_seed_0_step_220.msgpack
LOADED: checkpoints/eval_pools/e3t/cramped_room5x5/baseline_seed_1_step_220.msgpack
LOADED: checkpoints/eval_pools/e3t/cramped_room5x5/baseline_seed_2_step_220.msgpack
LOADED: checkpoints/eval_pools/e3t/cramped_room5x5/baseline_seed_3_step_220.msgpack
LOADED: checkpoints/eval_pools/e3t/cramped_room5x5/baseline_seed_4_step_220.msgpack
Using XP rollout scale: XP_PAIR_BATCH_SIZE=32, EVAL_NUM_EPISODES=128, EVAL_NUM_STEPS=400
XP ego[00] partner[00] = 186.562
XP ego[00] partner[01] = 112.969
XP ego[00] partner[02] = 224.375
XP ego[00] partner[03] = 224.531
XP ego[00] partner[04] = 175.000
XP ego[01] partner[00] = 214.219
XP ego[01] partner[01] = 179.688
XP ego[01] partner[02] = 224.844
XP ego[01] partner[03] = 222.500
XP ego[01] partner[04] = 228.125
XP ego[02] partner[00] = 222.344
XP ego[02] partner[01] = 235.625
XP ego[02] partner[02] = 245.000
XP ego[02] partner[03] = 238.594
XP ego[02] partner[04] = 223.750
XP ego[03] partner[00] = 204.062
XP ego[03] partner[01] = 226.562
XP ego[03] partner[02] = 244.531
XP ego[03] partner[03] = 238.594
XP ego[03] partner[04] = 200.312
XP ego[04] partner[00] = 160.938
XP ego[04] partner[01] = 164.688
XP ego[04] partner[02] = 195.469
XP ego[04] partner[03] = 228.125
XP ego[04] partner[04] = 232.188
Evaluating partner group 1: method=mep_br, prefix=checkpoints/eval_pools/mep_br
LOADED: checkpoints/eval_pools/mep_br/cramped_room5x5/baseline_seed_0_step_220.msgpack
LOADED: checkpoints/eval_pools/mep_br/cramped_room5x5/baseline_seed_1_step_220.msgpack
LOADED: checkpoints/eval_pools/mep_br/cramped_room5x5/baseline_seed_2_step_220.msgpack
LOADED: checkpoints/eval_pools/mep_br/cramped_room5x5/baseline_seed_3_step_220.msgpack
LOADED: checkpoints/eval_pools/mep_br/cramped_room5x5/baseline_seed_4_step_220.msgpack
Using XP rollout scale: XP_PAIR_BATCH_SIZE=32, EVAL_NUM_EPISODES=128, EVAL_NUM_STEPS=400
XP ego[00] partner[00] = 217.188
XP ego[00] partner[01] = 218.125
XP ego[00] partner[02] = 158.438
XP ego[00] partner[03] = 219.375
XP ego[00] partner[04] = 221.562
XP ego[01] partner[00] = 212.344
XP ego[01] partner[01] = 223.594
XP ego[01] partner[02] = 229.062
XP ego[01] partner[03] = 231.875
XP ego[01] partner[04] = 234.844
XP ego[02] partner[00] = 178.906
XP ego[02] partner[01] = 98.281
XP ego[02] partner[02] = 154.062
XP ego[02] partner[03] = 77.031
XP ego[02] partner[04] = 185.938
XP ego[03] partner[00] = 80.625
XP ego[03] partner[01] = 147.969
XP ego[03] partner[02] = 185.625
XP ego[03] partner[03] = 142.188
XP ego[03] partner[04] = 188.438
XP ego[04] partner[00] = 225.312
XP ego[04] partner[01] = 232.656
XP ego[04] partner[02] = 148.906
XP ego[04] partner[03] = 200.469
XP ego[04] partner[04] = 227.656
Evaluating partner group 2: method=pbt, prefix=checkpoints/eval_pools/pbt
LOADED: checkpoints/eval_pools/pbt/cramped_room5x5/baseline_seed_0_step_62.msgpack
LOADED: checkpoints/eval_pools/pbt/cramped_room5x5/baseline_seed_1_step_62.msgpack
LOADED: checkpoints/eval_pools/pbt/cramped_room5x5/baseline_seed_2_step_62.msgpack
LOADED: checkpoints/eval_pools/pbt/cramped_room5x5/baseline_seed_3_step_62.msgpack
LOADED: checkpoints/eval_pools/pbt/cramped_room5x5/baseline_seed_4_step_62.msgpack
Using XP rollout scale: XP_PAIR_BATCH_SIZE=32, EVAL_NUM_EPISODES=128, EVAL_NUM_STEPS=400
XP ego[00] partner[00] = 191.875
XP ego[00] partner[01] = 149.375
XP ego[00] partner[02] = 196.250
XP ego[00] partner[03] = 194.062
XP ego[00] partner[04] = 178.906
XP ego[01] partner[00] = 237.656
XP ego[01] partner[01] = 234.844
XP ego[01] partner[02] = 236.250
XP ego[01] partner[03] = 237.188
XP ego[01] partner[04] = 225.469
XP ego[02] partner[00] = 173.125
XP ego[02] partner[01] = 86.094
XP ego[02] partner[02] = 85.156
XP ego[02] partner[03] = 181.094
XP ego[02] partner[04] = 182.656
XP ego[03] partner[00] = 217.344
XP ego[03] partner[01] = 206.875
XP ego[03] partner[02] = 207.656
XP ego[03] partner[03] = 160.938
XP ego[03] partner[04] = 161.250
XP ego[04] partner[00] = 214.531
XP ego[04] partner[01] = 232.031
XP ego[04] partner[02] = 239.688
XP ego[04] partner[03] = 237.188
XP ego[04] partner[04] = 237.188
Evaluating partner group 3: method=sp, prefix=checkpoints/eval_pools/sp
LOADED: checkpoints/eval_pools/sp/cramped_room5x5/baseline_seed_0_step_220.msgpack
LOADED: checkpoints/eval_pools/sp/cramped_room5x5/baseline_seed_1_step_220.msgpack
LOADED: checkpoints/eval_pools/sp/cramped_room5x5/baseline_seed_2_step_220.msgpack
LOADED: checkpoints/eval_pools/sp/cramped_room5x5/baseline_seed_3_step_220.msgpack
LOADED: checkpoints/eval_pools/sp/cramped_room5x5/baseline_seed_4_step_220.msgpack
Using XP rollout scale: XP_PAIR_BATCH_SIZE=32, EVAL_NUM_EPISODES=128, EVAL_NUM_STEPS=400
XP ego[00] partner[00] = 198.125
XP ego[00] partner[01] = 197.656
XP ego[00] partner[02] = 201.406
XP ego[00] partner[03] = 229.219
XP ego[00] partner[04] = 209.531
XP ego[01] partner[00] = 202.031
XP ego[01] partner[01] = 225.156
XP ego[01] partner[02] = 199.219
XP ego[01] partner[03] = 223.906
XP ego[01] partner[04] = 219.062
XP ego[02] partner[00] = 218.594
XP ego[02] partner[01] = 219.844
XP ego[02] partner[02] = 227.344
XP ego[02] partner[03] = 240.156
XP ego[02] partner[04] = 217.812
XP ego[03] partner[00] = 217.656
XP ego[03] partner[01] = 160.469
XP ego[03] partner[02] = 241.094
XP ego[03] partner[03] = 222.969
XP ego[03] partner[04] = 120.625
XP ego[04] partner[00] = 206.250
XP ego[04] partner[01] = 217.031
XP ego[04] partner[02] = 214.219
XP ego[04] partner[03] = 229.062
XP ego[04] partner[04] = 196.094
Average ego-vs-partner performance: 200.533 +- 3.906 SE over 100 ordered pairs
Average diagonal performance: 216.406 +- 13.780 SE over 5 pairs
Average off-diagonal performance (only for square pools): nan +- nan SE over 0 ordered pairs
Saved ad-hoc teamplay results to ad_hoc_teamplay_results/lmpredV204_gamma0_ad_hoc_teamplay/cramped_room5x5
Saved ad-hoc teamplay heatmap to ad_hoc_teamplay_results/lmpredV204_gamma0_ad_hoc_teamplay/cramped_room5x5/xp_matrix.png
Evaluating partner alignment group 0: method=e3t, prefix=checkpoints/eval_pools/e3t
LOADED: checkpoints/eval_pools/e3t/cramped_room5x5/baseline_seed_0_step_220.msgpack
LOADED: checkpoints/eval_pools/e3t/cramped_room5x5/baseline_seed_1_step_220.msgpack
LOADED: checkpoints/eval_pools/e3t/cramped_room5x5/baseline_seed_2_step_220.msgpack
LOADED: checkpoints/eval_pools/e3t/cramped_room5x5/baseline_seed_3_step_220.msgpack
LOADED: checkpoints/eval_pools/e3t/cramped_room5x5/baseline_seed_4_step_220.msgpack
Using alignment rollout scale: ALIGN_PAIR_BATCH_SIZE=2, ALIGN_EVAL_NUM_EPISODES=128, ALIGN_EVAL_NUM_STEPS=400
ALIGN ego[00] partner[00] R2=0.870744 NMSE=0.129256 shuffled_R2=-0.047451
ALIGN ego[00] partner[01] R2=0.954801 NMSE=0.045199 shuffled_R2=-0.018230
ALIGN ego[00] partner[02] R2=0.943984 NMSE=0.056016 shuffled_R2=-0.015481
ALIGN ego[00] partner[03] R2=0.905538 NMSE=0.094462 shuffled_R2=-0.022557
ALIGN ego[00] partner[04] R2=0.937677 NMSE=0.062323 shuffled_R2=-0.020581
ALIGN ego[01] partner[00] R2=0.943198 NMSE=0.056802 shuffled_R2=-0.016385
ALIGN ego[01] partner[01] R2=0.932467 NMSE=0.067533 shuffled_R2=-0.020068
ALIGN ego[01] partner[02] R2=0.939102 NMSE=0.060898 shuffled_R2=-0.021307
ALIGN ego[01] partner[03] R2=0.821176 NMSE=0.178824 shuffled_R2=-0.053486
ALIGN ego[01] partner[04] R2=0.936695 NMSE=0.063305 shuffled_R2=-0.015936
ALIGN ego[02] partner[00] R2=0.924448 NMSE=0.075552 shuffled_R2=-0.028164
ALIGN ego[02] partner[01] R2=0.924514 NMSE=0.075486 shuffled_R2=-0.033882
ALIGN ego[02] partner[02] R2=0.950289 NMSE=0.049711 shuffled_R2=-0.021047
ALIGN ego[02] partner[03] R2=0.885420 NMSE=0.114580 shuffled_R2=-0.048783
ALIGN ego[02] partner[04] R2=0.962014 NMSE=0.037986 shuffled_R2=-0.017293
ALIGN ego[03] partner[00] R2=0.950280 NMSE=0.049720 shuffled_R2=-0.017335
ALIGN ego[03] partner[01] R2=0.945963 NMSE=0.054037 shuffled_R2=-0.023906
ALIGN ego[03] partner[02] R2=0.955726 NMSE=0.044274 shuffled_R2=-0.016074
ALIGN ego[03] partner[03] R2=0.953286 NMSE=0.046714 shuffled_R2=-0.019570
ALIGN ego[03] partner[04] R2=0.966897 NMSE=0.033103 shuffled_R2=-0.023157
ALIGN ego[04] partner[00] R2=0.958282 NMSE=0.041718 shuffled_R2=-0.016940
ALIGN ego[04] partner[01] R2=0.962279 NMSE=0.037721 shuffled_R2=-0.014197
ALIGN ego[04] partner[02] R2=0.958930 NMSE=0.041070 shuffled_R2=-0.014474
ALIGN ego[04] partner[03] R2=0.957807 NMSE=0.042193 shuffled_R2=-0.014528
ALIGN ego[04] partner[04] R2=0.891743 NMSE=0.108257 shuffled_R2=-0.048518
Evaluating partner alignment group 1: method=mep_br, prefix=checkpoints/eval_pools/mep_br
LOADED: checkpoints/eval_pools/mep_br/cramped_room5x5/baseline_seed_0_step_220.msgpack
LOADED: checkpoints/eval_pools/mep_br/cramped_room5x5/baseline_seed_1_step_220.msgpack
LOADED: checkpoints/eval_pools/mep_br/cramped_room5x5/baseline_seed_2_step_220.msgpack
LOADED: checkpoints/eval_pools/mep_br/cramped_room5x5/baseline_seed_3_step_220.msgpack
LOADED: checkpoints/eval_pools/mep_br/cramped_room5x5/baseline_seed_4_step_220.msgpack
Using alignment rollout scale: ALIGN_PAIR_BATCH_SIZE=2, ALIGN_EVAL_NUM_EPISODES=128, ALIGN_EVAL_NUM_STEPS=400
ALIGN ego[00] partner[00] R2=0.903968 NMSE=0.096032 shuffled_R2=-0.020013
ALIGN ego[00] partner[01] R2=0.937658 NMSE=0.062342 shuffled_R2=-0.017535
ALIGN ego[00] partner[02] R2=0.899514 NMSE=0.100486 shuffled_R2=-0.023678
ALIGN ego[00] partner[03] R2=0.940544 NMSE=0.059456 shuffled_R2=-0.017064
ALIGN ego[00] partner[04] R2=0.964266 NMSE=0.035734 shuffled_R2=-0.016563
ALIGN ego[01] partner[00] R2=0.928764 NMSE=0.071236 shuffled_R2=-0.018714
ALIGN ego[01] partner[01] R2=0.931452 NMSE=0.068548 shuffled_R2=-0.016788
ALIGN ego[01] partner[02] R2=0.927759 NMSE=0.072241 shuffled_R2=-0.036198
ALIGN ego[01] partner[03] R2=0.962647 NMSE=0.037353 shuffled_R2=-0.013906
ALIGN ego[01] partner[04] R2=0.969123 NMSE=0.030877 shuffled_R2=-0.014024
ALIGN ego[02] partner[00] R2=0.935154 NMSE=0.064846 shuffled_R2=-0.016471
ALIGN ego[02] partner[01] R2=0.962074 NMSE=0.037926 shuffled_R2=-0.015434
ALIGN ego[02] partner[02] R2=0.925742 NMSE=0.074258 shuffled_R2=-0.028067
ALIGN ego[02] partner[03] R2=0.954285 NMSE=0.045715 shuffled_R2=-0.017075
ALIGN ego[02] partner[04] R2=0.950093 NMSE=0.049907 shuffled_R2=-0.022566
ALIGN ego[03] partner[00] R2=0.921361 NMSE=0.078639 shuffled_R2=-0.021974
ALIGN ego[03] partner[01] R2=0.904598 NMSE=0.095402 shuffled_R2=-0.023385
ALIGN ego[03] partner[02] R2=0.937109 NMSE=0.062891 shuffled_R2=-0.015100
ALIGN ego[03] partner[03] R2=0.948168 NMSE=0.051832 shuffled_R2=-0.017164
ALIGN ego[03] partner[04] R2=0.951530 NMSE=0.048470 shuffled_R2=-0.016120
ALIGN ego[04] partner[00] R2=0.938715 NMSE=0.061285 shuffled_R2=-0.017057
ALIGN ego[04] partner[01] R2=0.956799 NMSE=0.043201 shuffled_R2=-0.017744
ALIGN ego[04] partner[02] R2=0.887215 NMSE=0.112785 shuffled_R2=-0.031834
ALIGN ego[04] partner[03] R2=0.961246 NMSE=0.038754 shuffled_R2=-0.015184
ALIGN ego[04] partner[04] R2=0.936948 NMSE=0.063052 shuffled_R2=-0.021074
Evaluating partner alignment group 2: method=pbt, prefix=checkpoints/eval_pools/pbt
LOADED: checkpoints/eval_pools/pbt/cramped_room5x5/baseline_seed_0_step_62.msgpack
LOADED: checkpoints/eval_pools/pbt/cramped_room5x5/baseline_seed_1_step_62.msgpack
LOADED: checkpoints/eval_pools/pbt/cramped_room5x5/baseline_seed_2_step_62.msgpack
LOADED: checkpoints/eval_pools/pbt/cramped_room5x5/baseline_seed_3_step_62.msgpack
LOADED: checkpoints/eval_pools/pbt/cramped_room5x5/baseline_seed_4_step_62.msgpack
Using alignment rollout scale: ALIGN_PAIR_BATCH_SIZE=2, ALIGN_EVAL_NUM_EPISODES=128, ALIGN_EVAL_NUM_STEPS=400
ALIGN ego[00] partner[00] R2=0.858748 NMSE=0.141252 shuffled_R2=-0.025855
ALIGN ego[00] partner[01] R2=0.713685 NMSE=0.286315 shuffled_R2=-0.050704
ALIGN ego[00] partner[02] R2=0.832336 NMSE=0.167664 shuffled_R2=-0.019488
ALIGN ego[00] partner[03] R2=0.888591 NMSE=0.111409 shuffled_R2=-0.015157
ALIGN ego[00] partner[04] R2=0.882389 NMSE=0.117611 shuffled_R2=-0.016840
ALIGN ego[01] partner[00] R2=0.891235 NMSE=0.108765 shuffled_R2=-0.017388
ALIGN ego[01] partner[01] R2=0.872171 NMSE=0.127829 shuffled_R2=-0.019080
ALIGN ego[01] partner[02] R2=0.847042 NMSE=0.152958 shuffled_R2=-0.021791
ALIGN ego[01] partner[03] R2=0.860963 NMSE=0.139037 shuffled_R2=-0.016996
ALIGN ego[01] partner[04] R2=0.834863 NMSE=0.165137 shuffled_R2=-0.034366
ALIGN ego[02] partner[00] R2=0.890281 NMSE=0.109719 shuffled_R2=-0.015947
ALIGN ego[02] partner[01] R2=0.863801 NMSE=0.136199 shuffled_R2=-0.012634
ALIGN ego[02] partner[02] R2=0.838741 NMSE=0.161259 shuffled_R2=-0.019069
ALIGN ego[02] partner[03] R2=0.811822 NMSE=0.188178 shuffled_R2=-0.022146
ALIGN ego[02] partner[04] R2=0.893898 NMSE=0.106102 shuffled_R2=-0.014550
ALIGN ego[03] partner[00] R2=0.828058 NMSE=0.171942 shuffled_R2=-0.024519
ALIGN ego[03] partner[01] R2=0.877854 NMSE=0.122146 shuffled_R2=-0.015776
ALIGN ego[03] partner[02] R2=0.891649 NMSE=0.108351 shuffled_R2=-0.019035
ALIGN ego[03] partner[03] R2=0.869490 NMSE=0.130510 shuffled_R2=-0.018230
ALIGN ego[03] partner[04] R2=0.845139 NMSE=0.154861 shuffled_R2=-0.020959
ALIGN ego[04] partner[00] R2=0.716779 NMSE=0.283221 shuffled_R2=-0.064066
ALIGN ego[04] partner[01] R2=0.734178 NMSE=0.265822 shuffled_R2=-0.035916
ALIGN ego[04] partner[02] R2=0.878091 NMSE=0.121909 shuffled_R2=-0.016322
ALIGN ego[04] partner[03] R2=0.894782 NMSE=0.105218 shuffled_R2=-0.020232
ALIGN ego[04] partner[04] R2=0.878683 NMSE=0.121317 shuffled_R2=-0.015264
Evaluating partner alignment group 3: method=sp, prefix=checkpoints/eval_pools/sp
LOADED: checkpoints/eval_pools/sp/cramped_room5x5/baseline_seed_0_step_220.msgpack
LOADED: checkpoints/eval_pools/sp/cramped_room5x5/baseline_seed_1_step_220.msgpack
LOADED: checkpoints/eval_pools/sp/cramped_room5x5/baseline_seed_2_step_220.msgpack
LOADED: checkpoints/eval_pools/sp/cramped_room5x5/baseline_seed_3_step_220.msgpack
LOADED: checkpoints/eval_pools/sp/cramped_room5x5/baseline_seed_4_step_220.msgpack
Using alignment rollout scale: ALIGN_PAIR_BATCH_SIZE=2, ALIGN_EVAL_NUM_EPISODES=128, ALIGN_EVAL_NUM_STEPS=400
ALIGN ego[00] partner[00] R2=0.926351 NMSE=0.073649 shuffled_R2=-0.021964
ALIGN ego[00] partner[01] R2=0.960285 NMSE=0.039715 shuffled_R2=-0.015871
ALIGN ego[00] partner[02] R2=0.946152 NMSE=0.053848 shuffled_R2=-0.018211
ALIGN ego[00] partner[03] R2=0.902856 NMSE=0.097144 shuffled_R2=-0.025820
ALIGN ego[00] partner[04] R2=0.954982 NMSE=0.045018 shuffled_R2=-0.016875
ALIGN ego[01] partner[00] R2=0.925710 NMSE=0.074290 shuffled_R2=-0.019801
ALIGN ego[01] partner[01] R2=0.827430 NMSE=0.172570 shuffled_R2=-0.029806
ALIGN ego[01] partner[02] R2=0.894442 NMSE=0.105558 shuffled_R2=-0.029732
ALIGN ego[01] partner[03] R2=0.938959 NMSE=0.061041 shuffled_R2=-0.020795
ALIGN ego[01] partner[04] R2=0.924368 NMSE=0.075632 shuffled_R2=-0.027977
ALIGN ego[02] partner[00] R2=0.940172 NMSE=0.059828 shuffled_R2=-0.018180
ALIGN ego[02] partner[01] R2=0.936419 NMSE=0.063581 shuffled_R2=-0.023110
ALIGN ego[02] partner[02] R2=0.961736 NMSE=0.038264 shuffled_R2=-0.017338
ALIGN ego[02] partner[03] R2=0.959784 NMSE=0.040216 shuffled_R2=-0.020072
ALIGN ego[02] partner[04] R2=0.958826 NMSE=0.041174 shuffled_R2=-0.017882
ALIGN ego[03] partner[00] R2=0.949491 NMSE=0.050509 shuffled_R2=-0.016748
ALIGN ego[03] partner[01] R2=0.855409 NMSE=0.144591 shuffled_R2=-0.050025
ALIGN ego[03] partner[02] R2=0.965808 NMSE=0.034192 shuffled_R2=-0.016821
ALIGN ego[03] partner[03] R2=0.946774 NMSE=0.053226 shuffled_R2=-0.017860
ALIGN ego[03] partner[04] R2=0.916829 NMSE=0.083171 shuffled_R2=-0.027881
ALIGN ego[04] partner[00] R2=0.920279 NMSE=0.079721 shuffled_R2=-0.032050
ALIGN ego[04] partner[01] R2=0.967276 NMSE=0.032724 shuffled_R2=-0.014683
ALIGN ego[04] partner[02] R2=0.925301 NMSE=0.074699 shuffled_R2=-0.030354
ALIGN ego[04] partner[03] R2=0.931790 NMSE=0.068210 shuffled_R2=-0.025613
ALIGN ego[04] partner[04] R2=0.965986 NMSE=0.034014 shuffled_R2=-0.015904
Average ego-to-partner alignment R2: 0.912687 +- 0.005278 SE over 100 ego-partner pairs
Average alignment normalized MSE: 0.087313 +- 0.005278 SE
Average shuffled-control alignment R2: -0.022438 +- 0.000976 SE
Saved alignment results to ad_hoc_teamplay_results/lmpredV204_gamma0_ad_hoc_teamplay/cramped_room5x5
Evaluating ad-hoc teamplay for ego_method=lmpredV204_gamma0, layout=counter_circuit
ego_prefix=checkpoints/lmpredV204_gamma0/, partner_pool_specs=e3t:checkpoints/eval_pools/e3t;mep_br:checkpoints/eval_pools/mep_br;pbt:checkpoints/eval_pools/pbt;sp:checkpoints/eval_pools/sp, result_name=lmpredV204_gamma0_ad_hoc_teamplay, ego_perspective_transform=true
Importing submoduled environments...
Submoduled environments not found. Skipping import.
2026-07-05 17:53:15.523910: W external/xla/xla/service/gpu/autotuning/dot_search_space.cc:200] All configs were filtered out because none of them sufficiently match the hints. Maybe the hints set does not contain a good representative set of valid configs?Working around this by using the full hints set instead.
2026-07-05 17:53:16.521065: W external/xla/xla/service/gpu/autotuning/dot_search_space.cc:200] All configs were filtered out because none of them sufficiently match the hints. Maybe the hints set does not contain a good representative set of valid configs?Working around this by using the full hints set instead.
LOADED: checkpoints/lmpredV204_gamma0/counter_circuit/baseline_seed_0_step_380.msgpack
LOADED: checkpoints/lmpredV204_gamma0/counter_circuit/baseline_seed_1_step_380.msgpack
LOADED: checkpoints/lmpredV204_gamma0/counter_circuit/baseline_seed_2_step_380.msgpack
LOADED: checkpoints/lmpredV204_gamma0/counter_circuit/baseline_seed_3_step_380.msgpack
LOADED: checkpoints/lmpredV204_gamma0/counter_circuit/baseline_seed_4_step_380.msgpack
Evaluating partner group 0: method=e3t, prefix=checkpoints/eval_pools/e3t
LOADED: checkpoints/eval_pools/e3t/counter_circuit/baseline_seed_0_step_220.msgpack
LOADED: checkpoints/eval_pools/e3t/counter_circuit/baseline_seed_1_step_220.msgpack
LOADED: checkpoints/eval_pools/e3t/counter_circuit/baseline_seed_2_step_220.msgpack
LOADED: checkpoints/eval_pools/e3t/counter_circuit/baseline_seed_3_step_220.msgpack
LOADED: checkpoints/eval_pools/e3t/counter_circuit/baseline_seed_4_step_220.msgpack
Using XP rollout scale: XP_PAIR_BATCH_SIZE=32, EVAL_NUM_EPISODES=128, EVAL_NUM_STEPS=400
XP ego[00] partner[00] = 142.656
XP ego[00] partner[01] = 94.375
XP ego[00] partner[02] = 67.812
XP ego[00] partner[03] = 5.938
XP ego[00] partner[04] = 46.094
XP ego[01] partner[00] = 171.406
XP ego[01] partner[01] = 128.750
XP ego[01] partner[02] = 98.750
XP ego[01] partner[03] = 33.906
XP ego[01] partner[04] = 134.844
XP ego[02] partner[00] = 163.438
XP ego[02] partner[01] = 137.969
XP ego[02] partner[02] = 143.281
XP ego[02] partner[03] = 30.469
XP ego[02] partner[04] = 144.844
XP ego[03] partner[00] = 157.812
XP ego[03] partner[01] = 140.000
XP ego[03] partner[02] = 112.344
XP ego[03] partner[03] = 14.375
XP ego[03] partner[04] = 109.219
XP ego[04] partner[00] = 118.125
XP ego[04] partner[01] = 143.906
XP ego[04] partner[02] = 103.750
XP ego[04] partner[03] = 16.406
XP ego[04] partner[04] = 115.938
Evaluating partner group 1: method=mep_br, prefix=checkpoints/eval_pools/mep_br
LOADED: checkpoints/eval_pools/mep_br/counter_circuit/baseline_seed_0_step_380.msgpack
LOADED: checkpoints/eval_pools/mep_br/counter_circuit/baseline_seed_1_step_380.msgpack
LOADED: checkpoints/eval_pools/mep_br/counter_circuit/baseline_seed_2_step_380.msgpack
LOADED: checkpoints/eval_pools/mep_br/counter_circuit/baseline_seed_3_step_380.msgpack
LOADED: checkpoints/eval_pools/mep_br/counter_circuit/baseline_seed_4_step_380.msgpack
Using XP rollout scale: XP_PAIR_BATCH_SIZE=32, EVAL_NUM_EPISODES=128, EVAL_NUM_STEPS=400
XP ego[00] partner[00] = 197.031
XP ego[00] partner[01] = 172.031
XP ego[00] partner[02] = 201.562
XP ego[00] partner[03] = 199.062
XP ego[00] partner[04] = 192.031
XP ego[01] partner[00] = 217.188
XP ego[01] partner[01] = 194.531
XP ego[01] partner[02] = 207.812
XP ego[01] partner[03] = 202.656
XP ego[01] partner[04] = 190.000
XP ego[02] partner[00] = 176.406
XP ego[02] partner[01] = 184.219
XP ego[02] partner[02] = 180.469
XP ego[02] partner[03] = 210.000
XP ego[02] partner[04] = 179.688
XP ego[03] partner[00] = 217.500
XP ego[03] partner[01] = 192.188
XP ego[03] partner[02] = 215.000
XP ego[03] partner[03] = 213.906
XP ego[03] partner[04] = 190.938
XP ego[04] partner[00] = 166.562
XP ego[04] partner[01] = 143.750
XP ego[04] partner[02] = 186.719
XP ego[04] partner[03] = 189.688
XP ego[04] partner[04] = 166.094
Evaluating partner group 2: method=pbt, prefix=checkpoints/eval_pools/pbt
LOADED: checkpoints/eval_pools/pbt/counter_circuit/baseline_seed_0_step_62.msgpack
LOADED: checkpoints/eval_pools/pbt/counter_circuit/baseline_seed_1_step_62.msgpack
LOADED: checkpoints/eval_pools/pbt/counter_circuit/baseline_seed_2_step_62.msgpack
LOADED: checkpoints/eval_pools/pbt/counter_circuit/baseline_seed_3_step_62.msgpack
LOADED: checkpoints/eval_pools/pbt/counter_circuit/baseline_seed_4_step_62.msgpack
Using XP rollout scale: XP_PAIR_BATCH_SIZE=32, EVAL_NUM_EPISODES=128, EVAL_NUM_STEPS=400
XP ego[00] partner[00] = 160.781
XP ego[00] partner[01] = 176.094
XP ego[00] partner[02] = 176.094
XP ego[00] partner[03] = 159.219
XP ego[00] partner[04] = 191.719
XP ego[01] partner[00] = 176.406
XP ego[01] partner[01] = 121.562
XP ego[01] partner[02] = 187.969
XP ego[01] partner[03] = 118.281
XP ego[01] partner[04] = 138.594
XP ego[02] partner[00] = 177.969
XP ego[02] partner[01] = 160.000
XP ego[02] partner[02] = 177.031
XP ego[02] partner[03] = 160.781
XP ego[02] partner[04] = 175.312
XP ego[03] partner[00] = 115.156
XP ego[03] partner[01] = 115.312
XP ego[03] partner[02] = 113.281
XP ego[03] partner[03] = 100.938
XP ego[03] partner[04] = 96.406
XP ego[04] partner[00] = 123.906
XP ego[04] partner[01] = 194.219
XP ego[04] partner[02] = 178.125
XP ego[04] partner[03] = 179.844
XP ego[04] partner[04] = 188.906
Evaluating partner group 3: method=sp, prefix=checkpoints/eval_pools/sp
LOADED: checkpoints/eval_pools/sp/counter_circuit/baseline_seed_0_step_380.msgpack
LOADED: checkpoints/eval_pools/sp/counter_circuit/baseline_seed_1_step_380.msgpack
LOADED: checkpoints/eval_pools/sp/counter_circuit/baseline_seed_2_step_380.msgpack
LOADED: checkpoints/eval_pools/sp/counter_circuit/baseline_seed_3_step_380.msgpack
LOADED: checkpoints/eval_pools/sp/counter_circuit/baseline_seed_4_step_380.msgpack
Using XP rollout scale: XP_PAIR_BATCH_SIZE=32, EVAL_NUM_EPISODES=128, EVAL_NUM_STEPS=400
XP ego[00] partner[00] = 166.094
XP ego[00] partner[01] = 170.469
XP ego[00] partner[02] = 182.812
XP ego[00] partner[03] = 196.406
XP ego[00] partner[04] = 168.438
XP ego[01] partner[00] = 162.344
XP ego[01] partner[01] = 132.656
XP ego[01] partner[02] = 142.500
XP ego[01] partner[03] = 172.969
XP ego[01] partner[04] = 188.906
XP ego[02] partner[00] = 139.844
XP ego[02] partner[01] = 140.625
XP ego[02] partner[02] = 151.875
XP ego[02] partner[03] = 150.469
XP ego[02] partner[04] = 155.000
XP ego[03] partner[00] = 135.938
XP ego[03] partner[01] = 84.844
XP ego[03] partner[02] = 171.875
XP ego[03] partner[03] = 208.125
XP ego[03] partner[04] = 147.500
XP ego[04] partner[00] = 180.469
XP ego[04] partner[01] = 181.562
XP ego[04] partner[02] = 173.438
XP ego[04] partner[03] = 175.625
XP ego[04] partner[04] = 168.594
Average ego-vs-partner performance: 152.767 +- 4.614 SE over 100 ordered pairs
Average diagonal performance: 109.000 +- 24.187 SE over 5 pairs
Average off-diagonal performance (only for square pools): nan +- nan SE over 0 ordered pairs
Saved ad-hoc teamplay results to ad_hoc_teamplay_results/lmpredV204_gamma0_ad_hoc_teamplay/counter_circuit
Saved ad-hoc teamplay heatmap to ad_hoc_teamplay_results/lmpredV204_gamma0_ad_hoc_teamplay/counter_circuit/xp_matrix.png
Evaluating partner alignment group 0: method=e3t, prefix=checkpoints/eval_pools/e3t
LOADED: checkpoints/eval_pools/e3t/counter_circuit/baseline_seed_0_step_220.msgpack
LOADED: checkpoints/eval_pools/e3t/counter_circuit/baseline_seed_1_step_220.msgpack
LOADED: checkpoints/eval_pools/e3t/counter_circuit/baseline_seed_2_step_220.msgpack
LOADED: checkpoints/eval_pools/e3t/counter_circuit/baseline_seed_3_step_220.msgpack
LOADED: checkpoints/eval_pools/e3t/counter_circuit/baseline_seed_4_step_220.msgpack
Using alignment rollout scale: ALIGN_PAIR_BATCH_SIZE=2, ALIGN_EVAL_NUM_EPISODES=128, ALIGN_EVAL_NUM_STEPS=400
ALIGN ego[00] partner[00] R2=0.791808 NMSE=0.208192 shuffled_R2=-0.016094
ALIGN ego[00] partner[01] R2=0.656370 NMSE=0.343630 shuffled_R2=-0.043523
ALIGN ego[00] partner[02] R2=0.657138 NMSE=0.342862 shuffled_R2=-0.027648
ALIGN ego[00] partner[03] R2=0.817385 NMSE=0.182615 shuffled_R2=-0.026921
ALIGN ego[00] partner[04] R2=0.721998 NMSE=0.278002 shuffled_R2=-0.027678
ALIGN ego[01] partner[00] R2=0.804642 NMSE=0.195358 shuffled_R2=-0.014540
ALIGN ego[01] partner[01] R2=0.773226 NMSE=0.226774 shuffled_R2=-0.021032
ALIGN ego[01] partner[02] R2=0.788974 NMSE=0.211026 shuffled_R2=-0.015562
ALIGN ego[01] partner[03] R2=0.843648 NMSE=0.156352 shuffled_R2=-0.018520
ALIGN ego[01] partner[04] R2=0.737784 NMSE=0.262216 shuffled_R2=-0.019092
ALIGN ego[02] partner[00] R2=0.734937 NMSE=0.265063 shuffled_R2=-0.016384
ALIGN ego[02] partner[01] R2=0.809242 NMSE=0.190758 shuffled_R2=-0.016312
ALIGN ego[02] partner[02] R2=0.761553 NMSE=0.238447 shuffled_R2=-0.020666
ALIGN ego[02] partner[03] R2=0.815447 NMSE=0.184553 shuffled_R2=-0.020858
ALIGN ego[02] partner[04] R2=0.789545 NMSE=0.210455 shuffled_R2=-0.018908
ALIGN ego[03] partner[00] R2=0.739895 NMSE=0.260105 shuffled_R2=-0.018073
ALIGN ego[03] partner[01] R2=0.767134 NMSE=0.232866 shuffled_R2=-0.020867
ALIGN ego[03] partner[02] R2=0.783276 NMSE=0.216724 shuffled_R2=-0.016329
ALIGN ego[03] partner[03] R2=0.837001 NMSE=0.162999 shuffled_R2=-0.027420
ALIGN ego[03] partner[04] R2=0.734702 NMSE=0.265298 shuffled_R2=-0.021431
ALIGN ego[04] partner[00] R2=0.755140 NMSE=0.244860 shuffled_R2=-0.022478
ALIGN ego[04] partner[01] R2=0.786224 NMSE=0.213776 shuffled_R2=-0.018368
ALIGN ego[04] partner[02] R2=0.748410 NMSE=0.251590 shuffled_R2=-0.020692
ALIGN ego[04] partner[03] R2=0.770729 NMSE=0.229271 shuffled_R2=-0.025573
ALIGN ego[04] partner[04] R2=0.760439 NMSE=0.239561 shuffled_R2=-0.021670
Evaluating partner alignment group 1: method=mep_br, prefix=checkpoints/eval_pools/mep_br
LOADED: checkpoints/eval_pools/mep_br/counter_circuit/baseline_seed_0_step_380.msgpack
LOADED: checkpoints/eval_pools/mep_br/counter_circuit/baseline_seed_1_step_380.msgpack
LOADED: checkpoints/eval_pools/mep_br/counter_circuit/baseline_seed_2_step_380.msgpack
LOADED: checkpoints/eval_pools/mep_br/counter_circuit/baseline_seed_3_step_380.msgpack
LOADED: checkpoints/eval_pools/mep_br/counter_circuit/baseline_seed_4_step_380.msgpack
Using alignment rollout scale: ALIGN_PAIR_BATCH_SIZE=2, ALIGN_EVAL_NUM_EPISODES=128, ALIGN_EVAL_NUM_STEPS=400
ALIGN ego[00] partner[00] R2=0.812201 NMSE=0.187799 shuffled_R2=-0.018255
ALIGN ego[00] partner[01] R2=0.793668 NMSE=0.206332 shuffled_R2=-0.017432
ALIGN ego[00] partner[02] R2=0.807730 NMSE=0.192270 shuffled_R2=-0.019292
ALIGN ego[00] partner[03] R2=0.829564 NMSE=0.170436 shuffled_R2=-0.015394
ALIGN ego[00] partner[04] R2=0.797129 NMSE=0.202871 shuffled_R2=-0.014932
ALIGN ego[01] partner[00] R2=0.863626 NMSE=0.136374 shuffled_R2=-0.015536
ALIGN ego[01] partner[01] R2=0.799352 NMSE=0.200648 shuffled_R2=-0.020772
ALIGN ego[01] partner[02] R2=0.812847 NMSE=0.187153 shuffled_R2=-0.016893
ALIGN ego[01] partner[03] R2=0.857500 NMSE=0.142500 shuffled_R2=-0.014308
ALIGN ego[01] partner[04] R2=0.757552 NMSE=0.242448 shuffled_R2=-0.018973
ALIGN ego[02] partner[00] R2=0.878687 NMSE=0.121313 shuffled_R2=-0.016172
ALIGN ego[02] partner[01] R2=0.824714 NMSE=0.175286 shuffled_R2=-0.020695
ALIGN ego[02] partner[02] R2=0.886977 NMSE=0.113023 shuffled_R2=-0.015525
ALIGN ego[02] partner[03] R2=0.855156 NMSE=0.144844 shuffled_R2=-0.018230
ALIGN ego[02] partner[04] R2=0.724179 NMSE=0.275821 shuffled_R2=-0.023486
ALIGN ego[03] partner[00] R2=0.875583 NMSE=0.124417 shuffled_R2=-0.016171
ALIGN ego[03] partner[01] R2=0.858962 NMSE=0.141038 shuffled_R2=-0.021169
ALIGN ego[03] partner[02] R2=0.815118 NMSE=0.184882 shuffled_R2=-0.021185
ALIGN ego[03] partner[03] R2=0.855828 NMSE=0.144172 shuffled_R2=-0.015464
ALIGN ego[03] partner[04] R2=0.790807 NMSE=0.209193 shuffled_R2=-0.018375
ALIGN ego[04] partner[00] R2=0.796467 NMSE=0.203533 shuffled_R2=-0.017049
ALIGN ego[04] partner[01] R2=0.866502 NMSE=0.133498 shuffled_R2=-0.014144
ALIGN ego[04] partner[02] R2=0.784514 NMSE=0.215486 shuffled_R2=-0.022410
ALIGN ego[04] partner[03] R2=0.801236 NMSE=0.198764 shuffled_R2=-0.014948
ALIGN ego[04] partner[04] R2=0.784775 NMSE=0.215225 shuffled_R2=-0.020403
Evaluating partner alignment group 2: method=pbt, prefix=checkpoints/eval_pools/pbt
LOADED: checkpoints/eval_pools/pbt/counter_circuit/baseline_seed_0_step_62.msgpack
LOADED: checkpoints/eval_pools/pbt/counter_circuit/baseline_seed_1_step_62.msgpack
LOADED: checkpoints/eval_pools/pbt/counter_circuit/baseline_seed_2_step_62.msgpack
LOADED: checkpoints/eval_pools/pbt/counter_circuit/baseline_seed_3_step_62.msgpack
LOADED: checkpoints/eval_pools/pbt/counter_circuit/baseline_seed_4_step_62.msgpack
Using alignment rollout scale: ALIGN_PAIR_BATCH_SIZE=2, ALIGN_EVAL_NUM_EPISODES=128, ALIGN_EVAL_NUM_STEPS=400
ALIGN ego[00] partner[00] R2=0.741293 NMSE=0.258707 shuffled_R2=-0.018985
ALIGN ego[00] partner[01] R2=0.776819 NMSE=0.223181 shuffled_R2=-0.017148
ALIGN ego[00] partner[02] R2=0.773099 NMSE=0.226901 shuffled_R2=-0.016972
ALIGN ego[00] partner[03] R2=0.776167 NMSE=0.223833 shuffled_R2=-0.018641
ALIGN ego[00] partner[04] R2=0.776168 NMSE=0.223832 shuffled_R2=-0.016384
ALIGN ego[01] partner[00] R2=0.727184 NMSE=0.272816 shuffled_R2=-0.016542
ALIGN ego[01] partner[01] R2=0.725676 NMSE=0.274324 shuffled_R2=-0.022492
ALIGN ego[01] partner[02] R2=0.731027 NMSE=0.268973 shuffled_R2=-0.018352
ALIGN ego[01] partner[03] R2=0.800806 NMSE=0.199194 shuffled_R2=-0.014043
ALIGN ego[01] partner[04] R2=0.735129 NMSE=0.264871 shuffled_R2=-0.023928
ALIGN ego[02] partner[00] R2=0.763461 NMSE=0.236539 shuffled_R2=-0.014429
ALIGN ego[02] partner[01] R2=0.743356 NMSE=0.256644 shuffled_R2=-0.013601
ALIGN ego[02] partner[02] R2=0.748364 NMSE=0.251636 shuffled_R2=-0.017878
ALIGN ego[02] partner[03] R2=0.691135 NMSE=0.308865 shuffled_R2=-0.021076
ALIGN ego[02] partner[04] R2=0.721419 NMSE=0.278581 shuffled_R2=-0.018167
ALIGN ego[03] partner[00] R2=0.802926 NMSE=0.197074 shuffled_R2=-0.014469
ALIGN ego[03] partner[01] R2=0.807450 NMSE=0.192550 shuffled_R2=-0.018844
ALIGN ego[03] partner[02] R2=0.759204 NMSE=0.240796 shuffled_R2=-0.015807
ALIGN ego[03] partner[03] R2=0.726098 NMSE=0.273902 shuffled_R2=-0.026858
ALIGN ego[03] partner[04] R2=0.802723 NMSE=0.197277 shuffled_R2=-0.014631
ALIGN ego[04] partner[00] R2=0.803449 NMSE=0.196551 shuffled_R2=-0.016302
ALIGN ego[04] partner[01] R2=0.749282 NMSE=0.250718 shuffled_R2=-0.016844
ALIGN ego[04] partner[02] R2=0.716979 NMSE=0.283021 shuffled_R2=-0.025690
ALIGN ego[04] partner[03] R2=0.755099 NMSE=0.244901 shuffled_R2=-0.020798
ALIGN ego[04] partner[04] R2=0.792847 NMSE=0.207153 shuffled_R2=-0.016403
Evaluating partner alignment group 3: method=sp, prefix=checkpoints/eval_pools/sp
LOADED: checkpoints/eval_pools/sp/counter_circuit/baseline_seed_0_step_380.msgpack
LOADED: checkpoints/eval_pools/sp/counter_circuit/baseline_seed_1_step_380.msgpack
LOADED: checkpoints/eval_pools/sp/counter_circuit/baseline_seed_2_step_380.msgpack
LOADED: checkpoints/eval_pools/sp/counter_circuit/baseline_seed_3_step_380.msgpack
LOADED: checkpoints/eval_pools/sp/counter_circuit/baseline_seed_4_step_380.msgpack
Using alignment rollout scale: ALIGN_PAIR_BATCH_SIZE=2, ALIGN_EVAL_NUM_EPISODES=128, ALIGN_EVAL_NUM_STEPS=400
ALIGN ego[00] partner[00] R2=0.828252 NMSE=0.171748 shuffled_R2=-0.022162
ALIGN ego[00] partner[01] R2=0.798259 NMSE=0.201741 shuffled_R2=-0.019680
ALIGN ego[00] partner[02] R2=0.806158 NMSE=0.193842 shuffled_R2=-0.016853
ALIGN ego[00] partner[03] R2=0.757217 NMSE=0.242783 shuffled_R2=-0.022056
ALIGN ego[00] partner[04] R2=0.826350 NMSE=0.173650 shuffled_R2=-0.015625
ALIGN ego[01] partner[00] R2=0.787644 NMSE=0.212356 shuffled_R2=-0.021961
ALIGN ego[01] partner[01] R2=0.871173 NMSE=0.128827 shuffled_R2=-0.016057
ALIGN ego[01] partner[02] R2=0.844042 NMSE=0.155958 shuffled_R2=-0.016913
ALIGN ego[01] partner[03] R2=0.807442 NMSE=0.192558 shuffled_R2=-0.025249
ALIGN ego[01] partner[04] R2=0.797759 NMSE=0.202241 shuffled_R2=-0.017834
ALIGN ego[02] partner[00] R2=0.825849 NMSE=0.174151 shuffled_R2=-0.021389
ALIGN ego[02] partner[01] R2=0.845872 NMSE=0.154128 shuffled_R2=-0.017585
ALIGN ego[02] partner[02] R2=0.838292 NMSE=0.161708 shuffled_R2=-0.018869
ALIGN ego[02] partner[03] R2=0.849695 NMSE=0.150305 shuffled_R2=-0.017070
ALIGN ego[02] partner[04] R2=0.797816 NMSE=0.202184 shuffled_R2=-0.020929
ALIGN ego[03] partner[00] R2=0.831428 NMSE=0.168572 shuffled_R2=-0.016876
ALIGN ego[03] partner[01] R2=0.883017 NMSE=0.116983 shuffled_R2=-0.020423
ALIGN ego[03] partner[02] R2=0.731680 NMSE=0.268320 shuffled_R2=-0.023454
ALIGN ego[03] partner[03] R2=0.803115 NMSE=0.196885 shuffled_R2=-0.020152
ALIGN ego[03] partner[04] R2=0.811259 NMSE=0.188741 shuffled_R2=-0.015938
ALIGN ego[04] partner[00] R2=0.797253 NMSE=0.202747 shuffled_R2=-0.021120
ALIGN ego[04] partner[01] R2=0.851143 NMSE=0.148857 shuffled_R2=-0.020204
ALIGN ego[04] partner[02] R2=0.834117 NMSE=0.165883 shuffled_R2=-0.019743
ALIGN ego[04] partner[03] R2=0.814755 NMSE=0.185245 shuffled_R2=-0.014645
ALIGN ego[04] partner[04] R2=0.796429 NMSE=0.203571 shuffled_R2=-0.019843
Average ego-to-partner alignment R2: 0.791005 +- 0.004765 SE over 100 ego-partner pairs
Average alignment normalized MSE: 0.208995 +- 0.004765 SE
Average shuffled-control alignment R2: -0.019218 +- 0.000418 SE
Saved alignment results to ad_hoc_teamplay_results/lmpredV204_gamma0_ad_hoc_teamplay/counter_circuit
Evaluating ad-hoc teamplay for ego_method=lmpredV204_gamma0, layout=coord_ring
ego_prefix=checkpoints/lmpredV204_gamma0/, partner_pool_specs=e3t:checkpoints/eval_pools/e3t;mep_br:checkpoints/eval_pools/mep_br;pbt:checkpoints/eval_pools/pbt;sp:checkpoints/eval_pools/sp, result_name=lmpredV204_gamma0_ad_hoc_teamplay, ego_perspective_transform=true
Importing submoduled environments...
Submoduled environments not found. Skipping import.
2026-07-05 17:56:53.419401: W external/xla/xla/service/gpu/autotuning/dot_search_space.cc:200] All configs were filtered out because none of them sufficiently match the hints. Maybe the hints set does not contain a good representative set of valid configs?Working around this by using the full hints set instead.
2026-07-05 17:56:54.425948: W external/xla/xla/service/gpu/autotuning/dot_search_space.cc:200] All configs were filtered out because none of them sufficiently match the hints. Maybe the hints set does not contain a good representative set of valid configs?Working around this by using the full hints set instead.
LOADED: checkpoints/lmpredV204_gamma0/coord_ring/baseline_seed_0_step_220.msgpack
LOADED: checkpoints/lmpredV204_gamma0/coord_ring/baseline_seed_1_step_220.msgpack
LOADED: checkpoints/lmpredV204_gamma0/coord_ring/baseline_seed_2_step_220.msgpack
LOADED: checkpoints/lmpredV204_gamma0/coord_ring/baseline_seed_3_step_220.msgpack
LOADED: checkpoints/lmpredV204_gamma0/coord_ring/baseline_seed_4_step_220.msgpack
Evaluating partner group 0: method=e3t, prefix=checkpoints/eval_pools/e3t
LOADED: checkpoints/eval_pools/e3t/coord_ring/baseline_seed_0_step_220.msgpack
LOADED: checkpoints/eval_pools/e3t/coord_ring/baseline_seed_1_step_220.msgpack
LOADED: checkpoints/eval_pools/e3t/coord_ring/baseline_seed_2_step_220.msgpack
LOADED: checkpoints/eval_pools/e3t/coord_ring/baseline_seed_3_step_220.msgpack
LOADED: checkpoints/eval_pools/e3t/coord_ring/baseline_seed_4_step_220.msgpack
Using XP rollout scale: XP_PAIR_BATCH_SIZE=32, EVAL_NUM_EPISODES=128, EVAL_NUM_STEPS=400
XP ego[00] partner[00] = 147.188
XP ego[00] partner[01] = 244.062
XP ego[00] partner[02] = 107.656
XP ego[00] partner[03] = 286.875
XP ego[00] partner[04] = 282.812
XP ego[01] partner[00] = 119.375
XP ego[01] partner[01] = 261.094
XP ego[01] partner[02] = 12.031
XP ego[01] partner[03] = 242.969
XP ego[01] partner[04] = 281.562
XP ego[02] partner[00] = 136.719
XP ego[02] partner[01] = 234.219
XP ego[02] partner[02] = 17.031
XP ego[02] partner[03] = 202.188
XP ego[02] partner[04] = 262.344
XP ego[03] partner[00] = 258.750
XP ego[03] partner[01] = 282.500
XP ego[03] partner[02] = 40.781
XP ego[03] partner[03] = 229.688
XP ego[03] partner[04] = 268.438
XP ego[04] partner[00] = 114.375
XP ego[04] partner[01] = 307.812
XP ego[04] partner[02] = 11.562
XP ego[04] partner[03] = 255.625
XP ego[04] partner[04] = 285.156
Evaluating partner group 1: method=mep_br, prefix=checkpoints/eval_pools/mep_br
LOADED: checkpoints/eval_pools/mep_br/coord_ring/baseline_seed_0_step_220.msgpack
LOADED: checkpoints/eval_pools/mep_br/coord_ring/baseline_seed_1_step_220.msgpack
LOADED: checkpoints/eval_pools/mep_br/coord_ring/baseline_seed_2_step_220.msgpack
LOADED: checkpoints/eval_pools/mep_br/coord_ring/baseline_seed_3_step_220.msgpack
LOADED: checkpoints/eval_pools/mep_br/coord_ring/baseline_seed_4_step_220.msgpack
Using XP rollout scale: XP_PAIR_BATCH_SIZE=32, EVAL_NUM_EPISODES=128, EVAL_NUM_STEPS=400
XP ego[00] partner[00] = 273.594
XP ego[00] partner[01] = 297.344
XP ego[00] partner[02] = 278.750
XP ego[00] partner[03] = 78.594
XP ego[00] partner[04] = 263.750
XP ego[01] partner[00] = 208.594
XP ego[01] partner[01] = 277.188
XP ego[01] partner[02] = 231.562
XP ego[01] partner[03] = 199.688
XP ego[01] partner[04] = 265.938
XP ego[02] partner[00] = 219.531
XP ego[02] partner[01] = 259.844
XP ego[02] partner[02] = 259.062
XP ego[02] partner[03] = 210.625
XP ego[02] partner[04] = 253.125
XP ego[03] partner[00] = 257.188
XP ego[03] partner[01] = 290.625
XP ego[03] partner[02] = 296.250
XP ego[03] partner[03] = 216.406
XP ego[03] partner[04] = 257.031
XP ego[04] partner[00] = 242.344
XP ego[04] partner[01] = 270.156
XP ego[04] partner[02] = 249.375
XP ego[04] partner[03] = 184.062
XP ego[04] partner[04] = 152.344
Evaluating partner group 2: method=pbt, prefix=checkpoints/eval_pools/pbt
LOADED: checkpoints/eval_pools/pbt/coord_ring/baseline_seed_0_step_62.msgpack
LOADED: checkpoints/eval_pools/pbt/coord_ring/baseline_seed_1_step_62.msgpack
LOADED: checkpoints/eval_pools/pbt/coord_ring/baseline_seed_2_step_62.msgpack
LOADED: checkpoints/eval_pools/pbt/coord_ring/baseline_seed_3_step_62.msgpack
LOADED: checkpoints/eval_pools/pbt/coord_ring/baseline_seed_4_step_62.msgpack
Using XP rollout scale: XP_PAIR_BATCH_SIZE=32, EVAL_NUM_EPISODES=128, EVAL_NUM_STEPS=400
XP ego[00] partner[00] = 287.031
XP ego[00] partner[01] = 284.062
XP ego[00] partner[02] = 273.750
XP ego[00] partner[03] = 253.906
XP ego[00] partner[04] = 289.688
XP ego[01] partner[00] = 258.125
XP ego[01] partner[01] = 264.844
XP ego[01] partner[02] = 282.500
XP ego[01] partner[03] = 247.188
XP ego[01] partner[04] = 279.844
XP ego[02] partner[00] = 272.656
XP ego[02] partner[01] = 270.156
XP ego[02] partner[02] = 254.375
XP ego[02] partner[03] = 236.094
XP ego[02] partner[04] = 270.000
XP ego[03] partner[00] = 222.969
XP ego[03] partner[01] = 232.500
XP ego[03] partner[02] = 201.562
XP ego[03] partner[03] = 218.906
XP ego[03] partner[04] = 155.469
XP ego[04] partner[00] = 177.188
XP ego[04] partner[01] = 172.188
XP ego[04] partner[02] = 202.500
XP ego[04] partner[03] = 156.719
XP ego[04] partner[04] = 195.469
Evaluating partner group 3: method=sp, prefix=checkpoints/eval_pools/sp
LOADED: checkpoints/eval_pools/sp/coord_ring/baseline_seed_0_step_220.msgpack
LOADED: checkpoints/eval_pools/sp/coord_ring/baseline_seed_1_step_220.msgpack
LOADED: checkpoints/eval_pools/sp/coord_ring/baseline_seed_2_step_220.msgpack
LOADED: checkpoints/eval_pools/sp/coord_ring/baseline_seed_3_step_220.msgpack
LOADED: checkpoints/eval_pools/sp/coord_ring/baseline_seed_4_step_220.msgpack
Using XP rollout scale: XP_PAIR_BATCH_SIZE=32, EVAL_NUM_EPISODES=128, EVAL_NUM_STEPS=400
XP ego[00] partner[00] = 288.438
XP ego[00] partner[01] = 267.656
XP ego[00] partner[02] = 219.375
XP ego[00] partner[03] = 294.219
XP ego[00] partner[04] = 209.531
XP ego[01] partner[00] = 263.125
XP ego[01] partner[01] = 267.656
XP ego[01] partner[02] = 250.781
XP ego[01] partner[03] = 246.406
XP ego[01] partner[04] = 260.781
XP ego[02] partner[00] = 239.375
XP ego[02] partner[01] = 221.562
XP ego[02] partner[02] = 269.375
XP ego[02] partner[03] = 251.406
XP ego[02] partner[04] = 243.906
XP ego[03] partner[00] = 251.406
XP ego[03] partner[01] = 215.000
XP ego[03] partner[02] = 256.719
XP ego[03] partner[03] = 228.750
XP ego[03] partner[04] = 230.469
XP ego[04] partner[00] = 258.438
XP ego[04] partner[01] = 265.781
XP ego[04] partner[02] = 220.000
XP ego[04] partner[03] = 197.031
XP ego[04] partner[04] = 262.188
Average ego-vs-partner performance: 230.248 +- 6.251 SE over 100 ordered pairs
Average diagonal performance: 188.031 +- 48.691 SE over 5 pairs
Average off-diagonal performance (only for square pools): nan +- nan SE over 0 ordered pairs
Saved ad-hoc teamplay results to ad_hoc_teamplay_results/lmpredV204_gamma0_ad_hoc_teamplay/coord_ring
Saved ad-hoc teamplay heatmap to ad_hoc_teamplay_results/lmpredV204_gamma0_ad_hoc_teamplay/coord_ring/xp_matrix.png
Evaluating partner alignment group 0: method=e3t, prefix=checkpoints/eval_pools/e3t
LOADED: checkpoints/eval_pools/e3t/coord_ring/baseline_seed_0_step_220.msgpack
LOADED: checkpoints/eval_pools/e3t/coord_ring/baseline_seed_1_step_220.msgpack
LOADED: checkpoints/eval_pools/e3t/coord_ring/baseline_seed_2_step_220.msgpack
LOADED: checkpoints/eval_pools/e3t/coord_ring/baseline_seed_3_step_220.msgpack
LOADED: checkpoints/eval_pools/e3t/coord_ring/baseline_seed_4_step_220.msgpack
Using alignment rollout scale: ALIGN_PAIR_BATCH_SIZE=2, ALIGN_EVAL_NUM_EPISODES=128, ALIGN_EVAL_NUM_STEPS=400
ALIGN ego[00] partner[00] R2=0.948940 NMSE=0.051060 shuffled_R2=-0.017321
ALIGN ego[00] partner[01] R2=0.872614 NMSE=0.127386 shuffled_R2=-0.020486
ALIGN ego[00] partner[02] R2=0.920500 NMSE=0.079500 shuffled_R2=-0.013396
ALIGN ego[00] partner[03] R2=0.893440 NMSE=0.106560 shuffled_R2=-0.021083
ALIGN ego[00] partner[04] R2=0.921166 NMSE=0.078834 shuffled_R2=-0.014237
ALIGN ego[01] partner[00] R2=0.927029 NMSE=0.072971 shuffled_R2=-0.016358
ALIGN ego[01] partner[01] R2=0.782899 NMSE=0.217101 shuffled_R2=-0.044489
ALIGN ego[01] partner[02] R2=0.947823 NMSE=0.052177 shuffled_R2=-0.024850
ALIGN ego[01] partner[03] R2=0.932639 NMSE=0.067361 shuffled_R2=-0.017224
ALIGN ego[01] partner[04] R2=0.884417 NMSE=0.115583 shuffled_R2=-0.019139
ALIGN ego[02] partner[00] R2=0.866206 NMSE=0.133794 shuffled_R2=-0.023894
ALIGN ego[02] partner[01] R2=0.898830 NMSE=0.101170 shuffled_R2=-0.015192
ALIGN ego[02] partner[02] R2=0.917830 NMSE=0.082170 shuffled_R2=-0.023628
ALIGN ego[02] partner[03] R2=0.893969 NMSE=0.106031 shuffled_R2=-0.017256
ALIGN ego[02] partner[04] R2=0.874611 NMSE=0.125389 shuffled_R2=-0.015345
ALIGN ego[03] partner[00] R2=0.915589 NMSE=0.084411 shuffled_R2=-0.017052
ALIGN ego[03] partner[01] R2=0.897956 NMSE=0.102044 shuffled_R2=-0.020400
ALIGN ego[03] partner[02] R2=0.931002 NMSE=0.068998 shuffled_R2=-0.021162
ALIGN ego[03] partner[03] R2=0.869177 NMSE=0.130823 shuffled_R2=-0.018788
ALIGN ego[03] partner[04] R2=0.840446 NMSE=0.159554 shuffled_R2=-0.019077
ALIGN ego[04] partner[00] R2=0.943412 NMSE=0.056588 shuffled_R2=-0.020564
ALIGN ego[04] partner[01] R2=0.878330 NMSE=0.121670 shuffled_R2=-0.016777
ALIGN ego[04] partner[02] R2=0.934808 NMSE=0.065192 shuffled_R2=-0.033697
ALIGN ego[04] partner[03] R2=0.910883 NMSE=0.089117 shuffled_R2=-0.016832
ALIGN ego[04] partner[04] R2=0.861842 NMSE=0.138158 shuffled_R2=-0.016378
Evaluating partner alignment group 1: method=mep_br, prefix=checkpoints/eval_pools/mep_br
LOADED: checkpoints/eval_pools/mep_br/coord_ring/baseline_seed_0_step_220.msgpack
LOADED: checkpoints/eval_pools/mep_br/coord_ring/baseline_seed_1_step_220.msgpack
LOADED: checkpoints/eval_pools/mep_br/coord_ring/baseline_seed_2_step_220.msgpack
LOADED: checkpoints/eval_pools/mep_br/coord_ring/baseline_seed_3_step_220.msgpack
LOADED: checkpoints/eval_pools/mep_br/coord_ring/baseline_seed_4_step_220.msgpack
Using alignment rollout scale: ALIGN_PAIR_BATCH_SIZE=2, ALIGN_EVAL_NUM_EPISODES=128, ALIGN_EVAL_NUM_STEPS=400
ALIGN ego[00] partner[00] R2=0.916723 NMSE=0.083277 shuffled_R2=-0.015749
ALIGN ego[00] partner[01] R2=0.927210 NMSE=0.072790 shuffled_R2=-0.015411
ALIGN ego[00] partner[02] R2=0.803396 NMSE=0.196604 shuffled_R2=-0.024773
ALIGN ego[00] partner[03] R2=0.947703 NMSE=0.052297 shuffled_R2=-0.019133
ALIGN ego[00] partner[04] R2=0.834685 NMSE=0.165315 shuffled_R2=-0.027426
ALIGN ego[01] partner[00] R2=0.854711 NMSE=0.145289 shuffled_R2=-0.020963
ALIGN ego[01] partner[01] R2=0.908188 NMSE=0.091812 shuffled_R2=-0.015387
ALIGN ego[01] partner[02] R2=0.898444 NMSE=0.101556 shuffled_R2=-0.014565
ALIGN ego[01] partner[03] R2=0.920935 NMSE=0.079065 shuffled_R2=-0.036696
ALIGN ego[01] partner[04] R2=0.896900 NMSE=0.103100 shuffled_R2=-0.019609
ALIGN ego[02] partner[00] R2=0.896366 NMSE=0.103634 shuffled_R2=-0.016002
ALIGN ego[02] partner[01] R2=0.879168 NMSE=0.120832 shuffled_R2=-0.015042
ALIGN ego[02] partner[02] R2=0.756748 NMSE=0.243252 shuffled_R2=-0.042193
ALIGN ego[02] partner[03] R2=0.853602 NMSE=0.146398 shuffled_R2=-0.043025
ALIGN ego[02] partner[04] R2=0.883040 NMSE=0.116960 shuffled_R2=-0.023279
ALIGN ego[03] partner[00] R2=0.890780 NMSE=0.109220 shuffled_R2=-0.017192
ALIGN ego[03] partner[01] R2=0.876273 NMSE=0.123727 shuffled_R2=-0.022305
ALIGN ego[03] partner[02] R2=0.681550 NMSE=0.318450 shuffled_R2=-0.060418
ALIGN ego[03] partner[03] R2=0.912384 NMSE=0.087616 shuffled_R2=-0.024813
ALIGN ego[03] partner[04] R2=0.843034 NMSE=0.156966 shuffled_R2=-0.021378
ALIGN ego[04] partner[00] R2=0.843202 NMSE=0.156798 shuffled_R2=-0.024273
ALIGN ego[04] partner[01] R2=0.909191 NMSE=0.090809 shuffled_R2=-0.016907
ALIGN ego[04] partner[02] R2=0.918529 NMSE=0.081471 shuffled_R2=-0.017836
ALIGN ego[04] partner[03] R2=0.874981 NMSE=0.125019 shuffled_R2=-0.046022
ALIGN ego[04] partner[04] R2=0.940409 NMSE=0.059591 shuffled_R2=-0.013766
Evaluating partner alignment group 2: method=pbt, prefix=checkpoints/eval_pools/pbt
LOADED: checkpoints/eval_pools/pbt/coord_ring/baseline_seed_0_step_62.msgpack
LOADED: checkpoints/eval_pools/pbt/coord_ring/baseline_seed_1_step_62.msgpack
LOADED: checkpoints/eval_pools/pbt/coord_ring/baseline_seed_2_step_62.msgpack
LOADED: checkpoints/eval_pools/pbt/coord_ring/baseline_seed_3_step_62.msgpack
LOADED: checkpoints/eval_pools/pbt/coord_ring/baseline_seed_4_step_62.msgpack
Using alignment rollout scale: ALIGN_PAIR_BATCH_SIZE=2, ALIGN_EVAL_NUM_EPISODES=128, ALIGN_EVAL_NUM_STEPS=400
ALIGN ego[00] partner[00] R2=0.819395 NMSE=0.180605 shuffled_R2=-0.019810
ALIGN ego[00] partner[01] R2=0.845292 NMSE=0.154708 shuffled_R2=-0.015641
ALIGN ego[00] partner[02] R2=0.836275 NMSE=0.163725 shuffled_R2=-0.017497
ALIGN ego[00] partner[03] R2=0.837944 NMSE=0.162056 shuffled_R2=-0.016281
ALIGN ego[00] partner[04] R2=0.766690 NMSE=0.233310 shuffled_R2=-0.018363
ALIGN ego[01] partner[00] R2=0.792146 NMSE=0.207854 shuffled_R2=-0.015106
ALIGN ego[01] partner[01] R2=0.650354 NMSE=0.349646 shuffled_R2=-0.030068
ALIGN ego[01] partner[02] R2=0.798707 NMSE=0.201293 shuffled_R2=-0.017222
ALIGN ego[01] partner[03] R2=0.756824 NMSE=0.243176 shuffled_R2=-0.025817
ALIGN ego[01] partner[04] R2=0.811086 NMSE=0.188914 shuffled_R2=-0.016632
ALIGN ego[02] partner[00] R2=0.758058 NMSE=0.241942 shuffled_R2=-0.018312
ALIGN ego[02] partner[01] R2=0.767461 NMSE=0.232539 shuffled_R2=-0.014547
ALIGN ego[02] partner[02] R2=0.756798 NMSE=0.243202 shuffled_R2=-0.014609
ALIGN ego[02] partner[03] R2=0.773372 NMSE=0.226628 shuffled_R2=-0.015821
ALIGN ego[02] partner[04] R2=0.755051 NMSE=0.244949 shuffled_R2=-0.018037
ALIGN ego[03] partner[00] R2=0.747292 NMSE=0.252708 shuffled_R2=-0.016945
ALIGN ego[03] partner[01] R2=0.678236 NMSE=0.321764 shuffled_R2=-0.021960
ALIGN ego[03] partner[02] R2=0.793927 NMSE=0.206073 shuffled_R2=-0.016325
ALIGN ego[03] partner[03] R2=0.784743 NMSE=0.215257 shuffled_R2=-0.018427
ALIGN ego[03] partner[04] R2=0.453926 NMSE=0.546074 shuffled_R2=-0.067812
ALIGN ego[04] partner[00] R2=0.838637 NMSE=0.161363 shuffled_R2=-0.017151
ALIGN ego[04] partner[01] R2=0.816162 NMSE=0.183838 shuffled_R2=-0.018187
ALIGN ego[04] partner[02] R2=0.803861 NMSE=0.196139 shuffled_R2=-0.016657
ALIGN ego[04] partner[03] R2=0.834272 NMSE=0.165728 shuffled_R2=-0.016683
ALIGN ego[04] partner[04] R2=0.803812 NMSE=0.196188 shuffled_R2=-0.017518
Evaluating partner alignment group 3: method=sp, prefix=checkpoints/eval_pools/sp
LOADED: checkpoints/eval_pools/sp/coord_ring/baseline_seed_0_step_220.msgpack
LOADED: checkpoints/eval_pools/sp/coord_ring/baseline_seed_1_step_220.msgpack
LOADED: checkpoints/eval_pools/sp/coord_ring/baseline_seed_2_step_220.msgpack
LOADED: checkpoints/eval_pools/sp/coord_ring/baseline_seed_3_step_220.msgpack
LOADED: checkpoints/eval_pools/sp/coord_ring/baseline_seed_4_step_220.msgpack
Using alignment rollout scale: ALIGN_PAIR_BATCH_SIZE=2, ALIGN_EVAL_NUM_EPISODES=128, ALIGN_EVAL_NUM_STEPS=400
ALIGN ego[00] partner[00] R2=0.904798 NMSE=0.095202 shuffled_R2=-0.014568
ALIGN ego[00] partner[01] R2=0.878326 NMSE=0.121674 shuffled_R2=-0.050312
ALIGN ego[00] partner[02] R2=0.899217 NMSE=0.100783 shuffled_R2=-0.020141
ALIGN ego[00] partner[03] R2=0.900221 NMSE=0.099779 shuffled_R2=-0.021547
ALIGN ego[00] partner[04] R2=0.907228 NMSE=0.092772 shuffled_R2=-0.028997
ALIGN ego[01] partner[00] R2=0.897984 NMSE=0.102016 shuffled_R2=-0.014538
ALIGN ego[01] partner[01] R2=0.898569 NMSE=0.101431 shuffled_R2=-0.016144
ALIGN ego[01] partner[02] R2=0.834063 NMSE=0.165937 shuffled_R2=-0.020299
ALIGN ego[01] partner[03] R2=0.896980 NMSE=0.103020 shuffled_R2=-0.031132
ALIGN ego[01] partner[04] R2=0.886027 NMSE=0.113973 shuffled_R2=-0.017390
ALIGN ego[02] partner[00] R2=0.851737 NMSE=0.148263 shuffled_R2=-0.021573
ALIGN ego[02] partner[01] R2=0.875074 NMSE=0.124926 shuffled_R2=-0.017867
ALIGN ego[02] partner[02] R2=0.858774 NMSE=0.141226 shuffled_R2=-0.015725
ALIGN ego[02] partner[03] R2=0.898663 NMSE=0.101337 shuffled_R2=-0.019691
ALIGN ego[02] partner[04] R2=0.908839 NMSE=0.091161 shuffled_R2=-0.015521
ALIGN ego[03] partner[00] R2=0.875765 NMSE=0.124235 shuffled_R2=-0.015405
ALIGN ego[03] partner[01] R2=0.852162 NMSE=0.147838 shuffled_R2=-0.020529
ALIGN ego[03] partner[02] R2=0.876394 NMSE=0.123606 shuffled_R2=-0.016277
ALIGN ego[03] partner[03] R2=0.912898 NMSE=0.087102 shuffled_R2=-0.017852
ALIGN ego[03] partner[04] R2=0.869382 NMSE=0.130618 shuffled_R2=-0.020713
ALIGN ego[04] partner[00] R2=0.884527 NMSE=0.115473 shuffled_R2=-0.017277
ALIGN ego[04] partner[01] R2=0.927426 NMSE=0.072574 shuffled_R2=-0.016129
ALIGN ego[04] partner[02] R2=0.800977 NMSE=0.199023 shuffled_R2=-0.033080
ALIGN ego[04] partner[03] R2=0.940244 NMSE=0.059756 shuffled_R2=-0.015607
ALIGN ego[04] partner[04] R2=0.939419 NMSE=0.060581 shuffled_R2=-0.013861
Average ego-to-partner alignment R2: 0.857905 +- 0.007517 SE over 100 ego-partner pairs
Average alignment normalized MSE: 0.142095 +- 0.007517 SE
Average shuffled-control alignment R2: -0.021324 +- 0.000954 SE
Saved alignment results to ad_hoc_teamplay_results/lmpredV204_gamma0_ad_hoc_teamplay/coord_ring
Evaluating ad-hoc teamplay for ego_method=lmpredV204_gamma0, layout=asymm_advantages
ego_prefix=checkpoints/lmpredV204_gamma0/, partner_pool_specs=e3t:checkpoints/eval_pools/e3t;mep_br:checkpoints/eval_pools/mep_br;pbt:checkpoints/eval_pools/pbt;sp:checkpoints/eval_pools/sp, result_name=lmpredV204_gamma0_ad_hoc_teamplay, ego_perspective_transform=true
Cannot find primary config 'asymm_advantages'. Check that it's in your config search path.

Config search path:
	provider=hydra, path=pkg://hydra.conf
	provider=main, path=file:///net/scratch/n70579mp/tom/JaxMARL/baselines/overcookedv2/config/oc_extended/mep_br
	provider=schema, path=structured://

Set the environment variable HYDRA_FULL_ERROR=1 for a complete stack trace.
Importing submoduled environments...
Submoduled environments not found. Skipping import.
Evaluating ad-hoc teamplay for ego_method=lmpredV204_gamma0, layout=forced_coord
ego_prefix=checkpoints/lmpredV204_gamma0/, partner_pool_specs=e3t:checkpoints/eval_pools/e3t;mep_br:checkpoints/eval_pools/mep_br;pbt:checkpoints/eval_pools/pbt;sp:checkpoints/eval_pools/sp, result_name=lmpredV204_gamma0_ad_hoc_teamplay, ego_perspective_transform=true
Cannot find primary config 'forced_coord'. Check that it's in your config search path.

Config search path:
	provider=hydra, path=pkg://hydra.conf
	provider=main, path=file:///net/scratch/n70579mp/tom/JaxMARL/baselines/overcookedv2/config/oc_extended/mep_br
	provider=schema, path=structured://

Set the environment variable HYDRA_FULL_ERROR=1 for a complete stack trace.
Importing submoduled environments...
Submoduled environments not found. Skipping import.
Evaluating ad-hoc teamplay for ego_method=lmpredV202_gamma0_ablate, layout=cramped_room5x5
ego_prefix=checkpoints/lmpredV202_gamma0_ablate/, partner_pool_specs=e3t:checkpoints/eval_pools/e3t;mep_br:checkpoints/eval_pools/mep_br;pbt:checkpoints/eval_pools/pbt;sp:checkpoints/eval_pools/sp, result_name=lmpredV202_gamma0_ablate_ad_hoc_teamplay, ego_perspective_transform=false
Importing submoduled environments...
Submoduled environments not found. Skipping import.
2026-07-05 18:01:24.813723: W external/xla/xla/service/gpu/autotuning/dot_search_space.cc:200] All configs were filtered out because none of them sufficiently match the hints. Maybe the hints set does not contain a good representative set of valid configs?Working around this by using the full hints set instead.
2026-07-05 18:01:25.940171: W external/xla/xla/service/gpu/autotuning/dot_search_space.cc:200] All configs were filtered out because none of them sufficiently match the hints. Maybe the hints set does not contain a good representative set of valid configs?Working around this by using the full hints set instead.
LOADED: checkpoints/lmpredV202_gamma0_ablate/cramped_room5x5/baseline_seed_0_step_220.msgpack
LOADED: checkpoints/lmpredV202_gamma0_ablate/cramped_room5x5/baseline_seed_1_step_220.msgpack
LOADED: checkpoints/lmpredV202_gamma0_ablate/cramped_room5x5/baseline_seed_2_step_220.msgpack
LOADED: checkpoints/lmpredV202_gamma0_ablate/cramped_room5x5/baseline_seed_3_step_220.msgpack
LOADED: checkpoints/lmpredV202_gamma0_ablate/cramped_room5x5/baseline_seed_4_step_220.msgpack
Evaluating partner group 0: method=e3t, prefix=checkpoints/eval_pools/e3t
LOADED: checkpoints/eval_pools/e3t/cramped_room5x5/baseline_seed_0_step_220.msgpack
LOADED: checkpoints/eval_pools/e3t/cramped_room5x5/baseline_seed_1_step_220.msgpack
LOADED: checkpoints/eval_pools/e3t/cramped_room5x5/baseline_seed_2_step_220.msgpack
LOADED: checkpoints/eval_pools/e3t/cramped_room5x5/baseline_seed_3_step_220.msgpack
LOADED: checkpoints/eval_pools/e3t/cramped_room5x5/baseline_seed_4_step_220.msgpack
Using XP rollout scale: XP_PAIR_BATCH_SIZE=32, EVAL_NUM_EPISODES=128, EVAL_NUM_STEPS=400
XP ego[00] partner[00] = 193.281
XP ego[00] partner[01] = 176.719
XP ego[00] partner[02] = 165.156
XP ego[00] partner[03] = 212.188
XP ego[00] partner[04] = 133.906
XP ego[01] partner[00] = 220.781
XP ego[01] partner[01] = 232.031
XP ego[01] partner[02] = 236.875
XP ego[01] partner[03] = 234.844
XP ego[01] partner[04] = 229.688
XP ego[02] partner[00] = 219.375
XP ego[02] partner[01] = 160.469
XP ego[02] partner[02] = 238.125
XP ego[02] partner[03] = 195.625
XP ego[02] partner[04] = 227.031
XP ego[03] partner[00] = 229.219
XP ego[03] partner[01] = 190.312
XP ego[03] partner[02] = 211.250
XP ego[03] partner[03] = 238.438
XP ego[03] partner[04] = 226.875
XP ego[04] partner[00] = 227.969
XP ego[04] partner[01] = 153.438
XP ego[04] partner[02] = 146.719
XP ego[04] partner[03] = 213.438
XP ego[04] partner[04] = 211.562
Evaluating partner group 1: method=mep_br, prefix=checkpoints/eval_pools/mep_br
LOADED: checkpoints/eval_pools/mep_br/cramped_room5x5/baseline_seed_0_step_220.msgpack
LOADED: checkpoints/eval_pools/mep_br/cramped_room5x5/baseline_seed_1_step_220.msgpack
LOADED: checkpoints/eval_pools/mep_br/cramped_room5x5/baseline_seed_2_step_220.msgpack
LOADED: checkpoints/eval_pools/mep_br/cramped_room5x5/baseline_seed_3_step_220.msgpack
LOADED: checkpoints/eval_pools/mep_br/cramped_room5x5/baseline_seed_4_step_220.msgpack
Using XP rollout scale: XP_PAIR_BATCH_SIZE=32, EVAL_NUM_EPISODES=128, EVAL_NUM_STEPS=400
XP ego[00] partner[00] = 197.031
XP ego[00] partner[01] = 220.625
XP ego[00] partner[02] = 139.844
XP ego[00] partner[03] = 216.875
XP ego[00] partner[04] = 124.375
XP ego[01] partner[00] = 146.875
XP ego[01] partner[01] = 215.625
XP ego[01] partner[02] = 177.812
XP ego[01] partner[03] = 228.438
XP ego[01] partner[04] = 184.219
XP ego[02] partner[00] = 226.719
XP ego[02] partner[01] = 215.781
XP ego[02] partner[02] = 214.062
XP ego[02] partner[03] = 227.500
XP ego[02] partner[04] = 222.812
XP ego[03] partner[00] = 72.969
XP ego[03] partner[01] = 206.719
XP ego[03] partner[02] = 185.156
XP ego[03] partner[03] = 229.219
XP ego[03] partner[04] = 115.156
XP ego[04] partner[00] = 212.656
XP ego[04] partner[01] = 215.625
XP ego[04] partner[02] = 174.688
XP ego[04] partner[03] = 200.625
XP ego[04] partner[04] = 209.219
Evaluating partner group 2: method=pbt, prefix=checkpoints/eval_pools/pbt
LOADED: checkpoints/eval_pools/pbt/cramped_room5x5/baseline_seed_0_step_62.msgpack
LOADED: checkpoints/eval_pools/pbt/cramped_room5x5/baseline_seed_1_step_62.msgpack
LOADED: checkpoints/eval_pools/pbt/cramped_room5x5/baseline_seed_2_step_62.msgpack
LOADED: checkpoints/eval_pools/pbt/cramped_room5x5/baseline_seed_3_step_62.msgpack
LOADED: checkpoints/eval_pools/pbt/cramped_room5x5/baseline_seed_4_step_62.msgpack
Using XP rollout scale: XP_PAIR_BATCH_SIZE=32, EVAL_NUM_EPISODES=128, EVAL_NUM_STEPS=400
XP ego[00] partner[00] = 77.188
XP ego[00] partner[01] = 79.062
XP ego[00] partner[02] = 79.375
XP ego[00] partner[03] = 79.688
XP ego[00] partner[04] = 79.062
XP ego[01] partner[00] = 123.594
XP ego[01] partner[01] = 164.844
XP ego[01] partner[02] = 69.219
XP ego[01] partner[03] = 162.656
XP ego[01] partner[04] = 103.125
XP ego[02] partner[00] = 220.156
XP ego[02] partner[01] = 221.562
XP ego[02] partner[02] = 202.031
XP ego[02] partner[03] = 225.938
XP ego[02] partner[04] = 230.000
XP ego[03] partner[00] = 47.344
XP ego[03] partner[01] = 39.062
XP ego[03] partner[02] = 22.500
XP ego[03] partner[03] = 44.531
XP ego[03] partner[04] = 31.875
XP ego[04] partner[00] = 193.438
XP ego[04] partner[01] = 197.344
XP ego[04] partner[02] = 200.312
XP ego[04] partner[03] = 194.844
XP ego[04] partner[04] = 197.344
Evaluating partner group 3: method=sp, prefix=checkpoints/eval_pools/sp
LOADED: checkpoints/eval_pools/sp/cramped_room5x5/baseline_seed_0_step_220.msgpack
LOADED: checkpoints/eval_pools/sp/cramped_room5x5/baseline_seed_1_step_220.msgpack
LOADED: checkpoints/eval_pools/sp/cramped_room5x5/baseline_seed_2_step_220.msgpack
LOADED: checkpoints/eval_pools/sp/cramped_room5x5/baseline_seed_3_step_220.msgpack
LOADED: checkpoints/eval_pools/sp/cramped_room5x5/baseline_seed_4_step_220.msgpack
Using XP rollout scale: XP_PAIR_BATCH_SIZE=32, EVAL_NUM_EPISODES=128, EVAL_NUM_STEPS=400
XP ego[00] partner[00] = 199.688
XP ego[00] partner[01] = 176.406
XP ego[00] partner[02] = 212.031
XP ego[00] partner[03] = 220.469
XP ego[00] partner[04] = 174.688
XP ego[01] partner[00] = 209.531
XP ego[01] partner[01] = 204.531
XP ego[01] partner[02] = 195.938
XP ego[01] partner[03] = 218.125
XP ego[01] partner[04] = 191.406
XP ego[02] partner[00] = 214.844
XP ego[02] partner[01] = 217.344
XP ego[02] partner[02] = 176.719
XP ego[02] partner[03] = 231.719
XP ego[02] partner[04] = 215.312
XP ego[03] partner[00] = 204.062
XP ego[03] partner[01] = 106.250
XP ego[03] partner[02] = 225.156
XP ego[03] partner[03] = 200.312
XP ego[03] partner[04] = 91.562
XP ego[04] partner[00] = 225.156
XP ego[04] partner[01] = 206.250
XP ego[04] partner[02] = 163.906
XP ego[04] partner[03] = 211.875
XP ego[04] partner[04] = 185.625
Average ego-vs-partner performance: 180.709 +- 5.526 SE over 100 ordered pairs
Average diagonal performance: 222.688 +- 8.838 SE over 5 pairs
Average off-diagonal performance (only for square pools): nan +- nan SE over 0 ordered pairs
Saved ad-hoc teamplay results to ad_hoc_teamplay_results/lmpredV202_gamma0_ablate_ad_hoc_teamplay/cramped_room5x5
Saved ad-hoc teamplay heatmap to ad_hoc_teamplay_results/lmpredV202_gamma0_ablate_ad_hoc_teamplay/cramped_room5x5/xp_matrix.png
Evaluating partner alignment group 0: method=e3t, prefix=checkpoints/eval_pools/e3t
LOADED: checkpoints/eval_pools/e3t/cramped_room5x5/baseline_seed_0_step_220.msgpack
LOADED: checkpoints/eval_pools/e3t/cramped_room5x5/baseline_seed_1_step_220.msgpack
LOADED: checkpoints/eval_pools/e3t/cramped_room5x5/baseline_seed_2_step_220.msgpack
LOADED: checkpoints/eval_pools/e3t/cramped_room5x5/baseline_seed_3_step_220.msgpack
LOADED: checkpoints/eval_pools/e3t/cramped_room5x5/baseline_seed_4_step_220.msgpack
Using alignment rollout scale: ALIGN_PAIR_BATCH_SIZE=2, ALIGN_EVAL_NUM_EPISODES=128, ALIGN_EVAL_NUM_STEPS=400
ALIGN ego[00] partner[00] R2=0.924832 NMSE=0.075168 shuffled_R2=-0.021035
ALIGN ego[00] partner[01] R2=0.919109 NMSE=0.080891 shuffled_R2=-0.015265
ALIGN ego[00] partner[02] R2=0.921000 NMSE=0.079000 shuffled_R2=-0.019656
ALIGN ego[00] partner[03] R2=0.938645 NMSE=0.061355 shuffled_R2=-0.014230
ALIGN ego[00] partner[04] R2=0.958058 NMSE=0.041942 shuffled_R2=-0.017947
ALIGN ego[01] partner[00] R2=0.949683 NMSE=0.050317 shuffled_R2=-0.017359
ALIGN ego[01] partner[01] R2=0.912045 NMSE=0.087955 shuffled_R2=-0.039820
ALIGN ego[01] partner[02] R2=0.886215 NMSE=0.113785 shuffled_R2=-0.036966
ALIGN ego[01] partner[03] R2=0.941290 NMSE=0.058710 shuffled_R2=-0.015740
ALIGN ego[01] partner[04] R2=0.953766 NMSE=0.046234 shuffled_R2=-0.013561
ALIGN ego[02] partner[00] R2=0.846270 NMSE=0.153730 shuffled_R2=-0.036234
ALIGN ego[02] partner[01] R2=0.956221 NMSE=0.043779 shuffled_R2=-0.022475
ALIGN ego[02] partner[02] R2=0.926433 NMSE=0.073567 shuffled_R2=-0.018005
ALIGN ego[02] partner[03] R2=0.941586 NMSE=0.058414 shuffled_R2=-0.019153
ALIGN ego[02] partner[04] R2=0.955692 NMSE=0.044308 shuffled_R2=-0.015255
ALIGN ego[03] partner[00] R2=0.926348 NMSE=0.073652 shuffled_R2=-0.029325
ALIGN ego[03] partner[01] R2=0.955438 NMSE=0.044562 shuffled_R2=-0.023396
ALIGN ego[03] partner[02] R2=0.937615 NMSE=0.062385 shuffled_R2=-0.019781
ALIGN ego[03] partner[03] R2=0.931796 NMSE=0.068204 shuffled_R2=-0.031766
ALIGN ego[03] partner[04] R2=0.862216 NMSE=0.137784 shuffled_R2=-0.082236
ALIGN ego[04] partner[00] R2=0.954877 NMSE=0.045123 shuffled_R2=-0.015028
ALIGN ego[04] partner[01] R2=0.894488 NMSE=0.105512 shuffled_R2=-0.040601
ALIGN ego[04] partner[02] R2=0.916941 NMSE=0.083059 shuffled_R2=-0.034057
ALIGN ego[04] partner[03] R2=0.908971 NMSE=0.091029 shuffled_R2=-0.035873
ALIGN ego[04] partner[04] R2=0.887437 NMSE=0.112563 shuffled_R2=-0.042962
Evaluating partner alignment group 1: method=mep_br, prefix=checkpoints/eval_pools/mep_br
LOADED: checkpoints/eval_pools/mep_br/cramped_room5x5/baseline_seed_0_step_220.msgpack
LOADED: checkpoints/eval_pools/mep_br/cramped_room5x5/baseline_seed_1_step_220.msgpack
LOADED: checkpoints/eval_pools/mep_br/cramped_room5x5/baseline_seed_2_step_220.msgpack
LOADED: checkpoints/eval_pools/mep_br/cramped_room5x5/baseline_seed_3_step_220.msgpack
LOADED: checkpoints/eval_pools/mep_br/cramped_room5x5/baseline_seed_4_step_220.msgpack
Using alignment rollout scale: ALIGN_PAIR_BATCH_SIZE=2, ALIGN_EVAL_NUM_EPISODES=128, ALIGN_EVAL_NUM_STEPS=400
ALIGN ego[00] partner[00] R2=0.888262 NMSE=0.111738 shuffled_R2=-0.017120
ALIGN ego[00] partner[01] R2=0.901703 NMSE=0.098297 shuffled_R2=-0.019116
ALIGN ego[00] partner[02] R2=0.926923 NMSE=0.073077 shuffled_R2=-0.021062
ALIGN ego[00] partner[03] R2=0.933301 NMSE=0.066699 shuffled_R2=-0.015145
ALIGN ego[00] partner[04] R2=0.958988 NMSE=0.041012 shuffled_R2=-0.016628
ALIGN ego[01] partner[00] R2=0.920848 NMSE=0.079152 shuffled_R2=-0.029000
ALIGN ego[01] partner[01] R2=0.922652 NMSE=0.077348 shuffled_R2=-0.022187
ALIGN ego[01] partner[02] R2=0.957570 NMSE=0.042430 shuffled_R2=-0.015210
ALIGN ego[01] partner[03] R2=0.955278 NMSE=0.044722 shuffled_R2=-0.019035
ALIGN ego[01] partner[04] R2=0.964161 NMSE=0.035839 shuffled_R2=-0.015474
ALIGN ego[02] partner[00] R2=0.925762 NMSE=0.074238 shuffled_R2=-0.022297
ALIGN ego[02] partner[01] R2=0.937731 NMSE=0.062269 shuffled_R2=-0.022721
ALIGN ego[02] partner[02] R2=0.862174 NMSE=0.137826 shuffled_R2=-0.037158
ALIGN ego[02] partner[03] R2=0.885426 NMSE=0.114574 shuffled_R2=-0.037439
ALIGN ego[02] partner[04] R2=0.958096 NMSE=0.041904 shuffled_R2=-0.015639
ALIGN ego[03] partner[00] R2=0.925447 NMSE=0.074553 shuffled_R2=-0.024028
ALIGN ego[03] partner[01] R2=0.953072 NMSE=0.046928 shuffled_R2=-0.015705
ALIGN ego[03] partner[02] R2=0.927565 NMSE=0.072435 shuffled_R2=-0.018245
ALIGN ego[03] partner[03] R2=0.895971 NMSE=0.104029 shuffled_R2=-0.032558
ALIGN ego[03] partner[04] R2=0.935315 NMSE=0.064685 shuffled_R2=-0.032298
ALIGN ego[04] partner[00] R2=0.931347 NMSE=0.068653 shuffled_R2=-0.015617
ALIGN ego[04] partner[01] R2=0.942294 NMSE=0.057706 shuffled_R2=-0.013243
ALIGN ego[04] partner[02] R2=0.943037 NMSE=0.056963 shuffled_R2=-0.015206
ALIGN ego[04] partner[03] R2=0.952685 NMSE=0.047315 shuffled_R2=-0.014610
ALIGN ego[04] partner[04] R2=0.935844 NMSE=0.064156 shuffled_R2=-0.021527
Evaluating partner alignment group 2: method=pbt, prefix=checkpoints/eval_pools/pbt
LOADED: checkpoints/eval_pools/pbt/cramped_room5x5/baseline_seed_0_step_62.msgpack
LOADED: checkpoints/eval_pools/pbt/cramped_room5x5/baseline_seed_1_step_62.msgpack
LOADED: checkpoints/eval_pools/pbt/cramped_room5x5/baseline_seed_2_step_62.msgpack
LOADED: checkpoints/eval_pools/pbt/cramped_room5x5/baseline_seed_3_step_62.msgpack
LOADED: checkpoints/eval_pools/pbt/cramped_room5x5/baseline_seed_4_step_62.msgpack
Using alignment rollout scale: ALIGN_PAIR_BATCH_SIZE=2, ALIGN_EVAL_NUM_EPISODES=128, ALIGN_EVAL_NUM_STEPS=400
ALIGN ego[00] partner[00] R2=0.823226 NMSE=0.176774 shuffled_R2=-0.024902
ALIGN ego[00] partner[01] R2=0.816695 NMSE=0.183305 shuffled_R2=-0.026820
ALIGN ego[00] partner[02] R2=0.851898 NMSE=0.148102 shuffled_R2=-0.017497
ALIGN ego[00] partner[03] R2=0.781626 NMSE=0.218374 shuffled_R2=-0.033279
ALIGN ego[00] partner[04] R2=0.837060 NMSE=0.162940 shuffled_R2=-0.018045
ALIGN ego[01] partner[00] R2=0.837131 NMSE=0.162869 shuffled_R2=-0.021094
ALIGN ego[01] partner[01] R2=0.878264 NMSE=0.121736 shuffled_R2=-0.015487
ALIGN ego[01] partner[02] R2=0.864496 NMSE=0.135504 shuffled_R2=-0.021190
ALIGN ego[01] partner[03] R2=0.847044 NMSE=0.152956 shuffled_R2=-0.018377
ALIGN ego[01] partner[04] R2=0.666495 NMSE=0.333505 shuffled_R2=-0.063177
ALIGN ego[02] partner[00] R2=0.846359 NMSE=0.153641 shuffled_R2=-0.016804
ALIGN ego[02] partner[01] R2=0.684826 NMSE=0.315174 shuffled_R2=-0.058750
ALIGN ego[02] partner[02] R2=0.842810 NMSE=0.157190 shuffled_R2=-0.015957
ALIGN ego[02] partner[03] R2=0.862609 NMSE=0.137391 shuffled_R2=-0.016373
ALIGN ego[02] partner[04] R2=0.877756 NMSE=0.122244 shuffled_R2=-0.012241
ALIGN ego[03] partner[00] R2=0.188679 NMSE=0.811321 shuffled_R2=-0.115544
ALIGN ego[03] partner[01] R2=0.767780 NMSE=0.232220 shuffled_R2=-0.032102
ALIGN ego[03] partner[02] R2=0.769568 NMSE=0.230432 shuffled_R2=-0.032457
ALIGN ego[03] partner[03] R2=0.858492 NMSE=0.141508 shuffled_R2=-0.016668
ALIGN ego[03] partner[04] R2=0.818567 NMSE=0.181433 shuffled_R2=-0.030522
ALIGN ego[04] partner[00] R2=0.900974 NMSE=0.099026 shuffled_R2=-0.017741
ALIGN ego[04] partner[01] R2=0.872441 NMSE=0.127559 shuffled_R2=-0.015788
ALIGN ego[04] partner[02] R2=0.872590 NMSE=0.127410 shuffled_R2=-0.019353
ALIGN ego[04] partner[03] R2=0.811403 NMSE=0.188597 shuffled_R2=-0.030364
ALIGN ego[04] partner[04] R2=0.878039 NMSE=0.121961 shuffled_R2=-0.013940
Evaluating partner alignment group 3: method=sp, prefix=checkpoints/eval_pools/sp
LOADED: checkpoints/eval_pools/sp/cramped_room5x5/baseline_seed_0_step_220.msgpack
LOADED: checkpoints/eval_pools/sp/cramped_room5x5/baseline_seed_1_step_220.msgpack
LOADED: checkpoints/eval_pools/sp/cramped_room5x5/baseline_seed_2_step_220.msgpack
LOADED: checkpoints/eval_pools/sp/cramped_room5x5/baseline_seed_3_step_220.msgpack
LOADED: checkpoints/eval_pools/sp/cramped_room5x5/baseline_seed_4_step_220.msgpack
Using alignment rollout scale: ALIGN_PAIR_BATCH_SIZE=2, ALIGN_EVAL_NUM_EPISODES=128, ALIGN_EVAL_NUM_STEPS=400
ALIGN ego[00] partner[00] R2=0.914565 NMSE=0.085435 shuffled_R2=-0.015825
ALIGN ego[00] partner[01] R2=0.933952 NMSE=0.066048 shuffled_R2=-0.018271
ALIGN ego[00] partner[02] R2=0.957335 NMSE=0.042665 shuffled_R2=-0.019211
ALIGN ego[00] partner[03] R2=0.935087 NMSE=0.064913 shuffled_R2=-0.015923
ALIGN ego[00] partner[04] R2=0.934395 NMSE=0.065605 shuffled_R2=-0.019420
ALIGN ego[01] partner[00] R2=0.949484 NMSE=0.050516 shuffled_R2=-0.014996
ALIGN ego[01] partner[01] R2=0.960108 NMSE=0.039892 shuffled_R2=-0.015568
ALIGN ego[01] partner[02] R2=0.941589 NMSE=0.058411 shuffled_R2=-0.017538
ALIGN ego[01] partner[03] R2=0.925380 NMSE=0.074620 shuffled_R2=-0.034337
ALIGN ego[01] partner[04] R2=0.960457 NMSE=0.039543 shuffled_R2=-0.016890
ALIGN ego[02] partner[00] R2=0.925794 NMSE=0.074206 shuffled_R2=-0.021200
ALIGN ego[02] partner[01] R2=0.949398 NMSE=0.050602 shuffled_R2=-0.017201
ALIGN ego[02] partner[02] R2=0.924511 NMSE=0.075489 shuffled_R2=-0.034388
ALIGN ego[02] partner[03] R2=0.955741 NMSE=0.044259 shuffled_R2=-0.016183
ALIGN ego[02] partner[04] R2=0.960631 NMSE=0.039369 shuffled_R2=-0.014943
ALIGN ego[03] partner[00] R2=0.955755 NMSE=0.044245 shuffled_R2=-0.018868
ALIGN ego[03] partner[01] R2=0.953623 NMSE=0.046377 shuffled_R2=-0.020833
ALIGN ego[03] partner[02] R2=0.966300 NMSE=0.033700 shuffled_R2=-0.018269
ALIGN ego[03] partner[03] R2=0.962112 NMSE=0.037888 shuffled_R2=-0.018624
ALIGN ego[03] partner[04] R2=0.969396 NMSE=0.030604 shuffled_R2=-0.018023
ALIGN ego[04] partner[00] R2=0.809303 NMSE=0.190697 shuffled_R2=-0.069682
ALIGN ego[04] partner[01] R2=0.971577 NMSE=0.028423 shuffled_R2=-0.014413
ALIGN ego[04] partner[02] R2=0.950989 NMSE=0.049011 shuffled_R2=-0.020041
ALIGN ego[04] partner[03] R2=0.957777 NMSE=0.042223 shuffled_R2=-0.013196
ALIGN ego[04] partner[04] R2=0.965784 NMSE=0.034216 shuffled_R2=-0.013621
Average ego-to-partner alignment R2: 0.899963 +- 0.009299 SE over 100 ego-partner pairs
Average alignment normalized MSE: 0.100037 +- 0.009299 SE
Average shuffled-control alignment R2: -0.024279 +- 0.001514 SE
Saved alignment results to ad_hoc_teamplay_results/lmpredV202_gamma0_ablate_ad_hoc_teamplay/cramped_room5x5
Evaluating ad-hoc teamplay for ego_method=lmpredV202_gamma0_ablate, layout=counter_circuit
ego_prefix=checkpoints/lmpredV202_gamma0_ablate/, partner_pool_specs=e3t:checkpoints/eval_pools/e3t;mep_br:checkpoints/eval_pools/mep_br;pbt:checkpoints/eval_pools/pbt;sp:checkpoints/eval_pools/sp, result_name=lmpredV202_gamma0_ablate_ad_hoc_teamplay, ego_perspective_transform=false
Importing submoduled environments...
Submoduled environments not found. Skipping import.
2026-07-05 18:04:54.127932: W external/xla/xla/service/gpu/autotuning/dot_search_space.cc:200] All configs were filtered out because none of them sufficiently match the hints. Maybe the hints set does not contain a good representative set of valid configs?Working around this by using the full hints set instead.
2026-07-05 18:04:55.230316: W external/xla/xla/service/gpu/autotuning/dot_search_space.cc:200] All configs were filtered out because none of them sufficiently match the hints. Maybe the hints set does not contain a good representative set of valid configs?Working around this by using the full hints set instead.
LOADED: checkpoints/lmpredV202_gamma0_ablate/counter_circuit/baseline_seed_0_step_380.msgpack
LOADED: checkpoints/lmpredV202_gamma0_ablate/counter_circuit/baseline_seed_1_step_380.msgpack
LOADED: checkpoints/lmpredV202_gamma0_ablate/counter_circuit/baseline_seed_2_step_380.msgpack
LOADED: checkpoints/lmpredV202_gamma0_ablate/counter_circuit/baseline_seed_3_step_380.msgpack
LOADED: checkpoints/lmpredV202_gamma0_ablate/counter_circuit/baseline_seed_4_step_380.msgpack
Evaluating partner group 0: method=e3t, prefix=checkpoints/eval_pools/e3t
LOADED: checkpoints/eval_pools/e3t/counter_circuit/baseline_seed_0_step_220.msgpack
LOADED: checkpoints/eval_pools/e3t/counter_circuit/baseline_seed_1_step_220.msgpack
LOADED: checkpoints/eval_pools/e3t/counter_circuit/baseline_seed_2_step_220.msgpack
LOADED: checkpoints/eval_pools/e3t/counter_circuit/baseline_seed_3_step_220.msgpack
LOADED: checkpoints/eval_pools/e3t/counter_circuit/baseline_seed_4_step_220.msgpack
Using XP rollout scale: XP_PAIR_BATCH_SIZE=32, EVAL_NUM_EPISODES=128, EVAL_NUM_STEPS=400
XP ego[00] partner[00] = 66.875
XP ego[00] partner[01] = 136.094
XP ego[00] partner[02] = 58.125
XP ego[00] partner[03] = 10.469
XP ego[00] partner[04] = 112.344
XP ego[01] partner[00] = 125.625
XP ego[01] partner[01] = 130.312
XP ego[01] partner[02] = 116.719
XP ego[01] partner[03] = 1.719
XP ego[01] partner[04] = 125.781
XP ego[02] partner[00] = 136.875
XP ego[02] partner[01] = 98.281
XP ego[02] partner[02] = 80.938
XP ego[02] partner[03] = 16.719
XP ego[02] partner[04] = 78.438
XP ego[03] partner[00] = 60.000
XP ego[03] partner[01] = 110.312
XP ego[03] partner[02] = 82.188
XP ego[03] partner[03] = 3.281
XP ego[03] partner[04] = 96.250
XP ego[04] partner[00] = 109.531
XP ego[04] partner[01] = 118.594
XP ego[04] partner[02] = 70.156
XP ego[04] partner[03] = 9.844
XP ego[04] partner[04] = 71.406
Evaluating partner group 1: method=mep_br, prefix=checkpoints/eval_pools/mep_br
LOADED: checkpoints/eval_pools/mep_br/counter_circuit/baseline_seed_0_step_380.msgpack
LOADED: checkpoints/eval_pools/mep_br/counter_circuit/baseline_seed_1_step_380.msgpack
LOADED: checkpoints/eval_pools/mep_br/counter_circuit/baseline_seed_2_step_380.msgpack
LOADED: checkpoints/eval_pools/mep_br/counter_circuit/baseline_seed_3_step_380.msgpack
LOADED: checkpoints/eval_pools/mep_br/counter_circuit/baseline_seed_4_step_380.msgpack
Using XP rollout scale: XP_PAIR_BATCH_SIZE=32, EVAL_NUM_EPISODES=128, EVAL_NUM_STEPS=400
XP ego[00] partner[00] = 182.656
XP ego[00] partner[01] = 162.344
XP ego[00] partner[02] = 178.125
XP ego[00] partner[03] = 173.281
XP ego[00] partner[04] = 150.469
XP ego[01] partner[00] = 207.656
XP ego[01] partner[01] = 204.062
XP ego[01] partner[02] = 222.344
XP ego[01] partner[03] = 208.906
XP ego[01] partner[04] = 205.625
XP ego[02] partner[00] = 180.312
XP ego[02] partner[01] = 154.062
XP ego[02] partner[02] = 177.031
XP ego[02] partner[03] = 171.406
XP ego[02] partner[04] = 169.531
XP ego[03] partner[00] = 152.812
XP ego[03] partner[01] = 161.406
XP ego[03] partner[02] = 162.500
XP ego[03] partner[03] = 147.031
XP ego[03] partner[04] = 136.094
XP ego[04] partner[00] = 165.781
XP ego[04] partner[01] = 152.031
XP ego[04] partner[02] = 160.469
XP ego[04] partner[03] = 154.062
XP ego[04] partner[04] = 138.750
Evaluating partner group 2: method=pbt, prefix=checkpoints/eval_pools/pbt
LOADED: checkpoints/eval_pools/pbt/counter_circuit/baseline_seed_0_step_62.msgpack
LOADED: checkpoints/eval_pools/pbt/counter_circuit/baseline_seed_1_step_62.msgpack
LOADED: checkpoints/eval_pools/pbt/counter_circuit/baseline_seed_2_step_62.msgpack
LOADED: checkpoints/eval_pools/pbt/counter_circuit/baseline_seed_3_step_62.msgpack
LOADED: checkpoints/eval_pools/pbt/counter_circuit/baseline_seed_4_step_62.msgpack
Using XP rollout scale: XP_PAIR_BATCH_SIZE=32, EVAL_NUM_EPISODES=128, EVAL_NUM_STEPS=400
XP ego[00] partner[00] = 181.562
XP ego[00] partner[01] = 184.688
XP ego[00] partner[02] = 178.281
XP ego[00] partner[03] = 184.062
XP ego[00] partner[04] = 189.219
XP ego[01] partner[00] = 205.312
XP ego[01] partner[01] = 212.188
XP ego[01] partner[02] = 197.031
XP ego[01] partner[03] = 209.219
XP ego[01] partner[04] = 201.719
XP ego[02] partner[00] = 202.812
XP ego[02] partner[01] = 171.406
XP ego[02] partner[02] = 210.000
XP ego[02] partner[03] = 183.750
XP ego[02] partner[04] = 206.250
XP ego[03] partner[00] = 158.438
XP ego[03] partner[01] = 156.562
XP ego[03] partner[02] = 142.031
XP ego[03] partner[03] = 155.156
XP ego[03] partner[04] = 155.156
XP ego[04] partner[00] = 163.438
XP ego[04] partner[01] = 167.344
XP ego[04] partner[02] = 163.594
XP ego[04] partner[03] = 178.438
XP ego[04] partner[04] = 171.406
Evaluating partner group 3: method=sp, prefix=checkpoints/eval_pools/sp
LOADED: checkpoints/eval_pools/sp/counter_circuit/baseline_seed_0_step_380.msgpack
LOADED: checkpoints/eval_pools/sp/counter_circuit/baseline_seed_1_step_380.msgpack
LOADED: checkpoints/eval_pools/sp/counter_circuit/baseline_seed_2_step_380.msgpack
LOADED: checkpoints/eval_pools/sp/counter_circuit/baseline_seed_3_step_380.msgpack
LOADED: checkpoints/eval_pools/sp/counter_circuit/baseline_seed_4_step_380.msgpack
Using XP rollout scale: XP_PAIR_BATCH_SIZE=32, EVAL_NUM_EPISODES=128, EVAL_NUM_STEPS=400
XP ego[00] partner[00] = 171.875
XP ego[00] partner[01] = 120.781
XP ego[00] partner[02] = 184.531
XP ego[00] partner[03] = 176.875
XP ego[00] partner[04] = 177.500
XP ego[01] partner[00] = 177.969
XP ego[01] partner[01] = 195.000
XP ego[01] partner[02] = 196.094
XP ego[01] partner[03] = 199.219
XP ego[01] partner[04] = 189.219
XP ego[02] partner[00] = 166.250
XP ego[02] partner[01] = 127.812
XP ego[02] partner[02] = 194.219
XP ego[02] partner[03] = 179.375
XP ego[02] partner[04] = 195.625
XP ego[03] partner[00] = 147.500
XP ego[03] partner[01] = 130.938
XP ego[03] partner[02] = 166.562
XP ego[03] partner[03] = 161.562
XP ego[03] partner[04] = 157.969
XP ego[04] partner[00] = 148.438
XP ego[04] partner[01] = 83.750
XP ego[04] partner[02] = 151.250
XP ego[04] partner[03] = 145.469
XP ego[04] partner[04] = 166.875
Average ego-vs-partner performance: 149.473 +- 5.001 SE over 100 ordered pairs
Average diagonal performance: 70.562 +- 20.272 SE over 5 pairs
Average off-diagonal performance (only for square pools): nan +- nan SE over 0 ordered pairs
Saved ad-hoc teamplay results to ad_hoc_teamplay_results/lmpredV202_gamma0_ablate_ad_hoc_teamplay/counter_circuit
Saved ad-hoc teamplay heatmap to ad_hoc_teamplay_results/lmpredV202_gamma0_ablate_ad_hoc_teamplay/counter_circuit/xp_matrix.png
Evaluating partner alignment group 0: method=e3t, prefix=checkpoints/eval_pools/e3t
LOADED: checkpoints/eval_pools/e3t/counter_circuit/baseline_seed_0_step_220.msgpack
LOADED: checkpoints/eval_pools/e3t/counter_circuit/baseline_seed_1_step_220.msgpack
LOADED: checkpoints/eval_pools/e3t/counter_circuit/baseline_seed_2_step_220.msgpack
LOADED: checkpoints/eval_pools/e3t/counter_circuit/baseline_seed_3_step_220.msgpack
LOADED: checkpoints/eval_pools/e3t/counter_circuit/baseline_seed_4_step_220.msgpack
Using alignment rollout scale: ALIGN_PAIR_BATCH_SIZE=2, ALIGN_EVAL_NUM_EPISODES=128, ALIGN_EVAL_NUM_STEPS=400
ALIGN ego[00] partner[00] R2=0.793115 NMSE=0.206885 shuffled_R2=-0.020766
ALIGN ego[00] partner[01] R2=0.735612 NMSE=0.264388 shuffled_R2=-0.021960
ALIGN ego[00] partner[02] R2=0.770994 NMSE=0.229006 shuffled_R2=-0.018331
ALIGN ego[00] partner[03] R2=0.910163 NMSE=0.089837 shuffled_R2=-0.020595
ALIGN ego[00] partner[04] R2=0.858484 NMSE=0.141516 shuffled_R2=-0.017401
ALIGN ego[01] partner[00] R2=0.739145 NMSE=0.260855 shuffled_R2=-0.026695
ALIGN ego[01] partner[01] R2=0.648798 NMSE=0.351202 shuffled_R2=-0.022649
ALIGN ego[01] partner[02] R2=0.855166 NMSE=0.144834 shuffled_R2=-0.021114
ALIGN ego[01] partner[03] R2=0.914551 NMSE=0.085449 shuffled_R2=-0.024129
ALIGN ego[01] partner[04] R2=0.820442 NMSE=0.179558 shuffled_R2=-0.029335
ALIGN ego[02] partner[00] R2=0.757998 NMSE=0.242002 shuffled_R2=-0.017915
ALIGN ego[02] partner[01] R2=0.795261 NMSE=0.204739 shuffled_R2=-0.016431
ALIGN ego[02] partner[02] R2=0.743623 NMSE=0.256377 shuffled_R2=-0.019214
ALIGN ego[02] partner[03] R2=0.827712 NMSE=0.172288 shuffled_R2=-0.023135
ALIGN ego[02] partner[04] R2=0.821073 NMSE=0.178927 shuffled_R2=-0.015609
ALIGN ego[03] partner[00] R2=0.792199 NMSE=0.207801 shuffled_R2=-0.024672
ALIGN ego[03] partner[01] R2=0.699335 NMSE=0.300665 shuffled_R2=-0.023024
ALIGN ego[03] partner[02] R2=0.739290 NMSE=0.260710 shuffled_R2=-0.022149
ALIGN ego[03] partner[03] R2=0.692311 NMSE=0.307689 shuffled_R2=-0.048696
ALIGN ego[03] partner[04] R2=0.732480 NMSE=0.267520 shuffled_R2=-0.019017
ALIGN ego[04] partner[00] R2=0.765914 NMSE=0.234086 shuffled_R2=-0.020743
ALIGN ego[04] partner[01] R2=0.721322 NMSE=0.278678 shuffled_R2=-0.019272
ALIGN ego[04] partner[02] R2=0.696353 NMSE=0.303647 shuffled_R2=-0.023395
ALIGN ego[04] partner[03] R2=0.678450 NMSE=0.321550 shuffled_R2=-0.055302
ALIGN ego[04] partner[04] R2=0.818333 NMSE=0.181667 shuffled_R2=-0.020263
Evaluating partner alignment group 1: method=mep_br, prefix=checkpoints/eval_pools/mep_br
LOADED: checkpoints/eval_pools/mep_br/counter_circuit/baseline_seed_0_step_380.msgpack
LOADED: checkpoints/eval_pools/mep_br/counter_circuit/baseline_seed_1_step_380.msgpack
LOADED: checkpoints/eval_pools/mep_br/counter_circuit/baseline_seed_2_step_380.msgpack
LOADED: checkpoints/eval_pools/mep_br/counter_circuit/baseline_seed_3_step_380.msgpack
LOADED: checkpoints/eval_pools/mep_br/counter_circuit/baseline_seed_4_step_380.msgpack
Using alignment rollout scale: ALIGN_PAIR_BATCH_SIZE=2, ALIGN_EVAL_NUM_EPISODES=128, ALIGN_EVAL_NUM_STEPS=400
ALIGN ego[00] partner[00] R2=0.838934 NMSE=0.161066 shuffled_R2=-0.014383
ALIGN ego[00] partner[01] R2=0.843392 NMSE=0.156608 shuffled_R2=-0.015839
ALIGN ego[00] partner[02] R2=0.851110 NMSE=0.148890 shuffled_R2=-0.016573
ALIGN ego[00] partner[03] R2=0.839600 NMSE=0.160400 shuffled_R2=-0.016187
ALIGN ego[00] partner[04] R2=0.831046 NMSE=0.168954 shuffled_R2=-0.017889
ALIGN ego[01] partner[00] R2=0.812421 NMSE=0.187579 shuffled_R2=-0.019275
ALIGN ego[01] partner[01] R2=0.883306 NMSE=0.116694 shuffled_R2=-0.015537
ALIGN ego[01] partner[02] R2=0.833515 NMSE=0.166485 shuffled_R2=-0.021379
ALIGN ego[01] partner[03] R2=0.818116 NMSE=0.181884 shuffled_R2=-0.016736
ALIGN ego[01] partner[04] R2=0.860673 NMSE=0.139327 shuffled_R2=-0.014950
ALIGN ego[02] partner[00] R2=0.832617 NMSE=0.167383 shuffled_R2=-0.014776
ALIGN ego[02] partner[01] R2=0.832755 NMSE=0.167245 shuffled_R2=-0.017205
ALIGN ego[02] partner[02] R2=0.836080 NMSE=0.163920 shuffled_R2=-0.015726
ALIGN ego[02] partner[03] R2=0.777960 NMSE=0.222040 shuffled_R2=-0.018894
ALIGN ego[02] partner[04] R2=0.682836 NMSE=0.317164 shuffled_R2=-0.035177
ALIGN ego[03] partner[00] R2=0.792155 NMSE=0.207845 shuffled_R2=-0.018297
ALIGN ego[03] partner[01] R2=0.786898 NMSE=0.213102 shuffled_R2=-0.015439
ALIGN ego[03] partner[02] R2=0.718323 NMSE=0.281677 shuffled_R2=-0.026578
ALIGN ego[03] partner[03] R2=0.803797 NMSE=0.196203 shuffled_R2=-0.017837
ALIGN ego[03] partner[04] R2=0.761221 NMSE=0.238779 shuffled_R2=-0.017831
ALIGN ego[04] partner[00] R2=0.833406 NMSE=0.166594 shuffled_R2=-0.013759
ALIGN ego[04] partner[01] R2=0.823896 NMSE=0.176104 shuffled_R2=-0.015858
ALIGN ego[04] partner[02] R2=0.783783 NMSE=0.216217 shuffled_R2=-0.025874
ALIGN ego[04] partner[03] R2=0.818659 NMSE=0.181341 shuffled_R2=-0.015099
ALIGN ego[04] partner[04] R2=0.772750 NMSE=0.227250 shuffled_R2=-0.020257
Evaluating partner alignment group 2: method=pbt, prefix=checkpoints/eval_pools/pbt
LOADED: checkpoints/eval_pools/pbt/counter_circuit/baseline_seed_0_step_62.msgpack
LOADED: checkpoints/eval_pools/pbt/counter_circuit/baseline_seed_1_step_62.msgpack
LOADED: checkpoints/eval_pools/pbt/counter_circuit/baseline_seed_2_step_62.msgpack
LOADED: checkpoints/eval_pools/pbt/counter_circuit/baseline_seed_3_step_62.msgpack
LOADED: checkpoints/eval_pools/pbt/counter_circuit/baseline_seed_4_step_62.msgpack
Using alignment rollout scale: ALIGN_PAIR_BATCH_SIZE=2, ALIGN_EVAL_NUM_EPISODES=128, ALIGN_EVAL_NUM_STEPS=400
ALIGN ego[00] partner[00] R2=0.781933 NMSE=0.218067 shuffled_R2=-0.014253
ALIGN ego[00] partner[01] R2=0.787913 NMSE=0.212087 shuffled_R2=-0.015861
ALIGN ego[00] partner[02] R2=0.747340 NMSE=0.252660 shuffled_R2=-0.022962
ALIGN ego[00] partner[03] R2=0.197455 NMSE=0.802545 shuffled_R2=-0.064672
ALIGN ego[00] partner[04] R2=0.780150 NMSE=0.219850 shuffled_R2=-0.016381
ALIGN ego[01] partner[00] R2=0.766467 NMSE=0.233533 shuffled_R2=-0.015561
ALIGN ego[01] partner[01] R2=0.749977 NMSE=0.250023 shuffled_R2=-0.017854
ALIGN ego[01] partner[02] R2=0.717843 NMSE=0.282157 shuffled_R2=-0.020719
ALIGN ego[01] partner[03] R2=0.736788 NMSE=0.263212 shuffled_R2=-0.025275
ALIGN ego[01] partner[04] R2=0.748476 NMSE=0.251524 shuffled_R2=-0.020708
ALIGN ego[02] partner[00] R2=0.797689 NMSE=0.202311 shuffled_R2=-0.014288
ALIGN ego[02] partner[01] R2=0.785170 NMSE=0.214830 shuffled_R2=-0.015333
ALIGN ego[02] partner[02] R2=0.794199 NMSE=0.205801 shuffled_R2=-0.016881
ALIGN ego[02] partner[03] R2=0.805349 NMSE=0.194651 shuffled_R2=-0.018300
ALIGN ego[02] partner[04] R2=0.757745 NMSE=0.242255 shuffled_R2=-0.020793
ALIGN ego[03] partner[00] R2=0.760079 NMSE=0.239921 shuffled_R2=-0.017232
ALIGN ego[03] partner[01] R2=0.780489 NMSE=0.219511 shuffled_R2=-0.015725
ALIGN ego[03] partner[02] R2=0.724524 NMSE=0.275476 shuffled_R2=-0.017545
ALIGN ego[03] partner[03] R2=0.776740 NMSE=0.223260 shuffled_R2=-0.019169
ALIGN ego[03] partner[04] R2=0.758859 NMSE=0.241141 shuffled_R2=-0.020566
ALIGN ego[04] partner[00] R2=0.748569 NMSE=0.251431 shuffled_R2=-0.017030
ALIGN ego[04] partner[01] R2=0.750832 NMSE=0.249168 shuffled_R2=-0.016569
ALIGN ego[04] partner[02] R2=0.709268 NMSE=0.290732 shuffled_R2=-0.018172
ALIGN ego[04] partner[03] R2=0.781441 NMSE=0.218559 shuffled_R2=-0.017980
ALIGN ego[04] partner[04] R2=0.760247 NMSE=0.239753 shuffled_R2=-0.017672
Evaluating partner alignment group 3: method=sp, prefix=checkpoints/eval_pools/sp
LOADED: checkpoints/eval_pools/sp/counter_circuit/baseline_seed_0_step_380.msgpack
LOADED: checkpoints/eval_pools/sp/counter_circuit/baseline_seed_1_step_380.msgpack
LOADED: checkpoints/eval_pools/sp/counter_circuit/baseline_seed_2_step_380.msgpack
LOADED: checkpoints/eval_pools/sp/counter_circuit/baseline_seed_3_step_380.msgpack
LOADED: checkpoints/eval_pools/sp/counter_circuit/baseline_seed_4_step_380.msgpack
Using alignment rollout scale: ALIGN_PAIR_BATCH_SIZE=2, ALIGN_EVAL_NUM_EPISODES=128, ALIGN_EVAL_NUM_STEPS=400
ALIGN ego[00] partner[00] R2=0.894568 NMSE=0.105432 shuffled_R2=-0.015483
ALIGN ego[00] partner[01] R2=0.893941 NMSE=0.106059 shuffled_R2=-0.017035
ALIGN ego[00] partner[02] R2=0.859326 NMSE=0.140674 shuffled_R2=-0.016186
ALIGN ego[00] partner[03] R2=0.781470 NMSE=0.218530 shuffled_R2=-0.023062
ALIGN ego[00] partner[04] R2=0.849588 NMSE=0.150412 shuffled_R2=-0.016399
ALIGN ego[01] partner[00] R2=0.873751 NMSE=0.126249 shuffled_R2=-0.016201
ALIGN ego[01] partner[01] R2=0.877006 NMSE=0.122994 shuffled_R2=-0.021665
ALIGN ego[01] partner[02] R2=0.836409 NMSE=0.163591 shuffled_R2=-0.014662
ALIGN ego[01] partner[03] R2=0.835296 NMSE=0.164704 shuffled_R2=-0.017875
ALIGN ego[01] partner[04] R2=0.826290 NMSE=0.173710 shuffled_R2=-0.015554
ALIGN ego[02] partner[00] R2=0.879077 NMSE=0.120923 shuffled_R2=-0.016811
ALIGN ego[02] partner[01] R2=0.852696 NMSE=0.147304 shuffled_R2=-0.024820
ALIGN ego[02] partner[02] R2=0.864877 NMSE=0.135123 shuffled_R2=-0.017902
ALIGN ego[02] partner[03] R2=0.752944 NMSE=0.247056 shuffled_R2=-0.020761
ALIGN ego[02] partner[04] R2=0.835466 NMSE=0.164534 shuffled_R2=-0.015177
ALIGN ego[03] partner[00] R2=0.862693 NMSE=0.137307 shuffled_R2=-0.017688
ALIGN ego[03] partner[01] R2=0.841587 NMSE=0.158413 shuffled_R2=-0.019287
ALIGN ego[03] partner[02] R2=0.851884 NMSE=0.148116 shuffled_R2=-0.015033
ALIGN ego[03] partner[03] R2=0.754626 NMSE=0.245374 shuffled_R2=-0.024385
ALIGN ego[03] partner[04] R2=0.788885 NMSE=0.211115 shuffled_R2=-0.015798
ALIGN ego[04] partner[00] R2=0.860285 NMSE=0.139715 shuffled_R2=-0.019671
ALIGN ego[04] partner[01] R2=0.901355 NMSE=0.098645 shuffled_R2=-0.013196
ALIGN ego[04] partner[02] R2=0.828849 NMSE=0.171151 shuffled_R2=-0.016401
ALIGN ego[04] partner[03] R2=0.823010 NMSE=0.176990 shuffled_R2=-0.015695
ALIGN ego[04] partner[04] R2=0.793069 NMSE=0.206931 shuffled_R2=-0.014932
Average ego-to-partner alignment R2: 0.791219 +- 0.008211 SE over 100 ego-partner pairs
Average alignment normalized MSE: 0.208781 +- 0.008211 SE
Average shuffled-control alignment R2: -0.019883 +- 0.000750 SE
Saved alignment results to ad_hoc_teamplay_results/lmpredV202_gamma0_ablate_ad_hoc_teamplay/counter_circuit
Evaluating ad-hoc teamplay for ego_method=lmpredV202_gamma0_ablate, layout=coord_ring
ego_prefix=checkpoints/lmpredV202_gamma0_ablate/, partner_pool_specs=e3t:checkpoints/eval_pools/e3t;mep_br:checkpoints/eval_pools/mep_br;pbt:checkpoints/eval_pools/pbt;sp:checkpoints/eval_pools/sp, result_name=lmpredV202_gamma0_ablate_ad_hoc_teamplay, ego_perspective_transform=false
Importing submoduled environments...
Submoduled environments not found. Skipping import.
2026-07-05 18:08:32.740424: W external/xla/xla/service/gpu/autotuning/dot_search_space.cc:200] All configs were filtered out because none of them sufficiently match the hints. Maybe the hints set does not contain a good representative set of valid configs?Working around this by using the full hints set instead.
2026-07-05 18:08:33.850576: W external/xla/xla/service/gpu/autotuning/dot_search_space.cc:200] All configs were filtered out because none of them sufficiently match the hints. Maybe the hints set does not contain a good representative set of valid configs?Working around this by using the full hints set instead.
LOADED: checkpoints/lmpredV202_gamma0_ablate/coord_ring/baseline_seed_0_step_220.msgpack
LOADED: checkpoints/lmpredV202_gamma0_ablate/coord_ring/baseline_seed_1_step_220.msgpack
LOADED: checkpoints/lmpredV202_gamma0_ablate/coord_ring/baseline_seed_2_step_220.msgpack
LOADED: checkpoints/lmpredV202_gamma0_ablate/coord_ring/baseline_seed_3_step_220.msgpack
LOADED: checkpoints/lmpredV202_gamma0_ablate/coord_ring/baseline_seed_4_step_220.msgpack
Evaluating partner group 0: method=e3t, prefix=checkpoints/eval_pools/e3t
LOADED: checkpoints/eval_pools/e3t/coord_ring/baseline_seed_0_step_220.msgpack
LOADED: checkpoints/eval_pools/e3t/coord_ring/baseline_seed_1_step_220.msgpack
LOADED: checkpoints/eval_pools/e3t/coord_ring/baseline_seed_2_step_220.msgpack
LOADED: checkpoints/eval_pools/e3t/coord_ring/baseline_seed_3_step_220.msgpack
LOADED: checkpoints/eval_pools/e3t/coord_ring/baseline_seed_4_step_220.msgpack
Using XP rollout scale: XP_PAIR_BATCH_SIZE=32, EVAL_NUM_EPISODES=128, EVAL_NUM_STEPS=400
XP ego[00] partner[00] = 275.781
XP ego[00] partner[01] = 283.281
XP ego[00] partner[02] = 82.500
XP ego[00] partner[03] = 204.688
XP ego[00] partner[04] = 226.719
XP ego[01] partner[00] = 282.812
XP ego[01] partner[01] = 279.375
XP ego[01] partner[02] = 7.344
XP ego[01] partner[03] = 208.906
XP ego[01] partner[04] = 283.438
XP ego[02] partner[00] = 164.062
XP ego[02] partner[01] = 289.531
XP ego[02] partner[02] = 30.000
XP ego[02] partner[03] = 243.906
XP ego[02] partner[04] = 295.156
XP ego[03] partner[00] = 289.844
XP ego[03] partner[01] = 289.688
XP ego[03] partner[02] = 27.500
XP ego[03] partner[03] = 290.625
XP ego[03] partner[04] = 278.125
XP ego[04] partner[00] = 270.156
XP ego[04] partner[01] = 285.156
XP ego[04] partner[02] = 41.250
XP ego[04] partner[03] = 256.406
XP ego[04] partner[04] = 266.094
Evaluating partner group 1: method=mep_br, prefix=checkpoints/eval_pools/mep_br
LOADED: checkpoints/eval_pools/mep_br/coord_ring/baseline_seed_0_step_220.msgpack
LOADED: checkpoints/eval_pools/mep_br/coord_ring/baseline_seed_1_step_220.msgpack
LOADED: checkpoints/eval_pools/mep_br/coord_ring/baseline_seed_2_step_220.msgpack
LOADED: checkpoints/eval_pools/mep_br/coord_ring/baseline_seed_3_step_220.msgpack
LOADED: checkpoints/eval_pools/mep_br/coord_ring/baseline_seed_4_step_220.msgpack
Using XP rollout scale: XP_PAIR_BATCH_SIZE=32, EVAL_NUM_EPISODES=128, EVAL_NUM_STEPS=400
XP ego[00] partner[00] = 257.812
XP ego[00] partner[01] = 279.531
XP ego[00] partner[02] = 290.000
XP ego[00] partner[03] = 150.312
XP ego[00] partner[04] = 253.750
XP ego[01] partner[00] = 253.281
XP ego[01] partner[01] = 250.000
XP ego[01] partner[02] = 213.906
XP ego[01] partner[03] = 205.469
XP ego[01] partner[04] = 278.438
XP ego[02] partner[00] = 254.531
XP ego[02] partner[01] = 290.000
XP ego[02] partner[02] = 262.344
XP ego[02] partner[03] = 217.812
XP ego[02] partner[04] = 215.938
XP ego[03] partner[00] = 270.156
XP ego[03] partner[01] = 291.094
XP ego[03] partner[02] = 295.625
XP ego[03] partner[03] = 225.156
XP ego[03] partner[04] = 272.500
XP ego[04] partner[00] = 242.344
XP ego[04] partner[01] = 282.969
XP ego[04] partner[02] = 267.656
XP ego[04] partner[03] = 224.844
XP ego[04] partner[04] = 265.156
Evaluating partner group 2: method=pbt, prefix=checkpoints/eval_pools/pbt
LOADED: checkpoints/eval_pools/pbt/coord_ring/baseline_seed_0_step_62.msgpack
LOADED: checkpoints/eval_pools/pbt/coord_ring/baseline_seed_1_step_62.msgpack
LOADED: checkpoints/eval_pools/pbt/coord_ring/baseline_seed_2_step_62.msgpack
LOADED: checkpoints/eval_pools/pbt/coord_ring/baseline_seed_3_step_62.msgpack
LOADED: checkpoints/eval_pools/pbt/coord_ring/baseline_seed_4_step_62.msgpack
Using XP rollout scale: XP_PAIR_BATCH_SIZE=32, EVAL_NUM_EPISODES=128, EVAL_NUM_STEPS=400
XP ego[00] partner[00] = 279.219
XP ego[00] partner[01] = 256.562
XP ego[00] partner[02] = 273.281
XP ego[00] partner[03] = 257.188
XP ego[00] partner[04] = 292.031
XP ego[01] partner[00] = 153.438
XP ego[01] partner[01] = 256.719
XP ego[01] partner[02] = 187.812
XP ego[01] partner[03] = 150.781
XP ego[01] partner[04] = 132.031
XP ego[02] partner[00] = 295.000
XP ego[02] partner[01] = 293.438
XP ego[02] partner[02] = 287.500
XP ego[02] partner[03] = 262.344
XP ego[02] partner[04] = 296.406
XP ego[03] partner[00] = 284.062
XP ego[03] partner[01] = 282.031
XP ego[03] partner[02] = 274.219
XP ego[03] partner[03] = 279.062
XP ego[03] partner[04] = 287.969
XP ego[04] partner[00] = 197.500
XP ego[04] partner[01] = 178.906
XP ego[04] partner[02] = 175.312
XP ego[04] partner[03] = 199.062
XP ego[04] partner[04] = 179.844
Evaluating partner group 3: method=sp, prefix=checkpoints/eval_pools/sp
LOADED: checkpoints/eval_pools/sp/coord_ring/baseline_seed_0_step_220.msgpack
LOADED: checkpoints/eval_pools/sp/coord_ring/baseline_seed_1_step_220.msgpack
LOADED: checkpoints/eval_pools/sp/coord_ring/baseline_seed_2_step_220.msgpack
LOADED: checkpoints/eval_pools/sp/coord_ring/baseline_seed_3_step_220.msgpack
LOADED: checkpoints/eval_pools/sp/coord_ring/baseline_seed_4_step_220.msgpack
Using XP rollout scale: XP_PAIR_BATCH_SIZE=32, EVAL_NUM_EPISODES=128, EVAL_NUM_STEPS=400
XP ego[00] partner[00] = 297.969
XP ego[00] partner[01] = 281.094
XP ego[00] partner[02] = 269.062
XP ego[00] partner[03] = 269.062
XP ego[00] partner[04] = 281.094
XP ego[01] partner[00] = 274.844
XP ego[01] partner[01] = 196.562
XP ego[01] partner[02] = 254.375
XP ego[01] partner[03] = 90.938
XP ego[01] partner[04] = 257.656
XP ego[02] partner[00] = 299.844
XP ego[02] partner[01] = 284.531
XP ego[02] partner[02] = 274.219
XP ego[02] partner[03] = 271.094
XP ego[02] partner[04] = 283.750
XP ego[03] partner[00] = 294.219
XP ego[03] partner[01] = 266.250
XP ego[03] partner[02] = 278.438
XP ego[03] partner[03] = 247.812
XP ego[03] partner[04] = 241.719
XP ego[04] partner[00] = 229.062
XP ego[04] partner[01] = 246.250
XP ego[04] partner[02] = 255.312
XP ego[04] partner[03] = 256.406
XP ego[04] partner[04] = 253.281
Average ego-vs-partner performance: 242.295 +- 6.320 SE over 100 ordered pairs
Average diagonal performance: 228.375 +- 49.749 SE over 5 pairs
Average off-diagonal performance (only for square pools): nan +- nan SE over 0 ordered pairs
Saved ad-hoc teamplay results to ad_hoc_teamplay_results/lmpredV202_gamma0_ablate_ad_hoc_teamplay/coord_ring
Saved ad-hoc teamplay heatmap to ad_hoc_teamplay_results/lmpredV202_gamma0_ablate_ad_hoc_teamplay/coord_ring/xp_matrix.png
Evaluating partner alignment group 0: method=e3t, prefix=checkpoints/eval_pools/e3t
LOADED: checkpoints/eval_pools/e3t/coord_ring/baseline_seed_0_step_220.msgpack
LOADED: checkpoints/eval_pools/e3t/coord_ring/baseline_seed_1_step_220.msgpack
LOADED: checkpoints/eval_pools/e3t/coord_ring/baseline_seed_2_step_220.msgpack
LOADED: checkpoints/eval_pools/e3t/coord_ring/baseline_seed_3_step_220.msgpack
LOADED: checkpoints/eval_pools/e3t/coord_ring/baseline_seed_4_step_220.msgpack
Using alignment rollout scale: ALIGN_PAIR_BATCH_SIZE=2, ALIGN_EVAL_NUM_EPISODES=128, ALIGN_EVAL_NUM_STEPS=400
ALIGN ego[00] partner[00] R2=0.830913 NMSE=0.169087 shuffled_R2=-0.026970
ALIGN ego[00] partner[01] R2=0.851078 NMSE=0.148922 shuffled_R2=-0.019075
ALIGN ego[00] partner[02] R2=0.931752 NMSE=0.068248 shuffled_R2=-0.014722
ALIGN ego[00] partner[03] R2=0.885385 NMSE=0.114615 shuffled_R2=-0.016942
ALIGN ego[00] partner[04] R2=0.912860 NMSE=0.087140 shuffled_R2=-0.023481
ALIGN ego[01] partner[00] R2=0.883620 NMSE=0.116380 shuffled_R2=-0.015712
ALIGN ego[01] partner[01] R2=0.864830 NMSE=0.135170 shuffled_R2=-0.015877
ALIGN ego[01] partner[02] R2=0.848478 NMSE=0.151522 shuffled_R2=-0.044779
ALIGN ego[01] partner[03] R2=0.910291 NMSE=0.089709 shuffled_R2=-0.013658
ALIGN ego[01] partner[04] R2=0.893490 NMSE=0.106510 shuffled_R2=-0.014879
ALIGN ego[02] partner[00] R2=0.898402 NMSE=0.101598 shuffled_R2=-0.018126
ALIGN ego[02] partner[01] R2=0.855520 NMSE=0.144480 shuffled_R2=-0.016434
ALIGN ego[02] partner[02] R2=0.938176 NMSE=0.061824 shuffled_R2=-0.016777
ALIGN ego[02] partner[03] R2=0.923372 NMSE=0.076628 shuffled_R2=-0.013452
ALIGN ego[02] partner[04] R2=0.873311 NMSE=0.126689 shuffled_R2=-0.014868
ALIGN ego[03] partner[00] R2=0.910504 NMSE=0.089496 shuffled_R2=-0.014203
ALIGN ego[03] partner[01] R2=0.882359 NMSE=0.117641 shuffled_R2=-0.016967
ALIGN ego[03] partner[02] R2=0.800986 NMSE=0.199014 shuffled_R2=-0.039557
ALIGN ego[03] partner[03] R2=0.700295 NMSE=0.299705 shuffled_R2=-0.038583
ALIGN ego[03] partner[04] R2=0.881920 NMSE=0.118080 shuffled_R2=-0.015850
ALIGN ego[04] partner[00] R2=0.872861 NMSE=0.127139 shuffled_R2=-0.021070
ALIGN ego[04] partner[01] R2=0.831077 NMSE=0.168923 shuffled_R2=-0.020069
ALIGN ego[04] partner[02] R2=0.917871 NMSE=0.082129 shuffled_R2=-0.028963
ALIGN ego[04] partner[03] R2=0.894268 NMSE=0.105732 shuffled_R2=-0.018094
ALIGN ego[04] partner[04] R2=0.857778 NMSE=0.142222 shuffled_R2=-0.019079
Evaluating partner alignment group 1: method=mep_br, prefix=checkpoints/eval_pools/mep_br
LOADED: checkpoints/eval_pools/mep_br/coord_ring/baseline_seed_0_step_220.msgpack
LOADED: checkpoints/eval_pools/mep_br/coord_ring/baseline_seed_1_step_220.msgpack
LOADED: checkpoints/eval_pools/mep_br/coord_ring/baseline_seed_2_step_220.msgpack
LOADED: checkpoints/eval_pools/mep_br/coord_ring/baseline_seed_3_step_220.msgpack
LOADED: checkpoints/eval_pools/mep_br/coord_ring/baseline_seed_4_step_220.msgpack
Using alignment rollout scale: ALIGN_PAIR_BATCH_SIZE=2, ALIGN_EVAL_NUM_EPISODES=128, ALIGN_EVAL_NUM_STEPS=400
ALIGN ego[00] partner[00] R2=0.864897 NMSE=0.135103 shuffled_R2=-0.030611
ALIGN ego[00] partner[01] R2=0.915742 NMSE=0.084258 shuffled_R2=-0.016602
ALIGN ego[00] partner[02] R2=0.880195 NMSE=0.119805 shuffled_R2=-0.024660
ALIGN ego[00] partner[03] R2=0.965193 NMSE=0.034807 shuffled_R2=-0.015987
ALIGN ego[00] partner[04] R2=0.941559 NMSE=0.058441 shuffled_R2=-0.017530
ALIGN ego[01] partner[00] R2=0.905369 NMSE=0.094631 shuffled_R2=-0.015638
ALIGN ego[01] partner[01] R2=0.882031 NMSE=0.117969 shuffled_R2=-0.016028
ALIGN ego[01] partner[02] R2=0.847075 NMSE=0.152925 shuffled_R2=-0.056213
ALIGN ego[01] partner[03] R2=0.811267 NMSE=0.188733 shuffled_R2=-0.055935
ALIGN ego[01] partner[04] R2=0.804671 NMSE=0.195329 shuffled_R2=-0.022894
ALIGN ego[02] partner[00] R2=0.865108 NMSE=0.134892 shuffled_R2=-0.022544
ALIGN ego[02] partner[01] R2=0.899281 NMSE=0.100719 shuffled_R2=-0.014528
ALIGN ego[02] partner[02] R2=0.869660 NMSE=0.130340 shuffled_R2=-0.018560
ALIGN ego[02] partner[03] R2=0.910618 NMSE=0.089382 shuffled_R2=-0.015286
ALIGN ego[02] partner[04] R2=0.906458 NMSE=0.093542 shuffled_R2=-0.017677
ALIGN ego[03] partner[00] R2=0.892019 NMSE=0.107981 shuffled_R2=-0.015604
ALIGN ego[03] partner[01] R2=0.873585 NMSE=0.126415 shuffled_R2=-0.018514
ALIGN ego[03] partner[02] R2=0.872579 NMSE=0.127421 shuffled_R2=-0.016659
ALIGN ego[03] partner[03] R2=0.942914 NMSE=0.057086 shuffled_R2=-0.019616
ALIGN ego[03] partner[04] R2=0.775711 NMSE=0.224289 shuffled_R2=-0.032184
ALIGN ego[04] partner[00] R2=0.853846 NMSE=0.146154 shuffled_R2=-0.028987
ALIGN ego[04] partner[01] R2=0.891836 NMSE=0.108164 shuffled_R2=-0.016113
ALIGN ego[04] partner[02] R2=0.625583 NMSE=0.374417 shuffled_R2=-0.065783
ALIGN ego[04] partner[03] R2=0.872855 NMSE=0.127145 shuffled_R2=-0.020284
ALIGN ego[04] partner[04] R2=0.889436 NMSE=0.110564 shuffled_R2=-0.017485
Evaluating partner alignment group 2: method=pbt, prefix=checkpoints/eval_pools/pbt
LOADED: checkpoints/eval_pools/pbt/coord_ring/baseline_seed_0_step_62.msgpack
LOADED: checkpoints/eval_pools/pbt/coord_ring/baseline_seed_1_step_62.msgpack
LOADED: checkpoints/eval_pools/pbt/coord_ring/baseline_seed_2_step_62.msgpack
LOADED: checkpoints/eval_pools/pbt/coord_ring/baseline_seed_3_step_62.msgpack
LOADED: checkpoints/eval_pools/pbt/coord_ring/baseline_seed_4_step_62.msgpack
Using alignment rollout scale: ALIGN_PAIR_BATCH_SIZE=2, ALIGN_EVAL_NUM_EPISODES=128, ALIGN_EVAL_NUM_STEPS=400
ALIGN ego[00] partner[00] R2=0.869512 NMSE=0.130488 shuffled_R2=-0.016735
ALIGN ego[00] partner[01] R2=0.714022 NMSE=0.285978 shuffled_R2=-0.038452
ALIGN ego[00] partner[02] R2=0.607569 NMSE=0.392431 shuffled_R2=-0.061378
ALIGN ego[00] partner[03] R2=0.824854 NMSE=0.175146 shuffled_R2=-0.019549
ALIGN ego[00] partner[04] R2=0.741515 NMSE=0.258485 shuffled_R2=-0.029332
ALIGN ego[01] partner[00] R2=0.818785 NMSE=0.181215 shuffled_R2=-0.016133
ALIGN ego[01] partner[01] R2=0.703849 NMSE=0.296151 shuffled_R2=-0.033585
ALIGN ego[01] partner[02] R2=0.698843 NMSE=0.301157 shuffled_R2=-0.037811
ALIGN ego[01] partner[03] R2=0.772437 NMSE=0.227563 shuffled_R2=-0.024445
ALIGN ego[01] partner[04] R2=0.734314 NMSE=0.265686 shuffled_R2=-0.037491
ALIGN ego[02] partner[00] R2=0.820855 NMSE=0.179145 shuffled_R2=-0.015829
ALIGN ego[02] partner[01] R2=0.818128 NMSE=0.181872 shuffled_R2=-0.015975
ALIGN ego[02] partner[02] R2=0.808714 NMSE=0.191286 shuffled_R2=-0.014515
ALIGN ego[02] partner[03] R2=0.821554 NMSE=0.178446 shuffled_R2=-0.017152
ALIGN ego[02] partner[04] R2=0.821733 NMSE=0.178267 shuffled_R2=-0.013926
ALIGN ego[03] partner[00] R2=0.685434 NMSE=0.314566 shuffled_R2=-0.059950
ALIGN ego[03] partner[01] R2=0.734396 NMSE=0.265604 shuffled_R2=-0.030881
ALIGN ego[03] partner[02] R2=0.801092 NMSE=0.198908 shuffled_R2=-0.013492
ALIGN ego[03] partner[03] R2=0.834104 NMSE=0.165896 shuffled_R2=-0.016787
ALIGN ego[03] partner[04] R2=0.616828 NMSE=0.383172 shuffled_R2=-0.054523
ALIGN ego[04] partner[00] R2=0.834973 NMSE=0.165027 shuffled_R2=-0.017055
ALIGN ego[04] partner[01] R2=0.847169 NMSE=0.152831 shuffled_R2=-0.015583
ALIGN ego[04] partner[02] R2=0.808992 NMSE=0.191008 shuffled_R2=-0.018605
ALIGN ego[04] partner[03] R2=0.833259 NMSE=0.166741 shuffled_R2=-0.015194
ALIGN ego[04] partner[04] R2=0.797225 NMSE=0.202775 shuffled_R2=-0.017615
Evaluating partner alignment group 3: method=sp, prefix=checkpoints/eval_pools/sp
LOADED: checkpoints/eval_pools/sp/coord_ring/baseline_seed_0_step_220.msgpack
LOADED: checkpoints/eval_pools/sp/coord_ring/baseline_seed_1_step_220.msgpack
LOADED: checkpoints/eval_pools/sp/coord_ring/baseline_seed_2_step_220.msgpack
LOADED: checkpoints/eval_pools/sp/coord_ring/baseline_seed_3_step_220.msgpack
LOADED: checkpoints/eval_pools/sp/coord_ring/baseline_seed_4_step_220.msgpack
Using alignment rollout scale: ALIGN_PAIR_BATCH_SIZE=2, ALIGN_EVAL_NUM_EPISODES=128, ALIGN_EVAL_NUM_STEPS=400
ALIGN ego[00] partner[00] R2=0.899921 NMSE=0.100079 shuffled_R2=-0.024417
ALIGN ego[00] partner[01] R2=0.795218 NMSE=0.204782 shuffled_R2=-0.030263
ALIGN ego[00] partner[02] R2=0.849649 NMSE=0.150351 shuffled_R2=-0.029165
ALIGN ego[00] partner[03] R2=0.899171 NMSE=0.100829 shuffled_R2=-0.015292
ALIGN ego[00] partner[04] R2=0.943630 NMSE=0.056370 shuffled_R2=-0.016202
ALIGN ego[01] partner[00] R2=0.871436 NMSE=0.128564 shuffled_R2=-0.015238
ALIGN ego[01] partner[01] R2=0.900829 NMSE=0.099171 shuffled_R2=-0.011890
ALIGN ego[01] partner[02] R2=0.781321 NMSE=0.218679 shuffled_R2=-0.028156
ALIGN ego[01] partner[03] R2=0.904181 NMSE=0.095819 shuffled_R2=-0.024265
ALIGN ego[01] partner[04] R2=0.884870 NMSE=0.115130 shuffled_R2=-0.017044
ALIGN ego[02] partner[00] R2=0.885336 NMSE=0.114664 shuffled_R2=-0.016331
ALIGN ego[02] partner[01] R2=0.904982 NMSE=0.095018 shuffled_R2=-0.017885
ALIGN ego[02] partner[02] R2=0.909434 NMSE=0.090566 shuffled_R2=-0.013350
ALIGN ego[02] partner[03] R2=0.901475 NMSE=0.098525 shuffled_R2=-0.018908
ALIGN ego[02] partner[04] R2=0.935682 NMSE=0.064318 shuffled_R2=-0.014749
ALIGN ego[03] partner[00] R2=0.932294 NMSE=0.067706 shuffled_R2=-0.014370
ALIGN ego[03] partner[01] R2=0.871662 NMSE=0.128338 shuffled_R2=-0.015973
ALIGN ego[03] partner[02] R2=0.853181 NMSE=0.146819 shuffled_R2=-0.015084
ALIGN ego[03] partner[03] R2=0.883975 NMSE=0.116025 shuffled_R2=-0.017043
ALIGN ego[03] partner[04] R2=0.943036 NMSE=0.056964 shuffled_R2=-0.013496
ALIGN ego[04] partner[00] R2=0.861853 NMSE=0.138147 shuffled_R2=-0.019515
ALIGN ego[04] partner[01] R2=0.873425 NMSE=0.126575 shuffled_R2=-0.015257
ALIGN ego[04] partner[02] R2=0.849238 NMSE=0.150762 shuffled_R2=-0.019556
ALIGN ego[04] partner[03] R2=0.843997 NMSE=0.156003 shuffled_R2=-0.021285
ALIGN ego[04] partner[04] R2=0.897667 NMSE=0.102333 shuffled_R2=-0.017937
Average ego-to-partner alignment R2: 0.850585 +- 0.007232 SE over 100 ego-partner pairs
Average alignment normalized MSE: 0.149415 +- 0.007232 SE
Average shuffled-control alignment R2: -0.022448 +- 0.001156 SE
Saved alignment results to ad_hoc_teamplay_results/lmpredV202_gamma0_ablate_ad_hoc_teamplay/coord_ring
Evaluating ad-hoc teamplay for ego_method=lmpredV202_gamma0_ablate, layout=asymm_advantages
ego_prefix=checkpoints/lmpredV202_gamma0_ablate/, partner_pool_specs=e3t:checkpoints/eval_pools/e3t;mep_br:checkpoints/eval_pools/mep_br;pbt:checkpoints/eval_pools/pbt;sp:checkpoints/eval_pools/sp, result_name=lmpredV202_gamma0_ablate_ad_hoc_teamplay, ego_perspective_transform=false
Cannot find primary config 'asymm_advantages'. Check that it's in your config search path.

Config search path:
	provider=hydra, path=pkg://hydra.conf
	provider=main, path=file:///net/scratch/n70579mp/tom/JaxMARL/baselines/overcookedv2/config/oc_extended/mep_br
	provider=schema, path=structured://

Set the environment variable HYDRA_FULL_ERROR=1 for a complete stack trace.
Importing submoduled environments...
Submoduled environments not found. Skipping import.
Evaluating ad-hoc teamplay for ego_method=lmpredV202_gamma0_ablate, layout=forced_coord
ego_prefix=checkpoints/lmpredV202_gamma0_ablate/, partner_pool_specs=e3t:checkpoints/eval_pools/e3t;mep_br:checkpoints/eval_pools/mep_br;pbt:checkpoints/eval_pools/pbt;sp:checkpoints/eval_pools/sp, result_name=lmpredV202_gamma0_ablate_ad_hoc_teamplay, ego_perspective_transform=false
Cannot find primary config 'forced_coord'. Check that it's in your config search path.

Config search path:
	provider=hydra, path=pkg://hydra.conf
	provider=main, path=file:///net/scratch/n70579mp/tom/JaxMARL/baselines/overcookedv2/config/oc_extended/mep_br
	provider=schema, path=structured://

Set the environment variable HYDRA_FULL_ERROR=1 for a complete stack trace.
Importing submoduled environments...
Submoduled environments not found. Skipping import.
Evaluating ad-hoc teamplay for ego_method=lmpredV204_gamma0_ablate, layout=cramped_room5x5
ego_prefix=checkpoints/lmpredV204_gamma0_ablate/, partner_pool_specs=e3t:checkpoints/eval_pools/e3t;mep_br:checkpoints/eval_pools/mep_br;pbt:checkpoints/eval_pools/pbt;sp:checkpoints/eval_pools/sp, result_name=lmpredV204_gamma0_ablate_ad_hoc_teamplay, ego_perspective_transform=false
Importing submoduled environments...
Submoduled environments not found. Skipping import.
2026-07-05 18:12:59.291699: W external/xla/xla/service/gpu/autotuning/dot_search_space.cc:200] All configs were filtered out because none of them sufficiently match the hints. Maybe the hints set does not contain a good representative set of valid configs?Working around this by using the full hints set instead.
2026-07-05 18:13:00.421435: W external/xla/xla/service/gpu/autotuning/dot_search_space.cc:200] All configs were filtered out because none of them sufficiently match the hints. Maybe the hints set does not contain a good representative set of valid configs?Working around this by using the full hints set instead.
LOADED: checkpoints/lmpredV204_gamma0_ablate/cramped_room5x5/baseline_seed_0_step_220.msgpack
LOADED: checkpoints/lmpredV204_gamma0_ablate/cramped_room5x5/baseline_seed_1_step_220.msgpack
LOADED: checkpoints/lmpredV204_gamma0_ablate/cramped_room5x5/baseline_seed_2_step_220.msgpack
LOADED: checkpoints/lmpredV204_gamma0_ablate/cramped_room5x5/baseline_seed_3_step_220.msgpack
LOADED: checkpoints/lmpredV204_gamma0_ablate/cramped_room5x5/baseline_seed_4_step_220.msgpack
Evaluating partner group 0: method=e3t, prefix=checkpoints/eval_pools/e3t
LOADED: checkpoints/eval_pools/e3t/cramped_room5x5/baseline_seed_0_step_220.msgpack
LOADED: checkpoints/eval_pools/e3t/cramped_room5x5/baseline_seed_1_step_220.msgpack
LOADED: checkpoints/eval_pools/e3t/cramped_room5x5/baseline_seed_2_step_220.msgpack
LOADED: checkpoints/eval_pools/e3t/cramped_room5x5/baseline_seed_3_step_220.msgpack
LOADED: checkpoints/eval_pools/e3t/cramped_room5x5/baseline_seed_4_step_220.msgpack
Using XP rollout scale: XP_PAIR_BATCH_SIZE=32, EVAL_NUM_EPISODES=128, EVAL_NUM_STEPS=400
XP ego[00] partner[00] = 222.812
XP ego[00] partner[01] = 222.500
XP ego[00] partner[02] = 192.969
XP ego[00] partner[03] = 239.688
XP ego[00] partner[04] = 239.062
XP ego[01] partner[00] = 222.344
XP ego[01] partner[01] = 213.750
XP ego[01] partner[02] = 237.500
XP ego[01] partner[03] = 218.906
XP ego[01] partner[04] = 189.062
XP ego[02] partner[00] = 205.312
XP ego[02] partner[01] = 234.062
XP ego[02] partner[02] = 236.406
XP ego[02] partner[03] = 233.594
XP ego[02] partner[04] = 239.688
XP ego[03] partner[00] = 207.969
XP ego[03] partner[01] = 242.031
XP ego[03] partner[02] = 231.562
XP ego[03] partner[03] = 250.625
XP ego[03] partner[04] = 232.188
XP ego[04] partner[00] = 244.375
XP ego[04] partner[01] = 226.094
XP ego[04] partner[02] = 170.469
XP ego[04] partner[03] = 195.000
XP ego[04] partner[04] = 236.094
Evaluating partner group 1: method=mep_br, prefix=checkpoints/eval_pools/mep_br
LOADED: checkpoints/eval_pools/mep_br/cramped_room5x5/baseline_seed_0_step_220.msgpack
LOADED: checkpoints/eval_pools/mep_br/cramped_room5x5/baseline_seed_1_step_220.msgpack
LOADED: checkpoints/eval_pools/mep_br/cramped_room5x5/baseline_seed_2_step_220.msgpack
LOADED: checkpoints/eval_pools/mep_br/cramped_room5x5/baseline_seed_3_step_220.msgpack
LOADED: checkpoints/eval_pools/mep_br/cramped_room5x5/baseline_seed_4_step_220.msgpack
Using XP rollout scale: XP_PAIR_BATCH_SIZE=32, EVAL_NUM_EPISODES=128, EVAL_NUM_STEPS=400
XP ego[00] partner[00] = 158.438
XP ego[00] partner[01] = 235.781
XP ego[00] partner[02] = 212.188
XP ego[00] partner[03] = 233.594
XP ego[00] partner[04] = 195.781
XP ego[01] partner[00] = 183.438
XP ego[01] partner[01] = 149.062
XP ego[01] partner[02] = 188.750
XP ego[01] partner[03] = 184.844
XP ego[01] partner[04] = 167.031
XP ego[02] partner[00] = 204.062
XP ego[02] partner[01] = 233.438
XP ego[02] partner[02] = 216.562
XP ego[02] partner[03] = 215.312
XP ego[02] partner[04] = 231.719
XP ego[03] partner[00] = 204.375
XP ego[03] partner[01] = 232.656
XP ego[03] partner[02] = 215.000
XP ego[03] partner[03] = 237.969
XP ego[03] partner[04] = 237.969
XP ego[04] partner[00] = 180.469
XP ego[04] partner[01] = 239.062
XP ego[04] partner[02] = 236.406
XP ego[04] partner[03] = 239.688
XP ego[04] partner[04] = 238.750
Evaluating partner group 2: method=pbt, prefix=checkpoints/eval_pools/pbt
LOADED: checkpoints/eval_pools/pbt/cramped_room5x5/baseline_seed_0_step_62.msgpack
LOADED: checkpoints/eval_pools/pbt/cramped_room5x5/baseline_seed_1_step_62.msgpack
LOADED: checkpoints/eval_pools/pbt/cramped_room5x5/baseline_seed_2_step_62.msgpack
LOADED: checkpoints/eval_pools/pbt/cramped_room5x5/baseline_seed_3_step_62.msgpack
LOADED: checkpoints/eval_pools/pbt/cramped_room5x5/baseline_seed_4_step_62.msgpack
Using XP rollout scale: XP_PAIR_BATCH_SIZE=32, EVAL_NUM_EPISODES=128, EVAL_NUM_STEPS=400
XP ego[00] partner[00] = 221.094
XP ego[00] partner[01] = 223.594
XP ego[00] partner[02] = 219.375
XP ego[00] partner[03] = 222.812
XP ego[00] partner[04] = 220.000
XP ego[01] partner[00] = 212.969
XP ego[01] partner[01] = 75.938
XP ego[01] partner[02] = 115.156
XP ego[01] partner[03] = 191.406
XP ego[01] partner[04] = 117.344
XP ego[02] partner[00] = 27.031
XP ego[02] partner[01] = 24.375
XP ego[02] partner[02] = 19.531
XP ego[02] partner[03] = 31.562
XP ego[02] partner[04] = 33.281
XP ego[03] partner[00] = 152.500
XP ego[03] partner[01] = 206.562
XP ego[03] partner[02] = 155.938
XP ego[03] partner[03] = 219.219
XP ego[03] partner[04] = 150.938
XP ego[04] partner[00] = 235.156
XP ego[04] partner[01] = 240.000
XP ego[04] partner[02] = 228.281
XP ego[04] partner[03] = 233.750
XP ego[04] partner[04] = 239.375
Evaluating partner group 3: method=sp, prefix=checkpoints/eval_pools/sp
LOADED: checkpoints/eval_pools/sp/cramped_room5x5/baseline_seed_0_step_220.msgpack
LOADED: checkpoints/eval_pools/sp/cramped_room5x5/baseline_seed_1_step_220.msgpack
LOADED: checkpoints/eval_pools/sp/cramped_room5x5/baseline_seed_2_step_220.msgpack
LOADED: checkpoints/eval_pools/sp/cramped_room5x5/baseline_seed_3_step_220.msgpack
LOADED: checkpoints/eval_pools/sp/cramped_room5x5/baseline_seed_4_step_220.msgpack
Using XP rollout scale: XP_PAIR_BATCH_SIZE=32, EVAL_NUM_EPISODES=128, EVAL_NUM_STEPS=400
XP ego[00] partner[00] = 227.188
XP ego[00] partner[01] = 239.531
XP ego[00] partner[02] = 220.156
XP ego[00] partner[03] = 243.438
XP ego[00] partner[04] = 234.844
XP ego[01] partner[00] = 191.406
XP ego[01] partner[01] = 206.875
XP ego[01] partner[02] = 161.875
XP ego[01] partner[03] = 215.312
XP ego[01] partner[04] = 205.938
XP ego[02] partner[00] = 218.750
XP ego[02] partner[01] = 225.469
XP ego[02] partner[02] = 175.781
XP ego[02] partner[03] = 179.844
XP ego[02] partner[04] = 219.688
XP ego[03] partner[00] = 171.094
XP ego[03] partner[01] = 229.688
XP ego[03] partner[02] = 241.406
XP ego[03] partner[03] = 225.469
XP ego[03] partner[04] = 203.281
XP ego[04] partner[00] = 227.188
XP ego[04] partner[01] = 222.656
XP ego[04] partner[02] = 212.344
XP ego[04] partner[03] = 247.031
XP ego[04] partner[04] = 217.188
Average ego-vs-partner performance: 202.370 +- 5.098 SE over 100 ordered pairs
Average diagonal performance: 231.938 +- 6.327 SE over 5 pairs
Average off-diagonal performance (only for square pools): nan +- nan SE over 0 ordered pairs
Saved ad-hoc teamplay results to ad_hoc_teamplay_results/lmpredV204_gamma0_ablate_ad_hoc_teamplay/cramped_room5x5
Saved ad-hoc teamplay heatmap to ad_hoc_teamplay_results/lmpredV204_gamma0_ablate_ad_hoc_teamplay/cramped_room5x5/xp_matrix.png
Evaluating partner alignment group 0: method=e3t, prefix=checkpoints/eval_pools/e3t
LOADED: checkpoints/eval_pools/e3t/cramped_room5x5/baseline_seed_0_step_220.msgpack
LOADED: checkpoints/eval_pools/e3t/cramped_room5x5/baseline_seed_1_step_220.msgpack
LOADED: checkpoints/eval_pools/e3t/cramped_room5x5/baseline_seed_2_step_220.msgpack
LOADED: checkpoints/eval_pools/e3t/cramped_room5x5/baseline_seed_3_step_220.msgpack
LOADED: checkpoints/eval_pools/e3t/cramped_room5x5/baseline_seed_4_step_220.msgpack
Using alignment rollout scale: ALIGN_PAIR_BATCH_SIZE=2, ALIGN_EVAL_NUM_EPISODES=128, ALIGN_EVAL_NUM_STEPS=400
ALIGN ego[00] partner[00] R2=0.938058 NMSE=0.061942 shuffled_R2=-0.021419
ALIGN ego[00] partner[01] R2=0.846185 NMSE=0.153815 shuffled_R2=-0.086850
ALIGN ego[00] partner[02] R2=0.955923 NMSE=0.044077 shuffled_R2=-0.017949
ALIGN ego[00] partner[03] R2=0.941388 NMSE=0.058612 shuffled_R2=-0.015724
ALIGN ego[00] partner[04] R2=0.953074 NMSE=0.046926 shuffled_R2=-0.018791
ALIGN ego[01] partner[00] R2=0.934330 NMSE=0.065670 shuffled_R2=-0.019148
ALIGN ego[01] partner[01] R2=0.941377 NMSE=0.058623 shuffled_R2=-0.020351
ALIGN ego[01] partner[02] R2=0.949242 NMSE=0.050758 shuffled_R2=-0.023349
ALIGN ego[01] partner[03] R2=0.715366 NMSE=0.284634 shuffled_R2=-0.190748
ALIGN ego[01] partner[04] R2=0.888688 NMSE=0.111312 shuffled_R2=-0.061853
ALIGN ego[02] partner[00] R2=0.926195 NMSE=0.073805 shuffled_R2=-0.023778
ALIGN ego[02] partner[01] R2=0.960105 NMSE=0.039895 shuffled_R2=-0.013713
ALIGN ego[02] partner[02] R2=0.950670 NMSE=0.049330 shuffled_R2=-0.017114
ALIGN ego[02] partner[03] R2=0.928392 NMSE=0.071608 shuffled_R2=-0.015315
ALIGN ego[02] partner[04] R2=0.956347 NMSE=0.043653 shuffled_R2=-0.016334
ALIGN ego[03] partner[00] R2=0.909283 NMSE=0.090717 shuffled_R2=-0.032049
ALIGN ego[03] partner[01] R2=0.859093 NMSE=0.140907 shuffled_R2=-0.128399
ALIGN ego[03] partner[02] R2=0.953953 NMSE=0.046047 shuffled_R2=-0.013806
ALIGN ego[03] partner[03] R2=0.946288 NMSE=0.053712 shuffled_R2=-0.022396
ALIGN ego[03] partner[04] R2=0.953925 NMSE=0.046075 shuffled_R2=-0.018781
ALIGN ego[04] partner[00] R2=0.892528 NMSE=0.107472 shuffled_R2=-0.034988
ALIGN ego[04] partner[01] R2=0.917849 NMSE=0.082151 shuffled_R2=-0.045007
ALIGN ego[04] partner[02] R2=0.955251 NMSE=0.044749 shuffled_R2=-0.016043
ALIGN ego[04] partner[03] R2=0.932179 NMSE=0.067821 shuffled_R2=-0.023284
ALIGN ego[04] partner[04] R2=0.849564 NMSE=0.150436 shuffled_R2=-0.047426
Evaluating partner alignment group 1: method=mep_br, prefix=checkpoints/eval_pools/mep_br
LOADED: checkpoints/eval_pools/mep_br/cramped_room5x5/baseline_seed_0_step_220.msgpack
LOADED: checkpoints/eval_pools/mep_br/cramped_room5x5/baseline_seed_1_step_220.msgpack
LOADED: checkpoints/eval_pools/mep_br/cramped_room5x5/baseline_seed_2_step_220.msgpack
LOADED: checkpoints/eval_pools/mep_br/cramped_room5x5/baseline_seed_3_step_220.msgpack
LOADED: checkpoints/eval_pools/mep_br/cramped_room5x5/baseline_seed_4_step_220.msgpack
Using alignment rollout scale: ALIGN_PAIR_BATCH_SIZE=2, ALIGN_EVAL_NUM_EPISODES=128, ALIGN_EVAL_NUM_STEPS=400
ALIGN ego[00] partner[00] R2=0.921361 NMSE=0.078639 shuffled_R2=-0.015888
ALIGN ego[00] partner[01] R2=0.945561 NMSE=0.054439 shuffled_R2=-0.017907
ALIGN ego[00] partner[02] R2=0.894236 NMSE=0.105764 shuffled_R2=-0.060782
ALIGN ego[00] partner[03] R2=0.955894 NMSE=0.044106 shuffled_R2=-0.017763
ALIGN ego[00] partner[04] R2=0.947638 NMSE=0.052362 shuffled_R2=-0.015634
ALIGN ego[01] partner[00] R2=0.797638 NMSE=0.202362 shuffled_R2=-0.033201
ALIGN ego[01] partner[01] R2=0.911111 NMSE=0.088889 shuffled_R2=-0.025468
ALIGN ego[01] partner[02] R2=0.930747 NMSE=0.069253 shuffled_R2=-0.018079
ALIGN ego[01] partner[03] R2=0.964042 NMSE=0.035958 shuffled_R2=-0.016117
ALIGN ego[01] partner[04] R2=0.956023 NMSE=0.043977 shuffled_R2=-0.016701
ALIGN ego[02] partner[00] R2=0.936779 NMSE=0.063221 shuffled_R2=-0.017814
ALIGN ego[02] partner[01] R2=0.941396 NMSE=0.058604 shuffled_R2=-0.017318
ALIGN ego[02] partner[02] R2=0.944198 NMSE=0.055802 shuffled_R2=-0.014012
ALIGN ego[02] partner[03] R2=0.917826 NMSE=0.082174 shuffled_R2=-0.023611
ALIGN ego[02] partner[04] R2=0.960359 NMSE=0.039641 shuffled_R2=-0.015096
ALIGN ego[03] partner[00] R2=0.855372 NMSE=0.144628 shuffled_R2=-0.043773
ALIGN ego[03] partner[01] R2=0.955790 NMSE=0.044210 shuffled_R2=-0.018876
ALIGN ego[03] partner[02] R2=0.972546 NMSE=0.027454 shuffled_R2=-0.016521
ALIGN ego[03] partner[03] R2=0.966371 NMSE=0.033629 shuffled_R2=-0.016844
ALIGN ego[03] partner[04] R2=0.874776 NMSE=0.125224 shuffled_R2=-0.141559
ALIGN ego[04] partner[00] R2=0.939566 NMSE=0.060434 shuffled_R2=-0.020002
ALIGN ego[04] partner[01] R2=0.944269 NMSE=0.055731 shuffled_R2=-0.016911
ALIGN ego[04] partner[02] R2=0.958642 NMSE=0.041358 shuffled_R2=-0.018335
ALIGN ego[04] partner[03] R2=0.953620 NMSE=0.046380 shuffled_R2=-0.016969
ALIGN ego[04] partner[04] R2=0.967209 NMSE=0.032791 shuffled_R2=-0.015870
Evaluating partner alignment group 2: method=pbt, prefix=checkpoints/eval_pools/pbt
LOADED: checkpoints/eval_pools/pbt/cramped_room5x5/baseline_seed_0_step_62.msgpack
LOADED: checkpoints/eval_pools/pbt/cramped_room5x5/baseline_seed_1_step_62.msgpack
LOADED: checkpoints/eval_pools/pbt/cramped_room5x5/baseline_seed_2_step_62.msgpack
LOADED: checkpoints/eval_pools/pbt/cramped_room5x5/baseline_seed_3_step_62.msgpack
LOADED: checkpoints/eval_pools/pbt/cramped_room5x5/baseline_seed_4_step_62.msgpack
Using alignment rollout scale: ALIGN_PAIR_BATCH_SIZE=2, ALIGN_EVAL_NUM_EPISODES=128, ALIGN_EVAL_NUM_STEPS=400
ALIGN ego[00] partner[00] R2=0.825373 NMSE=0.174627 shuffled_R2=-0.034470
ALIGN ego[00] partner[01] R2=0.886661 NMSE=0.113339 shuffled_R2=-0.018118
ALIGN ego[00] partner[02] R2=0.894760 NMSE=0.105240 shuffled_R2=-0.019968
ALIGN ego[00] partner[03] R2=0.894204 NMSE=0.105796 shuffled_R2=-0.017351
ALIGN ego[00] partner[04] R2=0.874624 NMSE=0.125376 shuffled_R2=-0.018592
ALIGN ego[01] partner[00] R2=0.846601 NMSE=0.153399 shuffled_R2=-0.027061
ALIGN ego[01] partner[01] R2=0.677338 NMSE=0.322662 shuffled_R2=-0.087561
ALIGN ego[01] partner[02] R2=0.866240 NMSE=0.133760 shuffled_R2=-0.016474
ALIGN ego[01] partner[03] R2=0.876035 NMSE=0.123965 shuffled_R2=-0.015555
ALIGN ego[01] partner[04] R2=0.873320 NMSE=0.126680 shuffled_R2=-0.029174
ALIGN ego[02] partner[00] R2=0.888230 NMSE=0.111770 shuffled_R2=-0.020155
ALIGN ego[02] partner[01] R2=-1.142904 NMSE=2.142904 shuffled_R2=-0.454117
ALIGN ego[02] partner[02] R2=0.755188 NMSE=0.244812 shuffled_R2=-0.040534
ALIGN ego[02] partner[03] R2=0.859132 NMSE=0.140868 shuffled_R2=-0.014236
ALIGN ego[02] partner[04] R2=0.883403 NMSE=0.116597 shuffled_R2=-0.019518
ALIGN ego[03] partner[00] R2=0.877903 NMSE=0.122097 shuffled_R2=-0.021074
ALIGN ego[03] partner[01] R2=0.876636 NMSE=0.123364 shuffled_R2=-0.016600
ALIGN ego[03] partner[02] R2=0.892963 NMSE=0.107037 shuffled_R2=-0.015604
ALIGN ego[03] partner[03] R2=0.892526 NMSE=0.107474 shuffled_R2=-0.015176
ALIGN ego[03] partner[04] R2=0.873468 NMSE=0.126532 shuffled_R2=-0.017593
ALIGN ego[04] partner[00] R2=0.606623 NMSE=0.393377 shuffled_R2=-0.063596
ALIGN ego[04] partner[01] R2=0.865175 NMSE=0.134825 shuffled_R2=-0.016662
ALIGN ego[04] partner[02] R2=0.869042 NMSE=0.130958 shuffled_R2=-0.018813
ALIGN ego[04] partner[03] R2=0.768843 NMSE=0.231157 shuffled_R2=-0.043663
ALIGN ego[04] partner[04] R2=0.865705 NMSE=0.134295 shuffled_R2=-0.016502
Evaluating partner alignment group 3: method=sp, prefix=checkpoints/eval_pools/sp
LOADED: checkpoints/eval_pools/sp/cramped_room5x5/baseline_seed_0_step_220.msgpack
LOADED: checkpoints/eval_pools/sp/cramped_room5x5/baseline_seed_1_step_220.msgpack
LOADED: checkpoints/eval_pools/sp/cramped_room5x5/baseline_seed_2_step_220.msgpack
LOADED: checkpoints/eval_pools/sp/cramped_room5x5/baseline_seed_3_step_220.msgpack
LOADED: checkpoints/eval_pools/sp/cramped_room5x5/baseline_seed_4_step_220.msgpack
Using alignment rollout scale: ALIGN_PAIR_BATCH_SIZE=2, ALIGN_EVAL_NUM_EPISODES=128, ALIGN_EVAL_NUM_STEPS=400
ALIGN ego[00] partner[00] R2=0.931823 NMSE=0.068177 shuffled_R2=-0.023221
ALIGN ego[00] partner[01] R2=0.956716 NMSE=0.043284 shuffled_R2=-0.019542
ALIGN ego[00] partner[02] R2=0.963077 NMSE=0.036923 shuffled_R2=-0.017814
ALIGN ego[00] partner[03] R2=0.834277 NMSE=0.165723 shuffled_R2=-0.065252
ALIGN ego[00] partner[04] R2=0.886474 NMSE=0.113526 shuffled_R2=-0.066584
ALIGN ego[01] partner[00] R2=0.946922 NMSE=0.053078 shuffled_R2=-0.015757
ALIGN ego[01] partner[01] R2=0.958482 NMSE=0.041518 shuffled_R2=-0.015830
ALIGN ego[01] partner[02] R2=0.880017 NMSE=0.119983 shuffled_R2=-0.032514
ALIGN ego[01] partner[03] R2=0.930775 NMSE=0.069225 shuffled_R2=-0.028275
ALIGN ego[01] partner[04] R2=0.944664 NMSE=0.055336 shuffled_R2=-0.018315
ALIGN ego[02] partner[00] R2=0.913470 NMSE=0.086530 shuffled_R2=-0.027960
ALIGN ego[02] partner[01] R2=0.959923 NMSE=0.040077 shuffled_R2=-0.015469
ALIGN ego[02] partner[02] R2=0.951297 NMSE=0.048703 shuffled_R2=-0.015130
ALIGN ego[02] partner[03] R2=0.958002 NMSE=0.041998 shuffled_R2=-0.014616
ALIGN ego[02] partner[04] R2=0.962082 NMSE=0.037918 shuffled_R2=-0.015277
ALIGN ego[03] partner[00] R2=0.885728 NMSE=0.114272 shuffled_R2=-0.034302
ALIGN ego[03] partner[01] R2=0.916634 NMSE=0.083366 shuffled_R2=-0.037663
ALIGN ego[03] partner[02] R2=0.959077 NMSE=0.040923 shuffled_R2=-0.016795
ALIGN ego[03] partner[03] R2=0.950203 NMSE=0.049797 shuffled_R2=-0.019890
ALIGN ego[03] partner[04] R2=0.963426 NMSE=0.036574 shuffled_R2=-0.014628
ALIGN ego[04] partner[00] R2=0.945257 NMSE=0.054743 shuffled_R2=-0.017825
ALIGN ego[04] partner[01] R2=0.951190 NMSE=0.048810 shuffled_R2=-0.021865
ALIGN ego[04] partner[02] R2=0.957909 NMSE=0.042091 shuffled_R2=-0.016788
ALIGN ego[04] partner[03] R2=0.949200 NMSE=0.050800 shuffled_R2=-0.020020
ALIGN ego[04] partner[04] R2=0.956721 NMSE=0.043279 shuffled_R2=-0.015309
Average ego-to-partner alignment R2: 0.888287 +- 0.021454 SE over 100 ego-partner pairs
Average alignment normalized MSE: 0.111713 +- 0.021454 SE
Average shuffled-control alignment R2: -0.032805 +- 0.005043 SE
Saved alignment results to ad_hoc_teamplay_results/lmpredV204_gamma0_ablate_ad_hoc_teamplay/cramped_room5x5
Evaluating ad-hoc teamplay for ego_method=lmpredV204_gamma0_ablate, layout=counter_circuit
ego_prefix=checkpoints/lmpredV204_gamma0_ablate/, partner_pool_specs=e3t:checkpoints/eval_pools/e3t;mep_br:checkpoints/eval_pools/mep_br;pbt:checkpoints/eval_pools/pbt;sp:checkpoints/eval_pools/sp, result_name=lmpredV204_gamma0_ablate_ad_hoc_teamplay, ego_perspective_transform=false
Importing submoduled environments...
Submoduled environments not found. Skipping import.
2026-07-05 18:16:28.646458: W external/xla/xla/service/gpu/autotuning/dot_search_space.cc:200] All configs were filtered out because none of them sufficiently match the hints. Maybe the hints set does not contain a good representative set of valid configs?Working around this by using the full hints set instead.
2026-07-05 18:16:29.646950: W external/xla/xla/service/gpu/autotuning/dot_search_space.cc:200] All configs were filtered out because none of them sufficiently match the hints. Maybe the hints set does not contain a good representative set of valid configs?Working around this by using the full hints set instead.
LOADED: checkpoints/lmpredV204_gamma0_ablate/counter_circuit/baseline_seed_0_step_380.msgpack
LOADED: checkpoints/lmpredV204_gamma0_ablate/counter_circuit/baseline_seed_1_step_380.msgpack
LOADED: checkpoints/lmpredV204_gamma0_ablate/counter_circuit/baseline_seed_2_step_380.msgpack
LOADED: checkpoints/lmpredV204_gamma0_ablate/counter_circuit/baseline_seed_3_step_380.msgpack
LOADED: checkpoints/lmpredV204_gamma0_ablate/counter_circuit/baseline_seed_4_step_380.msgpack
Evaluating partner group 0: method=e3t, prefix=checkpoints/eval_pools/e3t
LOADED: checkpoints/eval_pools/e3t/counter_circuit/baseline_seed_0_step_220.msgpack
LOADED: checkpoints/eval_pools/e3t/counter_circuit/baseline_seed_1_step_220.msgpack
LOADED: checkpoints/eval_pools/e3t/counter_circuit/baseline_seed_2_step_220.msgpack
LOADED: checkpoints/eval_pools/e3t/counter_circuit/baseline_seed_3_step_220.msgpack
LOADED: checkpoints/eval_pools/e3t/counter_circuit/baseline_seed_4_step_220.msgpack
Using XP rollout scale: XP_PAIR_BATCH_SIZE=32, EVAL_NUM_EPISODES=128, EVAL_NUM_STEPS=400
XP ego[00] partner[00] = 148.906
XP ego[00] partner[01] = 95.156
XP ego[00] partner[02] = 109.375
XP ego[00] partner[03] = 12.969
XP ego[00] partner[04] = 62.344
XP ego[01] partner[00] = 130.938
XP ego[01] partner[01] = 76.875
XP ego[01] partner[02] = 114.844
XP ego[01] partner[03] = 16.562
XP ego[01] partner[04] = 96.719
XP ego[02] partner[00] = 108.594
XP ego[02] partner[01] = 151.094
XP ego[02] partner[02] = 112.812
XP ego[02] partner[03] = 13.906
XP ego[02] partner[04] = 96.719
XP ego[03] partner[00] = 131.094
XP ego[03] partner[01] = 128.281
XP ego[03] partner[02] = 140.625
XP ego[03] partner[03] = 48.281
XP ego[03] partner[04] = 108.438
XP ego[04] partner[00] = 140.469
XP ego[04] partner[01] = 73.750
XP ego[04] partner[02] = 74.531
XP ego[04] partner[03] = 17.031
XP ego[04] partner[04] = 66.875
Evaluating partner group 1: method=mep_br, prefix=checkpoints/eval_pools/mep_br
LOADED: checkpoints/eval_pools/mep_br/counter_circuit/baseline_seed_0_step_380.msgpack
LOADED: checkpoints/eval_pools/mep_br/counter_circuit/baseline_seed_1_step_380.msgpack
LOADED: checkpoints/eval_pools/mep_br/counter_circuit/baseline_seed_2_step_380.msgpack
LOADED: checkpoints/eval_pools/mep_br/counter_circuit/baseline_seed_3_step_380.msgpack
LOADED: checkpoints/eval_pools/mep_br/counter_circuit/baseline_seed_4_step_380.msgpack
Using XP rollout scale: XP_PAIR_BATCH_SIZE=32, EVAL_NUM_EPISODES=128, EVAL_NUM_STEPS=400
XP ego[00] partner[00] = 205.625
XP ego[00] partner[01] = 182.656
XP ego[00] partner[02] = 203.438
XP ego[00] partner[03] = 202.500
XP ego[00] partner[04] = 194.531
XP ego[01] partner[00] = 214.062
XP ego[01] partner[01] = 207.188
XP ego[01] partner[02] = 202.188
XP ego[01] partner[03] = 223.281
XP ego[01] partner[04] = 185.000
XP ego[02] partner[00] = 176.719
XP ego[02] partner[01] = 142.188
XP ego[02] partner[02] = 175.625
XP ego[02] partner[03] = 177.969
XP ego[02] partner[04] = 165.156
XP ego[03] partner[00] = 22.031
XP ego[03] partner[01] = 29.688
XP ego[03] partner[02] = 22.344
XP ego[03] partner[03] = 36.250
XP ego[03] partner[04] = 37.656
XP ego[04] partner[00] = 191.875
XP ego[04] partner[01] = 174.844
XP ego[04] partner[02] = 176.562
XP ego[04] partner[03] = 183.750
XP ego[04] partner[04] = 162.031
Evaluating partner group 2: method=pbt, prefix=checkpoints/eval_pools/pbt
LOADED: checkpoints/eval_pools/pbt/counter_circuit/baseline_seed_0_step_62.msgpack
LOADED: checkpoints/eval_pools/pbt/counter_circuit/baseline_seed_1_step_62.msgpack
LOADED: checkpoints/eval_pools/pbt/counter_circuit/baseline_seed_2_step_62.msgpack
LOADED: checkpoints/eval_pools/pbt/counter_circuit/baseline_seed_3_step_62.msgpack
LOADED: checkpoints/eval_pools/pbt/counter_circuit/baseline_seed_4_step_62.msgpack
Using XP rollout scale: XP_PAIR_BATCH_SIZE=32, EVAL_NUM_EPISODES=128, EVAL_NUM_STEPS=400
XP ego[00] partner[00] = 180.469
XP ego[00] partner[01] = 177.344
XP ego[00] partner[02] = 168.281
XP ego[00] partner[03] = 128.750
XP ego[00] partner[04] = 162.969
XP ego[01] partner[00] = 202.500
XP ego[01] partner[01] = 195.781
XP ego[01] partner[02] = 202.344
XP ego[01] partner[03] = 198.438
XP ego[01] partner[04] = 204.062
XP ego[02] partner[00] = 168.281
XP ego[02] partner[01] = 171.406
XP ego[02] partner[02] = 175.625
XP ego[02] partner[03] = 170.156
XP ego[02] partner[04] = 174.219
XP ego[03] partner[00] = 24.844
XP ego[03] partner[01] = 36.406
XP ego[03] partner[02] = 27.969
XP ego[03] partner[03] = 46.094
XP ego[03] partner[04] = 45.000
XP ego[04] partner[00] = 205.781
XP ego[04] partner[01] = 199.062
XP ego[04] partner[02] = 203.750
XP ego[04] partner[03] = 194.375
XP ego[04] partner[04] = 203.906
Evaluating partner group 3: method=sp, prefix=checkpoints/eval_pools/sp
LOADED: checkpoints/eval_pools/sp/counter_circuit/baseline_seed_0_step_380.msgpack
LOADED: checkpoints/eval_pools/sp/counter_circuit/baseline_seed_1_step_380.msgpack
LOADED: checkpoints/eval_pools/sp/counter_circuit/baseline_seed_2_step_380.msgpack
LOADED: checkpoints/eval_pools/sp/counter_circuit/baseline_seed_3_step_380.msgpack
LOADED: checkpoints/eval_pools/sp/counter_circuit/baseline_seed_4_step_380.msgpack
Using XP rollout scale: XP_PAIR_BATCH_SIZE=32, EVAL_NUM_EPISODES=128, EVAL_NUM_STEPS=400
XP ego[00] partner[00] = 143.438
XP ego[00] partner[01] = 164.375
XP ego[00] partner[02] = 149.844
XP ego[00] partner[03] = 125.781
XP ego[00] partner[04] = 162.188
XP ego[01] partner[00] = 173.906
XP ego[01] partner[01] = 199.844
XP ego[01] partner[02] = 195.000
XP ego[01] partner[03] = 222.500
XP ego[01] partner[04] = 191.250
XP ego[02] partner[00] = 149.375
XP ego[02] partner[01] = 130.781
XP ego[02] partner[02] = 180.938
XP ego[02] partner[03] = 164.219
XP ego[02] partner[04] = 187.188
XP ego[03] partner[00] = 72.656
XP ego[03] partner[01] = 21.406
XP ego[03] partner[02] = 82.969
XP ego[03] partner[03] = 85.000
XP ego[03] partner[04] = 130.312
XP ego[04] partner[00] = 151.875
XP ego[04] partner[01] = 175.781
XP ego[04] partner[02] = 176.562
XP ego[04] partner[03] = 175.625
XP ego[04] partner[04] = 165.781
Average ego-vs-partner performance: 138.188 +- 6.136 SE over 100 ordered pairs
Average diagonal performance: 90.750 +- 17.937 SE over 5 pairs
Average off-diagonal performance (only for square pools): nan +- nan SE over 0 ordered pairs
Saved ad-hoc teamplay results to ad_hoc_teamplay_results/lmpredV204_gamma0_ablate_ad_hoc_teamplay/counter_circuit
Saved ad-hoc teamplay heatmap to ad_hoc_teamplay_results/lmpredV204_gamma0_ablate_ad_hoc_teamplay/counter_circuit/xp_matrix.png
Evaluating partner alignment group 0: method=e3t, prefix=checkpoints/eval_pools/e3t
LOADED: checkpoints/eval_pools/e3t/counter_circuit/baseline_seed_0_step_220.msgpack
LOADED: checkpoints/eval_pools/e3t/counter_circuit/baseline_seed_1_step_220.msgpack
LOADED: checkpoints/eval_pools/e3t/counter_circuit/baseline_seed_2_step_220.msgpack
LOADED: checkpoints/eval_pools/e3t/counter_circuit/baseline_seed_3_step_220.msgpack
LOADED: checkpoints/eval_pools/e3t/counter_circuit/baseline_seed_4_step_220.msgpack
Using alignment rollout scale: ALIGN_PAIR_BATCH_SIZE=2, ALIGN_EVAL_NUM_EPISODES=128, ALIGN_EVAL_NUM_STEPS=400
ALIGN ego[00] partner[00] R2=0.774582 NMSE=0.225418 shuffled_R2=-0.026693
ALIGN ego[00] partner[01] R2=0.797579 NMSE=0.202421 shuffled_R2=-0.018268
ALIGN ego[00] partner[02] R2=0.768034 NMSE=0.231966 shuffled_R2=-0.026198
ALIGN ego[00] partner[03] R2=0.686179 NMSE=0.313821 shuffled_R2=-0.049283
ALIGN ego[00] partner[04] R2=0.798786 NMSE=0.201214 shuffled_R2=-0.022408
ALIGN ego[01] partner[00] R2=0.776907 NMSE=0.223093 shuffled_R2=-0.017259
ALIGN ego[01] partner[01] R2=0.793556 NMSE=0.206444 shuffled_R2=-0.019133
ALIGN ego[01] partner[02] R2=0.759224 NMSE=0.240776 shuffled_R2=-0.021506
ALIGN ego[01] partner[03] R2=0.856697 NMSE=0.143303 shuffled_R2=-0.016227
ALIGN ego[01] partner[04] R2=0.810189 NMSE=0.189811 shuffled_R2=-0.021105
ALIGN ego[02] partner[00] R2=0.817639 NMSE=0.182361 shuffled_R2=-0.015446
ALIGN ego[02] partner[01] R2=0.667050 NMSE=0.332950 shuffled_R2=-0.024821
ALIGN ego[02] partner[02] R2=0.749777 NMSE=0.250223 shuffled_R2=-0.018189
ALIGN ego[02] partner[03] R2=0.770575 NMSE=0.229425 shuffled_R2=-0.028633
ALIGN ego[02] partner[04] R2=0.888182 NMSE=0.111818 shuffled_R2=-0.018133
ALIGN ego[03] partner[00] R2=0.764851 NMSE=0.235149 shuffled_R2=-0.017553
ALIGN ego[03] partner[01] R2=0.749663 NMSE=0.250337 shuffled_R2=-0.017369
ALIGN ego[03] partner[02] R2=0.696489 NMSE=0.303511 shuffled_R2=-0.018985
ALIGN ego[03] partner[03] R2=0.795041 NMSE=0.204959 shuffled_R2=-0.020343
ALIGN ego[03] partner[04] R2=0.806415 NMSE=0.193585 shuffled_R2=-0.018036
ALIGN ego[04] partner[00] R2=0.819967 NMSE=0.180033 shuffled_R2=-0.016550
ALIGN ego[04] partner[01] R2=0.784436 NMSE=0.215564 shuffled_R2=-0.021637
ALIGN ego[04] partner[02] R2=0.669234 NMSE=0.330766 shuffled_R2=-0.018872
ALIGN ego[04] partner[03] R2=0.712404 NMSE=0.287596 shuffled_R2=-0.036921
ALIGN ego[04] partner[04] R2=0.697724 NMSE=0.302276 shuffled_R2=-0.020040
Evaluating partner alignment group 1: method=mep_br, prefix=checkpoints/eval_pools/mep_br
LOADED: checkpoints/eval_pools/mep_br/counter_circuit/baseline_seed_0_step_380.msgpack
LOADED: checkpoints/eval_pools/mep_br/counter_circuit/baseline_seed_1_step_380.msgpack
LOADED: checkpoints/eval_pools/mep_br/counter_circuit/baseline_seed_2_step_380.msgpack
LOADED: checkpoints/eval_pools/mep_br/counter_circuit/baseline_seed_3_step_380.msgpack
LOADED: checkpoints/eval_pools/mep_br/counter_circuit/baseline_seed_4_step_380.msgpack
Using alignment rollout scale: ALIGN_PAIR_BATCH_SIZE=2, ALIGN_EVAL_NUM_EPISODES=128, ALIGN_EVAL_NUM_STEPS=400
ALIGN ego[00] partner[00] R2=0.856867 NMSE=0.143133 shuffled_R2=-0.016453
ALIGN ego[00] partner[01] R2=0.816189 NMSE=0.183811 shuffled_R2=-0.020760
ALIGN ego[00] partner[02] R2=0.803646 NMSE=0.196354 shuffled_R2=-0.026280
ALIGN ego[00] partner[03] R2=0.835269 NMSE=0.164731 shuffled_R2=-0.016102
ALIGN ego[00] partner[04] R2=0.818488 NMSE=0.181512 shuffled_R2=-0.016094
ALIGN ego[01] partner[00] R2=0.864208 NMSE=0.135792 shuffled_R2=-0.016001
ALIGN ego[01] partner[01] R2=0.859110 NMSE=0.140890 shuffled_R2=-0.017089
ALIGN ego[01] partner[02] R2=0.870594 NMSE=0.129406 shuffled_R2=-0.016951
ALIGN ego[01] partner[03] R2=0.841385 NMSE=0.158615 shuffled_R2=-0.017407
ALIGN ego[01] partner[04] R2=0.821624 NMSE=0.178376 shuffled_R2=-0.016585
ALIGN ego[02] partner[00] R2=0.815983 NMSE=0.184017 shuffled_R2=-0.015663
ALIGN ego[02] partner[01] R2=0.818833 NMSE=0.181167 shuffled_R2=-0.019157
ALIGN ego[02] partner[02] R2=0.849488 NMSE=0.150512 shuffled_R2=-0.014958
ALIGN ego[02] partner[03] R2=0.828299 NMSE=0.171701 shuffled_R2=-0.016495
ALIGN ego[02] partner[04] R2=0.649280 NMSE=0.350720 shuffled_R2=-0.027506
ALIGN ego[03] partner[00] R2=0.787218 NMSE=0.212782 shuffled_R2=-0.027027
ALIGN ego[03] partner[01] R2=0.854085 NMSE=0.145915 shuffled_R2=-0.020862
ALIGN ego[03] partner[02] R2=0.750598 NMSE=0.249402 shuffled_R2=-0.025557
ALIGN ego[03] partner[03] R2=0.808782 NMSE=0.191218 shuffled_R2=-0.025594
ALIGN ego[03] partner[04] R2=0.784227 NMSE=0.215773 shuffled_R2=-0.026973
ALIGN ego[04] partner[00] R2=0.868855 NMSE=0.131145 shuffled_R2=-0.015501
ALIGN ego[04] partner[01] R2=0.828120 NMSE=0.171880 shuffled_R2=-0.015592
ALIGN ego[04] partner[02] R2=0.839959 NMSE=0.160041 shuffled_R2=-0.015863
ALIGN ego[04] partner[03] R2=0.831086 NMSE=0.168914 shuffled_R2=-0.015700
ALIGN ego[04] partner[04] R2=0.825375 NMSE=0.174625 shuffled_R2=-0.017443
Evaluating partner alignment group 2: method=pbt, prefix=checkpoints/eval_pools/pbt
LOADED: checkpoints/eval_pools/pbt/counter_circuit/baseline_seed_0_step_62.msgpack
LOADED: checkpoints/eval_pools/pbt/counter_circuit/baseline_seed_1_step_62.msgpack
LOADED: checkpoints/eval_pools/pbt/counter_circuit/baseline_seed_2_step_62.msgpack
LOADED: checkpoints/eval_pools/pbt/counter_circuit/baseline_seed_3_step_62.msgpack
LOADED: checkpoints/eval_pools/pbt/counter_circuit/baseline_seed_4_step_62.msgpack
Using alignment rollout scale: ALIGN_PAIR_BATCH_SIZE=2, ALIGN_EVAL_NUM_EPISODES=128, ALIGN_EVAL_NUM_STEPS=400
ALIGN ego[00] partner[00] R2=0.759630 NMSE=0.240370 shuffled_R2=-0.015749
ALIGN ego[00] partner[01] R2=0.746409 NMSE=0.253591 shuffled_R2=-0.018903
ALIGN ego[00] partner[02] R2=0.766301 NMSE=0.233699 shuffled_R2=-0.016068
ALIGN ego[00] partner[03] R2=0.735109 NMSE=0.264891 shuffled_R2=-0.018364
ALIGN ego[00] partner[04] R2=0.769062 NMSE=0.230938 shuffled_R2=-0.016211
ALIGN ego[01] partner[00] R2=0.755124 NMSE=0.244876 shuffled_R2=-0.018458
ALIGN ego[01] partner[01] R2=0.770357 NMSE=0.229643 shuffled_R2=-0.015571
ALIGN ego[01] partner[02] R2=0.720570 NMSE=0.279430 shuffled_R2=-0.019713
ALIGN ego[01] partner[03] R2=0.770461 NMSE=0.229539 shuffled_R2=-0.016289
ALIGN ego[01] partner[04] R2=0.774217 NMSE=0.225783 shuffled_R2=-0.017486
ALIGN ego[02] partner[00] R2=0.865702 NMSE=0.134298 shuffled_R2=-0.014660
ALIGN ego[02] partner[01] R2=0.861571 NMSE=0.138429 shuffled_R2=-0.014367
ALIGN ego[02] partner[02] R2=0.830056 NMSE=0.169944 shuffled_R2=-0.015326
ALIGN ego[02] partner[03] R2=0.842357 NMSE=0.157643 shuffled_R2=-0.022666
ALIGN ego[02] partner[04] R2=0.877452 NMSE=0.122548 shuffled_R2=-0.013563
ALIGN ego[03] partner[00] R2=0.737807 NMSE=0.262193 shuffled_R2=-0.022415
ALIGN ego[03] partner[01] R2=0.609448 NMSE=0.390552 shuffled_R2=-0.048316
ALIGN ego[03] partner[02] R2=0.695819 NMSE=0.304181 shuffled_R2=-0.030597
ALIGN ego[03] partner[03] R2=0.778013 NMSE=0.221987 shuffled_R2=-0.021821
ALIGN ego[03] partner[04] R2=0.777407 NMSE=0.222593 shuffled_R2=-0.018708
ALIGN ego[04] partner[00] R2=0.787896 NMSE=0.212104 shuffled_R2=-0.018671
ALIGN ego[04] partner[01] R2=0.773996 NMSE=0.226004 shuffled_R2=-0.017509
ALIGN ego[04] partner[02] R2=0.798912 NMSE=0.201088 shuffled_R2=-0.015433
ALIGN ego[04] partner[03] R2=0.759594 NMSE=0.240406 shuffled_R2=-0.019117
ALIGN ego[04] partner[04] R2=0.827529 NMSE=0.172471 shuffled_R2=-0.013784
Evaluating partner alignment group 3: method=sp, prefix=checkpoints/eval_pools/sp
LOADED: checkpoints/eval_pools/sp/counter_circuit/baseline_seed_0_step_380.msgpack
LOADED: checkpoints/eval_pools/sp/counter_circuit/baseline_seed_1_step_380.msgpack
LOADED: checkpoints/eval_pools/sp/counter_circuit/baseline_seed_2_step_380.msgpack
LOADED: checkpoints/eval_pools/sp/counter_circuit/baseline_seed_3_step_380.msgpack
LOADED: checkpoints/eval_pools/sp/counter_circuit/baseline_seed_4_step_380.msgpack
Using alignment rollout scale: ALIGN_PAIR_BATCH_SIZE=2, ALIGN_EVAL_NUM_EPISODES=128, ALIGN_EVAL_NUM_STEPS=400
ALIGN ego[00] partner[00] R2=0.863764 NMSE=0.136236 shuffled_R2=-0.016454
ALIGN ego[00] partner[01] R2=0.861206 NMSE=0.138794 shuffled_R2=-0.016766
ALIGN ego[00] partner[02] R2=0.858991 NMSE=0.141009 shuffled_R2=-0.015094
ALIGN ego[00] partner[03] R2=0.772447 NMSE=0.227553 shuffled_R2=-0.026222
ALIGN ego[00] partner[04] R2=0.854534 NMSE=0.145466 shuffled_R2=-0.016666
ALIGN ego[01] partner[00] R2=0.870783 NMSE=0.129217 shuffled_R2=-0.015451
ALIGN ego[01] partner[01] R2=0.884017 NMSE=0.115983 shuffled_R2=-0.014393
ALIGN ego[01] partner[02] R2=0.829040 NMSE=0.170960 shuffled_R2=-0.017116
ALIGN ego[01] partner[03] R2=0.803516 NMSE=0.196484 shuffled_R2=-0.021209
ALIGN ego[01] partner[04] R2=0.831675 NMSE=0.168325 shuffled_R2=-0.016014
ALIGN ego[02] partner[00] R2=0.888963 NMSE=0.111037 shuffled_R2=-0.015927
ALIGN ego[02] partner[01] R2=0.886870 NMSE=0.113130 shuffled_R2=-0.015229
ALIGN ego[02] partner[02] R2=0.877241 NMSE=0.122759 shuffled_R2=-0.015538
ALIGN ego[02] partner[03] R2=0.816777 NMSE=0.183223 shuffled_R2=-0.015218
ALIGN ego[02] partner[04] R2=0.851673 NMSE=0.148327 shuffled_R2=-0.016600
ALIGN ego[03] partner[00] R2=0.906038 NMSE=0.093962 shuffled_R2=-0.017604
ALIGN ego[03] partner[01] R2=0.893507 NMSE=0.106493 shuffled_R2=-0.018921
ALIGN ego[03] partner[02] R2=0.863417 NMSE=0.136583 shuffled_R2=-0.017313
ALIGN ego[03] partner[03] R2=0.767959 NMSE=0.232041 shuffled_R2=-0.023605
ALIGN ego[03] partner[04] R2=0.744538 NMSE=0.255462 shuffled_R2=-0.026208
ALIGN ego[04] partner[00] R2=0.837800 NMSE=0.162200 shuffled_R2=-0.020706
ALIGN ego[04] partner[01] R2=0.896340 NMSE=0.103660 shuffled_R2=-0.014769
ALIGN ego[04] partner[02] R2=0.821069 NMSE=0.178931 shuffled_R2=-0.018031
ALIGN ego[04] partner[03] R2=0.834961 NMSE=0.165039 shuffled_R2=-0.015504
ALIGN ego[04] partner[04] R2=0.824946 NMSE=0.175054 shuffled_R2=-0.017686
Average ego-to-partner alignment R2: 0.802716 +- 0.005930 SE over 100 ego-partner pairs
Average alignment normalized MSE: 0.197284 +- 0.005930 SE
Average shuffled-control alignment R2: -0.019532 +- 0.000595 SE
Saved alignment results to ad_hoc_teamplay_results/lmpredV204_gamma0_ablate_ad_hoc_teamplay/counter_circuit
Evaluating ad-hoc teamplay for ego_method=lmpredV204_gamma0_ablate, layout=coord_ring
ego_prefix=checkpoints/lmpredV204_gamma0_ablate/, partner_pool_specs=e3t:checkpoints/eval_pools/e3t;mep_br:checkpoints/eval_pools/mep_br;pbt:checkpoints/eval_pools/pbt;sp:checkpoints/eval_pools/sp, result_name=lmpredV204_gamma0_ablate_ad_hoc_teamplay, ego_perspective_transform=false
Importing submoduled environments...
Submoduled environments not found. Skipping import.
2026-07-05 18:20:01.698100: W external/xla/xla/service/gpu/autotuning/dot_search_space.cc:200] All configs were filtered out because none of them sufficiently match the hints. Maybe the hints set does not contain a good representative set of valid configs?Working around this by using the full hints set instead.
2026-07-05 18:20:02.698643: W external/xla/xla/service/gpu/autotuning/dot_search_space.cc:200] All configs were filtered out because none of them sufficiently match the hints. Maybe the hints set does not contain a good representative set of valid configs?Working around this by using the full hints set instead.
LOADED: checkpoints/lmpredV204_gamma0_ablate/coord_ring/baseline_seed_0_step_220.msgpack
LOADED: checkpoints/lmpredV204_gamma0_ablate/coord_ring/baseline_seed_1_step_220.msgpack
LOADED: checkpoints/lmpredV204_gamma0_ablate/coord_ring/baseline_seed_2_step_220.msgpack
LOADED: checkpoints/lmpredV204_gamma0_ablate/coord_ring/baseline_seed_3_step_220.msgpack
LOADED: checkpoints/lmpredV204_gamma0_ablate/coord_ring/baseline_seed_4_step_220.msgpack
Evaluating partner group 0: method=e3t, prefix=checkpoints/eval_pools/e3t
LOADED: checkpoints/eval_pools/e3t/coord_ring/baseline_seed_0_step_220.msgpack
LOADED: checkpoints/eval_pools/e3t/coord_ring/baseline_seed_1_step_220.msgpack
LOADED: checkpoints/eval_pools/e3t/coord_ring/baseline_seed_2_step_220.msgpack
LOADED: checkpoints/eval_pools/e3t/coord_ring/baseline_seed_3_step_220.msgpack
LOADED: checkpoints/eval_pools/e3t/coord_ring/baseline_seed_4_step_220.msgpack
Using XP rollout scale: XP_PAIR_BATCH_SIZE=32, EVAL_NUM_EPISODES=128, EVAL_NUM_STEPS=400
XP ego[00] partner[00] = 290.312
XP ego[00] partner[01] = 292.969
XP ego[00] partner[02] = 41.562
XP ego[00] partner[03] = 281.875
XP ego[00] partner[04] = 293.281
XP ego[01] partner[00] = 260.000
XP ego[01] partner[01] = 257.656
XP ego[01] partner[02] = 66.562
XP ego[01] partner[03] = 252.031
XP ego[01] partner[04] = 289.844
XP ego[02] partner[00] = 152.812
XP ego[02] partner[01] = 292.344
XP ego[02] partner[02] = 19.844
XP ego[02] partner[03] = 276.719
XP ego[02] partner[04] = 220.156
XP ego[03] partner[00] = 298.594
XP ego[03] partner[01] = 300.156
XP ego[03] partner[02] = 15.312
XP ego[03] partner[03] = 295.469
XP ego[03] partner[04] = 286.719
XP ego[04] partner[00] = 248.125
XP ego[04] partner[01] = 287.656
XP ego[04] partner[02] = 14.688
XP ego[04] partner[03] = 247.969
XP ego[04] partner[04] = 273.281
Evaluating partner group 1: method=mep_br, prefix=checkpoints/eval_pools/mep_br
LOADED: checkpoints/eval_pools/mep_br/coord_ring/baseline_seed_0_step_220.msgpack
LOADED: checkpoints/eval_pools/mep_br/coord_ring/baseline_seed_1_step_220.msgpack
LOADED: checkpoints/eval_pools/mep_br/coord_ring/baseline_seed_2_step_220.msgpack
LOADED: checkpoints/eval_pools/mep_br/coord_ring/baseline_seed_3_step_220.msgpack
LOADED: checkpoints/eval_pools/mep_br/coord_ring/baseline_seed_4_step_220.msgpack
Using XP rollout scale: XP_PAIR_BATCH_SIZE=32, EVAL_NUM_EPISODES=128, EVAL_NUM_STEPS=400
XP ego[00] partner[00] = 266.562
XP ego[00] partner[01] = 292.969
XP ego[00] partner[02] = 267.812
XP ego[00] partner[03] = 193.281
XP ego[00] partner[04] = 241.094
XP ego[01] partner[00] = 215.469
XP ego[01] partner[01] = 303.281
XP ego[01] partner[02] = 260.469
XP ego[01] partner[03] = 226.406
XP ego[01] partner[04] = 260.156
XP ego[02] partner[00] = 224.219
XP ego[02] partner[01] = 259.062
XP ego[02] partner[02] = 251.875
XP ego[02] partner[03] = 199.531
XP ego[02] partner[04] = 194.531
XP ego[03] partner[00] = 235.469
XP ego[03] partner[01] = 296.875
XP ego[03] partner[02] = 295.000
XP ego[03] partner[03] = 278.906
XP ego[03] partner[04] = 280.781
XP ego[04] partner[00] = 271.250
XP ego[04] partner[01] = 293.438
XP ego[04] partner[02] = 274.219
XP ego[04] partner[03] = 176.406
XP ego[04] partner[04] = 261.562
Evaluating partner group 2: method=pbt, prefix=checkpoints/eval_pools/pbt
LOADED: checkpoints/eval_pools/pbt/coord_ring/baseline_seed_0_step_62.msgpack
LOADED: checkpoints/eval_pools/pbt/coord_ring/baseline_seed_1_step_62.msgpack
LOADED: checkpoints/eval_pools/pbt/coord_ring/baseline_seed_2_step_62.msgpack
LOADED: checkpoints/eval_pools/pbt/coord_ring/baseline_seed_3_step_62.msgpack
LOADED: checkpoints/eval_pools/pbt/coord_ring/baseline_seed_4_step_62.msgpack
Using XP rollout scale: XP_PAIR_BATCH_SIZE=32, EVAL_NUM_EPISODES=128, EVAL_NUM_STEPS=400
XP ego[00] partner[00] = 283.750
XP ego[00] partner[01] = 266.719
XP ego[00] partner[02] = 289.844
XP ego[00] partner[03] = 280.000
XP ego[00] partner[04] = 288.594
XP ego[01] partner[00] = 242.656
XP ego[01] partner[01] = 245.312
XP ego[01] partner[02] = 275.469
XP ego[01] partner[03] = 244.531
XP ego[01] partner[04] = 287.969
XP ego[02] partner[00] = 292.812
XP ego[02] partner[01] = 284.219
XP ego[02] partner[02] = 271.719
XP ego[02] partner[03] = 261.875
XP ego[02] partner[04] = 290.312
XP ego[03] partner[00] = 292.344
XP ego[03] partner[01] = 292.344
XP ego[03] partner[02] = 291.094
XP ego[03] partner[03] = 298.125
XP ego[03] partner[04] = 280.312
XP ego[04] partner[00] = 302.344
XP ego[04] partner[01] = 298.750
XP ego[04] partner[02] = 297.812
XP ego[04] partner[03] = 281.562
XP ego[04] partner[04] = 292.344
Evaluating partner group 3: method=sp, prefix=checkpoints/eval_pools/sp
LOADED: checkpoints/eval_pools/sp/coord_ring/baseline_seed_0_step_220.msgpack
LOADED: checkpoints/eval_pools/sp/coord_ring/baseline_seed_1_step_220.msgpack
LOADED: checkpoints/eval_pools/sp/coord_ring/baseline_seed_2_step_220.msgpack
LOADED: checkpoints/eval_pools/sp/coord_ring/baseline_seed_3_step_220.msgpack
LOADED: checkpoints/eval_pools/sp/coord_ring/baseline_seed_4_step_220.msgpack
Using XP rollout scale: XP_PAIR_BATCH_SIZE=32, EVAL_NUM_EPISODES=128, EVAL_NUM_STEPS=400
XP ego[00] partner[00] = 292.656
XP ego[00] partner[01] = 287.188
XP ego[00] partner[02] = 278.125
XP ego[00] partner[03] = 299.531
XP ego[00] partner[04] = 265.469
XP ego[01] partner[00] = 181.562
XP ego[01] partner[01] = 236.406
XP ego[01] partner[02] = 239.062
XP ego[01] partner[03] = 217.656
XP ego[01] partner[04] = 216.094
XP ego[02] partner[00] = 274.844
XP ego[02] partner[01] = 284.531
XP ego[02] partner[02] = 251.094
XP ego[02] partner[03] = 284.062
XP ego[02] partner[04] = 265.625
XP ego[03] partner[00] = 296.406
XP ego[03] partner[01] = 274.219
XP ego[03] partner[02] = 281.875
XP ego[03] partner[03] = 283.281
XP ego[03] partner[04] = 285.469
XP ego[04] partner[00] = 295.312
XP ego[04] partner[01] = 299.062
XP ego[04] partner[02] = 288.906
XP ego[04] partner[03] = 285.312
XP ego[04] partner[04] = 285.781
Average ego-vs-partner performance: 256.589 +- 6.049 SE over 100 ordered pairs
Average diagonal performance: 227.312 +- 52.293 SE over 5 pairs
Average off-diagonal performance (only for square pools): nan +- nan SE over 0 ordered pairs
Saved ad-hoc teamplay results to ad_hoc_teamplay_results/lmpredV204_gamma0_ablate_ad_hoc_teamplay/coord_ring
Saved ad-hoc teamplay heatmap to ad_hoc_teamplay_results/lmpredV204_gamma0_ablate_ad_hoc_teamplay/coord_ring/xp_matrix.png
Evaluating partner alignment group 0: method=e3t, prefix=checkpoints/eval_pools/e3t
LOADED: checkpoints/eval_pools/e3t/coord_ring/baseline_seed_0_step_220.msgpack
LOADED: checkpoints/eval_pools/e3t/coord_ring/baseline_seed_1_step_220.msgpack
LOADED: checkpoints/eval_pools/e3t/coord_ring/baseline_seed_2_step_220.msgpack
LOADED: checkpoints/eval_pools/e3t/coord_ring/baseline_seed_3_step_220.msgpack
LOADED: checkpoints/eval_pools/e3t/coord_ring/baseline_seed_4_step_220.msgpack
Using alignment rollout scale: ALIGN_PAIR_BATCH_SIZE=2, ALIGN_EVAL_NUM_EPISODES=128, ALIGN_EVAL_NUM_STEPS=400
ALIGN ego[00] partner[00] R2=0.783000 NMSE=0.217000 shuffled_R2=-0.038124
ALIGN ego[00] partner[01] R2=0.730357 NMSE=0.269643 shuffled_R2=-0.058942
ALIGN ego[00] partner[02] R2=0.946305 NMSE=0.053695 shuffled_R2=-0.017291
ALIGN ego[00] partner[03] R2=0.913533 NMSE=0.086467 shuffled_R2=-0.015866
ALIGN ego[00] partner[04] R2=0.859667 NMSE=0.140333 shuffled_R2=-0.015390
ALIGN ego[01] partner[00] R2=0.877448 NMSE=0.122552 shuffled_R2=-0.016956
ALIGN ego[01] partner[01] R2=0.878634 NMSE=0.121366 shuffled_R2=-0.014995
ALIGN ego[01] partner[02] R2=0.644258 NMSE=0.355742 shuffled_R2=-0.131934
ALIGN ego[01] partner[03] R2=0.888357 NMSE=0.111643 shuffled_R2=-0.016654
ALIGN ego[01] partner[04] R2=0.867227 NMSE=0.132773 shuffled_R2=-0.016420
ALIGN ego[02] partner[00] R2=0.808422 NMSE=0.191578 shuffled_R2=-0.037468
ALIGN ego[02] partner[01] R2=0.873500 NMSE=0.126500 shuffled_R2=-0.014343
ALIGN ego[02] partner[02] R2=0.948149 NMSE=0.051851 shuffled_R2=-0.015546
ALIGN ego[02] partner[03] R2=0.884785 NMSE=0.115215 shuffled_R2=-0.015444
ALIGN ego[02] partner[04] R2=0.910484 NMSE=0.089516 shuffled_R2=-0.015239
ALIGN ego[03] partner[00] R2=0.905790 NMSE=0.094210 shuffled_R2=-0.016954
ALIGN ego[03] partner[01] R2=0.856720 NMSE=0.143280 shuffled_R2=-0.019472
ALIGN ego[03] partner[02] R2=0.937806 NMSE=0.062194 shuffled_R2=-0.018399
ALIGN ego[03] partner[03] R2=0.857062 NMSE=0.142938 shuffled_R2=-0.017590
ALIGN ego[03] partner[04] R2=0.890695 NMSE=0.109305 shuffled_R2=-0.014522
ALIGN ego[04] partner[00] R2=0.881351 NMSE=0.118649 shuffled_R2=-0.016479
ALIGN ego[04] partner[01] R2=0.864105 NMSE=0.135895 shuffled_R2=-0.014198
ALIGN ego[04] partner[02] R2=0.953943 NMSE=0.046057 shuffled_R2=-0.023550
ALIGN ego[04] partner[03] R2=0.876260 NMSE=0.123740 shuffled_R2=-0.015324
ALIGN ego[04] partner[04] R2=0.872376 NMSE=0.127624 shuffled_R2=-0.012958
Evaluating partner alignment group 1: method=mep_br, prefix=checkpoints/eval_pools/mep_br
LOADED: checkpoints/eval_pools/mep_br/coord_ring/baseline_seed_0_step_220.msgpack
LOADED: checkpoints/eval_pools/mep_br/coord_ring/baseline_seed_1_step_220.msgpack
LOADED: checkpoints/eval_pools/mep_br/coord_ring/baseline_seed_2_step_220.msgpack
LOADED: checkpoints/eval_pools/mep_br/coord_ring/baseline_seed_3_step_220.msgpack
LOADED: checkpoints/eval_pools/mep_br/coord_ring/baseline_seed_4_step_220.msgpack
Using alignment rollout scale: ALIGN_PAIR_BATCH_SIZE=2, ALIGN_EVAL_NUM_EPISODES=128, ALIGN_EVAL_NUM_STEPS=400
ALIGN ego[00] partner[00] R2=0.872116 NMSE=0.127884 shuffled_R2=-0.031975
ALIGN ego[00] partner[01] R2=0.909740 NMSE=0.090260 shuffled_R2=-0.015731
ALIGN ego[00] partner[02] R2=0.921678 NMSE=0.078322 shuffled_R2=-0.014771
ALIGN ego[00] partner[03] R2=0.942843 NMSE=0.057157 shuffled_R2=-0.021967
ALIGN ego[00] partner[04] R2=0.943581 NMSE=0.056419 shuffled_R2=-0.014919
ALIGN ego[01] partner[00] R2=0.872964 NMSE=0.127036 shuffled_R2=-0.032137
ALIGN ego[01] partner[01] R2=0.915688 NMSE=0.084312 shuffled_R2=-0.015982
ALIGN ego[01] partner[02] R2=0.843326 NMSE=0.156674 shuffled_R2=-0.025971
ALIGN ego[01] partner[03] R2=0.856381 NMSE=0.143619 shuffled_R2=-0.031876
ALIGN ego[01] partner[04] R2=0.880649 NMSE=0.119351 shuffled_R2=-0.020656
ALIGN ego[02] partner[00] R2=0.882573 NMSE=0.117427 shuffled_R2=-0.016431
ALIGN ego[02] partner[01] R2=0.905839 NMSE=0.094161 shuffled_R2=-0.013911
ALIGN ego[02] partner[02] R2=0.711763 NMSE=0.288237 shuffled_R2=-0.031943
ALIGN ego[02] partner[03] R2=0.921200 NMSE=0.078800 shuffled_R2=-0.015642
ALIGN ego[02] partner[04] R2=0.870452 NMSE=0.129548 shuffled_R2=-0.022633
ALIGN ego[03] partner[00] R2=0.855679 NMSE=0.144321 shuffled_R2=-0.017862
ALIGN ego[03] partner[01] R2=0.873184 NMSE=0.126816 shuffled_R2=-0.021260
ALIGN ego[03] partner[02] R2=0.911687 NMSE=0.088313 shuffled_R2=-0.016561
ALIGN ego[03] partner[03] R2=0.874448 NMSE=0.125552 shuffled_R2=-0.018913
ALIGN ego[03] partner[04] R2=0.931451 NMSE=0.068549 shuffled_R2=-0.018100
ALIGN ego[04] partner[00] R2=0.882599 NMSE=0.117401 shuffled_R2=-0.014339
ALIGN ego[04] partner[01] R2=0.910499 NMSE=0.089501 shuffled_R2=-0.021151
ALIGN ego[04] partner[02] R2=0.888640 NMSE=0.111360 shuffled_R2=-0.015292
ALIGN ego[04] partner[03] R2=0.972594 NMSE=0.027406 shuffled_R2=-0.014719
ALIGN ego[04] partner[04] R2=0.910499 NMSE=0.089501 shuffled_R2=-0.015853
Evaluating partner alignment group 2: method=pbt, prefix=checkpoints/eval_pools/pbt
LOADED: checkpoints/eval_pools/pbt/coord_ring/baseline_seed_0_step_62.msgpack
LOADED: checkpoints/eval_pools/pbt/coord_ring/baseline_seed_1_step_62.msgpack
LOADED: checkpoints/eval_pools/pbt/coord_ring/baseline_seed_2_step_62.msgpack
LOADED: checkpoints/eval_pools/pbt/coord_ring/baseline_seed_3_step_62.msgpack
LOADED: checkpoints/eval_pools/pbt/coord_ring/baseline_seed_4_step_62.msgpack
Using alignment rollout scale: ALIGN_PAIR_BATCH_SIZE=2, ALIGN_EVAL_NUM_EPISODES=128, ALIGN_EVAL_NUM_STEPS=400
ALIGN ego[00] partner[00] R2=0.836562 NMSE=0.163438 shuffled_R2=-0.016279
ALIGN ego[00] partner[01] R2=0.832941 NMSE=0.167059 shuffled_R2=-0.015193
ALIGN ego[00] partner[02] R2=0.715023 NMSE=0.284977 shuffled_R2=-0.033589
ALIGN ego[00] partner[03] R2=0.841198 NMSE=0.158802 shuffled_R2=-0.016610
ALIGN ego[00] partner[04] R2=0.758528 NMSE=0.241472 shuffled_R2=-0.019393
ALIGN ego[01] partner[00] R2=0.773876 NMSE=0.226124 shuffled_R2=-0.015209
ALIGN ego[01] partner[01] R2=0.643269 NMSE=0.356731 shuffled_R2=-0.033789
ALIGN ego[01] partner[02] R2=0.765228 NMSE=0.234772 shuffled_R2=-0.017357
ALIGN ego[01] partner[03] R2=0.741957 NMSE=0.258043 shuffled_R2=-0.023160
ALIGN ego[01] partner[04] R2=0.763919 NMSE=0.236081 shuffled_R2=-0.024046
ALIGN ego[02] partner[00] R2=0.686385 NMSE=0.313615 shuffled_R2=-0.023887
ALIGN ego[02] partner[01] R2=0.854569 NMSE=0.145431 shuffled_R2=-0.015329
ALIGN ego[02] partner[02] R2=0.839981 NMSE=0.160019 shuffled_R2=-0.013812
ALIGN ego[02] partner[03] R2=0.849138 NMSE=0.150862 shuffled_R2=-0.016727
ALIGN ego[02] partner[04] R2=0.836428 NMSE=0.163572 shuffled_R2=-0.014309
ALIGN ego[03] partner[00] R2=0.793990 NMSE=0.206010 shuffled_R2=-0.015182
ALIGN ego[03] partner[01] R2=0.827194 NMSE=0.172806 shuffled_R2=-0.015788
ALIGN ego[03] partner[02] R2=0.814027 NMSE=0.185973 shuffled_R2=-0.014407
ALIGN ego[03] partner[03] R2=0.755479 NMSE=0.244521 shuffled_R2=-0.023136
ALIGN ego[03] partner[04] R2=0.755675 NMSE=0.244325 shuffled_R2=-0.022648
ALIGN ego[04] partner[00] R2=0.826754 NMSE=0.173246 shuffled_R2=-0.014885
ALIGN ego[04] partner[01] R2=0.104523 NMSE=0.895477 shuffled_R2=-0.094468
ALIGN ego[04] partner[02] R2=0.760344 NMSE=0.239656 shuffled_R2=-0.018337
ALIGN ego[04] partner[03] R2=0.795443 NMSE=0.204557 shuffled_R2=-0.019263
ALIGN ego[04] partner[04] R2=0.771149 NMSE=0.228851 shuffled_R2=-0.015729
Evaluating partner alignment group 3: method=sp, prefix=checkpoints/eval_pools/sp
LOADED: checkpoints/eval_pools/sp/coord_ring/baseline_seed_0_step_220.msgpack
LOADED: checkpoints/eval_pools/sp/coord_ring/baseline_seed_1_step_220.msgpack
LOADED: checkpoints/eval_pools/sp/coord_ring/baseline_seed_2_step_220.msgpack
LOADED: checkpoints/eval_pools/sp/coord_ring/baseline_seed_3_step_220.msgpack
LOADED: checkpoints/eval_pools/sp/coord_ring/baseline_seed_4_step_220.msgpack
Using alignment rollout scale: ALIGN_PAIR_BATCH_SIZE=2, ALIGN_EVAL_NUM_EPISODES=128, ALIGN_EVAL_NUM_STEPS=400
ALIGN ego[00] partner[00] R2=0.754563 NMSE=0.245437 shuffled_R2=-0.046662
ALIGN ego[00] partner[01] R2=0.813050 NMSE=0.186950 shuffled_R2=-0.026069
ALIGN ego[00] partner[02] R2=0.851113 NMSE=0.148887 shuffled_R2=-0.021640
ALIGN ego[00] partner[03] R2=0.884973 NMSE=0.115027 shuffled_R2=-0.015960
ALIGN ego[00] partner[04] R2=0.949775 NMSE=0.050225 shuffled_R2=-0.014654
ALIGN ego[01] partner[00] R2=0.890674 NMSE=0.109326 shuffled_R2=-0.021964
ALIGN ego[01] partner[01] R2=0.907773 NMSE=0.092227 shuffled_R2=-0.015085
ALIGN ego[01] partner[02] R2=0.836008 NMSE=0.163992 shuffled_R2=-0.023581
ALIGN ego[01] partner[03] R2=0.903114 NMSE=0.096886 shuffled_R2=-0.018928
ALIGN ego[01] partner[04] R2=0.890409 NMSE=0.109591 shuffled_R2=-0.022463
ALIGN ego[02] partner[00] R2=0.877942 NMSE=0.122058 shuffled_R2=-0.013964
ALIGN ego[02] partner[01] R2=0.927070 NMSE=0.072930 shuffled_R2=-0.015309
ALIGN ego[02] partner[02] R2=0.911381 NMSE=0.088619 shuffled_R2=-0.014458
ALIGN ego[02] partner[03] R2=0.877867 NMSE=0.122133 shuffled_R2=-0.029863
ALIGN ego[02] partner[04] R2=0.943942 NMSE=0.056058 shuffled_R2=-0.014953
ALIGN ego[03] partner[00] R2=0.870384 NMSE=0.129616 shuffled_R2=-0.016094
ALIGN ego[03] partner[01] R2=0.837451 NMSE=0.162549 shuffled_R2=-0.018784
ALIGN ego[03] partner[02] R2=0.869471 NMSE=0.130529 shuffled_R2=-0.016094
ALIGN ego[03] partner[03] R2=0.867485 NMSE=0.132515 shuffled_R2=-0.016913
ALIGN ego[03] partner[04] R2=0.890801 NMSE=0.109199 shuffled_R2=-0.018270
ALIGN ego[04] partner[00] R2=0.878015 NMSE=0.121985 shuffled_R2=-0.016827
ALIGN ego[04] partner[01] R2=0.907809 NMSE=0.092191 shuffled_R2=-0.015993
ALIGN ego[04] partner[02] R2=0.862440 NMSE=0.137560 shuffled_R2=-0.024034
ALIGN ego[04] partner[03] R2=0.929577 NMSE=0.070423 shuffled_R2=-0.017694
ALIGN ego[04] partner[04] R2=0.920714 NMSE=0.079286 shuffled_R2=-0.014839
Average ego-to-partner alignment R2: 0.849697 +- 0.010117 SE over 100 ego-partner pairs
Average alignment normalized MSE: 0.150303 +- 0.010117 SE
Average shuffled-control alignment R2: -0.021543 +- 0.001530 SE
Saved alignment results to ad_hoc_teamplay_results/lmpredV204_gamma0_ablate_ad_hoc_teamplay/coord_ring
Evaluating ad-hoc teamplay for ego_method=lmpredV204_gamma0_ablate, layout=asymm_advantages
ego_prefix=checkpoints/lmpredV204_gamma0_ablate/, partner_pool_specs=e3t:checkpoints/eval_pools/e3t;mep_br:checkpoints/eval_pools/mep_br;pbt:checkpoints/eval_pools/pbt;sp:checkpoints/eval_pools/sp, result_name=lmpredV204_gamma0_ablate_ad_hoc_teamplay, ego_perspective_transform=false
Cannot find primary config 'asymm_advantages'. Check that it's in your config search path.

Config search path:
	provider=hydra, path=pkg://hydra.conf
	provider=main, path=file:///net/scratch/n70579mp/tom/JaxMARL/baselines/overcookedv2/config/oc_extended/mep_br
	provider=schema, path=structured://

Set the environment variable HYDRA_FULL_ERROR=1 for a complete stack trace.
Importing submoduled environments...
Submoduled environments not found. Skipping import.
Evaluating ad-hoc teamplay for ego_method=lmpredV204_gamma0_ablate, layout=forced_coord
ego_prefix=checkpoints/lmpredV204_gamma0_ablate/, partner_pool_specs=e3t:checkpoints/eval_pools/e3t;mep_br:checkpoints/eval_pools/mep_br;pbt:checkpoints/eval_pools/pbt;sp:checkpoints/eval_pools/sp, result_name=lmpredV204_gamma0_ablate_ad_hoc_teamplay, ego_perspective_transform=false
Cannot find primary config 'forced_coord'. Check that it's in your config search path.

Config search path:
	provider=hydra, path=pkg://hydra.conf
	provider=main, path=file:///net/scratch/n70579mp/tom/JaxMARL/baselines/overcookedv2/config/oc_extended/mep_br
	provider=schema, path=structured://

Set the environment variable HYDRA_FULL_ERROR=1 for a complete stack trace.
Importing submoduled environments...
Submoduled environments not found. Skipping import.
