Script directory: /mnt/iusers01/fatpou01/compsci01/n70579mp/scratch/tom/JaxMARL
Running ad-hoc teamplay evaluation: ego agents paired with a cross-method partner pool.
Evaluating ad-hoc teamplay for ego_method=lmpred_gamma0, layout=cramped_room5x5
ego_prefix=checkpoints/lmpred_gamma0, partner_pool_specs=e3t:checkpoints/eval_pools/e3t;mep_br:checkpoints/eval_pools/mep_br;pbt:checkpoints/eval_pools/pbt;sp:checkpoints/eval_pools/sp, result_name=lmpred_gamma0_ad_hoc_teamplay, ego_perspective_transform=true
Importing submoduled environments...
Submoduled environments not found. Skipping import.
2026-07-13 07:14:39.411957: W external/xla/xla/service/gpu/autotuning/dot_search_space.cc:200] All configs were filtered out because none of them sufficiently match the hints. Maybe the hints set does not contain a good representative set of valid configs?Working around this by using the full hints set instead.
2026-07-13 07:14:40.414038: W external/xla/xla/service/gpu/autotuning/dot_search_space.cc:200] All configs were filtered out because none of them sufficiently match the hints. Maybe the hints set does not contain a good representative set of valid configs?Working around this by using the full hints set instead.
LOADED: checkpoints/lmpred_gamma0/cramped_room5x5/baseline_seed_0_step_220.msgpack
LOADED: checkpoints/lmpred_gamma0/cramped_room5x5/baseline_seed_1_step_220.msgpack
LOADED: checkpoints/lmpred_gamma0/cramped_room5x5/baseline_seed_2_step_220.msgpack
LOADED: checkpoints/lmpred_gamma0/cramped_room5x5/baseline_seed_3_step_220.msgpack
LOADED: checkpoints/lmpred_gamma0/cramped_room5x5/baseline_seed_4_step_220.msgpack
Evaluating partner group 0: method=e3t, prefix=checkpoints/eval_pools/e3t
LOADED: checkpoints/eval_pools/e3t/cramped_room5x5/baseline_seed_0_step_220.msgpack
LOADED: checkpoints/eval_pools/e3t/cramped_room5x5/baseline_seed_1_step_220.msgpack
LOADED: checkpoints/eval_pools/e3t/cramped_room5x5/baseline_seed_2_step_220.msgpack
LOADED: checkpoints/eval_pools/e3t/cramped_room5x5/baseline_seed_3_step_220.msgpack
LOADED: checkpoints/eval_pools/e3t/cramped_room5x5/baseline_seed_4_step_220.msgpack
Using XP rollout scale: XP_PAIR_BATCH_SIZE=32, EVAL_NUM_EPISODES=128, EVAL_NUM_STEPS=400
XP ego[00] partner[00] = 234.219
XP ego[00] partner[01] = 211.875
XP ego[00] partner[02] = 184.062
XP ego[00] partner[03] = 184.688
XP ego[00] partner[04] = 210.000
XP ego[01] partner[00] = 210.469
XP ego[01] partner[01] = 219.375
XP ego[01] partner[02] = 236.406
XP ego[01] partner[03] = 224.688
XP ego[01] partner[04] = 239.688
XP ego[02] partner[00] = 219.844
XP ego[02] partner[01] = 161.406
XP ego[02] partner[02] = 214.219
XP ego[02] partner[03] = 230.312
XP ego[02] partner[04] = 222.188
XP ego[03] partner[00] = 169.062
XP ego[03] partner[01] = 85.781
XP ego[03] partner[02] = 230.938
XP ego[03] partner[03] = 232.656
XP ego[03] partner[04] = 194.688
XP ego[04] partner[00] = 173.281
XP ego[04] partner[01] = 153.750
XP ego[04] partner[02] = 206.719
XP ego[04] partner[03] = 227.188
XP ego[04] partner[04] = 239.531
Evaluating partner group 1: method=mep_br, prefix=checkpoints/eval_pools/mep_br
LOADED: checkpoints/eval_pools/mep_br/cramped_room5x5/baseline_seed_0_step_220.msgpack
LOADED: checkpoints/eval_pools/mep_br/cramped_room5x5/baseline_seed_1_step_220.msgpack
LOADED: checkpoints/eval_pools/mep_br/cramped_room5x5/baseline_seed_2_step_220.msgpack
LOADED: checkpoints/eval_pools/mep_br/cramped_room5x5/baseline_seed_3_step_220.msgpack
LOADED: checkpoints/eval_pools/mep_br/cramped_room5x5/baseline_seed_4_step_220.msgpack
Using XP rollout scale: XP_PAIR_BATCH_SIZE=32, EVAL_NUM_EPISODES=128, EVAL_NUM_STEPS=400
XP ego[00] partner[00] = 203.750
XP ego[00] partner[01] = 217.500
XP ego[00] partner[02] = 145.000
XP ego[00] partner[03] = 225.625
XP ego[00] partner[04] = 160.781
XP ego[01] partner[00] = 210.469
XP ego[01] partner[01] = 192.812
XP ego[01] partner[02] = 90.625
XP ego[01] partner[03] = 197.969
XP ego[01] partner[04] = 37.969
XP ego[02] partner[00] = 174.688
XP ego[02] partner[01] = 233.906
XP ego[02] partner[02] = 217.188
XP ego[02] partner[03] = 229.062
XP ego[02] partner[04] = 227.812
XP ego[03] partner[00] = 58.281
XP ego[03] partner[01] = 229.531
XP ego[03] partner[02] = 233.906
XP ego[03] partner[03] = 234.219
XP ego[03] partner[04] = 237.812
XP ego[04] partner[00] = 226.406
XP ego[04] partner[01] = 236.094
XP ego[04] partner[02] = 228.750
XP ego[04] partner[03] = 228.438
XP ego[04] partner[04] = 239.531
Evaluating partner group 2: method=pbt, prefix=checkpoints/eval_pools/pbt
LOADED: checkpoints/eval_pools/pbt/cramped_room5x5/baseline_seed_0_step_62.msgpack
LOADED: checkpoints/eval_pools/pbt/cramped_room5x5/baseline_seed_1_step_62.msgpack
LOADED: checkpoints/eval_pools/pbt/cramped_room5x5/baseline_seed_2_step_62.msgpack
LOADED: checkpoints/eval_pools/pbt/cramped_room5x5/baseline_seed_3_step_62.msgpack
LOADED: checkpoints/eval_pools/pbt/cramped_room5x5/baseline_seed_4_step_62.msgpack
Using XP rollout scale: XP_PAIR_BATCH_SIZE=32, EVAL_NUM_EPISODES=128, EVAL_NUM_STEPS=400
XP ego[00] partner[00] = 230.469
XP ego[00] partner[01] = 222.031
XP ego[00] partner[02] = 200.938
XP ego[00] partner[03] = 232.969
XP ego[00] partner[04] = 230.469
XP ego[01] partner[00] = 116.875
XP ego[01] partner[01] = 142.812
XP ego[01] partner[02] = 101.250
XP ego[01] partner[03] = 97.500
XP ego[01] partner[04] = 85.781
XP ego[02] partner[00] = 112.969
XP ego[02] partner[01] = 108.281
XP ego[02] partner[02] = 93.438
XP ego[02] partner[03] = 121.562
XP ego[02] partner[04] = 131.562
XP ego[03] partner[00] = 148.906
XP ego[03] partner[01] = 163.438
XP ego[03] partner[02] = 200.312
XP ego[03] partner[03] = 169.375
XP ego[03] partner[04] = 141.094
XP ego[04] partner[00] = 164.219
XP ego[04] partner[01] = 240.000
XP ego[04] partner[02] = 236.875
XP ego[04] partner[03] = 232.969
XP ego[04] partner[04] = 228.281
Evaluating partner group 3: method=sp, prefix=checkpoints/eval_pools/sp
LOADED: checkpoints/eval_pools/sp/cramped_room5x5/baseline_seed_0_step_220.msgpack
LOADED: checkpoints/eval_pools/sp/cramped_room5x5/baseline_seed_1_step_220.msgpack
LOADED: checkpoints/eval_pools/sp/cramped_room5x5/baseline_seed_2_step_220.msgpack
LOADED: checkpoints/eval_pools/sp/cramped_room5x5/baseline_seed_3_step_220.msgpack
LOADED: checkpoints/eval_pools/sp/cramped_room5x5/baseline_seed_4_step_220.msgpack
Using XP rollout scale: XP_PAIR_BATCH_SIZE=32, EVAL_NUM_EPISODES=128, EVAL_NUM_STEPS=400
XP ego[00] partner[00] = 224.062
XP ego[00] partner[01] = 208.906
XP ego[00] partner[02] = 232.812
XP ego[00] partner[03] = 230.312
XP ego[00] partner[04] = 133.438
XP ego[01] partner[00] = 198.281
XP ego[01] partner[01] = 216.875
XP ego[01] partner[02] = 235.312
XP ego[01] partner[03] = 136.406
XP ego[01] partner[04] = 170.156
XP ego[02] partner[00] = 212.969
XP ego[02] partner[01] = 163.594
XP ego[02] partner[02] = 175.469
XP ego[02] partner[03] = 233.125
XP ego[02] partner[04] = 174.844
XP ego[03] partner[00] = 208.438
XP ego[03] partner[01] = 205.781
XP ego[03] partner[02] = 167.656
XP ego[03] partner[03] = 225.312
XP ego[03] partner[04] = 192.969
XP ego[04] partner[00] = 226.719
XP ego[04] partner[01] = 237.656
XP ego[04] partner[02] = 242.812
XP ego[04] partner[03] = 241.719
XP ego[04] partner[04] = 219.375
Average ego-vs-partner performance: 193.045 +- 4.801 SE over 100 ordered pairs
Average diagonal performance: 228.000 +- 4.783 SE over 5 pairs
Average off-diagonal performance (only for square pools): nan +- nan SE over 0 ordered pairs
Saved ad-hoc teamplay results to ad_hoc_teamplay_results/lmpred_gamma0_ad_hoc_teamplay/cramped_room5x5
Saved ad-hoc teamplay heatmap to ad_hoc_teamplay_results/lmpred_gamma0_ad_hoc_teamplay/cramped_room5x5/xp_matrix.png
Evaluating partner alignment group 0: method=e3t, prefix=checkpoints/eval_pools/e3t
LOADED: checkpoints/eval_pools/e3t/cramped_room5x5/baseline_seed_0_step_220.msgpack
LOADED: checkpoints/eval_pools/e3t/cramped_room5x5/baseline_seed_1_step_220.msgpack
LOADED: checkpoints/eval_pools/e3t/cramped_room5x5/baseline_seed_2_step_220.msgpack
LOADED: checkpoints/eval_pools/e3t/cramped_room5x5/baseline_seed_3_step_220.msgpack
LOADED: checkpoints/eval_pools/e3t/cramped_room5x5/baseline_seed_4_step_220.msgpack
Using alignment rollout scale: ALIGN_PAIR_BATCH_SIZE=2, ALIGN_EVAL_NUM_EPISODES=128, ALIGN_EVAL_NUM_STEPS=400
ALIGN ego[00] partner[00] R2=0.930743 NMSE=0.069257 shuffled_R2=-0.016558
ALIGN ego[00] partner[01] R2=0.856491 NMSE=0.143509 shuffled_R2=-0.042200
ALIGN ego[00] partner[02] R2=0.953245 NMSE=0.046755 shuffled_R2=-0.015330
ALIGN ego[00] partner[03] R2=0.949130 NMSE=0.050870 shuffled_R2=-0.017754
ALIGN ego[00] partner[04] R2=0.955817 NMSE=0.044183 shuffled_R2=-0.015377
ALIGN ego[01] partner[00] R2=0.935486 NMSE=0.064514 shuffled_R2=-0.027519
ALIGN ego[01] partner[01] R2=0.947098 NMSE=0.052902 shuffled_R2=-0.016395
ALIGN ego[01] partner[02] R2=0.948240 NMSE=0.051760 shuffled_R2=-0.018864
ALIGN ego[01] partner[03] R2=0.830640 NMSE=0.169360 shuffled_R2=-0.058397
ALIGN ego[01] partner[04] R2=0.948878 NMSE=0.051122 shuffled_R2=-0.015013
ALIGN ego[02] partner[00] R2=0.954952 NMSE=0.045048 shuffled_R2=-0.016710
ALIGN ego[02] partner[01] R2=0.635440 NMSE=0.364560 shuffled_R2=-0.208827
ALIGN ego[02] partner[02] R2=0.955726 NMSE=0.044274 shuffled_R2=-0.019042
ALIGN ego[02] partner[03] R2=0.953089 NMSE=0.046911 shuffled_R2=-0.016398
ALIGN ego[02] partner[04] R2=0.806147 NMSE=0.193853 shuffled_R2=-0.060632
ALIGN ego[03] partner[00] R2=0.957841 NMSE=0.042159 shuffled_R2=-0.018249
ALIGN ego[03] partner[01] R2=0.934552 NMSE=0.065448 shuffled_R2=-0.040107
ALIGN ego[03] partner[02] R2=0.955103 NMSE=0.044897 shuffled_R2=-0.015420
ALIGN ego[03] partner[03] R2=0.935095 NMSE=0.064905 shuffled_R2=-0.020451
ALIGN ego[03] partner[04] R2=0.944176 NMSE=0.055824 shuffled_R2=-0.022233
ALIGN ego[04] partner[00] R2=0.951942 NMSE=0.048058 shuffled_R2=-0.016192
ALIGN ego[04] partner[01] R2=0.860135 NMSE=0.139865 shuffled_R2=-0.046823
ALIGN ego[04] partner[02] R2=0.905366 NMSE=0.094634 shuffled_R2=-0.036803
ALIGN ego[04] partner[03] R2=0.937828 NMSE=0.062172 shuffled_R2=-0.017229
ALIGN ego[04] partner[04] R2=0.894571 NMSE=0.105429 shuffled_R2=-0.035848
Evaluating partner alignment group 1: method=mep_br, prefix=checkpoints/eval_pools/mep_br
LOADED: checkpoints/eval_pools/mep_br/cramped_room5x5/baseline_seed_0_step_220.msgpack
LOADED: checkpoints/eval_pools/mep_br/cramped_room5x5/baseline_seed_1_step_220.msgpack
LOADED: checkpoints/eval_pools/mep_br/cramped_room5x5/baseline_seed_2_step_220.msgpack
LOADED: checkpoints/eval_pools/mep_br/cramped_room5x5/baseline_seed_3_step_220.msgpack
LOADED: checkpoints/eval_pools/mep_br/cramped_room5x5/baseline_seed_4_step_220.msgpack
Using alignment rollout scale: ALIGN_PAIR_BATCH_SIZE=2, ALIGN_EVAL_NUM_EPISODES=128, ALIGN_EVAL_NUM_STEPS=400
ALIGN ego[00] partner[00] R2=0.846805 NMSE=0.153195 shuffled_R2=-0.036918
ALIGN ego[00] partner[01] R2=0.909612 NMSE=0.090388 shuffled_R2=-0.043480
ALIGN ego[00] partner[02] R2=0.953219 NMSE=0.046781 shuffled_R2=-0.020365
ALIGN ego[00] partner[03] R2=0.946776 NMSE=0.053224 shuffled_R2=-0.021490
ALIGN ego[00] partner[04] R2=0.946682 NMSE=0.053318 shuffled_R2=-0.017853
ALIGN ego[01] partner[00] R2=0.932153 NMSE=0.067847 shuffled_R2=-0.022264
ALIGN ego[01] partner[01] R2=0.877324 NMSE=0.122676 shuffled_R2=-0.031642
ALIGN ego[01] partner[02] R2=0.957553 NMSE=0.042447 shuffled_R2=-0.016824
ALIGN ego[01] partner[03] R2=0.869130 NMSE=0.130870 shuffled_R2=-0.056114
ALIGN ego[01] partner[04] R2=0.965374 NMSE=0.034626 shuffled_R2=-0.021997
ALIGN ego[02] partner[00] R2=0.947391 NMSE=0.052609 shuffled_R2=-0.017670
ALIGN ego[02] partner[01] R2=0.920687 NMSE=0.079313 shuffled_R2=-0.019935
ALIGN ego[02] partner[02] R2=0.963527 NMSE=0.036473 shuffled_R2=-0.014413
ALIGN ego[02] partner[03] R2=0.710088 NMSE=0.289912 shuffled_R2=-0.090799
ALIGN ego[02] partner[04] R2=0.948792 NMSE=0.051208 shuffled_R2=-0.022608
ALIGN ego[03] partner[00] R2=0.850065 NMSE=0.149935 shuffled_R2=-0.035334
ALIGN ego[03] partner[01] R2=0.956101 NMSE=0.043899 shuffled_R2=-0.018956
ALIGN ego[03] partner[02] R2=0.922997 NMSE=0.077003 shuffled_R2=-0.038958
ALIGN ego[03] partner[03] R2=0.964067 NMSE=0.035933 shuffled_R2=-0.016840
ALIGN ego[03] partner[04] R2=0.962769 NMSE=0.037231 shuffled_R2=-0.019567
ALIGN ego[04] partner[00] R2=0.930379 NMSE=0.069621 shuffled_R2=-0.027804
ALIGN ego[04] partner[01] R2=0.929802 NMSE=0.070198 shuffled_R2=-0.022477
ALIGN ego[04] partner[02] R2=0.884614 NMSE=0.115386 shuffled_R2=-0.029363
ALIGN ego[04] partner[03] R2=0.941784 NMSE=0.058216 shuffled_R2=-0.038611
ALIGN ego[04] partner[04] R2=0.963091 NMSE=0.036909 shuffled_R2=-0.014712
Evaluating partner alignment group 2: method=pbt, prefix=checkpoints/eval_pools/pbt
LOADED: checkpoints/eval_pools/pbt/cramped_room5x5/baseline_seed_0_step_62.msgpack
LOADED: checkpoints/eval_pools/pbt/cramped_room5x5/baseline_seed_1_step_62.msgpack
LOADED: checkpoints/eval_pools/pbt/cramped_room5x5/baseline_seed_2_step_62.msgpack
LOADED: checkpoints/eval_pools/pbt/cramped_room5x5/baseline_seed_3_step_62.msgpack
LOADED: checkpoints/eval_pools/pbt/cramped_room5x5/baseline_seed_4_step_62.msgpack
Using alignment rollout scale: ALIGN_PAIR_BATCH_SIZE=2, ALIGN_EVAL_NUM_EPISODES=128, ALIGN_EVAL_NUM_STEPS=400
ALIGN ego[00] partner[00] R2=0.862348 NMSE=0.137652 shuffled_R2=-0.021278
ALIGN ego[00] partner[01] R2=0.869742 NMSE=0.130258 shuffled_R2=-0.016892
ALIGN ego[00] partner[02] R2=0.878085 NMSE=0.121915 shuffled_R2=-0.017651
ALIGN ego[00] partner[03] R2=0.881108 NMSE=0.118892 shuffled_R2=-0.015958
ALIGN ego[00] partner[04] R2=0.836658 NMSE=0.163342 shuffled_R2=-0.024109
ALIGN ego[01] partner[00] R2=0.893811 NMSE=0.106189 shuffled_R2=-0.016133
ALIGN ego[01] partner[01] R2=0.880969 NMSE=0.119031 shuffled_R2=-0.016974
ALIGN ego[01] partner[02] R2=0.475579 NMSE=0.524421 shuffled_R2=-0.073740
ALIGN ego[01] partner[03] R2=0.769683 NMSE=0.230317 shuffled_R2=-0.031060
ALIGN ego[01] partner[04] R2=0.855013 NMSE=0.144987 shuffled_R2=-0.028541
ALIGN ego[02] partner[00] R2=0.874909 NMSE=0.125091 shuffled_R2=-0.016188
ALIGN ego[02] partner[01] R2=0.836770 NMSE=0.163230 shuffled_R2=-0.015226
ALIGN ego[02] partner[02] R2=0.733980 NMSE=0.266020 shuffled_R2=-0.056782
ALIGN ego[02] partner[03] R2=0.618435 NMSE=0.381565 shuffled_R2=-0.167175
ALIGN ego[02] partner[04] R2=0.882383 NMSE=0.117617 shuffled_R2=-0.015017
ALIGN ego[03] partner[00] R2=0.873787 NMSE=0.126213 shuffled_R2=-0.018054
ALIGN ego[03] partner[01] R2=0.869093 NMSE=0.130907 shuffled_R2=-0.014290
ALIGN ego[03] partner[02] R2=0.839743 NMSE=0.160257 shuffled_R2=-0.029880
ALIGN ego[03] partner[03] R2=0.879445 NMSE=0.120555 shuffled_R2=-0.017339
ALIGN ego[03] partner[04] R2=0.832801 NMSE=0.167199 shuffled_R2=-0.027758
ALIGN ego[04] partner[00] R2=0.643249 NMSE=0.356751 shuffled_R2=-0.060675
ALIGN ego[04] partner[01] R2=0.861158 NMSE=0.138842 shuffled_R2=-0.016085
ALIGN ego[04] partner[02] R2=0.845446 NMSE=0.154554 shuffled_R2=-0.020328
ALIGN ego[04] partner[03] R2=0.609414 NMSE=0.390586 shuffled_R2=-0.042270
ALIGN ego[04] partner[04] R2=0.808308 NMSE=0.191692 shuffled_R2=-0.044963
Evaluating partner alignment group 3: method=sp, prefix=checkpoints/eval_pools/sp
LOADED: checkpoints/eval_pools/sp/cramped_room5x5/baseline_seed_0_step_220.msgpack
LOADED: checkpoints/eval_pools/sp/cramped_room5x5/baseline_seed_1_step_220.msgpack
LOADED: checkpoints/eval_pools/sp/cramped_room5x5/baseline_seed_2_step_220.msgpack
LOADED: checkpoints/eval_pools/sp/cramped_room5x5/baseline_seed_3_step_220.msgpack
LOADED: checkpoints/eval_pools/sp/cramped_room5x5/baseline_seed_4_step_220.msgpack
Using alignment rollout scale: ALIGN_PAIR_BATCH_SIZE=2, ALIGN_EVAL_NUM_EPISODES=128, ALIGN_EVAL_NUM_STEPS=400
ALIGN ego[00] partner[00] R2=0.865842 NMSE=0.134158 shuffled_R2=-0.044638
ALIGN ego[00] partner[01] R2=0.957670 NMSE=0.042330 shuffled_R2=-0.016169
ALIGN ego[00] partner[02] R2=0.945494 NMSE=0.054506 shuffled_R2=-0.017467
ALIGN ego[00] partner[03] R2=0.680996 NMSE=0.319004 shuffled_R2=-0.070389
ALIGN ego[00] partner[04] R2=0.960991 NMSE=0.039009 shuffled_R2=-0.019296
ALIGN ego[01] partner[00] R2=0.959536 NMSE=0.040464 shuffled_R2=-0.018407
ALIGN ego[01] partner[01] R2=0.965837 NMSE=0.034163 shuffled_R2=-0.014246
ALIGN ego[01] partner[02] R2=0.949937 NMSE=0.050063 shuffled_R2=-0.016884
ALIGN ego[01] partner[03] R2=0.922759 NMSE=0.077241 shuffled_R2=-0.030009
ALIGN ego[01] partner[04] R2=0.906827 NMSE=0.093173 shuffled_R2=-0.038137
ALIGN ego[02] partner[00] R2=0.950638 NMSE=0.049362 shuffled_R2=-0.017205
ALIGN ego[02] partner[01] R2=0.957776 NMSE=0.042224 shuffled_R2=-0.019581
ALIGN ego[02] partner[02] R2=0.882491 NMSE=0.117509 shuffled_R2=-0.045138
ALIGN ego[02] partner[03] R2=0.960793 NMSE=0.039207 shuffled_R2=-0.017152
ALIGN ego[02] partner[04] R2=0.951061 NMSE=0.048939 shuffled_R2=-0.020043
ALIGN ego[03] partner[00] R2=0.820534 NMSE=0.179466 shuffled_R2=-0.060814
ALIGN ego[03] partner[01] R2=0.952173 NMSE=0.047827 shuffled_R2=-0.017294
ALIGN ego[03] partner[02] R2=0.965447 NMSE=0.034553 shuffled_R2=-0.016458
ALIGN ego[03] partner[03] R2=0.945933 NMSE=0.054067 shuffled_R2=-0.020483
ALIGN ego[03] partner[04] R2=0.958564 NMSE=0.041436 shuffled_R2=-0.023435
ALIGN ego[04] partner[00] R2=0.947786 NMSE=0.052214 shuffled_R2=-0.018918
ALIGN ego[04] partner[01] R2=0.959310 NMSE=0.040690 shuffled_R2=-0.015158
ALIGN ego[04] partner[02] R2=0.958272 NMSE=0.041728 shuffled_R2=-0.015962
ALIGN ego[04] partner[03] R2=0.893628 NMSE=0.106372 shuffled_R2=-0.040842
ALIGN ego[04] partner[04] R2=0.968470 NMSE=0.031530 shuffled_R2=-0.012444
Average ego-to-partner alignment R2: 0.892392 +- 0.009082 SE over 100 ego-partner pairs
Average alignment normalized MSE: 0.107608 +- 0.009082 SE
Average shuffled-control alignment R2: -0.030223 +- 0.002751 SE
Saved alignment results to ad_hoc_teamplay_results/lmpred_gamma0_ad_hoc_teamplay/cramped_room5x5
Evaluating ad-hoc teamplay for ego_method=lmpred_gamma0, layout=counter_circuit
ego_prefix=checkpoints/lmpred_gamma0, partner_pool_specs=e3t:checkpoints/eval_pools/e3t;mep_br:checkpoints/eval_pools/mep_br;pbt:checkpoints/eval_pools/pbt;sp:checkpoints/eval_pools/sp, result_name=lmpred_gamma0_ad_hoc_teamplay, ego_perspective_transform=true
Importing submoduled environments...
Submoduled environments not found. Skipping import.
2026-07-13 07:18:56.988414: W external/xla/xla/service/gpu/autotuning/dot_search_space.cc:200] All configs were filtered out because none of them sufficiently match the hints. Maybe the hints set does not contain a good representative set of valid configs?Working around this by using the full hints set instead.
2026-07-13 07:18:57.996045: W external/xla/xla/service/gpu/autotuning/dot_search_space.cc:200] All configs were filtered out because none of them sufficiently match the hints. Maybe the hints set does not contain a good representative set of valid configs?Working around this by using the full hints set instead.
LOADED: checkpoints/lmpred_gamma0/counter_circuit/baseline_seed_0_step_380.msgpack
LOADED: checkpoints/lmpred_gamma0/counter_circuit/baseline_seed_1_step_380.msgpack
LOADED: checkpoints/lmpred_gamma0/counter_circuit/baseline_seed_2_step_380.msgpack
LOADED: checkpoints/lmpred_gamma0/counter_circuit/baseline_seed_3_step_380.msgpack
LOADED: checkpoints/lmpred_gamma0/counter_circuit/baseline_seed_4_step_380.msgpack
Evaluating partner group 0: method=e3t, prefix=checkpoints/eval_pools/e3t
LOADED: checkpoints/eval_pools/e3t/counter_circuit/baseline_seed_0_step_220.msgpack
LOADED: checkpoints/eval_pools/e3t/counter_circuit/baseline_seed_1_step_220.msgpack
LOADED: checkpoints/eval_pools/e3t/counter_circuit/baseline_seed_2_step_220.msgpack
LOADED: checkpoints/eval_pools/e3t/counter_circuit/baseline_seed_3_step_220.msgpack
LOADED: checkpoints/eval_pools/e3t/counter_circuit/baseline_seed_4_step_220.msgpack
Using XP rollout scale: XP_PAIR_BATCH_SIZE=32, EVAL_NUM_EPISODES=128, EVAL_NUM_STEPS=400
XP ego[00] partner[00] = 177.812
XP ego[00] partner[01] = 106.562
XP ego[00] partner[02] = 99.688
XP ego[00] partner[03] = 11.719
XP ego[00] partner[04] = 36.406
XP ego[01] partner[00] = 154.375
XP ego[01] partner[01] = 122.031
XP ego[01] partner[02] = 130.000
XP ego[01] partner[03] = 7.656
XP ego[01] partner[04] = 87.656
XP ego[02] partner[00] = 137.812
XP ego[02] partner[01] = 125.938
XP ego[02] partner[02] = 98.594
XP ego[02] partner[03] = 11.406
XP ego[02] partner[04] = 129.688
XP ego[03] partner[00] = 71.875
XP ego[03] partner[01] = 62.812
XP ego[03] partner[02] = 89.219
XP ego[03] partner[03] = 16.094
XP ego[03] partner[04] = 65.156
XP ego[04] partner[00] = 153.750
XP ego[04] partner[01] = 93.750
XP ego[04] partner[02] = 133.438
XP ego[04] partner[03] = 27.031
XP ego[04] partner[04] = 89.062
Evaluating partner group 1: method=mep_br, prefix=checkpoints/eval_pools/mep_br
LOADED: checkpoints/eval_pools/mep_br/counter_circuit/baseline_seed_0_step_380.msgpack
LOADED: checkpoints/eval_pools/mep_br/counter_circuit/baseline_seed_1_step_380.msgpack
LOADED: checkpoints/eval_pools/mep_br/counter_circuit/baseline_seed_2_step_380.msgpack
LOADED: checkpoints/eval_pools/mep_br/counter_circuit/baseline_seed_3_step_380.msgpack
LOADED: checkpoints/eval_pools/mep_br/counter_circuit/baseline_seed_4_step_380.msgpack
Using XP rollout scale: XP_PAIR_BATCH_SIZE=32, EVAL_NUM_EPISODES=128, EVAL_NUM_STEPS=400
XP ego[00] partner[00] = 229.531
XP ego[00] partner[01] = 196.406
XP ego[00] partner[02] = 216.875
XP ego[00] partner[03] = 214.219
XP ego[00] partner[04] = 207.500
XP ego[01] partner[00] = 206.719
XP ego[01] partner[01] = 188.125
XP ego[01] partner[02] = 200.938
XP ego[01] partner[03] = 212.031
XP ego[01] partner[04] = 208.594
XP ego[02] partner[00] = 226.875
XP ego[02] partner[01] = 183.750
XP ego[02] partner[02] = 234.844
XP ego[02] partner[03] = 240.000
XP ego[02] partner[04] = 210.938
XP ego[03] partner[00] = 75.781
XP ego[03] partner[01] = 114.688
XP ego[03] partner[02] = 108.906
XP ego[03] partner[03] = 120.781
XP ego[03] partner[04] = 76.406
XP ego[04] partner[00] = 180.625
XP ego[04] partner[01] = 147.188
XP ego[04] partner[02] = 192.500
XP ego[04] partner[03] = 199.688
XP ego[04] partner[04] = 183.281
Evaluating partner group 2: method=pbt, prefix=checkpoints/eval_pools/pbt
LOADED: checkpoints/eval_pools/pbt/counter_circuit/baseline_seed_0_step_62.msgpack
LOADED: checkpoints/eval_pools/pbt/counter_circuit/baseline_seed_1_step_62.msgpack
LOADED: checkpoints/eval_pools/pbt/counter_circuit/baseline_seed_2_step_62.msgpack
LOADED: checkpoints/eval_pools/pbt/counter_circuit/baseline_seed_3_step_62.msgpack
LOADED: checkpoints/eval_pools/pbt/counter_circuit/baseline_seed_4_step_62.msgpack
Using XP rollout scale: XP_PAIR_BATCH_SIZE=32, EVAL_NUM_EPISODES=128, EVAL_NUM_STEPS=400
XP ego[00] partner[00] = 182.188
XP ego[00] partner[01] = 175.156
XP ego[00] partner[02] = 162.344
XP ego[00] partner[03] = 184.062
XP ego[00] partner[04] = 185.625
XP ego[01] partner[00] = 171.406
XP ego[01] partner[01] = 167.344
XP ego[01] partner[02] = 174.219
XP ego[01] partner[03] = 168.594
XP ego[01] partner[04] = 155.469
XP ego[02] partner[00] = 159.219
XP ego[02] partner[01] = 175.312
XP ego[02] partner[02] = 164.844
XP ego[02] partner[03] = 175.938
XP ego[02] partner[04] = 176.875
XP ego[03] partner[00] = 34.688
XP ego[03] partner[01] = 44.688
XP ego[03] partner[02] = 43.906
XP ego[03] partner[03] = 36.719
XP ego[03] partner[04] = 33.906
XP ego[04] partner[00] = 172.656
XP ego[04] partner[01] = 180.625
XP ego[04] partner[02] = 175.625
XP ego[04] partner[03] = 185.781
XP ego[04] partner[04] = 173.594
Evaluating partner group 3: method=sp, prefix=checkpoints/eval_pools/sp
LOADED: checkpoints/eval_pools/sp/counter_circuit/baseline_seed_0_step_380.msgpack
LOADED: checkpoints/eval_pools/sp/counter_circuit/baseline_seed_1_step_380.msgpack
LOADED: checkpoints/eval_pools/sp/counter_circuit/baseline_seed_2_step_380.msgpack
LOADED: checkpoints/eval_pools/sp/counter_circuit/baseline_seed_3_step_380.msgpack
LOADED: checkpoints/eval_pools/sp/counter_circuit/baseline_seed_4_step_380.msgpack
Using XP rollout scale: XP_PAIR_BATCH_SIZE=32, EVAL_NUM_EPISODES=128, EVAL_NUM_STEPS=400
XP ego[00] partner[00] = 181.094
XP ego[00] partner[01] = 133.438
XP ego[00] partner[02] = 185.312
XP ego[00] partner[03] = 218.594
XP ego[00] partner[04] = 178.438
XP ego[01] partner[00] = 158.750
XP ego[01] partner[01] = 163.906
XP ego[01] partner[02] = 176.094
XP ego[01] partner[03] = 201.406
XP ego[01] partner[04] = 178.750
XP ego[02] partner[00] = 161.719
XP ego[02] partner[01] = 151.250
XP ego[02] partner[02] = 158.750
XP ego[02] partner[03] = 212.500
XP ego[02] partner[04] = 170.312
XP ego[03] partner[00] = 41.719
XP ego[03] partner[01] = 45.312
XP ego[03] partner[02] = 45.156
XP ego[03] partner[03] = 106.250
XP ego[03] partner[04] = 53.594
XP ego[04] partner[00] = 114.531
XP ego[04] partner[01] = 181.406
XP ego[04] partner[02] = 147.656
XP ego[04] partner[03] = 215.469
XP ego[04] partner[04] = 160.312
Average ego-vs-partner performance: 142.192 +- 6.105 SE over 100 ordered pairs
Average diagonal performance: 100.719 +- 26.172 SE over 5 pairs
Average off-diagonal performance (only for square pools): nan +- nan SE over 0 ordered pairs
Saved ad-hoc teamplay results to ad_hoc_teamplay_results/lmpred_gamma0_ad_hoc_teamplay/counter_circuit
Saved ad-hoc teamplay heatmap to ad_hoc_teamplay_results/lmpred_gamma0_ad_hoc_teamplay/counter_circuit/xp_matrix.png
Evaluating partner alignment group 0: method=e3t, prefix=checkpoints/eval_pools/e3t
LOADED: checkpoints/eval_pools/e3t/counter_circuit/baseline_seed_0_step_220.msgpack
LOADED: checkpoints/eval_pools/e3t/counter_circuit/baseline_seed_1_step_220.msgpack
LOADED: checkpoints/eval_pools/e3t/counter_circuit/baseline_seed_2_step_220.msgpack
LOADED: checkpoints/eval_pools/e3t/counter_circuit/baseline_seed_3_step_220.msgpack
LOADED: checkpoints/eval_pools/e3t/counter_circuit/baseline_seed_4_step_220.msgpack
Using alignment rollout scale: ALIGN_PAIR_BATCH_SIZE=2, ALIGN_EVAL_NUM_EPISODES=128, ALIGN_EVAL_NUM_STEPS=400
ALIGN ego[00] partner[00] R2=0.753524 NMSE=0.246476 shuffled_R2=-0.017517
ALIGN ego[00] partner[01] R2=0.777766 NMSE=0.222234 shuffled_R2=-0.020971
ALIGN ego[00] partner[02] R2=0.782063 NMSE=0.217937 shuffled_R2=-0.018199
ALIGN ego[00] partner[03] R2=0.862460 NMSE=0.137540 shuffled_R2=-0.021314
ALIGN ego[00] partner[04] R2=0.789643 NMSE=0.210357 shuffled_R2=-0.024866
ALIGN ego[01] partner[00] R2=0.791467 NMSE=0.208533 shuffled_R2=-0.016863
ALIGN ego[01] partner[01] R2=0.781937 NMSE=0.218063 shuffled_R2=-0.016406
ALIGN ego[01] partner[02] R2=0.765807 NMSE=0.234193 shuffled_R2=-0.020257
ALIGN ego[01] partner[03] R2=0.883604 NMSE=0.116396 shuffled_R2=-0.019484
ALIGN ego[01] partner[04] R2=0.824814 NMSE=0.175186 shuffled_R2=-0.019287
ALIGN ego[02] partner[00] R2=0.773651 NMSE=0.226349 shuffled_R2=-0.020084
ALIGN ego[02] partner[01] R2=0.757819 NMSE=0.242181 shuffled_R2=-0.020115
ALIGN ego[02] partner[02] R2=0.703230 NMSE=0.296770 shuffled_R2=-0.028293
ALIGN ego[02] partner[03] R2=0.857859 NMSE=0.142141 shuffled_R2=-0.019928
ALIGN ego[02] partner[04] R2=0.739701 NMSE=0.260299 shuffled_R2=-0.021828
ALIGN ego[03] partner[00] R2=0.746617 NMSE=0.253383 shuffled_R2=-0.016739
ALIGN ego[03] partner[01] R2=0.842748 NMSE=0.157252 shuffled_R2=-0.020002
ALIGN ego[03] partner[02] R2=0.742190 NMSE=0.257810 shuffled_R2=-0.020139
ALIGN ego[03] partner[03] R2=0.770493 NMSE=0.229507 shuffled_R2=-0.036995
ALIGN ego[03] partner[04] R2=0.772373 NMSE=0.227627 shuffled_R2=-0.017952
ALIGN ego[04] partner[00] R2=0.736739 NMSE=0.263261 shuffled_R2=-0.032110
ALIGN ego[04] partner[01] R2=0.818907 NMSE=0.181093 shuffled_R2=-0.023583
ALIGN ego[04] partner[02] R2=0.765591 NMSE=0.234409 shuffled_R2=-0.018989
ALIGN ego[04] partner[03] R2=0.651343 NMSE=0.348657 shuffled_R2=-0.038822
ALIGN ego[04] partner[04] R2=0.709206 NMSE=0.290794 shuffled_R2=-0.027425
Evaluating partner alignment group 1: method=mep_br, prefix=checkpoints/eval_pools/mep_br
LOADED: checkpoints/eval_pools/mep_br/counter_circuit/baseline_seed_0_step_380.msgpack
LOADED: checkpoints/eval_pools/mep_br/counter_circuit/baseline_seed_1_step_380.msgpack
LOADED: checkpoints/eval_pools/mep_br/counter_circuit/baseline_seed_2_step_380.msgpack
LOADED: checkpoints/eval_pools/mep_br/counter_circuit/baseline_seed_3_step_380.msgpack
LOADED: checkpoints/eval_pools/mep_br/counter_circuit/baseline_seed_4_step_380.msgpack
Using alignment rollout scale: ALIGN_PAIR_BATCH_SIZE=2, ALIGN_EVAL_NUM_EPISODES=128, ALIGN_EVAL_NUM_STEPS=400
ALIGN ego[00] partner[00] R2=0.854241 NMSE=0.145759 shuffled_R2=-0.030935
ALIGN ego[00] partner[01] R2=0.856794 NMSE=0.143206 shuffled_R2=-0.018021
ALIGN ego[00] partner[02] R2=0.829519 NMSE=0.170481 shuffled_R2=-0.016334
ALIGN ego[00] partner[03] R2=0.856642 NMSE=0.143358 shuffled_R2=-0.017123
ALIGN ego[00] partner[04] R2=0.798013 NMSE=0.201987 shuffled_R2=-0.016418
ALIGN ego[01] partner[00] R2=0.833850 NMSE=0.166150 shuffled_R2=-0.016527
ALIGN ego[01] partner[01] R2=0.795896 NMSE=0.204104 shuffled_R2=-0.027605
ALIGN ego[01] partner[02] R2=0.869258 NMSE=0.130742 shuffled_R2=-0.016025
ALIGN ego[01] partner[03] R2=0.833941 NMSE=0.166059 shuffled_R2=-0.019094
ALIGN ego[01] partner[04] R2=0.842591 NMSE=0.157409 shuffled_R2=-0.019157
ALIGN ego[02] partner[00] R2=0.773353 NMSE=0.226647 shuffled_R2=-0.024165
ALIGN ego[02] partner[01] R2=0.828567 NMSE=0.171433 shuffled_R2=-0.017948
ALIGN ego[02] partner[02] R2=0.869360 NMSE=0.130640 shuffled_R2=-0.015578
ALIGN ego[02] partner[03] R2=0.863487 NMSE=0.136513 shuffled_R2=-0.014809
ALIGN ego[02] partner[04] R2=0.753859 NMSE=0.246141 shuffled_R2=-0.017393
ALIGN ego[03] partner[00] R2=0.820910 NMSE=0.179090 shuffled_R2=-0.024027
ALIGN ego[03] partner[01] R2=0.837554 NMSE=0.162446 shuffled_R2=-0.022077
ALIGN ego[03] partner[02] R2=0.771454 NMSE=0.228546 shuffled_R2=-0.027235
ALIGN ego[03] partner[03] R2=0.788330 NMSE=0.211670 shuffled_R2=-0.017956
ALIGN ego[03] partner[04] R2=0.796129 NMSE=0.203871 shuffled_R2=-0.020266
ALIGN ego[04] partner[00] R2=0.853019 NMSE=0.146981 shuffled_R2=-0.020783
ALIGN ego[04] partner[01] R2=0.819201 NMSE=0.180799 shuffled_R2=-0.025307
ALIGN ego[04] partner[02] R2=0.822757 NMSE=0.177243 shuffled_R2=-0.024038
ALIGN ego[04] partner[03] R2=0.858510 NMSE=0.141490 shuffled_R2=-0.015512
ALIGN ego[04] partner[04] R2=0.842516 NMSE=0.157484 shuffled_R2=-0.014756
Evaluating partner alignment group 2: method=pbt, prefix=checkpoints/eval_pools/pbt
LOADED: checkpoints/eval_pools/pbt/counter_circuit/baseline_seed_0_step_62.msgpack
LOADED: checkpoints/eval_pools/pbt/counter_circuit/baseline_seed_1_step_62.msgpack
LOADED: checkpoints/eval_pools/pbt/counter_circuit/baseline_seed_2_step_62.msgpack
LOADED: checkpoints/eval_pools/pbt/counter_circuit/baseline_seed_3_step_62.msgpack
LOADED: checkpoints/eval_pools/pbt/counter_circuit/baseline_seed_4_step_62.msgpack
Using alignment rollout scale: ALIGN_PAIR_BATCH_SIZE=2, ALIGN_EVAL_NUM_EPISODES=128, ALIGN_EVAL_NUM_STEPS=400
ALIGN ego[00] partner[00] R2=0.776546 NMSE=0.223454 shuffled_R2=-0.016432
ALIGN ego[00] partner[01] R2=0.778441 NMSE=0.221559 shuffled_R2=-0.016272
ALIGN ego[00] partner[02] R2=0.748345 NMSE=0.251655 shuffled_R2=-0.016592
ALIGN ego[00] partner[03] R2=0.598270 NMSE=0.401730 shuffled_R2=-0.022030
ALIGN ego[00] partner[04] R2=0.751881 NMSE=0.248119 shuffled_R2=-0.017648
ALIGN ego[01] partner[00] R2=0.709684 NMSE=0.290316 shuffled_R2=-0.017875
ALIGN ego[01] partner[01] R2=0.724249 NMSE=0.275751 shuffled_R2=-0.015942
ALIGN ego[01] partner[02] R2=0.745003 NMSE=0.254997 shuffled_R2=-0.016551
ALIGN ego[01] partner[03] R2=0.599828 NMSE=0.400172 shuffled_R2=-0.031776
ALIGN ego[01] partner[04] R2=0.726667 NMSE=0.273333 shuffled_R2=-0.019225
ALIGN ego[02] partner[00] R2=0.724033 NMSE=0.275967 shuffled_R2=-0.018550
ALIGN ego[02] partner[01] R2=0.740869 NMSE=0.259131 shuffled_R2=-0.017948
ALIGN ego[02] partner[02] R2=0.749123 NMSE=0.250877 shuffled_R2=-0.015373
ALIGN ego[02] partner[03] R2=0.716851 NMSE=0.283149 shuffled_R2=-0.018852
ALIGN ego[02] partner[04] R2=0.788139 NMSE=0.211861 shuffled_R2=-0.013446
ALIGN ego[03] partner[00] R2=0.702140 NMSE=0.297860 shuffled_R2=-0.027943
ALIGN ego[03] partner[01] R2=0.742503 NMSE=0.257497 shuffled_R2=-0.031357
ALIGN ego[03] partner[02] R2=0.723505 NMSE=0.276495 shuffled_R2=-0.019414
ALIGN ego[03] partner[03] R2=0.719807 NMSE=0.280193 shuffled_R2=-0.025688
ALIGN ego[03] partner[04] R2=0.784515 NMSE=0.215485 shuffled_R2=-0.013735
ALIGN ego[04] partner[00] R2=0.796651 NMSE=0.203349 shuffled_R2=-0.015208
ALIGN ego[04] partner[01] R2=0.741176 NMSE=0.258824 shuffled_R2=-0.017317
ALIGN ego[04] partner[02] R2=0.769539 NMSE=0.230461 shuffled_R2=-0.017668
ALIGN ego[04] partner[03] R2=0.532822 NMSE=0.467178 shuffled_R2=-0.033936
ALIGN ego[04] partner[04] R2=0.770671 NMSE=0.229329 shuffled_R2=-0.019875
Evaluating partner alignment group 3: method=sp, prefix=checkpoints/eval_pools/sp
LOADED: checkpoints/eval_pools/sp/counter_circuit/baseline_seed_0_step_380.msgpack
LOADED: checkpoints/eval_pools/sp/counter_circuit/baseline_seed_1_step_380.msgpack
LOADED: checkpoints/eval_pools/sp/counter_circuit/baseline_seed_2_step_380.msgpack
LOADED: checkpoints/eval_pools/sp/counter_circuit/baseline_seed_3_step_380.msgpack
LOADED: checkpoints/eval_pools/sp/counter_circuit/baseline_seed_4_step_380.msgpack
Using alignment rollout scale: ALIGN_PAIR_BATCH_SIZE=2, ALIGN_EVAL_NUM_EPISODES=128, ALIGN_EVAL_NUM_STEPS=400
ALIGN ego[00] partner[00] R2=0.838019 NMSE=0.161981 shuffled_R2=-0.017714
ALIGN ego[00] partner[01] R2=0.880057 NMSE=0.119943 shuffled_R2=-0.016782
ALIGN ego[00] partner[02] R2=0.843277 NMSE=0.156723 shuffled_R2=-0.015029
ALIGN ego[00] partner[03] R2=0.768328 NMSE=0.231672 shuffled_R2=-0.032625
ALIGN ego[00] partner[04] R2=0.814018 NMSE=0.185982 shuffled_R2=-0.018229
ALIGN ego[01] partner[00] R2=0.823308 NMSE=0.176692 shuffled_R2=-0.019653
ALIGN ego[01] partner[01] R2=0.883919 NMSE=0.116081 shuffled_R2=-0.014251
ALIGN ego[01] partner[02] R2=0.809216 NMSE=0.190784 shuffled_R2=-0.018481
ALIGN ego[01] partner[03] R2=0.840175 NMSE=0.159825 shuffled_R2=-0.018473
ALIGN ego[01] partner[04] R2=0.783022 NMSE=0.216978 shuffled_R2=-0.018859
ALIGN ego[02] partner[00] R2=0.828118 NMSE=0.171882 shuffled_R2=-0.015951
ALIGN ego[02] partner[01] R2=0.787667 NMSE=0.212333 shuffled_R2=-0.018903
ALIGN ego[02] partner[02] R2=0.801428 NMSE=0.198572 shuffled_R2=-0.019754
ALIGN ego[02] partner[03] R2=0.775561 NMSE=0.224439 shuffled_R2=-0.049910
ALIGN ego[02] partner[04] R2=0.787107 NMSE=0.212893 shuffled_R2=-0.021330
ALIGN ego[03] partner[00] R2=0.872559 NMSE=0.127441 shuffled_R2=-0.017952
ALIGN ego[03] partner[01] R2=0.815315 NMSE=0.184685 shuffled_R2=-0.028390
ALIGN ego[03] partner[02] R2=0.834407 NMSE=0.165593 shuffled_R2=-0.018047
ALIGN ego[03] partner[03] R2=0.820695 NMSE=0.179305 shuffled_R2=-0.019635
ALIGN ego[03] partner[04] R2=0.821576 NMSE=0.178424 shuffled_R2=-0.020867
ALIGN ego[04] partner[00] R2=0.805418 NMSE=0.194582 shuffled_R2=-0.024315
ALIGN ego[04] partner[01] R2=0.893347 NMSE=0.106653 shuffled_R2=-0.014942
ALIGN ego[04] partner[02] R2=0.833698 NMSE=0.166302 shuffled_R2=-0.016518
ALIGN ego[04] partner[03] R2=0.861674 NMSE=0.138326 shuffled_R2=-0.016495
ALIGN ego[04] partner[04] R2=0.756536 NMSE=0.243464 shuffled_R2=-0.021715
Average ego-to-partner alignment R2: 0.788110 +- 0.006237 SE over 100 ego-partner pairs
Average alignment normalized MSE: 0.211890 +- 0.006237 SE
Average shuffled-control alignment R2: -0.020687 +- 0.000598 SE
Saved alignment results to ad_hoc_teamplay_results/lmpred_gamma0_ad_hoc_teamplay/counter_circuit
Evaluating ad-hoc teamplay for ego_method=lmpred_gamma0, layout=coord_ring
ego_prefix=checkpoints/lmpred_gamma0, partner_pool_specs=e3t:checkpoints/eval_pools/e3t;mep_br:checkpoints/eval_pools/mep_br;pbt:checkpoints/eval_pools/pbt;sp:checkpoints/eval_pools/sp, result_name=lmpred_gamma0_ad_hoc_teamplay, ego_perspective_transform=true
Importing submoduled environments...
Submoduled environments not found. Skipping import.
2026-07-13 07:22:35.010931: W external/xla/xla/service/gpu/autotuning/dot_search_space.cc:200] All configs were filtered out because none of them sufficiently match the hints. Maybe the hints set does not contain a good representative set of valid configs?Working around this by using the full hints set instead.
2026-07-13 07:22:36.163013: W external/xla/xla/service/gpu/autotuning/dot_search_space.cc:200] All configs were filtered out because none of them sufficiently match the hints. Maybe the hints set does not contain a good representative set of valid configs?Working around this by using the full hints set instead.
LOADED: checkpoints/lmpred_gamma0/coord_ring/baseline_seed_0_step_220.msgpack
LOADED: checkpoints/lmpred_gamma0/coord_ring/baseline_seed_1_step_220.msgpack
LOADED: checkpoints/lmpred_gamma0/coord_ring/baseline_seed_2_step_220.msgpack
LOADED: checkpoints/lmpred_gamma0/coord_ring/baseline_seed_3_step_220.msgpack
LOADED: checkpoints/lmpred_gamma0/coord_ring/baseline_seed_4_step_220.msgpack
Evaluating partner group 0: method=e3t, prefix=checkpoints/eval_pools/e3t
LOADED: checkpoints/eval_pools/e3t/coord_ring/baseline_seed_0_step_220.msgpack
LOADED: checkpoints/eval_pools/e3t/coord_ring/baseline_seed_1_step_220.msgpack
LOADED: checkpoints/eval_pools/e3t/coord_ring/baseline_seed_2_step_220.msgpack
LOADED: checkpoints/eval_pools/e3t/coord_ring/baseline_seed_3_step_220.msgpack
LOADED: checkpoints/eval_pools/e3t/coord_ring/baseline_seed_4_step_220.msgpack
Using XP rollout scale: XP_PAIR_BATCH_SIZE=32, EVAL_NUM_EPISODES=128, EVAL_NUM_STEPS=400
XP ego[00] partner[00] = 260.156
XP ego[00] partner[01] = 186.719
XP ego[00] partner[02] = 109.844
XP ego[00] partner[03] = 186.406
XP ego[00] partner[04] = 145.156
XP ego[01] partner[00] = 240.781
XP ego[01] partner[01] = 278.906
XP ego[01] partner[02] = 63.281
XP ego[01] partner[03] = 215.000
XP ego[01] partner[04] = 166.250
XP ego[02] partner[00] = 279.062
XP ego[02] partner[01] = 285.625
XP ego[02] partner[02] = 23.125
XP ego[02] partner[03] = 270.781
XP ego[02] partner[04] = 285.625
XP ego[03] partner[00] = 249.844
XP ego[03] partner[01] = 201.719
XP ego[03] partner[02] = 139.375
XP ego[03] partner[03] = 226.250
XP ego[03] partner[04] = 143.125
XP ego[04] partner[00] = 275.625
XP ego[04] partner[01] = 294.062
XP ego[04] partner[02] = 24.219
XP ego[04] partner[03] = 279.375
XP ego[04] partner[04] = 288.125
Evaluating partner group 1: method=mep_br, prefix=checkpoints/eval_pools/mep_br
LOADED: checkpoints/eval_pools/mep_br/coord_ring/baseline_seed_0_step_220.msgpack
LOADED: checkpoints/eval_pools/mep_br/coord_ring/baseline_seed_1_step_220.msgpack
LOADED: checkpoints/eval_pools/mep_br/coord_ring/baseline_seed_2_step_220.msgpack
LOADED: checkpoints/eval_pools/mep_br/coord_ring/baseline_seed_3_step_220.msgpack
LOADED: checkpoints/eval_pools/mep_br/coord_ring/baseline_seed_4_step_220.msgpack
Using XP rollout scale: XP_PAIR_BATCH_SIZE=32, EVAL_NUM_EPISODES=128, EVAL_NUM_STEPS=400
XP ego[00] partner[00] = 231.094
XP ego[00] partner[01] = 256.719
XP ego[00] partner[02] = 236.562
XP ego[00] partner[03] = 175.469
XP ego[00] partner[04] = 204.219
XP ego[01] partner[00] = 255.469
XP ego[01] partner[01] = 275.000
XP ego[01] partner[02] = 277.812
XP ego[01] partner[03] = 143.438
XP ego[01] partner[04] = 256.250
XP ego[02] partner[00] = 255.938
XP ego[02] partner[01] = 277.812
XP ego[02] partner[02] = 281.406
XP ego[02] partner[03] = 286.406
XP ego[02] partner[04] = 274.375
XP ego[03] partner[00] = 234.531
XP ego[03] partner[01] = 257.656
XP ego[03] partner[02] = 193.438
XP ego[03] partner[03] = 232.812
XP ego[03] partner[04] = 169.531
XP ego[04] partner[00] = 249.531
XP ego[04] partner[01] = 292.812
XP ego[04] partner[02] = 279.375
XP ego[04] partner[03] = 207.500
XP ego[04] partner[04] = 262.344
Evaluating partner group 2: method=pbt, prefix=checkpoints/eval_pools/pbt
LOADED: checkpoints/eval_pools/pbt/coord_ring/baseline_seed_0_step_62.msgpack
LOADED: checkpoints/eval_pools/pbt/coord_ring/baseline_seed_1_step_62.msgpack
LOADED: checkpoints/eval_pools/pbt/coord_ring/baseline_seed_2_step_62.msgpack
LOADED: checkpoints/eval_pools/pbt/coord_ring/baseline_seed_3_step_62.msgpack
LOADED: checkpoints/eval_pools/pbt/coord_ring/baseline_seed_4_step_62.msgpack
Using XP rollout scale: XP_PAIR_BATCH_SIZE=32, EVAL_NUM_EPISODES=128, EVAL_NUM_STEPS=400
XP ego[00] partner[00] = 262.500
XP ego[00] partner[01] = 275.000
XP ego[00] partner[02] = 263.281
XP ego[00] partner[03] = 269.062
XP ego[00] partner[04] = 267.188
XP ego[01] partner[00] = 274.844
XP ego[01] partner[01] = 216.250
XP ego[01] partner[02] = 189.062
XP ego[01] partner[03] = 260.156
XP ego[01] partner[04] = 178.906
XP ego[02] partner[00] = 290.625
XP ego[02] partner[01] = 285.312
XP ego[02] partner[02] = 281.094
XP ego[02] partner[03] = 268.906
XP ego[02] partner[04] = 290.469
XP ego[03] partner[00] = 192.344
XP ego[03] partner[01] = 185.312
XP ego[03] partner[02] = 153.438
XP ego[03] partner[03] = 150.469
XP ego[03] partner[04] = 182.656
XP ego[04] partner[00] = 290.469
XP ego[04] partner[01] = 271.875
XP ego[04] partner[02] = 266.719
XP ego[04] partner[03] = 252.812
XP ego[04] partner[04] = 277.031
Evaluating partner group 3: method=sp, prefix=checkpoints/eval_pools/sp
LOADED: checkpoints/eval_pools/sp/coord_ring/baseline_seed_0_step_220.msgpack
LOADED: checkpoints/eval_pools/sp/coord_ring/baseline_seed_1_step_220.msgpack
LOADED: checkpoints/eval_pools/sp/coord_ring/baseline_seed_2_step_220.msgpack
LOADED: checkpoints/eval_pools/sp/coord_ring/baseline_seed_3_step_220.msgpack
LOADED: checkpoints/eval_pools/sp/coord_ring/baseline_seed_4_step_220.msgpack
Using XP rollout scale: XP_PAIR_BATCH_SIZE=32, EVAL_NUM_EPISODES=128, EVAL_NUM_STEPS=400
XP ego[00] partner[00] = 261.250
XP ego[00] partner[01] = 271.719
XP ego[00] partner[02] = 217.344
XP ego[00] partner[03] = 259.375
XP ego[00] partner[04] = 252.500
XP ego[01] partner[00] = 269.531
XP ego[01] partner[01] = 252.500
XP ego[01] partner[02] = 122.344
XP ego[01] partner[03] = 270.781
XP ego[01] partner[04] = 248.281
XP ego[02] partner[00] = 279.531
XP ego[02] partner[01] = 271.094
XP ego[02] partner[02] = 261.250
XP ego[02] partner[03] = 282.656
XP ego[02] partner[04] = 266.875
XP ego[03] partner[00] = 236.250
XP ego[03] partner[01] = 253.125
XP ego[03] partner[02] = 188.438
XP ego[03] partner[03] = 211.875
XP ego[03] partner[04] = 242.188
XP ego[04] partner[00] = 281.094
XP ego[04] partner[01] = 277.500
XP ego[04] partner[02] = 273.438
XP ego[04] partner[03] = 291.406
XP ego[04] partner[04] = 273.125
Average ego-vs-partner performance: 235.972 +- 5.728 SE over 100 ordered pairs
Average diagonal performance: 215.312 +- 49.200 SE over 5 pairs
Average off-diagonal performance (only for square pools): nan +- nan SE over 0 ordered pairs
Saved ad-hoc teamplay results to ad_hoc_teamplay_results/lmpred_gamma0_ad_hoc_teamplay/coord_ring
Saved ad-hoc teamplay heatmap to ad_hoc_teamplay_results/lmpred_gamma0_ad_hoc_teamplay/coord_ring/xp_matrix.png
Evaluating partner alignment group 0: method=e3t, prefix=checkpoints/eval_pools/e3t
LOADED: checkpoints/eval_pools/e3t/coord_ring/baseline_seed_0_step_220.msgpack
LOADED: checkpoints/eval_pools/e3t/coord_ring/baseline_seed_1_step_220.msgpack
LOADED: checkpoints/eval_pools/e3t/coord_ring/baseline_seed_2_step_220.msgpack
LOADED: checkpoints/eval_pools/e3t/coord_ring/baseline_seed_3_step_220.msgpack
LOADED: checkpoints/eval_pools/e3t/coord_ring/baseline_seed_4_step_220.msgpack
Using alignment rollout scale: ALIGN_PAIR_BATCH_SIZE=2, ALIGN_EVAL_NUM_EPISODES=128, ALIGN_EVAL_NUM_STEPS=400
ALIGN ego[00] partner[00] R2=0.912156 NMSE=0.087844 shuffled_R2=-0.019642
ALIGN ego[00] partner[01] R2=0.352720 NMSE=0.647280 shuffled_R2=-0.085953
ALIGN ego[00] partner[02] R2=0.829623 NMSE=0.170377 shuffled_R2=-0.042548
ALIGN ego[00] partner[03] R2=0.938933 NMSE=0.061067 shuffled_R2=-0.016796
ALIGN ego[00] partner[04] R2=0.951044 NMSE=0.048956 shuffled_R2=-0.014999
ALIGN ego[01] partner[00] R2=0.899858 NMSE=0.100142 shuffled_R2=-0.017802
ALIGN ego[01] partner[01] R2=0.881733 NMSE=0.118267 shuffled_R2=-0.017077
ALIGN ego[01] partner[02] R2=0.934987 NMSE=0.065013 shuffled_R2=-0.015260
ALIGN ego[01] partner[03] R2=0.891963 NMSE=0.108037 shuffled_R2=-0.013415
ALIGN ego[01] partner[04] R2=0.899299 NMSE=0.100701 shuffled_R2=-0.014917
ALIGN ego[02] partner[00] R2=0.873426 NMSE=0.126574 shuffled_R2=-0.018666
ALIGN ego[02] partner[01] R2=0.858697 NMSE=0.141303 shuffled_R2=-0.017586
ALIGN ego[02] partner[02] R2=0.932414 NMSE=0.067586 shuffled_R2=-0.018554
ALIGN ego[02] partner[03] R2=0.862005 NMSE=0.137995 shuffled_R2=-0.016487
ALIGN ego[02] partner[04] R2=0.881911 NMSE=0.118089 shuffled_R2=-0.019816
ALIGN ego[03] partner[00] R2=0.886804 NMSE=0.113196 shuffled_R2=-0.015331
ALIGN ego[03] partner[01] R2=0.903093 NMSE=0.096907 shuffled_R2=-0.015711
ALIGN ego[03] partner[02] R2=0.928960 NMSE=0.071040 shuffled_R2=-0.019305
ALIGN ego[03] partner[03] R2=0.898546 NMSE=0.101454 shuffled_R2=-0.014037
ALIGN ego[03] partner[04] R2=0.954933 NMSE=0.045067 shuffled_R2=-0.016371
ALIGN ego[04] partner[00] R2=0.822944 NMSE=0.177056 shuffled_R2=-0.026352
ALIGN ego[04] partner[01] R2=0.871909 NMSE=0.128091 shuffled_R2=-0.017293
ALIGN ego[04] partner[02] R2=0.920251 NMSE=0.079749 shuffled_R2=-0.020269
ALIGN ego[04] partner[03] R2=0.918005 NMSE=0.081995 shuffled_R2=-0.014180
ALIGN ego[04] partner[04] R2=0.899630 NMSE=0.100370 shuffled_R2=-0.014020
Evaluating partner alignment group 1: method=mep_br, prefix=checkpoints/eval_pools/mep_br
LOADED: checkpoints/eval_pools/mep_br/coord_ring/baseline_seed_0_step_220.msgpack
LOADED: checkpoints/eval_pools/mep_br/coord_ring/baseline_seed_1_step_220.msgpack
LOADED: checkpoints/eval_pools/mep_br/coord_ring/baseline_seed_2_step_220.msgpack
LOADED: checkpoints/eval_pools/mep_br/coord_ring/baseline_seed_3_step_220.msgpack
LOADED: checkpoints/eval_pools/mep_br/coord_ring/baseline_seed_4_step_220.msgpack
Using alignment rollout scale: ALIGN_PAIR_BATCH_SIZE=2, ALIGN_EVAL_NUM_EPISODES=128, ALIGN_EVAL_NUM_STEPS=400
ALIGN ego[00] partner[00] R2=0.642327 NMSE=0.357673 shuffled_R2=-0.054054
ALIGN ego[00] partner[01] R2=0.901016 NMSE=0.098984 shuffled_R2=-0.020126
ALIGN ego[00] partner[02] R2=0.874708 NMSE=0.125292 shuffled_R2=-0.018294
ALIGN ego[00] partner[03] R2=0.685376 NMSE=0.314624 shuffled_R2=-0.049682
ALIGN ego[00] partner[04] R2=0.904742 NMSE=0.095258 shuffled_R2=-0.014940
ALIGN ego[01] partner[00] R2=0.844564 NMSE=0.155436 shuffled_R2=-0.022224
ALIGN ego[01] partner[01] R2=0.869304 NMSE=0.130696 shuffled_R2=-0.017510
ALIGN ego[01] partner[02] R2=0.883587 NMSE=0.116413 shuffled_R2=-0.016394
ALIGN ego[01] partner[03] R2=0.858835 NMSE=0.141165 shuffled_R2=-0.022163
ALIGN ego[01] partner[04] R2=0.883632 NMSE=0.116368 shuffled_R2=-0.016318
ALIGN ego[02] partner[00] R2=0.846806 NMSE=0.153194 shuffled_R2=-0.030656
ALIGN ego[02] partner[01] R2=0.877440 NMSE=0.122560 shuffled_R2=-0.016875
ALIGN ego[02] partner[02] R2=0.863740 NMSE=0.136260 shuffled_R2=-0.025341
ALIGN ego[02] partner[03] R2=0.865371 NMSE=0.134629 shuffled_R2=-0.024967
ALIGN ego[02] partner[04] R2=0.920650 NMSE=0.079350 shuffled_R2=-0.018745
ALIGN ego[03] partner[00] R2=0.901963 NMSE=0.098037 shuffled_R2=-0.013828
ALIGN ego[03] partner[01] R2=0.893059 NMSE=0.106941 shuffled_R2=-0.020626
ALIGN ego[03] partner[02] R2=0.779913 NMSE=0.220087 shuffled_R2=-0.034387
ALIGN ego[03] partner[03] R2=0.906941 NMSE=0.093059 shuffled_R2=-0.025905
ALIGN ego[03] partner[04] R2=0.927597 NMSE=0.072403 shuffled_R2=-0.020727
ALIGN ego[04] partner[00] R2=0.806414 NMSE=0.193586 shuffled_R2=-0.036986
ALIGN ego[04] partner[01] R2=0.909178 NMSE=0.090822 shuffled_R2=-0.014449
ALIGN ego[04] partner[02] R2=0.813597 NMSE=0.186403 shuffled_R2=-0.036928
ALIGN ego[04] partner[03] R2=0.902414 NMSE=0.097586 shuffled_R2=-0.020589
ALIGN ego[04] partner[04] R2=0.911815 NMSE=0.088185 shuffled_R2=-0.019103
Evaluating partner alignment group 2: method=pbt, prefix=checkpoints/eval_pools/pbt
LOADED: checkpoints/eval_pools/pbt/coord_ring/baseline_seed_0_step_62.msgpack
LOADED: checkpoints/eval_pools/pbt/coord_ring/baseline_seed_1_step_62.msgpack
LOADED: checkpoints/eval_pools/pbt/coord_ring/baseline_seed_2_step_62.msgpack
LOADED: checkpoints/eval_pools/pbt/coord_ring/baseline_seed_3_step_62.msgpack
LOADED: checkpoints/eval_pools/pbt/coord_ring/baseline_seed_4_step_62.msgpack
Using alignment rollout scale: ALIGN_PAIR_BATCH_SIZE=2, ALIGN_EVAL_NUM_EPISODES=128, ALIGN_EVAL_NUM_STEPS=400
ALIGN ego[00] partner[00] R2=0.851511 NMSE=0.148489 shuffled_R2=-0.016906
ALIGN ego[00] partner[01] R2=0.865714 NMSE=0.134286 shuffled_R2=-0.015347
ALIGN ego[00] partner[02] R2=0.824967 NMSE=0.175033 shuffled_R2=-0.024159
ALIGN ego[00] partner[03] R2=0.756259 NMSE=0.243741 shuffled_R2=-0.038069
ALIGN ego[00] partner[04] R2=0.774509 NMSE=0.225491 shuffled_R2=-0.030235
ALIGN ego[01] partner[00] R2=0.811016 NMSE=0.188984 shuffled_R2=-0.014695
ALIGN ego[01] partner[01] R2=0.783252 NMSE=0.216748 shuffled_R2=-0.016396
ALIGN ego[01] partner[02] R2=0.788680 NMSE=0.211320 shuffled_R2=-0.017522
ALIGN ego[01] partner[03] R2=0.711808 NMSE=0.288192 shuffled_R2=-0.024512
ALIGN ego[01] partner[04] R2=0.737708 NMSE=0.262292 shuffled_R2=-0.028364
ALIGN ego[02] partner[00] R2=0.802364 NMSE=0.197636 shuffled_R2=-0.016436
ALIGN ego[02] partner[01] R2=0.760264 NMSE=0.239736 shuffled_R2=-0.027030
ALIGN ego[02] partner[02] R2=0.775428 NMSE=0.224572 shuffled_R2=-0.018126
ALIGN ego[02] partner[03] R2=0.803092 NMSE=0.196908 shuffled_R2=-0.022924
ALIGN ego[02] partner[04] R2=0.805831 NMSE=0.194169 shuffled_R2=-0.017565
ALIGN ego[03] partner[00] R2=0.864070 NMSE=0.135930 shuffled_R2=-0.018141
ALIGN ego[03] partner[01] R2=0.857669 NMSE=0.142331 shuffled_R2=-0.020942
ALIGN ego[03] partner[02] R2=0.867174 NMSE=0.132826 shuffled_R2=-0.026588
ALIGN ego[03] partner[03] R2=0.868498 NMSE=0.131502 shuffled_R2=-0.017988
ALIGN ego[03] partner[04] R2=0.783492 NMSE=0.216508 shuffled_R2=-0.026812
ALIGN ego[04] partner[00] R2=0.782253 NMSE=0.217747 shuffled_R2=-0.022949
ALIGN ego[04] partner[01] R2=0.842107 NMSE=0.157893 shuffled_R2=-0.014196
ALIGN ego[04] partner[02] R2=0.788639 NMSE=0.211361 shuffled_R2=-0.015369
ALIGN ego[04] partner[03] R2=0.690982 NMSE=0.309018 shuffled_R2=-0.031272
ALIGN ego[04] partner[04] R2=0.795061 NMSE=0.204939 shuffled_R2=-0.015842
Evaluating partner alignment group 3: method=sp, prefix=checkpoints/eval_pools/sp
LOADED: checkpoints/eval_pools/sp/coord_ring/baseline_seed_0_step_220.msgpack
LOADED: checkpoints/eval_pools/sp/coord_ring/baseline_seed_1_step_220.msgpack
LOADED: checkpoints/eval_pools/sp/coord_ring/baseline_seed_2_step_220.msgpack
LOADED: checkpoints/eval_pools/sp/coord_ring/baseline_seed_3_step_220.msgpack
LOADED: checkpoints/eval_pools/sp/coord_ring/baseline_seed_4_step_220.msgpack
Using alignment rollout scale: ALIGN_PAIR_BATCH_SIZE=2, ALIGN_EVAL_NUM_EPISODES=128, ALIGN_EVAL_NUM_STEPS=400
ALIGN ego[00] partner[00] R2=0.921154 NMSE=0.078846 shuffled_R2=-0.016088
ALIGN ego[00] partner[01] R2=0.840806 NMSE=0.159194 shuffled_R2=-0.038790
ALIGN ego[00] partner[02] R2=0.912918 NMSE=0.087082 shuffled_R2=-0.017127
ALIGN ego[00] partner[03] R2=0.890381 NMSE=0.109619 shuffled_R2=-0.020478
ALIGN ego[00] partner[04] R2=0.829933 NMSE=0.170067 shuffled_R2=-0.048654
ALIGN ego[01] partner[00] R2=0.859110 NMSE=0.140890 shuffled_R2=-0.018439
ALIGN ego[01] partner[01] R2=0.891582 NMSE=0.108418 shuffled_R2=-0.014984
ALIGN ego[01] partner[02] R2=0.862094 NMSE=0.137906 shuffled_R2=-0.023105
ALIGN ego[01] partner[03] R2=0.879634 NMSE=0.120366 shuffled_R2=-0.023352
ALIGN ego[01] partner[04] R2=0.903121 NMSE=0.096879 shuffled_R2=-0.013514
ALIGN ego[02] partner[00] R2=0.895844 NMSE=0.104156 shuffled_R2=-0.016231
ALIGN ego[02] partner[01] R2=0.775264 NMSE=0.224736 shuffled_R2=-0.037214
ALIGN ego[02] partner[02] R2=0.883685 NMSE=0.116315 shuffled_R2=-0.016206
ALIGN ego[02] partner[03] R2=0.882704 NMSE=0.117296 shuffled_R2=-0.018905
ALIGN ego[02] partner[04] R2=0.926188 NMSE=0.073812 shuffled_R2=-0.015604
ALIGN ego[03] partner[00] R2=0.911493 NMSE=0.088507 shuffled_R2=-0.013895
ALIGN ego[03] partner[01] R2=0.902085 NMSE=0.097915 shuffled_R2=-0.014701
ALIGN ego[03] partner[02] R2=0.917998 NMSE=0.082002 shuffled_R2=-0.020364
ALIGN ego[03] partner[03] R2=0.842584 NMSE=0.157416 shuffled_R2=-0.025557
ALIGN ego[03] partner[04] R2=0.911143 NMSE=0.088857 shuffled_R2=-0.020223
ALIGN ego[04] partner[00] R2=0.886094 NMSE=0.113906 shuffled_R2=-0.017339
ALIGN ego[04] partner[01] R2=0.890400 NMSE=0.109600 shuffled_R2=-0.017380
ALIGN ego[04] partner[02] R2=0.813576 NMSE=0.186424 shuffled_R2=-0.015930
ALIGN ego[04] partner[03] R2=0.890710 NMSE=0.109290 shuffled_R2=-0.014747
ALIGN ego[04] partner[04] R2=0.917756 NMSE=0.082244 shuffled_R2=-0.016275
Average ego-to-partner alignment R2: 0.854114 +- 0.007931 SE over 100 ego-partner pairs
Average alignment normalized MSE: 0.145886 +- 0.007931 SE
Average shuffled-control alignment R2: -0.021877 +- 0.001047 SE
Saved alignment results to ad_hoc_teamplay_results/lmpred_gamma0_ad_hoc_teamplay/coord_ring
Evaluating ad-hoc teamplay for ego_method=lmpred_gamma0, layout=asymm_advantages
ego_prefix=checkpoints/lmpred_gamma0, partner_pool_specs=e3t:checkpoints/eval_pools/e3t;mep_br:checkpoints/eval_pools/mep_br;pbt:checkpoints/eval_pools/pbt;sp:checkpoints/eval_pools/sp, result_name=lmpred_gamma0_ad_hoc_teamplay, ego_perspective_transform=true
Cannot find primary config 'asymm_advantages'. Check that it's in your config search path.

Config search path:
	provider=hydra, path=pkg://hydra.conf
	provider=main, path=file:///net/scratch/n70579mp/tom/JaxMARL/baselines/overcookedv2/config/oc_extended/mep_br
	provider=schema, path=structured://

Set the environment variable HYDRA_FULL_ERROR=1 for a complete stack trace.
Importing submoduled environments...
Submoduled environments not found. Skipping import.
Evaluating ad-hoc teamplay for ego_method=lmpred_gamma0, layout=forced_coord
ego_prefix=checkpoints/lmpred_gamma0, partner_pool_specs=e3t:checkpoints/eval_pools/e3t;mep_br:checkpoints/eval_pools/mep_br;pbt:checkpoints/eval_pools/pbt;sp:checkpoints/eval_pools/sp, result_name=lmpred_gamma0_ad_hoc_teamplay, ego_perspective_transform=true
Cannot find primary config 'forced_coord'. Check that it's in your config search path.

Config search path:
	provider=hydra, path=pkg://hydra.conf
	provider=main, path=file:///net/scratch/n70579mp/tom/JaxMARL/baselines/overcookedv2/config/oc_extended/mep_br
	provider=schema, path=structured://

Set the environment variable HYDRA_FULL_ERROR=1 for a complete stack trace.
Importing submoduled environments...
Submoduled environments not found. Skipping import.
Evaluating ad-hoc teamplay for ego_method=lmpred_gamma0_ablate, layout=cramped_room5x5
ego_prefix=checkpoints/lmpred_gamma0_ablate, partner_pool_specs=e3t:checkpoints/eval_pools/e3t;mep_br:checkpoints/eval_pools/mep_br;pbt:checkpoints/eval_pools/pbt;sp:checkpoints/eval_pools/sp, result_name=lmpred_gamma0_ablate_ad_hoc_teamplay, ego_perspective_transform=false
Importing submoduled environments...
Submoduled environments not found. Skipping import.
2026-07-13 07:27:06.422927: W external/xla/xla/service/gpu/autotuning/dot_search_space.cc:200] All configs were filtered out because none of them sufficiently match the hints. Maybe the hints set does not contain a good representative set of valid configs?Working around this by using the full hints set instead.
2026-07-13 07:27:07.429311: W external/xla/xla/service/gpu/autotuning/dot_search_space.cc:200] All configs were filtered out because none of them sufficiently match the hints. Maybe the hints set does not contain a good representative set of valid configs?Working around this by using the full hints set instead.
LOADED: checkpoints/lmpred_gamma0_ablate/cramped_room5x5/baseline_seed_0_step_220.msgpack
LOADED: checkpoints/lmpred_gamma0_ablate/cramped_room5x5/baseline_seed_1_step_220.msgpack
LOADED: checkpoints/lmpred_gamma0_ablate/cramped_room5x5/baseline_seed_2_step_220.msgpack
LOADED: checkpoints/lmpred_gamma0_ablate/cramped_room5x5/baseline_seed_3_step_220.msgpack
LOADED: checkpoints/lmpred_gamma0_ablate/cramped_room5x5/baseline_seed_4_step_220.msgpack
Evaluating partner group 0: method=e3t, prefix=checkpoints/eval_pools/e3t
LOADED: checkpoints/eval_pools/e3t/cramped_room5x5/baseline_seed_0_step_220.msgpack
LOADED: checkpoints/eval_pools/e3t/cramped_room5x5/baseline_seed_1_step_220.msgpack
LOADED: checkpoints/eval_pools/e3t/cramped_room5x5/baseline_seed_2_step_220.msgpack
LOADED: checkpoints/eval_pools/e3t/cramped_room5x5/baseline_seed_3_step_220.msgpack
LOADED: checkpoints/eval_pools/e3t/cramped_room5x5/baseline_seed_4_step_220.msgpack
Using XP rollout scale: XP_PAIR_BATCH_SIZE=32, EVAL_NUM_EPISODES=128, EVAL_NUM_STEPS=400
XP ego[00] partner[00] = 208.906
XP ego[00] partner[01] = 213.281
XP ego[00] partner[02] = 234.688
XP ego[00] partner[03] = 221.094
XP ego[00] partner[04] = 171.875
XP ego[01] partner[00] = 217.188
XP ego[01] partner[01] = 207.656
XP ego[01] partner[02] = 176.250
XP ego[01] partner[03] = 137.031
XP ego[01] partner[04] = 202.969
XP ego[02] partner[00] = 222.500
XP ego[02] partner[01] = 235.469
XP ego[02] partner[02] = 226.094
XP ego[02] partner[03] = 232.812
XP ego[02] partner[04] = 221.875
XP ego[03] partner[00] = 210.625
XP ego[03] partner[01] = 205.312
XP ego[03] partner[02] = 230.938
XP ego[03] partner[03] = 196.094
XP ego[03] partner[04] = 186.250
XP ego[04] partner[00] = 176.094
XP ego[04] partner[01] = 188.594
XP ego[04] partner[02] = 141.719
XP ego[04] partner[03] = 182.812
XP ego[04] partner[04] = 202.344
Evaluating partner group 1: method=mep_br, prefix=checkpoints/eval_pools/mep_br
LOADED: checkpoints/eval_pools/mep_br/cramped_room5x5/baseline_seed_0_step_220.msgpack
LOADED: checkpoints/eval_pools/mep_br/cramped_room5x5/baseline_seed_1_step_220.msgpack
LOADED: checkpoints/eval_pools/mep_br/cramped_room5x5/baseline_seed_2_step_220.msgpack
LOADED: checkpoints/eval_pools/mep_br/cramped_room5x5/baseline_seed_3_step_220.msgpack
LOADED: checkpoints/eval_pools/mep_br/cramped_room5x5/baseline_seed_4_step_220.msgpack
Using XP rollout scale: XP_PAIR_BATCH_SIZE=32, EVAL_NUM_EPISODES=128, EVAL_NUM_STEPS=400
XP ego[00] partner[00] = 226.250
XP ego[00] partner[01] = 200.469
XP ego[00] partner[02] = 237.188
XP ego[00] partner[03] = 234.219
XP ego[00] partner[04] = 190.625
XP ego[01] partner[00] = 206.250
XP ego[01] partner[01] = 230.469
XP ego[01] partner[02] = 231.875
XP ego[01] partner[03] = 237.969
XP ego[01] partner[04] = 220.938
XP ego[02] partner[00] = 224.375
XP ego[02] partner[01] = 236.562
XP ego[02] partner[02] = 226.875
XP ego[02] partner[03] = 240.000
XP ego[02] partner[04] = 192.656
XP ego[03] partner[00] = 108.125
XP ego[03] partner[01] = 222.812
XP ego[03] partner[02] = 154.688
XP ego[03] partner[03] = 191.094
XP ego[03] partner[04] = 193.438
XP ego[04] partner[00] = 207.188
XP ego[04] partner[01] = 192.344
XP ego[04] partner[02] = 169.219
XP ego[04] partner[03] = 217.031
XP ego[04] partner[04] = 221.250
Evaluating partner group 2: method=pbt, prefix=checkpoints/eval_pools/pbt
LOADED: checkpoints/eval_pools/pbt/cramped_room5x5/baseline_seed_0_step_62.msgpack
LOADED: checkpoints/eval_pools/pbt/cramped_room5x5/baseline_seed_1_step_62.msgpack
LOADED: checkpoints/eval_pools/pbt/cramped_room5x5/baseline_seed_2_step_62.msgpack
LOADED: checkpoints/eval_pools/pbt/cramped_room5x5/baseline_seed_3_step_62.msgpack
LOADED: checkpoints/eval_pools/pbt/cramped_room5x5/baseline_seed_4_step_62.msgpack
Using XP rollout scale: XP_PAIR_BATCH_SIZE=32, EVAL_NUM_EPISODES=128, EVAL_NUM_STEPS=400
XP ego[00] partner[00] = 225.312
XP ego[00] partner[01] = 181.719
XP ego[00] partner[02] = 180.781
XP ego[00] partner[03] = 223.281
XP ego[00] partner[04] = 223.594
XP ego[01] partner[00] = 74.219
XP ego[01] partner[01] = 35.938
XP ego[01] partner[02] = 45.938
XP ego[01] partner[03] = 114.844
XP ego[01] partner[04] = 142.500
XP ego[02] partner[00] = 196.719
XP ego[02] partner[01] = 216.406
XP ego[02] partner[02] = 215.625
XP ego[02] partner[03] = 202.969
XP ego[02] partner[04] = 200.469
XP ego[03] partner[00] = 47.656
XP ego[03] partner[01] = 50.781
XP ego[03] partner[02] = 40.312
XP ego[03] partner[03] = 52.031
XP ego[03] partner[04] = 39.688
XP ego[04] partner[00] = 122.969
XP ego[04] partner[01] = 106.094
XP ego[04] partner[02] = 127.969
XP ego[04] partner[03] = 143.906
XP ego[04] partner[04] = 140.781
Evaluating partner group 3: method=sp, prefix=checkpoints/eval_pools/sp
LOADED: checkpoints/eval_pools/sp/cramped_room5x5/baseline_seed_0_step_220.msgpack
LOADED: checkpoints/eval_pools/sp/cramped_room5x5/baseline_seed_1_step_220.msgpack
LOADED: checkpoints/eval_pools/sp/cramped_room5x5/baseline_seed_2_step_220.msgpack
LOADED: checkpoints/eval_pools/sp/cramped_room5x5/baseline_seed_3_step_220.msgpack
LOADED: checkpoints/eval_pools/sp/cramped_room5x5/baseline_seed_4_step_220.msgpack
Using XP rollout scale: XP_PAIR_BATCH_SIZE=32, EVAL_NUM_EPISODES=128, EVAL_NUM_STEPS=400
XP ego[00] partner[00] = 225.781
XP ego[00] partner[01] = 230.469
XP ego[00] partner[02] = 199.062
XP ego[00] partner[03] = 232.969
XP ego[00] partner[04] = 219.531
XP ego[01] partner[00] = 210.781
XP ego[01] partner[01] = 23.750
XP ego[01] partner[02] = 225.156
XP ego[01] partner[03] = 222.812
XP ego[01] partner[04] = 192.344
XP ego[02] partner[00] = 197.188
XP ego[02] partner[01] = 185.312
XP ego[02] partner[02] = 211.250
XP ego[02] partner[03] = 222.812
XP ego[02] partner[04] = 209.062
XP ego[03] partner[00] = 187.812
XP ego[03] partner[01] = 198.750
XP ego[03] partner[02] = 225.312
XP ego[03] partner[03] = 229.375
XP ego[03] partner[04] = 99.062
XP ego[04] partner[00] = 196.250
XP ego[04] partner[01] = 141.719
XP ego[04] partner[02] = 210.156
XP ego[04] partner[03] = 189.062
XP ego[04] partner[04] = 201.250
Average ego-vs-partner performance: 185.039 +- 5.472 SE over 100 ordered pairs
Average diagonal performance: 208.219 +- 5.009 SE over 5 pairs
Average off-diagonal performance (only for square pools): nan +- nan SE over 0 ordered pairs
Saved ad-hoc teamplay results to ad_hoc_teamplay_results/lmpred_gamma0_ablate_ad_hoc_teamplay/cramped_room5x5
Saved ad-hoc teamplay heatmap to ad_hoc_teamplay_results/lmpred_gamma0_ablate_ad_hoc_teamplay/cramped_room5x5/xp_matrix.png
Evaluating partner alignment group 0: method=e3t, prefix=checkpoints/eval_pools/e3t
LOADED: checkpoints/eval_pools/e3t/cramped_room5x5/baseline_seed_0_step_220.msgpack
LOADED: checkpoints/eval_pools/e3t/cramped_room5x5/baseline_seed_1_step_220.msgpack
LOADED: checkpoints/eval_pools/e3t/cramped_room5x5/baseline_seed_2_step_220.msgpack
LOADED: checkpoints/eval_pools/e3t/cramped_room5x5/baseline_seed_3_step_220.msgpack
LOADED: checkpoints/eval_pools/e3t/cramped_room5x5/baseline_seed_4_step_220.msgpack
Using alignment rollout scale: ALIGN_PAIR_BATCH_SIZE=2, ALIGN_EVAL_NUM_EPISODES=128, ALIGN_EVAL_NUM_STEPS=400
ALIGN ego[00] partner[00] R2=0.940922 NMSE=0.059078 shuffled_R2=-0.021736
ALIGN ego[00] partner[01] R2=0.922368 NMSE=0.077632 shuffled_R2=-0.037986
ALIGN ego[00] partner[02] R2=0.944257 NMSE=0.055743 shuffled_R2=-0.017586
ALIGN ego[00] partner[03] R2=0.935645 NMSE=0.064355 shuffled_R2=-0.020141
ALIGN ego[00] partner[04] R2=0.908984 NMSE=0.091016 shuffled_R2=-0.028555
ALIGN ego[01] partner[00] R2=0.924726 NMSE=0.075274 shuffled_R2=-0.029548
ALIGN ego[01] partner[01] R2=0.962486 NMSE=0.037514 shuffled_R2=-0.017202
ALIGN ego[01] partner[02] R2=0.957082 NMSE=0.042918 shuffled_R2=-0.019290
ALIGN ego[01] partner[03] R2=0.883234 NMSE=0.116766 shuffled_R2=-0.024274
ALIGN ego[01] partner[04] R2=0.960730 NMSE=0.039270 shuffled_R2=-0.015572
ALIGN ego[02] partner[00] R2=0.934201 NMSE=0.065799 shuffled_R2=-0.020389
ALIGN ego[02] partner[01] R2=0.872705 NMSE=0.127295 shuffled_R2=-0.042867
ALIGN ego[02] partner[02] R2=0.944857 NMSE=0.055143 shuffled_R2=-0.021811
ALIGN ego[02] partner[03] R2=0.906230 NMSE=0.093770 shuffled_R2=-0.022968
ALIGN ego[02] partner[04] R2=0.916294 NMSE=0.083706 shuffled_R2=-0.036645
ALIGN ego[03] partner[00] R2=0.953356 NMSE=0.046644 shuffled_R2=-0.017604
ALIGN ego[03] partner[01] R2=0.925817 NMSE=0.074183 shuffled_R2=-0.021611
ALIGN ego[03] partner[02] R2=0.861788 NMSE=0.138212 shuffled_R2=-0.041532
ALIGN ego[03] partner[03] R2=0.850826 NMSE=0.149174 shuffled_R2=-0.038169
ALIGN ego[03] partner[04] R2=0.952211 NMSE=0.047789 shuffled_R2=-0.020006
ALIGN ego[04] partner[00] R2=0.954263 NMSE=0.045737 shuffled_R2=-0.016654
ALIGN ego[04] partner[01] R2=0.947679 NMSE=0.052321 shuffled_R2=-0.019760
ALIGN ego[04] partner[02] R2=0.953457 NMSE=0.046543 shuffled_R2=-0.017220
ALIGN ego[04] partner[03] R2=0.907971 NMSE=0.092029 shuffled_R2=-0.041192
ALIGN ego[04] partner[04] R2=0.944672 NMSE=0.055328 shuffled_R2=-0.022461
Evaluating partner alignment group 1: method=mep_br, prefix=checkpoints/eval_pools/mep_br
LOADED: checkpoints/eval_pools/mep_br/cramped_room5x5/baseline_seed_0_step_220.msgpack
LOADED: checkpoints/eval_pools/mep_br/cramped_room5x5/baseline_seed_1_step_220.msgpack
LOADED: checkpoints/eval_pools/mep_br/cramped_room5x5/baseline_seed_2_step_220.msgpack
LOADED: checkpoints/eval_pools/mep_br/cramped_room5x5/baseline_seed_3_step_220.msgpack
LOADED: checkpoints/eval_pools/mep_br/cramped_room5x5/baseline_seed_4_step_220.msgpack
Using alignment rollout scale: ALIGN_PAIR_BATCH_SIZE=2, ALIGN_EVAL_NUM_EPISODES=128, ALIGN_EVAL_NUM_STEPS=400
ALIGN ego[00] partner[00] R2=0.936137 NMSE=0.063863 shuffled_R2=-0.017709
ALIGN ego[00] partner[01] R2=0.948390 NMSE=0.051610 shuffled_R2=-0.016748
ALIGN ego[00] partner[02] R2=0.949191 NMSE=0.050809 shuffled_R2=-0.019469
ALIGN ego[00] partner[03] R2=0.946439 NMSE=0.053561 shuffled_R2=-0.023958
ALIGN ego[00] partner[04] R2=0.875057 NMSE=0.124943 shuffled_R2=-0.072341
ALIGN ego[01] partner[00] R2=0.880446 NMSE=0.119554 shuffled_R2=-0.036524
ALIGN ego[01] partner[01] R2=0.959522 NMSE=0.040478 shuffled_R2=-0.017123
ALIGN ego[01] partner[02] R2=0.953040 NMSE=0.046960 shuffled_R2=-0.014565
ALIGN ego[01] partner[03] R2=0.965159 NMSE=0.034841 shuffled_R2=-0.015513
ALIGN ego[01] partner[04] R2=0.918206 NMSE=0.081794 shuffled_R2=-0.021014
ALIGN ego[02] partner[00] R2=0.927992 NMSE=0.072008 shuffled_R2=-0.020374
ALIGN ego[02] partner[01] R2=0.947633 NMSE=0.052367 shuffled_R2=-0.014649
ALIGN ego[02] partner[02] R2=0.962704 NMSE=0.037296 shuffled_R2=-0.016690
ALIGN ego[02] partner[03] R2=0.941595 NMSE=0.058405 shuffled_R2=-0.021246
ALIGN ego[02] partner[04] R2=0.948240 NMSE=0.051760 shuffled_R2=-0.026637
ALIGN ego[03] partner[00] R2=0.914810 NMSE=0.085190 shuffled_R2=-0.020491
ALIGN ego[03] partner[01] R2=0.946887 NMSE=0.053113 shuffled_R2=-0.015006
ALIGN ego[03] partner[02] R2=0.952439 NMSE=0.047561 shuffled_R2=-0.016911
ALIGN ego[03] partner[03] R2=0.964608 NMSE=0.035392 shuffled_R2=-0.016037
ALIGN ego[03] partner[04] R2=0.934581 NMSE=0.065419 shuffled_R2=-0.017904
ALIGN ego[04] partner[00] R2=0.958366 NMSE=0.041634 shuffled_R2=-0.015141
ALIGN ego[04] partner[01] R2=0.944592 NMSE=0.055408 shuffled_R2=-0.016488
ALIGN ego[04] partner[02] R2=0.956948 NMSE=0.043052 shuffled_R2=-0.018099
ALIGN ego[04] partner[03] R2=0.934309 NMSE=0.065691 shuffled_R2=-0.023504
ALIGN ego[04] partner[04] R2=0.940968 NMSE=0.059032 shuffled_R2=-0.022116
Evaluating partner alignment group 2: method=pbt, prefix=checkpoints/eval_pools/pbt
LOADED: checkpoints/eval_pools/pbt/cramped_room5x5/baseline_seed_0_step_62.msgpack
LOADED: checkpoints/eval_pools/pbt/cramped_room5x5/baseline_seed_1_step_62.msgpack
LOADED: checkpoints/eval_pools/pbt/cramped_room5x5/baseline_seed_2_step_62.msgpack
LOADED: checkpoints/eval_pools/pbt/cramped_room5x5/baseline_seed_3_step_62.msgpack
LOADED: checkpoints/eval_pools/pbt/cramped_room5x5/baseline_seed_4_step_62.msgpack
Using alignment rollout scale: ALIGN_PAIR_BATCH_SIZE=2, ALIGN_EVAL_NUM_EPISODES=128, ALIGN_EVAL_NUM_STEPS=400
ALIGN ego[00] partner[00] R2=0.880317 NMSE=0.119683 shuffled_R2=-0.015634
ALIGN ego[00] partner[01] R2=0.868491 NMSE=0.131509 shuffled_R2=-0.016241
ALIGN ego[00] partner[02] R2=0.886249 NMSE=0.113751 shuffled_R2=-0.016931
ALIGN ego[00] partner[03] R2=0.884137 NMSE=0.115863 shuffled_R2=-0.015457
ALIGN ego[00] partner[04] R2=0.867603 NMSE=0.132397 shuffled_R2=-0.019747
ALIGN ego[01] partner[00] R2=0.864505 NMSE=0.135495 shuffled_R2=-0.017628
ALIGN ego[01] partner[01] R2=0.880483 NMSE=0.119517 shuffled_R2=-0.017130
ALIGN ego[01] partner[02] R2=0.858114 NMSE=0.141886 shuffled_R2=-0.014451
ALIGN ego[01] partner[03] R2=0.851829 NMSE=0.148171 shuffled_R2=-0.020145
ALIGN ego[01] partner[04] R2=0.880366 NMSE=0.119634 shuffled_R2=-0.016513
ALIGN ego[02] partner[00] R2=0.874448 NMSE=0.125552 shuffled_R2=-0.016287
ALIGN ego[02] partner[01] R2=0.850404 NMSE=0.149596 shuffled_R2=-0.016407
ALIGN ego[02] partner[02] R2=0.841468 NMSE=0.158532 shuffled_R2=-0.018833
ALIGN ego[02] partner[03] R2=0.837584 NMSE=0.162416 shuffled_R2=-0.016855
ALIGN ego[02] partner[04] R2=0.879250 NMSE=0.120750 shuffled_R2=-0.013348
ALIGN ego[03] partner[00] R2=0.865851 NMSE=0.134149 shuffled_R2=-0.016919
ALIGN ego[03] partner[01] R2=0.740166 NMSE=0.259834 shuffled_R2=-0.036123
ALIGN ego[03] partner[02] R2=0.428312 NMSE=0.571688 shuffled_R2=-0.102288
ALIGN ego[03] partner[03] R2=0.655850 NMSE=0.344150 shuffled_R2=-0.098736
ALIGN ego[03] partner[04] R2=0.842738 NMSE=0.157262 shuffled_R2=-0.020420
ALIGN ego[04] partner[00] R2=0.910535 NMSE=0.089465 shuffled_R2=-0.013192
ALIGN ego[04] partner[01] R2=0.886980 NMSE=0.113020 shuffled_R2=-0.016729
ALIGN ego[04] partner[02] R2=0.839451 NMSE=0.160549 shuffled_R2=-0.036716
ALIGN ego[04] partner[03] R2=0.695518 NMSE=0.304482 shuffled_R2=-0.047955
ALIGN ego[04] partner[04] R2=0.884871 NMSE=0.115129 shuffled_R2=-0.015238
Evaluating partner alignment group 3: method=sp, prefix=checkpoints/eval_pools/sp
LOADED: checkpoints/eval_pools/sp/cramped_room5x5/baseline_seed_0_step_220.msgpack
LOADED: checkpoints/eval_pools/sp/cramped_room5x5/baseline_seed_1_step_220.msgpack
LOADED: checkpoints/eval_pools/sp/cramped_room5x5/baseline_seed_2_step_220.msgpack
LOADED: checkpoints/eval_pools/sp/cramped_room5x5/baseline_seed_3_step_220.msgpack
LOADED: checkpoints/eval_pools/sp/cramped_room5x5/baseline_seed_4_step_220.msgpack
Using alignment rollout scale: ALIGN_PAIR_BATCH_SIZE=2, ALIGN_EVAL_NUM_EPISODES=128, ALIGN_EVAL_NUM_STEPS=400
ALIGN ego[00] partner[00] R2=0.867360 NMSE=0.132640 shuffled_R2=-0.047446
ALIGN ego[00] partner[01] R2=0.950792 NMSE=0.049208 shuffled_R2=-0.022252
ALIGN ego[00] partner[02] R2=0.940444 NMSE=0.059556 shuffled_R2=-0.016514
ALIGN ego[00] partner[03] R2=0.908098 NMSE=0.091902 shuffled_R2=-0.026995
ALIGN ego[00] partner[04] R2=0.943000 NMSE=0.057000 shuffled_R2=-0.022411
ALIGN ego[01] partner[00] R2=0.948492 NMSE=0.051508 shuffled_R2=-0.016719
ALIGN ego[01] partner[01] R2=0.974762 NMSE=0.025238 shuffled_R2=-0.016124
ALIGN ego[01] partner[02] R2=0.940618 NMSE=0.059382 shuffled_R2=-0.019703
ALIGN ego[01] partner[03] R2=0.956544 NMSE=0.043456 shuffled_R2=-0.016476
ALIGN ego[01] partner[04] R2=0.886219 NMSE=0.113781 shuffled_R2=-0.062323
ALIGN ego[02] partner[00] R2=0.945309 NMSE=0.054691 shuffled_R2=-0.017196
ALIGN ego[02] partner[01] R2=0.940784 NMSE=0.059216 shuffled_R2=-0.018257
ALIGN ego[02] partner[02] R2=0.926727 NMSE=0.073273 shuffled_R2=-0.029706
ALIGN ego[02] partner[03] R2=0.953546 NMSE=0.046454 shuffled_R2=-0.015272
ALIGN ego[02] partner[04] R2=0.966869 NMSE=0.033131 shuffled_R2=-0.015081
ALIGN ego[03] partner[00] R2=0.950110 NMSE=0.049890 shuffled_R2=-0.015435
ALIGN ego[03] partner[01] R2=0.963169 NMSE=0.036831 shuffled_R2=-0.016270
ALIGN ego[03] partner[02] R2=0.954370 NMSE=0.045630 shuffled_R2=-0.018338
ALIGN ego[03] partner[03] R2=0.950100 NMSE=0.049900 shuffled_R2=-0.016385
ALIGN ego[03] partner[04] R2=0.955718 NMSE=0.044282 shuffled_R2=-0.021014
ALIGN ego[04] partner[00] R2=0.922311 NMSE=0.077689 shuffled_R2=-0.025842
ALIGN ego[04] partner[01] R2=0.950869 NMSE=0.049131 shuffled_R2=-0.020904
ALIGN ego[04] partner[02] R2=0.961252 NMSE=0.038748 shuffled_R2=-0.015486
ALIGN ego[04] partner[03] R2=0.943552 NMSE=0.056448 shuffled_R2=-0.014797
ALIGN ego[04] partner[04] R2=0.964598 NMSE=0.035402 shuffled_R2=-0.014887
Average ego-to-partner alignment R2: 0.909962 +- 0.007267 SE over 100 ego-partner pairs
Average alignment normalized MSE: 0.090038 +- 0.007267 SE
Average shuffled-control alignment R2: -0.023668 +- 0.001495 SE
Saved alignment results to ad_hoc_teamplay_results/lmpred_gamma0_ablate_ad_hoc_teamplay/cramped_room5x5
Evaluating ad-hoc teamplay for ego_method=lmpred_gamma0_ablate, layout=counter_circuit
ego_prefix=checkpoints/lmpred_gamma0_ablate, partner_pool_specs=e3t:checkpoints/eval_pools/e3t;mep_br:checkpoints/eval_pools/mep_br;pbt:checkpoints/eval_pools/pbt;sp:checkpoints/eval_pools/sp, result_name=lmpred_gamma0_ablate_ad_hoc_teamplay, ego_perspective_transform=false
Importing submoduled environments...
Submoduled environments not found. Skipping import.
2026-07-13 07:30:35.617400: W external/xla/xla/service/gpu/autotuning/dot_search_space.cc:200] All configs were filtered out because none of them sufficiently match the hints. Maybe the hints set does not contain a good representative set of valid configs?Working around this by using the full hints set instead.
2026-07-13 07:30:36.643782: W external/xla/xla/service/gpu/autotuning/dot_search_space.cc:200] All configs were filtered out because none of them sufficiently match the hints. Maybe the hints set does not contain a good representative set of valid configs?Working around this by using the full hints set instead.
LOADED: checkpoints/lmpred_gamma0_ablate/counter_circuit/baseline_seed_0_step_380.msgpack
LOADED: checkpoints/lmpred_gamma0_ablate/counter_circuit/baseline_seed_1_step_380.msgpack
LOADED: checkpoints/lmpred_gamma0_ablate/counter_circuit/baseline_seed_2_step_380.msgpack
LOADED: checkpoints/lmpred_gamma0_ablate/counter_circuit/baseline_seed_3_step_380.msgpack
LOADED: checkpoints/lmpred_gamma0_ablate/counter_circuit/baseline_seed_4_step_380.msgpack
Evaluating partner group 0: method=e3t, prefix=checkpoints/eval_pools/e3t
LOADED: checkpoints/eval_pools/e3t/counter_circuit/baseline_seed_0_step_220.msgpack
LOADED: checkpoints/eval_pools/e3t/counter_circuit/baseline_seed_1_step_220.msgpack
LOADED: checkpoints/eval_pools/e3t/counter_circuit/baseline_seed_2_step_220.msgpack
LOADED: checkpoints/eval_pools/e3t/counter_circuit/baseline_seed_3_step_220.msgpack
LOADED: checkpoints/eval_pools/e3t/counter_circuit/baseline_seed_4_step_220.msgpack
Using XP rollout scale: XP_PAIR_BATCH_SIZE=32, EVAL_NUM_EPISODES=128, EVAL_NUM_STEPS=400
XP ego[00] partner[00] = 173.750
XP ego[00] partner[01] = 153.594
XP ego[00] partner[02] = 113.125
XP ego[00] partner[03] = 7.969
XP ego[00] partner[04] = 81.719
XP ego[01] partner[00] = 77.188
XP ego[01] partner[01] = 80.938
XP ego[01] partner[02] = 92.188
XP ego[01] partner[03] = 62.969
XP ego[01] partner[04] = 127.031
XP ego[02] partner[00] = 154.844
XP ego[02] partner[01] = 166.406
XP ego[02] partner[02] = 105.312
XP ego[02] partner[03] = 20.312
XP ego[02] partner[04] = 129.844
XP ego[03] partner[00] = 152.344
XP ego[03] partner[01] = 132.344
XP ego[03] partner[02] = 142.344
XP ego[03] partner[03] = 33.750
XP ego[03] partner[04] = 143.438
XP ego[04] partner[00] = 152.500
XP ego[04] partner[01] = 107.031
XP ego[04] partner[02] = 90.000
XP ego[04] partner[03] = 2.188
XP ego[04] partner[04] = 114.375
Evaluating partner group 1: method=mep_br, prefix=checkpoints/eval_pools/mep_br
LOADED: checkpoints/eval_pools/mep_br/counter_circuit/baseline_seed_0_step_380.msgpack
LOADED: checkpoints/eval_pools/mep_br/counter_circuit/baseline_seed_1_step_380.msgpack
LOADED: checkpoints/eval_pools/mep_br/counter_circuit/baseline_seed_2_step_380.msgpack
LOADED: checkpoints/eval_pools/mep_br/counter_circuit/baseline_seed_3_step_380.msgpack
LOADED: checkpoints/eval_pools/mep_br/counter_circuit/baseline_seed_4_step_380.msgpack
Using XP rollout scale: XP_PAIR_BATCH_SIZE=32, EVAL_NUM_EPISODES=128, EVAL_NUM_STEPS=400
XP ego[00] partner[00] = 205.312
XP ego[00] partner[01] = 200.156
XP ego[00] partner[02] = 203.125
XP ego[00] partner[03] = 213.125
XP ego[00] partner[04] = 199.219
XP ego[01] partner[00] = 39.531
XP ego[01] partner[01] = 21.250
XP ego[01] partner[02] = 28.594
XP ego[01] partner[03] = 44.688
XP ego[01] partner[04] = 26.406
XP ego[02] partner[00] = 235.156
XP ego[02] partner[01] = 211.875
XP ego[02] partner[02] = 223.281
XP ego[02] partner[03] = 237.031
XP ego[02] partner[04] = 214.688
XP ego[03] partner[00] = 112.500
XP ego[03] partner[01] = 153.438
XP ego[03] partner[02] = 184.375
XP ego[03] partner[03] = 145.781
XP ego[03] partner[04] = 140.000
XP ego[04] partner[00] = 141.094
XP ego[04] partner[01] = 147.188
XP ego[04] partner[02] = 165.156
XP ego[04] partner[03] = 173.281
XP ego[04] partner[04] = 167.031
Evaluating partner group 2: method=pbt, prefix=checkpoints/eval_pools/pbt
LOADED: checkpoints/eval_pools/pbt/counter_circuit/baseline_seed_0_step_62.msgpack
LOADED: checkpoints/eval_pools/pbt/counter_circuit/baseline_seed_1_step_62.msgpack
LOADED: checkpoints/eval_pools/pbt/counter_circuit/baseline_seed_2_step_62.msgpack
LOADED: checkpoints/eval_pools/pbt/counter_circuit/baseline_seed_3_step_62.msgpack
LOADED: checkpoints/eval_pools/pbt/counter_circuit/baseline_seed_4_step_62.msgpack
Using XP rollout scale: XP_PAIR_BATCH_SIZE=32, EVAL_NUM_EPISODES=128, EVAL_NUM_STEPS=400
XP ego[00] partner[00] = 220.625
XP ego[00] partner[01] = 213.750
XP ego[00] partner[02] = 213.906
XP ego[00] partner[03] = 216.875
XP ego[00] partner[04] = 224.219
XP ego[01] partner[00] = 37.188
XP ego[01] partner[01] = 21.562
XP ego[01] partner[02] = 24.688
XP ego[01] partner[03] = 36.719
XP ego[01] partner[04] = 27.500
XP ego[02] partner[00] = 191.094
XP ego[02] partner[01] = 147.344
XP ego[02] partner[02] = 179.844
XP ego[02] partner[03] = 140.156
XP ego[02] partner[04] = 186.562
XP ego[03] partner[00] = 170.781
XP ego[03] partner[01] = 175.000
XP ego[03] partner[02] = 157.656
XP ego[03] partner[03] = 136.250
XP ego[03] partner[04] = 158.281
XP ego[04] partner[00] = 198.281
XP ego[04] partner[01] = 181.875
XP ego[04] partner[02] = 186.250
XP ego[04] partner[03] = 186.094
XP ego[04] partner[04] = 197.656
Evaluating partner group 3: method=sp, prefix=checkpoints/eval_pools/sp
LOADED: checkpoints/eval_pools/sp/counter_circuit/baseline_seed_0_step_380.msgpack
LOADED: checkpoints/eval_pools/sp/counter_circuit/baseline_seed_1_step_380.msgpack
LOADED: checkpoints/eval_pools/sp/counter_circuit/baseline_seed_2_step_380.msgpack
LOADED: checkpoints/eval_pools/sp/counter_circuit/baseline_seed_3_step_380.msgpack
LOADED: checkpoints/eval_pools/sp/counter_circuit/baseline_seed_4_step_380.msgpack
Using XP rollout scale: XP_PAIR_BATCH_SIZE=32, EVAL_NUM_EPISODES=128, EVAL_NUM_STEPS=400
XP ego[00] partner[00] = 186.562
XP ego[00] partner[01] = 186.875
XP ego[00] partner[02] = 210.312
XP ego[00] partner[03] = 209.531
XP ego[00] partner[04] = 200.781
XP ego[01] partner[00] = 35.000
XP ego[01] partner[01] = 56.406
XP ego[01] partner[02] = 92.812
XP ego[01] partner[03] = 72.344
XP ego[01] partner[04] = 68.906
XP ego[02] partner[00] = 179.062
XP ego[02] partner[01] = 157.188
XP ego[02] partner[02] = 187.344
XP ego[02] partner[03] = 228.906
XP ego[02] partner[04] = 178.281
XP ego[03] partner[00] = 124.531
XP ego[03] partner[01] = 155.938
XP ego[03] partner[02] = 156.250
XP ego[03] partner[03] = 185.000
XP ego[03] partner[04] = 161.719
XP ego[04] partner[00] = 165.000
XP ego[04] partner[01] = 148.594
XP ego[04] partner[02] = 175.000
XP ego[04] partner[03] = 167.188
XP ego[04] partner[04] = 161.719
Average ego-vs-partner performance: 141.322 +- 6.293 SE over 100 ordered pairs
Average diagonal performance: 101.625 +- 22.818 SE over 5 pairs
Average off-diagonal performance (only for square pools): nan +- nan SE over 0 ordered pairs
Saved ad-hoc teamplay results to ad_hoc_teamplay_results/lmpred_gamma0_ablate_ad_hoc_teamplay/counter_circuit
Saved ad-hoc teamplay heatmap to ad_hoc_teamplay_results/lmpred_gamma0_ablate_ad_hoc_teamplay/counter_circuit/xp_matrix.png
Evaluating partner alignment group 0: method=e3t, prefix=checkpoints/eval_pools/e3t
LOADED: checkpoints/eval_pools/e3t/counter_circuit/baseline_seed_0_step_220.msgpack
LOADED: checkpoints/eval_pools/e3t/counter_circuit/baseline_seed_1_step_220.msgpack
LOADED: checkpoints/eval_pools/e3t/counter_circuit/baseline_seed_2_step_220.msgpack
LOADED: checkpoints/eval_pools/e3t/counter_circuit/baseline_seed_3_step_220.msgpack
LOADED: checkpoints/eval_pools/e3t/counter_circuit/baseline_seed_4_step_220.msgpack
Using alignment rollout scale: ALIGN_PAIR_BATCH_SIZE=2, ALIGN_EVAL_NUM_EPISODES=128, ALIGN_EVAL_NUM_STEPS=400
ALIGN ego[00] partner[00] R2=0.746890 NMSE=0.253110 shuffled_R2=-0.020774
ALIGN ego[00] partner[01] R2=0.745381 NMSE=0.254619 shuffled_R2=-0.018039
ALIGN ego[00] partner[02] R2=0.715971 NMSE=0.284029 shuffled_R2=-0.022493
ALIGN ego[00] partner[03] R2=0.803670 NMSE=0.196330 shuffled_R2=-0.024924
ALIGN ego[00] partner[04] R2=0.737437 NMSE=0.262563 shuffled_R2=-0.024745
ALIGN ego[01] partner[00] R2=0.862690 NMSE=0.137310 shuffled_R2=-0.019264
ALIGN ego[01] partner[01] R2=0.799093 NMSE=0.200907 shuffled_R2=-0.015471
ALIGN ego[01] partner[02] R2=0.784700 NMSE=0.215300 shuffled_R2=-0.014324
ALIGN ego[01] partner[03] R2=0.860343 NMSE=0.139657 shuffled_R2=-0.013941
ALIGN ego[01] partner[04] R2=0.699517 NMSE=0.300483 shuffled_R2=-0.022793
ALIGN ego[02] partner[00] R2=0.787278 NMSE=0.212722 shuffled_R2=-0.017763
ALIGN ego[02] partner[01] R2=0.785145 NMSE=0.214855 shuffled_R2=-0.016637
ALIGN ego[02] partner[02] R2=0.779167 NMSE=0.220833 shuffled_R2=-0.015635
ALIGN ego[02] partner[03] R2=0.845417 NMSE=0.154583 shuffled_R2=-0.021590
ALIGN ego[02] partner[04] R2=0.817990 NMSE=0.182010 shuffled_R2=-0.015432
ALIGN ego[03] partner[00] R2=0.772394 NMSE=0.227606 shuffled_R2=-0.014400
ALIGN ego[03] partner[01] R2=0.761271 NMSE=0.238729 shuffled_R2=-0.018487
ALIGN ego[03] partner[02] R2=0.690329 NMSE=0.309671 shuffled_R2=-0.021390
ALIGN ego[03] partner[03] R2=0.717137 NMSE=0.282863 shuffled_R2=-0.031586
ALIGN ego[03] partner[04] R2=0.732711 NMSE=0.267289 shuffled_R2=-0.018581
ALIGN ego[04] partner[00] R2=0.775958 NMSE=0.224042 shuffled_R2=-0.014916
ALIGN ego[04] partner[01] R2=0.723569 NMSE=0.276431 shuffled_R2=-0.020311
ALIGN ego[04] partner[02] R2=0.672512 NMSE=0.327488 shuffled_R2=-0.021889
ALIGN ego[04] partner[03] R2=0.716233 NMSE=0.283767 shuffled_R2=-0.039403
ALIGN ego[04] partner[04] R2=0.719024 NMSE=0.280976 shuffled_R2=-0.020253
Evaluating partner alignment group 1: method=mep_br, prefix=checkpoints/eval_pools/mep_br
LOADED: checkpoints/eval_pools/mep_br/counter_circuit/baseline_seed_0_step_380.msgpack
LOADED: checkpoints/eval_pools/mep_br/counter_circuit/baseline_seed_1_step_380.msgpack
LOADED: checkpoints/eval_pools/mep_br/counter_circuit/baseline_seed_2_step_380.msgpack
LOADED: checkpoints/eval_pools/mep_br/counter_circuit/baseline_seed_3_step_380.msgpack
LOADED: checkpoints/eval_pools/mep_br/counter_circuit/baseline_seed_4_step_380.msgpack
Using alignment rollout scale: ALIGN_PAIR_BATCH_SIZE=2, ALIGN_EVAL_NUM_EPISODES=128, ALIGN_EVAL_NUM_STEPS=400
ALIGN ego[00] partner[00] R2=0.768733 NMSE=0.231267 shuffled_R2=-0.017237
ALIGN ego[00] partner[01] R2=0.824866 NMSE=0.175134 shuffled_R2=-0.017202
ALIGN ego[00] partner[02] R2=0.767147 NMSE=0.232853 shuffled_R2=-0.020111
ALIGN ego[00] partner[03] R2=0.822999 NMSE=0.177001 shuffled_R2=-0.014793
ALIGN ego[00] partner[04] R2=0.748785 NMSE=0.251215 shuffled_R2=-0.019394
ALIGN ego[01] partner[00] R2=0.860842 NMSE=0.139158 shuffled_R2=-0.019313
ALIGN ego[01] partner[01] R2=0.756335 NMSE=0.243665 shuffled_R2=-0.027498
ALIGN ego[01] partner[02] R2=0.791295 NMSE=0.208705 shuffled_R2=-0.020913
ALIGN ego[01] partner[03] R2=0.690812 NMSE=0.309188 shuffled_R2=-0.023550
ALIGN ego[01] partner[04] R2=0.824651 NMSE=0.175349 shuffled_R2=-0.027143
ALIGN ego[02] partner[00] R2=0.881819 NMSE=0.118181 shuffled_R2=-0.019726
ALIGN ego[02] partner[01] R2=0.840753 NMSE=0.159247 shuffled_R2=-0.024663
ALIGN ego[02] partner[02] R2=0.870624 NMSE=0.129376 shuffled_R2=-0.014889
ALIGN ego[02] partner[03] R2=0.770439 NMSE=0.229561 shuffled_R2=-0.018764
ALIGN ego[02] partner[04] R2=0.667394 NMSE=0.332606 shuffled_R2=-0.025680
ALIGN ego[03] partner[00] R2=0.823680 NMSE=0.176320 shuffled_R2=-0.021174
ALIGN ego[03] partner[01] R2=0.881515 NMSE=0.118485 shuffled_R2=-0.015444
ALIGN ego[03] partner[02] R2=0.781828 NMSE=0.218172 shuffled_R2=-0.017962
ALIGN ego[03] partner[03] R2=0.821987 NMSE=0.178013 shuffled_R2=-0.015917
ALIGN ego[03] partner[04] R2=0.808153 NMSE=0.191847 shuffled_R2=-0.017775
ALIGN ego[04] partner[00] R2=0.820013 NMSE=0.179987 shuffled_R2=-0.016471
ALIGN ego[04] partner[01] R2=0.818335 NMSE=0.181665 shuffled_R2=-0.016412
ALIGN ego[04] partner[02] R2=0.814225 NMSE=0.185775 shuffled_R2=-0.015899
ALIGN ego[04] partner[03] R2=0.800098 NMSE=0.199902 shuffled_R2=-0.014617
ALIGN ego[04] partner[04] R2=0.740316 NMSE=0.259684 shuffled_R2=-0.016534
Evaluating partner alignment group 2: method=pbt, prefix=checkpoints/eval_pools/pbt
LOADED: checkpoints/eval_pools/pbt/counter_circuit/baseline_seed_0_step_62.msgpack
LOADED: checkpoints/eval_pools/pbt/counter_circuit/baseline_seed_1_step_62.msgpack
LOADED: checkpoints/eval_pools/pbt/counter_circuit/baseline_seed_2_step_62.msgpack
LOADED: checkpoints/eval_pools/pbt/counter_circuit/baseline_seed_3_step_62.msgpack
LOADED: checkpoints/eval_pools/pbt/counter_circuit/baseline_seed_4_step_62.msgpack
Using alignment rollout scale: ALIGN_PAIR_BATCH_SIZE=2, ALIGN_EVAL_NUM_EPISODES=128, ALIGN_EVAL_NUM_STEPS=400
ALIGN ego[00] partner[00] R2=0.775086 NMSE=0.224914 shuffled_R2=-0.016185
ALIGN ego[00] partner[01] R2=0.758397 NMSE=0.241603 shuffled_R2=-0.017418
ALIGN ego[00] partner[02] R2=0.746249 NMSE=0.253751 shuffled_R2=-0.018467
ALIGN ego[00] partner[03] R2=0.773927 NMSE=0.226073 shuffled_R2=-0.016066
ALIGN ego[00] partner[04] R2=0.775368 NMSE=0.224632 shuffled_R2=-0.016538
ALIGN ego[01] partner[00] R2=0.786795 NMSE=0.213205 shuffled_R2=-0.018188
ALIGN ego[01] partner[01] R2=0.678941 NMSE=0.321059 shuffled_R2=-0.050142
ALIGN ego[01] partner[02] R2=0.785978 NMSE=0.214022 shuffled_R2=-0.021712
ALIGN ego[01] partner[03] R2=0.796942 NMSE=0.203058 shuffled_R2=-0.021295
ALIGN ego[01] partner[04] R2=0.475489 NMSE=0.524511 shuffled_R2=-0.128265
ALIGN ego[02] partner[00] R2=0.694734 NMSE=0.305266 shuffled_R2=-0.022067
ALIGN ego[02] partner[01] R2=0.766838 NMSE=0.233162 shuffled_R2=-0.014409
ALIGN ego[02] partner[02] R2=0.760384 NMSE=0.239616 shuffled_R2=-0.016316
ALIGN ego[02] partner[03] R2=0.502286 NMSE=0.497714 shuffled_R2=-0.045444
ALIGN ego[02] partner[04] R2=0.688686 NMSE=0.311314 shuffled_R2=-0.016687
ALIGN ego[03] partner[00] R2=0.729640 NMSE=0.270360 shuffled_R2=-0.019170
ALIGN ego[03] partner[01] R2=0.771856 NMSE=0.228144 shuffled_R2=-0.017937
ALIGN ego[03] partner[02] R2=0.746025 NMSE=0.253975 shuffled_R2=-0.019037
ALIGN ego[03] partner[03] R2=0.794994 NMSE=0.205006 shuffled_R2=-0.016160
ALIGN ego[03] partner[04] R2=0.660897 NMSE=0.339103 shuffled_R2=-0.032263
ALIGN ego[04] partner[00] R2=0.758804 NMSE=0.241196 shuffled_R2=-0.017044
ALIGN ego[04] partner[01] R2=0.719830 NMSE=0.280170 shuffled_R2=-0.016570
ALIGN ego[04] partner[02] R2=0.741314 NMSE=0.258686 shuffled_R2=-0.017933
ALIGN ego[04] partner[03] R2=0.656711 NMSE=0.343289 shuffled_R2=-0.030826
ALIGN ego[04] partner[04] R2=0.772057 NMSE=0.227943 shuffled_R2=-0.012775
Evaluating partner alignment group 3: method=sp, prefix=checkpoints/eval_pools/sp
LOADED: checkpoints/eval_pools/sp/counter_circuit/baseline_seed_0_step_380.msgpack
LOADED: checkpoints/eval_pools/sp/counter_circuit/baseline_seed_1_step_380.msgpack
LOADED: checkpoints/eval_pools/sp/counter_circuit/baseline_seed_2_step_380.msgpack
LOADED: checkpoints/eval_pools/sp/counter_circuit/baseline_seed_3_step_380.msgpack
LOADED: checkpoints/eval_pools/sp/counter_circuit/baseline_seed_4_step_380.msgpack
Using alignment rollout scale: ALIGN_PAIR_BATCH_SIZE=2, ALIGN_EVAL_NUM_EPISODES=128, ALIGN_EVAL_NUM_STEPS=400
ALIGN ego[00] partner[00] R2=0.845867 NMSE=0.154133 shuffled_R2=-0.017990
ALIGN ego[00] partner[01] R2=0.884549 NMSE=0.115451 shuffled_R2=-0.016634
ALIGN ego[00] partner[02] R2=0.845950 NMSE=0.154050 shuffled_R2=-0.016776
ALIGN ego[00] partner[03] R2=0.787885 NMSE=0.212115 shuffled_R2=-0.019817
ALIGN ego[00] partner[04] R2=0.834629 NMSE=0.165371 shuffled_R2=-0.016481
ALIGN ego[01] partner[00] R2=0.902426 NMSE=0.097574 shuffled_R2=-0.020113
ALIGN ego[01] partner[01] R2=0.864727 NMSE=0.135273 shuffled_R2=-0.023784
ALIGN ego[01] partner[02] R2=0.847418 NMSE=0.152582 shuffled_R2=-0.024956
ALIGN ego[01] partner[03] R2=0.803035 NMSE=0.196965 shuffled_R2=-0.018725
ALIGN ego[01] partner[04] R2=0.858715 NMSE=0.141285 shuffled_R2=-0.019288
ALIGN ego[02] partner[00] R2=0.864837 NMSE=0.135163 shuffled_R2=-0.015763
ALIGN ego[02] partner[01] R2=0.881147 NMSE=0.118853 shuffled_R2=-0.016899
ALIGN ego[02] partner[02] R2=0.790361 NMSE=0.209639 shuffled_R2=-0.018338
ALIGN ego[02] partner[03] R2=0.870844 NMSE=0.129156 shuffled_R2=-0.016655
ALIGN ego[02] partner[04] R2=0.825653 NMSE=0.174347 shuffled_R2=-0.018744
ALIGN ego[03] partner[00] R2=0.834383 NMSE=0.165617 shuffled_R2=-0.026160
ALIGN ego[03] partner[01] R2=0.839235 NMSE=0.160765 shuffled_R2=-0.025184
ALIGN ego[03] partner[02] R2=0.808571 NMSE=0.191429 shuffled_R2=-0.019422
ALIGN ego[03] partner[03] R2=0.790872 NMSE=0.209128 shuffled_R2=-0.021612
ALIGN ego[03] partner[04] R2=0.818269 NMSE=0.181731 shuffled_R2=-0.016608
ALIGN ego[04] partner[00] R2=0.844265 NMSE=0.155735 shuffled_R2=-0.020736
ALIGN ego[04] partner[01] R2=0.881561 NMSE=0.118439 shuffled_R2=-0.019873
ALIGN ego[04] partner[02] R2=0.827805 NMSE=0.172195 shuffled_R2=-0.016249
ALIGN ego[04] partner[03] R2=0.771362 NMSE=0.228638 shuffled_R2=-0.016372
ALIGN ego[04] partner[04] R2=0.768539 NMSE=0.231461 shuffled_R2=-0.017172
Average ego-to-partner alignment R2: 0.780606 +- 0.007087 SE over 100 ego-partner pairs
Average alignment normalized MSE: 0.219394 +- 0.007087 SE
Average shuffled-control alignment R2: -0.021034 +- 0.001233 SE
Saved alignment results to ad_hoc_teamplay_results/lmpred_gamma0_ablate_ad_hoc_teamplay/counter_circuit
Evaluating ad-hoc teamplay for ego_method=lmpred_gamma0_ablate, layout=coord_ring
ego_prefix=checkpoints/lmpred_gamma0_ablate, partner_pool_specs=e3t:checkpoints/eval_pools/e3t;mep_br:checkpoints/eval_pools/mep_br;pbt:checkpoints/eval_pools/pbt;sp:checkpoints/eval_pools/sp, result_name=lmpred_gamma0_ablate_ad_hoc_teamplay, ego_perspective_transform=false
Importing submoduled environments...
Submoduled environments not found. Skipping import.
2026-07-13 07:34:02.747344: W external/xla/xla/service/gpu/autotuning/dot_search_space.cc:200] All configs were filtered out because none of them sufficiently match the hints. Maybe the hints set does not contain a good representative set of valid configs?Working around this by using the full hints set instead.
2026-07-13 07:34:03.742348: W external/xla/xla/service/gpu/autotuning/dot_search_space.cc:200] All configs were filtered out because none of them sufficiently match the hints. Maybe the hints set does not contain a good representative set of valid configs?Working around this by using the full hints set instead.
LOADED: checkpoints/lmpred_gamma0_ablate/coord_ring/baseline_seed_0_step_220.msgpack
LOADED: checkpoints/lmpred_gamma0_ablate/coord_ring/baseline_seed_1_step_220.msgpack
LOADED: checkpoints/lmpred_gamma0_ablate/coord_ring/baseline_seed_2_step_220.msgpack
LOADED: checkpoints/lmpred_gamma0_ablate/coord_ring/baseline_seed_3_step_220.msgpack
LOADED: checkpoints/lmpred_gamma0_ablate/coord_ring/baseline_seed_4_step_220.msgpack
Evaluating partner group 0: method=e3t, prefix=checkpoints/eval_pools/e3t
LOADED: checkpoints/eval_pools/e3t/coord_ring/baseline_seed_0_step_220.msgpack
LOADED: checkpoints/eval_pools/e3t/coord_ring/baseline_seed_1_step_220.msgpack
LOADED: checkpoints/eval_pools/e3t/coord_ring/baseline_seed_2_step_220.msgpack
LOADED: checkpoints/eval_pools/e3t/coord_ring/baseline_seed_3_step_220.msgpack
LOADED: checkpoints/eval_pools/e3t/coord_ring/baseline_seed_4_step_220.msgpack
Using XP rollout scale: XP_PAIR_BATCH_SIZE=32, EVAL_NUM_EPISODES=128, EVAL_NUM_STEPS=400
XP ego[00] partner[00] = 242.188
XP ego[00] partner[01] = 223.125
XP ego[00] partner[02] = 43.438
XP ego[00] partner[03] = 195.625
XP ego[00] partner[04] = 174.062
XP ego[01] partner[00] = 286.719
XP ego[01] partner[01] = 312.031
XP ego[01] partner[02] = 42.188
XP ego[01] partner[03] = 249.844
XP ego[01] partner[04] = 296.094
XP ego[02] partner[00] = 128.125
XP ego[02] partner[01] = 296.562
XP ego[02] partner[02] = 31.562
XP ego[02] partner[03] = 302.031
XP ego[02] partner[04] = 296.562
XP ego[03] partner[00] = 249.062
XP ego[03] partner[01] = 265.625
XP ego[03] partner[02] = 17.812
XP ego[03] partner[03] = 275.469
XP ego[03] partner[04] = 254.844
XP ego[04] partner[00] = 256.250
XP ego[04] partner[01] = 298.750
XP ego[04] partner[02] = 14.375
XP ego[04] partner[03] = 288.125
XP ego[04] partner[04] = 292.500
Evaluating partner group 1: method=mep_br, prefix=checkpoints/eval_pools/mep_br
LOADED: checkpoints/eval_pools/mep_br/coord_ring/baseline_seed_0_step_220.msgpack
LOADED: checkpoints/eval_pools/mep_br/coord_ring/baseline_seed_1_step_220.msgpack
LOADED: checkpoints/eval_pools/mep_br/coord_ring/baseline_seed_2_step_220.msgpack
LOADED: checkpoints/eval_pools/mep_br/coord_ring/baseline_seed_3_step_220.msgpack
LOADED: checkpoints/eval_pools/mep_br/coord_ring/baseline_seed_4_step_220.msgpack
Using XP rollout scale: XP_PAIR_BATCH_SIZE=32, EVAL_NUM_EPISODES=128, EVAL_NUM_STEPS=400
XP ego[00] partner[00] = 215.312
XP ego[00] partner[01] = 240.625
XP ego[00] partner[02] = 253.438
XP ego[00] partner[03] = 193.125
XP ego[00] partner[04] = 214.844
XP ego[01] partner[00] = 255.469
XP ego[01] partner[01] = 312.188
XP ego[01] partner[02] = 277.344
XP ego[01] partner[03] = 188.594
XP ego[01] partner[04] = 285.781
XP ego[02] partner[00] = 259.531
XP ego[02] partner[01] = 299.375
XP ego[02] partner[02] = 289.375
XP ego[02] partner[03] = 207.969
XP ego[02] partner[04] = 252.500
XP ego[03] partner[00] = 275.156
XP ego[03] partner[01] = 286.875
XP ego[03] partner[02] = 281.719
XP ego[03] partner[03] = 165.469
XP ego[03] partner[04] = 280.938
XP ego[04] partner[00] = 234.688
XP ego[04] partner[01] = 294.062
XP ego[04] partner[02] = 193.750
XP ego[04] partner[03] = 241.719
XP ego[04] partner[04] = 212.344
Evaluating partner group 2: method=pbt, prefix=checkpoints/eval_pools/pbt
LOADED: checkpoints/eval_pools/pbt/coord_ring/baseline_seed_0_step_62.msgpack
LOADED: checkpoints/eval_pools/pbt/coord_ring/baseline_seed_1_step_62.msgpack
LOADED: checkpoints/eval_pools/pbt/coord_ring/baseline_seed_2_step_62.msgpack
LOADED: checkpoints/eval_pools/pbt/coord_ring/baseline_seed_3_step_62.msgpack
LOADED: checkpoints/eval_pools/pbt/coord_ring/baseline_seed_4_step_62.msgpack
Using XP rollout scale: XP_PAIR_BATCH_SIZE=32, EVAL_NUM_EPISODES=128, EVAL_NUM_STEPS=400
XP ego[00] partner[00] = 240.156
XP ego[00] partner[01] = 237.812
XP ego[00] partner[02] = 246.875
XP ego[00] partner[03] = 240.000
XP ego[00] partner[04] = 245.000
XP ego[01] partner[00] = 296.250
XP ego[01] partner[01] = 285.156
XP ego[01] partner[02] = 291.875
XP ego[01] partner[03] = 274.219
XP ego[01] partner[04] = 292.969
XP ego[02] partner[00] = 281.250
XP ego[02] partner[01] = 277.188
XP ego[02] partner[02] = 265.312
XP ego[02] partner[03] = 280.625
XP ego[02] partner[04] = 294.688
XP ego[03] partner[00] = 186.875
XP ego[03] partner[01] = 150.938
XP ego[03] partner[02] = 168.438
XP ego[03] partner[03] = 276.250
XP ego[03] partner[04] = 195.938
XP ego[04] partner[00] = 277.188
XP ego[04] partner[01] = 269.375
XP ego[04] partner[02] = 263.125
XP ego[04] partner[03] = 261.406
XP ego[04] partner[04] = 275.156
Evaluating partner group 3: method=sp, prefix=checkpoints/eval_pools/sp
LOADED: checkpoints/eval_pools/sp/coord_ring/baseline_seed_0_step_220.msgpack
LOADED: checkpoints/eval_pools/sp/coord_ring/baseline_seed_1_step_220.msgpack
LOADED: checkpoints/eval_pools/sp/coord_ring/baseline_seed_2_step_220.msgpack
LOADED: checkpoints/eval_pools/sp/coord_ring/baseline_seed_3_step_220.msgpack
LOADED: checkpoints/eval_pools/sp/coord_ring/baseline_seed_4_step_220.msgpack
Using XP rollout scale: XP_PAIR_BATCH_SIZE=32, EVAL_NUM_EPISODES=128, EVAL_NUM_STEPS=400
XP ego[00] partner[00] = 245.469
XP ego[00] partner[01] = 260.000
XP ego[00] partner[02] = 249.844
XP ego[00] partner[03] = 253.281
XP ego[00] partner[04] = 254.375
XP ego[01] partner[00] = 300.469
XP ego[01] partner[01] = 285.000
XP ego[01] partner[02] = 270.625
XP ego[01] partner[03] = 295.469
XP ego[01] partner[04] = 247.188
XP ego[02] partner[00] = 282.500
XP ego[02] partner[01] = 282.500
XP ego[02] partner[02] = 261.875
XP ego[02] partner[03] = 254.688
XP ego[02] partner[04] = 259.062
XP ego[03] partner[00] = 193.438
XP ego[03] partner[01] = 261.719
XP ego[03] partner[02] = 275.938
XP ego[03] partner[03] = 267.344
XP ego[03] partner[04] = 270.938
XP ego[04] partner[00] = 292.812
XP ego[04] partner[01] = 280.156
XP ego[04] partner[02] = 265.625
XP ego[04] partner[03] = 279.688
XP ego[04] partner[04] = 239.375
Average ego-vs-partner performance: 245.486 +- 6.212 SE over 100 ordered pairs
Average diagonal performance: 230.750 +- 51.101 SE over 5 pairs
Average off-diagonal performance (only for square pools): nan +- nan SE over 0 ordered pairs
Saved ad-hoc teamplay results to ad_hoc_teamplay_results/lmpred_gamma0_ablate_ad_hoc_teamplay/coord_ring
Saved ad-hoc teamplay heatmap to ad_hoc_teamplay_results/lmpred_gamma0_ablate_ad_hoc_teamplay/coord_ring/xp_matrix.png
Evaluating partner alignment group 0: method=e3t, prefix=checkpoints/eval_pools/e3t
LOADED: checkpoints/eval_pools/e3t/coord_ring/baseline_seed_0_step_220.msgpack
LOADED: checkpoints/eval_pools/e3t/coord_ring/baseline_seed_1_step_220.msgpack
LOADED: checkpoints/eval_pools/e3t/coord_ring/baseline_seed_2_step_220.msgpack
LOADED: checkpoints/eval_pools/e3t/coord_ring/baseline_seed_3_step_220.msgpack
LOADED: checkpoints/eval_pools/e3t/coord_ring/baseline_seed_4_step_220.msgpack
Using alignment rollout scale: ALIGN_PAIR_BATCH_SIZE=2, ALIGN_EVAL_NUM_EPISODES=128, ALIGN_EVAL_NUM_STEPS=400
ALIGN ego[00] partner[00] R2=0.875094 NMSE=0.124906 shuffled_R2=-0.031195
ALIGN ego[00] partner[01] R2=0.881040 NMSE=0.118960 shuffled_R2=-0.016090
ALIGN ego[00] partner[02] R2=0.934596 NMSE=0.065404 shuffled_R2=-0.016555
ALIGN ego[00] partner[03] R2=0.922553 NMSE=0.077447 shuffled_R2=-0.014738
ALIGN ego[00] partner[04] R2=0.902617 NMSE=0.097383 shuffled_R2=-0.017529
ALIGN ego[01] partner[00] R2=0.905716 NMSE=0.094284 shuffled_R2=-0.019718
ALIGN ego[01] partner[01] R2=0.875058 NMSE=0.124942 shuffled_R2=-0.019082
ALIGN ego[01] partner[02] R2=0.930900 NMSE=0.069100 shuffled_R2=-0.020783
ALIGN ego[01] partner[03] R2=0.504783 NMSE=0.495217 shuffled_R2=-0.097187
ALIGN ego[01] partner[04] R2=0.804493 NMSE=0.195507 shuffled_R2=-0.021679
ALIGN ego[02] partner[00] R2=0.889657 NMSE=0.110343 shuffled_R2=-0.026187
ALIGN ego[02] partner[01] R2=0.889113 NMSE=0.110887 shuffled_R2=-0.016720
ALIGN ego[02] partner[02] R2=0.947201 NMSE=0.052799 shuffled_R2=-0.020214
ALIGN ego[02] partner[03] R2=0.912641 NMSE=0.087359 shuffled_R2=-0.013771
ALIGN ego[02] partner[04] R2=0.862606 NMSE=0.137394 shuffled_R2=-0.016775
ALIGN ego[03] partner[00] R2=0.867220 NMSE=0.132780 shuffled_R2=-0.019108
ALIGN ego[03] partner[01] R2=0.902060 NMSE=0.097940 shuffled_R2=-0.014157
ALIGN ego[03] partner[02] R2=0.892248 NMSE=0.107752 shuffled_R2=-0.022549
ALIGN ego[03] partner[03] R2=0.860477 NMSE=0.139523 shuffled_R2=-0.016607
ALIGN ego[03] partner[04] R2=0.894687 NMSE=0.105313 shuffled_R2=-0.016058
ALIGN ego[04] partner[00] R2=0.908513 NMSE=0.091487 shuffled_R2=-0.016644
ALIGN ego[04] partner[01] R2=0.843498 NMSE=0.156502 shuffled_R2=-0.017245
ALIGN ego[04] partner[02] R2=0.934753 NMSE=0.065247 shuffled_R2=-0.017748
ALIGN ego[04] partner[03] R2=0.837451 NMSE=0.162549 shuffled_R2=-0.021751
ALIGN ego[04] partner[04] R2=0.843175 NMSE=0.156825 shuffled_R2=-0.016197
Evaluating partner alignment group 1: method=mep_br, prefix=checkpoints/eval_pools/mep_br
LOADED: checkpoints/eval_pools/mep_br/coord_ring/baseline_seed_0_step_220.msgpack
LOADED: checkpoints/eval_pools/mep_br/coord_ring/baseline_seed_1_step_220.msgpack
LOADED: checkpoints/eval_pools/mep_br/coord_ring/baseline_seed_2_step_220.msgpack
LOADED: checkpoints/eval_pools/mep_br/coord_ring/baseline_seed_3_step_220.msgpack
LOADED: checkpoints/eval_pools/mep_br/coord_ring/baseline_seed_4_step_220.msgpack
Using alignment rollout scale: ALIGN_PAIR_BATCH_SIZE=2, ALIGN_EVAL_NUM_EPISODES=128, ALIGN_EVAL_NUM_STEPS=400
ALIGN ego[00] partner[00] R2=0.890575 NMSE=0.109425 shuffled_R2=-0.017027
ALIGN ego[00] partner[01] R2=0.731071 NMSE=0.268929 shuffled_R2=-0.033478
ALIGN ego[00] partner[02] R2=0.861305 NMSE=0.138695 shuffled_R2=-0.018587
ALIGN ego[00] partner[03] R2=0.925030 NMSE=0.074970 shuffled_R2=-0.018393
ALIGN ego[00] partner[04] R2=0.867629 NMSE=0.132371 shuffled_R2=-0.021439
ALIGN ego[01] partner[00] R2=0.864867 NMSE=0.135133 shuffled_R2=-0.023657
ALIGN ego[01] partner[01] R2=0.908133 NMSE=0.091867 shuffled_R2=-0.014975
ALIGN ego[01] partner[02] R2=0.885347 NMSE=0.114653 shuffled_R2=-0.017748
ALIGN ego[01] partner[03] R2=0.786510 NMSE=0.213490 shuffled_R2=-0.072059
ALIGN ego[01] partner[04] R2=0.926018 NMSE=0.073982 shuffled_R2=-0.016593
ALIGN ego[02] partner[00] R2=0.895894 NMSE=0.104106 shuffled_R2=-0.017408
ALIGN ego[02] partner[01] R2=0.917421 NMSE=0.082579 shuffled_R2=-0.017297
ALIGN ego[02] partner[02] R2=0.798522 NMSE=0.201478 shuffled_R2=-0.027382
ALIGN ego[02] partner[03] R2=0.951045 NMSE=0.048955 shuffled_R2=-0.016579
ALIGN ego[02] partner[04] R2=0.925407 NMSE=0.074593 shuffled_R2=-0.014310
ALIGN ego[03] partner[00] R2=0.892622 NMSE=0.107378 shuffled_R2=-0.015348
ALIGN ego[03] partner[01] R2=0.869648 NMSE=0.130352 shuffled_R2=-0.015860
ALIGN ego[03] partner[02] R2=0.863333 NMSE=0.136667 shuffled_R2=-0.019070
ALIGN ego[03] partner[03] R2=0.941411 NMSE=0.058589 shuffled_R2=-0.022568
ALIGN ego[03] partner[04] R2=0.902822 NMSE=0.097178 shuffled_R2=-0.013354
ALIGN ego[04] partner[00] R2=0.834090 NMSE=0.165910 shuffled_R2=-0.034013
ALIGN ego[04] partner[01] R2=0.878306 NMSE=0.121694 shuffled_R2=-0.020780
ALIGN ego[04] partner[02] R2=0.863868 NMSE=0.136132 shuffled_R2=-0.024079
ALIGN ego[04] partner[03] R2=0.862649 NMSE=0.137351 shuffled_R2=-0.029224
ALIGN ego[04] partner[04] R2=0.927826 NMSE=0.072174 shuffled_R2=-0.017130
Evaluating partner alignment group 2: method=pbt, prefix=checkpoints/eval_pools/pbt
LOADED: checkpoints/eval_pools/pbt/coord_ring/baseline_seed_0_step_62.msgpack
LOADED: checkpoints/eval_pools/pbt/coord_ring/baseline_seed_1_step_62.msgpack
LOADED: checkpoints/eval_pools/pbt/coord_ring/baseline_seed_2_step_62.msgpack
LOADED: checkpoints/eval_pools/pbt/coord_ring/baseline_seed_3_step_62.msgpack
LOADED: checkpoints/eval_pools/pbt/coord_ring/baseline_seed_4_step_62.msgpack
Using alignment rollout scale: ALIGN_PAIR_BATCH_SIZE=2, ALIGN_EVAL_NUM_EPISODES=128, ALIGN_EVAL_NUM_STEPS=400
ALIGN ego[00] partner[00] R2=0.449549 NMSE=0.550451 shuffled_R2=-0.025889
ALIGN ego[00] partner[01] R2=0.838121 NMSE=0.161879 shuffled_R2=-0.016494
ALIGN ego[00] partner[02] R2=0.845831 NMSE=0.154169 shuffled_R2=-0.016959
ALIGN ego[00] partner[03] R2=0.830336 NMSE=0.169664 shuffled_R2=-0.016414
ALIGN ego[00] partner[04] R2=0.756728 NMSE=0.243272 shuffled_R2=-0.017642
ALIGN ego[01] partner[00] R2=0.791622 NMSE=0.208378 shuffled_R2=-0.025246
ALIGN ego[01] partner[01] R2=0.841711 NMSE=0.158289 shuffled_R2=-0.014048
ALIGN ego[01] partner[02] R2=0.788170 NMSE=0.211830 shuffled_R2=-0.018642
ALIGN ego[01] partner[03] R2=0.723374 NMSE=0.276626 shuffled_R2=-0.056036
ALIGN ego[01] partner[04] R2=0.792941 NMSE=0.207059 shuffled_R2=-0.015653
ALIGN ego[02] partner[00] R2=0.830474 NMSE=0.169526 shuffled_R2=-0.014973
ALIGN ego[02] partner[01] R2=0.685890 NMSE=0.314110 shuffled_R2=-0.050903
ALIGN ego[02] partner[02] R2=0.804144 NMSE=0.195856 shuffled_R2=-0.014331
ALIGN ego[02] partner[03] R2=0.742700 NMSE=0.257300 shuffled_R2=-0.029537
ALIGN ego[02] partner[04] R2=0.814860 NMSE=0.185140 shuffled_R2=-0.017673
ALIGN ego[03] partner[00] R2=0.771953 NMSE=0.228047 shuffled_R2=-0.016451
ALIGN ego[03] partner[01] R2=0.814397 NMSE=0.185603 shuffled_R2=-0.017197
ALIGN ego[03] partner[02] R2=0.816168 NMSE=0.183832 shuffled_R2=-0.015764
ALIGN ego[03] partner[03] R2=0.799231 NMSE=0.200769 shuffled_R2=-0.017092
ALIGN ego[03] partner[04] R2=0.800404 NMSE=0.199596 shuffled_R2=-0.015305
ALIGN ego[04] partner[00] R2=0.852758 NMSE=0.147242 shuffled_R2=-0.015308
ALIGN ego[04] partner[01] R2=0.845983 NMSE=0.154017 shuffled_R2=-0.013884
ALIGN ego[04] partner[02] R2=0.796777 NMSE=0.203223 shuffled_R2=-0.019406
ALIGN ego[04] partner[03] R2=0.814198 NMSE=0.185802 shuffled_R2=-0.020554
ALIGN ego[04] partner[04] R2=0.805100 NMSE=0.194900 shuffled_R2=-0.015981
Evaluating partner alignment group 3: method=sp, prefix=checkpoints/eval_pools/sp
LOADED: checkpoints/eval_pools/sp/coord_ring/baseline_seed_0_step_220.msgpack
LOADED: checkpoints/eval_pools/sp/coord_ring/baseline_seed_1_step_220.msgpack
LOADED: checkpoints/eval_pools/sp/coord_ring/baseline_seed_2_step_220.msgpack
LOADED: checkpoints/eval_pools/sp/coord_ring/baseline_seed_3_step_220.msgpack
LOADED: checkpoints/eval_pools/sp/coord_ring/baseline_seed_4_step_220.msgpack
Using alignment rollout scale: ALIGN_PAIR_BATCH_SIZE=2, ALIGN_EVAL_NUM_EPISODES=128, ALIGN_EVAL_NUM_STEPS=400
ALIGN ego[00] partner[00] R2=0.861180 NMSE=0.138820 shuffled_R2=-0.020268
ALIGN ego[00] partner[01] R2=0.826097 NMSE=0.173903 shuffled_R2=-0.024882
ALIGN ego[00] partner[02] R2=0.839705 NMSE=0.160295 shuffled_R2=-0.025913
ALIGN ego[00] partner[03] R2=0.891445 NMSE=0.108555 shuffled_R2=-0.016910
ALIGN ego[00] partner[04] R2=0.942258 NMSE=0.057742 shuffled_R2=-0.015126
ALIGN ego[01] partner[00] R2=0.877309 NMSE=0.122691 shuffled_R2=-0.015388
ALIGN ego[01] partner[01] R2=0.918231 NMSE=0.081769 shuffled_R2=-0.013250
ALIGN ego[01] partner[02] R2=0.875663 NMSE=0.124337 shuffled_R2=-0.016330
ALIGN ego[01] partner[03] R2=0.903111 NMSE=0.096889 shuffled_R2=-0.017267
ALIGN ego[01] partner[04] R2=0.923556 NMSE=0.076444 shuffled_R2=-0.018395
ALIGN ego[02] partner[00] R2=0.894930 NMSE=0.105070 shuffled_R2=-0.015794
ALIGN ego[02] partner[01] R2=0.915215 NMSE=0.084785 shuffled_R2=-0.015600
ALIGN ego[02] partner[02] R2=0.857105 NMSE=0.142895 shuffled_R2=-0.016735
ALIGN ego[02] partner[03] R2=0.908006 NMSE=0.091994 shuffled_R2=-0.017368
ALIGN ego[02] partner[04] R2=0.936462 NMSE=0.063538 shuffled_R2=-0.015417
ALIGN ego[03] partner[00] R2=0.912157 NMSE=0.087843 shuffled_R2=-0.013819
ALIGN ego[03] partner[01] R2=0.791729 NMSE=0.208271 shuffled_R2=-0.027001
ALIGN ego[03] partner[02] R2=0.855919 NMSE=0.144081 shuffled_R2=-0.017880
ALIGN ego[03] partner[03] R2=0.870133 NMSE=0.129867 shuffled_R2=-0.019266
ALIGN ego[03] partner[04] R2=0.918394 NMSE=0.081606 shuffled_R2=-0.013906
ALIGN ego[04] partner[00] R2=0.897925 NMSE=0.102075 shuffled_R2=-0.019620
ALIGN ego[04] partner[01] R2=0.783028 NMSE=0.216972 shuffled_R2=-0.031347
ALIGN ego[04] partner[02] R2=0.822819 NMSE=0.177181 shuffled_R2=-0.026535
ALIGN ego[04] partner[03] R2=0.890807 NMSE=0.109193 shuffled_R2=-0.017996
ALIGN ego[04] partner[04] R2=0.901842 NMSE=0.098158 shuffled_R2=-0.024912
Average ego-to-partner alignment R2: 0.854619 +- 0.007707 SE over 100 ego-partner pairs
Average alignment normalized MSE: 0.145381 +- 0.007707 SE
Average shuffled-control alignment R2: -0.020990 +- 0.001147 SE
Saved alignment results to ad_hoc_teamplay_results/lmpred_gamma0_ablate_ad_hoc_teamplay/coord_ring
Evaluating ad-hoc teamplay for ego_method=lmpred_gamma0_ablate, layout=asymm_advantages
ego_prefix=checkpoints/lmpred_gamma0_ablate, partner_pool_specs=e3t:checkpoints/eval_pools/e3t;mep_br:checkpoints/eval_pools/mep_br;pbt:checkpoints/eval_pools/pbt;sp:checkpoints/eval_pools/sp, result_name=lmpred_gamma0_ablate_ad_hoc_teamplay, ego_perspective_transform=false
Cannot find primary config 'asymm_advantages'. Check that it's in your config search path.

Config search path:
	provider=hydra, path=pkg://hydra.conf
	provider=main, path=file:///net/scratch/n70579mp/tom/JaxMARL/baselines/overcookedv2/config/oc_extended/mep_br
	provider=schema, path=structured://

Set the environment variable HYDRA_FULL_ERROR=1 for a complete stack trace.
Importing submoduled environments...
Submoduled environments not found. Skipping import.
Evaluating ad-hoc teamplay for ego_method=lmpred_gamma0_ablate, layout=forced_coord
ego_prefix=checkpoints/lmpred_gamma0_ablate, partner_pool_specs=e3t:checkpoints/eval_pools/e3t;mep_br:checkpoints/eval_pools/mep_br;pbt:checkpoints/eval_pools/pbt;sp:checkpoints/eval_pools/sp, result_name=lmpred_gamma0_ablate_ad_hoc_teamplay, ego_perspective_transform=false
Cannot find primary config 'forced_coord'. Check that it's in your config search path.

Config search path:
	provider=hydra, path=pkg://hydra.conf
	provider=main, path=file:///net/scratch/n70579mp/tom/JaxMARL/baselines/overcookedv2/config/oc_extended/mep_br
	provider=schema, path=structured://

Set the environment variable HYDRA_FULL_ERROR=1 for a complete stack trace.
Importing submoduled environments...
Submoduled environments not found. Skipping import.
Evaluating ad-hoc teamplay for ego_method=lmpred_gamma09, layout=cramped_room5x5
ego_prefix=checkpoints/lmpred_gamma09, partner_pool_specs=e3t:checkpoints/eval_pools/e3t;mep_br:checkpoints/eval_pools/mep_br;pbt:checkpoints/eval_pools/pbt;sp:checkpoints/eval_pools/sp, result_name=lmpred_gamma09_ad_hoc_teamplay, ego_perspective_transform=true
Importing submoduled environments...
Submoduled environments not found. Skipping import.
2026-07-13 07:38:36.311104: W external/xla/xla/service/gpu/autotuning/dot_search_space.cc:200] All configs were filtered out because none of them sufficiently match the hints. Maybe the hints set does not contain a good representative set of valid configs?Working around this by using the full hints set instead.
2026-07-13 07:38:37.331513: W external/xla/xla/service/gpu/autotuning/dot_search_space.cc:200] All configs were filtered out because none of them sufficiently match the hints. Maybe the hints set does not contain a good representative set of valid configs?Working around this by using the full hints set instead.
LOADED: checkpoints/lmpred_gamma09/cramped_room5x5/baseline_seed_0_step_220.msgpack
LOADED: checkpoints/lmpred_gamma09/cramped_room5x5/baseline_seed_1_step_220.msgpack
LOADED: checkpoints/lmpred_gamma09/cramped_room5x5/baseline_seed_2_step_220.msgpack
LOADED: checkpoints/lmpred_gamma09/cramped_room5x5/baseline_seed_3_step_220.msgpack
LOADED: checkpoints/lmpred_gamma09/cramped_room5x5/baseline_seed_4_step_220.msgpack
Evaluating partner group 0: method=e3t, prefix=checkpoints/eval_pools/e3t
LOADED: checkpoints/eval_pools/e3t/cramped_room5x5/baseline_seed_0_step_220.msgpack
LOADED: checkpoints/eval_pools/e3t/cramped_room5x5/baseline_seed_1_step_220.msgpack
LOADED: checkpoints/eval_pools/e3t/cramped_room5x5/baseline_seed_2_step_220.msgpack
LOADED: checkpoints/eval_pools/e3t/cramped_room5x5/baseline_seed_3_step_220.msgpack
LOADED: checkpoints/eval_pools/e3t/cramped_room5x5/baseline_seed_4_step_220.msgpack
Using XP rollout scale: XP_PAIR_BATCH_SIZE=32, EVAL_NUM_EPISODES=128, EVAL_NUM_STEPS=400
XP ego[00] partner[00] = 176.719
XP ego[00] partner[01] = 210.312
XP ego[00] partner[02] = 227.969
XP ego[00] partner[03] = 198.281
XP ego[00] partner[04] = 192.188
XP ego[01] partner[00] = 203.594
XP ego[01] partner[01] = 193.594
XP ego[01] partner[02] = 231.719
XP ego[01] partner[03] = 213.438
XP ego[01] partner[04] = 221.406
XP ego[02] partner[00] = 199.844
XP ego[02] partner[01] = 187.031
XP ego[02] partner[02] = 194.219
XP ego[02] partner[03] = 232.031
XP ego[02] partner[04] = 239.531
XP ego[03] partner[00] = 161.094
XP ego[03] partner[01] = 198.750
XP ego[03] partner[02] = 240.000
XP ego[03] partner[03] = 223.594
XP ego[03] partner[04] = 209.688
XP ego[04] partner[00] = 211.562
XP ego[04] partner[01] = 216.562
XP ego[04] partner[02] = 214.844
XP ego[04] partner[03] = 233.438
XP ego[04] partner[04] = 218.281
Evaluating partner group 1: method=mep_br, prefix=checkpoints/eval_pools/mep_br
LOADED: checkpoints/eval_pools/mep_br/cramped_room5x5/baseline_seed_0_step_220.msgpack
LOADED: checkpoints/eval_pools/mep_br/cramped_room5x5/baseline_seed_1_step_220.msgpack
LOADED: checkpoints/eval_pools/mep_br/cramped_room5x5/baseline_seed_2_step_220.msgpack
LOADED: checkpoints/eval_pools/mep_br/cramped_room5x5/baseline_seed_3_step_220.msgpack
LOADED: checkpoints/eval_pools/mep_br/cramped_room5x5/baseline_seed_4_step_220.msgpack
Using XP rollout scale: XP_PAIR_BATCH_SIZE=32, EVAL_NUM_EPISODES=128, EVAL_NUM_STEPS=400
XP ego[00] partner[00] = 189.531
XP ego[00] partner[01] = 189.375
XP ego[00] partner[02] = 184.531
XP ego[00] partner[03] = 216.875
XP ego[00] partner[04] = 222.656
XP ego[01] partner[00] = 89.375
XP ego[01] partner[01] = 187.656
XP ego[01] partner[02] = 211.875
XP ego[01] partner[03] = 207.188
XP ego[01] partner[04] = 194.688
XP ego[02] partner[00] = 220.000
XP ego[02] partner[01] = 233.281
XP ego[02] partner[02] = 71.094
XP ego[02] partner[03] = 230.625
XP ego[02] partner[04] = 216.875
XP ego[03] partner[00] = 188.281
XP ego[03] partner[01] = 234.375
XP ego[03] partner[02] = 229.219
XP ego[03] partner[03] = 220.469
XP ego[03] partner[04] = 224.219
XP ego[04] partner[00] = 214.531
XP ego[04] partner[01] = 233.125
XP ego[04] partner[02] = 214.531
XP ego[04] partner[03] = 151.250
XP ego[04] partner[04] = 125.000
Evaluating partner group 2: method=pbt, prefix=checkpoints/eval_pools/pbt
LOADED: checkpoints/eval_pools/pbt/cramped_room5x5/baseline_seed_0_step_62.msgpack
LOADED: checkpoints/eval_pools/pbt/cramped_room5x5/baseline_seed_1_step_62.msgpack
LOADED: checkpoints/eval_pools/pbt/cramped_room5x5/baseline_seed_2_step_62.msgpack
LOADED: checkpoints/eval_pools/pbt/cramped_room5x5/baseline_seed_3_step_62.msgpack
LOADED: checkpoints/eval_pools/pbt/cramped_room5x5/baseline_seed_4_step_62.msgpack
Using XP rollout scale: XP_PAIR_BATCH_SIZE=32, EVAL_NUM_EPISODES=128, EVAL_NUM_STEPS=400
XP ego[00] partner[00] = 51.562
XP ego[00] partner[01] = 30.000
XP ego[00] partner[02] = 37.188
XP ego[00] partner[03] = 31.562
XP ego[00] partner[04] = 34.062
XP ego[01] partner[00] = 96.250
XP ego[01] partner[01] = 88.125
XP ego[01] partner[02] = 94.844
XP ego[01] partner[03] = 80.156
XP ego[01] partner[04] = 77.344
XP ego[02] partner[00] = 192.969
XP ego[02] partner[01] = 172.812
XP ego[02] partner[02] = 187.344
XP ego[02] partner[03] = 157.969
XP ego[02] partner[04] = 173.906
XP ego[03] partner[00] = 44.844
XP ego[03] partner[01] = 34.219
XP ego[03] partner[02] = 28.906
XP ego[03] partner[03] = 101.875
XP ego[03] partner[04] = 49.219
XP ego[04] partner[00] = 158.594
XP ego[04] partner[01] = 59.219
XP ego[04] partner[02] = 133.281
XP ego[04] partner[03] = 141.406
XP ego[04] partner[04] = 135.000
Evaluating partner group 3: method=sp, prefix=checkpoints/eval_pools/sp
LOADED: checkpoints/eval_pools/sp/cramped_room5x5/baseline_seed_0_step_220.msgpack
LOADED: checkpoints/eval_pools/sp/cramped_room5x5/baseline_seed_1_step_220.msgpack
LOADED: checkpoints/eval_pools/sp/cramped_room5x5/baseline_seed_2_step_220.msgpack
LOADED: checkpoints/eval_pools/sp/cramped_room5x5/baseline_seed_3_step_220.msgpack
LOADED: checkpoints/eval_pools/sp/cramped_room5x5/baseline_seed_4_step_220.msgpack
Using XP rollout scale: XP_PAIR_BATCH_SIZE=32, EVAL_NUM_EPISODES=128, EVAL_NUM_STEPS=400
XP ego[00] partner[00] = 205.312
XP ego[00] partner[01] = 204.375
XP ego[00] partner[02] = 185.938
XP ego[00] partner[03] = 208.750
XP ego[00] partner[04] = 210.312
XP ego[01] partner[00] = 214.688
XP ego[01] partner[01] = 212.656
XP ego[01] partner[02] = 217.188
XP ego[01] partner[03] = 188.438
XP ego[01] partner[04] = 221.875
XP ego[02] partner[00] = 112.969
XP ego[02] partner[01] = 163.750
XP ego[02] partner[02] = 241.094
XP ego[02] partner[03] = 230.625
XP ego[02] partner[04] = 233.438
XP ego[03] partner[00] = 211.875
XP ego[03] partner[01] = 192.031
XP ego[03] partner[02] = 194.688
XP ego[03] partner[03] = 234.531
XP ego[03] partner[04] = 216.719
XP ego[04] partner[00] = 230.781
XP ego[04] partner[01] = 195.000
XP ego[04] partner[02] = 237.656
XP ego[04] partner[03] = 238.594
XP ego[04] partner[04] = 211.719
Average ego-vs-partner performance: 177.580 +- 6.154 SE over 100 ordered pairs
Average diagonal performance: 201.281 +- 8.658 SE over 5 pairs
Average off-diagonal performance (only for square pools): nan +- nan SE over 0 ordered pairs
Saved ad-hoc teamplay results to ad_hoc_teamplay_results/lmpred_gamma09_ad_hoc_teamplay/cramped_room5x5
Saved ad-hoc teamplay heatmap to ad_hoc_teamplay_results/lmpred_gamma09_ad_hoc_teamplay/cramped_room5x5/xp_matrix.png
Evaluating partner alignment group 0: method=e3t, prefix=checkpoints/eval_pools/e3t
LOADED: checkpoints/eval_pools/e3t/cramped_room5x5/baseline_seed_0_step_220.msgpack
LOADED: checkpoints/eval_pools/e3t/cramped_room5x5/baseline_seed_1_step_220.msgpack
LOADED: checkpoints/eval_pools/e3t/cramped_room5x5/baseline_seed_2_step_220.msgpack
LOADED: checkpoints/eval_pools/e3t/cramped_room5x5/baseline_seed_3_step_220.msgpack
LOADED: checkpoints/eval_pools/e3t/cramped_room5x5/baseline_seed_4_step_220.msgpack
Using alignment rollout scale: ALIGN_PAIR_BATCH_SIZE=2, ALIGN_EVAL_NUM_EPISODES=128, ALIGN_EVAL_NUM_STEPS=400
ALIGN ego[00] partner[00] R2=0.941598 NMSE=0.058402 shuffled_R2=-0.017866
ALIGN ego[00] partner[01] R2=0.900434 NMSE=0.099566 shuffled_R2=-0.040064
ALIGN ego[00] partner[02] R2=0.952386 NMSE=0.047614 shuffled_R2=-0.016987
ALIGN ego[00] partner[03] R2=0.898227 NMSE=0.101773 shuffled_R2=-0.053538
ALIGN ego[00] partner[04] R2=0.959592 NMSE=0.040408 shuffled_R2=-0.014632
ALIGN ego[01] partner[00] R2=0.954091 NMSE=0.045909 shuffled_R2=-0.015317
ALIGN ego[01] partner[01] R2=0.919890 NMSE=0.080110 shuffled_R2=-0.031660
ALIGN ego[01] partner[02] R2=0.934575 NMSE=0.065425 shuffled_R2=-0.019277
ALIGN ego[01] partner[03] R2=0.909746 NMSE=0.090254 shuffled_R2=-0.028212
ALIGN ego[01] partner[04] R2=0.955158 NMSE=0.044842 shuffled_R2=-0.014491
ALIGN ego[02] partner[00] R2=0.867590 NMSE=0.132410 shuffled_R2=-0.033843
ALIGN ego[02] partner[01] R2=0.909786 NMSE=0.090214 shuffled_R2=-0.026724
ALIGN ego[02] partner[02] R2=0.956007 NMSE=0.043993 shuffled_R2=-0.016053
ALIGN ego[02] partner[03] R2=0.942375 NMSE=0.057625 shuffled_R2=-0.015177
ALIGN ego[02] partner[04] R2=0.954008 NMSE=0.045992 shuffled_R2=-0.015827
ALIGN ego[03] partner[00] R2=0.955835 NMSE=0.044165 shuffled_R2=-0.014703
ALIGN ego[03] partner[01] R2=0.929206 NMSE=0.070794 shuffled_R2=-0.020707
ALIGN ego[03] partner[02] R2=0.939185 NMSE=0.060815 shuffled_R2=-0.022320
ALIGN ego[03] partner[03] R2=0.926487 NMSE=0.073513 shuffled_R2=-0.020058
ALIGN ego[03] partner[04] R2=0.947175 NMSE=0.052825 shuffled_R2=-0.017237
ALIGN ego[04] partner[00] R2=0.909479 NMSE=0.090521 shuffled_R2=-0.027692
ALIGN ego[04] partner[01] R2=0.954154 NMSE=0.045846 shuffled_R2=-0.015533
ALIGN ego[04] partner[02] R2=0.953259 NMSE=0.046741 shuffled_R2=-0.015415
ALIGN ego[04] partner[03] R2=0.920729 NMSE=0.079271 shuffled_R2=-0.022856
ALIGN ego[04] partner[04] R2=0.963397 NMSE=0.036603 shuffled_R2=-0.017773
Evaluating partner alignment group 1: method=mep_br, prefix=checkpoints/eval_pools/mep_br
LOADED: checkpoints/eval_pools/mep_br/cramped_room5x5/baseline_seed_0_step_220.msgpack
LOADED: checkpoints/eval_pools/mep_br/cramped_room5x5/baseline_seed_1_step_220.msgpack
LOADED: checkpoints/eval_pools/mep_br/cramped_room5x5/baseline_seed_2_step_220.msgpack
LOADED: checkpoints/eval_pools/mep_br/cramped_room5x5/baseline_seed_3_step_220.msgpack
LOADED: checkpoints/eval_pools/mep_br/cramped_room5x5/baseline_seed_4_step_220.msgpack
Using alignment rollout scale: ALIGN_PAIR_BATCH_SIZE=2, ALIGN_EVAL_NUM_EPISODES=128, ALIGN_EVAL_NUM_STEPS=400
ALIGN ego[00] partner[00] R2=0.930762 NMSE=0.069238 shuffled_R2=-0.020231
ALIGN ego[00] partner[01] R2=0.920506 NMSE=0.079494 shuffled_R2=-0.021390
ALIGN ego[00] partner[02] R2=0.906073 NMSE=0.093927 shuffled_R2=-0.016554
ALIGN ego[00] partner[03] R2=0.947545 NMSE=0.052455 shuffled_R2=-0.016014
ALIGN ego[00] partner[04] R2=0.859098 NMSE=0.140902 shuffled_R2=-0.056061
ALIGN ego[01] partner[00] R2=0.923204 NMSE=0.076796 shuffled_R2=-0.022761
ALIGN ego[01] partner[01] R2=0.831253 NMSE=0.168747 shuffled_R2=-0.041953
ALIGN ego[01] partner[02] R2=0.951531 NMSE=0.048469 shuffled_R2=-0.015199
ALIGN ego[01] partner[03] R2=0.913962 NMSE=0.086038 shuffled_R2=-0.028200
ALIGN ego[01] partner[04] R2=0.941134 NMSE=0.058866 shuffled_R2=-0.018735
ALIGN ego[02] partner[00] R2=0.920549 NMSE=0.079451 shuffled_R2=-0.020878
ALIGN ego[02] partner[01] R2=0.946043 NMSE=0.053957 shuffled_R2=-0.014080
ALIGN ego[02] partner[02] R2=0.933953 NMSE=0.066047 shuffled_R2=-0.026110
ALIGN ego[02] partner[03] R2=0.950187 NMSE=0.049813 shuffled_R2=-0.017596
ALIGN ego[02] partner[04] R2=0.944631 NMSE=0.055369 shuffled_R2=-0.021561
ALIGN ego[03] partner[00] R2=0.914824 NMSE=0.085176 shuffled_R2=-0.020389
ALIGN ego[03] partner[01] R2=0.946992 NMSE=0.053008 shuffled_R2=-0.016951
ALIGN ego[03] partner[02] R2=0.950495 NMSE=0.049505 shuffled_R2=-0.014136
ALIGN ego[03] partner[03] R2=0.940766 NMSE=0.059234 shuffled_R2=-0.019876
ALIGN ego[03] partner[04] R2=0.947684 NMSE=0.052316 shuffled_R2=-0.017031
ALIGN ego[04] partner[00] R2=0.922941 NMSE=0.077059 shuffled_R2=-0.017706
ALIGN ego[04] partner[01] R2=0.943277 NMSE=0.056723 shuffled_R2=-0.016629
ALIGN ego[04] partner[02] R2=0.942136 NMSE=0.057864 shuffled_R2=-0.015357
ALIGN ego[04] partner[03] R2=0.943080 NMSE=0.056920 shuffled_R2=-0.021793
ALIGN ego[04] partner[04] R2=0.950802 NMSE=0.049198 shuffled_R2=-0.015889
Evaluating partner alignment group 2: method=pbt, prefix=checkpoints/eval_pools/pbt
LOADED: checkpoints/eval_pools/pbt/cramped_room5x5/baseline_seed_0_step_62.msgpack
LOADED: checkpoints/eval_pools/pbt/cramped_room5x5/baseline_seed_1_step_62.msgpack
LOADED: checkpoints/eval_pools/pbt/cramped_room5x5/baseline_seed_2_step_62.msgpack
LOADED: checkpoints/eval_pools/pbt/cramped_room5x5/baseline_seed_3_step_62.msgpack
LOADED: checkpoints/eval_pools/pbt/cramped_room5x5/baseline_seed_4_step_62.msgpack
Using alignment rollout scale: ALIGN_PAIR_BATCH_SIZE=2, ALIGN_EVAL_NUM_EPISODES=128, ALIGN_EVAL_NUM_STEPS=400
ALIGN ego[00] partner[00] R2=0.843850 NMSE=0.156150 shuffled_R2=-0.023075
ALIGN ego[00] partner[01] R2=0.515825 NMSE=0.484175 shuffled_R2=-0.139748
ALIGN ego[00] partner[02] R2=0.127942 NMSE=0.872058 shuffled_R2=-0.127712
ALIGN ego[00] partner[03] R2=0.863135 NMSE=0.136865 shuffled_R2=-0.016525
ALIGN ego[00] partner[04] R2=0.651850 NMSE=0.348150 shuffled_R2=-0.070741
ALIGN ego[01] partner[00] R2=0.873484 NMSE=0.126516 shuffled_R2=-0.018212
ALIGN ego[01] partner[01] R2=0.904187 NMSE=0.095813 shuffled_R2=-0.016192
ALIGN ego[01] partner[02] R2=0.848680 NMSE=0.151320 shuffled_R2=-0.025347
ALIGN ego[01] partner[03] R2=0.855209 NMSE=0.144791 shuffled_R2=-0.019202
ALIGN ego[01] partner[04] R2=0.856788 NMSE=0.143212 shuffled_R2=-0.029906
ALIGN ego[02] partner[00] R2=0.885913 NMSE=0.114087 shuffled_R2=-0.018181
ALIGN ego[02] partner[01] R2=0.795750 NMSE=0.204250 shuffled_R2=-0.034405
ALIGN ego[02] partner[02] R2=0.820344 NMSE=0.179656 shuffled_R2=-0.014332
ALIGN ego[02] partner[03] R2=0.740448 NMSE=0.259552 shuffled_R2=-0.072179
ALIGN ego[02] partner[04] R2=0.898876 NMSE=0.101124 shuffled_R2=-0.015670
ALIGN ego[03] partner[00] R2=0.683204 NMSE=0.316796 shuffled_R2=-0.042494
ALIGN ego[03] partner[01] R2=0.839615 NMSE=0.160385 shuffled_R2=-0.017033
ALIGN ego[03] partner[02] R2=0.896709 NMSE=0.103291 shuffled_R2=-0.018183
ALIGN ego[03] partner[03] R2=0.836988 NMSE=0.163012 shuffled_R2=-0.019651
ALIGN ego[03] partner[04] R2=0.831381 NMSE=0.168619 shuffled_R2=-0.033376
ALIGN ego[04] partner[00] R2=0.895182 NMSE=0.104818 shuffled_R2=-0.015466
ALIGN ego[04] partner[01] R2=0.841526 NMSE=0.158474 shuffled_R2=-0.019298
ALIGN ego[04] partner[02] R2=0.773612 NMSE=0.226388 shuffled_R2=-0.036527
ALIGN ego[04] partner[03] R2=0.874849 NMSE=0.125151 shuffled_R2=-0.017566
ALIGN ego[04] partner[04] R2=0.870727 NMSE=0.129273 shuffled_R2=-0.013858
Evaluating partner alignment group 3: method=sp, prefix=checkpoints/eval_pools/sp
LOADED: checkpoints/eval_pools/sp/cramped_room5x5/baseline_seed_0_step_220.msgpack
LOADED: checkpoints/eval_pools/sp/cramped_room5x5/baseline_seed_1_step_220.msgpack
LOADED: checkpoints/eval_pools/sp/cramped_room5x5/baseline_seed_2_step_220.msgpack
LOADED: checkpoints/eval_pools/sp/cramped_room5x5/baseline_seed_3_step_220.msgpack
LOADED: checkpoints/eval_pools/sp/cramped_room5x5/baseline_seed_4_step_220.msgpack
Using alignment rollout scale: ALIGN_PAIR_BATCH_SIZE=2, ALIGN_EVAL_NUM_EPISODES=128, ALIGN_EVAL_NUM_STEPS=400
ALIGN ego[00] partner[00] R2=0.951366 NMSE=0.048634 shuffled_R2=-0.020183
ALIGN ego[00] partner[01] R2=0.962933 NMSE=0.037067 shuffled_R2=-0.023750
ALIGN ego[00] partner[02] R2=0.889306 NMSE=0.110694 shuffled_R2=-0.050309
ALIGN ego[00] partner[03] R2=0.943410 NMSE=0.056590 shuffled_R2=-0.016236
ALIGN ego[00] partner[04] R2=0.958083 NMSE=0.041917 shuffled_R2=-0.019182
ALIGN ego[01] partner[00] R2=0.936570 NMSE=0.063430 shuffled_R2=-0.019799
ALIGN ego[01] partner[01] R2=0.904661 NMSE=0.095339 shuffled_R2=-0.051493
ALIGN ego[01] partner[02] R2=0.933981 NMSE=0.066019 shuffled_R2=-0.030676
ALIGN ego[01] partner[03] R2=0.936797 NMSE=0.063203 shuffled_R2=-0.017383
ALIGN ego[01] partner[04] R2=0.922257 NMSE=0.077743 shuffled_R2=-0.037880
ALIGN ego[02] partner[00] R2=0.954311 NMSE=0.045689 shuffled_R2=-0.019828
ALIGN ego[02] partner[01] R2=0.945785 NMSE=0.054215 shuffled_R2=-0.020796
ALIGN ego[02] partner[02] R2=0.866962 NMSE=0.133038 shuffled_R2=-0.034969
ALIGN ego[02] partner[03] R2=0.959759 NMSE=0.040241 shuffled_R2=-0.014514
ALIGN ego[02] partner[04] R2=0.958555 NMSE=0.041445 shuffled_R2=-0.018642
ALIGN ego[03] partner[00] R2=0.912920 NMSE=0.087080 shuffled_R2=-0.027308
ALIGN ego[03] partner[01] R2=0.911394 NMSE=0.088606 shuffled_R2=-0.022957
ALIGN ego[03] partner[02] R2=0.954237 NMSE=0.045763 shuffled_R2=-0.015900
ALIGN ego[03] partner[03] R2=0.938907 NMSE=0.061093 shuffled_R2=-0.016971
ALIGN ego[03] partner[04] R2=0.953477 NMSE=0.046523 shuffled_R2=-0.018774
ALIGN ego[04] partner[00] R2=0.944692 NMSE=0.055308 shuffled_R2=-0.017397
ALIGN ego[04] partner[01] R2=0.963797 NMSE=0.036203 shuffled_R2=-0.014299
ALIGN ego[04] partner[02] R2=0.963349 NMSE=0.036651 shuffled_R2=-0.014455
ALIGN ego[04] partner[03] R2=0.930318 NMSE=0.069682 shuffled_R2=-0.017081
ALIGN ego[04] partner[04] R2=0.951340 NMSE=0.048660 shuffled_R2=-0.021034
Average ego-to-partner alignment R2: 0.898530 +- 0.010420 SE over 100 ego-partner pairs
Average alignment normalized MSE: 0.101470 +- 0.010420 SE
Average shuffled-control alignment R2: -0.025437 +- 0.001931 SE
Saved alignment results to ad_hoc_teamplay_results/lmpred_gamma09_ad_hoc_teamplay/cramped_room5x5
Evaluating ad-hoc teamplay for ego_method=lmpred_gamma09, layout=counter_circuit
ego_prefix=checkpoints/lmpred_gamma09, partner_pool_specs=e3t:checkpoints/eval_pools/e3t;mep_br:checkpoints/eval_pools/mep_br;pbt:checkpoints/eval_pools/pbt;sp:checkpoints/eval_pools/sp, result_name=lmpred_gamma09_ad_hoc_teamplay, ego_perspective_transform=true
Importing submoduled environments...
Submoduled environments not found. Skipping import.
2026-07-13 07:43:10.914565: W external/xla/xla/service/gpu/autotuning/dot_search_space.cc:200] All configs were filtered out because none of them sufficiently match the hints. Maybe the hints set does not contain a good representative set of valid configs?Working around this by using the full hints set instead.
2026-07-13 07:43:11.941265: W external/xla/xla/service/gpu/autotuning/dot_search_space.cc:200] All configs were filtered out because none of them sufficiently match the hints. Maybe the hints set does not contain a good representative set of valid configs?Working around this by using the full hints set instead.
LOADED: checkpoints/lmpred_gamma09/counter_circuit/baseline_seed_0_step_380.msgpack
LOADED: checkpoints/lmpred_gamma09/counter_circuit/baseline_seed_1_step_380.msgpack
LOADED: checkpoints/lmpred_gamma09/counter_circuit/baseline_seed_2_step_380.msgpack
LOADED: checkpoints/lmpred_gamma09/counter_circuit/baseline_seed_3_step_380.msgpack
LOADED: checkpoints/lmpred_gamma09/counter_circuit/baseline_seed_4_step_380.msgpack
Evaluating partner group 0: method=e3t, prefix=checkpoints/eval_pools/e3t
LOADED: checkpoints/eval_pools/e3t/counter_circuit/baseline_seed_0_step_220.msgpack
LOADED: checkpoints/eval_pools/e3t/counter_circuit/baseline_seed_1_step_220.msgpack
LOADED: checkpoints/eval_pools/e3t/counter_circuit/baseline_seed_2_step_220.msgpack
LOADED: checkpoints/eval_pools/e3t/counter_circuit/baseline_seed_3_step_220.msgpack
LOADED: checkpoints/eval_pools/e3t/counter_circuit/baseline_seed_4_step_220.msgpack
Using XP rollout scale: XP_PAIR_BATCH_SIZE=32, EVAL_NUM_EPISODES=128, EVAL_NUM_STEPS=400
XP ego[00] partner[00] = 114.844
XP ego[00] partner[01] = 142.344
XP ego[00] partner[02] = 71.406
XP ego[00] partner[03] = 5.000
XP ego[00] partner[04] = 78.125
XP ego[01] partner[00] = 115.000
XP ego[01] partner[01] = 143.906
XP ego[01] partner[02] = 64.219
XP ego[01] partner[03] = 6.250
XP ego[01] partner[04] = 45.469
XP ego[02] partner[00] = 71.875
XP ego[02] partner[01] = 90.938
XP ego[02] partner[02] = 92.656
XP ego[02] partner[03] = 8.750
XP ego[02] partner[04] = 124.219
XP ego[03] partner[00] = 155.000
XP ego[03] partner[01] = 146.562
XP ego[03] partner[02] = 92.812
XP ego[03] partner[03] = 7.031
XP ego[03] partner[04] = 65.000
XP ego[04] partner[00] = 137.031
XP ego[04] partner[01] = 100.312
XP ego[04] partner[02] = 96.094
XP ego[04] partner[03] = 34.062
XP ego[04] partner[04] = 137.500
Evaluating partner group 1: method=mep_br, prefix=checkpoints/eval_pools/mep_br
LOADED: checkpoints/eval_pools/mep_br/counter_circuit/baseline_seed_0_step_380.msgpack
LOADED: checkpoints/eval_pools/mep_br/counter_circuit/baseline_seed_1_step_380.msgpack
LOADED: checkpoints/eval_pools/mep_br/counter_circuit/baseline_seed_2_step_380.msgpack
LOADED: checkpoints/eval_pools/mep_br/counter_circuit/baseline_seed_3_step_380.msgpack
LOADED: checkpoints/eval_pools/mep_br/counter_circuit/baseline_seed_4_step_380.msgpack
Using XP rollout scale: XP_PAIR_BATCH_SIZE=32, EVAL_NUM_EPISODES=128, EVAL_NUM_STEPS=400
XP ego[00] partner[00] = 185.938
XP ego[00] partner[01] = 168.750
XP ego[00] partner[02] = 182.812
XP ego[00] partner[03] = 183.750
XP ego[00] partner[04] = 158.750
XP ego[01] partner[00] = 193.125
XP ego[01] partner[01] = 180.312
XP ego[01] partner[02] = 187.188
XP ego[01] partner[03] = 188.281
XP ego[01] partner[04] = 171.719
XP ego[02] partner[00] = 129.844
XP ego[02] partner[01] = 128.438
XP ego[02] partner[02] = 168.125
XP ego[02] partner[03] = 151.406
XP ego[02] partner[04] = 136.875
XP ego[03] partner[00] = 166.250
XP ego[03] partner[01] = 169.844
XP ego[03] partner[02] = 179.531
XP ego[03] partner[03] = 180.000
XP ego[03] partner[04] = 170.312
XP ego[04] partner[00] = 165.781
XP ego[04] partner[01] = 142.344
XP ego[04] partner[02] = 166.250
XP ego[04] partner[03] = 174.531
XP ego[04] partner[04] = 162.969
Evaluating partner group 2: method=pbt, prefix=checkpoints/eval_pools/pbt
LOADED: checkpoints/eval_pools/pbt/counter_circuit/baseline_seed_0_step_62.msgpack
LOADED: checkpoints/eval_pools/pbt/counter_circuit/baseline_seed_1_step_62.msgpack
LOADED: checkpoints/eval_pools/pbt/counter_circuit/baseline_seed_2_step_62.msgpack
LOADED: checkpoints/eval_pools/pbt/counter_circuit/baseline_seed_3_step_62.msgpack
LOADED: checkpoints/eval_pools/pbt/counter_circuit/baseline_seed_4_step_62.msgpack
Using XP rollout scale: XP_PAIR_BATCH_SIZE=32, EVAL_NUM_EPISODES=128, EVAL_NUM_STEPS=400
XP ego[00] partner[00] = 203.594
XP ego[00] partner[01] = 204.062
XP ego[00] partner[02] = 202.031
XP ego[00] partner[03] = 200.625
XP ego[00] partner[04] = 205.312
XP ego[01] partner[00] = 215.625
XP ego[01] partner[01] = 224.062
XP ego[01] partner[02] = 222.969
XP ego[01] partner[03] = 226.719
XP ego[01] partner[04] = 224.688
XP ego[02] partner[00] = 47.188
XP ego[02] partner[01] = 59.219
XP ego[02] partner[02] = 80.469
XP ego[02] partner[03] = 48.594
XP ego[02] partner[04] = 63.281
XP ego[03] partner[00] = 188.594
XP ego[03] partner[01] = 210.312
XP ego[03] partner[02] = 215.000
XP ego[03] partner[03] = 218.438
XP ego[03] partner[04] = 222.656
XP ego[04] partner[00] = 152.188
XP ego[04] partner[01] = 146.406
XP ego[04] partner[02] = 157.344
XP ego[04] partner[03] = 189.219
XP ego[04] partner[04] = 176.250
Evaluating partner group 3: method=sp, prefix=checkpoints/eval_pools/sp
LOADED: checkpoints/eval_pools/sp/counter_circuit/baseline_seed_0_step_380.msgpack
LOADED: checkpoints/eval_pools/sp/counter_circuit/baseline_seed_1_step_380.msgpack
LOADED: checkpoints/eval_pools/sp/counter_circuit/baseline_seed_2_step_380.msgpack
LOADED: checkpoints/eval_pools/sp/counter_circuit/baseline_seed_3_step_380.msgpack
LOADED: checkpoints/eval_pools/sp/counter_circuit/baseline_seed_4_step_380.msgpack
Using XP rollout scale: XP_PAIR_BATCH_SIZE=32, EVAL_NUM_EPISODES=128, EVAL_NUM_STEPS=400
XP ego[00] partner[00] = 176.875
XP ego[00] partner[01] = 71.875
XP ego[00] partner[02] = 196.875
XP ego[00] partner[03] = 183.125
XP ego[00] partner[04] = 193.281
XP ego[01] partner[00] = 189.688
XP ego[01] partner[01] = 180.312
XP ego[01] partner[02] = 217.500
XP ego[01] partner[03] = 182.500
XP ego[01] partner[04] = 202.812
XP ego[02] partner[00] = 90.312
XP ego[02] partner[01] = 114.219
XP ego[02] partner[02] = 79.062
XP ego[02] partner[03] = 126.406
XP ego[02] partner[04] = 87.500
XP ego[03] partner[00] = 190.469
XP ego[03] partner[01] = 169.688
XP ego[03] partner[02] = 198.750
XP ego[03] partner[03] = 182.969
XP ego[03] partner[04] = 172.031
XP ego[04] partner[00] = 145.625
XP ego[04] partner[01] = 117.344
XP ego[04] partner[02] = 171.094
XP ego[04] partner[03] = 183.750
XP ego[04] partner[04] = 164.688
Average ego-vs-partner performance: 146.331 +- 5.699 SE over 100 ordered pairs
Average diagonal performance: 99.188 +- 24.747 SE over 5 pairs
Average off-diagonal performance (only for square pools): nan +- nan SE over 0 ordered pairs
Saved ad-hoc teamplay results to ad_hoc_teamplay_results/lmpred_gamma09_ad_hoc_teamplay/counter_circuit
Saved ad-hoc teamplay heatmap to ad_hoc_teamplay_results/lmpred_gamma09_ad_hoc_teamplay/counter_circuit/xp_matrix.png
Evaluating partner alignment group 0: method=e3t, prefix=checkpoints/eval_pools/e3t
LOADED: checkpoints/eval_pools/e3t/counter_circuit/baseline_seed_0_step_220.msgpack
LOADED: checkpoints/eval_pools/e3t/counter_circuit/baseline_seed_1_step_220.msgpack
LOADED: checkpoints/eval_pools/e3t/counter_circuit/baseline_seed_2_step_220.msgpack
LOADED: checkpoints/eval_pools/e3t/counter_circuit/baseline_seed_3_step_220.msgpack
LOADED: checkpoints/eval_pools/e3t/counter_circuit/baseline_seed_4_step_220.msgpack
Using alignment rollout scale: ALIGN_PAIR_BATCH_SIZE=2, ALIGN_EVAL_NUM_EPISODES=128, ALIGN_EVAL_NUM_STEPS=400
ALIGN ego[00] partner[00] R2=0.778431 NMSE=0.221569 shuffled_R2=-0.023076
ALIGN ego[00] partner[01] R2=0.739107 NMSE=0.260893 shuffled_R2=-0.016458
ALIGN ego[00] partner[02] R2=0.788801 NMSE=0.211199 shuffled_R2=-0.017883
ALIGN ego[00] partner[03] R2=0.819800 NMSE=0.180200 shuffled_R2=-0.045640
ALIGN ego[00] partner[04] R2=0.791180 NMSE=0.208820 shuffled_R2=-0.021229
ALIGN ego[01] partner[00] R2=0.780434 NMSE=0.219566 shuffled_R2=-0.017510
ALIGN ego[01] partner[01] R2=0.741887 NMSE=0.258113 shuffled_R2=-0.016544
ALIGN ego[01] partner[02] R2=0.782275 NMSE=0.217725 shuffled_R2=-0.020541
ALIGN ego[01] partner[03] R2=0.919895 NMSE=0.080105 shuffled_R2=-0.017265
ALIGN ego[01] partner[04] R2=0.840626 NMSE=0.159374 shuffled_R2=-0.022760
ALIGN ego[02] partner[00] R2=0.805595 NMSE=0.194405 shuffled_R2=-0.019116
ALIGN ego[02] partner[01] R2=0.788094 NMSE=0.211906 shuffled_R2=-0.015932
ALIGN ego[02] partner[02] R2=0.742105 NMSE=0.257895 shuffled_R2=-0.019871
ALIGN ego[02] partner[03] R2=0.826501 NMSE=0.173499 shuffled_R2=-0.018686
ALIGN ego[02] partner[04] R2=0.798582 NMSE=0.201418 shuffled_R2=-0.015833
ALIGN ego[03] partner[00] R2=0.724123 NMSE=0.275877 shuffled_R2=-0.019226
ALIGN ego[03] partner[01] R2=0.765486 NMSE=0.234514 shuffled_R2=-0.018127
ALIGN ego[03] partner[02] R2=0.754794 NMSE=0.245206 shuffled_R2=-0.018876
ALIGN ego[03] partner[03] R2=0.847857 NMSE=0.152143 shuffled_R2=-0.034628
ALIGN ego[03] partner[04] R2=0.819144 NMSE=0.180856 shuffled_R2=-0.021672
ALIGN ego[04] partner[00] R2=0.833138 NMSE=0.166862 shuffled_R2=-0.018190
ALIGN ego[04] partner[01] R2=0.804350 NMSE=0.195650 shuffled_R2=-0.015354
ALIGN ego[04] partner[02] R2=0.745207 NMSE=0.254793 shuffled_R2=-0.017764
ALIGN ego[04] partner[03] R2=0.895555 NMSE=0.104445 shuffled_R2=-0.020432
ALIGN ego[04] partner[04] R2=0.877953 NMSE=0.122047 shuffled_R2=-0.019699
Evaluating partner alignment group 1: method=mep_br, prefix=checkpoints/eval_pools/mep_br
LOADED: checkpoints/eval_pools/mep_br/counter_circuit/baseline_seed_0_step_380.msgpack
LOADED: checkpoints/eval_pools/mep_br/counter_circuit/baseline_seed_1_step_380.msgpack
LOADED: checkpoints/eval_pools/mep_br/counter_circuit/baseline_seed_2_step_380.msgpack
LOADED: checkpoints/eval_pools/mep_br/counter_circuit/baseline_seed_3_step_380.msgpack
LOADED: checkpoints/eval_pools/mep_br/counter_circuit/baseline_seed_4_step_380.msgpack
Using alignment rollout scale: ALIGN_PAIR_BATCH_SIZE=2, ALIGN_EVAL_NUM_EPISODES=128, ALIGN_EVAL_NUM_STEPS=400
ALIGN ego[00] partner[00] R2=0.827238 NMSE=0.172762 shuffled_R2=-0.014717
ALIGN ego[00] partner[01] R2=0.826796 NMSE=0.173204 shuffled_R2=-0.016731
ALIGN ego[00] partner[02] R2=0.798057 NMSE=0.201943 shuffled_R2=-0.019099
ALIGN ego[00] partner[03] R2=0.824900 NMSE=0.175100 shuffled_R2=-0.015080
ALIGN ego[00] partner[04] R2=0.830142 NMSE=0.169858 shuffled_R2=-0.018497
ALIGN ego[01] partner[00] R2=0.816863 NMSE=0.183137 shuffled_R2=-0.013964
ALIGN ego[01] partner[01] R2=0.815134 NMSE=0.184866 shuffled_R2=-0.018493
ALIGN ego[01] partner[02] R2=0.809082 NMSE=0.190918 shuffled_R2=-0.015172
ALIGN ego[01] partner[03] R2=0.765901 NMSE=0.234099 shuffled_R2=-0.024208
ALIGN ego[01] partner[04] R2=0.803669 NMSE=0.196331 shuffled_R2=-0.014306
ALIGN ego[02] partner[00] R2=0.867470 NMSE=0.132530 shuffled_R2=-0.017800
ALIGN ego[02] partner[01] R2=0.826346 NMSE=0.173654 shuffled_R2=-0.017095
ALIGN ego[02] partner[02] R2=0.833498 NMSE=0.166502 shuffled_R2=-0.016021
ALIGN ego[02] partner[03] R2=0.825698 NMSE=0.174302 shuffled_R2=-0.019005
ALIGN ego[02] partner[04] R2=0.737116 NMSE=0.262884 shuffled_R2=-0.018477
ALIGN ego[03] partner[00] R2=0.820434 NMSE=0.179566 shuffled_R2=-0.015037
ALIGN ego[03] partner[01] R2=0.827827 NMSE=0.172173 shuffled_R2=-0.016032
ALIGN ego[03] partner[02] R2=0.807988 NMSE=0.192012 shuffled_R2=-0.014741
ALIGN ego[03] partner[03] R2=0.798757 NMSE=0.201243 shuffled_R2=-0.014591
ALIGN ego[03] partner[04] R2=0.787709 NMSE=0.212291 shuffled_R2=-0.018348
ALIGN ego[04] partner[00] R2=0.719102 NMSE=0.280898 shuffled_R2=-0.019593
ALIGN ego[04] partner[01] R2=0.806689 NMSE=0.193311 shuffled_R2=-0.016039
ALIGN ego[04] partner[02] R2=0.801744 NMSE=0.198256 shuffled_R2=-0.016409
ALIGN ego[04] partner[03] R2=0.809414 NMSE=0.190586 shuffled_R2=-0.015446
ALIGN ego[04] partner[04] R2=0.791766 NMSE=0.208234 shuffled_R2=-0.015096
Evaluating partner alignment group 2: method=pbt, prefix=checkpoints/eval_pools/pbt
LOADED: checkpoints/eval_pools/pbt/counter_circuit/baseline_seed_0_step_62.msgpack
LOADED: checkpoints/eval_pools/pbt/counter_circuit/baseline_seed_1_step_62.msgpack
LOADED: checkpoints/eval_pools/pbt/counter_circuit/baseline_seed_2_step_62.msgpack
LOADED: checkpoints/eval_pools/pbt/counter_circuit/baseline_seed_3_step_62.msgpack
LOADED: checkpoints/eval_pools/pbt/counter_circuit/baseline_seed_4_step_62.msgpack
Using alignment rollout scale: ALIGN_PAIR_BATCH_SIZE=2, ALIGN_EVAL_NUM_EPISODES=128, ALIGN_EVAL_NUM_STEPS=400
ALIGN ego[00] partner[00] R2=0.716489 NMSE=0.283511 shuffled_R2=-0.015486
ALIGN ego[00] partner[01] R2=0.719952 NMSE=0.280048 shuffled_R2=-0.015984
ALIGN ego[00] partner[02] R2=0.678391 NMSE=0.321609 shuffled_R2=-0.019090
ALIGN ego[00] partner[03] R2=0.738290 NMSE=0.261710 shuffled_R2=-0.015324
ALIGN ego[00] partner[04] R2=0.631411 NMSE=0.368589 shuffled_R2=-0.025724
ALIGN ego[01] partner[00] R2=0.727577 NMSE=0.272423 shuffled_R2=-0.019972
ALIGN ego[01] partner[01] R2=0.705907 NMSE=0.294093 shuffled_R2=-0.022905
ALIGN ego[01] partner[02] R2=0.734389 NMSE=0.265611 shuffled_R2=-0.016259
ALIGN ego[01] partner[03] R2=0.774013 NMSE=0.225987 shuffled_R2=-0.016702
ALIGN ego[01] partner[04] R2=0.756793 NMSE=0.243207 shuffled_R2=-0.018825
ALIGN ego[02] partner[00] R2=0.694693 NMSE=0.305307 shuffled_R2=-0.026278
ALIGN ego[02] partner[01] R2=0.808959 NMSE=0.191041 shuffled_R2=-0.013704
ALIGN ego[02] partner[02] R2=0.789442 NMSE=0.210558 shuffled_R2=-0.016203
ALIGN ego[02] partner[03] R2=0.778397 NMSE=0.221603 shuffled_R2=-0.020227
ALIGN ego[02] partner[04] R2=0.807464 NMSE=0.192536 shuffled_R2=-0.021396
ALIGN ego[03] partner[00] R2=0.733155 NMSE=0.266845 shuffled_R2=-0.023998
ALIGN ego[03] partner[01] R2=0.778234 NMSE=0.221766 shuffled_R2=-0.014631
ALIGN ego[03] partner[02] R2=0.699125 NMSE=0.300875 shuffled_R2=-0.021907
ALIGN ego[03] partner[03] R2=0.760022 NMSE=0.239978 shuffled_R2=-0.019380
ALIGN ego[03] partner[04] R2=0.774890 NMSE=0.225110 shuffled_R2=-0.015414
ALIGN ego[04] partner[00] R2=0.752544 NMSE=0.247456 shuffled_R2=-0.035547
ALIGN ego[04] partner[01] R2=0.822434 NMSE=0.177566 shuffled_R2=-0.018540
ALIGN ego[04] partner[02] R2=0.826436 NMSE=0.173564 shuffled_R2=-0.017050
ALIGN ego[04] partner[03] R2=0.670334 NMSE=0.329666 shuffled_R2=-0.029706
ALIGN ego[04] partner[04] R2=0.860485 NMSE=0.139515 shuffled_R2=-0.016287
Evaluating partner alignment group 3: method=sp, prefix=checkpoints/eval_pools/sp
LOADED: checkpoints/eval_pools/sp/counter_circuit/baseline_seed_0_step_380.msgpack
LOADED: checkpoints/eval_pools/sp/counter_circuit/baseline_seed_1_step_380.msgpack
LOADED: checkpoints/eval_pools/sp/counter_circuit/baseline_seed_2_step_380.msgpack
LOADED: checkpoints/eval_pools/sp/counter_circuit/baseline_seed_3_step_380.msgpack
LOADED: checkpoints/eval_pools/sp/counter_circuit/baseline_seed_4_step_380.msgpack
Using alignment rollout scale: ALIGN_PAIR_BATCH_SIZE=2, ALIGN_EVAL_NUM_EPISODES=128, ALIGN_EVAL_NUM_STEPS=400
ALIGN ego[00] partner[00] R2=0.853670 NMSE=0.146330 shuffled_R2=-0.016052
ALIGN ego[00] partner[01] R2=0.844154 NMSE=0.155846 shuffled_R2=-0.024931
ALIGN ego[00] partner[02] R2=0.763227 NMSE=0.236773 shuffled_R2=-0.025544
ALIGN ego[00] partner[03] R2=0.797678 NMSE=0.202322 shuffled_R2=-0.017922
ALIGN ego[00] partner[04] R2=0.823215 NMSE=0.176785 shuffled_R2=-0.015342
ALIGN ego[01] partner[00] R2=0.858907 NMSE=0.141093 shuffled_R2=-0.016448
ALIGN ego[01] partner[01] R2=0.893205 NMSE=0.106795 shuffled_R2=-0.015150
ALIGN ego[01] partner[02] R2=0.842447 NMSE=0.157553 shuffled_R2=-0.016587
ALIGN ego[01] partner[03] R2=0.762065 NMSE=0.237935 shuffled_R2=-0.015959
ALIGN ego[01] partner[04] R2=0.820102 NMSE=0.179898 shuffled_R2=-0.015450
ALIGN ego[02] partner[00] R2=0.830652 NMSE=0.169348 shuffled_R2=-0.018625
ALIGN ego[02] partner[01] R2=0.854807 NMSE=0.145193 shuffled_R2=-0.018584
ALIGN ego[02] partner[02] R2=0.880426 NMSE=0.119574 shuffled_R2=-0.013707
ALIGN ego[02] partner[03] R2=0.746724 NMSE=0.253276 shuffled_R2=-0.023923
ALIGN ego[02] partner[04] R2=0.783499 NMSE=0.216501 shuffled_R2=-0.021575
ALIGN ego[03] partner[00] R2=0.882731 NMSE=0.117269 shuffled_R2=-0.014051
ALIGN ego[03] partner[01] R2=0.903995 NMSE=0.096005 shuffled_R2=-0.016829
ALIGN ego[03] partner[02] R2=0.846421 NMSE=0.153579 shuffled_R2=-0.014866
ALIGN ego[03] partner[03] R2=0.783065 NMSE=0.216935 shuffled_R2=-0.018435
ALIGN ego[03] partner[04] R2=0.851825 NMSE=0.148175 shuffled_R2=-0.014199
ALIGN ego[04] partner[00] R2=0.875706 NMSE=0.124294 shuffled_R2=-0.016568
ALIGN ego[04] partner[01] R2=0.880288 NMSE=0.119712 shuffled_R2=-0.015460
ALIGN ego[04] partner[02] R2=0.840231 NMSE=0.159769 shuffled_R2=-0.020392
ALIGN ego[04] partner[03] R2=0.817425 NMSE=0.182575 shuffled_R2=-0.015395
ALIGN ego[04] partner[04] R2=0.847454 NMSE=0.152546 shuffled_R2=-0.021963
Average ego-to-partner alignment R2: 0.798140 +- 0.005442 SE over 100 ego-partner pairs
Average alignment normalized MSE: 0.201860 +- 0.005442 SE
Average shuffled-control alignment R2: -0.018728 +- 0.000481 SE
Saved alignment results to ad_hoc_teamplay_results/lmpred_gamma09_ad_hoc_teamplay/counter_circuit
Evaluating ad-hoc teamplay for ego_method=lmpred_gamma09, layout=coord_ring
ego_prefix=checkpoints/lmpred_gamma09, partner_pool_specs=e3t:checkpoints/eval_pools/e3t;mep_br:checkpoints/eval_pools/mep_br;pbt:checkpoints/eval_pools/pbt;sp:checkpoints/eval_pools/sp, result_name=lmpred_gamma09_ad_hoc_teamplay, ego_perspective_transform=true
Importing submoduled environments...
Submoduled environments not found. Skipping import.
2026-07-13 07:46:47.641415: W external/xla/xla/service/gpu/autotuning/dot_search_space.cc:200] All configs were filtered out because none of them sufficiently match the hints. Maybe the hints set does not contain a good representative set of valid configs?Working around this by using the full hints set instead.
2026-07-13 07:46:48.794665: W external/xla/xla/service/gpu/autotuning/dot_search_space.cc:200] All configs were filtered out because none of them sufficiently match the hints. Maybe the hints set does not contain a good representative set of valid configs?Working around this by using the full hints set instead.
LOADED: checkpoints/lmpred_gamma09/coord_ring/baseline_seed_0_step_220.msgpack
LOADED: checkpoints/lmpred_gamma09/coord_ring/baseline_seed_1_step_220.msgpack
LOADED: checkpoints/lmpred_gamma09/coord_ring/baseline_seed_2_step_220.msgpack
LOADED: checkpoints/lmpred_gamma09/coord_ring/baseline_seed_3_step_220.msgpack
LOADED: checkpoints/lmpred_gamma09/coord_ring/baseline_seed_4_step_220.msgpack
Evaluating partner group 0: method=e3t, prefix=checkpoints/eval_pools/e3t
LOADED: checkpoints/eval_pools/e3t/coord_ring/baseline_seed_0_step_220.msgpack
LOADED: checkpoints/eval_pools/e3t/coord_ring/baseline_seed_1_step_220.msgpack
LOADED: checkpoints/eval_pools/e3t/coord_ring/baseline_seed_2_step_220.msgpack
LOADED: checkpoints/eval_pools/e3t/coord_ring/baseline_seed_3_step_220.msgpack
LOADED: checkpoints/eval_pools/e3t/coord_ring/baseline_seed_4_step_220.msgpack
Using XP rollout scale: XP_PAIR_BATCH_SIZE=32, EVAL_NUM_EPISODES=128, EVAL_NUM_STEPS=400
XP ego[00] partner[00] = 309.688
XP ego[00] partner[01] = 302.188
XP ego[00] partner[02] = 54.531
XP ego[00] partner[03] = 306.875
XP ego[00] partner[04] = 295.781
XP ego[01] partner[00] = 256.406
XP ego[01] partner[01] = 292.344
XP ego[01] partner[02] = 10.469
XP ego[01] partner[03] = 258.906
XP ego[01] partner[04] = 293.906
XP ego[02] partner[00] = 248.281
XP ego[02] partner[01] = 268.594
XP ego[02] partner[02] = 33.594
XP ego[02] partner[03] = 274.375
XP ego[02] partner[04] = 283.281
XP ego[03] partner[00] = 273.281
XP ego[03] partner[01] = 289.844
XP ego[03] partner[02] = 26.562
XP ego[03] partner[03] = 292.500
XP ego[03] partner[04] = 260.312
XP ego[04] partner[00] = 264.531
XP ego[04] partner[01] = 260.938
XP ego[04] partner[02] = 53.906
XP ego[04] partner[03] = 267.188
XP ego[04] partner[04] = 270.000
Evaluating partner group 1: method=mep_br, prefix=checkpoints/eval_pools/mep_br
LOADED: checkpoints/eval_pools/mep_br/coord_ring/baseline_seed_0_step_220.msgpack
LOADED: checkpoints/eval_pools/mep_br/coord_ring/baseline_seed_1_step_220.msgpack
LOADED: checkpoints/eval_pools/mep_br/coord_ring/baseline_seed_2_step_220.msgpack
LOADED: checkpoints/eval_pools/mep_br/coord_ring/baseline_seed_3_step_220.msgpack
LOADED: checkpoints/eval_pools/mep_br/coord_ring/baseline_seed_4_step_220.msgpack
Using XP rollout scale: XP_PAIR_BATCH_SIZE=32, EVAL_NUM_EPISODES=128, EVAL_NUM_STEPS=400
XP ego[00] partner[00] = 257.656
XP ego[00] partner[01] = 279.844
XP ego[00] partner[02] = 226.875
XP ego[00] partner[03] = 186.406
XP ego[00] partner[04] = 181.094
XP ego[01] partner[00] = 262.500
XP ego[01] partner[01] = 295.000
XP ego[01] partner[02] = 271.719
XP ego[01] partner[03] = 191.719
XP ego[01] partner[04] = 277.188
XP ego[02] partner[00] = 238.438
XP ego[02] partner[01] = 289.375
XP ego[02] partner[02] = 247.969
XP ego[02] partner[03] = 191.875
XP ego[02] partner[04] = 251.719
XP ego[03] partner[00] = 261.719
XP ego[03] partner[01] = 286.406
XP ego[03] partner[02] = 273.125
XP ego[03] partner[03] = 186.562
XP ego[03] partner[04] = 265.156
XP ego[04] partner[00] = 241.562
XP ego[04] partner[01] = 265.625
XP ego[04] partner[02] = 263.594
XP ego[04] partner[03] = 261.094
XP ego[04] partner[04] = 230.781
Evaluating partner group 2: method=pbt, prefix=checkpoints/eval_pools/pbt
LOADED: checkpoints/eval_pools/pbt/coord_ring/baseline_seed_0_step_62.msgpack
LOADED: checkpoints/eval_pools/pbt/coord_ring/baseline_seed_1_step_62.msgpack
LOADED: checkpoints/eval_pools/pbt/coord_ring/baseline_seed_2_step_62.msgpack
LOADED: checkpoints/eval_pools/pbt/coord_ring/baseline_seed_3_step_62.msgpack
LOADED: checkpoints/eval_pools/pbt/coord_ring/baseline_seed_4_step_62.msgpack
Using XP rollout scale: XP_PAIR_BATCH_SIZE=32, EVAL_NUM_EPISODES=128, EVAL_NUM_STEPS=400
XP ego[00] partner[00] = 272.031
XP ego[00] partner[01] = 294.531
XP ego[00] partner[02] = 221.719
XP ego[00] partner[03] = 213.125
XP ego[00] partner[04] = 294.219
XP ego[01] partner[00] = 292.344
XP ego[01] partner[01] = 293.594
XP ego[01] partner[02] = 289.062
XP ego[01] partner[03] = 262.656
XP ego[01] partner[04] = 298.281
XP ego[02] partner[00] = 298.281
XP ego[02] partner[01] = 280.156
XP ego[02] partner[02] = 285.156
XP ego[02] partner[03] = 252.812
XP ego[02] partner[04] = 296.250
XP ego[03] partner[00] = 294.219
XP ego[03] partner[01] = 295.000
XP ego[03] partner[02] = 282.969
XP ego[03] partner[03] = 265.000
XP ego[03] partner[04] = 292.031
XP ego[04] partner[00] = 267.656
XP ego[04] partner[01] = 225.781
XP ego[04] partner[02] = 217.500
XP ego[04] partner[03] = 191.250
XP ego[04] partner[04] = 206.875
Evaluating partner group 3: method=sp, prefix=checkpoints/eval_pools/sp
LOADED: checkpoints/eval_pools/sp/coord_ring/baseline_seed_0_step_220.msgpack
LOADED: checkpoints/eval_pools/sp/coord_ring/baseline_seed_1_step_220.msgpack
LOADED: checkpoints/eval_pools/sp/coord_ring/baseline_seed_2_step_220.msgpack
LOADED: checkpoints/eval_pools/sp/coord_ring/baseline_seed_3_step_220.msgpack
LOADED: checkpoints/eval_pools/sp/coord_ring/baseline_seed_4_step_220.msgpack
Using XP rollout scale: XP_PAIR_BATCH_SIZE=32, EVAL_NUM_EPISODES=128, EVAL_NUM_STEPS=400
XP ego[00] partner[00] = 288.438
XP ego[00] partner[01] = 287.656
XP ego[00] partner[02] = 278.750
XP ego[00] partner[03] = 292.031
XP ego[00] partner[04] = 283.281
XP ego[01] partner[00] = 298.594
XP ego[01] partner[01] = 287.969
XP ego[01] partner[02] = 273.438
XP ego[01] partner[03] = 300.781
XP ego[01] partner[04] = 282.031
XP ego[02] partner[00] = 287.188
XP ego[02] partner[01] = 255.625
XP ego[02] partner[02] = 255.781
XP ego[02] partner[03] = 267.500
XP ego[02] partner[04] = 267.969
XP ego[03] partner[00] = 281.875
XP ego[03] partner[01] = 280.156
XP ego[03] partner[02] = 267.969
XP ego[03] partner[03] = 286.094
XP ego[03] partner[04] = 286.875
XP ego[04] partner[00] = 263.281
XP ego[04] partner[01] = 257.500
XP ego[04] partner[02] = 253.438
XP ego[04] partner[03] = 256.250
XP ego[04] partner[04] = 262.812
Average ego-vs-partner performance: 255.191 +- 5.837 SE over 100 ordered pairs
Average diagonal performance: 239.625 +- 51.892 SE over 5 pairs
Average off-diagonal performance (only for square pools): nan +- nan SE over 0 ordered pairs
Saved ad-hoc teamplay results to ad_hoc_teamplay_results/lmpred_gamma09_ad_hoc_teamplay/coord_ring
Saved ad-hoc teamplay heatmap to ad_hoc_teamplay_results/lmpred_gamma09_ad_hoc_teamplay/coord_ring/xp_matrix.png
Evaluating partner alignment group 0: method=e3t, prefix=checkpoints/eval_pools/e3t
LOADED: checkpoints/eval_pools/e3t/coord_ring/baseline_seed_0_step_220.msgpack
LOADED: checkpoints/eval_pools/e3t/coord_ring/baseline_seed_1_step_220.msgpack
LOADED: checkpoints/eval_pools/e3t/coord_ring/baseline_seed_2_step_220.msgpack
LOADED: checkpoints/eval_pools/e3t/coord_ring/baseline_seed_3_step_220.msgpack
LOADED: checkpoints/eval_pools/e3t/coord_ring/baseline_seed_4_step_220.msgpack
Using alignment rollout scale: ALIGN_PAIR_BATCH_SIZE=2, ALIGN_EVAL_NUM_EPISODES=128, ALIGN_EVAL_NUM_STEPS=400
ALIGN ego[00] partner[00] R2=0.919372 NMSE=0.080628 shuffled_R2=-0.017206
ALIGN ego[00] partner[01] R2=0.775755 NMSE=0.224245 shuffled_R2=-0.024943
ALIGN ego[00] partner[02] R2=0.903753 NMSE=0.096247 shuffled_R2=-0.047763
ALIGN ego[00] partner[03] R2=0.913368 NMSE=0.086632 shuffled_R2=-0.016464
ALIGN ego[00] partner[04] R2=0.895559 NMSE=0.104441 shuffled_R2=-0.013893
ALIGN ego[01] partner[00] R2=0.804741 NMSE=0.195259 shuffled_R2=-0.042854
ALIGN ego[01] partner[01] R2=0.858375 NMSE=0.141625 shuffled_R2=-0.016115
ALIGN ego[01] partner[02] R2=0.883457 NMSE=0.116543 shuffled_R2=-0.034461
ALIGN ego[01] partner[03] R2=0.876930 NMSE=0.123070 shuffled_R2=-0.017146
ALIGN ego[01] partner[04] R2=0.716829 NMSE=0.283171 shuffled_R2=-0.031590
ALIGN ego[02] partner[00] R2=0.889665 NMSE=0.110335 shuffled_R2=-0.017218
ALIGN ego[02] partner[01] R2=0.853364 NMSE=0.146636 shuffled_R2=-0.017467
ALIGN ego[02] partner[02] R2=0.953099 NMSE=0.046901 shuffled_R2=-0.016150
ALIGN ego[02] partner[03] R2=0.877960 NMSE=0.122040 shuffled_R2=-0.014115
ALIGN ego[02] partner[04] R2=0.908409 NMSE=0.091591 shuffled_R2=-0.017091
ALIGN ego[03] partner[00] R2=0.787834 NMSE=0.212166 shuffled_R2=-0.024949
ALIGN ego[03] partner[01] R2=0.810810 NMSE=0.189190 shuffled_R2=-0.015891
ALIGN ego[03] partner[02] R2=0.851482 NMSE=0.148518 shuffled_R2=-0.028350
ALIGN ego[03] partner[03] R2=0.825277 NMSE=0.174723 shuffled_R2=-0.018582
ALIGN ego[03] partner[04] R2=0.761825 NMSE=0.238175 shuffled_R2=-0.024245
ALIGN ego[04] partner[00] R2=0.878478 NMSE=0.121522 shuffled_R2=-0.015454
ALIGN ego[04] partner[01] R2=0.864633 NMSE=0.135367 shuffled_R2=-0.015148
ALIGN ego[04] partner[02] R2=0.866556 NMSE=0.133444 shuffled_R2=-0.021199
ALIGN ego[04] partner[03] R2=0.844335 NMSE=0.155665 shuffled_R2=-0.028923
ALIGN ego[04] partner[04] R2=0.886441 NMSE=0.113559 shuffled_R2=-0.015435
Evaluating partner alignment group 1: method=mep_br, prefix=checkpoints/eval_pools/mep_br
LOADED: checkpoints/eval_pools/mep_br/coord_ring/baseline_seed_0_step_220.msgpack
LOADED: checkpoints/eval_pools/mep_br/coord_ring/baseline_seed_1_step_220.msgpack
LOADED: checkpoints/eval_pools/mep_br/coord_ring/baseline_seed_2_step_220.msgpack
LOADED: checkpoints/eval_pools/mep_br/coord_ring/baseline_seed_3_step_220.msgpack
LOADED: checkpoints/eval_pools/mep_br/coord_ring/baseline_seed_4_step_220.msgpack
Using alignment rollout scale: ALIGN_PAIR_BATCH_SIZE=2, ALIGN_EVAL_NUM_EPISODES=128, ALIGN_EVAL_NUM_STEPS=400
ALIGN ego[00] partner[00] R2=0.913588 NMSE=0.086412 shuffled_R2=-0.016764
ALIGN ego[00] partner[01] R2=0.921842 NMSE=0.078158 shuffled_R2=-0.018101
ALIGN ego[00] partner[02] R2=0.929839 NMSE=0.070161 shuffled_R2=-0.016642
ALIGN ego[00] partner[03] R2=0.908942 NMSE=0.091058 shuffled_R2=-0.042801
ALIGN ego[00] partner[04] R2=0.730937 NMSE=0.269063 shuffled_R2=-0.100450
ALIGN ego[01] partner[00] R2=0.842724 NMSE=0.157276 shuffled_R2=-0.021670
ALIGN ego[01] partner[01] R2=0.918816 NMSE=0.081184 shuffled_R2=-0.014128
ALIGN ego[01] partner[02] R2=0.893592 NMSE=0.106408 shuffled_R2=-0.017768
ALIGN ego[01] partner[03] R2=0.929175 NMSE=0.070825 shuffled_R2=-0.020397
ALIGN ego[01] partner[04] R2=0.884895 NMSE=0.115105 shuffled_R2=-0.022231
ALIGN ego[02] partner[00] R2=0.781566 NMSE=0.218434 shuffled_R2=-0.028322
ALIGN ego[02] partner[01] R2=0.825113 NMSE=0.174887 shuffled_R2=-0.024043
ALIGN ego[02] partner[02] R2=0.831606 NMSE=0.168394 shuffled_R2=-0.018654
ALIGN ego[02] partner[03] R2=0.884128 NMSE=0.115872 shuffled_R2=-0.024340
ALIGN ego[02] partner[04] R2=0.877245 NMSE=0.122755 shuffled_R2=-0.025064
ALIGN ego[03] partner[00] R2=0.816177 NMSE=0.183823 shuffled_R2=-0.021187
ALIGN ego[03] partner[01] R2=0.874852 NMSE=0.125148 shuffled_R2=-0.015919
ALIGN ego[03] partner[02] R2=0.857947 NMSE=0.142053 shuffled_R2=-0.020736
ALIGN ego[03] partner[03] R2=0.860671 NMSE=0.139329 shuffled_R2=-0.025267
ALIGN ego[03] partner[04] R2=0.890438 NMSE=0.109562 shuffled_R2=-0.014838
ALIGN ego[04] partner[00] R2=0.895061 NMSE=0.104939 shuffled_R2=-0.015220
ALIGN ego[04] partner[01] R2=0.884499 NMSE=0.115501 shuffled_R2=-0.016519
ALIGN ego[04] partner[02] R2=0.878630 NMSE=0.121370 shuffled_R2=-0.015807
ALIGN ego[04] partner[03] R2=0.891363 NMSE=0.108637 shuffled_R2=-0.015748
ALIGN ego[04] partner[04] R2=0.871140 NMSE=0.128860 shuffled_R2=-0.025069
Evaluating partner alignment group 2: method=pbt, prefix=checkpoints/eval_pools/pbt
LOADED: checkpoints/eval_pools/pbt/coord_ring/baseline_seed_0_step_62.msgpack
LOADED: checkpoints/eval_pools/pbt/coord_ring/baseline_seed_1_step_62.msgpack
LOADED: checkpoints/eval_pools/pbt/coord_ring/baseline_seed_2_step_62.msgpack
LOADED: checkpoints/eval_pools/pbt/coord_ring/baseline_seed_3_step_62.msgpack
LOADED: checkpoints/eval_pools/pbt/coord_ring/baseline_seed_4_step_62.msgpack
Using alignment rollout scale: ALIGN_PAIR_BATCH_SIZE=2, ALIGN_EVAL_NUM_EPISODES=128, ALIGN_EVAL_NUM_STEPS=400
ALIGN ego[00] partner[00] R2=0.834002 NMSE=0.165998 shuffled_R2=-0.013706
ALIGN ego[00] partner[01] R2=0.837729 NMSE=0.162271 shuffled_R2=-0.015750
ALIGN ego[00] partner[02] R2=0.729513 NMSE=0.270487 shuffled_R2=-0.028242
ALIGN ego[00] partner[03] R2=0.761385 NMSE=0.238615 shuffled_R2=-0.022213
ALIGN ego[00] partner[04] R2=0.792386 NMSE=0.207614 shuffled_R2=-0.016765
ALIGN ego[01] partner[00] R2=0.796002 NMSE=0.203998 shuffled_R2=-0.021503
ALIGN ego[01] partner[01] R2=0.742373 NMSE=0.257627 shuffled_R2=-0.020542
ALIGN ego[01] partner[02] R2=0.574382 NMSE=0.425618 shuffled_R2=-0.045180
ALIGN ego[01] partner[03] R2=0.738897 NMSE=0.261103 shuffled_R2=-0.032069
ALIGN ego[01] partner[04] R2=0.774618 NMSE=0.225382 shuffled_R2=-0.019028
ALIGN ego[02] partner[00] R2=0.834644 NMSE=0.165356 shuffled_R2=-0.015739
ALIGN ego[02] partner[01] R2=0.826628 NMSE=0.173372 shuffled_R2=-0.018630
ALIGN ego[02] partner[02] R2=0.817598 NMSE=0.182402 shuffled_R2=-0.015024
ALIGN ego[02] partner[03] R2=0.833397 NMSE=0.166603 shuffled_R2=-0.018488
ALIGN ego[02] partner[04] R2=0.821019 NMSE=0.178981 shuffled_R2=-0.015808
ALIGN ego[03] partner[00] R2=0.810211 NMSE=0.189789 shuffled_R2=-0.015311
ALIGN ego[03] partner[01] R2=0.761302 NMSE=0.238698 shuffled_R2=-0.023251
ALIGN ego[03] partner[02] R2=0.814114 NMSE=0.185886 shuffled_R2=-0.017549
ALIGN ego[03] partner[03] R2=0.783097 NMSE=0.216903 shuffled_R2=-0.017422
ALIGN ego[03] partner[04] R2=0.761845 NMSE=0.238155 shuffled_R2=-0.017157
ALIGN ego[04] partner[00] R2=0.833091 NMSE=0.166909 shuffled_R2=-0.013274
ALIGN ego[04] partner[01] R2=0.839489 NMSE=0.160511 shuffled_R2=-0.014543
ALIGN ego[04] partner[02] R2=0.785217 NMSE=0.214783 shuffled_R2=-0.021366
ALIGN ego[04] partner[03] R2=0.823139 NMSE=0.176861 shuffled_R2=-0.016801
ALIGN ego[04] partner[04] R2=0.799803 NMSE=0.200197 shuffled_R2=-0.016044
Evaluating partner alignment group 3: method=sp, prefix=checkpoints/eval_pools/sp
LOADED: checkpoints/eval_pools/sp/coord_ring/baseline_seed_0_step_220.msgpack
LOADED: checkpoints/eval_pools/sp/coord_ring/baseline_seed_1_step_220.msgpack
LOADED: checkpoints/eval_pools/sp/coord_ring/baseline_seed_2_step_220.msgpack
LOADED: checkpoints/eval_pools/sp/coord_ring/baseline_seed_3_step_220.msgpack
LOADED: checkpoints/eval_pools/sp/coord_ring/baseline_seed_4_step_220.msgpack
Using alignment rollout scale: ALIGN_PAIR_BATCH_SIZE=2, ALIGN_EVAL_NUM_EPISODES=128, ALIGN_EVAL_NUM_STEPS=400
ALIGN ego[00] partner[00] R2=0.864149 NMSE=0.135851 shuffled_R2=-0.015445
ALIGN ego[00] partner[01] R2=0.887417 NMSE=0.112583 shuffled_R2=-0.019835
ALIGN ego[00] partner[02] R2=0.820645 NMSE=0.179355 shuffled_R2=-0.029111
ALIGN ego[00] partner[03] R2=0.899021 NMSE=0.100979 shuffled_R2=-0.020583
ALIGN ego[00] partner[04] R2=0.959664 NMSE=0.040336 shuffled_R2=-0.014427
ALIGN ego[01] partner[00] R2=0.870929 NMSE=0.129071 shuffled_R2=-0.018464
ALIGN ego[01] partner[01] R2=0.873882 NMSE=0.126118 shuffled_R2=-0.018625
ALIGN ego[01] partner[02] R2=0.825682 NMSE=0.174318 shuffled_R2=-0.026129
ALIGN ego[01] partner[03] R2=0.868895 NMSE=0.131105 shuffled_R2=-0.023975
ALIGN ego[01] partner[04] R2=0.906888 NMSE=0.093112 shuffled_R2=-0.017347
ALIGN ego[02] partner[00] R2=0.858223 NMSE=0.141777 shuffled_R2=-0.020292
ALIGN ego[02] partner[01] R2=0.768138 NMSE=0.231862 shuffled_R2=-0.035394
ALIGN ego[02] partner[02] R2=0.891615 NMSE=0.108385 shuffled_R2=-0.013778
ALIGN ego[02] partner[03] R2=0.887238 NMSE=0.112762 shuffled_R2=-0.019667
ALIGN ego[02] partner[04] R2=0.924590 NMSE=0.075410 shuffled_R2=-0.014683
ALIGN ego[03] partner[00] R2=0.859969 NMSE=0.140031 shuffled_R2=-0.013742
ALIGN ego[03] partner[01] R2=0.807483 NMSE=0.192517 shuffled_R2=-0.024200
ALIGN ego[03] partner[02] R2=0.860544 NMSE=0.139456 shuffled_R2=-0.021918
ALIGN ego[03] partner[03] R2=0.851194 NMSE=0.148806 shuffled_R2=-0.021619
ALIGN ego[03] partner[04] R2=0.899472 NMSE=0.100528 shuffled_R2=-0.015102
ALIGN ego[04] partner[00] R2=0.890457 NMSE=0.109543 shuffled_R2=-0.019552
ALIGN ego[04] partner[01] R2=0.875739 NMSE=0.124261 shuffled_R2=-0.016303
ALIGN ego[04] partner[02] R2=0.793741 NMSE=0.206259 shuffled_R2=-0.033814
ALIGN ego[04] partner[03] R2=0.883448 NMSE=0.116552 shuffled_R2=-0.017974
ALIGN ego[04] partner[04] R2=0.905849 NMSE=0.094151 shuffled_R2=-0.016059
Average ego-to-partner alignment R2: 0.846639 +- 0.006009 SE over 100 ego-partner pairs
Average alignment normalized MSE: 0.153361 +- 0.006009 SE
Average shuffled-control alignment R2: -0.021498 +- 0.001063 SE
Saved alignment results to ad_hoc_teamplay_results/lmpred_gamma09_ad_hoc_teamplay/coord_ring
Evaluating ad-hoc teamplay for ego_method=lmpred_gamma09, layout=asymm_advantages
ego_prefix=checkpoints/lmpred_gamma09, partner_pool_specs=e3t:checkpoints/eval_pools/e3t;mep_br:checkpoints/eval_pools/mep_br;pbt:checkpoints/eval_pools/pbt;sp:checkpoints/eval_pools/sp, result_name=lmpred_gamma09_ad_hoc_teamplay, ego_perspective_transform=true
Cannot find primary config 'asymm_advantages'. Check that it's in your config search path.

Config search path:
	provider=hydra, path=pkg://hydra.conf
	provider=main, path=file:///net/scratch/n70579mp/tom/JaxMARL/baselines/overcookedv2/config/oc_extended/mep_br
	provider=schema, path=structured://

Set the environment variable HYDRA_FULL_ERROR=1 for a complete stack trace.
Importing submoduled environments...
Submoduled environments not found. Skipping import.
Evaluating ad-hoc teamplay for ego_method=lmpred_gamma09, layout=forced_coord
ego_prefix=checkpoints/lmpred_gamma09, partner_pool_specs=e3t:checkpoints/eval_pools/e3t;mep_br:checkpoints/eval_pools/mep_br;pbt:checkpoints/eval_pools/pbt;sp:checkpoints/eval_pools/sp, result_name=lmpred_gamma09_ad_hoc_teamplay, ego_perspective_transform=true
Cannot find primary config 'forced_coord'. Check that it's in your config search path.

Config search path:
	provider=hydra, path=pkg://hydra.conf
	provider=main, path=file:///net/scratch/n70579mp/tom/JaxMARL/baselines/overcookedv2/config/oc_extended/mep_br
	provider=schema, path=structured://

Set the environment variable HYDRA_FULL_ERROR=1 for a complete stack trace.
Importing submoduled environments...
Submoduled environments not found. Skipping import.
Evaluating ad-hoc teamplay for ego_method=lmpred_gamma09_ablate, layout=cramped_room5x5
ego_prefix=checkpoints/lmpred_gamma09_ablate, partner_pool_specs=e3t:checkpoints/eval_pools/e3t;mep_br:checkpoints/eval_pools/mep_br;pbt:checkpoints/eval_pools/pbt;sp:checkpoints/eval_pools/sp, result_name=lmpred_gamma09_ablate_ad_hoc_teamplay, ego_perspective_transform=false
Importing submoduled environments...
Submoduled environments not found. Skipping import.
2026-07-13 07:51:16.118639: W external/xla/xla/service/gpu/autotuning/dot_search_space.cc:200] All configs were filtered out because none of them sufficiently match the hints. Maybe the hints set does not contain a good representative set of valid configs?Working around this by using the full hints set instead.
2026-07-13 07:51:17.217385: W external/xla/xla/service/gpu/autotuning/dot_search_space.cc:200] All configs were filtered out because none of them sufficiently match the hints. Maybe the hints set does not contain a good representative set of valid configs?Working around this by using the full hints set instead.
LOADED: checkpoints/lmpred_gamma09_ablate/cramped_room5x5/baseline_seed_0_step_220.msgpack
LOADED: checkpoints/lmpred_gamma09_ablate/cramped_room5x5/baseline_seed_1_step_220.msgpack
LOADED: checkpoints/lmpred_gamma09_ablate/cramped_room5x5/baseline_seed_2_step_220.msgpack
LOADED: checkpoints/lmpred_gamma09_ablate/cramped_room5x5/baseline_seed_3_step_220.msgpack
LOADED: checkpoints/lmpred_gamma09_ablate/cramped_room5x5/baseline_seed_4_step_220.msgpack
Evaluating partner group 0: method=e3t, prefix=checkpoints/eval_pools/e3t
LOADED: checkpoints/eval_pools/e3t/cramped_room5x5/baseline_seed_0_step_220.msgpack
LOADED: checkpoints/eval_pools/e3t/cramped_room5x5/baseline_seed_1_step_220.msgpack
LOADED: checkpoints/eval_pools/e3t/cramped_room5x5/baseline_seed_2_step_220.msgpack
LOADED: checkpoints/eval_pools/e3t/cramped_room5x5/baseline_seed_3_step_220.msgpack
LOADED: checkpoints/eval_pools/e3t/cramped_room5x5/baseline_seed_4_step_220.msgpack
Using XP rollout scale: XP_PAIR_BATCH_SIZE=32, EVAL_NUM_EPISODES=128, EVAL_NUM_STEPS=400
XP ego[00] partner[00] = 242.031
XP ego[00] partner[01] = 208.281
XP ego[00] partner[02] = 175.000
XP ego[00] partner[03] = 228.281
XP ego[00] partner[04] = 232.031
XP ego[01] partner[00] = 236.719
XP ego[01] partner[01] = 165.938
XP ego[01] partner[02] = 235.938
XP ego[01] partner[03] = 216.406
XP ego[01] partner[04] = 239.531
XP ego[02] partner[00] = 217.812
XP ego[02] partner[01] = 145.625
XP ego[02] partner[02] = 214.062
XP ego[02] partner[03] = 225.312
XP ego[02] partner[04] = 227.188
XP ego[03] partner[00] = 190.469
XP ego[03] partner[01] = 220.156
XP ego[03] partner[02] = 223.281
XP ego[03] partner[03] = 235.781
XP ego[03] partner[04] = 184.219
XP ego[04] partner[00] = 224.531
XP ego[04] partner[01] = 206.094
XP ego[04] partner[02] = 182.656
XP ego[04] partner[03] = 228.750
XP ego[04] partner[04] = 224.375
Evaluating partner group 1: method=mep_br, prefix=checkpoints/eval_pools/mep_br
LOADED: checkpoints/eval_pools/mep_br/cramped_room5x5/baseline_seed_0_step_220.msgpack
LOADED: checkpoints/eval_pools/mep_br/cramped_room5x5/baseline_seed_1_step_220.msgpack
LOADED: checkpoints/eval_pools/mep_br/cramped_room5x5/baseline_seed_2_step_220.msgpack
LOADED: checkpoints/eval_pools/mep_br/cramped_room5x5/baseline_seed_3_step_220.msgpack
LOADED: checkpoints/eval_pools/mep_br/cramped_room5x5/baseline_seed_4_step_220.msgpack
Using XP rollout scale: XP_PAIR_BATCH_SIZE=32, EVAL_NUM_EPISODES=128, EVAL_NUM_STEPS=400
XP ego[00] partner[00] = 66.406
XP ego[00] partner[01] = 210.469
XP ego[00] partner[02] = 97.812
XP ego[00] partner[03] = 234.844
XP ego[00] partner[04] = 222.031
XP ego[01] partner[00] = 169.219
XP ego[01] partner[01] = 203.281
XP ego[01] partner[02] = 136.562
XP ego[01] partner[03] = 172.344
XP ego[01] partner[04] = 215.625
XP ego[02] partner[00] = 160.625
XP ego[02] partner[01] = 215.781
XP ego[02] partner[02] = 123.750
XP ego[02] partner[03] = 175.312
XP ego[02] partner[04] = 127.344
XP ego[03] partner[00] = 201.094
XP ego[03] partner[01] = 97.031
XP ego[03] partner[02] = 189.062
XP ego[03] partner[03] = 228.438
XP ego[03] partner[04] = 177.812
XP ego[04] partner[00] = 208.125
XP ego[04] partner[01] = 229.531
XP ego[04] partner[02] = 211.250
XP ego[04] partner[03] = 222.344
XP ego[04] partner[04] = 190.312
Evaluating partner group 2: method=pbt, prefix=checkpoints/eval_pools/pbt
LOADED: checkpoints/eval_pools/pbt/cramped_room5x5/baseline_seed_0_step_62.msgpack
LOADED: checkpoints/eval_pools/pbt/cramped_room5x5/baseline_seed_1_step_62.msgpack
LOADED: checkpoints/eval_pools/pbt/cramped_room5x5/baseline_seed_2_step_62.msgpack
LOADED: checkpoints/eval_pools/pbt/cramped_room5x5/baseline_seed_3_step_62.msgpack
LOADED: checkpoints/eval_pools/pbt/cramped_room5x5/baseline_seed_4_step_62.msgpack
Using XP rollout scale: XP_PAIR_BATCH_SIZE=32, EVAL_NUM_EPISODES=128, EVAL_NUM_STEPS=400
XP ego[00] partner[00] = 217.344
XP ego[00] partner[01] = 225.000
XP ego[00] partner[02] = 221.875
XP ego[00] partner[03] = 226.406
XP ego[00] partner[04] = 223.906
XP ego[01] partner[00] = 212.344
XP ego[01] partner[01] = 221.250
XP ego[01] partner[02] = 192.031
XP ego[01] partner[03] = 208.594
XP ego[01] partner[04] = 206.562
XP ego[02] partner[00] = 22.656
XP ego[02] partner[01] = 27.500
XP ego[02] partner[02] = 25.938
XP ego[02] partner[03] = 22.500
XP ego[02] partner[04] = 23.906
XP ego[03] partner[00] = 190.625
XP ego[03] partner[01] = 171.562
XP ego[03] partner[02] = 169.375
XP ego[03] partner[03] = 205.938
XP ego[03] partner[04] = 195.000
XP ego[04] partner[00] = 214.688
XP ego[04] partner[01] = 209.375
XP ego[04] partner[02] = 208.594
XP ego[04] partner[03] = 221.562
XP ego[04] partner[04] = 215.938
Evaluating partner group 3: method=sp, prefix=checkpoints/eval_pools/sp
LOADED: checkpoints/eval_pools/sp/cramped_room5x5/baseline_seed_0_step_220.msgpack
LOADED: checkpoints/eval_pools/sp/cramped_room5x5/baseline_seed_1_step_220.msgpack
LOADED: checkpoints/eval_pools/sp/cramped_room5x5/baseline_seed_2_step_220.msgpack
LOADED: checkpoints/eval_pools/sp/cramped_room5x5/baseline_seed_3_step_220.msgpack
LOADED: checkpoints/eval_pools/sp/cramped_room5x5/baseline_seed_4_step_220.msgpack
Using XP rollout scale: XP_PAIR_BATCH_SIZE=32, EVAL_NUM_EPISODES=128, EVAL_NUM_STEPS=400
XP ego[00] partner[00] = 217.969
XP ego[00] partner[01] = 214.531
XP ego[00] partner[02] = 228.125
XP ego[00] partner[03] = 152.031
XP ego[00] partner[04] = 186.875
XP ego[01] partner[00] = 210.312
XP ego[01] partner[01] = 208.594
XP ego[01] partner[02] = 208.281
XP ego[01] partner[03] = 214.219
XP ego[01] partner[04] = 191.094
XP ego[02] partner[00] = 206.250
XP ego[02] partner[01] = 134.375
XP ego[02] partner[02] = 223.281
XP ego[02] partner[03] = 201.094
XP ego[02] partner[04] = 183.750
XP ego[03] partner[00] = 219.375
XP ego[03] partner[01] = 190.469
XP ego[03] partner[02] = 200.625
XP ego[03] partner[03] = 214.062
XP ego[03] partner[04] = 134.219
XP ego[04] partner[00] = 223.125
XP ego[04] partner[01] = 228.281
XP ego[04] partner[02] = 215.625
XP ego[04] partner[03] = 214.531
XP ego[04] partner[04] = 198.906
Average ego-vs-partner performance: 191.173 +- 5.044 SE over 100 ordered pairs
Average diagonal performance: 216.438 +- 13.506 SE over 5 pairs
Average off-diagonal performance (only for square pools): nan +- nan SE over 0 ordered pairs
Saved ad-hoc teamplay results to ad_hoc_teamplay_results/lmpred_gamma09_ablate_ad_hoc_teamplay/cramped_room5x5
Saved ad-hoc teamplay heatmap to ad_hoc_teamplay_results/lmpred_gamma09_ablate_ad_hoc_teamplay/cramped_room5x5/xp_matrix.png
Evaluating partner alignment group 0: method=e3t, prefix=checkpoints/eval_pools/e3t
LOADED: checkpoints/eval_pools/e3t/cramped_room5x5/baseline_seed_0_step_220.msgpack
LOADED: checkpoints/eval_pools/e3t/cramped_room5x5/baseline_seed_1_step_220.msgpack
LOADED: checkpoints/eval_pools/e3t/cramped_room5x5/baseline_seed_2_step_220.msgpack
LOADED: checkpoints/eval_pools/e3t/cramped_room5x5/baseline_seed_3_step_220.msgpack
LOADED: checkpoints/eval_pools/e3t/cramped_room5x5/baseline_seed_4_step_220.msgpack
Using alignment rollout scale: ALIGN_PAIR_BATCH_SIZE=2, ALIGN_EVAL_NUM_EPISODES=128, ALIGN_EVAL_NUM_STEPS=400
ALIGN ego[00] partner[00] R2=0.939686 NMSE=0.060314 shuffled_R2=-0.017236
ALIGN ego[00] partner[01] R2=0.958284 NMSE=0.041716 shuffled_R2=-0.024812
ALIGN ego[00] partner[02] R2=0.934960 NMSE=0.065040 shuffled_R2=-0.017518
ALIGN ego[00] partner[03] R2=0.954034 NMSE=0.045966 shuffled_R2=-0.014245
ALIGN ego[00] partner[04] R2=0.963092 NMSE=0.036908 shuffled_R2=-0.017144
ALIGN ego[01] partner[00] R2=0.953292 NMSE=0.046708 shuffled_R2=-0.020575
ALIGN ego[01] partner[01] R2=0.950661 NMSE=0.049339 shuffled_R2=-0.016259
ALIGN ego[01] partner[02] R2=0.935877 NMSE=0.064123 shuffled_R2=-0.028468
ALIGN ego[01] partner[03] R2=0.851934 NMSE=0.148066 shuffled_R2=-0.046721
ALIGN ego[01] partner[04] R2=0.958505 NMSE=0.041495 shuffled_R2=-0.014658
ALIGN ego[02] partner[00] R2=0.946824 NMSE=0.053176 shuffled_R2=-0.017879
ALIGN ego[02] partner[01] R2=0.881465 NMSE=0.118535 shuffled_R2=-0.054159
ALIGN ego[02] partner[02] R2=0.887070 NMSE=0.112930 shuffled_R2=-0.031926
ALIGN ego[02] partner[03] R2=0.860447 NMSE=0.139553 shuffled_R2=-0.042112
ALIGN ego[02] partner[04] R2=0.824197 NMSE=0.175803 shuffled_R2=-0.048762
ALIGN ego[03] partner[00] R2=0.947840 NMSE=0.052160 shuffled_R2=-0.015393
ALIGN ego[03] partner[01] R2=0.913688 NMSE=0.086312 shuffled_R2=-0.033564
ALIGN ego[03] partner[02] R2=0.958763 NMSE=0.041237 shuffled_R2=-0.017275
ALIGN ego[03] partner[03] R2=0.928070 NMSE=0.071930 shuffled_R2=-0.024093
ALIGN ego[03] partner[04] R2=0.915689 NMSE=0.084311 shuffled_R2=-0.040206
ALIGN ego[04] partner[00] R2=0.928832 NMSE=0.071168 shuffled_R2=-0.018742
ALIGN ego[04] partner[01] R2=0.945406 NMSE=0.054594 shuffled_R2=-0.021890
ALIGN ego[04] partner[02] R2=0.951087 NMSE=0.048913 shuffled_R2=-0.016210
ALIGN ego[04] partner[03] R2=0.892558 NMSE=0.107442 shuffled_R2=-0.025698
ALIGN ego[04] partner[04] R2=0.952555 NMSE=0.047445 shuffled_R2=-0.018033
Evaluating partner alignment group 1: method=mep_br, prefix=checkpoints/eval_pools/mep_br
LOADED: checkpoints/eval_pools/mep_br/cramped_room5x5/baseline_seed_0_step_220.msgpack
LOADED: checkpoints/eval_pools/mep_br/cramped_room5x5/baseline_seed_1_step_220.msgpack
LOADED: checkpoints/eval_pools/mep_br/cramped_room5x5/baseline_seed_2_step_220.msgpack
LOADED: checkpoints/eval_pools/mep_br/cramped_room5x5/baseline_seed_3_step_220.msgpack
LOADED: checkpoints/eval_pools/mep_br/cramped_room5x5/baseline_seed_4_step_220.msgpack
Using alignment rollout scale: ALIGN_PAIR_BATCH_SIZE=2, ALIGN_EVAL_NUM_EPISODES=128, ALIGN_EVAL_NUM_STEPS=400
ALIGN ego[00] partner[00] R2=0.872303 NMSE=0.127697 shuffled_R2=-0.032969
ALIGN ego[00] partner[01] R2=0.903431 NMSE=0.096569 shuffled_R2=-0.022193
ALIGN ego[00] partner[02] R2=0.929756 NMSE=0.070244 shuffled_R2=-0.022045
ALIGN ego[00] partner[03] R2=0.960076 NMSE=0.039924 shuffled_R2=-0.012965
ALIGN ego[00] partner[04] R2=0.950485 NMSE=0.049515 shuffled_R2=-0.014989
ALIGN ego[01] partner[00] R2=0.905219 NMSE=0.094781 shuffled_R2=-0.027992
ALIGN ego[01] partner[01] R2=0.929127 NMSE=0.070873 shuffled_R2=-0.021373
ALIGN ego[01] partner[02] R2=0.959053 NMSE=0.040947 shuffled_R2=-0.013521
ALIGN ego[01] partner[03] R2=0.951215 NMSE=0.048785 shuffled_R2=-0.017714
ALIGN ego[01] partner[04] R2=0.950275 NMSE=0.049725 shuffled_R2=-0.017939
ALIGN ego[02] partner[00] R2=0.867847 NMSE=0.132153 shuffled_R2=-0.034432
ALIGN ego[02] partner[01] R2=0.895373 NMSE=0.104627 shuffled_R2=-0.029055
ALIGN ego[02] partner[02] R2=0.933875 NMSE=0.066125 shuffled_R2=-0.015945
ALIGN ego[02] partner[03] R2=0.908399 NMSE=0.091601 shuffled_R2=-0.027988
ALIGN ego[02] partner[04] R2=0.948882 NMSE=0.051118 shuffled_R2=-0.017937
ALIGN ego[03] partner[00] R2=0.882542 NMSE=0.117458 shuffled_R2=-0.021565
ALIGN ego[03] partner[01] R2=0.959760 NMSE=0.040240 shuffled_R2=-0.014538
ALIGN ego[03] partner[02] R2=0.922406 NMSE=0.077594 shuffled_R2=-0.019979
ALIGN ego[03] partner[03] R2=0.823359 NMSE=0.176641 shuffled_R2=-0.063324
ALIGN ego[03] partner[04] R2=0.959040 NMSE=0.040960 shuffled_R2=-0.017500
ALIGN ego[04] partner[00] R2=0.847716 NMSE=0.152284 shuffled_R2=-0.033081
ALIGN ego[04] partner[01] R2=0.920914 NMSE=0.079086 shuffled_R2=-0.021899
ALIGN ego[04] partner[02] R2=0.929748 NMSE=0.070252 shuffled_R2=-0.015167
ALIGN ego[04] partner[03] R2=0.945684 NMSE=0.054316 shuffled_R2=-0.015856
ALIGN ego[04] partner[04] R2=0.943061 NMSE=0.056939 shuffled_R2=-0.015730
Evaluating partner alignment group 2: method=pbt, prefix=checkpoints/eval_pools/pbt
LOADED: checkpoints/eval_pools/pbt/cramped_room5x5/baseline_seed_0_step_62.msgpack
LOADED: checkpoints/eval_pools/pbt/cramped_room5x5/baseline_seed_1_step_62.msgpack
LOADED: checkpoints/eval_pools/pbt/cramped_room5x5/baseline_seed_2_step_62.msgpack
LOADED: checkpoints/eval_pools/pbt/cramped_room5x5/baseline_seed_3_step_62.msgpack
LOADED: checkpoints/eval_pools/pbt/cramped_room5x5/baseline_seed_4_step_62.msgpack
Using alignment rollout scale: ALIGN_PAIR_BATCH_SIZE=2, ALIGN_EVAL_NUM_EPISODES=128, ALIGN_EVAL_NUM_STEPS=400
ALIGN ego[00] partner[00] R2=0.869615 NMSE=0.130385 shuffled_R2=-0.017593
ALIGN ego[00] partner[01] R2=0.883466 NMSE=0.116534 shuffled_R2=-0.018413
ALIGN ego[00] partner[02] R2=0.905160 NMSE=0.094840 shuffled_R2=-0.016072
ALIGN ego[00] partner[03] R2=0.904464 NMSE=0.095536 shuffled_R2=-0.013503
ALIGN ego[00] partner[04] R2=0.829992 NMSE=0.170008 shuffled_R2=-0.061078
ALIGN ego[01] partner[00] R2=0.883140 NMSE=0.116860 shuffled_R2=-0.017927
ALIGN ego[01] partner[01] R2=0.884950 NMSE=0.115050 shuffled_R2=-0.014682
ALIGN ego[01] partner[02] R2=0.706454 NMSE=0.293546 shuffled_R2=-0.085323
ALIGN ego[01] partner[03] R2=0.863111 NMSE=0.136889 shuffled_R2=-0.017643
ALIGN ego[01] partner[04] R2=0.889913 NMSE=0.110087 shuffled_R2=-0.018438
ALIGN ego[02] partner[00] R2=0.878633 NMSE=0.121367 shuffled_R2=-0.019658
ALIGN ego[02] partner[01] R2=0.833921 NMSE=0.166079 shuffled_R2=-0.018112
ALIGN ego[02] partner[02] R2=0.807264 NMSE=0.192736 shuffled_R2=-0.025776
ALIGN ego[02] partner[03] R2=0.853832 NMSE=0.146168 shuffled_R2=-0.015788
ALIGN ego[02] partner[04] R2=0.774801 NMSE=0.225199 shuffled_R2=-0.027599
ALIGN ego[03] partner[00] R2=0.858369 NMSE=0.141631 shuffled_R2=-0.018701
ALIGN ego[03] partner[01] R2=0.871107 NMSE=0.128893 shuffled_R2=-0.014857
ALIGN ego[03] partner[02] R2=0.728882 NMSE=0.271118 shuffled_R2=-0.044411
ALIGN ego[03] partner[03] R2=0.856626 NMSE=0.143374 shuffled_R2=-0.016901
ALIGN ego[03] partner[04] R2=0.850752 NMSE=0.149248 shuffled_R2=-0.016391
ALIGN ego[04] partner[00] R2=0.799027 NMSE=0.200973 shuffled_R2=-0.029692
ALIGN ego[04] partner[01] R2=0.800606 NMSE=0.199394 shuffled_R2=-0.023142
ALIGN ego[04] partner[02] R2=0.876997 NMSE=0.123003 shuffled_R2=-0.015271
ALIGN ego[04] partner[03] R2=0.838729 NMSE=0.161271 shuffled_R2=-0.026486
ALIGN ego[04] partner[04] R2=0.831351 NMSE=0.168649 shuffled_R2=-0.022123
Evaluating partner alignment group 3: method=sp, prefix=checkpoints/eval_pools/sp
LOADED: checkpoints/eval_pools/sp/cramped_room5x5/baseline_seed_0_step_220.msgpack
LOADED: checkpoints/eval_pools/sp/cramped_room5x5/baseline_seed_1_step_220.msgpack
LOADED: checkpoints/eval_pools/sp/cramped_room5x5/baseline_seed_2_step_220.msgpack
LOADED: checkpoints/eval_pools/sp/cramped_room5x5/baseline_seed_3_step_220.msgpack
LOADED: checkpoints/eval_pools/sp/cramped_room5x5/baseline_seed_4_step_220.msgpack
Using alignment rollout scale: ALIGN_PAIR_BATCH_SIZE=2, ALIGN_EVAL_NUM_EPISODES=128, ALIGN_EVAL_NUM_STEPS=400
ALIGN ego[00] partner[00] R2=0.940216 NMSE=0.059784 shuffled_R2=-0.016870
ALIGN ego[00] partner[01] R2=0.962977 NMSE=0.037023 shuffled_R2=-0.016621
ALIGN ego[00] partner[02] R2=0.957836 NMSE=0.042164 shuffled_R2=-0.017026
ALIGN ego[00] partner[03] R2=0.951818 NMSE=0.048182 shuffled_R2=-0.016270
ALIGN ego[00] partner[04] R2=0.958008 NMSE=0.041992 shuffled_R2=-0.019679
ALIGN ego[01] partner[00] R2=0.949258 NMSE=0.050742 shuffled_R2=-0.017167
ALIGN ego[01] partner[01] R2=0.952418 NMSE=0.047582 shuffled_R2=-0.017405
ALIGN ego[01] partner[02] R2=0.947108 NMSE=0.052892 shuffled_R2=-0.016350
ALIGN ego[01] partner[03] R2=0.962004 NMSE=0.037996 shuffled_R2=-0.016842
ALIGN ego[01] partner[04] R2=0.961908 NMSE=0.038092 shuffled_R2=-0.017853
ALIGN ego[02] partner[00] R2=0.885996 NMSE=0.114004 shuffled_R2=-0.039913
ALIGN ego[02] partner[01] R2=0.933701 NMSE=0.066299 shuffled_R2=-0.020468
ALIGN ego[02] partner[02] R2=0.851516 NMSE=0.148484 shuffled_R2=-0.049313
ALIGN ego[02] partner[03] R2=0.921265 NMSE=0.078735 shuffled_R2=-0.016977
ALIGN ego[02] partner[04] R2=0.860997 NMSE=0.139003 shuffled_R2=-0.036195
ALIGN ego[03] partner[00] R2=0.925793 NMSE=0.074207 shuffled_R2=-0.029190
ALIGN ego[03] partner[01] R2=0.927777 NMSE=0.072223 shuffled_R2=-0.024157
ALIGN ego[03] partner[02] R2=0.965467 NMSE=0.034533 shuffled_R2=-0.014704
ALIGN ego[03] partner[03] R2=0.952877 NMSE=0.047123 shuffled_R2=-0.021284
ALIGN ego[03] partner[04] R2=0.970100 NMSE=0.029900 shuffled_R2=-0.015258
ALIGN ego[04] partner[00] R2=0.929347 NMSE=0.070653 shuffled_R2=-0.018406
ALIGN ego[04] partner[01] R2=0.937017 NMSE=0.062983 shuffled_R2=-0.023718
ALIGN ego[04] partner[02] R2=0.963451 NMSE=0.036549 shuffled_R2=-0.014754
ALIGN ego[04] partner[03] R2=0.953281 NMSE=0.046719 shuffled_R2=-0.015308
ALIGN ego[04] partner[04] R2=0.953305 NMSE=0.046695 shuffled_R2=-0.017029
Average ego-to-partner alignment R2: 0.906910 +- 0.005439 SE over 100 ego-partner pairs
Average alignment normalized MSE: 0.093090 +- 0.005439 SE
Average shuffled-control alignment R2: -0.023556 +- 0.001218 SE
Saved alignment results to ad_hoc_teamplay_results/lmpred_gamma09_ablate_ad_hoc_teamplay/cramped_room5x5
Evaluating ad-hoc teamplay for ego_method=lmpred_gamma09_ablate, layout=counter_circuit
ego_prefix=checkpoints/lmpred_gamma09_ablate, partner_pool_specs=e3t:checkpoints/eval_pools/e3t;mep_br:checkpoints/eval_pools/mep_br;pbt:checkpoints/eval_pools/pbt;sp:checkpoints/eval_pools/sp, result_name=lmpred_gamma09_ablate_ad_hoc_teamplay, ego_perspective_transform=false
Importing submoduled environments...
Submoduled environments not found. Skipping import.
2026-07-13 07:54:41.504485: W external/xla/xla/service/gpu/autotuning/dot_search_space.cc:200] All configs were filtered out because none of them sufficiently match the hints. Maybe the hints set does not contain a good representative set of valid configs?Working around this by using the full hints set instead.
2026-07-13 07:54:42.506496: W external/xla/xla/service/gpu/autotuning/dot_search_space.cc:200] All configs were filtered out because none of them sufficiently match the hints. Maybe the hints set does not contain a good representative set of valid configs?Working around this by using the full hints set instead.
LOADED: checkpoints/lmpred_gamma09_ablate/counter_circuit/baseline_seed_0_step_380.msgpack
LOADED: checkpoints/lmpred_gamma09_ablate/counter_circuit/baseline_seed_1_step_380.msgpack
LOADED: checkpoints/lmpred_gamma09_ablate/counter_circuit/baseline_seed_2_step_380.msgpack
LOADED: checkpoints/lmpred_gamma09_ablate/counter_circuit/baseline_seed_3_step_380.msgpack
LOADED: checkpoints/lmpred_gamma09_ablate/counter_circuit/baseline_seed_4_step_380.msgpack
Evaluating partner group 0: method=e3t, prefix=checkpoints/eval_pools/e3t
LOADED: checkpoints/eval_pools/e3t/counter_circuit/baseline_seed_0_step_220.msgpack
LOADED: checkpoints/eval_pools/e3t/counter_circuit/baseline_seed_1_step_220.msgpack
LOADED: checkpoints/eval_pools/e3t/counter_circuit/baseline_seed_2_step_220.msgpack
LOADED: checkpoints/eval_pools/e3t/counter_circuit/baseline_seed_3_step_220.msgpack
LOADED: checkpoints/eval_pools/e3t/counter_circuit/baseline_seed_4_step_220.msgpack
Using XP rollout scale: XP_PAIR_BATCH_SIZE=32, EVAL_NUM_EPISODES=128, EVAL_NUM_STEPS=400
XP ego[00] partner[00] = 150.156
XP ego[00] partner[01] = 77.500
XP ego[00] partner[02] = 125.781
XP ego[00] partner[03] = 15.625
XP ego[00] partner[04] = 85.625
XP ego[01] partner[00] = 159.219
XP ego[01] partner[01] = 160.156
XP ego[01] partner[02] = 122.031
XP ego[01] partner[03] = 45.781
XP ego[01] partner[04] = 114.531
XP ego[02] partner[00] = 162.969
XP ego[02] partner[01] = 103.438
XP ego[02] partner[02] = 117.031
XP ego[02] partner[03] = 20.000
XP ego[02] partner[04] = 112.656
XP ego[03] partner[00] = 155.938
XP ego[03] partner[01] = 74.844
XP ego[03] partner[02] = 162.656
XP ego[03] partner[03] = 9.219
XP ego[03] partner[04] = 103.750
XP ego[04] partner[00] = 152.812
XP ego[04] partner[01] = 143.594
XP ego[04] partner[02] = 84.844
XP ego[04] partner[03] = 27.656
XP ego[04] partner[04] = 110.781
Evaluating partner group 1: method=mep_br, prefix=checkpoints/eval_pools/mep_br
LOADED: checkpoints/eval_pools/mep_br/counter_circuit/baseline_seed_0_step_380.msgpack
LOADED: checkpoints/eval_pools/mep_br/counter_circuit/baseline_seed_1_step_380.msgpack
LOADED: checkpoints/eval_pools/mep_br/counter_circuit/baseline_seed_2_step_380.msgpack
LOADED: checkpoints/eval_pools/mep_br/counter_circuit/baseline_seed_3_step_380.msgpack
LOADED: checkpoints/eval_pools/mep_br/counter_circuit/baseline_seed_4_step_380.msgpack
Using XP rollout scale: XP_PAIR_BATCH_SIZE=32, EVAL_NUM_EPISODES=128, EVAL_NUM_STEPS=400
XP ego[00] partner[00] = 199.844
XP ego[00] partner[01] = 167.031
XP ego[00] partner[02] = 203.281
XP ego[00] partner[03] = 210.312
XP ego[00] partner[04] = 157.812
XP ego[01] partner[00] = 182.031
XP ego[01] partner[01] = 193.594
XP ego[01] partner[02] = 211.406
XP ego[01] partner[03] = 202.188
XP ego[01] partner[04] = 185.938
XP ego[02] partner[00] = 242.188
XP ego[02] partner[01] = 225.312
XP ego[02] partner[02] = 246.875
XP ego[02] partner[03] = 233.906
XP ego[02] partner[04] = 233.750
XP ego[03] partner[00] = 224.531
XP ego[03] partner[01] = 198.438
XP ego[03] partner[02] = 247.344
XP ego[03] partner[03] = 229.688
XP ego[03] partner[04] = 223.438
XP ego[04] partner[00] = 188.906
XP ego[04] partner[01] = 181.562
XP ego[04] partner[02] = 185.469
XP ego[04] partner[03] = 202.969
XP ego[04] partner[04] = 177.969
Evaluating partner group 2: method=pbt, prefix=checkpoints/eval_pools/pbt
LOADED: checkpoints/eval_pools/pbt/counter_circuit/baseline_seed_0_step_62.msgpack
LOADED: checkpoints/eval_pools/pbt/counter_circuit/baseline_seed_1_step_62.msgpack
LOADED: checkpoints/eval_pools/pbt/counter_circuit/baseline_seed_2_step_62.msgpack
LOADED: checkpoints/eval_pools/pbt/counter_circuit/baseline_seed_3_step_62.msgpack
LOADED: checkpoints/eval_pools/pbt/counter_circuit/baseline_seed_4_step_62.msgpack
Using XP rollout scale: XP_PAIR_BATCH_SIZE=32, EVAL_NUM_EPISODES=128, EVAL_NUM_STEPS=400
XP ego[00] partner[00] = 129.219
XP ego[00] partner[01] = 116.250
XP ego[00] partner[02] = 142.031
XP ego[00] partner[03] = 112.344
XP ego[00] partner[04] = 134.062
XP ego[01] partner[00] = 202.031
XP ego[01] partner[01] = 195.625
XP ego[01] partner[02] = 195.156
XP ego[01] partner[03] = 187.500
XP ego[01] partner[04] = 203.594
XP ego[02] partner[00] = 211.250
XP ego[02] partner[01] = 210.156
XP ego[02] partner[02] = 209.062
XP ego[02] partner[03] = 198.594
XP ego[02] partner[04] = 217.031
XP ego[03] partner[00] = 188.438
XP ego[03] partner[01] = 184.219
XP ego[03] partner[02] = 186.562
XP ego[03] partner[03] = 181.406
XP ego[03] partner[04] = 187.500
XP ego[04] partner[00] = 141.406
XP ego[04] partner[01] = 126.406
XP ego[04] partner[02] = 117.500
XP ego[04] partner[03] = 120.156
XP ego[04] partner[04] = 139.219
Evaluating partner group 3: method=sp, prefix=checkpoints/eval_pools/sp
LOADED: checkpoints/eval_pools/sp/counter_circuit/baseline_seed_0_step_380.msgpack
LOADED: checkpoints/eval_pools/sp/counter_circuit/baseline_seed_1_step_380.msgpack
LOADED: checkpoints/eval_pools/sp/counter_circuit/baseline_seed_2_step_380.msgpack
LOADED: checkpoints/eval_pools/sp/counter_circuit/baseline_seed_3_step_380.msgpack
LOADED: checkpoints/eval_pools/sp/counter_circuit/baseline_seed_4_step_380.msgpack
Using XP rollout scale: XP_PAIR_BATCH_SIZE=32, EVAL_NUM_EPISODES=128, EVAL_NUM_STEPS=400
XP ego[00] partner[00] = 160.469
XP ego[00] partner[01] = 189.375
XP ego[00] partner[02] = 142.031
XP ego[00] partner[03] = 177.344
XP ego[00] partner[04] = 162.031
XP ego[01] partner[00] = 176.250
XP ego[01] partner[01] = 132.344
XP ego[01] partner[02] = 192.969
XP ego[01] partner[03] = 190.781
XP ego[01] partner[04] = 170.938
XP ego[02] partner[00] = 182.188
XP ego[02] partner[01] = 90.000
XP ego[02] partner[02] = 200.938
XP ego[02] partner[03] = 241.094
XP ego[02] partner[04] = 191.094
XP ego[03] partner[00] = 148.594
XP ego[03] partner[01] = 82.812
XP ego[03] partner[02] = 172.188
XP ego[03] partner[03] = 222.188
XP ego[03] partner[04] = 163.906
XP ego[04] partner[00] = 159.062
XP ego[04] partner[01] = 98.438
XP ego[04] partner[02] = 188.594
XP ego[04] partner[03] = 205.938
XP ego[04] partner[04] = 182.812
Average ego-vs-partner performance: 162.155 +- 5.276 SE over 100 ordered pairs
Average diagonal performance: 109.469 +- 26.771 SE over 5 pairs
Average off-diagonal performance (only for square pools): nan +- nan SE over 0 ordered pairs
Saved ad-hoc teamplay results to ad_hoc_teamplay_results/lmpred_gamma09_ablate_ad_hoc_teamplay/counter_circuit
Saved ad-hoc teamplay heatmap to ad_hoc_teamplay_results/lmpred_gamma09_ablate_ad_hoc_teamplay/counter_circuit/xp_matrix.png
Evaluating partner alignment group 0: method=e3t, prefix=checkpoints/eval_pools/e3t
LOADED: checkpoints/eval_pools/e3t/counter_circuit/baseline_seed_0_step_220.msgpack
LOADED: checkpoints/eval_pools/e3t/counter_circuit/baseline_seed_1_step_220.msgpack
LOADED: checkpoints/eval_pools/e3t/counter_circuit/baseline_seed_2_step_220.msgpack
LOADED: checkpoints/eval_pools/e3t/counter_circuit/baseline_seed_3_step_220.msgpack
LOADED: checkpoints/eval_pools/e3t/counter_circuit/baseline_seed_4_step_220.msgpack
Using alignment rollout scale: ALIGN_PAIR_BATCH_SIZE=2, ALIGN_EVAL_NUM_EPISODES=128, ALIGN_EVAL_NUM_STEPS=400
ALIGN ego[00] partner[00] R2=0.790145 NMSE=0.209855 shuffled_R2=-0.018788
ALIGN ego[00] partner[01] R2=0.815936 NMSE=0.184064 shuffled_R2=-0.018056
ALIGN ego[00] partner[02] R2=0.627202 NMSE=0.372798 shuffled_R2=-0.029401
ALIGN ego[00] partner[03] R2=0.774037 NMSE=0.225963 shuffled_R2=-0.027551
ALIGN ego[00] partner[04] R2=0.773406 NMSE=0.226594 shuffled_R2=-0.019249
ALIGN ego[01] partner[00] R2=0.737510 NMSE=0.262490 shuffled_R2=-0.018687
ALIGN ego[01] partner[01] R2=0.738257 NMSE=0.261743 shuffled_R2=-0.020117
ALIGN ego[01] partner[02] R2=0.693532 NMSE=0.306468 shuffled_R2=-0.021408
ALIGN ego[01] partner[03] R2=0.817569 NMSE=0.182431 shuffled_R2=-0.018755
ALIGN ego[01] partner[04] R2=0.736807 NMSE=0.263193 shuffled_R2=-0.018303
ALIGN ego[02] partner[00] R2=0.799291 NMSE=0.200709 shuffled_R2=-0.016390
ALIGN ego[02] partner[01] R2=0.822415 NMSE=0.177585 shuffled_R2=-0.015996
ALIGN ego[02] partner[02] R2=0.732630 NMSE=0.267370 shuffled_R2=-0.020319
ALIGN ego[02] partner[03] R2=0.705295 NMSE=0.294705 shuffled_R2=-0.055623
ALIGN ego[02] partner[04] R2=0.848640 NMSE=0.151360 shuffled_R2=-0.014684
ALIGN ego[03] partner[00] R2=0.815642 NMSE=0.184358 shuffled_R2=-0.016062
ALIGN ego[03] partner[01] R2=0.778131 NMSE=0.221869 shuffled_R2=-0.022410
ALIGN ego[03] partner[02] R2=0.744011 NMSE=0.255989 shuffled_R2=-0.019022
ALIGN ego[03] partner[03] R2=0.741011 NMSE=0.258989 shuffled_R2=-0.043160
ALIGN ego[03] partner[04] R2=0.793955 NMSE=0.206045 shuffled_R2=-0.025477
ALIGN ego[04] partner[00] R2=0.739113 NMSE=0.260887 shuffled_R2=-0.015937
ALIGN ego[04] partner[01] R2=0.764001 NMSE=0.235999 shuffled_R2=-0.016364
ALIGN ego[04] partner[02] R2=0.733116 NMSE=0.266884 shuffled_R2=-0.019891
ALIGN ego[04] partner[03] R2=0.777564 NMSE=0.222436 shuffled_R2=-0.023350
ALIGN ego[04] partner[04] R2=0.746625 NMSE=0.253375 shuffled_R2=-0.019876
Evaluating partner alignment group 1: method=mep_br, prefix=checkpoints/eval_pools/mep_br
LOADED: checkpoints/eval_pools/mep_br/counter_circuit/baseline_seed_0_step_380.msgpack
LOADED: checkpoints/eval_pools/mep_br/counter_circuit/baseline_seed_1_step_380.msgpack
LOADED: checkpoints/eval_pools/mep_br/counter_circuit/baseline_seed_2_step_380.msgpack
LOADED: checkpoints/eval_pools/mep_br/counter_circuit/baseline_seed_3_step_380.msgpack
LOADED: checkpoints/eval_pools/mep_br/counter_circuit/baseline_seed_4_step_380.msgpack
Using alignment rollout scale: ALIGN_PAIR_BATCH_SIZE=2, ALIGN_EVAL_NUM_EPISODES=128, ALIGN_EVAL_NUM_STEPS=400
ALIGN ego[00] partner[00] R2=0.845596 NMSE=0.154404 shuffled_R2=-0.018348
ALIGN ego[00] partner[01] R2=0.826710 NMSE=0.173290 shuffled_R2=-0.019376
ALIGN ego[00] partner[02] R2=0.799578 NMSE=0.200422 shuffled_R2=-0.021565
ALIGN ego[00] partner[03] R2=0.843941 NMSE=0.156059 shuffled_R2=-0.018987
ALIGN ego[00] partner[04] R2=0.779150 NMSE=0.220850 shuffled_R2=-0.017508
ALIGN ego[01] partner[00] R2=0.809427 NMSE=0.190573 shuffled_R2=-0.016453
ALIGN ego[01] partner[01] R2=0.799670 NMSE=0.200330 shuffled_R2=-0.019643
ALIGN ego[01] partner[02] R2=0.835937 NMSE=0.164063 shuffled_R2=-0.015386
ALIGN ego[01] partner[03] R2=0.802827 NMSE=0.197173 shuffled_R2=-0.017581
ALIGN ego[01] partner[04] R2=0.745756 NMSE=0.254244 shuffled_R2=-0.020601
ALIGN ego[02] partner[00] R2=0.894382 NMSE=0.105618 shuffled_R2=-0.013948
ALIGN ego[02] partner[01] R2=0.875625 NMSE=0.124375 shuffled_R2=-0.015369
ALIGN ego[02] partner[02] R2=0.901823 NMSE=0.098177 shuffled_R2=-0.017889
ALIGN ego[02] partner[03] R2=0.879072 NMSE=0.120928 shuffled_R2=-0.013775
ALIGN ego[02] partner[04] R2=0.715287 NMSE=0.284713 shuffled_R2=-0.032275
ALIGN ego[03] partner[00] R2=0.904916 NMSE=0.095084 shuffled_R2=-0.014200
ALIGN ego[03] partner[01] R2=0.789680 NMSE=0.210320 shuffled_R2=-0.029134
ALIGN ego[03] partner[02] R2=0.877322 NMSE=0.122678 shuffled_R2=-0.022213
ALIGN ego[03] partner[03] R2=0.864594 NMSE=0.135406 shuffled_R2=-0.017522
ALIGN ego[03] partner[04] R2=0.857952 NMSE=0.142048 shuffled_R2=-0.017334
ALIGN ego[04] partner[00] R2=0.789690 NMSE=0.210310 shuffled_R2=-0.014906
ALIGN ego[04] partner[01] R2=0.816550 NMSE=0.183450 shuffled_R2=-0.014964
ALIGN ego[04] partner[02] R2=0.821490 NMSE=0.178510 shuffled_R2=-0.015555
ALIGN ego[04] partner[03] R2=0.806276 NMSE=0.193724 shuffled_R2=-0.015164
ALIGN ego[04] partner[04] R2=0.715690 NMSE=0.284310 shuffled_R2=-0.018955
Evaluating partner alignment group 2: method=pbt, prefix=checkpoints/eval_pools/pbt
LOADED: checkpoints/eval_pools/pbt/counter_circuit/baseline_seed_0_step_62.msgpack
LOADED: checkpoints/eval_pools/pbt/counter_circuit/baseline_seed_1_step_62.msgpack
LOADED: checkpoints/eval_pools/pbt/counter_circuit/baseline_seed_2_step_62.msgpack
LOADED: checkpoints/eval_pools/pbt/counter_circuit/baseline_seed_3_step_62.msgpack
LOADED: checkpoints/eval_pools/pbt/counter_circuit/baseline_seed_4_step_62.msgpack
Using alignment rollout scale: ALIGN_PAIR_BATCH_SIZE=2, ALIGN_EVAL_NUM_EPISODES=128, ALIGN_EVAL_NUM_STEPS=400
ALIGN ego[00] partner[00] R2=0.769721 NMSE=0.230279 shuffled_R2=-0.019221
ALIGN ego[00] partner[01] R2=0.808364 NMSE=0.191636 shuffled_R2=-0.013847
ALIGN ego[00] partner[02] R2=0.810900 NMSE=0.189100 shuffled_R2=-0.014613
ALIGN ego[00] partner[03] R2=0.690100 NMSE=0.309900 shuffled_R2=-0.045912
ALIGN ego[00] partner[04] R2=0.698751 NMSE=0.301249 shuffled_R2=-0.038286
ALIGN ego[01] partner[00] R2=0.700275 NMSE=0.299725 shuffled_R2=-0.019533
ALIGN ego[01] partner[01] R2=0.737640 NMSE=0.262360 shuffled_R2=-0.018563
ALIGN ego[01] partner[02] R2=0.708485 NMSE=0.291515 shuffled_R2=-0.018119
ALIGN ego[01] partner[03] R2=0.748400 NMSE=0.251600 shuffled_R2=-0.017011
ALIGN ego[01] partner[04] R2=0.741809 NMSE=0.258191 shuffled_R2=-0.015435
ALIGN ego[02] partner[00] R2=0.770142 NMSE=0.229858 shuffled_R2=-0.014003
ALIGN ego[02] partner[01] R2=0.758613 NMSE=0.241387 shuffled_R2=-0.014570
ALIGN ego[02] partner[02] R2=0.792531 NMSE=0.207469 shuffled_R2=-0.014426
ALIGN ego[02] partner[03] R2=0.757462 NMSE=0.242538 shuffled_R2=-0.016849
ALIGN ego[02] partner[04] R2=0.697365 NMSE=0.302635 shuffled_R2=-0.025280
ALIGN ego[03] partner[00] R2=0.763142 NMSE=0.236858 shuffled_R2=-0.014764
ALIGN ego[03] partner[01] R2=0.739674 NMSE=0.260326 shuffled_R2=-0.015743
ALIGN ego[03] partner[02] R2=0.711481 NMSE=0.288519 shuffled_R2=-0.016468
ALIGN ego[03] partner[03] R2=0.727539 NMSE=0.272461 shuffled_R2=-0.016971
ALIGN ego[03] partner[04] R2=0.752434 NMSE=0.247566 shuffled_R2=-0.015829
ALIGN ego[04] partner[00] R2=0.764358 NMSE=0.235642 shuffled_R2=-0.014815
ALIGN ego[04] partner[01] R2=0.734891 NMSE=0.265109 shuffled_R2=-0.016143
ALIGN ego[04] partner[02] R2=0.771345 NMSE=0.228655 shuffled_R2=-0.014793
ALIGN ego[04] partner[03] R2=0.751120 NMSE=0.248880 shuffled_R2=-0.017778
ALIGN ego[04] partner[04] R2=0.763773 NMSE=0.236227 shuffled_R2=-0.014059
Evaluating partner alignment group 3: method=sp, prefix=checkpoints/eval_pools/sp
LOADED: checkpoints/eval_pools/sp/counter_circuit/baseline_seed_0_step_380.msgpack
LOADED: checkpoints/eval_pools/sp/counter_circuit/baseline_seed_1_step_380.msgpack
LOADED: checkpoints/eval_pools/sp/counter_circuit/baseline_seed_2_step_380.msgpack
LOADED: checkpoints/eval_pools/sp/counter_circuit/baseline_seed_3_step_380.msgpack
LOADED: checkpoints/eval_pools/sp/counter_circuit/baseline_seed_4_step_380.msgpack
Using alignment rollout scale: ALIGN_PAIR_BATCH_SIZE=2, ALIGN_EVAL_NUM_EPISODES=128, ALIGN_EVAL_NUM_STEPS=400
ALIGN ego[00] partner[00] R2=0.844522 NMSE=0.155478 shuffled_R2=-0.021736
ALIGN ego[00] partner[01] R2=0.818660 NMSE=0.181340 shuffled_R2=-0.022512
ALIGN ego[00] partner[02] R2=0.873034 NMSE=0.126966 shuffled_R2=-0.016564
ALIGN ego[00] partner[03] R2=0.793409 NMSE=0.206591 shuffled_R2=-0.026971
ALIGN ego[00] partner[04] R2=0.806176 NMSE=0.193824 shuffled_R2=-0.020362
ALIGN ego[01] partner[00] R2=0.773846 NMSE=0.226154 shuffled_R2=-0.022064
ALIGN ego[01] partner[01] R2=0.866657 NMSE=0.133343 shuffled_R2=-0.017152
ALIGN ego[01] partner[02] R2=0.825481 NMSE=0.174519 shuffled_R2=-0.015818
ALIGN ego[01] partner[03] R2=0.736200 NMSE=0.263800 shuffled_R2=-0.025667
ALIGN ego[01] partner[04] R2=0.806839 NMSE=0.193161 shuffled_R2=-0.016577
ALIGN ego[02] partner[00] R2=0.859261 NMSE=0.140739 shuffled_R2=-0.015612
ALIGN ego[02] partner[01] R2=0.886895 NMSE=0.113105 shuffled_R2=-0.015983
ALIGN ego[02] partner[02] R2=0.836536 NMSE=0.163464 shuffled_R2=-0.015272
ALIGN ego[02] partner[03] R2=0.832610 NMSE=0.167390 shuffled_R2=-0.022298
ALIGN ego[02] partner[04] R2=0.847964 NMSE=0.152036 shuffled_R2=-0.014563
ALIGN ego[03] partner[00] R2=0.865676 NMSE=0.134324 shuffled_R2=-0.013947
ALIGN ego[03] partner[01] R2=0.893764 NMSE=0.106236 shuffled_R2=-0.016869
ALIGN ego[03] partner[02] R2=0.840299 NMSE=0.159701 shuffled_R2=-0.017042
ALIGN ego[03] partner[03] R2=0.879480 NMSE=0.120520 shuffled_R2=-0.018034
ALIGN ego[03] partner[04] R2=0.834411 NMSE=0.165589 shuffled_R2=-0.015862
ALIGN ego[04] partner[00] R2=0.824874 NMSE=0.175126 shuffled_R2=-0.019007
ALIGN ego[04] partner[01] R2=0.901234 NMSE=0.098766 shuffled_R2=-0.017935
ALIGN ego[04] partner[02] R2=0.855365 NMSE=0.144635 shuffled_R2=-0.016156
ALIGN ego[04] partner[03] R2=0.810205 NMSE=0.189795 shuffled_R2=-0.016041
ALIGN ego[04] partner[04] R2=0.796929 NMSE=0.203071 shuffled_R2=-0.017800
Average ego-to-partner alignment R2: 0.792254 +- 0.005798 SE over 100 ego-partner pairs
Average alignment normalized MSE: 0.207746 +- 0.005798 SE
Average shuffled-control alignment R2: -0.019344 +- 0.000667 SE
Saved alignment results to ad_hoc_teamplay_results/lmpred_gamma09_ablate_ad_hoc_teamplay/counter_circuit
Evaluating ad-hoc teamplay for ego_method=lmpred_gamma09_ablate, layout=coord_ring
ego_prefix=checkpoints/lmpred_gamma09_ablate, partner_pool_specs=e3t:checkpoints/eval_pools/e3t;mep_br:checkpoints/eval_pools/mep_br;pbt:checkpoints/eval_pools/pbt;sp:checkpoints/eval_pools/sp, result_name=lmpred_gamma09_ablate_ad_hoc_teamplay, ego_perspective_transform=false
Importing submoduled environments...
Submoduled environments not found. Skipping import.
2026-07-13 07:58:08.577194: W external/xla/xla/service/gpu/autotuning/dot_search_space.cc:200] All configs were filtered out because none of them sufficiently match the hints. Maybe the hints set does not contain a good representative set of valid configs?Working around this by using the full hints set instead.
2026-07-13 07:58:09.576736: W external/xla/xla/service/gpu/autotuning/dot_search_space.cc:200] All configs were filtered out because none of them sufficiently match the hints. Maybe the hints set does not contain a good representative set of valid configs?Working around this by using the full hints set instead.
LOADED: checkpoints/lmpred_gamma09_ablate/coord_ring/baseline_seed_0_step_220.msgpack
LOADED: checkpoints/lmpred_gamma09_ablate/coord_ring/baseline_seed_1_step_220.msgpack
LOADED: checkpoints/lmpred_gamma09_ablate/coord_ring/baseline_seed_2_step_220.msgpack
LOADED: checkpoints/lmpred_gamma09_ablate/coord_ring/baseline_seed_3_step_220.msgpack
LOADED: checkpoints/lmpred_gamma09_ablate/coord_ring/baseline_seed_4_step_220.msgpack
Evaluating partner group 0: method=e3t, prefix=checkpoints/eval_pools/e3t
LOADED: checkpoints/eval_pools/e3t/coord_ring/baseline_seed_0_step_220.msgpack
LOADED: checkpoints/eval_pools/e3t/coord_ring/baseline_seed_1_step_220.msgpack
LOADED: checkpoints/eval_pools/e3t/coord_ring/baseline_seed_2_step_220.msgpack
LOADED: checkpoints/eval_pools/e3t/coord_ring/baseline_seed_3_step_220.msgpack
LOADED: checkpoints/eval_pools/e3t/coord_ring/baseline_seed_4_step_220.msgpack
Using XP rollout scale: XP_PAIR_BATCH_SIZE=32, EVAL_NUM_EPISODES=128, EVAL_NUM_STEPS=400
XP ego[00] partner[00] = 271.094
XP ego[00] partner[01] = 184.844
XP ego[00] partner[02] = 59.688
XP ego[00] partner[03] = 278.125
XP ego[00] partner[04] = 266.250
XP ego[01] partner[00] = 263.281
XP ego[01] partner[01] = 273.594
XP ego[01] partner[02] = 109.062
XP ego[01] partner[03] = 286.875
XP ego[01] partner[04] = 275.938
XP ego[02] partner[00] = 37.969
XP ego[02] partner[01] = 51.875
XP ego[02] partner[02] = 45.312
XP ego[02] partner[03] = 172.812
XP ego[02] partner[04] = 51.406
XP ego[03] partner[00] = 272.188
XP ego[03] partner[01] = 292.188
XP ego[03] partner[02] = 96.875
XP ego[03] partner[03] = 254.844
XP ego[03] partner[04] = 271.406
XP ego[04] partner[00] = 247.031
XP ego[04] partner[01] = 280.781
XP ego[04] partner[02] = 29.375
XP ego[04] partner[03] = 278.438
XP ego[04] partner[04] = 269.844
Evaluating partner group 1: method=mep_br, prefix=checkpoints/eval_pools/mep_br
LOADED: checkpoints/eval_pools/mep_br/coord_ring/baseline_seed_0_step_220.msgpack
LOADED: checkpoints/eval_pools/mep_br/coord_ring/baseline_seed_1_step_220.msgpack
LOADED: checkpoints/eval_pools/mep_br/coord_ring/baseline_seed_2_step_220.msgpack
LOADED: checkpoints/eval_pools/mep_br/coord_ring/baseline_seed_3_step_220.msgpack
LOADED: checkpoints/eval_pools/mep_br/coord_ring/baseline_seed_4_step_220.msgpack
Using XP rollout scale: XP_PAIR_BATCH_SIZE=32, EVAL_NUM_EPISODES=128, EVAL_NUM_STEPS=400
XP ego[00] partner[00] = 141.406
XP ego[00] partner[01] = 272.812
XP ego[00] partner[02] = 252.969
XP ego[00] partner[03] = 234.844
XP ego[00] partner[04] = 182.969
XP ego[01] partner[00] = 251.562
XP ego[01] partner[01] = 277.812
XP ego[01] partner[02] = 285.156
XP ego[01] partner[03] = 212.969
XP ego[01] partner[04] = 245.938
XP ego[02] partner[00] = 188.438
XP ego[02] partner[01] = 219.531
XP ego[02] partner[02] = 172.656
XP ego[02] partner[03] = 132.031
XP ego[02] partner[04] = 171.875
XP ego[03] partner[00] = 273.750
XP ego[03] partner[01] = 294.062
XP ego[03] partner[02] = 299.062
XP ego[03] partner[03] = 204.219
XP ego[03] partner[04] = 293.594
XP ego[04] partner[00] = 243.594
XP ego[04] partner[01] = 300.625
XP ego[04] partner[02] = 275.625
XP ego[04] partner[03] = 198.281
XP ego[04] partner[04] = 261.250
Evaluating partner group 2: method=pbt, prefix=checkpoints/eval_pools/pbt
LOADED: checkpoints/eval_pools/pbt/coord_ring/baseline_seed_0_step_62.msgpack
LOADED: checkpoints/eval_pools/pbt/coord_ring/baseline_seed_1_step_62.msgpack
LOADED: checkpoints/eval_pools/pbt/coord_ring/baseline_seed_2_step_62.msgpack
LOADED: checkpoints/eval_pools/pbt/coord_ring/baseline_seed_3_step_62.msgpack
LOADED: checkpoints/eval_pools/pbt/coord_ring/baseline_seed_4_step_62.msgpack
Using XP rollout scale: XP_PAIR_BATCH_SIZE=32, EVAL_NUM_EPISODES=128, EVAL_NUM_STEPS=400
XP ego[00] partner[00] = 280.625
XP ego[00] partner[01] = 278.438
XP ego[00] partner[02] = 272.031
XP ego[00] partner[03] = 276.250
XP ego[00] partner[04] = 278.594
XP ego[01] partner[00] = 212.344
XP ego[01] partner[01] = 274.531
XP ego[01] partner[02] = 242.344
XP ego[01] partner[03] = 272.188
XP ego[01] partner[04] = 230.938
XP ego[02] partner[00] = 148.750
XP ego[02] partner[01] = 149.062
XP ego[02] partner[02] = 91.719
XP ego[02] partner[03] = 98.125
XP ego[02] partner[04] = 109.531
XP ego[03] partner[00] = 275.312
XP ego[03] partner[01] = 268.594
XP ego[03] partner[02] = 235.312
XP ego[03] partner[03] = 109.688
XP ego[03] partner[04] = 263.438
XP ego[04] partner[00] = 261.719
XP ego[04] partner[01] = 266.094
XP ego[04] partner[02] = 257.188
XP ego[04] partner[03] = 264.688
XP ego[04] partner[04] = 272.969
Evaluating partner group 3: method=sp, prefix=checkpoints/eval_pools/sp
LOADED: checkpoints/eval_pools/sp/coord_ring/baseline_seed_0_step_220.msgpack
LOADED: checkpoints/eval_pools/sp/coord_ring/baseline_seed_1_step_220.msgpack
LOADED: checkpoints/eval_pools/sp/coord_ring/baseline_seed_2_step_220.msgpack
LOADED: checkpoints/eval_pools/sp/coord_ring/baseline_seed_3_step_220.msgpack
LOADED: checkpoints/eval_pools/sp/coord_ring/baseline_seed_4_step_220.msgpack
Using XP rollout scale: XP_PAIR_BATCH_SIZE=32, EVAL_NUM_EPISODES=128, EVAL_NUM_STEPS=400
XP ego[00] partner[00] = 281.719
XP ego[00] partner[01] = 280.469
XP ego[00] partner[02] = 258.594
XP ego[00] partner[03] = 270.156
XP ego[00] partner[04] = 275.000
XP ego[01] partner[00] = 247.188
XP ego[01] partner[01] = 271.719
XP ego[01] partner[02] = 253.125
XP ego[01] partner[03] = 252.812
XP ego[01] partner[04] = 265.312
XP ego[02] partner[00] = 114.375
XP ego[02] partner[01] = 118.125
XP ego[02] partner[02] = 180.781
XP ego[02] partner[03] = 78.906
XP ego[02] partner[04] = 115.469
XP ego[03] partner[00] = 226.406
XP ego[03] partner[01] = 246.719
XP ego[03] partner[02] = 258.906
XP ego[03] partner[03] = 265.938
XP ego[03] partner[04] = 267.656
XP ego[04] partner[00] = 251.875
XP ego[04] partner[01] = 256.562
XP ego[04] partner[02] = 271.250
XP ego[04] partner[03] = 245.469
XP ego[04] partner[04] = 260.938
Average ego-vs-partner performance: 223.141 +- 7.233 SE over 100 ordered pairs
Average diagonal performance: 222.938 +- 44.527 SE over 5 pairs
Average off-diagonal performance (only for square pools): nan +- nan SE over 0 ordered pairs
Saved ad-hoc teamplay results to ad_hoc_teamplay_results/lmpred_gamma09_ablate_ad_hoc_teamplay/coord_ring
Saved ad-hoc teamplay heatmap to ad_hoc_teamplay_results/lmpred_gamma09_ablate_ad_hoc_teamplay/coord_ring/xp_matrix.png
Evaluating partner alignment group 0: method=e3t, prefix=checkpoints/eval_pools/e3t
LOADED: checkpoints/eval_pools/e3t/coord_ring/baseline_seed_0_step_220.msgpack
LOADED: checkpoints/eval_pools/e3t/coord_ring/baseline_seed_1_step_220.msgpack
LOADED: checkpoints/eval_pools/e3t/coord_ring/baseline_seed_2_step_220.msgpack
LOADED: checkpoints/eval_pools/e3t/coord_ring/baseline_seed_3_step_220.msgpack
LOADED: checkpoints/eval_pools/e3t/coord_ring/baseline_seed_4_step_220.msgpack
Using alignment rollout scale: ALIGN_PAIR_BATCH_SIZE=2, ALIGN_EVAL_NUM_EPISODES=128, ALIGN_EVAL_NUM_STEPS=400
ALIGN ego[00] partner[00] R2=0.851378 NMSE=0.148622 shuffled_R2=-0.020402
ALIGN ego[00] partner[01] R2=0.882725 NMSE=0.117275 shuffled_R2=-0.015701
ALIGN ego[00] partner[02] R2=0.866041 NMSE=0.133959 shuffled_R2=-0.039046
ALIGN ego[00] partner[03] R2=0.861871 NMSE=0.138129 shuffled_R2=-0.016229
ALIGN ego[00] partner[04] R2=0.892344 NMSE=0.107656 shuffled_R2=-0.014849
ALIGN ego[01] partner[00] R2=0.899502 NMSE=0.100498 shuffled_R2=-0.017451
ALIGN ego[01] partner[01] R2=0.903706 NMSE=0.096294 shuffled_R2=-0.014455
ALIGN ego[01] partner[02] R2=0.919025 NMSE=0.080975 shuffled_R2=-0.016584
ALIGN ego[01] partner[03] R2=0.875051 NMSE=0.124949 shuffled_R2=-0.013894
ALIGN ego[01] partner[04] R2=0.842877 NMSE=0.157123 shuffled_R2=-0.017262
ALIGN ego[02] partner[00] R2=0.684330 NMSE=0.315670 shuffled_R2=-0.082390
ALIGN ego[02] partner[01] R2=0.923169 NMSE=0.076831 shuffled_R2=-0.019398
ALIGN ego[02] partner[02] R2=0.865518 NMSE=0.134482 shuffled_R2=-0.025049
ALIGN ego[02] partner[03] R2=0.892259 NMSE=0.107741 shuffled_R2=-0.018856
ALIGN ego[02] partner[04] R2=0.925576 NMSE=0.074424 shuffled_R2=-0.023990
ALIGN ego[03] partner[00] R2=0.932708 NMSE=0.067292 shuffled_R2=-0.017007
ALIGN ego[03] partner[01] R2=0.872675 NMSE=0.127325 shuffled_R2=-0.018967
ALIGN ego[03] partner[02] R2=0.746646 NMSE=0.253354 shuffled_R2=-0.061148
ALIGN ego[03] partner[03] R2=0.930478 NMSE=0.069522 shuffled_R2=-0.016128
ALIGN ego[03] partner[04] R2=0.883892 NMSE=0.116108 shuffled_R2=-0.018057
ALIGN ego[04] partner[00] R2=0.902197 NMSE=0.097803 shuffled_R2=-0.014213
ALIGN ego[04] partner[01] R2=0.898285 NMSE=0.101715 shuffled_R2=-0.016712
ALIGN ego[04] partner[02] R2=0.929499 NMSE=0.070501 shuffled_R2=-0.017984
ALIGN ego[04] partner[03] R2=0.901620 NMSE=0.098380 shuffled_R2=-0.015173
ALIGN ego[04] partner[04] R2=0.807211 NMSE=0.192789 shuffled_R2=-0.022043
Evaluating partner alignment group 1: method=mep_br, prefix=checkpoints/eval_pools/mep_br
LOADED: checkpoints/eval_pools/mep_br/coord_ring/baseline_seed_0_step_220.msgpack
LOADED: checkpoints/eval_pools/mep_br/coord_ring/baseline_seed_1_step_220.msgpack
LOADED: checkpoints/eval_pools/mep_br/coord_ring/baseline_seed_2_step_220.msgpack
LOADED: checkpoints/eval_pools/mep_br/coord_ring/baseline_seed_3_step_220.msgpack
LOADED: checkpoints/eval_pools/mep_br/coord_ring/baseline_seed_4_step_220.msgpack
Using alignment rollout scale: ALIGN_PAIR_BATCH_SIZE=2, ALIGN_EVAL_NUM_EPISODES=128, ALIGN_EVAL_NUM_STEPS=400
ALIGN ego[00] partner[00] R2=0.917062 NMSE=0.082938 shuffled_R2=-0.014290
ALIGN ego[00] partner[01] R2=0.910136 NMSE=0.089864 shuffled_R2=-0.017235
ALIGN ego[00] partner[02] R2=0.877798 NMSE=0.122202 shuffled_R2=-0.018488
ALIGN ego[00] partner[03] R2=0.921827 NMSE=0.078173 shuffled_R2=-0.017249
ALIGN ego[00] partner[04] R2=0.920457 NMSE=0.079543 shuffled_R2=-0.017592
ALIGN ego[01] partner[00] R2=0.899531 NMSE=0.100469 shuffled_R2=-0.017233
ALIGN ego[01] partner[01] R2=0.690550 NMSE=0.309450 shuffled_R2=-0.036642
ALIGN ego[01] partner[02] R2=0.881460 NMSE=0.118540 shuffled_R2=-0.015313
ALIGN ego[01] partner[03] R2=0.940492 NMSE=0.059508 shuffled_R2=-0.019585
ALIGN ego[01] partner[04] R2=0.886905 NMSE=0.113095 shuffled_R2=-0.017087
ALIGN ego[02] partner[00] R2=0.866108 NMSE=0.133892 shuffled_R2=-0.014891
ALIGN ego[02] partner[01] R2=0.832455 NMSE=0.167545 shuffled_R2=-0.024591
ALIGN ego[02] partner[02] R2=0.825940 NMSE=0.174060 shuffled_R2=-0.035833
ALIGN ego[02] partner[03] R2=0.938711 NMSE=0.061289 shuffled_R2=-0.023502
ALIGN ego[02] partner[04] R2=0.812209 NMSE=0.187791 shuffled_R2=-0.030100
ALIGN ego[03] partner[00] R2=0.898239 NMSE=0.101761 shuffled_R2=-0.016757
ALIGN ego[03] partner[01] R2=0.890558 NMSE=0.109442 shuffled_R2=-0.015675
ALIGN ego[03] partner[02] R2=0.911908 NMSE=0.088092 shuffled_R2=-0.016507
ALIGN ego[03] partner[03] R2=0.932323 NMSE=0.067677 shuffled_R2=-0.018512
ALIGN ego[03] partner[04] R2=0.941206 NMSE=0.058794 shuffled_R2=-0.015290
ALIGN ego[04] partner[00] R2=0.853220 NMSE=0.146780 shuffled_R2=-0.022372
ALIGN ego[04] partner[01] R2=0.903443 NMSE=0.096557 shuffled_R2=-0.015970
ALIGN ego[04] partner[02] R2=0.887247 NMSE=0.112753 shuffled_R2=-0.015937
ALIGN ego[04] partner[03] R2=0.960529 NMSE=0.039471 shuffled_R2=-0.014908
ALIGN ego[04] partner[04] R2=0.908778 NMSE=0.091222 shuffled_R2=-0.016314
Evaluating partner alignment group 2: method=pbt, prefix=checkpoints/eval_pools/pbt
LOADED: checkpoints/eval_pools/pbt/coord_ring/baseline_seed_0_step_62.msgpack
LOADED: checkpoints/eval_pools/pbt/coord_ring/baseline_seed_1_step_62.msgpack
LOADED: checkpoints/eval_pools/pbt/coord_ring/baseline_seed_2_step_62.msgpack
LOADED: checkpoints/eval_pools/pbt/coord_ring/baseline_seed_3_step_62.msgpack
LOADED: checkpoints/eval_pools/pbt/coord_ring/baseline_seed_4_step_62.msgpack
Using alignment rollout scale: ALIGN_PAIR_BATCH_SIZE=2, ALIGN_EVAL_NUM_EPISODES=128, ALIGN_EVAL_NUM_STEPS=400
ALIGN ego[00] partner[00] R2=0.806814 NMSE=0.193186 shuffled_R2=-0.015861
ALIGN ego[00] partner[01] R2=0.828005 NMSE=0.171995 shuffled_R2=-0.014941
ALIGN ego[00] partner[02] R2=0.779514 NMSE=0.220486 shuffled_R2=-0.020018
ALIGN ego[00] partner[03] R2=0.764635 NMSE=0.235365 shuffled_R2=-0.029309
ALIGN ego[00] partner[04] R2=0.734096 NMSE=0.265904 shuffled_R2=-0.019610
ALIGN ego[01] partner[00] R2=0.782530 NMSE=0.217470 shuffled_R2=-0.014730
ALIGN ego[01] partner[01] R2=0.775356 NMSE=0.224644 shuffled_R2=-0.014936
ALIGN ego[01] partner[02] R2=0.742756 NMSE=0.257244 shuffled_R2=-0.018889
ALIGN ego[01] partner[03] R2=0.715493 NMSE=0.284507 shuffled_R2=-0.023741
ALIGN ego[01] partner[04] R2=0.757884 NMSE=0.242116 shuffled_R2=-0.021758
ALIGN ego[02] partner[00] R2=0.780322 NMSE=0.219678 shuffled_R2=-0.016080
ALIGN ego[02] partner[01] R2=0.741181 NMSE=0.258819 shuffled_R2=-0.020704
ALIGN ego[02] partner[02] R2=0.839594 NMSE=0.160406 shuffled_R2=-0.016067
ALIGN ego[02] partner[03] R2=0.824328 NMSE=0.175672 shuffled_R2=-0.017365
ALIGN ego[02] partner[04] R2=0.730085 NMSE=0.269915 shuffled_R2=-0.023018
ALIGN ego[03] partner[00] R2=0.746282 NMSE=0.253718 shuffled_R2=-0.015382
ALIGN ego[03] partner[01] R2=0.659628 NMSE=0.340372 shuffled_R2=-0.032508
ALIGN ego[03] partner[02] R2=0.835137 NMSE=0.164863 shuffled_R2=-0.016281
ALIGN ego[03] partner[03] R2=0.799260 NMSE=0.200740 shuffled_R2=-0.013802
ALIGN ego[03] partner[04] R2=0.737248 NMSE=0.262752 shuffled_R2=-0.017546
ALIGN ego[04] partner[00] R2=0.776653 NMSE=0.223347 shuffled_R2=-0.015104
ALIGN ego[04] partner[01] R2=0.823850 NMSE=0.176150 shuffled_R2=-0.014054
ALIGN ego[04] partner[02] R2=0.800292 NMSE=0.199708 shuffled_R2=-0.015501
ALIGN ego[04] partner[03] R2=0.794021 NMSE=0.205979 shuffled_R2=-0.017727
ALIGN ego[04] partner[04] R2=0.772831 NMSE=0.227169 shuffled_R2=-0.016796
Evaluating partner alignment group 3: method=sp, prefix=checkpoints/eval_pools/sp
LOADED: checkpoints/eval_pools/sp/coord_ring/baseline_seed_0_step_220.msgpack
LOADED: checkpoints/eval_pools/sp/coord_ring/baseline_seed_1_step_220.msgpack
LOADED: checkpoints/eval_pools/sp/coord_ring/baseline_seed_2_step_220.msgpack
LOADED: checkpoints/eval_pools/sp/coord_ring/baseline_seed_3_step_220.msgpack
LOADED: checkpoints/eval_pools/sp/coord_ring/baseline_seed_4_step_220.msgpack
Using alignment rollout scale: ALIGN_PAIR_BATCH_SIZE=2, ALIGN_EVAL_NUM_EPISODES=128, ALIGN_EVAL_NUM_STEPS=400
ALIGN ego[00] partner[00] R2=0.905874 NMSE=0.094126 shuffled_R2=-0.014355
ALIGN ego[00] partner[01] R2=0.853727 NMSE=0.146273 shuffled_R2=-0.017903
ALIGN ego[00] partner[02] R2=0.797481 NMSE=0.202519 shuffled_R2=-0.023176
ALIGN ego[00] partner[03] R2=0.860619 NMSE=0.139381 shuffled_R2=-0.019757
ALIGN ego[00] partner[04] R2=0.907105 NMSE=0.092895 shuffled_R2=-0.019318
ALIGN ego[01] partner[00] R2=0.902484 NMSE=0.097516 shuffled_R2=-0.013011
ALIGN ego[01] partner[01] R2=0.872375 NMSE=0.127625 shuffled_R2=-0.017725
ALIGN ego[01] partner[02] R2=0.825600 NMSE=0.174400 shuffled_R2=-0.018046
ALIGN ego[01] partner[03] R2=0.885255 NMSE=0.114745 shuffled_R2=-0.018348
ALIGN ego[01] partner[04] R2=0.916343 NMSE=0.083657 shuffled_R2=-0.015874
ALIGN ego[02] partner[00] R2=0.827284 NMSE=0.172716 shuffled_R2=-0.025427
ALIGN ego[02] partner[01] R2=0.706342 NMSE=0.293658 shuffled_R2=-0.046789
ALIGN ego[02] partner[02] R2=0.882621 NMSE=0.117379 shuffled_R2=-0.018385
ALIGN ego[02] partner[03] R2=0.927613 NMSE=0.072387 shuffled_R2=-0.017599
ALIGN ego[02] partner[04] R2=0.920653 NMSE=0.079347 shuffled_R2=-0.020442
ALIGN ego[03] partner[00] R2=0.781457 NMSE=0.218543 shuffled_R2=-0.031074
ALIGN ego[03] partner[01] R2=0.785310 NMSE=0.214690 shuffled_R2=-0.109455
ALIGN ego[03] partner[02] R2=0.895513 NMSE=0.104487 shuffled_R2=-0.015366
ALIGN ego[03] partner[03] R2=0.868699 NMSE=0.131301 shuffled_R2=-0.023202
ALIGN ego[03] partner[04] R2=0.922601 NMSE=0.077399 shuffled_R2=-0.014983
ALIGN ego[04] partner[00] R2=0.803605 NMSE=0.196395 shuffled_R2=-0.022483
ALIGN ego[04] partner[01] R2=0.896743 NMSE=0.103257 shuffled_R2=-0.014926
ALIGN ego[04] partner[02] R2=0.845628 NMSE=0.154372 shuffled_R2=-0.019256
ALIGN ego[04] partner[03] R2=0.912946 NMSE=0.087054 shuffled_R2=-0.016234
ALIGN ego[04] partner[04] R2=0.897481 NMSE=0.102519 shuffled_R2=-0.016609
Average ego-to-partner alignment R2: 0.850488 +- 0.006921 SE over 100 ego-partner pairs
Average alignment normalized MSE: 0.149512 +- 0.006921 SE
Average shuffled-control alignment R2: -0.021123 +- 0.001301 SE
Saved alignment results to ad_hoc_teamplay_results/lmpred_gamma09_ablate_ad_hoc_teamplay/coord_ring
Evaluating ad-hoc teamplay for ego_method=lmpred_gamma09_ablate, layout=asymm_advantages
ego_prefix=checkpoints/lmpred_gamma09_ablate, partner_pool_specs=e3t:checkpoints/eval_pools/e3t;mep_br:checkpoints/eval_pools/mep_br;pbt:checkpoints/eval_pools/pbt;sp:checkpoints/eval_pools/sp, result_name=lmpred_gamma09_ablate_ad_hoc_teamplay, ego_perspective_transform=false
Cannot find primary config 'asymm_advantages'. Check that it's in your config search path.

Config search path:
	provider=hydra, path=pkg://hydra.conf
	provider=main, path=file:///net/scratch/n70579mp/tom/JaxMARL/baselines/overcookedv2/config/oc_extended/mep_br
	provider=schema, path=structured://

Set the environment variable HYDRA_FULL_ERROR=1 for a complete stack trace.
Importing submoduled environments...
Submoduled environments not found. Skipping import.
Evaluating ad-hoc teamplay for ego_method=lmpred_gamma09_ablate, layout=forced_coord
ego_prefix=checkpoints/lmpred_gamma09_ablate, partner_pool_specs=e3t:checkpoints/eval_pools/e3t;mep_br:checkpoints/eval_pools/mep_br;pbt:checkpoints/eval_pools/pbt;sp:checkpoints/eval_pools/sp, result_name=lmpred_gamma09_ablate_ad_hoc_teamplay, ego_perspective_transform=false
Cannot find primary config 'forced_coord'. Check that it's in your config search path.

Config search path:
	provider=hydra, path=pkg://hydra.conf
	provider=main, path=file:///net/scratch/n70579mp/tom/JaxMARL/baselines/overcookedv2/config/oc_extended/mep_br
	provider=schema, path=structured://

Set the environment variable HYDRA_FULL_ERROR=1 for a complete stack trace.
Importing submoduled environments...
Submoduled environments not found. Skipping import.
Evaluating ad-hoc teamplay for ego_method=lmpred_no_self_pred, layout=cramped_room5x5
ego_prefix=checkpoints/lmpred_no_self_pred, partner_pool_specs=e3t:checkpoints/eval_pools/e3t;mep_br:checkpoints/eval_pools/mep_br;pbt:checkpoints/eval_pools/pbt;sp:checkpoints/eval_pools/sp, result_name=lmpred_no_self_pred_ad_hoc_teamplay, ego_perspective_transform=true
Importing submoduled environments...
Submoduled environments not found. Skipping import.
2026-07-13 08:02:32.875947: W external/xla/xla/service/gpu/autotuning/dot_search_space.cc:200] All configs were filtered out because none of them sufficiently match the hints. Maybe the hints set does not contain a good representative set of valid configs?Working around this by using the full hints set instead.
2026-07-13 08:02:33.877105: W external/xla/xla/service/gpu/autotuning/dot_search_space.cc:200] All configs were filtered out because none of them sufficiently match the hints. Maybe the hints set does not contain a good representative set of valid configs?Working around this by using the full hints set instead.
LOADED: checkpoints/lmpred_no_self_pred/cramped_room5x5/baseline_seed_0_step_220.msgpack
LOADED: checkpoints/lmpred_no_self_pred/cramped_room5x5/baseline_seed_1_step_220.msgpack
LOADED: checkpoints/lmpred_no_self_pred/cramped_room5x5/baseline_seed_2_step_220.msgpack
LOADED: checkpoints/lmpred_no_self_pred/cramped_room5x5/baseline_seed_3_step_220.msgpack
LOADED: checkpoints/lmpred_no_self_pred/cramped_room5x5/baseline_seed_4_step_220.msgpack
Evaluating partner group 0: method=e3t, prefix=checkpoints/eval_pools/e3t
LOADED: checkpoints/eval_pools/e3t/cramped_room5x5/baseline_seed_0_step_220.msgpack
LOADED: checkpoints/eval_pools/e3t/cramped_room5x5/baseline_seed_1_step_220.msgpack
LOADED: checkpoints/eval_pools/e3t/cramped_room5x5/baseline_seed_2_step_220.msgpack
LOADED: checkpoints/eval_pools/e3t/cramped_room5x5/baseline_seed_3_step_220.msgpack
LOADED: checkpoints/eval_pools/e3t/cramped_room5x5/baseline_seed_4_step_220.msgpack
Using XP rollout scale: XP_PAIR_BATCH_SIZE=32, EVAL_NUM_EPISODES=128, EVAL_NUM_STEPS=400
XP ego[00] partner[00] = 195.156
XP ego[00] partner[01] = 215.938
XP ego[00] partner[02] = 191.406
XP ego[00] partner[03] = 210.000
XP ego[00] partner[04] = 230.469
XP ego[01] partner[00] = 230.312
XP ego[01] partner[01] = 215.469
XP ego[01] partner[02] = 192.969
XP ego[01] partner[03] = 216.875
XP ego[01] partner[04] = 216.094
XP ego[02] partner[00] = 231.875
XP ego[02] partner[01] = 160.469
XP ego[02] partner[02] = 149.844
XP ego[02] partner[03] = 201.094
XP ego[02] partner[04] = 185.312
XP ego[03] partner[00] = 212.188
XP ego[03] partner[01] = 188.125
XP ego[03] partner[02] = 212.344
XP ego[03] partner[03] = 222.656
XP ego[03] partner[04] = 210.000
XP ego[04] partner[00] = 28.594
XP ego[04] partner[01] = 32.344
XP ego[04] partner[02] = 213.594
XP ego[04] partner[03] = 171.094
XP ego[04] partner[04] = 233.906
Evaluating partner group 1: method=mep_br, prefix=checkpoints/eval_pools/mep_br
LOADED: checkpoints/eval_pools/mep_br/cramped_room5x5/baseline_seed_0_step_220.msgpack
LOADED: checkpoints/eval_pools/mep_br/cramped_room5x5/baseline_seed_1_step_220.msgpack
LOADED: checkpoints/eval_pools/mep_br/cramped_room5x5/baseline_seed_2_step_220.msgpack
LOADED: checkpoints/eval_pools/mep_br/cramped_room5x5/baseline_seed_3_step_220.msgpack
LOADED: checkpoints/eval_pools/mep_br/cramped_room5x5/baseline_seed_4_step_220.msgpack
Using XP rollout scale: XP_PAIR_BATCH_SIZE=32, EVAL_NUM_EPISODES=128, EVAL_NUM_STEPS=400
XP ego[00] partner[00] = 186.406
XP ego[00] partner[01] = 231.406
XP ego[00] partner[02] = 235.938
XP ego[00] partner[03] = 238.750
XP ego[00] partner[04] = 232.500
XP ego[01] partner[00] = 190.312
XP ego[01] partner[01] = 199.375
XP ego[01] partner[02] = 211.406
XP ego[01] partner[03] = 237.031
XP ego[01] partner[04] = 222.188
XP ego[02] partner[00] = 212.656
XP ego[02] partner[01] = 217.500
XP ego[02] partner[02] = 227.969
XP ego[02] partner[03] = 203.750
XP ego[02] partner[04] = 225.469
XP ego[03] partner[00] = 182.031
XP ego[03] partner[01] = 235.469
XP ego[03] partner[02] = 221.875
XP ego[03] partner[03] = 225.781
XP ego[03] partner[04] = 226.719
XP ego[04] partner[00] = 155.000
XP ego[04] partner[01] = 227.656
XP ego[04] partner[02] = 205.469
XP ego[04] partner[03] = 221.094
XP ego[04] partner[04] = 194.219
Evaluating partner group 2: method=pbt, prefix=checkpoints/eval_pools/pbt
LOADED: checkpoints/eval_pools/pbt/cramped_room5x5/baseline_seed_0_step_62.msgpack
LOADED: checkpoints/eval_pools/pbt/cramped_room5x5/baseline_seed_1_step_62.msgpack
LOADED: checkpoints/eval_pools/pbt/cramped_room5x5/baseline_seed_2_step_62.msgpack
LOADED: checkpoints/eval_pools/pbt/cramped_room5x5/baseline_seed_3_step_62.msgpack
LOADED: checkpoints/eval_pools/pbt/cramped_room5x5/baseline_seed_4_step_62.msgpack
Using XP rollout scale: XP_PAIR_BATCH_SIZE=32, EVAL_NUM_EPISODES=128, EVAL_NUM_STEPS=400
XP ego[00] partner[00] = 194.531
XP ego[00] partner[01] = 213.438
XP ego[00] partner[02] = 214.844
XP ego[00] partner[03] = 195.312
XP ego[00] partner[04] = 205.312
XP ego[01] partner[00] = 209.844
XP ego[01] partner[01] = 230.469
XP ego[01] partner[02] = 187.812
XP ego[01] partner[03] = 200.156
XP ego[01] partner[04] = 206.250
XP ego[02] partner[00] = 229.375
XP ego[02] partner[01] = 226.406
XP ego[02] partner[02] = 222.812
XP ego[02] partner[03] = 229.844
XP ego[02] partner[04] = 230.625
XP ego[03] partner[00] = 91.406
XP ego[03] partner[01] = 102.500
XP ego[03] partner[02] = 90.938
XP ego[03] partner[03] = 99.688
XP ego[03] partner[04] = 92.500
XP ego[04] partner[00] = 30.000
XP ego[04] partner[01] = 60.156
XP ego[04] partner[02] = 38.594
XP ego[04] partner[03] = 61.406
XP ego[04] partner[04] = 49.062
Evaluating partner group 3: method=sp, prefix=checkpoints/eval_pools/sp
LOADED: checkpoints/eval_pools/sp/cramped_room5x5/baseline_seed_0_step_220.msgpack
LOADED: checkpoints/eval_pools/sp/cramped_room5x5/baseline_seed_1_step_220.msgpack
LOADED: checkpoints/eval_pools/sp/cramped_room5x5/baseline_seed_2_step_220.msgpack
LOADED: checkpoints/eval_pools/sp/cramped_room5x5/baseline_seed_3_step_220.msgpack
LOADED: checkpoints/eval_pools/sp/cramped_room5x5/baseline_seed_4_step_220.msgpack
Using XP rollout scale: XP_PAIR_BATCH_SIZE=32, EVAL_NUM_EPISODES=128, EVAL_NUM_STEPS=400
XP ego[00] partner[00] = 203.594
XP ego[00] partner[01] = 220.625
XP ego[00] partner[02] = 226.094
XP ego[00] partner[03] = 234.219
XP ego[00] partner[04] = 206.719
XP ego[01] partner[00] = 215.625
XP ego[01] partner[01] = 179.219
XP ego[01] partner[02] = 179.375
XP ego[01] partner[03] = 238.750
XP ego[01] partner[04] = 161.250
XP ego[02] partner[00] = 220.469
XP ego[02] partner[01] = 156.719
XP ego[02] partner[02] = 234.219
XP ego[02] partner[03] = 213.750
XP ego[02] partner[04] = 165.312
XP ego[03] partner[00] = 196.562
XP ego[03] partner[01] = 195.156
XP ego[03] partner[02] = 209.844
XP ego[03] partner[03] = 225.469
XP ego[03] partner[04] = 196.406
XP ego[04] partner[00] = 223.750
XP ego[04] partner[01] = 207.656
XP ego[04] partner[02] = 210.000
XP ego[04] partner[03] = 236.250
XP ego[04] partner[04] = 230.938
Average ego-vs-partner performance: 192.373 +- 5.233 SE over 100 ordered pairs
Average diagonal performance: 203.406 +- 14.804 SE over 5 pairs
Average off-diagonal performance (only for square pools): nan +- nan SE over 0 ordered pairs
Saved ad-hoc teamplay results to ad_hoc_teamplay_results/lmpred_no_self_pred_ad_hoc_teamplay/cramped_room5x5
Saved ad-hoc teamplay heatmap to ad_hoc_teamplay_results/lmpred_no_self_pred_ad_hoc_teamplay/cramped_room5x5/xp_matrix.png
Evaluating partner alignment group 0: method=e3t, prefix=checkpoints/eval_pools/e3t
LOADED: checkpoints/eval_pools/e3t/cramped_room5x5/baseline_seed_0_step_220.msgpack
LOADED: checkpoints/eval_pools/e3t/cramped_room5x5/baseline_seed_1_step_220.msgpack
LOADED: checkpoints/eval_pools/e3t/cramped_room5x5/baseline_seed_2_step_220.msgpack
LOADED: checkpoints/eval_pools/e3t/cramped_room5x5/baseline_seed_3_step_220.msgpack
LOADED: checkpoints/eval_pools/e3t/cramped_room5x5/baseline_seed_4_step_220.msgpack
Using alignment rollout scale: ALIGN_PAIR_BATCH_SIZE=2, ALIGN_EVAL_NUM_EPISODES=128, ALIGN_EVAL_NUM_STEPS=400
ALIGN ego[00] partner[00] R2=0.962190 NMSE=0.037810 shuffled_R2=-0.015683
ALIGN ego[00] partner[01] R2=0.970496 NMSE=0.029504 shuffled_R2=-0.016795
ALIGN ego[00] partner[02] R2=0.964169 NMSE=0.035831 shuffled_R2=-0.018086
ALIGN ego[00] partner[03] R2=0.930289 NMSE=0.069711 shuffled_R2=-0.023167
ALIGN ego[00] partner[04] R2=0.954260 NMSE=0.045740 shuffled_R2=-0.015965
ALIGN ego[01] partner[00] R2=0.937489 NMSE=0.062511 shuffled_R2=-0.020070
ALIGN ego[01] partner[01] R2=0.853646 NMSE=0.146354 shuffled_R2=-0.080503
ALIGN ego[01] partner[02] R2=0.958723 NMSE=0.041277 shuffled_R2=-0.021459
ALIGN ego[01] partner[03] R2=0.880330 NMSE=0.119670 shuffled_R2=-0.032898
ALIGN ego[01] partner[04] R2=0.957524 NMSE=0.042476 shuffled_R2=-0.016003
ALIGN ego[02] partner[00] R2=0.938079 NMSE=0.061921 shuffled_R2=-0.018685
ALIGN ego[02] partner[01] R2=0.937684 NMSE=0.062316 shuffled_R2=-0.022042
ALIGN ego[02] partner[02] R2=0.949387 NMSE=0.050613 shuffled_R2=-0.017432
ALIGN ego[02] partner[03] R2=0.899100 NMSE=0.100900 shuffled_R2=-0.039073
ALIGN ego[02] partner[04] R2=0.948448 NMSE=0.051552 shuffled_R2=-0.014896
ALIGN ego[03] partner[00] R2=0.929131 NMSE=0.070869 shuffled_R2=-0.019832
ALIGN ego[03] partner[01] R2=0.708083 NMSE=0.291917 shuffled_R2=-0.063228
ALIGN ego[03] partner[02] R2=0.804542 NMSE=0.195458 shuffled_R2=-0.073636
ALIGN ego[03] partner[03] R2=0.773954 NMSE=0.226046 shuffled_R2=-0.054256
ALIGN ego[03] partner[04] R2=0.880256 NMSE=0.119744 shuffled_R2=-0.034008
ALIGN ego[04] partner[00] R2=0.945335 NMSE=0.054665 shuffled_R2=-0.017980
ALIGN ego[04] partner[01] R2=0.966179 NMSE=0.033821 shuffled_R2=-0.014410
ALIGN ego[04] partner[02] R2=0.957012 NMSE=0.042988 shuffled_R2=-0.014265
ALIGN ego[04] partner[03] R2=0.904017 NMSE=0.095983 shuffled_R2=-0.023905
ALIGN ego[04] partner[04] R2=0.927651 NMSE=0.072349 shuffled_R2=-0.024883
Evaluating partner alignment group 1: method=mep_br, prefix=checkpoints/eval_pools/mep_br
LOADED: checkpoints/eval_pools/mep_br/cramped_room5x5/baseline_seed_0_step_220.msgpack
LOADED: checkpoints/eval_pools/mep_br/cramped_room5x5/baseline_seed_1_step_220.msgpack
LOADED: checkpoints/eval_pools/mep_br/cramped_room5x5/baseline_seed_2_step_220.msgpack
LOADED: checkpoints/eval_pools/mep_br/cramped_room5x5/baseline_seed_3_step_220.msgpack
LOADED: checkpoints/eval_pools/mep_br/cramped_room5x5/baseline_seed_4_step_220.msgpack
Using alignment rollout scale: ALIGN_PAIR_BATCH_SIZE=2, ALIGN_EVAL_NUM_EPISODES=128, ALIGN_EVAL_NUM_STEPS=400
ALIGN ego[00] partner[00] R2=0.926934 NMSE=0.073066 shuffled_R2=-0.023917
ALIGN ego[00] partner[01] R2=0.878394 NMSE=0.121606 shuffled_R2=-0.039882
ALIGN ego[00] partner[02] R2=0.961294 NMSE=0.038706 shuffled_R2=-0.017739
ALIGN ego[00] partner[03] R2=0.962988 NMSE=0.037012 shuffled_R2=-0.023254
ALIGN ego[00] partner[04] R2=0.947997 NMSE=0.052003 shuffled_R2=-0.022137
ALIGN ego[01] partner[00] R2=0.910738 NMSE=0.089262 shuffled_R2=-0.018863
ALIGN ego[01] partner[01] R2=0.956561 NMSE=0.043439 shuffled_R2=-0.016117
ALIGN ego[01] partner[02] R2=0.921235 NMSE=0.078765 shuffled_R2=-0.018044
ALIGN ego[01] partner[03] R2=0.957014 NMSE=0.042986 shuffled_R2=-0.015363
ALIGN ego[01] partner[04] R2=0.922947 NMSE=0.077053 shuffled_R2=-0.028382
ALIGN ego[02] partner[00] R2=0.907066 NMSE=0.092934 shuffled_R2=-0.022167
ALIGN ego[02] partner[01] R2=0.941648 NMSE=0.058352 shuffled_R2=-0.015513
ALIGN ego[02] partner[02] R2=0.948445 NMSE=0.051555 shuffled_R2=-0.016244
ALIGN ego[02] partner[03] R2=0.949628 NMSE=0.050372 shuffled_R2=-0.017133
ALIGN ego[02] partner[04] R2=0.946750 NMSE=0.053250 shuffled_R2=-0.015691
ALIGN ego[03] partner[00] R2=0.875209 NMSE=0.124791 shuffled_R2=-0.027181
ALIGN ego[03] partner[01] R2=0.933441 NMSE=0.066559 shuffled_R2=-0.017328
ALIGN ego[03] partner[02] R2=0.926006 NMSE=0.073994 shuffled_R2=-0.017291
ALIGN ego[03] partner[03] R2=0.945832 NMSE=0.054168 shuffled_R2=-0.016771
ALIGN ego[03] partner[04] R2=0.888122 NMSE=0.111878 shuffled_R2=-0.032538
ALIGN ego[04] partner[00] R2=0.915447 NMSE=0.084553 shuffled_R2=-0.017751
ALIGN ego[04] partner[01] R2=0.942439 NMSE=0.057561 shuffled_R2=-0.019672
ALIGN ego[04] partner[02] R2=0.931341 NMSE=0.068659 shuffled_R2=-0.019509
ALIGN ego[04] partner[03] R2=0.952149 NMSE=0.047851 shuffled_R2=-0.018283
ALIGN ego[04] partner[04] R2=0.946254 NMSE=0.053746 shuffled_R2=-0.020144
Evaluating partner alignment group 2: method=pbt, prefix=checkpoints/eval_pools/pbt
LOADED: checkpoints/eval_pools/pbt/cramped_room5x5/baseline_seed_0_step_62.msgpack
LOADED: checkpoints/eval_pools/pbt/cramped_room5x5/baseline_seed_1_step_62.msgpack
LOADED: checkpoints/eval_pools/pbt/cramped_room5x5/baseline_seed_2_step_62.msgpack
LOADED: checkpoints/eval_pools/pbt/cramped_room5x5/baseline_seed_3_step_62.msgpack
LOADED: checkpoints/eval_pools/pbt/cramped_room5x5/baseline_seed_4_step_62.msgpack
Using alignment rollout scale: ALIGN_PAIR_BATCH_SIZE=2, ALIGN_EVAL_NUM_EPISODES=128, ALIGN_EVAL_NUM_STEPS=400
ALIGN ego[00] partner[00] R2=0.890250 NMSE=0.109750 shuffled_R2=-0.015198
ALIGN ego[00] partner[01] R2=0.850876 NMSE=0.149124 shuffled_R2=-0.038188
ALIGN ego[00] partner[02] R2=0.894318 NMSE=0.105682 shuffled_R2=-0.016445
ALIGN ego[00] partner[03] R2=0.887943 NMSE=0.112057 shuffled_R2=-0.019884
ALIGN ego[00] partner[04] R2=0.887525 NMSE=0.112475 shuffled_R2=-0.014570
ALIGN ego[01] partner[00] R2=0.890143 NMSE=0.109857 shuffled_R2=-0.016894
ALIGN ego[01] partner[01] R2=0.910182 NMSE=0.089818 shuffled_R2=-0.016045
ALIGN ego[01] partner[02] R2=0.871676 NMSE=0.128324 shuffled_R2=-0.016408
ALIGN ego[01] partner[03] R2=0.880738 NMSE=0.119262 shuffled_R2=-0.015117
ALIGN ego[01] partner[04] R2=0.876884 NMSE=0.123116 shuffled_R2=-0.021926
ALIGN ego[02] partner[00] R2=0.867163 NMSE=0.132837 shuffled_R2=-0.016656
ALIGN ego[02] partner[01] R2=0.820400 NMSE=0.179600 shuffled_R2=-0.016627
ALIGN ego[02] partner[02] R2=0.721025 NMSE=0.278975 shuffled_R2=-0.039611
ALIGN ego[02] partner[03] R2=0.850093 NMSE=0.149907 shuffled_R2=-0.016000
ALIGN ego[02] partner[04] R2=0.869489 NMSE=0.130511 shuffled_R2=-0.012215
ALIGN ego[03] partner[00] R2=0.832729 NMSE=0.167271 shuffled_R2=-0.023059
ALIGN ego[03] partner[01] R2=0.821729 NMSE=0.178271 shuffled_R2=-0.022530
ALIGN ego[03] partner[02] R2=0.619059 NMSE=0.380941 shuffled_R2=-0.082967
ALIGN ego[03] partner[03] R2=0.788461 NMSE=0.211539 shuffled_R2=-0.026191
ALIGN ego[03] partner[04] R2=0.826244 NMSE=0.173756 shuffled_R2=-0.018695
ALIGN ego[04] partner[00] R2=0.645877 NMSE=0.354123 shuffled_R2=-0.048090
ALIGN ego[04] partner[01] R2=0.716011 NMSE=0.283989 shuffled_R2=-0.045409
ALIGN ego[04] partner[02] R2=0.862795 NMSE=0.137205 shuffled_R2=-0.017043
ALIGN ego[04] partner[03] R2=0.864265 NMSE=0.135735 shuffled_R2=-0.017275
ALIGN ego[04] partner[04] R2=0.768791 NMSE=0.231209 shuffled_R2=-0.048668
Evaluating partner alignment group 3: method=sp, prefix=checkpoints/eval_pools/sp
LOADED: checkpoints/eval_pools/sp/cramped_room5x5/baseline_seed_0_step_220.msgpack
LOADED: checkpoints/eval_pools/sp/cramped_room5x5/baseline_seed_1_step_220.msgpack
LOADED: checkpoints/eval_pools/sp/cramped_room5x5/baseline_seed_2_step_220.msgpack
LOADED: checkpoints/eval_pools/sp/cramped_room5x5/baseline_seed_3_step_220.msgpack
LOADED: checkpoints/eval_pools/sp/cramped_room5x5/baseline_seed_4_step_220.msgpack
Using alignment rollout scale: ALIGN_PAIR_BATCH_SIZE=2, ALIGN_EVAL_NUM_EPISODES=128, ALIGN_EVAL_NUM_STEPS=400
ALIGN ego[00] partner[00] R2=0.911861 NMSE=0.088139 shuffled_R2=-0.028539
ALIGN ego[00] partner[01] R2=0.868535 NMSE=0.131465 shuffled_R2=-0.030585
ALIGN ego[00] partner[02] R2=0.940840 NMSE=0.059160 shuffled_R2=-0.025542
ALIGN ego[00] partner[03] R2=0.962143 NMSE=0.037857 shuffled_R2=-0.015000
ALIGN ego[00] partner[04] R2=0.969200 NMSE=0.030800 shuffled_R2=-0.017011
ALIGN ego[01] partner[00] R2=0.896667 NMSE=0.103333 shuffled_R2=-0.042738
ALIGN ego[01] partner[01] R2=0.890733 NMSE=0.109267 shuffled_R2=-0.041515
ALIGN ego[01] partner[02] R2=0.961988 NMSE=0.038012 shuffled_R2=-0.017621
ALIGN ego[01] partner[03] R2=0.952316 NMSE=0.047684 shuffled_R2=-0.018156
ALIGN ego[01] partner[04] R2=0.769771 NMSE=0.230229 shuffled_R2=-0.167412
ALIGN ego[02] partner[00] R2=0.952577 NMSE=0.047423 shuffled_R2=-0.017195
ALIGN ego[02] partner[01] R2=0.908980 NMSE=0.091020 shuffled_R2=-0.038189
ALIGN ego[02] partner[02] R2=0.946833 NMSE=0.053167 shuffled_R2=-0.017461
ALIGN ego[02] partner[03] R2=0.948950 NMSE=0.051050 shuffled_R2=-0.015288
ALIGN ego[02] partner[04] R2=0.921244 NMSE=0.078756 shuffled_R2=-0.035172
ALIGN ego[03] partner[00] R2=0.930546 NMSE=0.069454 shuffled_R2=-0.020005
ALIGN ego[03] partner[01] R2=0.928728 NMSE=0.071272 shuffled_R2=-0.024250
ALIGN ego[03] partner[02] R2=0.950440 NMSE=0.049560 shuffled_R2=-0.015757
ALIGN ego[03] partner[03] R2=0.926559 NMSE=0.073441 shuffled_R2=-0.018498
ALIGN ego[03] partner[04] R2=0.937469 NMSE=0.062531 shuffled_R2=-0.019121
ALIGN ego[04] partner[00] R2=0.904927 NMSE=0.095073 shuffled_R2=-0.029378
ALIGN ego[04] partner[01] R2=0.958405 NMSE=0.041595 shuffled_R2=-0.014778
ALIGN ego[04] partner[02] R2=0.966436 NMSE=0.033564 shuffled_R2=-0.015628
ALIGN ego[04] partner[03] R2=0.955242 NMSE=0.044758 shuffled_R2=-0.018078
ALIGN ego[04] partner[04] R2=0.957066 NMSE=0.042934 shuffled_R2=-0.016885
Average ego-to-partner alignment R2: 0.900670 +- 0.007004 SE over 100 ego-partner pairs
Average alignment normalized MSE: 0.099330 +- 0.007004 SE
Average shuffled-control alignment R2: -0.025916 +- 0.001982 SE
Saved alignment results to ad_hoc_teamplay_results/lmpred_no_self_pred_ad_hoc_teamplay/cramped_room5x5
Evaluating ad-hoc teamplay for ego_method=lmpred_no_self_pred, layout=counter_circuit
ego_prefix=checkpoints/lmpred_no_self_pred, partner_pool_specs=e3t:checkpoints/eval_pools/e3t;mep_br:checkpoints/eval_pools/mep_br;pbt:checkpoints/eval_pools/pbt;sp:checkpoints/eval_pools/sp, result_name=lmpred_no_self_pred_ad_hoc_teamplay, ego_perspective_transform=true
Importing submoduled environments...
Submoduled environments not found. Skipping import.
2026-07-13 08:06:05.709614: W external/xla/xla/service/gpu/autotuning/dot_search_space.cc:200] All configs were filtered out because none of them sufficiently match the hints. Maybe the hints set does not contain a good representative set of valid configs?Working around this by using the full hints set instead.
2026-07-13 08:06:06.802850: W external/xla/xla/service/gpu/autotuning/dot_search_space.cc:200] All configs were filtered out because none of them sufficiently match the hints. Maybe the hints set does not contain a good representative set of valid configs?Working around this by using the full hints set instead.
LOADED: checkpoints/lmpred_no_self_pred/counter_circuit/baseline_seed_0_step_380.msgpack
LOADED: checkpoints/lmpred_no_self_pred/counter_circuit/baseline_seed_1_step_380.msgpack
LOADED: checkpoints/lmpred_no_self_pred/counter_circuit/baseline_seed_2_step_380.msgpack
LOADED: checkpoints/lmpred_no_self_pred/counter_circuit/baseline_seed_3_step_380.msgpack
LOADED: checkpoints/lmpred_no_self_pred/counter_circuit/baseline_seed_4_step_380.msgpack
Evaluating partner group 0: method=e3t, prefix=checkpoints/eval_pools/e3t
LOADED: checkpoints/eval_pools/e3t/counter_circuit/baseline_seed_0_step_220.msgpack
LOADED: checkpoints/eval_pools/e3t/counter_circuit/baseline_seed_1_step_220.msgpack
LOADED: checkpoints/eval_pools/e3t/counter_circuit/baseline_seed_2_step_220.msgpack
LOADED: checkpoints/eval_pools/e3t/counter_circuit/baseline_seed_3_step_220.msgpack
LOADED: checkpoints/eval_pools/e3t/counter_circuit/baseline_seed_4_step_220.msgpack
Using XP rollout scale: XP_PAIR_BATCH_SIZE=32, EVAL_NUM_EPISODES=128, EVAL_NUM_STEPS=400
XP ego[00] partner[00] = 137.812
XP ego[00] partner[01] = 103.281
XP ego[00] partner[02] = 66.875
XP ego[00] partner[03] = 7.812
XP ego[00] partner[04] = 57.031
XP ego[01] partner[00] = 157.500
XP ego[01] partner[01] = 158.281
XP ego[01] partner[02] = 96.562
XP ego[01] partner[03] = 15.625
XP ego[01] partner[04] = 118.438
XP ego[02] partner[00] = 174.844
XP ego[02] partner[01] = 154.219
XP ego[02] partner[02] = 143.281
XP ego[02] partner[03] = 25.469
XP ego[02] partner[04] = 140.156
XP ego[03] partner[00] = 65.625
XP ego[03] partner[01] = 99.531
XP ego[03] partner[02] = 139.531
XP ego[03] partner[03] = 21.406
XP ego[03] partner[04] = 72.188
XP ego[04] partner[00] = 117.969
XP ego[04] partner[01] = 101.562
XP ego[04] partner[02] = 86.562
XP ego[04] partner[03] = 14.219
XP ego[04] partner[04] = 70.000
Evaluating partner group 1: method=mep_br, prefix=checkpoints/eval_pools/mep_br
LOADED: checkpoints/eval_pools/mep_br/counter_circuit/baseline_seed_0_step_380.msgpack
LOADED: checkpoints/eval_pools/mep_br/counter_circuit/baseline_seed_1_step_380.msgpack
LOADED: checkpoints/eval_pools/mep_br/counter_circuit/baseline_seed_2_step_380.msgpack
LOADED: checkpoints/eval_pools/mep_br/counter_circuit/baseline_seed_3_step_380.msgpack
LOADED: checkpoints/eval_pools/mep_br/counter_circuit/baseline_seed_4_step_380.msgpack
Using XP rollout scale: XP_PAIR_BATCH_SIZE=32, EVAL_NUM_EPISODES=128, EVAL_NUM_STEPS=400
XP ego[00] partner[00] = 185.469
XP ego[00] partner[01] = 172.188
XP ego[00] partner[02] = 190.781
XP ego[00] partner[03] = 179.531
XP ego[00] partner[04] = 160.938
XP ego[01] partner[00] = 162.656
XP ego[01] partner[01] = 127.656
XP ego[01] partner[02] = 160.625
XP ego[01] partner[03] = 80.781
XP ego[01] partner[04] = 80.938
XP ego[02] partner[00] = 199.688
XP ego[02] partner[01] = 198.281
XP ego[02] partner[02] = 224.062
XP ego[02] partner[03] = 219.844
XP ego[02] partner[04] = 207.812
XP ego[03] partner[00] = 39.062
XP ego[03] partner[01] = 53.594
XP ego[03] partner[02] = 90.312
XP ego[03] partner[03] = 67.969
XP ego[03] partner[04] = 49.375
XP ego[04] partner[00] = 165.156
XP ego[04] partner[01] = 141.875
XP ego[04] partner[02] = 178.125
XP ego[04] partner[03] = 158.281
XP ego[04] partner[04] = 150.781
Evaluating partner group 2: method=pbt, prefix=checkpoints/eval_pools/pbt
LOADED: checkpoints/eval_pools/pbt/counter_circuit/baseline_seed_0_step_62.msgpack
LOADED: checkpoints/eval_pools/pbt/counter_circuit/baseline_seed_1_step_62.msgpack
LOADED: checkpoints/eval_pools/pbt/counter_circuit/baseline_seed_2_step_62.msgpack
LOADED: checkpoints/eval_pools/pbt/counter_circuit/baseline_seed_3_step_62.msgpack
LOADED: checkpoints/eval_pools/pbt/counter_circuit/baseline_seed_4_step_62.msgpack
Using XP rollout scale: XP_PAIR_BATCH_SIZE=32, EVAL_NUM_EPISODES=128, EVAL_NUM_STEPS=400
XP ego[00] partner[00] = 162.500
XP ego[00] partner[01] = 178.906
XP ego[00] partner[02] = 167.812
XP ego[00] partner[03] = 185.156
XP ego[00] partner[04] = 174.375
XP ego[01] partner[00] = 164.531
XP ego[01] partner[01] = 146.250
XP ego[01] partner[02] = 152.812
XP ego[01] partner[03] = 133.906
XP ego[01] partner[04] = 141.875
XP ego[02] partner[00] = 195.000
XP ego[02] partner[01] = 193.594
XP ego[02] partner[02] = 147.188
XP ego[02] partner[03] = 189.219
XP ego[02] partner[04] = 129.844
XP ego[03] partner[00] = 100.312
XP ego[03] partner[01] = 117.969
XP ego[03] partner[02] = 69.531
XP ego[03] partner[03] = 64.844
XP ego[03] partner[04] = 61.094
XP ego[04] partner[00] = 169.688
XP ego[04] partner[01] = 192.031
XP ego[04] partner[02] = 58.125
XP ego[04] partner[03] = 185.469
XP ego[04] partner[04] = 187.969
Evaluating partner group 3: method=sp, prefix=checkpoints/eval_pools/sp
LOADED: checkpoints/eval_pools/sp/counter_circuit/baseline_seed_0_step_380.msgpack
LOADED: checkpoints/eval_pools/sp/counter_circuit/baseline_seed_1_step_380.msgpack
LOADED: checkpoints/eval_pools/sp/counter_circuit/baseline_seed_2_step_380.msgpack
LOADED: checkpoints/eval_pools/sp/counter_circuit/baseline_seed_3_step_380.msgpack
LOADED: checkpoints/eval_pools/sp/counter_circuit/baseline_seed_4_step_380.msgpack
Using XP rollout scale: XP_PAIR_BATCH_SIZE=32, EVAL_NUM_EPISODES=128, EVAL_NUM_STEPS=400
XP ego[00] partner[00] = 157.344
XP ego[00] partner[01] = 136.094
XP ego[00] partner[02] = 175.000
XP ego[00] partner[03] = 117.500
XP ego[00] partner[04] = 168.125
XP ego[01] partner[00] = 150.938
XP ego[01] partner[01] = 158.438
XP ego[01] partner[02] = 87.969
XP ego[01] partner[03] = 167.344
XP ego[01] partner[04] = 178.750
XP ego[02] partner[00] = 159.688
XP ego[02] partner[01] = 177.188
XP ego[02] partner[02] = 187.969
XP ego[02] partner[03] = 140.781
XP ego[02] partner[04] = 194.062
XP ego[03] partner[00] = 32.969
XP ego[03] partner[01] = 23.438
XP ego[03] partner[02] = 80.469
XP ego[03] partner[03] = 79.531
XP ego[03] partner[04] = 139.219
XP ego[04] partner[00] = 159.375
XP ego[04] partner[01] = 164.531
XP ego[04] partner[02] = 168.125
XP ego[04] partner[03] = 177.812
XP ego[04] partner[04] = 178.594
Average ego-vs-partner performance: 132.228 +- 5.387 SE over 100 ordered pairs
Average diagonal performance: 106.156 +- 26.065 SE over 5 pairs
Average off-diagonal performance (only for square pools): nan +- nan SE over 0 ordered pairs
Saved ad-hoc teamplay results to ad_hoc_teamplay_results/lmpred_no_self_pred_ad_hoc_teamplay/counter_circuit
Saved ad-hoc teamplay heatmap to ad_hoc_teamplay_results/lmpred_no_self_pred_ad_hoc_teamplay/counter_circuit/xp_matrix.png
Evaluating partner alignment group 0: method=e3t, prefix=checkpoints/eval_pools/e3t
LOADED: checkpoints/eval_pools/e3t/counter_circuit/baseline_seed_0_step_220.msgpack
LOADED: checkpoints/eval_pools/e3t/counter_circuit/baseline_seed_1_step_220.msgpack
LOADED: checkpoints/eval_pools/e3t/counter_circuit/baseline_seed_2_step_220.msgpack
LOADED: checkpoints/eval_pools/e3t/counter_circuit/baseline_seed_3_step_220.msgpack
LOADED: checkpoints/eval_pools/e3t/counter_circuit/baseline_seed_4_step_220.msgpack
Using alignment rollout scale: ALIGN_PAIR_BATCH_SIZE=2, ALIGN_EVAL_NUM_EPISODES=128, ALIGN_EVAL_NUM_STEPS=400
ALIGN ego[00] partner[00] R2=0.791867 NMSE=0.208133 shuffled_R2=-0.018523
ALIGN ego[00] partner[01] R2=0.802763 NMSE=0.197237 shuffled_R2=-0.017222
ALIGN ego[00] partner[02] R2=0.778700 NMSE=0.221300 shuffled_R2=-0.022788
ALIGN ego[00] partner[03] R2=0.850314 NMSE=0.149686 shuffled_R2=-0.022845
ALIGN ego[00] partner[04] R2=0.691180 NMSE=0.308820 shuffled_R2=-0.038548
ALIGN ego[01] partner[00] R2=0.769784 NMSE=0.230216 shuffled_R2=-0.014937
ALIGN ego[01] partner[01] R2=0.736427 NMSE=0.263573 shuffled_R2=-0.016109
ALIGN ego[01] partner[02] R2=0.725927 NMSE=0.274073 shuffled_R2=-0.020430
ALIGN ego[01] partner[03] R2=0.835233 NMSE=0.164767 shuffled_R2=-0.023665
ALIGN ego[01] partner[04] R2=0.768202 NMSE=0.231798 shuffled_R2=-0.013808
ALIGN ego[02] partner[00] R2=0.811683 NMSE=0.188317 shuffled_R2=-0.015388
ALIGN ego[02] partner[01] R2=0.807742 NMSE=0.192258 shuffled_R2=-0.021420
ALIGN ego[02] partner[02] R2=0.709221 NMSE=0.290779 shuffled_R2=-0.020347
ALIGN ego[02] partner[03] R2=0.770287 NMSE=0.229713 shuffled_R2=-0.024808
ALIGN ego[02] partner[04] R2=0.810411 NMSE=0.189589 shuffled_R2=-0.016700
ALIGN ego[03] partner[00] R2=0.829146 NMSE=0.170854 shuffled_R2=-0.017598
ALIGN ego[03] partner[01] R2=0.675729 NMSE=0.324271 shuffled_R2=-0.026816
ALIGN ego[03] partner[02] R2=0.769831 NMSE=0.230169 shuffled_R2=-0.018889
ALIGN ego[03] partner[03] R2=0.857117 NMSE=0.142883 shuffled_R2=-0.021895
ALIGN ego[03] partner[04] R2=0.823301 NMSE=0.176699 shuffled_R2=-0.021615
ALIGN ego[04] partner[00] R2=0.819077 NMSE=0.180923 shuffled_R2=-0.016454
ALIGN ego[04] partner[01] R2=0.829485 NMSE=0.170515 shuffled_R2=-0.018665
ALIGN ego[04] partner[02] R2=0.776888 NMSE=0.223112 shuffled_R2=-0.019678
ALIGN ego[04] partner[03] R2=0.835187 NMSE=0.164813 shuffled_R2=-0.028031
ALIGN ego[04] partner[04] R2=0.836187 NMSE=0.163813 shuffled_R2=-0.018849
Evaluating partner alignment group 1: method=mep_br, prefix=checkpoints/eval_pools/mep_br
LOADED: checkpoints/eval_pools/mep_br/counter_circuit/baseline_seed_0_step_380.msgpack
LOADED: checkpoints/eval_pools/mep_br/counter_circuit/baseline_seed_1_step_380.msgpack
LOADED: checkpoints/eval_pools/mep_br/counter_circuit/baseline_seed_2_step_380.msgpack
LOADED: checkpoints/eval_pools/mep_br/counter_circuit/baseline_seed_3_step_380.msgpack
LOADED: checkpoints/eval_pools/mep_br/counter_circuit/baseline_seed_4_step_380.msgpack
Using alignment rollout scale: ALIGN_PAIR_BATCH_SIZE=2, ALIGN_EVAL_NUM_EPISODES=128, ALIGN_EVAL_NUM_STEPS=400
ALIGN ego[00] partner[00] R2=0.760768 NMSE=0.239232 shuffled_R2=-0.023374
ALIGN ego[00] partner[01] R2=0.758258 NMSE=0.241742 shuffled_R2=-0.023158
ALIGN ego[00] partner[02] R2=0.748894 NMSE=0.251106 shuffled_R2=-0.025302
ALIGN ego[00] partner[03] R2=0.808282 NMSE=0.191718 shuffled_R2=-0.019379
ALIGN ego[00] partner[04] R2=0.804160 NMSE=0.195840 shuffled_R2=-0.022238
ALIGN ego[01] partner[00] R2=0.844815 NMSE=0.155185 shuffled_R2=-0.015545
ALIGN ego[01] partner[01] R2=0.848105 NMSE=0.151895 shuffled_R2=-0.017680
ALIGN ego[01] partner[02] R2=0.851892 NMSE=0.148108 shuffled_R2=-0.018364
ALIGN ego[01] partner[03] R2=0.844453 NMSE=0.155547 shuffled_R2=-0.015460
ALIGN ego[01] partner[04] R2=0.809272 NMSE=0.190728 shuffled_R2=-0.019506
ALIGN ego[02] partner[00] R2=0.842824 NMSE=0.157176 shuffled_R2=-0.017409
ALIGN ego[02] partner[01] R2=0.841257 NMSE=0.158743 shuffled_R2=-0.015269
ALIGN ego[02] partner[02] R2=0.877934 NMSE=0.122066 shuffled_R2=-0.017715
ALIGN ego[02] partner[03] R2=0.880331 NMSE=0.119669 shuffled_R2=-0.015157
ALIGN ego[02] partner[04] R2=0.702785 NMSE=0.297215 shuffled_R2=-0.022644
ALIGN ego[03] partner[00] R2=0.828826 NMSE=0.171174 shuffled_R2=-0.020226
ALIGN ego[03] partner[01] R2=0.856329 NMSE=0.143671 shuffled_R2=-0.018813
ALIGN ego[03] partner[02] R2=0.823066 NMSE=0.176934 shuffled_R2=-0.015417
ALIGN ego[03] partner[03] R2=0.874147 NMSE=0.125853 shuffled_R2=-0.015016
ALIGN ego[03] partner[04] R2=0.824102 NMSE=0.175898 shuffled_R2=-0.019989
ALIGN ego[04] partner[00] R2=0.850446 NMSE=0.149554 shuffled_R2=-0.015095
ALIGN ego[04] partner[01] R2=0.891992 NMSE=0.108008 shuffled_R2=-0.013986
ALIGN ego[04] partner[02] R2=0.839161 NMSE=0.160839 shuffled_R2=-0.018744
ALIGN ego[04] partner[03] R2=0.821829 NMSE=0.178171 shuffled_R2=-0.014376
ALIGN ego[04] partner[04] R2=0.690876 NMSE=0.309124 shuffled_R2=-0.040452
Evaluating partner alignment group 2: method=pbt, prefix=checkpoints/eval_pools/pbt
LOADED: checkpoints/eval_pools/pbt/counter_circuit/baseline_seed_0_step_62.msgpack
LOADED: checkpoints/eval_pools/pbt/counter_circuit/baseline_seed_1_step_62.msgpack
LOADED: checkpoints/eval_pools/pbt/counter_circuit/baseline_seed_2_step_62.msgpack
LOADED: checkpoints/eval_pools/pbt/counter_circuit/baseline_seed_3_step_62.msgpack
LOADED: checkpoints/eval_pools/pbt/counter_circuit/baseline_seed_4_step_62.msgpack
Using alignment rollout scale: ALIGN_PAIR_BATCH_SIZE=2, ALIGN_EVAL_NUM_EPISODES=128, ALIGN_EVAL_NUM_STEPS=400
ALIGN ego[00] partner[00] R2=0.719373 NMSE=0.280627 shuffled_R2=-0.024085
ALIGN ego[00] partner[01] R2=0.743422 NMSE=0.256578 shuffled_R2=-0.016547
ALIGN ego[00] partner[02] R2=0.680982 NMSE=0.319018 shuffled_R2=-0.024892
ALIGN ego[00] partner[03] R2=0.666674 NMSE=0.333326 shuffled_R2=-0.033047
ALIGN ego[00] partner[04] R2=0.764711 NMSE=0.235289 shuffled_R2=-0.016592
ALIGN ego[01] partner[00] R2=0.770811 NMSE=0.229189 shuffled_R2=-0.016594
ALIGN ego[01] partner[01] R2=0.730998 NMSE=0.269002 shuffled_R2=-0.020706
ALIGN ego[01] partner[02] R2=0.764341 NMSE=0.235659 shuffled_R2=-0.016105
ALIGN ego[01] partner[03] R2=0.782965 NMSE=0.217035 shuffled_R2=-0.018676
ALIGN ego[01] partner[04] R2=0.786620 NMSE=0.213380 shuffled_R2=-0.014948
ALIGN ego[02] partner[00] R2=0.765748 NMSE=0.234252 shuffled_R2=-0.014706
ALIGN ego[02] partner[01] R2=0.693989 NMSE=0.306011 shuffled_R2=-0.021607
ALIGN ego[02] partner[02] R2=0.766231 NMSE=0.233769 shuffled_R2=-0.015400
ALIGN ego[02] partner[03] R2=0.698009 NMSE=0.301991 shuffled_R2=-0.019677
ALIGN ego[02] partner[04] R2=0.763049 NMSE=0.236951 shuffled_R2=-0.018438
ALIGN ego[03] partner[00] R2=0.800538 NMSE=0.199462 shuffled_R2=-0.021732
ALIGN ego[03] partner[01] R2=0.849869 NMSE=0.150131 shuffled_R2=-0.016626
ALIGN ego[03] partner[02] R2=0.789305 NMSE=0.210695 shuffled_R2=-0.021183
ALIGN ego[03] partner[03] R2=0.762108 NMSE=0.237892 shuffled_R2=-0.031057
ALIGN ego[03] partner[04] R2=0.832284 NMSE=0.167716 shuffled_R2=-0.023917
ALIGN ego[04] partner[00] R2=0.825931 NMSE=0.174069 shuffled_R2=-0.015185
ALIGN ego[04] partner[01] R2=0.432577 NMSE=0.567423 shuffled_R2=-0.082706
ALIGN ego[04] partner[02] R2=0.816875 NMSE=0.183125 shuffled_R2=-0.014860
ALIGN ego[04] partner[03] R2=0.724910 NMSE=0.275090 shuffled_R2=-0.025961
ALIGN ego[04] partner[04] R2=0.571257 NMSE=0.428743 shuffled_R2=-0.044597
Evaluating partner alignment group 3: method=sp, prefix=checkpoints/eval_pools/sp
LOADED: checkpoints/eval_pools/sp/counter_circuit/baseline_seed_0_step_380.msgpack
LOADED: checkpoints/eval_pools/sp/counter_circuit/baseline_seed_1_step_380.msgpack
LOADED: checkpoints/eval_pools/sp/counter_circuit/baseline_seed_2_step_380.msgpack
LOADED: checkpoints/eval_pools/sp/counter_circuit/baseline_seed_3_step_380.msgpack
LOADED: checkpoints/eval_pools/sp/counter_circuit/baseline_seed_4_step_380.msgpack
Using alignment rollout scale: ALIGN_PAIR_BATCH_SIZE=2, ALIGN_EVAL_NUM_EPISODES=128, ALIGN_EVAL_NUM_STEPS=400
ALIGN ego[00] partner[00] R2=0.849121 NMSE=0.150879 shuffled_R2=-0.019302
ALIGN ego[00] partner[01] R2=0.852009 NMSE=0.147991 shuffled_R2=-0.021451
ALIGN ego[00] partner[02] R2=0.860171 NMSE=0.139829 shuffled_R2=-0.015931
ALIGN ego[00] partner[03] R2=0.832457 NMSE=0.167543 shuffled_R2=-0.019519
ALIGN ego[00] partner[04] R2=0.809519 NMSE=0.190481 shuffled_R2=-0.022442
ALIGN ego[01] partner[00] R2=0.805948 NMSE=0.194052 shuffled_R2=-0.023587
ALIGN ego[01] partner[01] R2=0.895395 NMSE=0.104605 shuffled_R2=-0.015617
ALIGN ego[01] partner[02] R2=0.825437 NMSE=0.174563 shuffled_R2=-0.027976
ALIGN ego[01] partner[03] R2=0.771790 NMSE=0.228210 shuffled_R2=-0.018580
ALIGN ego[01] partner[04] R2=0.825529 NMSE=0.174471 shuffled_R2=-0.016776
ALIGN ego[02] partner[00] R2=0.909536 NMSE=0.090464 shuffled_R2=-0.019236
ALIGN ego[02] partner[01] R2=0.841396 NMSE=0.158604 shuffled_R2=-0.018764
ALIGN ego[02] partner[02] R2=0.852468 NMSE=0.147532 shuffled_R2=-0.018111
ALIGN ego[02] partner[03] R2=0.804274 NMSE=0.195726 shuffled_R2=-0.028535
ALIGN ego[02] partner[04] R2=0.850495 NMSE=0.149505 shuffled_R2=-0.014485
ALIGN ego[03] partner[00] R2=0.909864 NMSE=0.090136 shuffled_R2=-0.026298
ALIGN ego[03] partner[01] R2=0.889632 NMSE=0.110368 shuffled_R2=-0.019611
ALIGN ego[03] partner[02] R2=0.866323 NMSE=0.133677 shuffled_R2=-0.020622
ALIGN ego[03] partner[03] R2=0.886058 NMSE=0.113942 shuffled_R2=-0.017814
ALIGN ego[03] partner[04] R2=0.838413 NMSE=0.161587 shuffled_R2=-0.017047
ALIGN ego[04] partner[00] R2=0.870917 NMSE=0.129083 shuffled_R2=-0.018172
ALIGN ego[04] partner[01] R2=0.905954 NMSE=0.094046 shuffled_R2=-0.014038
ALIGN ego[04] partner[02] R2=0.849985 NMSE=0.150015 shuffled_R2=-0.023676
ALIGN ego[04] partner[03] R2=0.832638 NMSE=0.167362 shuffled_R2=-0.014994
ALIGN ego[04] partner[04] R2=0.799238 NMSE=0.200762 shuffled_R2=-0.018523
Average ego-to-partner alignment R2: 0.799746 +- 0.007152 SE over 100 ego-partner pairs
Average alignment normalized MSE: 0.200254 +- 0.007152 SE
Average shuffled-control alignment R2: -0.020773 +- 0.000830 SE
Saved alignment results to ad_hoc_teamplay_results/lmpred_no_self_pred_ad_hoc_teamplay/counter_circuit
Evaluating ad-hoc teamplay for ego_method=lmpred_no_self_pred, layout=coord_ring
ego_prefix=checkpoints/lmpred_no_self_pred, partner_pool_specs=e3t:checkpoints/eval_pools/e3t;mep_br:checkpoints/eval_pools/mep_br;pbt:checkpoints/eval_pools/pbt;sp:checkpoints/eval_pools/sp, result_name=lmpred_no_self_pred_ad_hoc_teamplay, ego_perspective_transform=true
Importing submoduled environments...
Submoduled environments not found. Skipping import.
2026-07-13 08:09:41.331222: W external/xla/xla/service/gpu/autotuning/dot_search_space.cc:200] All configs were filtered out because none of them sufficiently match the hints. Maybe the hints set does not contain a good representative set of valid configs?Working around this by using the full hints set instead.
2026-07-13 08:09:42.486957: W external/xla/xla/service/gpu/autotuning/dot_search_space.cc:200] All configs were filtered out because none of them sufficiently match the hints. Maybe the hints set does not contain a good representative set of valid configs?Working around this by using the full hints set instead.
LOADED: checkpoints/lmpred_no_self_pred/coord_ring/baseline_seed_0_step_220.msgpack
LOADED: checkpoints/lmpred_no_self_pred/coord_ring/baseline_seed_1_step_220.msgpack
LOADED: checkpoints/lmpred_no_self_pred/coord_ring/baseline_seed_2_step_220.msgpack
LOADED: checkpoints/lmpred_no_self_pred/coord_ring/baseline_seed_3_step_220.msgpack
LOADED: checkpoints/lmpred_no_self_pred/coord_ring/baseline_seed_4_step_220.msgpack
Evaluating partner group 0: method=e3t, prefix=checkpoints/eval_pools/e3t
LOADED: checkpoints/eval_pools/e3t/coord_ring/baseline_seed_0_step_220.msgpack
LOADED: checkpoints/eval_pools/e3t/coord_ring/baseline_seed_1_step_220.msgpack
LOADED: checkpoints/eval_pools/e3t/coord_ring/baseline_seed_2_step_220.msgpack
LOADED: checkpoints/eval_pools/e3t/coord_ring/baseline_seed_3_step_220.msgpack
LOADED: checkpoints/eval_pools/e3t/coord_ring/baseline_seed_4_step_220.msgpack
Using XP rollout scale: XP_PAIR_BATCH_SIZE=32, EVAL_NUM_EPISODES=128, EVAL_NUM_STEPS=400
XP ego[00] partner[00] = 283.438
XP ego[00] partner[01] = 256.562
XP ego[00] partner[02] = 44.062
XP ego[00] partner[03] = 260.312
XP ego[00] partner[04] = 271.250
XP ego[01] partner[00] = 104.844
XP ego[01] partner[01] = 180.469
XP ego[01] partner[02] = 12.656
XP ego[01] partner[03] = 218.750
XP ego[01] partner[04] = 242.344
XP ego[02] partner[00] = 274.844
XP ego[02] partner[01] = 270.312
XP ego[02] partner[02] = 10.469
XP ego[02] partner[03] = 270.156
XP ego[02] partner[04] = 297.031
XP ego[03] partner[00] = 237.656
XP ego[03] partner[01] = 270.469
XP ego[03] partner[02] = 31.719
XP ego[03] partner[03] = 230.625
XP ego[03] partner[04] = 272.969
XP ego[04] partner[00] = 248.906
XP ego[04] partner[01] = 278.594
XP ego[04] partner[02] = 34.688
XP ego[04] partner[03] = 284.688
XP ego[04] partner[04] = 288.750
Evaluating partner group 1: method=mep_br, prefix=checkpoints/eval_pools/mep_br
LOADED: checkpoints/eval_pools/mep_br/coord_ring/baseline_seed_0_step_220.msgpack
LOADED: checkpoints/eval_pools/mep_br/coord_ring/baseline_seed_1_step_220.msgpack
LOADED: checkpoints/eval_pools/mep_br/coord_ring/baseline_seed_2_step_220.msgpack
LOADED: checkpoints/eval_pools/mep_br/coord_ring/baseline_seed_3_step_220.msgpack
LOADED: checkpoints/eval_pools/mep_br/coord_ring/baseline_seed_4_step_220.msgpack
Using XP rollout scale: XP_PAIR_BATCH_SIZE=32, EVAL_NUM_EPISODES=128, EVAL_NUM_STEPS=400
XP ego[00] partner[00] = 249.531
XP ego[00] partner[01] = 263.281
XP ego[00] partner[02] = 280.000
XP ego[00] partner[03] = 194.688
XP ego[00] partner[04] = 280.781
XP ego[01] partner[00] = 219.375
XP ego[01] partner[01] = 243.438
XP ego[01] partner[02] = 220.156
XP ego[01] partner[03] = 216.406
XP ego[01] partner[04] = 210.000
XP ego[02] partner[00] = 258.438
XP ego[02] partner[01] = 279.062
XP ego[02] partner[02] = 271.562
XP ego[02] partner[03] = 262.500
XP ego[02] partner[04] = 260.156
XP ego[03] partner[00] = 231.406
XP ego[03] partner[01] = 283.438
XP ego[03] partner[02] = 261.562
XP ego[03] partner[03] = 175.938
XP ego[03] partner[04] = 221.250
XP ego[04] partner[00] = 250.625
XP ego[04] partner[01] = 282.969
XP ego[04] partner[02] = 270.000
XP ego[04] partner[03] = 249.062
XP ego[04] partner[04] = 229.219
Evaluating partner group 2: method=pbt, prefix=checkpoints/eval_pools/pbt
LOADED: checkpoints/eval_pools/pbt/coord_ring/baseline_seed_0_step_62.msgpack
LOADED: checkpoints/eval_pools/pbt/coord_ring/baseline_seed_1_step_62.msgpack
LOADED: checkpoints/eval_pools/pbt/coord_ring/baseline_seed_2_step_62.msgpack
LOADED: checkpoints/eval_pools/pbt/coord_ring/baseline_seed_3_step_62.msgpack
LOADED: checkpoints/eval_pools/pbt/coord_ring/baseline_seed_4_step_62.msgpack
Using XP rollout scale: XP_PAIR_BATCH_SIZE=32, EVAL_NUM_EPISODES=128, EVAL_NUM_STEPS=400
XP ego[00] partner[00] = 232.344
XP ego[00] partner[01] = 276.250
XP ego[00] partner[02] = 274.688
XP ego[00] partner[03] = 256.562
XP ego[00] partner[04] = 270.938
XP ego[01] partner[00] = 238.750
XP ego[01] partner[01] = 238.281
XP ego[01] partner[02] = 240.312
XP ego[01] partner[03] = 208.438
XP ego[01] partner[04] = 232.656
XP ego[02] partner[00] = 290.312
XP ego[02] partner[01] = 268.125
XP ego[02] partner[02] = 253.281
XP ego[02] partner[03] = 242.969
XP ego[02] partner[04] = 273.750
XP ego[03] partner[00] = 147.500
XP ego[03] partner[01] = 160.781
XP ego[03] partner[02] = 257.812
XP ego[03] partner[03] = 153.594
XP ego[03] partner[04] = 133.750
XP ego[04] partner[00] = 238.750
XP ego[04] partner[01] = 269.062
XP ego[04] partner[02] = 269.844
XP ego[04] partner[03] = 256.250
XP ego[04] partner[04] = 274.375
Evaluating partner group 3: method=sp, prefix=checkpoints/eval_pools/sp
LOADED: checkpoints/eval_pools/sp/coord_ring/baseline_seed_0_step_220.msgpack
LOADED: checkpoints/eval_pools/sp/coord_ring/baseline_seed_1_step_220.msgpack
LOADED: checkpoints/eval_pools/sp/coord_ring/baseline_seed_2_step_220.msgpack
LOADED: checkpoints/eval_pools/sp/coord_ring/baseline_seed_3_step_220.msgpack
LOADED: checkpoints/eval_pools/sp/coord_ring/baseline_seed_4_step_220.msgpack
Using XP rollout scale: XP_PAIR_BATCH_SIZE=32, EVAL_NUM_EPISODES=128, EVAL_NUM_STEPS=400
XP ego[00] partner[00] = 286.406
XP ego[00] partner[01] = 274.844
XP ego[00] partner[02] = 259.531
XP ego[00] partner[03] = 267.031
XP ego[00] partner[04] = 264.688
XP ego[01] partner[00] = 257.344
XP ego[01] partner[01] = 229.531
XP ego[01] partner[02] = 231.094
XP ego[01] partner[03] = 254.375
XP ego[01] partner[04] = 209.844
XP ego[02] partner[00] = 274.375
XP ego[02] partner[01] = 275.156
XP ego[02] partner[02] = 259.375
XP ego[02] partner[03] = 251.719
XP ego[02] partner[04] = 270.469
XP ego[03] partner[00] = 149.219
XP ego[03] partner[01] = 207.344
XP ego[03] partner[02] = 195.312
XP ego[03] partner[03] = 210.156
XP ego[03] partner[04] = 251.094
XP ego[04] partner[00] = 283.594
XP ego[04] partner[01] = 222.812
XP ego[04] partner[02] = 242.812
XP ego[04] partner[03] = 280.469
XP ego[04] partner[04] = 248.906
Average ego-vs-partner performance: 234.583 +- 6.037 SE over 100 ordered pairs
Average diagonal performance: 198.750 +- 51.025 SE over 5 pairs
Average off-diagonal performance (only for square pools): nan +- nan SE over 0 ordered pairs
Saved ad-hoc teamplay results to ad_hoc_teamplay_results/lmpred_no_self_pred_ad_hoc_teamplay/coord_ring
Saved ad-hoc teamplay heatmap to ad_hoc_teamplay_results/lmpred_no_self_pred_ad_hoc_teamplay/coord_ring/xp_matrix.png
Evaluating partner alignment group 0: method=e3t, prefix=checkpoints/eval_pools/e3t
LOADED: checkpoints/eval_pools/e3t/coord_ring/baseline_seed_0_step_220.msgpack
LOADED: checkpoints/eval_pools/e3t/coord_ring/baseline_seed_1_step_220.msgpack
LOADED: checkpoints/eval_pools/e3t/coord_ring/baseline_seed_2_step_220.msgpack
LOADED: checkpoints/eval_pools/e3t/coord_ring/baseline_seed_3_step_220.msgpack
LOADED: checkpoints/eval_pools/e3t/coord_ring/baseline_seed_4_step_220.msgpack
Using alignment rollout scale: ALIGN_PAIR_BATCH_SIZE=2, ALIGN_EVAL_NUM_EPISODES=128, ALIGN_EVAL_NUM_STEPS=400
ALIGN ego[00] partner[00] R2=0.873319 NMSE=0.126681 shuffled_R2=-0.017178
ALIGN ego[00] partner[01] R2=0.875046 NMSE=0.124954 shuffled_R2=-0.015087
ALIGN ego[00] partner[02] R2=0.936064 NMSE=0.063936 shuffled_R2=-0.017920
ALIGN ego[00] partner[03] R2=0.868736 NMSE=0.131264 shuffled_R2=-0.016479
ALIGN ego[00] partner[04] R2=0.888677 NMSE=0.111323 shuffled_R2=-0.015279
ALIGN ego[01] partner[00] R2=0.933963 NMSE=0.066037 shuffled_R2=-0.022024
ALIGN ego[01] partner[01] R2=0.909014 NMSE=0.090986 shuffled_R2=-0.013316
ALIGN ego[01] partner[02] R2=0.881998 NMSE=0.118002 shuffled_R2=-0.068924
ALIGN ego[01] partner[03] R2=0.932085 NMSE=0.067915 shuffled_R2=-0.014626
ALIGN ego[01] partner[04] R2=0.898512 NMSE=0.101488 shuffled_R2=-0.015330
ALIGN ego[02] partner[00] R2=0.812295 NMSE=0.187705 shuffled_R2=-0.027727
ALIGN ego[02] partner[01] R2=0.872014 NMSE=0.127986 shuffled_R2=-0.016164
ALIGN ego[02] partner[02] R2=0.774710 NMSE=0.225290 shuffled_R2=-0.059352
ALIGN ego[02] partner[03] R2=0.910934 NMSE=0.089066 shuffled_R2=-0.015503
ALIGN ego[02] partner[04] R2=0.921380 NMSE=0.078620 shuffled_R2=-0.015136
ALIGN ego[03] partner[00] R2=0.866572 NMSE=0.133428 shuffled_R2=-0.018109
ALIGN ego[03] partner[01] R2=0.878474 NMSE=0.121526 shuffled_R2=-0.017250
ALIGN ego[03] partner[02] R2=0.810623 NMSE=0.189377 shuffled_R2=-0.060876
ALIGN ego[03] partner[03] R2=0.838938 NMSE=0.161062 shuffled_R2=-0.020887
ALIGN ego[03] partner[04] R2=0.869599 NMSE=0.130401 shuffled_R2=-0.020495
ALIGN ego[04] partner[00] R2=0.923475 NMSE=0.076525 shuffled_R2=-0.021166
ALIGN ego[04] partner[01] R2=0.831790 NMSE=0.168210 shuffled_R2=-0.022518
ALIGN ego[04] partner[02] R2=0.920319 NMSE=0.079681 shuffled_R2=-0.018229
ALIGN ego[04] partner[03] R2=0.879325 NMSE=0.120675 shuffled_R2=-0.020504
ALIGN ego[04] partner[04] R2=0.871612 NMSE=0.128388 shuffled_R2=-0.014974
Evaluating partner alignment group 1: method=mep_br, prefix=checkpoints/eval_pools/mep_br
LOADED: checkpoints/eval_pools/mep_br/coord_ring/baseline_seed_0_step_220.msgpack
LOADED: checkpoints/eval_pools/mep_br/coord_ring/baseline_seed_1_step_220.msgpack
LOADED: checkpoints/eval_pools/mep_br/coord_ring/baseline_seed_2_step_220.msgpack
LOADED: checkpoints/eval_pools/mep_br/coord_ring/baseline_seed_3_step_220.msgpack
LOADED: checkpoints/eval_pools/mep_br/coord_ring/baseline_seed_4_step_220.msgpack
Using alignment rollout scale: ALIGN_PAIR_BATCH_SIZE=2, ALIGN_EVAL_NUM_EPISODES=128, ALIGN_EVAL_NUM_STEPS=400
ALIGN ego[00] partner[00] R2=0.887265 NMSE=0.112735 shuffled_R2=-0.017519
ALIGN ego[00] partner[01] R2=0.887599 NMSE=0.112401 shuffled_R2=-0.015230
ALIGN ego[00] partner[02] R2=0.853574 NMSE=0.146426 shuffled_R2=-0.019249
ALIGN ego[00] partner[03] R2=0.933822 NMSE=0.066178 shuffled_R2=-0.021458
ALIGN ego[00] partner[04] R2=0.908805 NMSE=0.091195 shuffled_R2=-0.016628
ALIGN ego[01] partner[00] R2=0.850654 NMSE=0.149346 shuffled_R2=-0.017464
ALIGN ego[01] partner[01] R2=0.916105 NMSE=0.083895 shuffled_R2=-0.014335
ALIGN ego[01] partner[02] R2=0.883469 NMSE=0.116531 shuffled_R2=-0.015612
ALIGN ego[01] partner[03] R2=0.875823 NMSE=0.124177 shuffled_R2=-0.027566
ALIGN ego[01] partner[04] R2=0.811863 NMSE=0.188137 shuffled_R2=-0.028106
ALIGN ego[02] partner[00] R2=0.905820 NMSE=0.094180 shuffled_R2=-0.018487
ALIGN ego[02] partner[01] R2=0.920505 NMSE=0.079495 shuffled_R2=-0.015356
ALIGN ego[02] partner[02] R2=0.898250 NMSE=0.101750 shuffled_R2=-0.016633
ALIGN ego[02] partner[03] R2=0.931614 NMSE=0.068386 shuffled_R2=-0.016849
ALIGN ego[02] partner[04] R2=0.918371 NMSE=0.081629 shuffled_R2=-0.017214
ALIGN ego[03] partner[00] R2=0.897787 NMSE=0.102213 shuffled_R2=-0.016973
ALIGN ego[03] partner[01] R2=0.796196 NMSE=0.203804 shuffled_R2=-0.027131
ALIGN ego[03] partner[02] R2=0.825613 NMSE=0.174387 shuffled_R2=-0.029475
ALIGN ego[03] partner[03] R2=0.921531 NMSE=0.078469 shuffled_R2=-0.020499
ALIGN ego[03] partner[04] R2=0.932337 NMSE=0.067663 shuffled_R2=-0.013896
ALIGN ego[04] partner[00] R2=0.889511 NMSE=0.110489 shuffled_R2=-0.017393
ALIGN ego[04] partner[01] R2=0.850891 NMSE=0.149109 shuffled_R2=-0.022038
ALIGN ego[04] partner[02] R2=0.778974 NMSE=0.221026 shuffled_R2=-0.027168
ALIGN ego[04] partner[03] R2=0.932855 NMSE=0.067145 shuffled_R2=-0.014805
ALIGN ego[04] partner[04] R2=0.854962 NMSE=0.145038 shuffled_R2=-0.023208
Evaluating partner alignment group 2: method=pbt, prefix=checkpoints/eval_pools/pbt
LOADED: checkpoints/eval_pools/pbt/coord_ring/baseline_seed_0_step_62.msgpack
LOADED: checkpoints/eval_pools/pbt/coord_ring/baseline_seed_1_step_62.msgpack
LOADED: checkpoints/eval_pools/pbt/coord_ring/baseline_seed_2_step_62.msgpack
LOADED: checkpoints/eval_pools/pbt/coord_ring/baseline_seed_3_step_62.msgpack
LOADED: checkpoints/eval_pools/pbt/coord_ring/baseline_seed_4_step_62.msgpack
Using alignment rollout scale: ALIGN_PAIR_BATCH_SIZE=2, ALIGN_EVAL_NUM_EPISODES=128, ALIGN_EVAL_NUM_STEPS=400
ALIGN ego[00] partner[00] R2=0.821451 NMSE=0.178549 shuffled_R2=-0.015465
ALIGN ego[00] partner[01] R2=0.831094 NMSE=0.168906 shuffled_R2=-0.014546
ALIGN ego[00] partner[02] R2=0.687463 NMSE=0.312537 shuffled_R2=-0.020851
ALIGN ego[00] partner[03] R2=0.810280 NMSE=0.189720 shuffled_R2=-0.016709
ALIGN ego[00] partner[04] R2=0.760707 NMSE=0.239293 shuffled_R2=-0.017951
ALIGN ego[01] partner[00] R2=0.817120 NMSE=0.182880 shuffled_R2=-0.020605
ALIGN ego[01] partner[01] R2=0.827583 NMSE=0.172417 shuffled_R2=-0.016256
ALIGN ego[01] partner[02] R2=0.744910 NMSE=0.255090 shuffled_R2=-0.027410
ALIGN ego[01] partner[03] R2=0.823036 NMSE=0.176964 shuffled_R2=-0.017394
ALIGN ego[01] partner[04] R2=0.813197 NMSE=0.186803 shuffled_R2=-0.019347
ALIGN ego[02] partner[00] R2=0.831514 NMSE=0.168486 shuffled_R2=-0.016584
ALIGN ego[02] partner[01] R2=0.831117 NMSE=0.168883 shuffled_R2=-0.026235
ALIGN ego[02] partner[02] R2=0.846421 NMSE=0.153579 shuffled_R2=-0.013629
ALIGN ego[02] partner[03] R2=0.841059 NMSE=0.158941 shuffled_R2=-0.023094
ALIGN ego[02] partner[04] R2=0.817960 NMSE=0.182040 shuffled_R2=-0.020249
ALIGN ego[03] partner[00] R2=0.853663 NMSE=0.146337 shuffled_R2=-0.015493
ALIGN ego[03] partner[01] R2=0.832090 NMSE=0.167910 shuffled_R2=-0.016857
ALIGN ego[03] partner[02] R2=0.738881 NMSE=0.261119 shuffled_R2=-0.026816
ALIGN ego[03] partner[03] R2=0.834691 NMSE=0.165309 shuffled_R2=-0.018607
ALIGN ego[03] partner[04] R2=0.786026 NMSE=0.213974 shuffled_R2=-0.021629
ALIGN ego[04] partner[00] R2=0.782954 NMSE=0.217046 shuffled_R2=-0.019657
ALIGN ego[04] partner[01] R2=0.824123 NMSE=0.175877 shuffled_R2=-0.015229
ALIGN ego[04] partner[02] R2=0.773547 NMSE=0.226453 shuffled_R2=-0.016649
ALIGN ego[04] partner[03] R2=0.785947 NMSE=0.214053 shuffled_R2=-0.017552
ALIGN ego[04] partner[04] R2=0.719252 NMSE=0.280748 shuffled_R2=-0.027093
Evaluating partner alignment group 3: method=sp, prefix=checkpoints/eval_pools/sp
LOADED: checkpoints/eval_pools/sp/coord_ring/baseline_seed_0_step_220.msgpack
LOADED: checkpoints/eval_pools/sp/coord_ring/baseline_seed_1_step_220.msgpack
LOADED: checkpoints/eval_pools/sp/coord_ring/baseline_seed_2_step_220.msgpack
LOADED: checkpoints/eval_pools/sp/coord_ring/baseline_seed_3_step_220.msgpack
LOADED: checkpoints/eval_pools/sp/coord_ring/baseline_seed_4_step_220.msgpack
Using alignment rollout scale: ALIGN_PAIR_BATCH_SIZE=2, ALIGN_EVAL_NUM_EPISODES=128, ALIGN_EVAL_NUM_STEPS=400
ALIGN ego[00] partner[00] R2=0.879454 NMSE=0.120546 shuffled_R2=-0.014286
ALIGN ego[00] partner[01] R2=0.822615 NMSE=0.177385 shuffled_R2=-0.050769
ALIGN ego[00] partner[02] R2=0.878490 NMSE=0.121510 shuffled_R2=-0.024280
ALIGN ego[00] partner[03] R2=0.881447 NMSE=0.118553 shuffled_R2=-0.019243
ALIGN ego[00] partner[04] R2=0.936416 NMSE=0.063584 shuffled_R2=-0.013913
ALIGN ego[01] partner[00] R2=0.914899 NMSE=0.085101 shuffled_R2=-0.014041
ALIGN ego[01] partner[01] R2=0.896938 NMSE=0.103062 shuffled_R2=-0.015136
ALIGN ego[01] partner[02] R2=0.867731 NMSE=0.132269 shuffled_R2=-0.030082
ALIGN ego[01] partner[03] R2=0.874783 NMSE=0.125217 shuffled_R2=-0.015911
ALIGN ego[01] partner[04] R2=0.917714 NMSE=0.082286 shuffled_R2=-0.016666
ALIGN ego[02] partner[00] R2=0.900784 NMSE=0.099216 shuffled_R2=-0.014227
ALIGN ego[02] partner[01] R2=0.815438 NMSE=0.184562 shuffled_R2=-0.022839
ALIGN ego[02] partner[02] R2=0.920367 NMSE=0.079633 shuffled_R2=-0.013364
ALIGN ego[02] partner[03] R2=0.913555 NMSE=0.086445 shuffled_R2=-0.022218
ALIGN ego[02] partner[04] R2=0.945256 NMSE=0.054744 shuffled_R2=-0.020095
ALIGN ego[03] partner[00] R2=0.929226 NMSE=0.070774 shuffled_R2=-0.014424
ALIGN ego[03] partner[01] R2=0.902812 NMSE=0.097188 shuffled_R2=-0.016271
ALIGN ego[03] partner[02] R2=0.907865 NMSE=0.092135 shuffled_R2=-0.017159
ALIGN ego[03] partner[03] R2=0.899178 NMSE=0.100822 shuffled_R2=-0.018222
ALIGN ego[03] partner[04] R2=0.925972 NMSE=0.074028 shuffled_R2=-0.017720
ALIGN ego[04] partner[00] R2=0.848946 NMSE=0.151054 shuffled_R2=-0.022216
ALIGN ego[04] partner[01] R2=0.817418 NMSE=0.182582 shuffled_R2=-0.021885
ALIGN ego[04] partner[02] R2=0.830226 NMSE=0.169774 shuffled_R2=-0.036903
ALIGN ego[04] partner[03] R2=0.862885 NMSE=0.137115 shuffled_R2=-0.018828
ALIGN ego[04] partner[04] R2=0.923537 NMSE=0.076463 shuffled_R2=-0.016954
Average ego-to-partner alignment R2: 0.862937 +- 0.005457 SE over 100 ego-partner pairs
Average alignment normalized MSE: 0.137063 +- 0.005457 SE
Average shuffled-control alignment R2: -0.020649 +- 0.000930 SE
Saved alignment results to ad_hoc_teamplay_results/lmpred_no_self_pred_ad_hoc_teamplay/coord_ring
Evaluating ad-hoc teamplay for ego_method=lmpred_no_self_pred, layout=asymm_advantages
ego_prefix=checkpoints/lmpred_no_self_pred, partner_pool_specs=e3t:checkpoints/eval_pools/e3t;mep_br:checkpoints/eval_pools/mep_br;pbt:checkpoints/eval_pools/pbt;sp:checkpoints/eval_pools/sp, result_name=lmpred_no_self_pred_ad_hoc_teamplay, ego_perspective_transform=true
Cannot find primary config 'asymm_advantages'. Check that it's in your config search path.

Config search path:
	provider=hydra, path=pkg://hydra.conf
	provider=main, path=file:///net/scratch/n70579mp/tom/JaxMARL/baselines/overcookedv2/config/oc_extended/mep_br
	provider=schema, path=structured://

Set the environment variable HYDRA_FULL_ERROR=1 for a complete stack trace.
Importing submoduled environments...
Submoduled environments not found. Skipping import.
Evaluating ad-hoc teamplay for ego_method=lmpred_no_self_pred, layout=forced_coord
ego_prefix=checkpoints/lmpred_no_self_pred, partner_pool_specs=e3t:checkpoints/eval_pools/e3t;mep_br:checkpoints/eval_pools/mep_br;pbt:checkpoints/eval_pools/pbt;sp:checkpoints/eval_pools/sp, result_name=lmpred_no_self_pred_ad_hoc_teamplay, ego_perspective_transform=true
Cannot find primary config 'forced_coord'. Check that it's in your config search path.

Config search path:
	provider=hydra, path=pkg://hydra.conf
	provider=main, path=file:///net/scratch/n70579mp/tom/JaxMARL/baselines/overcookedv2/config/oc_extended/mep_br
	provider=schema, path=structured://

Set the environment variable HYDRA_FULL_ERROR=1 for a complete stack trace.
Importing submoduled environments...
Submoduled environments not found. Skipping import.
Evaluating ad-hoc teamplay for ego_method=lmpred_ablate_no_self_pred, layout=cramped_room5x5
ego_prefix=checkpoints/lmpred_ablate_no_self_pred, partner_pool_specs=e3t:checkpoints/eval_pools/e3t;mep_br:checkpoints/eval_pools/mep_br;pbt:checkpoints/eval_pools/pbt;sp:checkpoints/eval_pools/sp, result_name=lmpred_ablate_no_self_pred_ad_hoc_teamplay, ego_perspective_transform=false
Importing submoduled environments...
Submoduled environments not found. Skipping import.
2026-07-13 08:14:10.938555: W external/xla/xla/service/gpu/autotuning/dot_search_space.cc:200] All configs were filtered out because none of them sufficiently match the hints. Maybe the hints set does not contain a good representative set of valid configs?Working around this by using the full hints set instead.
2026-07-13 08:14:11.935632: W external/xla/xla/service/gpu/autotuning/dot_search_space.cc:200] All configs were filtered out because none of them sufficiently match the hints. Maybe the hints set does not contain a good representative set of valid configs?Working around this by using the full hints set instead.
LOADED: checkpoints/lmpred_ablate_no_self_pred/cramped_room5x5/baseline_seed_0_step_220.msgpack
LOADED: checkpoints/lmpred_ablate_no_self_pred/cramped_room5x5/baseline_seed_1_step_220.msgpack
LOADED: checkpoints/lmpred_ablate_no_self_pred/cramped_room5x5/baseline_seed_2_step_220.msgpack
LOADED: checkpoints/lmpred_ablate_no_self_pred/cramped_room5x5/baseline_seed_3_step_220.msgpack
LOADED: checkpoints/lmpred_ablate_no_self_pred/cramped_room5x5/baseline_seed_4_step_220.msgpack
Evaluating partner group 0: method=e3t, prefix=checkpoints/eval_pools/e3t
LOADED: checkpoints/eval_pools/e3t/cramped_room5x5/baseline_seed_0_step_220.msgpack
LOADED: checkpoints/eval_pools/e3t/cramped_room5x5/baseline_seed_1_step_220.msgpack
LOADED: checkpoints/eval_pools/e3t/cramped_room5x5/baseline_seed_2_step_220.msgpack
LOADED: checkpoints/eval_pools/e3t/cramped_room5x5/baseline_seed_3_step_220.msgpack
LOADED: checkpoints/eval_pools/e3t/cramped_room5x5/baseline_seed_4_step_220.msgpack
Using XP rollout scale: XP_PAIR_BATCH_SIZE=32, EVAL_NUM_EPISODES=128, EVAL_NUM_STEPS=400
XP ego[00] partner[00] = 200.312
XP ego[00] partner[01] = 214.062
XP ego[00] partner[02] = 210.781
XP ego[00] partner[03] = 218.906
XP ego[00] partner[04] = 187.031
XP ego[01] partner[00] = 43.750
XP ego[01] partner[01] = 37.656
XP ego[01] partner[02] = 241.250
XP ego[01] partner[03] = 185.938
XP ego[01] partner[04] = 204.062
XP ego[02] partner[00] = 234.375
XP ego[02] partner[01] = 204.219
XP ego[02] partner[02] = 192.812
XP ego[02] partner[03] = 222.500
XP ego[02] partner[04] = 234.062
XP ego[03] partner[00] = 208.906
XP ego[03] partner[01] = 210.469
XP ego[03] partner[02] = 237.500
XP ego[03] partner[03] = 230.469
XP ego[03] partner[04] = 145.312
XP ego[04] partner[00] = 238.750
XP ego[04] partner[01] = 214.219
XP ego[04] partner[02] = 234.688
XP ego[04] partner[03] = 227.656
XP ego[04] partner[04] = 237.812
Evaluating partner group 1: method=mep_br, prefix=checkpoints/eval_pools/mep_br
LOADED: checkpoints/eval_pools/mep_br/cramped_room5x5/baseline_seed_0_step_220.msgpack
LOADED: checkpoints/eval_pools/mep_br/cramped_room5x5/baseline_seed_1_step_220.msgpack
LOADED: checkpoints/eval_pools/mep_br/cramped_room5x5/baseline_seed_2_step_220.msgpack
LOADED: checkpoints/eval_pools/mep_br/cramped_room5x5/baseline_seed_3_step_220.msgpack
LOADED: checkpoints/eval_pools/mep_br/cramped_room5x5/baseline_seed_4_step_220.msgpack
Using XP rollout scale: XP_PAIR_BATCH_SIZE=32, EVAL_NUM_EPISODES=128, EVAL_NUM_STEPS=400
XP ego[00] partner[00] = 190.938
XP ego[00] partner[01] = 230.625
XP ego[00] partner[02] = 194.375
XP ego[00] partner[03] = 244.375
XP ego[00] partner[04] = 218.125
XP ego[01] partner[00] = 173.750
XP ego[01] partner[01] = 224.688
XP ego[01] partner[02] = 218.438
XP ego[01] partner[03] = 235.938
XP ego[01] partner[04] = 198.594
XP ego[02] partner[00] = 228.125
XP ego[02] partner[01] = 197.344
XP ego[02] partner[02] = 202.969
XP ego[02] partner[03] = 239.219
XP ego[02] partner[04] = 111.406
XP ego[03] partner[00] = 212.031
XP ego[03] partner[01] = 151.094
XP ego[03] partner[02] = 193.438
XP ego[03] partner[03] = 214.062
XP ego[03] partner[04] = 193.906
XP ego[04] partner[00] = 197.969
XP ego[04] partner[01] = 221.406
XP ego[04] partner[02] = 172.812
XP ego[04] partner[03] = 230.000
XP ego[04] partner[04] = 211.562
Evaluating partner group 2: method=pbt, prefix=checkpoints/eval_pools/pbt
LOADED: checkpoints/eval_pools/pbt/cramped_room5x5/baseline_seed_0_step_62.msgpack
LOADED: checkpoints/eval_pools/pbt/cramped_room5x5/baseline_seed_1_step_62.msgpack
LOADED: checkpoints/eval_pools/pbt/cramped_room5x5/baseline_seed_2_step_62.msgpack
LOADED: checkpoints/eval_pools/pbt/cramped_room5x5/baseline_seed_3_step_62.msgpack
LOADED: checkpoints/eval_pools/pbt/cramped_room5x5/baseline_seed_4_step_62.msgpack
Using XP rollout scale: XP_PAIR_BATCH_SIZE=32, EVAL_NUM_EPISODES=128, EVAL_NUM_STEPS=400
XP ego[00] partner[00] = 121.562
XP ego[00] partner[01] = 202.500
XP ego[00] partner[02] = 130.469
XP ego[00] partner[03] = 146.250
XP ego[00] partner[04] = 130.000
XP ego[01] partner[00] = 36.875
XP ego[01] partner[01] = 40.000
XP ego[01] partner[02] = 31.094
XP ego[01] partner[03] = 32.188
XP ego[01] partner[04] = 35.781
XP ego[02] partner[00] = 201.406
XP ego[02] partner[01] = 200.469
XP ego[02] partner[02] = 189.688
XP ego[02] partner[03] = 209.219
XP ego[02] partner[04] = 218.906
XP ego[03] partner[00] = 221.562
XP ego[03] partner[01] = 175.938
XP ego[03] partner[02] = 223.906
XP ego[03] partner[03] = 211.094
XP ego[03] partner[04] = 200.781
XP ego[04] partner[00] = 184.844
XP ego[04] partner[01] = 195.469
XP ego[04] partner[02] = 178.750
XP ego[04] partner[03] = 178.750
XP ego[04] partner[04] = 178.906
Evaluating partner group 3: method=sp, prefix=checkpoints/eval_pools/sp
LOADED: checkpoints/eval_pools/sp/cramped_room5x5/baseline_seed_0_step_220.msgpack
LOADED: checkpoints/eval_pools/sp/cramped_room5x5/baseline_seed_1_step_220.msgpack
LOADED: checkpoints/eval_pools/sp/cramped_room5x5/baseline_seed_2_step_220.msgpack
LOADED: checkpoints/eval_pools/sp/cramped_room5x5/baseline_seed_3_step_220.msgpack
LOADED: checkpoints/eval_pools/sp/cramped_room5x5/baseline_seed_4_step_220.msgpack
Using XP rollout scale: XP_PAIR_BATCH_SIZE=32, EVAL_NUM_EPISODES=128, EVAL_NUM_STEPS=400
XP ego[00] partner[00] = 223.125
XP ego[00] partner[01] = 179.062
XP ego[00] partner[02] = 230.000
XP ego[00] partner[03] = 225.156
XP ego[00] partner[04] = 180.781
XP ego[01] partner[00] = 207.812
XP ego[01] partner[01] = 174.844
XP ego[01] partner[02] = 226.406
XP ego[01] partner[03] = 242.500
XP ego[01] partner[04] = 215.625
XP ego[02] partner[00] = 229.062
XP ego[02] partner[01] = 209.062
XP ego[02] partner[02] = 238.750
XP ego[02] partner[03] = 238.438
XP ego[02] partner[04] = 198.125
XP ego[03] partner[00] = 219.688
XP ego[03] partner[01] = 186.094
XP ego[03] partner[02] = 208.906
XP ego[03] partner[03] = 240.469
XP ego[03] partner[04] = 155.156
XP ego[04] partner[00] = 215.781
XP ego[04] partner[01] = 149.375
XP ego[04] partner[02] = 213.906
XP ego[04] partner[03] = 231.875
XP ego[04] partner[04] = 185.938
Average ego-vs-partner performance: 192.270 +- 5.124 SE over 100 ordered pairs
Average diagonal performance: 179.812 +- 36.557 SE over 5 pairs
Average off-diagonal performance (only for square pools): nan +- nan SE over 0 ordered pairs
Saved ad-hoc teamplay results to ad_hoc_teamplay_results/lmpred_ablate_no_self_pred_ad_hoc_teamplay/cramped_room5x5
Saved ad-hoc teamplay heatmap to ad_hoc_teamplay_results/lmpred_ablate_no_self_pred_ad_hoc_teamplay/cramped_room5x5/xp_matrix.png
Evaluating partner alignment group 0: method=e3t, prefix=checkpoints/eval_pools/e3t
LOADED: checkpoints/eval_pools/e3t/cramped_room5x5/baseline_seed_0_step_220.msgpack
LOADED: checkpoints/eval_pools/e3t/cramped_room5x5/baseline_seed_1_step_220.msgpack
LOADED: checkpoints/eval_pools/e3t/cramped_room5x5/baseline_seed_2_step_220.msgpack
LOADED: checkpoints/eval_pools/e3t/cramped_room5x5/baseline_seed_3_step_220.msgpack
LOADED: checkpoints/eval_pools/e3t/cramped_room5x5/baseline_seed_4_step_220.msgpack
Using alignment rollout scale: ALIGN_PAIR_BATCH_SIZE=2, ALIGN_EVAL_NUM_EPISODES=128, ALIGN_EVAL_NUM_STEPS=400
ALIGN ego[00] partner[00] R2=0.940580 NMSE=0.059420 shuffled_R2=-0.015758
ALIGN ego[00] partner[01] R2=0.909633 NMSE=0.090367 shuffled_R2=-0.048508
ALIGN ego[00] partner[02] R2=0.899668 NMSE=0.100332 shuffled_R2=-0.028603
ALIGN ego[00] partner[03] R2=0.919518 NMSE=0.080482 shuffled_R2=-0.021835
ALIGN ego[00] partner[04] R2=0.957025 NMSE=0.042975 shuffled_R2=-0.016709
ALIGN ego[01] partner[00] R2=0.907144 NMSE=0.092856 shuffled_R2=-0.036994
ALIGN ego[01] partner[01] R2=0.915931 NMSE=0.084069 shuffled_R2=-0.042725
ALIGN ego[01] partner[02] R2=0.930341 NMSE=0.069659 shuffled_R2=-0.023162
ALIGN ego[01] partner[03] R2=0.960644 NMSE=0.039356 shuffled_R2=-0.017940
ALIGN ego[01] partner[04] R2=0.800259 NMSE=0.199741 shuffled_R2=-0.113015
ALIGN ego[02] partner[00] R2=0.947182 NMSE=0.052818 shuffled_R2=-0.017583
ALIGN ego[02] partner[01] R2=0.897884 NMSE=0.102116 shuffled_R2=-0.045706
ALIGN ego[02] partner[02] R2=0.927322 NMSE=0.072678 shuffled_R2=-0.025324
ALIGN ego[02] partner[03] R2=0.941952 NMSE=0.058048 shuffled_R2=-0.017659
ALIGN ego[02] partner[04] R2=0.961451 NMSE=0.038549 shuffled_R2=-0.013980
ALIGN ego[03] partner[00] R2=0.941301 NMSE=0.058699 shuffled_R2=-0.021024
ALIGN ego[03] partner[01] R2=0.941049 NMSE=0.058951 shuffled_R2=-0.019762
ALIGN ego[03] partner[02] R2=0.953149 NMSE=0.046851 shuffled_R2=-0.015408
ALIGN ego[03] partner[03] R2=0.869471 NMSE=0.130529 shuffled_R2=-0.038677
ALIGN ego[03] partner[04] R2=0.936705 NMSE=0.063295 shuffled_R2=-0.019365
ALIGN ego[04] partner[00] R2=0.948375 NMSE=0.051625 shuffled_R2=-0.017540
ALIGN ego[04] partner[01] R2=0.946012 NMSE=0.053988 shuffled_R2=-0.020369
ALIGN ego[04] partner[02] R2=0.937788 NMSE=0.062212 shuffled_R2=-0.016564
ALIGN ego[04] partner[03] R2=0.950480 NMSE=0.049520 shuffled_R2=-0.016777
ALIGN ego[04] partner[04] R2=0.958737 NMSE=0.041263 shuffled_R2=-0.019039
Evaluating partner alignment group 1: method=mep_br, prefix=checkpoints/eval_pools/mep_br
LOADED: checkpoints/eval_pools/mep_br/cramped_room5x5/baseline_seed_0_step_220.msgpack
LOADED: checkpoints/eval_pools/mep_br/cramped_room5x5/baseline_seed_1_step_220.msgpack
LOADED: checkpoints/eval_pools/mep_br/cramped_room5x5/baseline_seed_2_step_220.msgpack
LOADED: checkpoints/eval_pools/mep_br/cramped_room5x5/baseline_seed_3_step_220.msgpack
LOADED: checkpoints/eval_pools/mep_br/cramped_room5x5/baseline_seed_4_step_220.msgpack
Using alignment rollout scale: ALIGN_PAIR_BATCH_SIZE=2, ALIGN_EVAL_NUM_EPISODES=128, ALIGN_EVAL_NUM_STEPS=400
ALIGN ego[00] partner[00] R2=0.876902 NMSE=0.123098 shuffled_R2=-0.046360
ALIGN ego[00] partner[01] R2=0.933711 NMSE=0.066289 shuffled_R2=-0.021406
ALIGN ego[00] partner[02] R2=0.930647 NMSE=0.069353 shuffled_R2=-0.018758
ALIGN ego[00] partner[03] R2=0.947717 NMSE=0.052283 shuffled_R2=-0.019207
ALIGN ego[00] partner[04] R2=0.936122 NMSE=0.063878 shuffled_R2=-0.019172
ALIGN ego[01] partner[00] R2=0.933051 NMSE=0.066949 shuffled_R2=-0.017426
ALIGN ego[01] partner[01] R2=0.949036 NMSE=0.050964 shuffled_R2=-0.017530
ALIGN ego[01] partner[02] R2=0.895874 NMSE=0.104126 shuffled_R2=-0.034716
ALIGN ego[01] partner[03] R2=0.960685 NMSE=0.039315 shuffled_R2=-0.016028
ALIGN ego[01] partner[04] R2=0.940066 NMSE=0.059934 shuffled_R2=-0.017998
ALIGN ego[02] partner[00] R2=0.931076 NMSE=0.068924 shuffled_R2=-0.018076
ALIGN ego[02] partner[01] R2=0.954325 NMSE=0.045675 shuffled_R2=-0.016775
ALIGN ego[02] partner[02] R2=0.938161 NMSE=0.061839 shuffled_R2=-0.014767
ALIGN ego[02] partner[03] R2=0.954417 NMSE=0.045583 shuffled_R2=-0.016425
ALIGN ego[02] partner[04] R2=0.952003 NMSE=0.047997 shuffled_R2=-0.021429
ALIGN ego[03] partner[00] R2=0.807543 NMSE=0.192457 shuffled_R2=-0.041464
ALIGN ego[03] partner[01] R2=0.914585 NMSE=0.085415 shuffled_R2=-0.022071
ALIGN ego[03] partner[02] R2=0.933988 NMSE=0.066012 shuffled_R2=-0.014722
ALIGN ego[03] partner[03] R2=0.955647 NMSE=0.044353 shuffled_R2=-0.016086
ALIGN ego[03] partner[04] R2=0.961673 NMSE=0.038327 shuffled_R2=-0.017820
ALIGN ego[04] partner[00] R2=0.882687 NMSE=0.117313 shuffled_R2=-0.027654
ALIGN ego[04] partner[01] R2=0.934745 NMSE=0.065255 shuffled_R2=-0.018141
ALIGN ego[04] partner[02] R2=0.927599 NMSE=0.072401 shuffled_R2=-0.015730
ALIGN ego[04] partner[03] R2=0.956851 NMSE=0.043149 shuffled_R2=-0.013643
ALIGN ego[04] partner[04] R2=0.948163 NMSE=0.051837 shuffled_R2=-0.018961
Evaluating partner alignment group 2: method=pbt, prefix=checkpoints/eval_pools/pbt
LOADED: checkpoints/eval_pools/pbt/cramped_room5x5/baseline_seed_0_step_62.msgpack
LOADED: checkpoints/eval_pools/pbt/cramped_room5x5/baseline_seed_1_step_62.msgpack
LOADED: checkpoints/eval_pools/pbt/cramped_room5x5/baseline_seed_2_step_62.msgpack
LOADED: checkpoints/eval_pools/pbt/cramped_room5x5/baseline_seed_3_step_62.msgpack
LOADED: checkpoints/eval_pools/pbt/cramped_room5x5/baseline_seed_4_step_62.msgpack
Using alignment rollout scale: ALIGN_PAIR_BATCH_SIZE=2, ALIGN_EVAL_NUM_EPISODES=128, ALIGN_EVAL_NUM_STEPS=400
ALIGN ego[00] partner[00] R2=0.354720 NMSE=0.645280 shuffled_R2=-0.171988
ALIGN ego[00] partner[01] R2=0.833464 NMSE=0.166536 shuffled_R2=-0.022337
ALIGN ego[00] partner[02] R2=0.835627 NMSE=0.164373 shuffled_R2=-0.022176
ALIGN ego[00] partner[03] R2=0.774176 NMSE=0.225824 shuffled_R2=-0.037853
ALIGN ego[00] partner[04] R2=0.870599 NMSE=0.129401 shuffled_R2=-0.017046
ALIGN ego[01] partner[00] R2=0.468495 NMSE=0.531505 shuffled_R2=-0.329055
ALIGN ego[01] partner[01] R2=0.891313 NMSE=0.108687 shuffled_R2=-0.016092
ALIGN ego[01] partner[02] R2=0.608693 NMSE=0.391307 shuffled_R2=-0.230055
ALIGN ego[01] partner[03] R2=0.839139 NMSE=0.160861 shuffled_R2=-0.020133
ALIGN ego[01] partner[04] R2=0.358870 NMSE=0.641130 shuffled_R2=-0.320655
ALIGN ego[02] partner[00] R2=0.891145 NMSE=0.108855 shuffled_R2=-0.014514
ALIGN ego[02] partner[01] R2=0.813266 NMSE=0.186734 shuffled_R2=-0.016223
ALIGN ego[02] partner[02] R2=0.851442 NMSE=0.148558 shuffled_R2=-0.016002
ALIGN ego[02] partner[03] R2=0.835586 NMSE=0.164414 shuffled_R2=-0.016417
ALIGN ego[02] partner[04] R2=0.867049 NMSE=0.132951 shuffled_R2=-0.015032
ALIGN ego[03] partner[00] R2=0.837712 NMSE=0.162288 shuffled_R2=-0.024446
ALIGN ego[03] partner[01] R2=0.881081 NMSE=0.118919 shuffled_R2=-0.013523
ALIGN ego[03] partner[02] R2=0.887438 NMSE=0.112562 shuffled_R2=-0.017436
ALIGN ego[03] partner[03] R2=0.839434 NMSE=0.160566 shuffled_R2=-0.026925
ALIGN ego[03] partner[04] R2=0.872801 NMSE=0.127199 shuffled_R2=-0.015900
ALIGN ego[04] partner[00] R2=0.846392 NMSE=0.153608 shuffled_R2=-0.016907
ALIGN ego[04] partner[01] R2=0.866241 NMSE=0.133759 shuffled_R2=-0.013904
ALIGN ego[04] partner[02] R2=0.861303 NMSE=0.138697 shuffled_R2=-0.017960
ALIGN ego[04] partner[03] R2=0.868997 NMSE=0.131003 shuffled_R2=-0.015862
ALIGN ego[04] partner[04] R2=0.872363 NMSE=0.127637 shuffled_R2=-0.013408
Evaluating partner alignment group 3: method=sp, prefix=checkpoints/eval_pools/sp
LOADED: checkpoints/eval_pools/sp/cramped_room5x5/baseline_seed_0_step_220.msgpack
LOADED: checkpoints/eval_pools/sp/cramped_room5x5/baseline_seed_1_step_220.msgpack
LOADED: checkpoints/eval_pools/sp/cramped_room5x5/baseline_seed_2_step_220.msgpack
LOADED: checkpoints/eval_pools/sp/cramped_room5x5/baseline_seed_3_step_220.msgpack
LOADED: checkpoints/eval_pools/sp/cramped_room5x5/baseline_seed_4_step_220.msgpack
Using alignment rollout scale: ALIGN_PAIR_BATCH_SIZE=2, ALIGN_EVAL_NUM_EPISODES=128, ALIGN_EVAL_NUM_STEPS=400
ALIGN ego[00] partner[00] R2=0.929733 NMSE=0.070267 shuffled_R2=-0.021260
ALIGN ego[00] partner[01] R2=0.941944 NMSE=0.058056 shuffled_R2=-0.017978
ALIGN ego[00] partner[02] R2=0.954511 NMSE=0.045489 shuffled_R2=-0.015287
ALIGN ego[00] partner[03] R2=0.956955 NMSE=0.043045 shuffled_R2=-0.014771
ALIGN ego[00] partner[04] R2=0.860729 NMSE=0.139271 shuffled_R2=-0.043691
ALIGN ego[01] partner[00] R2=0.962439 NMSE=0.037561 shuffled_R2=-0.019738
ALIGN ego[01] partner[01] R2=0.957704 NMSE=0.042296 shuffled_R2=-0.015110
ALIGN ego[01] partner[02] R2=0.959042 NMSE=0.040958 shuffled_R2=-0.019660
ALIGN ego[01] partner[03] R2=0.944592 NMSE=0.055408 shuffled_R2=-0.024515
ALIGN ego[01] partner[04] R2=0.960928 NMSE=0.039072 shuffled_R2=-0.014422
ALIGN ego[02] partner[00] R2=0.947117 NMSE=0.052883 shuffled_R2=-0.014306
ALIGN ego[02] partner[01] R2=0.961578 NMSE=0.038422 shuffled_R2=-0.015162
ALIGN ego[02] partner[02] R2=0.960563 NMSE=0.039437 shuffled_R2=-0.014312
ALIGN ego[02] partner[03] R2=0.962402 NMSE=0.037598 shuffled_R2=-0.013616
ALIGN ego[02] partner[04] R2=0.962167 NMSE=0.037833 shuffled_R2=-0.015122
ALIGN ego[03] partner[00] R2=0.901913 NMSE=0.098087 shuffled_R2=-0.036137
ALIGN ego[03] partner[01] R2=0.952354 NMSE=0.047646 shuffled_R2=-0.020086
ALIGN ego[03] partner[02] R2=0.946070 NMSE=0.053930 shuffled_R2=-0.018047
ALIGN ego[03] partner[03] R2=0.951842 NMSE=0.048158 shuffled_R2=-0.017005
ALIGN ego[03] partner[04] R2=0.944289 NMSE=0.055711 shuffled_R2=-0.019494
ALIGN ego[04] partner[00] R2=0.932885 NMSE=0.067115 shuffled_R2=-0.018527
ALIGN ego[04] partner[01] R2=0.946158 NMSE=0.053842 shuffled_R2=-0.022372
ALIGN ego[04] partner[02] R2=0.963427 NMSE=0.036573 shuffled_R2=-0.015813
ALIGN ego[04] partner[03] R2=0.941431 NMSE=0.058569 shuffled_R2=-0.018490
ALIGN ego[04] partner[04] R2=0.961087 NMSE=0.038913 shuffled_R2=-0.018292
Average ego-to-partner alignment R2: 0.898481 +- 0.010481 SE over 100 ego-partner pairs
Average alignment normalized MSE: 0.101519 +- 0.010481 SE
Average shuffled-control alignment R2: -0.031374 +- 0.005077 SE
Saved alignment results to ad_hoc_teamplay_results/lmpred_ablate_no_self_pred_ad_hoc_teamplay/cramped_room5x5
Evaluating ad-hoc teamplay for ego_method=lmpred_ablate_no_self_pred, layout=counter_circuit
ego_prefix=checkpoints/lmpred_ablate_no_self_pred, partner_pool_specs=e3t:checkpoints/eval_pools/e3t;mep_br:checkpoints/eval_pools/mep_br;pbt:checkpoints/eval_pools/pbt;sp:checkpoints/eval_pools/sp, result_name=lmpred_ablate_no_self_pred_ad_hoc_teamplay, ego_perspective_transform=false
Importing submoduled environments...
Submoduled environments not found. Skipping import.
2026-07-13 08:17:36.748523: W external/xla/xla/service/gpu/autotuning/dot_search_space.cc:200] All configs were filtered out because none of them sufficiently match the hints. Maybe the hints set does not contain a good representative set of valid configs?Working around this by using the full hints set instead.
2026-07-13 08:17:37.854678: W external/xla/xla/service/gpu/autotuning/dot_search_space.cc:200] All configs were filtered out because none of them sufficiently match the hints. Maybe the hints set does not contain a good representative set of valid configs?Working around this by using the full hints set instead.
LOADED: checkpoints/lmpred_ablate_no_self_pred/counter_circuit/baseline_seed_0_step_380.msgpack
LOADED: checkpoints/lmpred_ablate_no_self_pred/counter_circuit/baseline_seed_1_step_380.msgpack
LOADED: checkpoints/lmpred_ablate_no_self_pred/counter_circuit/baseline_seed_2_step_380.msgpack
LOADED: checkpoints/lmpred_ablate_no_self_pred/counter_circuit/baseline_seed_3_step_380.msgpack
LOADED: checkpoints/lmpred_ablate_no_self_pred/counter_circuit/baseline_seed_4_step_380.msgpack
Evaluating partner group 0: method=e3t, prefix=checkpoints/eval_pools/e3t
LOADED: checkpoints/eval_pools/e3t/counter_circuit/baseline_seed_0_step_220.msgpack
LOADED: checkpoints/eval_pools/e3t/counter_circuit/baseline_seed_1_step_220.msgpack
LOADED: checkpoints/eval_pools/e3t/counter_circuit/baseline_seed_2_step_220.msgpack
LOADED: checkpoints/eval_pools/e3t/counter_circuit/baseline_seed_3_step_220.msgpack
LOADED: checkpoints/eval_pools/e3t/counter_circuit/baseline_seed_4_step_220.msgpack
Using XP rollout scale: XP_PAIR_BATCH_SIZE=32, EVAL_NUM_EPISODES=128, EVAL_NUM_STEPS=400
XP ego[00] partner[00] = 113.750
XP ego[00] partner[01] = 88.125
XP ego[00] partner[02] = 117.812
XP ego[00] partner[03] = 22.031
XP ego[00] partner[04] = 101.250
XP ego[01] partner[00] = 174.219
XP ego[01] partner[01] = 171.875
XP ego[01] partner[02] = 137.969
XP ego[01] partner[03] = 19.844
XP ego[01] partner[04] = 119.062
XP ego[02] partner[00] = 98.281
XP ego[02] partner[01] = 27.344
XP ego[02] partner[02] = 136.094
XP ego[02] partner[03] = 113.125
XP ego[02] partner[04] = 147.812
XP ego[03] partner[00] = 168.750
XP ego[03] partner[01] = 127.812
XP ego[03] partner[02] = 115.000
XP ego[03] partner[03] = 14.688
XP ego[03] partner[04] = 116.094
XP ego[04] partner[00] = 43.125
XP ego[04] partner[01] = 136.094
XP ego[04] partner[02] = 91.719
XP ego[04] partner[03] = 6.406
XP ego[04] partner[04] = 73.438
Evaluating partner group 1: method=mep_br, prefix=checkpoints/eval_pools/mep_br
LOADED: checkpoints/eval_pools/mep_br/counter_circuit/baseline_seed_0_step_380.msgpack
LOADED: checkpoints/eval_pools/mep_br/counter_circuit/baseline_seed_1_step_380.msgpack
LOADED: checkpoints/eval_pools/mep_br/counter_circuit/baseline_seed_2_step_380.msgpack
LOADED: checkpoints/eval_pools/mep_br/counter_circuit/baseline_seed_3_step_380.msgpack
LOADED: checkpoints/eval_pools/mep_br/counter_circuit/baseline_seed_4_step_380.msgpack
Using XP rollout scale: XP_PAIR_BATCH_SIZE=32, EVAL_NUM_EPISODES=128, EVAL_NUM_STEPS=400
XP ego[00] partner[00] = 193.906
XP ego[00] partner[01] = 186.406
XP ego[00] partner[02] = 170.312
XP ego[00] partner[03] = 179.844
XP ego[00] partner[04] = 104.688
XP ego[01] partner[00] = 216.562
XP ego[01] partner[01] = 210.938
XP ego[01] partner[02] = 232.344
XP ego[01] partner[03] = 205.469
XP ego[01] partner[04] = 205.469
XP ego[02] partner[00] = 214.688
XP ego[02] partner[01] = 202.500
XP ego[02] partner[02] = 183.750
XP ego[02] partner[03] = 139.375
XP ego[02] partner[04] = 145.312
XP ego[03] partner[00] = 184.062
XP ego[03] partner[01] = 179.062
XP ego[03] partner[02] = 186.875
XP ego[03] partner[03] = 184.062
XP ego[03] partner[04] = 184.062
XP ego[04] partner[00] = 176.250
XP ego[04] partner[01] = 174.531
XP ego[04] partner[02] = 182.812
XP ego[04] partner[03] = 170.000
XP ego[04] partner[04] = 128.594
Evaluating partner group 2: method=pbt, prefix=checkpoints/eval_pools/pbt
LOADED: checkpoints/eval_pools/pbt/counter_circuit/baseline_seed_0_step_62.msgpack
LOADED: checkpoints/eval_pools/pbt/counter_circuit/baseline_seed_1_step_62.msgpack
LOADED: checkpoints/eval_pools/pbt/counter_circuit/baseline_seed_2_step_62.msgpack
LOADED: checkpoints/eval_pools/pbt/counter_circuit/baseline_seed_3_step_62.msgpack
LOADED: checkpoints/eval_pools/pbt/counter_circuit/baseline_seed_4_step_62.msgpack
Using XP rollout scale: XP_PAIR_BATCH_SIZE=32, EVAL_NUM_EPISODES=128, EVAL_NUM_STEPS=400
XP ego[00] partner[00] = 138.125
XP ego[00] partner[01] = 137.344
XP ego[00] partner[02] = 135.000
XP ego[00] partner[03] = 124.688
XP ego[00] partner[04] = 132.656
XP ego[01] partner[00] = 137.812
XP ego[01] partner[01] = 165.781
XP ego[01] partner[02] = 153.281
XP ego[01] partner[03] = 147.031
XP ego[01] partner[04] = 157.188
XP ego[02] partner[00] = 10.625
XP ego[02] partner[01] = 32.031
XP ego[02] partner[02] = 38.594
XP ego[02] partner[03] = 20.625
XP ego[02] partner[04] = 35.625
XP ego[03] partner[00] = 206.406
XP ego[03] partner[01] = 205.625
XP ego[03] partner[02] = 195.938
XP ego[03] partner[03] = 198.438
XP ego[03] partner[04] = 209.531
XP ego[04] partner[00] = 175.312
XP ego[04] partner[01] = 175.625
XP ego[04] partner[02] = 172.500
XP ego[04] partner[03] = 173.750
XP ego[04] partner[04] = 178.438
Evaluating partner group 3: method=sp, prefix=checkpoints/eval_pools/sp
LOADED: checkpoints/eval_pools/sp/counter_circuit/baseline_seed_0_step_380.msgpack
LOADED: checkpoints/eval_pools/sp/counter_circuit/baseline_seed_1_step_380.msgpack
LOADED: checkpoints/eval_pools/sp/counter_circuit/baseline_seed_2_step_380.msgpack
LOADED: checkpoints/eval_pools/sp/counter_circuit/baseline_seed_3_step_380.msgpack
LOADED: checkpoints/eval_pools/sp/counter_circuit/baseline_seed_4_step_380.msgpack
Using XP rollout scale: XP_PAIR_BATCH_SIZE=32, EVAL_NUM_EPISODES=128, EVAL_NUM_STEPS=400
XP ego[00] partner[00] = 126.562
XP ego[00] partner[01] = 94.531
XP ego[00] partner[02] = 135.312
XP ego[00] partner[03] = 98.594
XP ego[00] partner[04] = 137.031
XP ego[01] partner[00] = 164.844
XP ego[01] partner[01] = 160.625
XP ego[01] partner[02] = 188.906
XP ego[01] partner[03] = 225.938
XP ego[01] partner[04] = 194.375
XP ego[02] partner[00] = 39.375
XP ego[02] partner[01] = 31.875
XP ego[02] partner[02] = 30.000
XP ego[02] partner[03] = 188.750
XP ego[02] partner[04] = 38.750
XP ego[03] partner[00] = 176.562
XP ego[03] partner[01] = 108.438
XP ego[03] partner[02] = 191.250
XP ego[03] partner[03] = 188.125
XP ego[03] partner[04] = 191.406
XP ego[04] partner[00] = 175.156
XP ego[04] partner[01] = 101.719
XP ego[04] partner[02] = 181.406
XP ego[04] partner[03] = 172.031
XP ego[04] partner[04] = 175.938
Average ego-vs-partner performance: 139.991 +- 5.854 SE over 100 ordered pairs
Average diagonal performance: 101.969 +- 27.039 SE over 5 pairs
Average off-diagonal performance (only for square pools): nan +- nan SE over 0 ordered pairs
Saved ad-hoc teamplay results to ad_hoc_teamplay_results/lmpred_ablate_no_self_pred_ad_hoc_teamplay/counter_circuit
Saved ad-hoc teamplay heatmap to ad_hoc_teamplay_results/lmpred_ablate_no_self_pred_ad_hoc_teamplay/counter_circuit/xp_matrix.png
Evaluating partner alignment group 0: method=e3t, prefix=checkpoints/eval_pools/e3t
LOADED: checkpoints/eval_pools/e3t/counter_circuit/baseline_seed_0_step_220.msgpack
LOADED: checkpoints/eval_pools/e3t/counter_circuit/baseline_seed_1_step_220.msgpack
LOADED: checkpoints/eval_pools/e3t/counter_circuit/baseline_seed_2_step_220.msgpack
LOADED: checkpoints/eval_pools/e3t/counter_circuit/baseline_seed_3_step_220.msgpack
LOADED: checkpoints/eval_pools/e3t/counter_circuit/baseline_seed_4_step_220.msgpack
Using alignment rollout scale: ALIGN_PAIR_BATCH_SIZE=2, ALIGN_EVAL_NUM_EPISODES=128, ALIGN_EVAL_NUM_STEPS=400
ALIGN ego[00] partner[00] R2=0.684056 NMSE=0.315944 shuffled_R2=-0.015218
ALIGN ego[00] partner[01] R2=0.806001 NMSE=0.193999 shuffled_R2=-0.016908
ALIGN ego[00] partner[02] R2=0.677460 NMSE=0.322540 shuffled_R2=-0.023606
ALIGN ego[00] partner[03] R2=0.790598 NMSE=0.209402 shuffled_R2=-0.021146
ALIGN ego[00] partner[04] R2=0.745447 NMSE=0.254553 shuffled_R2=-0.024641
ALIGN ego[01] partner[00] R2=0.712537 NMSE=0.287463 shuffled_R2=-0.020988
ALIGN ego[01] partner[01] R2=0.695567 NMSE=0.304433 shuffled_R2=-0.016835
ALIGN ego[01] partner[02] R2=0.695739 NMSE=0.304261 shuffled_R2=-0.019715
ALIGN ego[01] partner[03] R2=0.855894 NMSE=0.144106 shuffled_R2=-0.018847
ALIGN ego[01] partner[04] R2=0.680968 NMSE=0.319032 shuffled_R2=-0.027586
ALIGN ego[02] partner[00] R2=0.816124 NMSE=0.183876 shuffled_R2=-0.017292
ALIGN ego[02] partner[01] R2=0.862092 NMSE=0.137908 shuffled_R2=-0.019925
ALIGN ego[02] partner[02] R2=0.772494 NMSE=0.227506 shuffled_R2=-0.015775
ALIGN ego[02] partner[03] R2=0.855917 NMSE=0.144083 shuffled_R2=-0.017894
ALIGN ego[02] partner[04] R2=0.834568 NMSE=0.165432 shuffled_R2=-0.016628
ALIGN ego[03] partner[00] R2=0.711235 NMSE=0.288765 shuffled_R2=-0.019515
ALIGN ego[03] partner[01] R2=0.753218 NMSE=0.246782 shuffled_R2=-0.018825
ALIGN ego[03] partner[02] R2=0.710690 NMSE=0.289310 shuffled_R2=-0.021381
ALIGN ego[03] partner[03] R2=0.715836 NMSE=0.284164 shuffled_R2=-0.039335
ALIGN ego[03] partner[04] R2=0.794356 NMSE=0.205644 shuffled_R2=-0.016014
ALIGN ego[04] partner[00] R2=0.778036 NMSE=0.221964 shuffled_R2=-0.037080
ALIGN ego[04] partner[01] R2=0.698067 NMSE=0.301933 shuffled_R2=-0.025326
ALIGN ego[04] partner[02] R2=0.702713 NMSE=0.297287 shuffled_R2=-0.026330
ALIGN ego[04] partner[03] R2=0.908227 NMSE=0.091773 shuffled_R2=-0.019045
ALIGN ego[04] partner[04] R2=0.709523 NMSE=0.290477 shuffled_R2=-0.044713
Evaluating partner alignment group 1: method=mep_br, prefix=checkpoints/eval_pools/mep_br
LOADED: checkpoints/eval_pools/mep_br/counter_circuit/baseline_seed_0_step_380.msgpack
LOADED: checkpoints/eval_pools/mep_br/counter_circuit/baseline_seed_1_step_380.msgpack
LOADED: checkpoints/eval_pools/mep_br/counter_circuit/baseline_seed_2_step_380.msgpack
LOADED: checkpoints/eval_pools/mep_br/counter_circuit/baseline_seed_3_step_380.msgpack
LOADED: checkpoints/eval_pools/mep_br/counter_circuit/baseline_seed_4_step_380.msgpack
Using alignment rollout scale: ALIGN_PAIR_BATCH_SIZE=2, ALIGN_EVAL_NUM_EPISODES=128, ALIGN_EVAL_NUM_STEPS=400
ALIGN ego[00] partner[00] R2=0.868511 NMSE=0.131489 shuffled_R2=-0.014736
ALIGN ego[00] partner[01] R2=0.803285 NMSE=0.196715 shuffled_R2=-0.019505
ALIGN ego[00] partner[02] R2=0.836954 NMSE=0.163046 shuffled_R2=-0.017448
ALIGN ego[00] partner[03] R2=0.881132 NMSE=0.118868 shuffled_R2=-0.017517
ALIGN ego[00] partner[04] R2=0.816891 NMSE=0.183109 shuffled_R2=-0.017100
ALIGN ego[01] partner[00] R2=0.818978 NMSE=0.181022 shuffled_R2=-0.017172
ALIGN ego[01] partner[01] R2=0.836040 NMSE=0.163960 shuffled_R2=-0.015239
ALIGN ego[01] partner[02] R2=0.845104 NMSE=0.154896 shuffled_R2=-0.015090
ALIGN ego[01] partner[03] R2=0.831255 NMSE=0.168745 shuffled_R2=-0.014700
ALIGN ego[01] partner[04] R2=0.785363 NMSE=0.214637 shuffled_R2=-0.018049
ALIGN ego[02] partner[00] R2=0.839533 NMSE=0.160467 shuffled_R2=-0.020867
ALIGN ego[02] partner[01] R2=0.865366 NMSE=0.134634 shuffled_R2=-0.017140
ALIGN ego[02] partner[02] R2=0.883061 NMSE=0.116939 shuffled_R2=-0.015693
ALIGN ego[02] partner[03] R2=0.876025 NMSE=0.123975 shuffled_R2=-0.017810
ALIGN ego[02] partner[04] R2=0.697899 NMSE=0.302101 shuffled_R2=-0.050621
ALIGN ego[03] partner[00] R2=0.711696 NMSE=0.288304 shuffled_R2=-0.022676
ALIGN ego[03] partner[01] R2=0.750800 NMSE=0.249200 shuffled_R2=-0.016521
ALIGN ego[03] partner[02] R2=0.807172 NMSE=0.192828 shuffled_R2=-0.016130
ALIGN ego[03] partner[03] R2=0.808990 NMSE=0.191010 shuffled_R2=-0.016532
ALIGN ego[03] partner[04] R2=0.764299 NMSE=0.235701 shuffled_R2=-0.017868
ALIGN ego[04] partner[00] R2=0.818317 NMSE=0.181683 shuffled_R2=-0.016342
ALIGN ego[04] partner[01] R2=0.858226 NMSE=0.141774 shuffled_R2=-0.015168
ALIGN ego[04] partner[02] R2=0.841540 NMSE=0.158460 shuffled_R2=-0.015322
ALIGN ego[04] partner[03] R2=0.804002 NMSE=0.195998 shuffled_R2=-0.015821
ALIGN ego[04] partner[04] R2=0.844968 NMSE=0.155032 shuffled_R2=-0.015706
Evaluating partner alignment group 2: method=pbt, prefix=checkpoints/eval_pools/pbt
LOADED: checkpoints/eval_pools/pbt/counter_circuit/baseline_seed_0_step_62.msgpack
LOADED: checkpoints/eval_pools/pbt/counter_circuit/baseline_seed_1_step_62.msgpack
LOADED: checkpoints/eval_pools/pbt/counter_circuit/baseline_seed_2_step_62.msgpack
LOADED: checkpoints/eval_pools/pbt/counter_circuit/baseline_seed_3_step_62.msgpack
LOADED: checkpoints/eval_pools/pbt/counter_circuit/baseline_seed_4_step_62.msgpack
Using alignment rollout scale: ALIGN_PAIR_BATCH_SIZE=2, ALIGN_EVAL_NUM_EPISODES=128, ALIGN_EVAL_NUM_STEPS=400
ALIGN ego[00] partner[00] R2=0.768333 NMSE=0.231667 shuffled_R2=-0.015561
ALIGN ego[00] partner[01] R2=0.716934 NMSE=0.283066 shuffled_R2=-0.017326
ALIGN ego[00] partner[02] R2=0.690067 NMSE=0.309933 shuffled_R2=-0.018306
ALIGN ego[00] partner[03] R2=0.585139 NMSE=0.414861 shuffled_R2=-0.026533
ALIGN ego[00] partner[04] R2=0.726021 NMSE=0.273979 shuffled_R2=-0.024689
ALIGN ego[01] partner[00] R2=0.773379 NMSE=0.226621 shuffled_R2=-0.016665
ALIGN ego[01] partner[01] R2=0.734623 NMSE=0.265377 shuffled_R2=-0.015524
ALIGN ego[01] partner[02] R2=0.714039 NMSE=0.285961 shuffled_R2=-0.020297
ALIGN ego[01] partner[03] R2=0.758352 NMSE=0.241648 shuffled_R2=-0.014622
ALIGN ego[01] partner[04] R2=0.768904 NMSE=0.231096 shuffled_R2=-0.016015
ALIGN ego[02] partner[00] R2=0.846661 NMSE=0.153339 shuffled_R2=-0.013626
ALIGN ego[02] partner[01] R2=0.817116 NMSE=0.182884 shuffled_R2=-0.014255
ALIGN ego[02] partner[02] R2=0.831598 NMSE=0.168402 shuffled_R2=-0.017987
ALIGN ego[02] partner[03] R2=0.816261 NMSE=0.183739 shuffled_R2=-0.021772
ALIGN ego[02] partner[04] R2=0.837307 NMSE=0.162693 shuffled_R2=-0.016442
ALIGN ego[03] partner[00] R2=0.769694 NMSE=0.230306 shuffled_R2=-0.013427
ALIGN ego[03] partner[01] R2=0.762053 NMSE=0.237947 shuffled_R2=-0.014573
ALIGN ego[03] partner[02] R2=0.752151 NMSE=0.247849 shuffled_R2=-0.016157
ALIGN ego[03] partner[03] R2=0.703239 NMSE=0.296761 shuffled_R2=-0.027166
ALIGN ego[03] partner[04] R2=0.766623 NMSE=0.233377 shuffled_R2=-0.014177
ALIGN ego[04] partner[00] R2=0.720837 NMSE=0.279163 shuffled_R2=-0.017924
ALIGN ego[04] partner[01] R2=0.720760 NMSE=0.279240 shuffled_R2=-0.015673
ALIGN ego[04] partner[02] R2=0.774292 NMSE=0.225708 shuffled_R2=-0.014732
ALIGN ego[04] partner[03] R2=0.745340 NMSE=0.254660 shuffled_R2=-0.015451
ALIGN ego[04] partner[04] R2=0.736427 NMSE=0.263573 shuffled_R2=-0.015340
Evaluating partner alignment group 3: method=sp, prefix=checkpoints/eval_pools/sp
LOADED: checkpoints/eval_pools/sp/counter_circuit/baseline_seed_0_step_380.msgpack
LOADED: checkpoints/eval_pools/sp/counter_circuit/baseline_seed_1_step_380.msgpack
LOADED: checkpoints/eval_pools/sp/counter_circuit/baseline_seed_2_step_380.msgpack
LOADED: checkpoints/eval_pools/sp/counter_circuit/baseline_seed_3_step_380.msgpack
LOADED: checkpoints/eval_pools/sp/counter_circuit/baseline_seed_4_step_380.msgpack
Using alignment rollout scale: ALIGN_PAIR_BATCH_SIZE=2, ALIGN_EVAL_NUM_EPISODES=128, ALIGN_EVAL_NUM_STEPS=400
ALIGN ego[00] partner[00] R2=0.822713 NMSE=0.177287 shuffled_R2=-0.020696
ALIGN ego[00] partner[01] R2=0.785730 NMSE=0.214270 shuffled_R2=-0.023174
ALIGN ego[00] partner[02] R2=0.836029 NMSE=0.163971 shuffled_R2=-0.015829
ALIGN ego[00] partner[03] R2=0.827623 NMSE=0.172377 shuffled_R2=-0.021466
ALIGN ego[00] partner[04] R2=0.846168 NMSE=0.153832 shuffled_R2=-0.015643
ALIGN ego[01] partner[00] R2=0.839536 NMSE=0.160464 shuffled_R2=-0.016242
ALIGN ego[01] partner[01] R2=0.858945 NMSE=0.141055 shuffled_R2=-0.022686
ALIGN ego[01] partner[02] R2=0.726781 NMSE=0.273219 shuffled_R2=-0.021332
ALIGN ego[01] partner[03] R2=0.802625 NMSE=0.197375 shuffled_R2=-0.018290
ALIGN ego[01] partner[04] R2=0.843185 NMSE=0.156815 shuffled_R2=-0.013573
ALIGN ego[02] partner[00] R2=0.862932 NMSE=0.137068 shuffled_R2=-0.025363
ALIGN ego[02] partner[01] R2=0.938523 NMSE=0.061477 shuffled_R2=-0.015551
ALIGN ego[02] partner[02] R2=0.711558 NMSE=0.288442 shuffled_R2=-0.068320
ALIGN ego[02] partner[03] R2=0.832023 NMSE=0.167977 shuffled_R2=-0.018155
ALIGN ego[02] partner[04] R2=0.890896 NMSE=0.109104 shuffled_R2=-0.015239
ALIGN ego[03] partner[00] R2=0.833824 NMSE=0.166176 shuffled_R2=-0.016321
ALIGN ego[03] partner[01] R2=0.879122 NMSE=0.120878 shuffled_R2=-0.021953
ALIGN ego[03] partner[02] R2=0.808130 NMSE=0.191870 shuffled_R2=-0.019762
ALIGN ego[03] partner[03] R2=0.745031 NMSE=0.254969 shuffled_R2=-0.020790
ALIGN ego[03] partner[04] R2=0.805706 NMSE=0.194294 shuffled_R2=-0.015874
ALIGN ego[04] partner[00] R2=0.875841 NMSE=0.124159 shuffled_R2=-0.016001
ALIGN ego[04] partner[01] R2=0.905291 NMSE=0.094709 shuffled_R2=-0.016460
ALIGN ego[04] partner[02] R2=0.800401 NMSE=0.199599 shuffled_R2=-0.020235
ALIGN ego[04] partner[03] R2=0.834784 NMSE=0.165216 shuffled_R2=-0.015006
ALIGN ego[04] partner[04] R2=0.857445 NMSE=0.142555 shuffled_R2=-0.015218
Average ego-to-partner alignment R2: 0.790698 +- 0.006564 SE over 100 ego-partner pairs
Average alignment normalized MSE: 0.209302 +- 0.006564 SE
Average shuffled-control alignment R2: -0.019608 +- 0.000775 SE
Saved alignment results to ad_hoc_teamplay_results/lmpred_ablate_no_self_pred_ad_hoc_teamplay/counter_circuit
Evaluating ad-hoc teamplay for ego_method=lmpred_ablate_no_self_pred, layout=coord_ring
ego_prefix=checkpoints/lmpred_ablate_no_self_pred, partner_pool_specs=e3t:checkpoints/eval_pools/e3t;mep_br:checkpoints/eval_pools/mep_br;pbt:checkpoints/eval_pools/pbt;sp:checkpoints/eval_pools/sp, result_name=lmpred_ablate_no_self_pred_ad_hoc_teamplay, ego_perspective_transform=false
Importing submoduled environments...
Submoduled environments not found. Skipping import.
2026-07-13 08:21:06.958282: W external/xla/xla/service/gpu/autotuning/dot_search_space.cc:200] All configs were filtered out because none of them sufficiently match the hints. Maybe the hints set does not contain a good representative set of valid configs?Working around this by using the full hints set instead.
2026-07-13 08:21:08.048614: W external/xla/xla/service/gpu/autotuning/dot_search_space.cc:200] All configs were filtered out because none of them sufficiently match the hints. Maybe the hints set does not contain a good representative set of valid configs?Working around this by using the full hints set instead.
LOADED: checkpoints/lmpred_ablate_no_self_pred/coord_ring/baseline_seed_0_step_220.msgpack
LOADED: checkpoints/lmpred_ablate_no_self_pred/coord_ring/baseline_seed_1_step_220.msgpack
LOADED: checkpoints/lmpred_ablate_no_self_pred/coord_ring/baseline_seed_2_step_220.msgpack
LOADED: checkpoints/lmpred_ablate_no_self_pred/coord_ring/baseline_seed_3_step_220.msgpack
LOADED: checkpoints/lmpred_ablate_no_self_pred/coord_ring/baseline_seed_4_step_220.msgpack
Evaluating partner group 0: method=e3t, prefix=checkpoints/eval_pools/e3t
LOADED: checkpoints/eval_pools/e3t/coord_ring/baseline_seed_0_step_220.msgpack
LOADED: checkpoints/eval_pools/e3t/coord_ring/baseline_seed_1_step_220.msgpack
LOADED: checkpoints/eval_pools/e3t/coord_ring/baseline_seed_2_step_220.msgpack
LOADED: checkpoints/eval_pools/e3t/coord_ring/baseline_seed_3_step_220.msgpack
LOADED: checkpoints/eval_pools/e3t/coord_ring/baseline_seed_4_step_220.msgpack
Using XP rollout scale: XP_PAIR_BATCH_SIZE=32, EVAL_NUM_EPISODES=128, EVAL_NUM_STEPS=400
XP ego[00] partner[00] = 278.438
XP ego[00] partner[01] = 260.938
XP ego[00] partner[02] = 36.094
XP ego[00] partner[03] = 277.656
XP ego[00] partner[04] = 230.312
XP ego[01] partner[00] = 288.906
XP ego[01] partner[01] = 286.406
XP ego[01] partner[02] = 31.094
XP ego[01] partner[03] = 278.750
XP ego[01] partner[04] = 251.250
XP ego[02] partner[00] = 224.531
XP ego[02] partner[01] = 126.406
XP ego[02] partner[02] = 29.688
XP ego[02] partner[03] = 94.375
XP ego[02] partner[04] = 90.000
XP ego[03] partner[00] = 276.562
XP ego[03] partner[01] = 308.750
XP ego[03] partner[02] = 23.125
XP ego[03] partner[03] = 261.406
XP ego[03] partner[04] = 221.250
XP ego[04] partner[00] = 272.656
XP ego[04] partner[01] = 285.156
XP ego[04] partner[02] = 12.969
XP ego[04] partner[03] = 232.656
XP ego[04] partner[04] = 259.688
Evaluating partner group 1: method=mep_br, prefix=checkpoints/eval_pools/mep_br
LOADED: checkpoints/eval_pools/mep_br/coord_ring/baseline_seed_0_step_220.msgpack
LOADED: checkpoints/eval_pools/mep_br/coord_ring/baseline_seed_1_step_220.msgpack
LOADED: checkpoints/eval_pools/mep_br/coord_ring/baseline_seed_2_step_220.msgpack
LOADED: checkpoints/eval_pools/mep_br/coord_ring/baseline_seed_3_step_220.msgpack
LOADED: checkpoints/eval_pools/mep_br/coord_ring/baseline_seed_4_step_220.msgpack
Using XP rollout scale: XP_PAIR_BATCH_SIZE=32, EVAL_NUM_EPISODES=128, EVAL_NUM_STEPS=400
XP ego[00] partner[00] = 255.156
XP ego[00] partner[01] = 283.438
XP ego[00] partner[02] = 277.969
XP ego[00] partner[03] = 186.875
XP ego[00] partner[04] = 205.000
XP ego[01] partner[00] = 256.875
XP ego[01] partner[01] = 311.406
XP ego[01] partner[02] = 290.000
XP ego[01] partner[03] = 144.844
XP ego[01] partner[04] = 275.312
XP ego[02] partner[00] = 210.156
XP ego[02] partner[01] = 206.875
XP ego[02] partner[02] = 185.938
XP ego[02] partner[03] = 167.812
XP ego[02] partner[04] = 230.000
XP ego[03] partner[00] = 263.438
XP ego[03] partner[01] = 311.875
XP ego[03] partner[02] = 285.625
XP ego[03] partner[03] = 172.656
XP ego[03] partner[04] = 274.844
XP ego[04] partner[00] = 248.594
XP ego[04] partner[01] = 275.156
XP ego[04] partner[02] = 295.938
XP ego[04] partner[03] = 190.156
XP ego[04] partner[04] = 277.031
Evaluating partner group 2: method=pbt, prefix=checkpoints/eval_pools/pbt
LOADED: checkpoints/eval_pools/pbt/coord_ring/baseline_seed_0_step_62.msgpack
LOADED: checkpoints/eval_pools/pbt/coord_ring/baseline_seed_1_step_62.msgpack
LOADED: checkpoints/eval_pools/pbt/coord_ring/baseline_seed_2_step_62.msgpack
LOADED: checkpoints/eval_pools/pbt/coord_ring/baseline_seed_3_step_62.msgpack
LOADED: checkpoints/eval_pools/pbt/coord_ring/baseline_seed_4_step_62.msgpack
Using XP rollout scale: XP_PAIR_BATCH_SIZE=32, EVAL_NUM_EPISODES=128, EVAL_NUM_STEPS=400
XP ego[00] partner[00] = 288.750
XP ego[00] partner[01] = 257.344
XP ego[00] partner[02] = 260.625
XP ego[00] partner[03] = 266.562
XP ego[00] partner[04] = 293.125
XP ego[01] partner[00] = 291.562
XP ego[01] partner[01] = 282.344
XP ego[01] partner[02] = 268.125
XP ego[01] partner[03] = 283.750
XP ego[01] partner[04] = 268.281
XP ego[02] partner[00] = 134.688
XP ego[02] partner[01] = 225.312
XP ego[02] partner[02] = 162.500
XP ego[02] partner[03] = 155.781
XP ego[02] partner[04] = 72.031
XP ego[03] partner[00] = 298.594
XP ego[03] partner[01] = 276.094
XP ego[03] partner[02] = 245.938
XP ego[03] partner[03] = 285.781
XP ego[03] partner[04] = 291.875
XP ego[04] partner[00] = 262.031
XP ego[04] partner[01] = 258.125
XP ego[04] partner[02] = 248.594
XP ego[04] partner[03] = 247.188
XP ego[04] partner[04] = 234.844
Evaluating partner group 3: method=sp, prefix=checkpoints/eval_pools/sp
LOADED: checkpoints/eval_pools/sp/coord_ring/baseline_seed_0_step_220.msgpack
LOADED: checkpoints/eval_pools/sp/coord_ring/baseline_seed_1_step_220.msgpack
LOADED: checkpoints/eval_pools/sp/coord_ring/baseline_seed_2_step_220.msgpack
LOADED: checkpoints/eval_pools/sp/coord_ring/baseline_seed_3_step_220.msgpack
LOADED: checkpoints/eval_pools/sp/coord_ring/baseline_seed_4_step_220.msgpack
Using XP rollout scale: XP_PAIR_BATCH_SIZE=32, EVAL_NUM_EPISODES=128, EVAL_NUM_STEPS=400
XP ego[00] partner[00] = 243.750
XP ego[00] partner[01] = 266.094
XP ego[00] partner[02] = 231.562
XP ego[00] partner[03] = 252.812
XP ego[00] partner[04] = 282.969
XP ego[01] partner[00] = 285.781
XP ego[01] partner[01] = 277.969
XP ego[01] partner[02] = 261.406
XP ego[01] partner[03] = 253.281
XP ego[01] partner[04] = 288.906
XP ego[02] partner[00] = 88.906
XP ego[02] partner[01] = 182.500
XP ego[02] partner[02] = 236.562
XP ego[02] partner[03] = 88.750
XP ego[02] partner[04] = 117.656
XP ego[03] partner[00] = 275.156
XP ego[03] partner[01] = 284.844
XP ego[03] partner[02] = 243.281
XP ego[03] partner[03] = 300.000
XP ego[03] partner[04] = 293.906
XP ego[04] partner[00] = 240.469
XP ego[04] partner[01] = 258.906
XP ego[04] partner[02] = 276.406
XP ego[04] partner[03] = 250.469
XP ego[04] partner[04] = 247.500
Average ego-vs-partner performance: 232.117 +- 7.242 SE over 100 ordered pairs
Average diagonal performance: 223.125 +- 48.623 SE over 5 pairs
Average off-diagonal performance (only for square pools): nan +- nan SE over 0 ordered pairs
Saved ad-hoc teamplay results to ad_hoc_teamplay_results/lmpred_ablate_no_self_pred_ad_hoc_teamplay/coord_ring
Saved ad-hoc teamplay heatmap to ad_hoc_teamplay_results/lmpred_ablate_no_self_pred_ad_hoc_teamplay/coord_ring/xp_matrix.png
Evaluating partner alignment group 0: method=e3t, prefix=checkpoints/eval_pools/e3t
LOADED: checkpoints/eval_pools/e3t/coord_ring/baseline_seed_0_step_220.msgpack
LOADED: checkpoints/eval_pools/e3t/coord_ring/baseline_seed_1_step_220.msgpack
LOADED: checkpoints/eval_pools/e3t/coord_ring/baseline_seed_2_step_220.msgpack
LOADED: checkpoints/eval_pools/e3t/coord_ring/baseline_seed_3_step_220.msgpack
LOADED: checkpoints/eval_pools/e3t/coord_ring/baseline_seed_4_step_220.msgpack
Using alignment rollout scale: ALIGN_PAIR_BATCH_SIZE=2, ALIGN_EVAL_NUM_EPISODES=128, ALIGN_EVAL_NUM_STEPS=400
ALIGN ego[00] partner[00] R2=0.858264 NMSE=0.141736 shuffled_R2=-0.023881
ALIGN ego[00] partner[01] R2=0.806950 NMSE=0.193050 shuffled_R2=-0.028205
ALIGN ego[00] partner[02] R2=0.907672 NMSE=0.092328 shuffled_R2=-0.021923
ALIGN ego[00] partner[03] R2=0.866657 NMSE=0.133343 shuffled_R2=-0.018255
ALIGN ego[00] partner[04] R2=0.942925 NMSE=0.057075 shuffled_R2=-0.014748
ALIGN ego[01] partner[00] R2=0.893563 NMSE=0.106437 shuffled_R2=-0.016551
ALIGN ego[01] partner[01] R2=0.872690 NMSE=0.127310 shuffled_R2=-0.014102
ALIGN ego[01] partner[02] R2=0.872076 NMSE=0.127924 shuffled_R2=-0.024884
ALIGN ego[01] partner[03] R2=0.867584 NMSE=0.132416 shuffled_R2=-0.014336
ALIGN ego[01] partner[04] R2=0.913981 NMSE=0.086019 shuffled_R2=-0.014716
ALIGN ego[02] partner[00] R2=0.820950 NMSE=0.179050 shuffled_R2=-0.020971
ALIGN ego[02] partner[01] R2=0.904742 NMSE=0.095258 shuffled_R2=-0.012479
ALIGN ego[02] partner[02] R2=0.908007 NMSE=0.091993 shuffled_R2=-0.025175
ALIGN ego[02] partner[03] R2=0.824852 NMSE=0.175148 shuffled_R2=-0.018350
ALIGN ego[02] partner[04] R2=0.823756 NMSE=0.176244 shuffled_R2=-0.033331
ALIGN ego[03] partner[00] R2=0.916341 NMSE=0.083659 shuffled_R2=-0.015664
ALIGN ego[03] partner[01] R2=0.879341 NMSE=0.120659 shuffled_R2=-0.016776
ALIGN ego[03] partner[02] R2=0.484320 NMSE=0.515680 shuffled_R2=-0.225473
ALIGN ego[03] partner[03] R2=0.868427 NMSE=0.131573 shuffled_R2=-0.016381
ALIGN ego[03] partner[04] R2=0.896073 NMSE=0.103927 shuffled_R2=-0.016438
ALIGN ego[04] partner[00] R2=0.875740 NMSE=0.124260 shuffled_R2=-0.015929
ALIGN ego[04] partner[01] R2=0.885479 NMSE=0.114521 shuffled_R2=-0.014346
ALIGN ego[04] partner[02] R2=0.942999 NMSE=0.057001 shuffled_R2=-0.022150
ALIGN ego[04] partner[03] R2=0.885677 NMSE=0.114323 shuffled_R2=-0.016140
ALIGN ego[04] partner[04] R2=0.870331 NMSE=0.129669 shuffled_R2=-0.015614
Evaluating partner alignment group 1: method=mep_br, prefix=checkpoints/eval_pools/mep_br
LOADED: checkpoints/eval_pools/mep_br/coord_ring/baseline_seed_0_step_220.msgpack
LOADED: checkpoints/eval_pools/mep_br/coord_ring/baseline_seed_1_step_220.msgpack
LOADED: checkpoints/eval_pools/mep_br/coord_ring/baseline_seed_2_step_220.msgpack
LOADED: checkpoints/eval_pools/mep_br/coord_ring/baseline_seed_3_step_220.msgpack
LOADED: checkpoints/eval_pools/mep_br/coord_ring/baseline_seed_4_step_220.msgpack
Using alignment rollout scale: ALIGN_PAIR_BATCH_SIZE=2, ALIGN_EVAL_NUM_EPISODES=128, ALIGN_EVAL_NUM_STEPS=400
ALIGN ego[00] partner[00] R2=0.775029 NMSE=0.224971 shuffled_R2=-0.036964
ALIGN ego[00] partner[01] R2=0.926867 NMSE=0.073133 shuffled_R2=-0.016663
ALIGN ego[00] partner[02] R2=0.864012 NMSE=0.135988 shuffled_R2=-0.019907
ALIGN ego[00] partner[03] R2=0.657622 NMSE=0.342378 shuffled_R2=-0.090259
ALIGN ego[00] partner[04] R2=0.920646 NMSE=0.079354 shuffled_R2=-0.017600
ALIGN ego[01] partner[00] R2=0.730187 NMSE=0.269813 shuffled_R2=-0.035521
ALIGN ego[01] partner[01] R2=0.876431 NMSE=0.123569 shuffled_R2=-0.026146
ALIGN ego[01] partner[02] R2=0.805583 NMSE=0.194417 shuffled_R2=-0.031007
ALIGN ego[01] partner[03] R2=0.799809 NMSE=0.200191 shuffled_R2=-0.083166
ALIGN ego[01] partner[04] R2=0.948837 NMSE=0.051163 shuffled_R2=-0.015003
ALIGN ego[02] partner[00] R2=0.830405 NMSE=0.169595 shuffled_R2=-0.026513
ALIGN ego[02] partner[01] R2=0.906933 NMSE=0.093067 shuffled_R2=-0.017203
ALIGN ego[02] partner[02] R2=0.910691 NMSE=0.089309 shuffled_R2=-0.017746
ALIGN ego[02] partner[03] R2=0.751875 NMSE=0.248125 shuffled_R2=-0.059225
ALIGN ego[02] partner[04] R2=0.855927 NMSE=0.144073 shuffled_R2=-0.018995
ALIGN ego[03] partner[00] R2=0.826864 NMSE=0.173136 shuffled_R2=-0.026043
ALIGN ego[03] partner[01] R2=0.908268 NMSE=0.091732 shuffled_R2=-0.016889
ALIGN ego[03] partner[02] R2=0.782433 NMSE=0.217567 shuffled_R2=-0.023731
ALIGN ego[03] partner[03] R2=0.919353 NMSE=0.080647 shuffled_R2=-0.019186
ALIGN ego[03] partner[04] R2=0.943628 NMSE=0.056372 shuffled_R2=-0.014241
ALIGN ego[04] partner[00] R2=0.841814 NMSE=0.158186 shuffled_R2=-0.019074
ALIGN ego[04] partner[01] R2=0.866867 NMSE=0.133133 shuffled_R2=-0.016730
ALIGN ego[04] partner[02] R2=0.840171 NMSE=0.159829 shuffled_R2=-0.019232
ALIGN ego[04] partner[03] R2=0.944583 NMSE=0.055417 shuffled_R2=-0.020544
ALIGN ego[04] partner[04] R2=0.876113 NMSE=0.123887 shuffled_R2=-0.020433
Evaluating partner alignment group 2: method=pbt, prefix=checkpoints/eval_pools/pbt
LOADED: checkpoints/eval_pools/pbt/coord_ring/baseline_seed_0_step_62.msgpack
LOADED: checkpoints/eval_pools/pbt/coord_ring/baseline_seed_1_step_62.msgpack
LOADED: checkpoints/eval_pools/pbt/coord_ring/baseline_seed_2_step_62.msgpack
LOADED: checkpoints/eval_pools/pbt/coord_ring/baseline_seed_3_step_62.msgpack
LOADED: checkpoints/eval_pools/pbt/coord_ring/baseline_seed_4_step_62.msgpack
Using alignment rollout scale: ALIGN_PAIR_BATCH_SIZE=2, ALIGN_EVAL_NUM_EPISODES=128, ALIGN_EVAL_NUM_STEPS=400
ALIGN ego[00] partner[00] R2=0.854243 NMSE=0.145757 shuffled_R2=-0.015645
ALIGN ego[00] partner[01] R2=0.869826 NMSE=0.130174 shuffled_R2=-0.016861
ALIGN ego[00] partner[02] R2=0.826699 NMSE=0.173301 shuffled_R2=-0.019667
ALIGN ego[00] partner[03] R2=0.847675 NMSE=0.152325 shuffled_R2=-0.018003
ALIGN ego[00] partner[04] R2=0.777082 NMSE=0.222918 shuffled_R2=-0.020623
ALIGN ego[01] partner[00] R2=0.796121 NMSE=0.203879 shuffled_R2=-0.018490
ALIGN ego[01] partner[01] R2=0.815844 NMSE=0.184156 shuffled_R2=-0.014831
ALIGN ego[01] partner[02] R2=0.649459 NMSE=0.350541 shuffled_R2=-0.030579
ALIGN ego[01] partner[03] R2=0.669386 NMSE=0.330614 shuffled_R2=-0.045351
ALIGN ego[01] partner[04] R2=0.730460 NMSE=0.269540 shuffled_R2=-0.029716
ALIGN ego[02] partner[00] R2=0.796906 NMSE=0.203094 shuffled_R2=-0.015567
ALIGN ego[02] partner[01] R2=0.713689 NMSE=0.286311 shuffled_R2=-0.025472
ALIGN ego[02] partner[02] R2=0.788102 NMSE=0.211898 shuffled_R2=-0.015334
ALIGN ego[02] partner[03] R2=0.776253 NMSE=0.223747 shuffled_R2=-0.024641
ALIGN ego[02] partner[04] R2=0.849146 NMSE=0.150854 shuffled_R2=-0.009814
ALIGN ego[03] partner[00] R2=0.800544 NMSE=0.199456 shuffled_R2=-0.016356
ALIGN ego[03] partner[01] R2=0.795202 NMSE=0.204798 shuffled_R2=-0.015999
ALIGN ego[03] partner[02] R2=0.788541 NMSE=0.211459 shuffled_R2=-0.019880
ALIGN ego[03] partner[03] R2=0.798026 NMSE=0.201974 shuffled_R2=-0.018058
ALIGN ego[03] partner[04] R2=0.471654 NMSE=0.528346 shuffled_R2=-0.059420
ALIGN ego[04] partner[00] R2=0.762545 NMSE=0.237455 shuffled_R2=-0.013535
ALIGN ego[04] partner[01] R2=0.789071 NMSE=0.210929 shuffled_R2=-0.014968
ALIGN ego[04] partner[02] R2=0.675779 NMSE=0.324221 shuffled_R2=-0.023423
ALIGN ego[04] partner[03] R2=0.709593 NMSE=0.290407 shuffled_R2=-0.035451
ALIGN ego[04] partner[04] R2=0.719275 NMSE=0.280725 shuffled_R2=-0.016900
Evaluating partner alignment group 3: method=sp, prefix=checkpoints/eval_pools/sp
LOADED: checkpoints/eval_pools/sp/coord_ring/baseline_seed_0_step_220.msgpack
LOADED: checkpoints/eval_pools/sp/coord_ring/baseline_seed_1_step_220.msgpack
LOADED: checkpoints/eval_pools/sp/coord_ring/baseline_seed_2_step_220.msgpack
LOADED: checkpoints/eval_pools/sp/coord_ring/baseline_seed_3_step_220.msgpack
LOADED: checkpoints/eval_pools/sp/coord_ring/baseline_seed_4_step_220.msgpack
Using alignment rollout scale: ALIGN_PAIR_BATCH_SIZE=2, ALIGN_EVAL_NUM_EPISODES=128, ALIGN_EVAL_NUM_STEPS=400
ALIGN ego[00] partner[00] R2=0.931337 NMSE=0.068663 shuffled_R2=-0.018036
ALIGN ego[00] partner[01] R2=0.827692 NMSE=0.172308 shuffled_R2=-0.030559
ALIGN ego[00] partner[02] R2=0.895898 NMSE=0.104102 shuffled_R2=-0.015954
ALIGN ego[00] partner[03] R2=0.872161 NMSE=0.127839 shuffled_R2=-0.019108
ALIGN ego[00] partner[04] R2=0.941341 NMSE=0.058659 shuffled_R2=-0.015466
ALIGN ego[01] partner[00] R2=0.900465 NMSE=0.099535 shuffled_R2=-0.016165
ALIGN ego[01] partner[01] R2=0.871955 NMSE=0.128045 shuffled_R2=-0.016599
ALIGN ego[01] partner[02] R2=0.839426 NMSE=0.160574 shuffled_R2=-0.019129
ALIGN ego[01] partner[03] R2=0.902982 NMSE=0.097018 shuffled_R2=-0.016140
ALIGN ego[01] partner[04] R2=0.898654 NMSE=0.101346 shuffled_R2=-0.016611
ALIGN ego[02] partner[00] R2=0.912852 NMSE=0.087148 shuffled_R2=-0.018411
ALIGN ego[02] partner[01] R2=0.873193 NMSE=0.126807 shuffled_R2=-0.021442
ALIGN ego[02] partner[02] R2=0.887391 NMSE=0.112609 shuffled_R2=-0.015001
ALIGN ego[02] partner[03] R2=0.836261 NMSE=0.163739 shuffled_R2=-0.033852
ALIGN ego[02] partner[04] R2=0.927138 NMSE=0.072862 shuffled_R2=-0.016847
ALIGN ego[03] partner[00] R2=0.921130 NMSE=0.078870 shuffled_R2=-0.014314
ALIGN ego[03] partner[01] R2=0.888395 NMSE=0.111605 shuffled_R2=-0.014205
ALIGN ego[03] partner[02] R2=0.891813 NMSE=0.108187 shuffled_R2=-0.017610
ALIGN ego[03] partner[03] R2=0.890168 NMSE=0.109832 shuffled_R2=-0.014711
ALIGN ego[03] partner[04] R2=0.916978 NMSE=0.083022 shuffled_R2=-0.016918
ALIGN ego[04] partner[00] R2=0.785197 NMSE=0.214803 shuffled_R2=-0.022715
ALIGN ego[04] partner[01] R2=0.877035 NMSE=0.122965 shuffled_R2=-0.016224
ALIGN ego[04] partner[02] R2=0.864947 NMSE=0.135053 shuffled_R2=-0.020619
ALIGN ego[04] partner[03] R2=0.920579 NMSE=0.079421 shuffled_R2=-0.014459
ALIGN ego[04] partner[04] R2=0.816402 NMSE=0.183598 shuffled_R2=-0.021869
Average ego-to-partner alignment R2: 0.840629 +- 0.008604 SE over 100 ego-partner pairs
Average alignment normalized MSE: 0.159371 +- 0.008604 SE
Average shuffled-control alignment R2: -0.024024 +- 0.002383 SE
Saved alignment results to ad_hoc_teamplay_results/lmpred_ablate_no_self_pred_ad_hoc_teamplay/coord_ring
Evaluating ad-hoc teamplay for ego_method=lmpred_ablate_no_self_pred, layout=asymm_advantages
ego_prefix=checkpoints/lmpred_ablate_no_self_pred, partner_pool_specs=e3t:checkpoints/eval_pools/e3t;mep_br:checkpoints/eval_pools/mep_br;pbt:checkpoints/eval_pools/pbt;sp:checkpoints/eval_pools/sp, result_name=lmpred_ablate_no_self_pred_ad_hoc_teamplay, ego_perspective_transform=false
Cannot find primary config 'asymm_advantages'. Check that it's in your config search path.

Config search path:
	provider=hydra, path=pkg://hydra.conf
	provider=main, path=file:///net/scratch/n70579mp/tom/JaxMARL/baselines/overcookedv2/config/oc_extended/mep_br
	provider=schema, path=structured://

Set the environment variable HYDRA_FULL_ERROR=1 for a complete stack trace.
Importing submoduled environments...
Submoduled environments not found. Skipping import.
Evaluating ad-hoc teamplay for ego_method=lmpred_ablate_no_self_pred, layout=forced_coord
ego_prefix=checkpoints/lmpred_ablate_no_self_pred, partner_pool_specs=e3t:checkpoints/eval_pools/e3t;mep_br:checkpoints/eval_pools/mep_br;pbt:checkpoints/eval_pools/pbt;sp:checkpoints/eval_pools/sp, result_name=lmpred_ablate_no_self_pred_ad_hoc_teamplay, ego_perspective_transform=false
Cannot find primary config 'forced_coord'. Check that it's in your config search path.

Config search path:
	provider=hydra, path=pkg://hydra.conf
	provider=main, path=file:///net/scratch/n70579mp/tom/JaxMARL/baselines/overcookedv2/config/oc_extended/mep_br
	provider=schema, path=structured://

Set the environment variable HYDRA_FULL_ERROR=1 for a complete stack trace.
Importing submoduled environments...
Submoduled environments not found. Skipping import.
