Script directory: /mnt/iusers01/fatpou01/compsci01/n70579mp/scratch/JaxMARL
Importing submoduled environments...
Submoduled environments not found. Skipping import.
wandb: Currently logged in as: maytusp to https://api.wandb.ai. Use `wandb login --relogin` to force relogin
wandb: creating run
wandb: Tracking run with wandb version 0.21.1
wandb: Run data is saved locally in /net/scratch/n70579mp/JaxMARL/wandb/run-20260609_172954-kn02eiye
wandb: Run `wandb offline` to turn off syncing.
wandb: Syncing run mep_population_obsfront_counter_circuit
wandb: ⭐️ View project at https://wandb.ai/maytusp/oc-extended
wandb: 🚀 View run at https://wandb.ai/maytusp/oc-extended/runs/kn02eiye
Update steps:  762.0
Warmup epochs:  38
Cosine epochs:  724.0
--> Saved live MEP population member 0 at step 1 to checkpoints/mep_pool/counter_circuit/baseline_seed_0_step_1.msgpack
--> Saved live MEP population member 1 at step 1 to checkpoints/mep_pool/counter_circuit/baseline_seed_1_step_1.msgpack
--> Saved live MEP population member 2 at step 1 to checkpoints/mep_pool/counter_circuit/baseline_seed_2_step_1.msgpack
--> Saved live MEP population member 3 at step 1 to checkpoints/mep_pool/counter_circuit/baseline_seed_3_step_1.msgpack
--> Saved live MEP population member 4 at step 1 to checkpoints/mep_pool/counter_circuit/baseline_seed_4_step_1.msgpack
--> Saved live MEP population member 0 at step 76 to checkpoints/mep_pool/counter_circuit/baseline_seed_0_step_76.msgpack
--> Saved live MEP population member 1 at step 76 to checkpoints/mep_pool/counter_circuit/baseline_seed_1_step_76.msgpack
--> Saved live MEP population member 2 at step 76 to checkpoints/mep_pool/counter_circuit/baseline_seed_2_step_76.msgpack
--> Saved live MEP population member 3 at step 76 to checkpoints/mep_pool/counter_circuit/baseline_seed_3_step_76.msgpack
--> Saved live MEP population member 4 at step 76 to checkpoints/mep_pool/counter_circuit/baseline_seed_4_step_76.msgpack
--> Saved live MEP population member 0 at step 152 to checkpoints/mep_pool/counter_circuit/baseline_seed_0_step_152.msgpack
--> Saved live MEP population member 1 at step 152 to checkpoints/mep_pool/counter_circuit/baseline_seed_1_step_152.msgpack
--> Saved live MEP population member 2 at step 152 to checkpoints/mep_pool/counter_circuit/baseline_seed_2_step_152.msgpack
--> Saved live MEP population member 3 at step 152 to checkpoints/mep_pool/counter_circuit/baseline_seed_3_step_152.msgpack
--> Saved live MEP population member 4 at step 152 to checkpoints/mep_pool/counter_circuit/baseline_seed_4_step_152.msgpack
--> Saved live MEP population member 0 at step 228 to checkpoints/mep_pool/counter_circuit/baseline_seed_0_step_228.msgpack
--> Saved live MEP population member 1 at step 228 to checkpoints/mep_pool/counter_circuit/baseline_seed_1_step_228.msgpack
--> Saved live MEP population member 2 at step 228 to checkpoints/mep_pool/counter_circuit/baseline_seed_2_step_228.msgpack
--> Saved live MEP population member 3 at step 228 to checkpoints/mep_pool/counter_circuit/baseline_seed_3_step_228.msgpack
--> Saved live MEP population member 4 at step 228 to checkpoints/mep_pool/counter_circuit/baseline_seed_4_step_228.msgpack
--> Saved live MEP population member 0 at step 304 to checkpoints/mep_pool/counter_circuit/baseline_seed_0_step_304.msgpack
--> Saved live MEP population member 1 at step 304 to checkpoints/mep_pool/counter_circuit/baseline_seed_1_step_304.msgpack
--> Saved live MEP population member 2 at step 304 to checkpoints/mep_pool/counter_circuit/baseline_seed_2_step_304.msgpack
--> Saved live MEP population member 3 at step 304 to checkpoints/mep_pool/counter_circuit/baseline_seed_3_step_304.msgpack
--> Saved live MEP population member 4 at step 304 to checkpoints/mep_pool/counter_circuit/baseline_seed_4_step_304.msgpack
--> Saved live MEP population member 0 at step 380 to checkpoints/mep_pool/counter_circuit/baseline_seed_0_step_380.msgpack
--> Saved live MEP population member 1 at step 380 to checkpoints/mep_pool/counter_circuit/baseline_seed_1_step_380.msgpack
--> Saved live MEP population member 2 at step 380 to checkpoints/mep_pool/counter_circuit/baseline_seed_2_step_380.msgpack
--> Saved live MEP population member 3 at step 380 to checkpoints/mep_pool/counter_circuit/baseline_seed_3_step_380.msgpack
--> Saved live MEP population member 4 at step 380 to checkpoints/mep_pool/counter_circuit/baseline_seed_4_step_380.msgpack
--> Saved live MEP population member 0 at step 456 to checkpoints/mep_pool/counter_circuit/baseline_seed_0_step_456.msgpack
--> Saved live MEP population member 1 at step 456 to checkpoints/mep_pool/counter_circuit/baseline_seed_1_step_456.msgpack
--> Saved live MEP population member 2 at step 456 to checkpoints/mep_pool/counter_circuit/baseline_seed_2_step_456.msgpack
--> Saved live MEP population member 3 at step 456 to checkpoints/mep_pool/counter_circuit/baseline_seed_3_step_456.msgpack
--> Saved live MEP population member 4 at step 456 to checkpoints/mep_pool/counter_circuit/baseline_seed_4_step_456.msgpack
--> Saved live MEP population member 0 at step 532 to checkpoints/mep_pool/counter_circuit/baseline_seed_0_step_532.msgpack
--> Saved live MEP population member 1 at step 532 to checkpoints/mep_pool/counter_circuit/baseline_seed_1_step_532.msgpack
--> Saved live MEP population member 2 at step 532 to checkpoints/mep_pool/counter_circuit/baseline_seed_2_step_532.msgpack
--> Saved live MEP population member 3 at step 532 to checkpoints/mep_pool/counter_circuit/baseline_seed_3_step_532.msgpack
--> Saved live MEP population member 4 at step 532 to checkpoints/mep_pool/counter_circuit/baseline_seed_4_step_532.msgpack
--> Saved live MEP population member 0 at step 608 to checkpoints/mep_pool/counter_circuit/baseline_seed_0_step_608.msgpack
--> Saved live MEP population member 1 at step 608 to checkpoints/mep_pool/counter_circuit/baseline_seed_1_step_608.msgpack
--> Saved live MEP population member 2 at step 608 to checkpoints/mep_pool/counter_circuit/baseline_seed_2_step_608.msgpack
--> Saved live MEP population member 3 at step 608 to checkpoints/mep_pool/counter_circuit/baseline_seed_3_step_608.msgpack
--> Saved live MEP population member 4 at step 608 to checkpoints/mep_pool/counter_circuit/baseline_seed_4_step_608.msgpack
--> Saved live MEP population member 0 at step 684 to checkpoints/mep_pool/counter_circuit/baseline_seed_0_step_684.msgpack
--> Saved live MEP population member 1 at step 684 to checkpoints/mep_pool/counter_circuit/baseline_seed_1_step_684.msgpack
--> Saved live MEP population member 2 at step 684 to checkpoints/mep_pool/counter_circuit/baseline_seed_2_step_684.msgpack
--> Saved live MEP population member 3 at step 684 to checkpoints/mep_pool/counter_circuit/baseline_seed_3_step_684.msgpack
--> Saved live MEP population member 4 at step 684 to checkpoints/mep_pool/counter_circuit/baseline_seed_4_step_684.msgpack
--> Saved live MEP population member 0 at step 760 to checkpoints/mep_pool/counter_circuit/baseline_seed_0_step_760.msgpack
--> Saved live MEP population member 1 at step 760 to checkpoints/mep_pool/counter_circuit/baseline_seed_1_step_760.msgpack
--> Saved live MEP population member 2 at step 760 to checkpoints/mep_pool/counter_circuit/baseline_seed_2_step_760.msgpack
--> Saved live MEP population member 3 at step 760 to checkpoints/mep_pool/counter_circuit/baseline_seed_3_step_760.msgpack
--> Saved live MEP population member 4 at step 760 to checkpoints/mep_pool/counter_circuit/baseline_seed_4_step_760.msgpack
[1;34mwandb[0m: 
[1;34mwandb[0m: 🚀 View run [33mmep_population_obsfront_counter_circuit[0m at: [34mhttps://wandb.ai/maytusp/oc-extended/runs/kn02eiye[0m
[1;34mwandb[0m: Find logs at: [1;35m../../../../../../../net/scratch/n70579mp/JaxMARL/wandb/run-20260609_172954-kn02eiye/logs[0m
Importing submoduled environments...
Submoduled environments not found. Skipping import.
wandb: Currently logged in as: maytusp to https://api.wandb.ai. Use `wandb login --relogin` to force relogin
wandb: Tracking run with wandb version 0.21.1
wandb: Run data is saved locally in /net/scratch/n70579mp/JaxMARL/wandb/run-20260609_194342-kkzktrar
wandb: Run `wandb offline` to turn off syncing.
wandb: Syncing run mep_br_obsfront_counter_circuit
wandb: ⭐️ View project at https://wandb.ai/maytusp/oc-extended
wandb: 🚀 View run at https://wandb.ai/maytusp/oc-extended/runs/kkzktrar
2026-06-09 19:44:12.776162: E external/xla/xla/stream_executor/cuda/cuda_timer.cc:86] Delay kernel timed out: measured time has sub-optimal accuracy. There may be a missing warmup execution, please investigate in Nsight Systems.
2026-06-09 19:44:12.936572: E external/xla/xla/stream_executor/cuda/cuda_timer.cc:86] Delay kernel timed out: measured time has sub-optimal accuracy. There may be a missing warmup execution, please investigate in Nsight Systems.
2026-06-09 19:44:13.134661: E external/xla/xla/stream_executor/cuda/cuda_timer.cc:86] Delay kernel timed out: measured time has sub-optimal accuracy. There may be a missing warmup execution, please investigate in Nsight Systems.
2026-06-09 19:44:13.295299: E external/xla/xla/stream_executor/cuda/cuda_timer.cc:86] Delay kernel timed out: measured time has sub-optimal accuracy. There may be a missing warmup execution, please investigate in Nsight Systems.
2026-06-09 19:44:13.493606: E external/xla/xla/stream_executor/cuda/cuda_timer.cc:86] Delay kernel timed out: measured time has sub-optimal accuracy. There may be a missing warmup execution, please investigate in Nsight Systems.
2026-06-09 19:44:13.654152: E external/xla/xla/stream_executor/cuda/cuda_timer.cc:86] Delay kernel timed out: measured time has sub-optimal accuracy. There may be a missing warmup execution, please investigate in Nsight Systems.
2026-06-09 19:44:13.853125: E external/xla/xla/stream_executor/cuda/cuda_timer.cc:86] Delay kernel timed out: measured time has sub-optimal accuracy. There may be a missing warmup execution, please investigate in Nsight Systems.
2026-06-09 19:44:14.013267: E external/xla/xla/stream_executor/cuda/cuda_timer.cc:86] Delay kernel timed out: measured time has sub-optimal accuracy. There may be a missing warmup execution, please investigate in Nsight Systems.
2026-06-09 19:44:14.256765: E external/xla/xla/stream_executor/cuda/cuda_timer.cc:86] Delay kernel timed out: measured time has sub-optimal accuracy. There may be a missing warmup execution, please investigate in Nsight Systems.
2026-06-09 19:44:14.417593: E external/xla/xla/stream_executor/cuda/cuda_timer.cc:86] Delay kernel timed out: measured time has sub-optimal accuracy. There may be a missing warmup execution, please investigate in Nsight Systems.
2026-06-09 19:44:15.229876: E external/xla/xla/stream_executor/cuda/cuda_timer.cc:86] Delay kernel timed out: measured time has sub-optimal accuracy. There may be a missing warmup execution, please investigate in Nsight Systems.
2026-06-09 19:44:15.418776: E external/xla/xla/stream_executor/cuda/cuda_timer.cc:86] Delay kernel timed out: measured time has sub-optimal accuracy. There may be a missing warmup execution, please investigate in Nsight Systems.
2026-06-09 19:44:15.743251: E external/xla/xla/stream_executor/cuda/cuda_timer.cc:86] Delay kernel timed out: measured time has sub-optimal accuracy. There may be a missing warmup execution, please investigate in Nsight Systems.
2026-06-09 19:44:15.975710: E external/xla/xla/stream_executor/cuda/cuda_timer.cc:86] Delay kernel timed out: measured time has sub-optimal accuracy. There may be a missing warmup execution, please investigate in Nsight Systems.
2026-06-09 19:44:16.172800: E external/xla/xla/stream_executor/cuda/cuda_timer.cc:86] Delay kernel timed out: measured time has sub-optimal accuracy. There may be a missing warmup execution, please investigate in Nsight Systems.
2026-06-09 19:44:16.325829: E external/xla/xla/stream_executor/cuda/cuda_timer.cc:86] Delay kernel timed out: measured time has sub-optimal accuracy. There may be a missing warmup execution, please investigate in Nsight Systems.
2026-06-09 19:44:16.505791: E external/xla/xla/stream_executor/cuda/cuda_timer.cc:86] Delay kernel timed out: measured time has sub-optimal accuracy. There may be a missing warmup execution, please investigate in Nsight Systems.
2026-06-09 19:44:16.658463: E external/xla/xla/stream_executor/cuda/cuda_timer.cc:86] Delay kernel timed out: measured time has sub-optimal accuracy. There may be a missing warmup execution, please investigate in Nsight Systems.
2026-06-09 19:44:16.838341: E external/xla/xla/stream_executor/cuda/cuda_timer.cc:86] Delay kernel timed out: measured time has sub-optimal accuracy. There may be a missing warmup execution, please investigate in Nsight Systems.
2026-06-09 19:44:16.991709: E external/xla/xla/stream_executor/cuda/cuda_timer.cc:86] Delay kernel timed out: measured time has sub-optimal accuracy. There may be a missing warmup execution, please investigate in Nsight Systems.
2026-06-09 19:44:17.449456: E external/xla/xla/stream_executor/cuda/cuda_timer.cc:86] Delay kernel timed out: measured time has sub-optimal accuracy. There may be a missing warmup execution, please investigate in Nsight Systems.
2026-06-09 19:44:17.602942: E external/xla/xla/stream_executor/cuda/cuda_timer.cc:86] Delay kernel timed out: measured time has sub-optimal accuracy. There may be a missing warmup execution, please investigate in Nsight Systems.
2026-06-09 19:44:17.756060: E external/xla/xla/stream_executor/cuda/cuda_timer.cc:86] Delay kernel timed out: measured time has sub-optimal accuracy. There may be a missing warmup execution, please investigate in Nsight Systems.
2026-06-09 19:44:17.936820: E external/xla/xla/stream_executor/cuda/cuda_timer.cc:86] Delay kernel timed out: measured time has sub-optimal accuracy. There may be a missing warmup execution, please investigate in Nsight Systems.
2026-06-09 19:44:18.091048: E external/xla/xla/stream_executor/cuda/cuda_timer.cc:86] Delay kernel timed out: measured time has sub-optimal accuracy. There may be a missing warmup execution, please investigate in Nsight Systems.
2026-06-09 19:44:18.245039: E external/xla/xla/stream_executor/cuda/cuda_timer.cc:86] Delay kernel timed out: measured time has sub-optimal accuracy. There may be a missing warmup execution, please investigate in Nsight Systems.
2026-06-09 19:44:18.832024: E external/xla/xla/stream_executor/cuda/cuda_timer.cc:86] Delay kernel timed out: measured time has sub-optimal accuracy. There may be a missing warmup execution, please investigate in Nsight Systems.
2026-06-09 19:44:19.089594: E external/xla/xla/stream_executor/cuda/cuda_timer.cc:86] Delay kernel timed out: measured time has sub-optimal accuracy. There may be a missing warmup execution, please investigate in Nsight Systems.
2026-06-09 19:44:19.504892: E external/xla/xla/stream_executor/cuda/cuda_timer.cc:86] Delay kernel timed out: measured time has sub-optimal accuracy. There may be a missing warmup execution, please investigate in Nsight Systems.
2026-06-09 19:44:19.776311: E external/xla/xla/stream_executor/cuda/cuda_timer.cc:86] Delay kernel timed out: measured time has sub-optimal accuracy. There may be a missing warmup execution, please investigate in Nsight Systems.
2026-06-09 19:44:19.977813: E external/xla/xla/stream_executor/cuda/cuda_timer.cc:86] Delay kernel timed out: measured time has sub-optimal accuracy. There may be a missing warmup execution, please investigate in Nsight Systems.
2026-06-09 19:44:20.130382: E external/xla/xla/stream_executor/cuda/cuda_timer.cc:86] Delay kernel timed out: measured time has sub-optimal accuracy. There may be a missing warmup execution, please investigate in Nsight Systems.
2026-06-09 19:44:20.282559: E external/xla/xla/stream_executor/cuda/cuda_timer.cc:86] Delay kernel timed out: measured time has sub-optimal accuracy. There may be a missing warmup execution, please investigate in Nsight Systems.
2026-06-09 19:44:20.435113: E external/xla/xla/stream_executor/cuda/cuda_timer.cc:86] Delay kernel timed out: measured time has sub-optimal accuracy. There may be a missing warmup execution, please investigate in Nsight Systems.
2026-06-09 19:44:20.586935: E external/xla/xla/stream_executor/cuda/cuda_timer.cc:86] Delay kernel timed out: measured time has sub-optimal accuracy. There may be a missing warmup execution, please investigate in Nsight Systems.
2026-06-09 19:44:20.766800: E external/xla/xla/stream_executor/cuda/cuda_timer.cc:86] Delay kernel timed out: measured time has sub-optimal accuracy. There may be a missing warmup execution, please investigate in Nsight Systems.
2026-06-09 19:44:20.918789: E external/xla/xla/stream_executor/cuda/cuda_timer.cc:86] Delay kernel timed out: measured time has sub-optimal accuracy. There may be a missing warmup execution, please investigate in Nsight Systems.
2026-06-09 19:44:21.097807: E external/xla/xla/stream_executor/cuda/cuda_timer.cc:86] Delay kernel timed out: measured time has sub-optimal accuracy. There may be a missing warmup execution, please investigate in Nsight Systems.
2026-06-09 19:44:21.249737: E external/xla/xla/stream_executor/cuda/cuda_timer.cc:86] Delay kernel timed out: measured time has sub-optimal accuracy. There may be a missing warmup execution, please investigate in Nsight Systems.
2026-06-09 19:44:21.429448: E external/xla/xla/stream_executor/cuda/cuda_timer.cc:86] Delay kernel timed out: measured time has sub-optimal accuracy. There may be a missing warmup execution, please investigate in Nsight Systems.
2026-06-09 19:44:21.581028: E external/xla/xla/stream_executor/cuda/cuda_timer.cc:86] Delay kernel timed out: measured time has sub-optimal accuracy. There may be a missing warmup execution, please investigate in Nsight Systems.
2026-06-09 19:44:21.759558: E external/xla/xla/stream_executor/cuda/cuda_timer.cc:86] Delay kernel timed out: measured time has sub-optimal accuracy. There may be a missing warmup execution, please investigate in Nsight Systems.
2026-06-09 19:44:21.912008: E external/xla/xla/stream_executor/cuda/cuda_timer.cc:86] Delay kernel timed out: measured time has sub-optimal accuracy. There may be a missing warmup execution, please investigate in Nsight Systems.
2026-06-09 19:44:22.464449: E external/xla/xla/stream_executor/cuda/cuda_timer.cc:86] Delay kernel timed out: measured time has sub-optimal accuracy. There may be a missing warmup execution, please investigate in Nsight Systems.
2026-06-09 19:44:22.710672: E external/xla/xla/stream_executor/cuda/cuda_timer.cc:86] Delay kernel timed out: measured time has sub-optimal accuracy. There may be a missing warmup execution, please investigate in Nsight Systems.
2026-06-09 19:44:22.934148: E external/xla/xla/stream_executor/cuda/cuda_timer.cc:86] Delay kernel timed out: measured time has sub-optimal accuracy. There may be a missing warmup execution, please investigate in Nsight Systems.
2026-06-09 19:44:23.106196: E external/xla/xla/stream_executor/cuda/cuda_timer.cc:86] Delay kernel timed out: measured time has sub-optimal accuracy. There may be a missing warmup execution, please investigate in Nsight Systems.
2026-06-09 19:44:23.326531: E external/xla/xla/stream_executor/cuda/cuda_timer.cc:86] Delay kernel timed out: measured time has sub-optimal accuracy. There may be a missing warmup execution, please investigate in Nsight Systems.
2026-06-09 19:44:23.479573: E external/xla/xla/stream_executor/cuda/cuda_timer.cc:86] Delay kernel timed out: measured time has sub-optimal accuracy. There may be a missing warmup execution, please investigate in Nsight Systems.
2026-06-09 19:44:23.632072: E external/xla/xla/stream_executor/cuda/cuda_timer.cc:86] Delay kernel timed out: measured time has sub-optimal accuracy. There may be a missing warmup execution, please investigate in Nsight Systems.
2026-06-09 19:44:23.783972: E external/xla/xla/stream_executor/cuda/cuda_timer.cc:86] Delay kernel timed out: measured time has sub-optimal accuracy. There may be a missing warmup execution, please investigate in Nsight Systems.
2026-06-09 19:44:23.964012: E external/xla/xla/stream_executor/cuda/cuda_timer.cc:86] Delay kernel timed out: measured time has sub-optimal accuracy. There may be a missing warmup execution, please investigate in Nsight Systems.
2026-06-09 19:44:24.116682: E external/xla/xla/stream_executor/cuda/cuda_timer.cc:86] Delay kernel timed out: measured time has sub-optimal accuracy. There may be a missing warmup execution, please investigate in Nsight Systems.
2026-06-09 19:44:24.295949: E external/xla/xla/stream_executor/cuda/cuda_timer.cc:86] Delay kernel timed out: measured time has sub-optimal accuracy. There may be a missing warmup execution, please investigate in Nsight Systems.
2026-06-09 19:44:24.448149: E external/xla/xla/stream_executor/cuda/cuda_timer.cc:86] Delay kernel timed out: measured time has sub-optimal accuracy. There may be a missing warmup execution, please investigate in Nsight Systems.
2026-06-09 19:44:24.683978: E external/xla/xla/stream_executor/cuda/cuda_timer.cc:86] Delay kernel timed out: measured time has sub-optimal accuracy. There may be a missing warmup execution, please investigate in Nsight Systems.
2026-06-09 19:44:24.836998: E external/xla/xla/stream_executor/cuda/cuda_timer.cc:86] Delay kernel timed out: measured time has sub-optimal accuracy. There may be a missing warmup execution, please investigate in Nsight Systems.
2026-06-09 19:44:25.016968: E external/xla/xla/stream_executor/cuda/cuda_timer.cc:86] Delay kernel timed out: measured time has sub-optimal accuracy. There may be a missing warmup execution, please investigate in Nsight Systems.
2026-06-09 19:44:25.170989: E external/xla/xla/stream_executor/cuda/cuda_timer.cc:86] Delay kernel timed out: measured time has sub-optimal accuracy. There may be a missing warmup execution, please investigate in Nsight Systems.
2026-06-09 19:44:25.527445: E external/xla/xla/stream_executor/cuda/cuda_timer.cc:86] Delay kernel timed out: measured time has sub-optimal accuracy. There may be a missing warmup execution, please investigate in Nsight Systems.
2026-06-09 19:44:25.698559: E external/xla/xla/stream_executor/cuda/cuda_timer.cc:86] Delay kernel timed out: measured time has sub-optimal accuracy. There may be a missing warmup execution, please investigate in Nsight Systems.
2026-06-09 19:44:25.983812: E external/xla/xla/stream_executor/cuda/cuda_timer.cc:86] Delay kernel timed out: measured time has sub-optimal accuracy. There may be a missing warmup execution, please investigate in Nsight Systems.
2026-06-09 19:44:26.202375: E external/xla/xla/stream_executor/cuda/cuda_timer.cc:86] Delay kernel timed out: measured time has sub-optimal accuracy. There may be a missing warmup execution, please investigate in Nsight Systems.
2026-06-09 19:44:26.443559: E external/xla/xla/stream_executor/cuda/cuda_timer.cc:86] Delay kernel timed out: measured time has sub-optimal accuracy. There may be a missing warmup execution, please investigate in Nsight Systems.
2026-06-09 19:44:26.632803: E external/xla/xla/stream_executor/cuda/cuda_timer.cc:86] Delay kernel timed out: measured time has sub-optimal accuracy. There may be a missing warmup execution, please investigate in Nsight Systems.
2026-06-09 19:44:26.835431: E external/xla/xla/stream_executor/cuda/cuda_timer.cc:86] Delay kernel timed out: measured time has sub-optimal accuracy. There may be a missing warmup execution, please investigate in Nsight Systems.
2026-06-09 19:44:26.987683: E external/xla/xla/stream_executor/cuda/cuda_timer.cc:86] Delay kernel timed out: measured time has sub-optimal accuracy. There may be a missing warmup execution, please investigate in Nsight Systems.
2026-06-09 19:44:27.140674: E external/xla/xla/stream_executor/cuda/cuda_timer.cc:86] Delay kernel timed out: measured time has sub-optimal accuracy. There may be a missing warmup execution, please investigate in Nsight Systems.
2026-06-09 19:44:27.320282: E external/xla/xla/stream_executor/cuda/cuda_timer.cc:86] Delay kernel timed out: measured time has sub-optimal accuracy. There may be a missing warmup execution, please investigate in Nsight Systems.
2026-06-09 19:44:27.472736: E external/xla/xla/stream_executor/cuda/cuda_timer.cc:86] Delay kernel timed out: measured time has sub-optimal accuracy. There may be a missing warmup execution, please investigate in Nsight Systems.
2026-06-09 19:44:27.686325: E external/xla/xla/stream_executor/cuda/cuda_timer.cc:86] Delay kernel timed out: measured time has sub-optimal accuracy. There may be a missing warmup execution, please investigate in Nsight Systems.
2026-06-09 19:44:27.839062: E external/xla/xla/stream_executor/cuda/cuda_timer.cc:86] Delay kernel timed out: measured time has sub-optimal accuracy. There may be a missing warmup execution, please investigate in Nsight Systems.
2026-06-09 19:44:27.992386: E external/xla/xla/stream_executor/cuda/cuda_timer.cc:86] Delay kernel timed out: measured time has sub-optimal accuracy. There may be a missing warmup execution, please investigate in Nsight Systems.
2026-06-09 19:44:28.172467: E external/xla/xla/stream_executor/cuda/cuda_timer.cc:86] Delay kernel timed out: measured time has sub-optimal accuracy. There may be a missing warmup execution, please investigate in Nsight Systems.
2026-06-09 19:44:28.325942: E external/xla/xla/stream_executor/cuda/cuda_timer.cc:86] Delay kernel timed out: measured time has sub-optimal accuracy. There may be a missing warmup execution, please investigate in Nsight Systems.
2026-06-09 19:44:28.506609: E external/xla/xla/stream_executor/cuda/cuda_timer.cc:86] Delay kernel timed out: measured time has sub-optimal accuracy. There may be a missing warmup execution, please investigate in Nsight Systems.
2026-06-09 19:44:28.661672: E external/xla/xla/stream_executor/cuda/cuda_timer.cc:86] Delay kernel timed out: measured time has sub-optimal accuracy. There may be a missing warmup execution, please investigate in Nsight Systems.
2026-06-09 19:44:29.062747: E external/xla/xla/stream_executor/cuda/cuda_timer.cc:86] Delay kernel timed out: measured time has sub-optimal accuracy. There may be a missing warmup execution, please investigate in Nsight Systems.
2026-06-09 19:44:29.233706: E external/xla/xla/stream_executor/cuda/cuda_timer.cc:86] Delay kernel timed out: measured time has sub-optimal accuracy. There may be a missing warmup execution, please investigate in Nsight Systems.
2026-06-09 19:44:29.531226: E external/xla/xla/stream_executor/cuda/cuda_timer.cc:86] Delay kernel timed out: measured time has sub-optimal accuracy. There may be a missing warmup execution, please investigate in Nsight Systems.
2026-06-09 19:44:29.756119: E external/xla/xla/stream_executor/cuda/cuda_timer.cc:86] Delay kernel timed out: measured time has sub-optimal accuracy. There may be a missing warmup execution, please investigate in Nsight Systems.
2026-06-09 19:44:30.042503: E external/xla/xla/stream_executor/cuda/cuda_timer.cc:86] Delay kernel timed out: measured time has sub-optimal accuracy. There may be a missing warmup execution, please investigate in Nsight Systems.
2026-06-09 19:44:30.264512: E external/xla/xla/stream_executor/cuda/cuda_timer.cc:86] Delay kernel timed out: measured time has sub-optimal accuracy. There may be a missing warmup execution, please investigate in Nsight Systems.
2026-06-09 19:44:30.560408: E external/xla/xla/stream_executor/cuda/cuda_timer.cc:86] Delay kernel timed out: measured time has sub-optimal accuracy. There may be a missing warmup execution, please investigate in Nsight Systems.
2026-06-09 19:44:30.713638: E external/xla/xla/stream_executor/cuda/cuda_timer.cc:86] Delay kernel timed out: measured time has sub-optimal accuracy. There may be a missing warmup execution, please investigate in Nsight Systems.
2026-06-09 19:44:30.893760: E external/xla/xla/stream_executor/cuda/cuda_timer.cc:86] Delay kernel timed out: measured time has sub-optimal accuracy. There may be a missing warmup execution, please investigate in Nsight Systems.
2026-06-09 19:44:31.046614: E external/xla/xla/stream_executor/cuda/cuda_timer.cc:86] Delay kernel timed out: measured time has sub-optimal accuracy. There may be a missing warmup execution, please investigate in Nsight Systems.
2026-06-09 19:44:31.227145: E external/xla/xla/stream_executor/cuda/cuda_timer.cc:86] Delay kernel timed out: measured time has sub-optimal accuracy. There may be a missing warmup execution, please investigate in Nsight Systems.
2026-06-09 19:44:31.381706: E external/xla/xla/stream_executor/cuda/cuda_timer.cc:86] Delay kernel timed out: measured time has sub-optimal accuracy. There may be a missing warmup execution, please investigate in Nsight Systems.
2026-06-09 19:44:31.536207: E external/xla/xla/stream_executor/cuda/cuda_timer.cc:86] Delay kernel timed out: measured time has sub-optimal accuracy. There may be a missing warmup execution, please investigate in Nsight Systems.
2026-06-09 19:44:31.718433: E external/xla/xla/stream_executor/cuda/cuda_timer.cc:86] Delay kernel timed out: measured time has sub-optimal accuracy. There may be a missing warmup execution, please investigate in Nsight Systems.
2026-06-09 19:44:31.870883: E external/xla/xla/stream_executor/cuda/cuda_timer.cc:86] Delay kernel timed out: measured time has sub-optimal accuracy. There may be a missing warmup execution, please investigate in Nsight Systems.
2026-06-09 19:44:32.050178: E external/xla/xla/stream_executor/cuda/cuda_timer.cc:86] Delay kernel timed out: measured time has sub-optimal accuracy. There may be a missing warmup execution, please investigate in Nsight Systems.
2026-06-09 19:44:32.204067: E external/xla/xla/stream_executor/cuda/cuda_timer.cc:86] Delay kernel timed out: measured time has sub-optimal accuracy. There may be a missing warmup execution, please investigate in Nsight Systems.
2026-06-09 19:44:32.674183: E external/xla/xla/stream_executor/cuda/cuda_timer.cc:86] Delay kernel timed out: measured time has sub-optimal accuracy. There may be a missing warmup execution, please investigate in Nsight Systems.
2026-06-09 19:44:32.846220: E external/xla/xla/stream_executor/cuda/cuda_timer.cc:86] Delay kernel timed out: measured time has sub-optimal accuracy. There may be a missing warmup execution, please investigate in Nsight Systems.
2026-06-09 19:44:33.152010: E external/xla/xla/stream_executor/cuda/cuda_timer.cc:86] Delay kernel timed out: measured time has sub-optimal accuracy. There may be a missing warmup execution, please investigate in Nsight Systems.
2026-06-09 19:44:33.382031: E external/xla/xla/stream_executor/cuda/cuda_timer.cc:86] Delay kernel timed out: measured time has sub-optimal accuracy. There may be a missing warmup execution, please investigate in Nsight Systems.
2026-06-09 19:44:33.769812: E external/xla/xla/stream_executor/cuda/cuda_timer.cc:86] Delay kernel timed out: measured time has sub-optimal accuracy. There may be a missing warmup execution, please investigate in Nsight Systems.
2026-06-09 19:44:34.051943: E external/xla/xla/stream_executor/cuda/cuda_timer.cc:86] Delay kernel timed out: measured time has sub-optimal accuracy. There may be a missing warmup execution, please investigate in Nsight Systems.
Loaded 5 frozen MEP partner checkpoints from checkpoints/mep_pool/counter_circuit (5 seeds, 1 steps; max step 760)
MEP partner pool: baseline_seed_0_step_760.msgpack, baseline_seed_1_step_760.msgpack, baseline_seed_2_step_760.msgpack, baseline_seed_3_step_760.msgpack, baseline_seed_4_step_760.msgpack
Update steps:  381.0
Warmup epochs:  19
Cosine epochs:  362.0
--> Saved seed 1 checkpoint at step 1 to checkpoints/mep_br/counter_circuit/baseline_seed_1_step_1.msgpack
--> Saved seed 0 checkpoint at step 1 to checkpoints/mep_br/counter_circuit/baseline_seed_0_step_1.msgpack
--> Saved seed 4 checkpoint at step 1 to checkpoints/mep_br/counter_circuit/baseline_seed_4_step_1.msgpack
--> Saved seed 3 checkpoint at step 1 to checkpoints/mep_br/counter_circuit/baseline_seed_3_step_1.msgpack
--> Saved seed 2 checkpoint at step 1 to checkpoints/mep_br/counter_circuit/baseline_seed_2_step_1.msgpack
--> Saved seed 1 checkpoint at step 38 to checkpoints/mep_br/counter_circuit/baseline_seed_1_step_38.msgpack
--> Saved seed 0 checkpoint at step 38 to checkpoints/mep_br/counter_circuit/baseline_seed_0_step_38.msgpack
--> Saved seed 4 checkpoint at step 38 to checkpoints/mep_br/counter_circuit/baseline_seed_4_step_38.msgpack
--> Saved seed 3 checkpoint at step 38 to checkpoints/mep_br/counter_circuit/baseline_seed_3_step_38.msgpack
--> Saved seed 2 checkpoint at step 38 to checkpoints/mep_br/counter_circuit/baseline_seed_2_step_38.msgpack
--> Saved seed 1 checkpoint at step 76 to checkpoints/mep_br/counter_circuit/baseline_seed_1_step_76.msgpack
--> Saved seed 0 checkpoint at step 76 to checkpoints/mep_br/counter_circuit/baseline_seed_0_step_76.msgpack
--> Saved seed 4 checkpoint at step 76 to checkpoints/mep_br/counter_circuit/baseline_seed_4_step_76.msgpack
--> Saved seed 3 checkpoint at step 76 to checkpoints/mep_br/counter_circuit/baseline_seed_3_step_76.msgpack
--> Saved seed 2 checkpoint at step 76 to checkpoints/mep_br/counter_circuit/baseline_seed_2_step_76.msgpack
--> Saved seed 1 checkpoint at step 114 to checkpoints/mep_br/counter_circuit/baseline_seed_1_step_114.msgpack
--> Saved seed 0 checkpoint at step 114 to checkpoints/mep_br/counter_circuit/baseline_seed_0_step_114.msgpack
--> Saved seed 4 checkpoint at step 114 to checkpoints/mep_br/counter_circuit/baseline_seed_4_step_114.msgpack
--> Saved seed 3 checkpoint at step 114 to checkpoints/mep_br/counter_circuit/baseline_seed_3_step_114.msgpack
--> Saved seed 2 checkpoint at step 114 to checkpoints/mep_br/counter_circuit/baseline_seed_2_step_114.msgpack
--> Saved seed 1 checkpoint at step 152 to checkpoints/mep_br/counter_circuit/baseline_seed_1_step_152.msgpack
--> Saved seed 0 checkpoint at step 152 to checkpoints/mep_br/counter_circuit/baseline_seed_0_step_152.msgpack
--> Saved seed 4 checkpoint at step 152 to checkpoints/mep_br/counter_circuit/baseline_seed_4_step_152.msgpack
--> Saved seed 3 checkpoint at step 152 to checkpoints/mep_br/counter_circuit/baseline_seed_3_step_152.msgpack
--> Saved seed 2 checkpoint at step 152 to checkpoints/mep_br/counter_circuit/baseline_seed_2_step_152.msgpack
--> Saved seed 1 checkpoint at step 190 to checkpoints/mep_br/counter_circuit/baseline_seed_1_step_190.msgpack
--> Saved seed 0 checkpoint at step 190 to checkpoints/mep_br/counter_circuit/baseline_seed_0_step_190.msgpack
--> Saved seed 4 checkpoint at step 190 to checkpoints/mep_br/counter_circuit/baseline_seed_4_step_190.msgpack
--> Saved seed 3 checkpoint at step 190 to checkpoints/mep_br/counter_circuit/baseline_seed_3_step_190.msgpack
--> Saved seed 2 checkpoint at step 190 to checkpoints/mep_br/counter_circuit/baseline_seed_2_step_190.msgpack
--> Saved seed 1 checkpoint at step 228 to checkpoints/mep_br/counter_circuit/baseline_seed_1_step_228.msgpack
--> Saved seed 0 checkpoint at step 228 to checkpoints/mep_br/counter_circuit/baseline_seed_0_step_228.msgpack
--> Saved seed 4 checkpoint at step 228 to checkpoints/mep_br/counter_circuit/baseline_seed_4_step_228.msgpack
--> Saved seed 3 checkpoint at step 228 to checkpoints/mep_br/counter_circuit/baseline_seed_3_step_228.msgpack
--> Saved seed 2 checkpoint at step 228 to checkpoints/mep_br/counter_circuit/baseline_seed_2_step_228.msgpack
--> Saved seed 1 checkpoint at step 266 to checkpoints/mep_br/counter_circuit/baseline_seed_1_step_266.msgpack
--> Saved seed 0 checkpoint at step 266 to checkpoints/mep_br/counter_circuit/baseline_seed_0_step_266.msgpack
--> Saved seed 4 checkpoint at step 266 to checkpoints/mep_br/counter_circuit/baseline_seed_4_step_266.msgpack
--> Saved seed 3 checkpoint at step 266 to checkpoints/mep_br/counter_circuit/baseline_seed_3_step_266.msgpack
--> Saved seed 2 checkpoint at step 266 to checkpoints/mep_br/counter_circuit/baseline_seed_2_step_266.msgpack
--> Saved seed 1 checkpoint at step 304 to checkpoints/mep_br/counter_circuit/baseline_seed_1_step_304.msgpack
--> Saved seed 0 checkpoint at step 304 to checkpoints/mep_br/counter_circuit/baseline_seed_0_step_304.msgpack
--> Saved seed 4 checkpoint at step 304 to checkpoints/mep_br/counter_circuit/baseline_seed_4_step_304.msgpack
--> Saved seed 3 checkpoint at step 304 to checkpoints/mep_br/counter_circuit/baseline_seed_3_step_304.msgpack
--> Saved seed 2 checkpoint at step 304 to checkpoints/mep_br/counter_circuit/baseline_seed_2_step_304.msgpack
--> Saved seed 1 checkpoint at step 342 to checkpoints/mep_br/counter_circuit/baseline_seed_1_step_342.msgpack
--> Saved seed 0 checkpoint at step 342 to checkpoints/mep_br/counter_circuit/baseline_seed_0_step_342.msgpack
--> Saved seed 4 checkpoint at step 342 to checkpoints/mep_br/counter_circuit/baseline_seed_4_step_342.msgpack
--> Saved seed 3 checkpoint at step 342 to checkpoints/mep_br/counter_circuit/baseline_seed_3_step_342.msgpack
--> Saved seed 2 checkpoint at step 342 to checkpoints/mep_br/counter_circuit/baseline_seed_2_step_342.msgpack
--> Saved seed 1 checkpoint at step 380 to checkpoints/mep_br/counter_circuit/baseline_seed_1_step_380.msgpack
--> Saved seed 0 checkpoint at step 380 to checkpoints/mep_br/counter_circuit/baseline_seed_0_step_380.msgpack
--> Saved seed 4 checkpoint at step 380 to checkpoints/mep_br/counter_circuit/baseline_seed_4_step_380.msgpack
--> Saved seed 3 checkpoint at step 380 to checkpoints/mep_br/counter_circuit/baseline_seed_3_step_380.msgpack
--> Saved seed 2 checkpoint at step 380 to checkpoints/mep_br/counter_circuit/baseline_seed_2_step_380.msgpack
[1;34mwandb[0m: 
[1;34mwandb[0m: 🚀 View run [33mmep_br_obsfront_counter_circuit[0m at: [34mhttps://wandb.ai/maytusp/oc-extended/runs/kkzktrar[0m
[1;34mwandb[0m: Find logs at: [1;35m../../../../../../../net/scratch/n70579mp/JaxMARL/wandb/run-20260609_194342-kkzktrar/logs[0m
Importing submoduled environments...
Submoduled environments not found. Skipping import.
wandb: Currently logged in as: maytusp to https://api.wandb.ai. Use `wandb login --relogin` to force relogin
wandb: Tracking run with wandb version 0.21.1
wandb: Run data is saved locally in /net/scratch/n70579mp/JaxMARL/wandb/run-20260609_212536-ebq6tb46
wandb: Run `wandb offline` to turn off syncing.
wandb: Syncing run mep_population_obsfront_coord_ring
wandb: ⭐️ View project at https://wandb.ai/maytusp/oc-extended
wandb: 🚀 View run at https://wandb.ai/maytusp/oc-extended/runs/ebq6tb46
Update steps:  381.0
Warmup epochs:  19
Cosine epochs:  362.0
--> Saved live MEP population member 0 at step 1 to checkpoints/mep_pool/coord_ring/baseline_seed_0_step_1.msgpack
--> Saved live MEP population member 1 at step 1 to checkpoints/mep_pool/coord_ring/baseline_seed_1_step_1.msgpack
--> Saved live MEP population member 2 at step 1 to checkpoints/mep_pool/coord_ring/baseline_seed_2_step_1.msgpack
--> Saved live MEP population member 3 at step 1 to checkpoints/mep_pool/coord_ring/baseline_seed_3_step_1.msgpack
--> Saved live MEP population member 4 at step 1 to checkpoints/mep_pool/coord_ring/baseline_seed_4_step_1.msgpack
--> Saved live MEP population member 0 at step 38 to checkpoints/mep_pool/coord_ring/baseline_seed_0_step_38.msgpack
--> Saved live MEP population member 1 at step 38 to checkpoints/mep_pool/coord_ring/baseline_seed_1_step_38.msgpack
--> Saved live MEP population member 2 at step 38 to checkpoints/mep_pool/coord_ring/baseline_seed_2_step_38.msgpack
--> Saved live MEP population member 3 at step 38 to checkpoints/mep_pool/coord_ring/baseline_seed_3_step_38.msgpack
--> Saved live MEP population member 4 at step 38 to checkpoints/mep_pool/coord_ring/baseline_seed_4_step_38.msgpack
--> Saved live MEP population member 0 at step 76 to checkpoints/mep_pool/coord_ring/baseline_seed_0_step_76.msgpack
--> Saved live MEP population member 1 at step 76 to checkpoints/mep_pool/coord_ring/baseline_seed_1_step_76.msgpack
--> Saved live MEP population member 2 at step 76 to checkpoints/mep_pool/coord_ring/baseline_seed_2_step_76.msgpack
--> Saved live MEP population member 3 at step 76 to checkpoints/mep_pool/coord_ring/baseline_seed_3_step_76.msgpack
--> Saved live MEP population member 4 at step 76 to checkpoints/mep_pool/coord_ring/baseline_seed_4_step_76.msgpack
--> Saved live MEP population member 0 at step 114 to checkpoints/mep_pool/coord_ring/baseline_seed_0_step_114.msgpack
--> Saved live MEP population member 1 at step 114 to checkpoints/mep_pool/coord_ring/baseline_seed_1_step_114.msgpack
--> Saved live MEP population member 2 at step 114 to checkpoints/mep_pool/coord_ring/baseline_seed_2_step_114.msgpack
--> Saved live MEP population member 3 at step 114 to checkpoints/mep_pool/coord_ring/baseline_seed_3_step_114.msgpack
--> Saved live MEP population member 4 at step 114 to checkpoints/mep_pool/coord_ring/baseline_seed_4_step_114.msgpack
--> Saved live MEP population member 0 at step 152 to checkpoints/mep_pool/coord_ring/baseline_seed_0_step_152.msgpack
--> Saved live MEP population member 1 at step 152 to checkpoints/mep_pool/coord_ring/baseline_seed_1_step_152.msgpack
--> Saved live MEP population member 2 at step 152 to checkpoints/mep_pool/coord_ring/baseline_seed_2_step_152.msgpack
--> Saved live MEP population member 3 at step 152 to checkpoints/mep_pool/coord_ring/baseline_seed_3_step_152.msgpack
--> Saved live MEP population member 4 at step 152 to checkpoints/mep_pool/coord_ring/baseline_seed_4_step_152.msgpack
--> Saved live MEP population member 0 at step 190 to checkpoints/mep_pool/coord_ring/baseline_seed_0_step_190.msgpack
--> Saved live MEP population member 1 at step 190 to checkpoints/mep_pool/coord_ring/baseline_seed_1_step_190.msgpack
--> Saved live MEP population member 2 at step 190 to checkpoints/mep_pool/coord_ring/baseline_seed_2_step_190.msgpack
--> Saved live MEP population member 3 at step 190 to checkpoints/mep_pool/coord_ring/baseline_seed_3_step_190.msgpack
--> Saved live MEP population member 4 at step 190 to checkpoints/mep_pool/coord_ring/baseline_seed_4_step_190.msgpack
--> Saved live MEP population member 0 at step 228 to checkpoints/mep_pool/coord_ring/baseline_seed_0_step_228.msgpack
--> Saved live MEP population member 1 at step 228 to checkpoints/mep_pool/coord_ring/baseline_seed_1_step_228.msgpack
--> Saved live MEP population member 2 at step 228 to checkpoints/mep_pool/coord_ring/baseline_seed_2_step_228.msgpack
--> Saved live MEP population member 3 at step 228 to checkpoints/mep_pool/coord_ring/baseline_seed_3_step_228.msgpack
--> Saved live MEP population member 4 at step 228 to checkpoints/mep_pool/coord_ring/baseline_seed_4_step_228.msgpack
--> Saved live MEP population member 0 at step 266 to checkpoints/mep_pool/coord_ring/baseline_seed_0_step_266.msgpack
--> Saved live MEP population member 1 at step 266 to checkpoints/mep_pool/coord_ring/baseline_seed_1_step_266.msgpack
--> Saved live MEP population member 2 at step 266 to checkpoints/mep_pool/coord_ring/baseline_seed_2_step_266.msgpack
--> Saved live MEP population member 3 at step 266 to checkpoints/mep_pool/coord_ring/baseline_seed_3_step_266.msgpack
--> Saved live MEP population member 4 at step 266 to checkpoints/mep_pool/coord_ring/baseline_seed_4_step_266.msgpack
--> Saved live MEP population member 0 at step 304 to checkpoints/mep_pool/coord_ring/baseline_seed_0_step_304.msgpack
--> Saved live MEP population member 1 at step 304 to checkpoints/mep_pool/coord_ring/baseline_seed_1_step_304.msgpack
--> Saved live MEP population member 2 at step 304 to checkpoints/mep_pool/coord_ring/baseline_seed_2_step_304.msgpack
--> Saved live MEP population member 3 at step 304 to checkpoints/mep_pool/coord_ring/baseline_seed_3_step_304.msgpack
--> Saved live MEP population member 4 at step 304 to checkpoints/mep_pool/coord_ring/baseline_seed_4_step_304.msgpack
--> Saved live MEP population member 0 at step 342 to checkpoints/mep_pool/coord_ring/baseline_seed_0_step_342.msgpack
--> Saved live MEP population member 1 at step 342 to checkpoints/mep_pool/coord_ring/baseline_seed_1_step_342.msgpack
--> Saved live MEP population member 2 at step 342 to checkpoints/mep_pool/coord_ring/baseline_seed_2_step_342.msgpack
--> Saved live MEP population member 3 at step 342 to checkpoints/mep_pool/coord_ring/baseline_seed_3_step_342.msgpack
--> Saved live MEP population member 4 at step 342 to checkpoints/mep_pool/coord_ring/baseline_seed_4_step_342.msgpack
--> Saved live MEP population member 0 at step 380 to checkpoints/mep_pool/coord_ring/baseline_seed_0_step_380.msgpack
--> Saved live MEP population member 1 at step 380 to checkpoints/mep_pool/coord_ring/baseline_seed_1_step_380.msgpack
--> Saved live MEP population member 2 at step 380 to checkpoints/mep_pool/coord_ring/baseline_seed_2_step_380.msgpack
--> Saved live MEP population member 3 at step 380 to checkpoints/mep_pool/coord_ring/baseline_seed_3_step_380.msgpack
--> Saved live MEP population member 4 at step 380 to checkpoints/mep_pool/coord_ring/baseline_seed_4_step_380.msgpack
[1;34mwandb[0m: 
[1;34mwandb[0m: 🚀 View run [33mmep_population_obsfront_coord_ring[0m at: [34mhttps://wandb.ai/maytusp/oc-extended/runs/ebq6tb46[0m
[1;34mwandb[0m: Find logs at: [1;35m../../../../../../../net/scratch/n70579mp/JaxMARL/wandb/run-20260609_212536-ebq6tb46/logs[0m
Importing submoduled environments...
Submoduled environments not found. Skipping import.
wandb: Currently logged in as: maytusp to https://api.wandb.ai. Use `wandb login --relogin` to force relogin
wandb: Tracking run with wandb version 0.21.1
wandb: Run data is saved locally in /net/scratch/n70579mp/JaxMARL/wandb/run-20260609_223247-ns48tv90
wandb: Run `wandb offline` to turn off syncing.
wandb: Syncing run mep_br_obsfront_coord_ring
wandb: ⭐️ View project at https://wandb.ai/maytusp/oc-extended
wandb: 🚀 View run at https://wandb.ai/maytusp/oc-extended/runs/ns48tv90
2026-06-09 22:33:18.711905: E external/xla/xla/stream_executor/cuda/cuda_timer.cc:86] Delay kernel timed out: measured time has sub-optimal accuracy. There may be a missing warmup execution, please investigate in Nsight Systems.
2026-06-09 22:33:18.872993: E external/xla/xla/stream_executor/cuda/cuda_timer.cc:86] Delay kernel timed out: measured time has sub-optimal accuracy. There may be a missing warmup execution, please investigate in Nsight Systems.
2026-06-09 22:33:19.071701: E external/xla/xla/stream_executor/cuda/cuda_timer.cc:86] Delay kernel timed out: measured time has sub-optimal accuracy. There may be a missing warmup execution, please investigate in Nsight Systems.
2026-06-09 22:33:19.231975: E external/xla/xla/stream_executor/cuda/cuda_timer.cc:86] Delay kernel timed out: measured time has sub-optimal accuracy. There may be a missing warmup execution, please investigate in Nsight Systems.
2026-06-09 22:33:19.429609: E external/xla/xla/stream_executor/cuda/cuda_timer.cc:86] Delay kernel timed out: measured time has sub-optimal accuracy. There may be a missing warmup execution, please investigate in Nsight Systems.
2026-06-09 22:33:19.590121: E external/xla/xla/stream_executor/cuda/cuda_timer.cc:86] Delay kernel timed out: measured time has sub-optimal accuracy. There may be a missing warmup execution, please investigate in Nsight Systems.
2026-06-09 22:33:19.787947: E external/xla/xla/stream_executor/cuda/cuda_timer.cc:86] Delay kernel timed out: measured time has sub-optimal accuracy. There may be a missing warmup execution, please investigate in Nsight Systems.
2026-06-09 22:33:19.948304: E external/xla/xla/stream_executor/cuda/cuda_timer.cc:86] Delay kernel timed out: measured time has sub-optimal accuracy. There may be a missing warmup execution, please investigate in Nsight Systems.
2026-06-09 22:33:20.214513: E external/xla/xla/stream_executor/cuda/cuda_timer.cc:86] Delay kernel timed out: measured time has sub-optimal accuracy. There may be a missing warmup execution, please investigate in Nsight Systems.
2026-06-09 22:33:20.375368: E external/xla/xla/stream_executor/cuda/cuda_timer.cc:86] Delay kernel timed out: measured time has sub-optimal accuracy. There may be a missing warmup execution, please investigate in Nsight Systems.
2026-06-09 22:33:20.743665: E external/xla/xla/stream_executor/cuda/cuda_timer.cc:86] Delay kernel timed out: measured time has sub-optimal accuracy. There may be a missing warmup execution, please investigate in Nsight Systems.
2026-06-09 22:33:20.932319: E external/xla/xla/stream_executor/cuda/cuda_timer.cc:86] Delay kernel timed out: measured time has sub-optimal accuracy. There may be a missing warmup execution, please investigate in Nsight Systems.
2026-06-09 22:33:21.255317: E external/xla/xla/stream_executor/cuda/cuda_timer.cc:86] Delay kernel timed out: measured time has sub-optimal accuracy. There may be a missing warmup execution, please investigate in Nsight Systems.
2026-06-09 22:33:21.489143: E external/xla/xla/stream_executor/cuda/cuda_timer.cc:86] Delay kernel timed out: measured time has sub-optimal accuracy. There may be a missing warmup execution, please investigate in Nsight Systems.
2026-06-09 22:33:21.687335: E external/xla/xla/stream_executor/cuda/cuda_timer.cc:86] Delay kernel timed out: measured time has sub-optimal accuracy. There may be a missing warmup execution, please investigate in Nsight Systems.
2026-06-09 22:33:21.839828: E external/xla/xla/stream_executor/cuda/cuda_timer.cc:86] Delay kernel timed out: measured time has sub-optimal accuracy. There may be a missing warmup execution, please investigate in Nsight Systems.
2026-06-09 22:33:22.020955: E external/xla/xla/stream_executor/cuda/cuda_timer.cc:86] Delay kernel timed out: measured time has sub-optimal accuracy. There may be a missing warmup execution, please investigate in Nsight Systems.
2026-06-09 22:33:22.173625: E external/xla/xla/stream_executor/cuda/cuda_timer.cc:86] Delay kernel timed out: measured time has sub-optimal accuracy. There may be a missing warmup execution, please investigate in Nsight Systems.
2026-06-09 22:33:22.355557: E external/xla/xla/stream_executor/cuda/cuda_timer.cc:86] Delay kernel timed out: measured time has sub-optimal accuracy. There may be a missing warmup execution, please investigate in Nsight Systems.
2026-06-09 22:33:22.507814: E external/xla/xla/stream_executor/cuda/cuda_timer.cc:86] Delay kernel timed out: measured time has sub-optimal accuracy. There may be a missing warmup execution, please investigate in Nsight Systems.
2026-06-09 22:33:22.714697: E external/xla/xla/stream_executor/cuda/cuda_timer.cc:86] Delay kernel timed out: measured time has sub-optimal accuracy. There may be a missing warmup execution, please investigate in Nsight Systems.
2026-06-09 22:33:22.867590: E external/xla/xla/stream_executor/cuda/cuda_timer.cc:86] Delay kernel timed out: measured time has sub-optimal accuracy. There may be a missing warmup execution, please investigate in Nsight Systems.
2026-06-09 22:33:23.048642: E external/xla/xla/stream_executor/cuda/cuda_timer.cc:86] Delay kernel timed out: measured time has sub-optimal accuracy. There may be a missing warmup execution, please investigate in Nsight Systems.
2026-06-09 22:33:23.202076: E external/xla/xla/stream_executor/cuda/cuda_timer.cc:86] Delay kernel timed out: measured time has sub-optimal accuracy. There may be a missing warmup execution, please investigate in Nsight Systems.
2026-06-09 22:33:23.813047: E external/xla/xla/stream_executor/cuda/cuda_timer.cc:86] Delay kernel timed out: measured time has sub-optimal accuracy. There may be a missing warmup execution, please investigate in Nsight Systems.
2026-06-09 22:33:24.071038: E external/xla/xla/stream_executor/cuda/cuda_timer.cc:86] Delay kernel timed out: measured time has sub-optimal accuracy. There may be a missing warmup execution, please investigate in Nsight Systems.
2026-06-09 22:33:24.489208: E external/xla/xla/stream_executor/cuda/cuda_timer.cc:86] Delay kernel timed out: measured time has sub-optimal accuracy. There may be a missing warmup execution, please investigate in Nsight Systems.
2026-06-09 22:33:24.764035: E external/xla/xla/stream_executor/cuda/cuda_timer.cc:86] Delay kernel timed out: measured time has sub-optimal accuracy. There may be a missing warmup execution, please investigate in Nsight Systems.
2026-06-09 22:33:24.967750: E external/xla/xla/stream_executor/cuda/cuda_timer.cc:86] Delay kernel timed out: measured time has sub-optimal accuracy. There may be a missing warmup execution, please investigate in Nsight Systems.
2026-06-09 22:33:25.119359: E external/xla/xla/stream_executor/cuda/cuda_timer.cc:86] Delay kernel timed out: measured time has sub-optimal accuracy. There may be a missing warmup execution, please investigate in Nsight Systems.
2026-06-09 22:33:25.299583: E external/xla/xla/stream_executor/cuda/cuda_timer.cc:86] Delay kernel timed out: measured time has sub-optimal accuracy. There may be a missing warmup execution, please investigate in Nsight Systems.
2026-06-09 22:33:25.451613: E external/xla/xla/stream_executor/cuda/cuda_timer.cc:86] Delay kernel timed out: measured time has sub-optimal accuracy. There may be a missing warmup execution, please investigate in Nsight Systems.
2026-06-09 22:33:25.633016: E external/xla/xla/stream_executor/cuda/cuda_timer.cc:86] Delay kernel timed out: measured time has sub-optimal accuracy. There may be a missing warmup execution, please investigate in Nsight Systems.
2026-06-09 22:33:25.785409: E external/xla/xla/stream_executor/cuda/cuda_timer.cc:86] Delay kernel timed out: measured time has sub-optimal accuracy. There may be a missing warmup execution, please investigate in Nsight Systems.
2026-06-09 22:33:25.936841: E external/xla/xla/stream_executor/cuda/cuda_timer.cc:86] Delay kernel timed out: measured time has sub-optimal accuracy. There may be a missing warmup execution, please investigate in Nsight Systems.
2026-06-09 22:33:26.117051: E external/xla/xla/stream_executor/cuda/cuda_timer.cc:86] Delay kernel timed out: measured time has sub-optimal accuracy. There may be a missing warmup execution, please investigate in Nsight Systems.
2026-06-09 22:33:26.268525: E external/xla/xla/stream_executor/cuda/cuda_timer.cc:86] Delay kernel timed out: measured time has sub-optimal accuracy. There may be a missing warmup execution, please investigate in Nsight Systems.
2026-06-09 22:33:26.448322: E external/xla/xla/stream_executor/cuda/cuda_timer.cc:86] Delay kernel timed out: measured time has sub-optimal accuracy. There may be a missing warmup execution, please investigate in Nsight Systems.
2026-06-09 22:33:26.601010: E external/xla/xla/stream_executor/cuda/cuda_timer.cc:86] Delay kernel timed out: measured time has sub-optimal accuracy. There may be a missing warmup execution, please investigate in Nsight Systems.
2026-06-09 22:33:26.754218: E external/xla/xla/stream_executor/cuda/cuda_timer.cc:86] Delay kernel timed out: measured time has sub-optimal accuracy. There may be a missing warmup execution, please investigate in Nsight Systems.
2026-06-09 22:33:27.358651: E external/xla/xla/stream_executor/cuda/cuda_timer.cc:86] Delay kernel timed out: measured time has sub-optimal accuracy. There may be a missing warmup execution, please investigate in Nsight Systems.
2026-06-09 22:33:27.602700: E external/xla/xla/stream_executor/cuda/cuda_timer.cc:86] Delay kernel timed out: measured time has sub-optimal accuracy. There may be a missing warmup execution, please investigate in Nsight Systems.
2026-06-09 22:33:27.826357: E external/xla/xla/stream_executor/cuda/cuda_timer.cc:86] Delay kernel timed out: measured time has sub-optimal accuracy. There may be a missing warmup execution, please investigate in Nsight Systems.
2026-06-09 22:33:27.998751: E external/xla/xla/stream_executor/cuda/cuda_timer.cc:86] Delay kernel timed out: measured time has sub-optimal accuracy. There may be a missing warmup execution, please investigate in Nsight Systems.
2026-06-09 22:33:28.227840: E external/xla/xla/stream_executor/cuda/cuda_timer.cc:86] Delay kernel timed out: measured time has sub-optimal accuracy. There may be a missing warmup execution, please investigate in Nsight Systems.
2026-06-09 22:33:28.379320: E external/xla/xla/stream_executor/cuda/cuda_timer.cc:86] Delay kernel timed out: measured time has sub-optimal accuracy. There may be a missing warmup execution, please investigate in Nsight Systems.
2026-06-09 22:33:28.559119: E external/xla/xla/stream_executor/cuda/cuda_timer.cc:86] Delay kernel timed out: measured time has sub-optimal accuracy. There may be a missing warmup execution, please investigate in Nsight Systems.
2026-06-09 22:33:28.711386: E external/xla/xla/stream_executor/cuda/cuda_timer.cc:86] Delay kernel timed out: measured time has sub-optimal accuracy. There may be a missing warmup execution, please investigate in Nsight Systems.
2026-06-09 22:33:28.864275: E external/xla/xla/stream_executor/cuda/cuda_timer.cc:86] Delay kernel timed out: measured time has sub-optimal accuracy. There may be a missing warmup execution, please investigate in Nsight Systems.
2026-06-09 22:33:29.044309: E external/xla/xla/stream_executor/cuda/cuda_timer.cc:86] Delay kernel timed out: measured time has sub-optimal accuracy. There may be a missing warmup execution, please investigate in Nsight Systems.
2026-06-09 22:33:29.196279: E external/xla/xla/stream_executor/cuda/cuda_timer.cc:86] Delay kernel timed out: measured time has sub-optimal accuracy. There may be a missing warmup execution, please investigate in Nsight Systems.
2026-06-09 22:33:29.434058: E external/xla/xla/stream_executor/cuda/cuda_timer.cc:86] Delay kernel timed out: measured time has sub-optimal accuracy. There may be a missing warmup execution, please investigate in Nsight Systems.
2026-06-09 22:33:29.586625: E external/xla/xla/stream_executor/cuda/cuda_timer.cc:86] Delay kernel timed out: measured time has sub-optimal accuracy. There may be a missing warmup execution, please investigate in Nsight Systems.
2026-06-09 22:33:29.767006: E external/xla/xla/stream_executor/cuda/cuda_timer.cc:86] Delay kernel timed out: measured time has sub-optimal accuracy. There may be a missing warmup execution, please investigate in Nsight Systems.
2026-06-09 22:33:29.920771: E external/xla/xla/stream_executor/cuda/cuda_timer.cc:86] Delay kernel timed out: measured time has sub-optimal accuracy. There may be a missing warmup execution, please investigate in Nsight Systems.
2026-06-09 22:33:30.250536: E external/xla/xla/stream_executor/cuda/cuda_timer.cc:86] Delay kernel timed out: measured time has sub-optimal accuracy. There may be a missing warmup execution, please investigate in Nsight Systems.
2026-06-09 22:33:30.423282: E external/xla/xla/stream_executor/cuda/cuda_timer.cc:86] Delay kernel timed out: measured time has sub-optimal accuracy. There may be a missing warmup execution, please investigate in Nsight Systems.
2026-06-09 22:33:30.708741: E external/xla/xla/stream_executor/cuda/cuda_timer.cc:86] Delay kernel timed out: measured time has sub-optimal accuracy. There may be a missing warmup execution, please investigate in Nsight Systems.
2026-06-09 22:33:30.924735: E external/xla/xla/stream_executor/cuda/cuda_timer.cc:86] Delay kernel timed out: measured time has sub-optimal accuracy. There may be a missing warmup execution, please investigate in Nsight Systems.
2026-06-09 22:33:31.171172: E external/xla/xla/stream_executor/cuda/cuda_timer.cc:86] Delay kernel timed out: measured time has sub-optimal accuracy. There may be a missing warmup execution, please investigate in Nsight Systems.
2026-06-09 22:33:31.362199: E external/xla/xla/stream_executor/cuda/cuda_timer.cc:86] Delay kernel timed out: measured time has sub-optimal accuracy. There may be a missing warmup execution, please investigate in Nsight Systems.
2026-06-09 22:33:31.563486: E external/xla/xla/stream_executor/cuda/cuda_timer.cc:86] Delay kernel timed out: measured time has sub-optimal accuracy. There may be a missing warmup execution, please investigate in Nsight Systems.
2026-06-09 22:33:31.715405: E external/xla/xla/stream_executor/cuda/cuda_timer.cc:86] Delay kernel timed out: measured time has sub-optimal accuracy. There may be a missing warmup execution, please investigate in Nsight Systems.
2026-06-09 22:33:31.867494: E external/xla/xla/stream_executor/cuda/cuda_timer.cc:86] Delay kernel timed out: measured time has sub-optimal accuracy. There may be a missing warmup execution, please investigate in Nsight Systems.
2026-06-09 22:33:32.047930: E external/xla/xla/stream_executor/cuda/cuda_timer.cc:86] Delay kernel timed out: measured time has sub-optimal accuracy. There may be a missing warmup execution, please investigate in Nsight Systems.
2026-06-09 22:33:32.200608: E external/xla/xla/stream_executor/cuda/cuda_timer.cc:86] Delay kernel timed out: measured time has sub-optimal accuracy. There may be a missing warmup execution, please investigate in Nsight Systems.
2026-06-09 22:33:32.352729: E external/xla/xla/stream_executor/cuda/cuda_timer.cc:86] Delay kernel timed out: measured time has sub-optimal accuracy. There may be a missing warmup execution, please investigate in Nsight Systems.
2026-06-09 22:33:32.566922: E external/xla/xla/stream_executor/cuda/cuda_timer.cc:86] Delay kernel timed out: measured time has sub-optimal accuracy. There may be a missing warmup execution, please investigate in Nsight Systems.
2026-06-09 22:33:32.719682: E external/xla/xla/stream_executor/cuda/cuda_timer.cc:86] Delay kernel timed out: measured time has sub-optimal accuracy. There may be a missing warmup execution, please investigate in Nsight Systems.
2026-06-09 22:33:32.900989: E external/xla/xla/stream_executor/cuda/cuda_timer.cc:86] Delay kernel timed out: measured time has sub-optimal accuracy. There may be a missing warmup execution, please investigate in Nsight Systems.
2026-06-09 22:33:33.055539: E external/xla/xla/stream_executor/cuda/cuda_timer.cc:86] Delay kernel timed out: measured time has sub-optimal accuracy. There may be a missing warmup execution, please investigate in Nsight Systems.
2026-06-09 22:33:33.209184: E external/xla/xla/stream_executor/cuda/cuda_timer.cc:86] Delay kernel timed out: measured time has sub-optimal accuracy. There may be a missing warmup execution, please investigate in Nsight Systems.
2026-06-09 22:33:33.391225: E external/xla/xla/stream_executor/cuda/cuda_timer.cc:86] Delay kernel timed out: measured time has sub-optimal accuracy. There may be a missing warmup execution, please investigate in Nsight Systems.
2026-06-09 22:33:33.545516: E external/xla/xla/stream_executor/cuda/cuda_timer.cc:86] Delay kernel timed out: measured time has sub-optimal accuracy. There may be a missing warmup execution, please investigate in Nsight Systems.
2026-06-09 22:33:33.969688: E external/xla/xla/stream_executor/cuda/cuda_timer.cc:86] Delay kernel timed out: measured time has sub-optimal accuracy. There may be a missing warmup execution, please investigate in Nsight Systems.
2026-06-09 22:33:34.141618: E external/xla/xla/stream_executor/cuda/cuda_timer.cc:86] Delay kernel timed out: measured time has sub-optimal accuracy. There may be a missing warmup execution, please investigate in Nsight Systems.
2026-06-09 22:33:34.440517: E external/xla/xla/stream_executor/cuda/cuda_timer.cc:86] Delay kernel timed out: measured time has sub-optimal accuracy. There may be a missing warmup execution, please investigate in Nsight Systems.
2026-06-09 22:33:34.664890: E external/xla/xla/stream_executor/cuda/cuda_timer.cc:86] Delay kernel timed out: measured time has sub-optimal accuracy. There may be a missing warmup execution, please investigate in Nsight Systems.
2026-06-09 22:33:34.951256: E external/xla/xla/stream_executor/cuda/cuda_timer.cc:86] Delay kernel timed out: measured time has sub-optimal accuracy. There may be a missing warmup execution, please investigate in Nsight Systems.
2026-06-09 22:33:35.172859: E external/xla/xla/stream_executor/cuda/cuda_timer.cc:86] Delay kernel timed out: measured time has sub-optimal accuracy. There may be a missing warmup execution, please investigate in Nsight Systems.
2026-06-09 22:33:35.388265: E external/xla/xla/stream_executor/cuda/cuda_timer.cc:86] Delay kernel timed out: measured time has sub-optimal accuracy. There may be a missing warmup execution, please investigate in Nsight Systems.
2026-06-09 22:33:35.540608: E external/xla/xla/stream_executor/cuda/cuda_timer.cc:86] Delay kernel timed out: measured time has sub-optimal accuracy. There may be a missing warmup execution, please investigate in Nsight Systems.
2026-06-09 22:33:35.721750: E external/xla/xla/stream_executor/cuda/cuda_timer.cc:86] Delay kernel timed out: measured time has sub-optimal accuracy. There may be a missing warmup execution, please investigate in Nsight Systems.
2026-06-09 22:33:35.874184: E external/xla/xla/stream_executor/cuda/cuda_timer.cc:86] Delay kernel timed out: measured time has sub-optimal accuracy. There may be a missing warmup execution, please investigate in Nsight Systems.
2026-06-09 22:33:36.054719: E external/xla/xla/stream_executor/cuda/cuda_timer.cc:86] Delay kernel timed out: measured time has sub-optimal accuracy. There may be a missing warmup execution, please investigate in Nsight Systems.
2026-06-09 22:33:36.208942: E external/xla/xla/stream_executor/cuda/cuda_timer.cc:86] Delay kernel timed out: measured time has sub-optimal accuracy. There may be a missing warmup execution, please investigate in Nsight Systems.
2026-06-09 22:33:36.392099: E external/xla/xla/stream_executor/cuda/cuda_timer.cc:86] Delay kernel timed out: measured time has sub-optimal accuracy. There may be a missing warmup execution, please investigate in Nsight Systems.
2026-06-09 22:33:36.545050: E external/xla/xla/stream_executor/cuda/cuda_timer.cc:86] Delay kernel timed out: measured time has sub-optimal accuracy. There may be a missing warmup execution, please investigate in Nsight Systems.
2026-06-09 22:33:36.697587: E external/xla/xla/stream_executor/cuda/cuda_timer.cc:86] Delay kernel timed out: measured time has sub-optimal accuracy. There may be a missing warmup execution, please investigate in Nsight Systems.
2026-06-09 22:33:36.878323: E external/xla/xla/stream_executor/cuda/cuda_timer.cc:86] Delay kernel timed out: measured time has sub-optimal accuracy. There may be a missing warmup execution, please investigate in Nsight Systems.
2026-06-09 22:33:37.031834: E external/xla/xla/stream_executor/cuda/cuda_timer.cc:86] Delay kernel timed out: measured time has sub-optimal accuracy. There may be a missing warmup execution, please investigate in Nsight Systems.
2026-06-09 22:33:37.529937: E external/xla/xla/stream_executor/cuda/cuda_timer.cc:86] Delay kernel timed out: measured time has sub-optimal accuracy. There may be a missing warmup execution, please investigate in Nsight Systems.
2026-06-09 22:33:37.702203: E external/xla/xla/stream_executor/cuda/cuda_timer.cc:86] Delay kernel timed out: measured time has sub-optimal accuracy. There may be a missing warmup execution, please investigate in Nsight Systems.
2026-06-09 22:33:38.008940: E external/xla/xla/stream_executor/cuda/cuda_timer.cc:86] Delay kernel timed out: measured time has sub-optimal accuracy. There may be a missing warmup execution, please investigate in Nsight Systems.
2026-06-09 22:33:38.240732: E external/xla/xla/stream_executor/cuda/cuda_timer.cc:86] Delay kernel timed out: measured time has sub-optimal accuracy. There may be a missing warmup execution, please investigate in Nsight Systems.
2026-06-09 22:33:38.627496: E external/xla/xla/stream_executor/cuda/cuda_timer.cc:86] Delay kernel timed out: measured time has sub-optimal accuracy. There may be a missing warmup execution, please investigate in Nsight Systems.
2026-06-09 22:33:38.909379: E external/xla/xla/stream_executor/cuda/cuda_timer.cc:86] Delay kernel timed out: measured time has sub-optimal accuracy. There may be a missing warmup execution, please investigate in Nsight Systems.
Loaded 5 frozen MEP partner checkpoints from checkpoints/mep_pool/coord_ring (5 seeds, 1 steps; max step 380)
MEP partner pool: baseline_seed_0_step_380.msgpack, baseline_seed_1_step_380.msgpack, baseline_seed_2_step_380.msgpack, baseline_seed_3_step_380.msgpack, baseline_seed_4_step_380.msgpack
Update steps:  228.0
Warmup epochs:  11
Cosine epochs:  217.0
--> Saved seed 1 checkpoint at step 1 to checkpoints/mep_br/coord_ring/baseline_seed_1_step_1.msgpack
--> Saved seed 0 checkpoint at step 1 to checkpoints/mep_br/coord_ring/baseline_seed_0_step_1.msgpack
--> Saved seed 4 checkpoint at step 1 to checkpoints/mep_br/coord_ring/baseline_seed_4_step_1.msgpack
--> Saved seed 3 checkpoint at step 1 to checkpoints/mep_br/coord_ring/baseline_seed_3_step_1.msgpack
--> Saved seed 2 checkpoint at step 1 to checkpoints/mep_br/coord_ring/baseline_seed_2_step_1.msgpack
--> Saved seed 1 checkpoint at step 22 to checkpoints/mep_br/coord_ring/baseline_seed_1_step_22.msgpack
--> Saved seed 0 checkpoint at step 22 to checkpoints/mep_br/coord_ring/baseline_seed_0_step_22.msgpack
--> Saved seed 4 checkpoint at step 22 to checkpoints/mep_br/coord_ring/baseline_seed_4_step_22.msgpack
--> Saved seed 3 checkpoint at step 22 to checkpoints/mep_br/coord_ring/baseline_seed_3_step_22.msgpack
--> Saved seed 2 checkpoint at step 22 to checkpoints/mep_br/coord_ring/baseline_seed_2_step_22.msgpack
--> Saved seed 1 checkpoint at step 44 to checkpoints/mep_br/coord_ring/baseline_seed_1_step_44.msgpack
--> Saved seed 0 checkpoint at step 44 to checkpoints/mep_br/coord_ring/baseline_seed_0_step_44.msgpack
--> Saved seed 4 checkpoint at step 44 to checkpoints/mep_br/coord_ring/baseline_seed_4_step_44.msgpack
--> Saved seed 3 checkpoint at step 44 to checkpoints/mep_br/coord_ring/baseline_seed_3_step_44.msgpack
--> Saved seed 2 checkpoint at step 44 to checkpoints/mep_br/coord_ring/baseline_seed_2_step_44.msgpack
--> Saved seed 1 checkpoint at step 66 to checkpoints/mep_br/coord_ring/baseline_seed_1_step_66.msgpack
--> Saved seed 0 checkpoint at step 66 to checkpoints/mep_br/coord_ring/baseline_seed_0_step_66.msgpack
--> Saved seed 4 checkpoint at step 66 to checkpoints/mep_br/coord_ring/baseline_seed_4_step_66.msgpack
--> Saved seed 3 checkpoint at step 66 to checkpoints/mep_br/coord_ring/baseline_seed_3_step_66.msgpack
--> Saved seed 2 checkpoint at step 66 to checkpoints/mep_br/coord_ring/baseline_seed_2_step_66.msgpack
--> Saved seed 1 checkpoint at step 88 to checkpoints/mep_br/coord_ring/baseline_seed_1_step_88.msgpack
--> Saved seed 0 checkpoint at step 88 to checkpoints/mep_br/coord_ring/baseline_seed_0_step_88.msgpack
--> Saved seed 4 checkpoint at step 88 to checkpoints/mep_br/coord_ring/baseline_seed_4_step_88.msgpack
--> Saved seed 3 checkpoint at step 88 to checkpoints/mep_br/coord_ring/baseline_seed_3_step_88.msgpack
--> Saved seed 2 checkpoint at step 88 to checkpoints/mep_br/coord_ring/baseline_seed_2_step_88.msgpack
--> Saved seed 1 checkpoint at step 110 to checkpoints/mep_br/coord_ring/baseline_seed_1_step_110.msgpack
--> Saved seed 0 checkpoint at step 110 to checkpoints/mep_br/coord_ring/baseline_seed_0_step_110.msgpack
--> Saved seed 4 checkpoint at step 110 to checkpoints/mep_br/coord_ring/baseline_seed_4_step_110.msgpack
--> Saved seed 3 checkpoint at step 110 to checkpoints/mep_br/coord_ring/baseline_seed_3_step_110.msgpack
--> Saved seed 2 checkpoint at step 110 to checkpoints/mep_br/coord_ring/baseline_seed_2_step_110.msgpack
--> Saved seed 1 checkpoint at step 132 to checkpoints/mep_br/coord_ring/baseline_seed_1_step_132.msgpack
--> Saved seed 0 checkpoint at step 132 to checkpoints/mep_br/coord_ring/baseline_seed_0_step_132.msgpack
--> Saved seed 4 checkpoint at step 132 to checkpoints/mep_br/coord_ring/baseline_seed_4_step_132.msgpack
--> Saved seed 3 checkpoint at step 132 to checkpoints/mep_br/coord_ring/baseline_seed_3_step_132.msgpack
--> Saved seed 2 checkpoint at step 132 to checkpoints/mep_br/coord_ring/baseline_seed_2_step_132.msgpack
--> Saved seed 1 checkpoint at step 154 to checkpoints/mep_br/coord_ring/baseline_seed_1_step_154.msgpack
--> Saved seed 0 checkpoint at step 154 to checkpoints/mep_br/coord_ring/baseline_seed_0_step_154.msgpack
--> Saved seed 4 checkpoint at step 154 to checkpoints/mep_br/coord_ring/baseline_seed_4_step_154.msgpack
--> Saved seed 3 checkpoint at step 154 to checkpoints/mep_br/coord_ring/baseline_seed_3_step_154.msgpack
--> Saved seed 2 checkpoint at step 154 to checkpoints/mep_br/coord_ring/baseline_seed_2_step_154.msgpack
--> Saved seed 1 checkpoint at step 176 to checkpoints/mep_br/coord_ring/baseline_seed_1_step_176.msgpack
--> Saved seed 0 checkpoint at step 176 to checkpoints/mep_br/coord_ring/baseline_seed_0_step_176.msgpack
--> Saved seed 4 checkpoint at step 176 to checkpoints/mep_br/coord_ring/baseline_seed_4_step_176.msgpack
--> Saved seed 3 checkpoint at step 176 to checkpoints/mep_br/coord_ring/baseline_seed_3_step_176.msgpack
--> Saved seed 2 checkpoint at step 176 to checkpoints/mep_br/coord_ring/baseline_seed_2_step_176.msgpack
--> Saved seed 1 checkpoint at step 198 to checkpoints/mep_br/coord_ring/baseline_seed_1_step_198.msgpack
--> Saved seed 0 checkpoint at step 198 to checkpoints/mep_br/coord_ring/baseline_seed_0_step_198.msgpack
--> Saved seed 4 checkpoint at step 198 to checkpoints/mep_br/coord_ring/baseline_seed_4_step_198.msgpack
--> Saved seed 3 checkpoint at step 198 to checkpoints/mep_br/coord_ring/baseline_seed_3_step_198.msgpack
--> Saved seed 2 checkpoint at step 198 to checkpoints/mep_br/coord_ring/baseline_seed_2_step_198.msgpack
--> Saved seed 1 checkpoint at step 220 to checkpoints/mep_br/coord_ring/baseline_seed_1_step_220.msgpack
--> Saved seed 0 checkpoint at step 220 to checkpoints/mep_br/coord_ring/baseline_seed_0_step_220.msgpack
--> Saved seed 4 checkpoint at step 220 to checkpoints/mep_br/coord_ring/baseline_seed_4_step_220.msgpack
--> Saved seed 3 checkpoint at step 220 to checkpoints/mep_br/coord_ring/baseline_seed_3_step_220.msgpack
--> Saved seed 2 checkpoint at step 220 to checkpoints/mep_br/coord_ring/baseline_seed_2_step_220.msgpack
[1;34mwandb[0m: 
[1;34mwandb[0m: 🚀 View run [33mmep_br_obsfront_coord_ring[0m at: [34mhttps://wandb.ai/maytusp/oc-extended/runs/ns48tv90[0m
[1;34mwandb[0m: Find logs at: [1;35m../../../../../../../net/scratch/n70579mp/JaxMARL/wandb/run-20260609_223247-ns48tv90/logs[0m
Importing submoduled environments...
Submoduled environments not found. Skipping import.
wandb: Currently logged in as: maytusp to https://api.wandb.ai. Use `wandb login --relogin` to force relogin
wandb: Tracking run with wandb version 0.21.1
wandb: Run data is saved locally in /net/scratch/n70579mp/JaxMARL/wandb/run-20260609_233445-bltuu4m3
wandb: Run `wandb offline` to turn off syncing.
wandb: Syncing run mep_population_obsfront_cramped_room5x5
wandb: ⭐️ View project at https://wandb.ai/maytusp/oc-extended
wandb: 🚀 View run at https://wandb.ai/maytusp/oc-extended/runs/bltuu4m3
Update steps:  381.0
Warmup epochs:  19
Cosine epochs:  362.0
--> Saved live MEP population member 0 at step 1 to checkpoints/mep_pool/cramped_room5x5/baseline_seed_0_step_1.msgpack
--> Saved live MEP population member 1 at step 1 to checkpoints/mep_pool/cramped_room5x5/baseline_seed_1_step_1.msgpack
--> Saved live MEP population member 2 at step 1 to checkpoints/mep_pool/cramped_room5x5/baseline_seed_2_step_1.msgpack
--> Saved live MEP population member 3 at step 1 to checkpoints/mep_pool/cramped_room5x5/baseline_seed_3_step_1.msgpack
--> Saved live MEP population member 4 at step 1 to checkpoints/mep_pool/cramped_room5x5/baseline_seed_4_step_1.msgpack
--> Saved live MEP population member 0 at step 38 to checkpoints/mep_pool/cramped_room5x5/baseline_seed_0_step_38.msgpack
--> Saved live MEP population member 1 at step 38 to checkpoints/mep_pool/cramped_room5x5/baseline_seed_1_step_38.msgpack
--> Saved live MEP population member 2 at step 38 to checkpoints/mep_pool/cramped_room5x5/baseline_seed_2_step_38.msgpack
--> Saved live MEP population member 3 at step 38 to checkpoints/mep_pool/cramped_room5x5/baseline_seed_3_step_38.msgpack
--> Saved live MEP population member 4 at step 38 to checkpoints/mep_pool/cramped_room5x5/baseline_seed_4_step_38.msgpack
--> Saved live MEP population member 0 at step 76 to checkpoints/mep_pool/cramped_room5x5/baseline_seed_0_step_76.msgpack
--> Saved live MEP population member 1 at step 76 to checkpoints/mep_pool/cramped_room5x5/baseline_seed_1_step_76.msgpack
--> Saved live MEP population member 2 at step 76 to checkpoints/mep_pool/cramped_room5x5/baseline_seed_2_step_76.msgpack
--> Saved live MEP population member 3 at step 76 to checkpoints/mep_pool/cramped_room5x5/baseline_seed_3_step_76.msgpack
--> Saved live MEP population member 4 at step 76 to checkpoints/mep_pool/cramped_room5x5/baseline_seed_4_step_76.msgpack
--> Saved live MEP population member 0 at step 114 to checkpoints/mep_pool/cramped_room5x5/baseline_seed_0_step_114.msgpack
--> Saved live MEP population member 1 at step 114 to checkpoints/mep_pool/cramped_room5x5/baseline_seed_1_step_114.msgpack
--> Saved live MEP population member 2 at step 114 to checkpoints/mep_pool/cramped_room5x5/baseline_seed_2_step_114.msgpack
--> Saved live MEP population member 3 at step 114 to checkpoints/mep_pool/cramped_room5x5/baseline_seed_3_step_114.msgpack
--> Saved live MEP population member 4 at step 114 to checkpoints/mep_pool/cramped_room5x5/baseline_seed_4_step_114.msgpack
--> Saved live MEP population member 0 at step 152 to checkpoints/mep_pool/cramped_room5x5/baseline_seed_0_step_152.msgpack
--> Saved live MEP population member 1 at step 152 to checkpoints/mep_pool/cramped_room5x5/baseline_seed_1_step_152.msgpack
--> Saved live MEP population member 2 at step 152 to checkpoints/mep_pool/cramped_room5x5/baseline_seed_2_step_152.msgpack
--> Saved live MEP population member 3 at step 152 to checkpoints/mep_pool/cramped_room5x5/baseline_seed_3_step_152.msgpack
--> Saved live MEP population member 4 at step 152 to checkpoints/mep_pool/cramped_room5x5/baseline_seed_4_step_152.msgpack
--> Saved live MEP population member 0 at step 190 to checkpoints/mep_pool/cramped_room5x5/baseline_seed_0_step_190.msgpack
--> Saved live MEP population member 1 at step 190 to checkpoints/mep_pool/cramped_room5x5/baseline_seed_1_step_190.msgpack
--> Saved live MEP population member 2 at step 190 to checkpoints/mep_pool/cramped_room5x5/baseline_seed_2_step_190.msgpack
--> Saved live MEP population member 3 at step 190 to checkpoints/mep_pool/cramped_room5x5/baseline_seed_3_step_190.msgpack
--> Saved live MEP population member 4 at step 190 to checkpoints/mep_pool/cramped_room5x5/baseline_seed_4_step_190.msgpack
--> Saved live MEP population member 0 at step 228 to checkpoints/mep_pool/cramped_room5x5/baseline_seed_0_step_228.msgpack
--> Saved live MEP population member 1 at step 228 to checkpoints/mep_pool/cramped_room5x5/baseline_seed_1_step_228.msgpack
--> Saved live MEP population member 2 at step 228 to checkpoints/mep_pool/cramped_room5x5/baseline_seed_2_step_228.msgpack
--> Saved live MEP population member 3 at step 228 to checkpoints/mep_pool/cramped_room5x5/baseline_seed_3_step_228.msgpack
--> Saved live MEP population member 4 at step 228 to checkpoints/mep_pool/cramped_room5x5/baseline_seed_4_step_228.msgpack
--> Saved live MEP population member 0 at step 266 to checkpoints/mep_pool/cramped_room5x5/baseline_seed_0_step_266.msgpack
--> Saved live MEP population member 1 at step 266 to checkpoints/mep_pool/cramped_room5x5/baseline_seed_1_step_266.msgpack
--> Saved live MEP population member 2 at step 266 to checkpoints/mep_pool/cramped_room5x5/baseline_seed_2_step_266.msgpack
--> Saved live MEP population member 3 at step 266 to checkpoints/mep_pool/cramped_room5x5/baseline_seed_3_step_266.msgpack
--> Saved live MEP population member 4 at step 266 to checkpoints/mep_pool/cramped_room5x5/baseline_seed_4_step_266.msgpack
--> Saved live MEP population member 0 at step 304 to checkpoints/mep_pool/cramped_room5x5/baseline_seed_0_step_304.msgpack
--> Saved live MEP population member 1 at step 304 to checkpoints/mep_pool/cramped_room5x5/baseline_seed_1_step_304.msgpack
--> Saved live MEP population member 2 at step 304 to checkpoints/mep_pool/cramped_room5x5/baseline_seed_2_step_304.msgpack
--> Saved live MEP population member 3 at step 304 to checkpoints/mep_pool/cramped_room5x5/baseline_seed_3_step_304.msgpack
--> Saved live MEP population member 4 at step 304 to checkpoints/mep_pool/cramped_room5x5/baseline_seed_4_step_304.msgpack
--> Saved live MEP population member 0 at step 342 to checkpoints/mep_pool/cramped_room5x5/baseline_seed_0_step_342.msgpack
--> Saved live MEP population member 1 at step 342 to checkpoints/mep_pool/cramped_room5x5/baseline_seed_1_step_342.msgpack
--> Saved live MEP population member 2 at step 342 to checkpoints/mep_pool/cramped_room5x5/baseline_seed_2_step_342.msgpack
--> Saved live MEP population member 3 at step 342 to checkpoints/mep_pool/cramped_room5x5/baseline_seed_3_step_342.msgpack
--> Saved live MEP population member 4 at step 342 to checkpoints/mep_pool/cramped_room5x5/baseline_seed_4_step_342.msgpack
--> Saved live MEP population member 0 at step 380 to checkpoints/mep_pool/cramped_room5x5/baseline_seed_0_step_380.msgpack
--> Saved live MEP population member 1 at step 380 to checkpoints/mep_pool/cramped_room5x5/baseline_seed_1_step_380.msgpack
--> Saved live MEP population member 2 at step 380 to checkpoints/mep_pool/cramped_room5x5/baseline_seed_2_step_380.msgpack
--> Saved live MEP population member 3 at step 380 to checkpoints/mep_pool/cramped_room5x5/baseline_seed_3_step_380.msgpack
--> Saved live MEP population member 4 at step 380 to checkpoints/mep_pool/cramped_room5x5/baseline_seed_4_step_380.msgpack
[1;34mwandb[0m: 
[1;34mwandb[0m: 🚀 View run [33mmep_population_obsfront_cramped_room5x5[0m at: [34mhttps://wandb.ai/maytusp/oc-extended/runs/bltuu4m3[0m
[1;34mwandb[0m: Find logs at: [1;35m../../../../../../../net/scratch/n70579mp/JaxMARL/wandb/run-20260609_233445-bltuu4m3/logs[0m
Importing submoduled environments...
Submoduled environments not found. Skipping import.
wandb: Currently logged in as: maytusp to https://api.wandb.ai. Use `wandb login --relogin` to force relogin
wandb: Tracking run with wandb version 0.21.1
wandb: Run data is saved locally in /net/scratch/n70579mp/JaxMARL/wandb/run-20260610_004229-6zx7j4cr
wandb: Run `wandb offline` to turn off syncing.
wandb: Syncing run mep_br_obsfront_cramped_room5x5
wandb: ⭐️ View project at https://wandb.ai/maytusp/oc-extended
wandb: 🚀 View run at https://wandb.ai/maytusp/oc-extended/runs/6zx7j4cr
2026-06-10 00:43:01.241024: E external/xla/xla/stream_executor/cuda/cuda_timer.cc:86] Delay kernel timed out: measured time has sub-optimal accuracy. There may be a missing warmup execution, please investigate in Nsight Systems.
2026-06-10 00:43:01.402037: E external/xla/xla/stream_executor/cuda/cuda_timer.cc:86] Delay kernel timed out: measured time has sub-optimal accuracy. There may be a missing warmup execution, please investigate in Nsight Systems.
2026-06-10 00:43:01.600215: E external/xla/xla/stream_executor/cuda/cuda_timer.cc:86] Delay kernel timed out: measured time has sub-optimal accuracy. There may be a missing warmup execution, please investigate in Nsight Systems.
2026-06-10 00:43:01.760956: E external/xla/xla/stream_executor/cuda/cuda_timer.cc:86] Delay kernel timed out: measured time has sub-optimal accuracy. There may be a missing warmup execution, please investigate in Nsight Systems.
2026-06-10 00:43:01.962018: E external/xla/xla/stream_executor/cuda/cuda_timer.cc:86] Delay kernel timed out: measured time has sub-optimal accuracy. There may be a missing warmup execution, please investigate in Nsight Systems.
2026-06-10 00:43:02.123019: E external/xla/xla/stream_executor/cuda/cuda_timer.cc:86] Delay kernel timed out: measured time has sub-optimal accuracy. There may be a missing warmup execution, please investigate in Nsight Systems.
2026-06-10 00:43:02.321532: E external/xla/xla/stream_executor/cuda/cuda_timer.cc:86] Delay kernel timed out: measured time has sub-optimal accuracy. There may be a missing warmup execution, please investigate in Nsight Systems.
2026-06-10 00:43:02.483386: E external/xla/xla/stream_executor/cuda/cuda_timer.cc:86] Delay kernel timed out: measured time has sub-optimal accuracy. There may be a missing warmup execution, please investigate in Nsight Systems.
2026-06-10 00:43:02.731879: E external/xla/xla/stream_executor/cuda/cuda_timer.cc:86] Delay kernel timed out: measured time has sub-optimal accuracy. There may be a missing warmup execution, please investigate in Nsight Systems.
2026-06-10 00:43:02.892361: E external/xla/xla/stream_executor/cuda/cuda_timer.cc:86] Delay kernel timed out: measured time has sub-optimal accuracy. There may be a missing warmup execution, please investigate in Nsight Systems.
2026-06-10 00:43:03.270312: E external/xla/xla/stream_executor/cuda/cuda_timer.cc:86] Delay kernel timed out: measured time has sub-optimal accuracy. There may be a missing warmup execution, please investigate in Nsight Systems.
2026-06-10 00:43:03.458747: E external/xla/xla/stream_executor/cuda/cuda_timer.cc:86] Delay kernel timed out: measured time has sub-optimal accuracy. There may be a missing warmup execution, please investigate in Nsight Systems.
2026-06-10 00:43:03.781603: E external/xla/xla/stream_executor/cuda/cuda_timer.cc:86] Delay kernel timed out: measured time has sub-optimal accuracy. There may be a missing warmup execution, please investigate in Nsight Systems.
2026-06-10 00:43:04.013706: E external/xla/xla/stream_executor/cuda/cuda_timer.cc:86] Delay kernel timed out: measured time has sub-optimal accuracy. There may be a missing warmup execution, please investigate in Nsight Systems.
2026-06-10 00:43:04.213892: E external/xla/xla/stream_executor/cuda/cuda_timer.cc:86] Delay kernel timed out: measured time has sub-optimal accuracy. There may be a missing warmup execution, please investigate in Nsight Systems.
2026-06-10 00:43:04.366291: E external/xla/xla/stream_executor/cuda/cuda_timer.cc:86] Delay kernel timed out: measured time has sub-optimal accuracy. There may be a missing warmup execution, please investigate in Nsight Systems.
2026-06-10 00:43:04.547122: E external/xla/xla/stream_executor/cuda/cuda_timer.cc:86] Delay kernel timed out: measured time has sub-optimal accuracy. There may be a missing warmup execution, please investigate in Nsight Systems.
2026-06-10 00:43:04.700238: E external/xla/xla/stream_executor/cuda/cuda_timer.cc:86] Delay kernel timed out: measured time has sub-optimal accuracy. There may be a missing warmup execution, please investigate in Nsight Systems.
2026-06-10 00:43:04.881177: E external/xla/xla/stream_executor/cuda/cuda_timer.cc:86] Delay kernel timed out: measured time has sub-optimal accuracy. There may be a missing warmup execution, please investigate in Nsight Systems.
2026-06-10 00:43:05.034186: E external/xla/xla/stream_executor/cuda/cuda_timer.cc:86] Delay kernel timed out: measured time has sub-optimal accuracy. There may be a missing warmup execution, please investigate in Nsight Systems.
2026-06-10 00:43:05.242299: E external/xla/xla/stream_executor/cuda/cuda_timer.cc:86] Delay kernel timed out: measured time has sub-optimal accuracy. There may be a missing warmup execution, please investigate in Nsight Systems.
2026-06-10 00:43:05.396052: E external/xla/xla/stream_executor/cuda/cuda_timer.cc:86] Delay kernel timed out: measured time has sub-optimal accuracy. There may be a missing warmup execution, please investigate in Nsight Systems.
2026-06-10 00:43:05.576164: E external/xla/xla/stream_executor/cuda/cuda_timer.cc:86] Delay kernel timed out: measured time has sub-optimal accuracy. There may be a missing warmup execution, please investigate in Nsight Systems.
2026-06-10 00:43:05.729678: E external/xla/xla/stream_executor/cuda/cuda_timer.cc:86] Delay kernel timed out: measured time has sub-optimal accuracy. There may be a missing warmup execution, please investigate in Nsight Systems.
2026-06-10 00:43:05.884313: E external/xla/xla/stream_executor/cuda/cuda_timer.cc:86] Delay kernel timed out: measured time has sub-optimal accuracy. There may be a missing warmup execution, please investigate in Nsight Systems.
2026-06-10 00:43:06.481399: E external/xla/xla/stream_executor/cuda/cuda_timer.cc:86] Delay kernel timed out: measured time has sub-optimal accuracy. There may be a missing warmup execution, please investigate in Nsight Systems.
2026-06-10 00:43:06.737123: E external/xla/xla/stream_executor/cuda/cuda_timer.cc:86] Delay kernel timed out: measured time has sub-optimal accuracy. There may be a missing warmup execution, please investigate in Nsight Systems.
2026-06-10 00:43:07.158181: E external/xla/xla/stream_executor/cuda/cuda_timer.cc:86] Delay kernel timed out: measured time has sub-optimal accuracy. There may be a missing warmup execution, please investigate in Nsight Systems.
2026-06-10 00:43:07.433054: E external/xla/xla/stream_executor/cuda/cuda_timer.cc:86] Delay kernel timed out: measured time has sub-optimal accuracy. There may be a missing warmup execution, please investigate in Nsight Systems.
2026-06-10 00:43:07.642487: E external/xla/xla/stream_executor/cuda/cuda_timer.cc:86] Delay kernel timed out: measured time has sub-optimal accuracy. There may be a missing warmup execution, please investigate in Nsight Systems.
2026-06-10 00:43:07.794635: E external/xla/xla/stream_executor/cuda/cuda_timer.cc:86] Delay kernel timed out: measured time has sub-optimal accuracy. There may be a missing warmup execution, please investigate in Nsight Systems.
2026-06-10 00:43:07.974100: E external/xla/xla/stream_executor/cuda/cuda_timer.cc:86] Delay kernel timed out: measured time has sub-optimal accuracy. There may be a missing warmup execution, please investigate in Nsight Systems.
2026-06-10 00:43:08.126367: E external/xla/xla/stream_executor/cuda/cuda_timer.cc:86] Delay kernel timed out: measured time has sub-optimal accuracy. There may be a missing warmup execution, please investigate in Nsight Systems.
2026-06-10 00:43:08.306083: E external/xla/xla/stream_executor/cuda/cuda_timer.cc:86] Delay kernel timed out: measured time has sub-optimal accuracy. There may be a missing warmup execution, please investigate in Nsight Systems.
2026-06-10 00:43:08.458005: E external/xla/xla/stream_executor/cuda/cuda_timer.cc:86] Delay kernel timed out: measured time has sub-optimal accuracy. There may be a missing warmup execution, please investigate in Nsight Systems.
2026-06-10 00:43:08.638497: E external/xla/xla/stream_executor/cuda/cuda_timer.cc:86] Delay kernel timed out: measured time has sub-optimal accuracy. There may be a missing warmup execution, please investigate in Nsight Systems.
2026-06-10 00:43:08.790292: E external/xla/xla/stream_executor/cuda/cuda_timer.cc:86] Delay kernel timed out: measured time has sub-optimal accuracy. There may be a missing warmup execution, please investigate in Nsight Systems.
2026-06-10 00:43:08.968856: E external/xla/xla/stream_executor/cuda/cuda_timer.cc:86] Delay kernel timed out: measured time has sub-optimal accuracy. There may be a missing warmup execution, please investigate in Nsight Systems.
2026-06-10 00:43:09.121690: E external/xla/xla/stream_executor/cuda/cuda_timer.cc:86] Delay kernel timed out: measured time has sub-optimal accuracy. There may be a missing warmup execution, please investigate in Nsight Systems.
2026-06-10 00:43:09.668454: E external/xla/xla/stream_executor/cuda/cuda_timer.cc:86] Delay kernel timed out: measured time has sub-optimal accuracy. There may be a missing warmup execution, please investigate in Nsight Systems.
2026-06-10 00:43:09.913632: E external/xla/xla/stream_executor/cuda/cuda_timer.cc:86] Delay kernel timed out: measured time has sub-optimal accuracy. There may be a missing warmup execution, please investigate in Nsight Systems.
2026-06-10 00:43:10.135452: E external/xla/xla/stream_executor/cuda/cuda_timer.cc:86] Delay kernel timed out: measured time has sub-optimal accuracy. There may be a missing warmup execution, please investigate in Nsight Systems.
2026-06-10 00:43:10.307550: E external/xla/xla/stream_executor/cuda/cuda_timer.cc:86] Delay kernel timed out: measured time has sub-optimal accuracy. There may be a missing warmup execution, please investigate in Nsight Systems.
2026-06-10 00:43:10.524893: E external/xla/xla/stream_executor/cuda/cuda_timer.cc:86] Delay kernel timed out: measured time has sub-optimal accuracy. There may be a missing warmup execution, please investigate in Nsight Systems.
2026-06-10 00:43:10.676473: E external/xla/xla/stream_executor/cuda/cuda_timer.cc:86] Delay kernel timed out: measured time has sub-optimal accuracy. There may be a missing warmup execution, please investigate in Nsight Systems.
2026-06-10 00:43:10.855705: E external/xla/xla/stream_executor/cuda/cuda_timer.cc:86] Delay kernel timed out: measured time has sub-optimal accuracy. There may be a missing warmup execution, please investigate in Nsight Systems.
2026-06-10 00:43:11.008022: E external/xla/xla/stream_executor/cuda/cuda_timer.cc:86] Delay kernel timed out: measured time has sub-optimal accuracy. There may be a missing warmup execution, please investigate in Nsight Systems.
2026-06-10 00:43:11.186953: E external/xla/xla/stream_executor/cuda/cuda_timer.cc:86] Delay kernel timed out: measured time has sub-optimal accuracy. There may be a missing warmup execution, please investigate in Nsight Systems.
2026-06-10 00:43:11.339583: E external/xla/xla/stream_executor/cuda/cuda_timer.cc:86] Delay kernel timed out: measured time has sub-optimal accuracy. There may be a missing warmup execution, please investigate in Nsight Systems.
2026-06-10 00:43:11.598409: E external/xla/xla/stream_executor/cuda/cuda_timer.cc:86] Delay kernel timed out: measured time has sub-optimal accuracy. There may be a missing warmup execution, please investigate in Nsight Systems.
2026-06-10 00:43:11.751499: E external/xla/xla/stream_executor/cuda/cuda_timer.cc:86] Delay kernel timed out: measured time has sub-optimal accuracy. There may be a missing warmup execution, please investigate in Nsight Systems.
2026-06-10 00:43:11.932542: E external/xla/xla/stream_executor/cuda/cuda_timer.cc:86] Delay kernel timed out: measured time has sub-optimal accuracy. There may be a missing warmup execution, please investigate in Nsight Systems.
2026-06-10 00:43:12.086911: E external/xla/xla/stream_executor/cuda/cuda_timer.cc:86] Delay kernel timed out: measured time has sub-optimal accuracy. There may be a missing warmup execution, please investigate in Nsight Systems.
2026-06-10 00:43:12.241279: E external/xla/xla/stream_executor/cuda/cuda_timer.cc:86] Delay kernel timed out: measured time has sub-optimal accuracy. There may be a missing warmup execution, please investigate in Nsight Systems.
2026-06-10 00:43:12.558740: E external/xla/xla/stream_executor/cuda/cuda_timer.cc:86] Delay kernel timed out: measured time has sub-optimal accuracy. There may be a missing warmup execution, please investigate in Nsight Systems.
2026-06-10 00:43:12.730506: E external/xla/xla/stream_executor/cuda/cuda_timer.cc:86] Delay kernel timed out: measured time has sub-optimal accuracy. There may be a missing warmup execution, please investigate in Nsight Systems.
2026-06-10 00:43:13.015560: E external/xla/xla/stream_executor/cuda/cuda_timer.cc:86] Delay kernel timed out: measured time has sub-optimal accuracy. There may be a missing warmup execution, please investigate in Nsight Systems.
2026-06-10 00:43:13.233532: E external/xla/xla/stream_executor/cuda/cuda_timer.cc:86] Delay kernel timed out: measured time has sub-optimal accuracy. There may be a missing warmup execution, please investigate in Nsight Systems.
2026-06-10 00:43:13.473646: E external/xla/xla/stream_executor/cuda/cuda_timer.cc:86] Delay kernel timed out: measured time has sub-optimal accuracy. There may be a missing warmup execution, please investigate in Nsight Systems.
2026-06-10 00:43:13.664321: E external/xla/xla/stream_executor/cuda/cuda_timer.cc:86] Delay kernel timed out: measured time has sub-optimal accuracy. There may be a missing warmup execution, please investigate in Nsight Systems.
2026-06-10 00:43:13.866895: E external/xla/xla/stream_executor/cuda/cuda_timer.cc:86] Delay kernel timed out: measured time has sub-optimal accuracy. There may be a missing warmup execution, please investigate in Nsight Systems.
2026-06-10 00:43:14.018655: E external/xla/xla/stream_executor/cuda/cuda_timer.cc:86] Delay kernel timed out: measured time has sub-optimal accuracy. There may be a missing warmup execution, please investigate in Nsight Systems.
2026-06-10 00:43:14.197708: E external/xla/xla/stream_executor/cuda/cuda_timer.cc:86] Delay kernel timed out: measured time has sub-optimal accuracy. There may be a missing warmup execution, please investigate in Nsight Systems.
2026-06-10 00:43:14.349850: E external/xla/xla/stream_executor/cuda/cuda_timer.cc:86] Delay kernel timed out: measured time has sub-optimal accuracy. There may be a missing warmup execution, please investigate in Nsight Systems.
2026-06-10 00:43:14.563055: E external/xla/xla/stream_executor/cuda/cuda_timer.cc:86] Delay kernel timed out: measured time has sub-optimal accuracy. There may be a missing warmup execution, please investigate in Nsight Systems.
2026-06-10 00:43:14.715637: E external/xla/xla/stream_executor/cuda/cuda_timer.cc:86] Delay kernel timed out: measured time has sub-optimal accuracy. There may be a missing warmup execution, please investigate in Nsight Systems.
2026-06-10 00:43:14.867697: E external/xla/xla/stream_executor/cuda/cuda_timer.cc:86] Delay kernel timed out: measured time has sub-optimal accuracy. There may be a missing warmup execution, please investigate in Nsight Systems.
2026-06-10 00:43:15.048322: E external/xla/xla/stream_executor/cuda/cuda_timer.cc:86] Delay kernel timed out: measured time has sub-optimal accuracy. There may be a missing warmup execution, please investigate in Nsight Systems.
2026-06-10 00:43:15.202304: E external/xla/xla/stream_executor/cuda/cuda_timer.cc:86] Delay kernel timed out: measured time has sub-optimal accuracy. There may be a missing warmup execution, please investigate in Nsight Systems.
2026-06-10 00:43:15.355899: E external/xla/xla/stream_executor/cuda/cuda_timer.cc:86] Delay kernel timed out: measured time has sub-optimal accuracy. There may be a missing warmup execution, please investigate in Nsight Systems.
2026-06-10 00:43:15.536542: E external/xla/xla/stream_executor/cuda/cuda_timer.cc:86] Delay kernel timed out: measured time has sub-optimal accuracy. There may be a missing warmup execution, please investigate in Nsight Systems.
2026-06-10 00:43:15.691147: E external/xla/xla/stream_executor/cuda/cuda_timer.cc:86] Delay kernel timed out: measured time has sub-optimal accuracy. There may be a missing warmup execution, please investigate in Nsight Systems.
2026-06-10 00:43:16.086991: E external/xla/xla/stream_executor/cuda/cuda_timer.cc:86] Delay kernel timed out: measured time has sub-optimal accuracy. There may be a missing warmup execution, please investigate in Nsight Systems.
2026-06-10 00:43:16.257881: E external/xla/xla/stream_executor/cuda/cuda_timer.cc:86] Delay kernel timed out: measured time has sub-optimal accuracy. There may be a missing warmup execution, please investigate in Nsight Systems.
2026-06-10 00:43:16.557619: E external/xla/xla/stream_executor/cuda/cuda_timer.cc:86] Delay kernel timed out: measured time has sub-optimal accuracy. There may be a missing warmup execution, please investigate in Nsight Systems.
2026-06-10 00:43:16.781632: E external/xla/xla/stream_executor/cuda/cuda_timer.cc:86] Delay kernel timed out: measured time has sub-optimal accuracy. There may be a missing warmup execution, please investigate in Nsight Systems.
2026-06-10 00:43:17.066654: E external/xla/xla/stream_executor/cuda/cuda_timer.cc:86] Delay kernel timed out: measured time has sub-optimal accuracy. There may be a missing warmup execution, please investigate in Nsight Systems.
2026-06-10 00:43:17.287843: E external/xla/xla/stream_executor/cuda/cuda_timer.cc:86] Delay kernel timed out: measured time has sub-optimal accuracy. There may be a missing warmup execution, please investigate in Nsight Systems.
2026-06-10 00:43:17.502786: E external/xla/xla/stream_executor/cuda/cuda_timer.cc:86] Delay kernel timed out: measured time has sub-optimal accuracy. There may be a missing warmup execution, please investigate in Nsight Systems.
2026-06-10 00:43:17.655671: E external/xla/xla/stream_executor/cuda/cuda_timer.cc:86] Delay kernel timed out: measured time has sub-optimal accuracy. There may be a missing warmup execution, please investigate in Nsight Systems.
2026-06-10 00:43:17.809004: E external/xla/xla/stream_executor/cuda/cuda_timer.cc:86] Delay kernel timed out: measured time has sub-optimal accuracy. There may be a missing warmup execution, please investigate in Nsight Systems.
2026-06-10 00:43:17.989322: E external/xla/xla/stream_executor/cuda/cuda_timer.cc:86] Delay kernel timed out: measured time has sub-optimal accuracy. There may be a missing warmup execution, please investigate in Nsight Systems.
2026-06-10 00:43:18.142021: E external/xla/xla/stream_executor/cuda/cuda_timer.cc:86] Delay kernel timed out: measured time has sub-optimal accuracy. There may be a missing warmup execution, please investigate in Nsight Systems.
2026-06-10 00:43:18.321502: E external/xla/xla/stream_executor/cuda/cuda_timer.cc:86] Delay kernel timed out: measured time has sub-optimal accuracy. There may be a missing warmup execution, please investigate in Nsight Systems.
2026-06-10 00:43:18.476070: E external/xla/xla/stream_executor/cuda/cuda_timer.cc:86] Delay kernel timed out: measured time has sub-optimal accuracy. There may be a missing warmup execution, please investigate in Nsight Systems.
2026-06-10 00:43:18.658577: E external/xla/xla/stream_executor/cuda/cuda_timer.cc:86] Delay kernel timed out: measured time has sub-optimal accuracy. There may be a missing warmup execution, please investigate in Nsight Systems.
2026-06-10 00:43:18.811607: E external/xla/xla/stream_executor/cuda/cuda_timer.cc:86] Delay kernel timed out: measured time has sub-optimal accuracy. There may be a missing warmup execution, please investigate in Nsight Systems.
2026-06-10 00:43:18.964545: E external/xla/xla/stream_executor/cuda/cuda_timer.cc:86] Delay kernel timed out: measured time has sub-optimal accuracy. There may be a missing warmup execution, please investigate in Nsight Systems.
2026-06-10 00:43:19.143726: E external/xla/xla/stream_executor/cuda/cuda_timer.cc:86] Delay kernel timed out: measured time has sub-optimal accuracy. There may be a missing warmup execution, please investigate in Nsight Systems.
2026-06-10 00:43:19.297312: E external/xla/xla/stream_executor/cuda/cuda_timer.cc:86] Delay kernel timed out: measured time has sub-optimal accuracy. There may be a missing warmup execution, please investigate in Nsight Systems.
2026-06-10 00:43:19.779602: E external/xla/xla/stream_executor/cuda/cuda_timer.cc:86] Delay kernel timed out: measured time has sub-optimal accuracy. There may be a missing warmup execution, please investigate in Nsight Systems.
2026-06-10 00:43:19.953479: E external/xla/xla/stream_executor/cuda/cuda_timer.cc:86] Delay kernel timed out: measured time has sub-optimal accuracy. There may be a missing warmup execution, please investigate in Nsight Systems.
2026-06-10 00:43:20.261775: E external/xla/xla/stream_executor/cuda/cuda_timer.cc:86] Delay kernel timed out: measured time has sub-optimal accuracy. There may be a missing warmup execution, please investigate in Nsight Systems.
2026-06-10 00:43:20.492378: E external/xla/xla/stream_executor/cuda/cuda_timer.cc:86] Delay kernel timed out: measured time has sub-optimal accuracy. There may be a missing warmup execution, please investigate in Nsight Systems.
2026-06-10 00:43:20.879495: E external/xla/xla/stream_executor/cuda/cuda_timer.cc:86] Delay kernel timed out: measured time has sub-optimal accuracy. There may be a missing warmup execution, please investigate in Nsight Systems.
2026-06-10 00:43:21.162140: E external/xla/xla/stream_executor/cuda/cuda_timer.cc:86] Delay kernel timed out: measured time has sub-optimal accuracy. There may be a missing warmup execution, please investigate in Nsight Systems.
Loaded 5 frozen MEP partner checkpoints from checkpoints/mep_pool/cramped_room5x5 (5 seeds, 1 steps; max step 380)
MEP partner pool: baseline_seed_0_step_380.msgpack, baseline_seed_1_step_380.msgpack, baseline_seed_2_step_380.msgpack, baseline_seed_3_step_380.msgpack, baseline_seed_4_step_380.msgpack
Update steps:  228.0
Warmup epochs:  11
Cosine epochs:  217.0
--> Saved seed 1 checkpoint at step 1 to checkpoints/mep_br/cramped_room5x5/baseline_seed_1_step_1.msgpack
--> Saved seed 0 checkpoint at step 1 to checkpoints/mep_br/cramped_room5x5/baseline_seed_0_step_1.msgpack
--> Saved seed 4 checkpoint at step 1 to checkpoints/mep_br/cramped_room5x5/baseline_seed_4_step_1.msgpack
--> Saved seed 3 checkpoint at step 1 to checkpoints/mep_br/cramped_room5x5/baseline_seed_3_step_1.msgpack
--> Saved seed 2 checkpoint at step 1 to checkpoints/mep_br/cramped_room5x5/baseline_seed_2_step_1.msgpack
--> Saved seed 1 checkpoint at step 22 to checkpoints/mep_br/cramped_room5x5/baseline_seed_1_step_22.msgpack
--> Saved seed 0 checkpoint at step 22 to checkpoints/mep_br/cramped_room5x5/baseline_seed_0_step_22.msgpack
--> Saved seed 4 checkpoint at step 22 to checkpoints/mep_br/cramped_room5x5/baseline_seed_4_step_22.msgpack
--> Saved seed 3 checkpoint at step 22 to checkpoints/mep_br/cramped_room5x5/baseline_seed_3_step_22.msgpack
--> Saved seed 2 checkpoint at step 22 to checkpoints/mep_br/cramped_room5x5/baseline_seed_2_step_22.msgpack
--> Saved seed 1 checkpoint at step 44 to checkpoints/mep_br/cramped_room5x5/baseline_seed_1_step_44.msgpack
--> Saved seed 0 checkpoint at step 44 to checkpoints/mep_br/cramped_room5x5/baseline_seed_0_step_44.msgpack
--> Saved seed 4 checkpoint at step 44 to checkpoints/mep_br/cramped_room5x5/baseline_seed_4_step_44.msgpack
--> Saved seed 3 checkpoint at step 44 to checkpoints/mep_br/cramped_room5x5/baseline_seed_3_step_44.msgpack
--> Saved seed 2 checkpoint at step 44 to checkpoints/mep_br/cramped_room5x5/baseline_seed_2_step_44.msgpack
--> Saved seed 1 checkpoint at step 66 to checkpoints/mep_br/cramped_room5x5/baseline_seed_1_step_66.msgpack
--> Saved seed 0 checkpoint at step 66 to checkpoints/mep_br/cramped_room5x5/baseline_seed_0_step_66.msgpack
--> Saved seed 4 checkpoint at step 66 to checkpoints/mep_br/cramped_room5x5/baseline_seed_4_step_66.msgpack
--> Saved seed 3 checkpoint at step 66 to checkpoints/mep_br/cramped_room5x5/baseline_seed_3_step_66.msgpack
--> Saved seed 2 checkpoint at step 66 to checkpoints/mep_br/cramped_room5x5/baseline_seed_2_step_66.msgpack
--> Saved seed 1 checkpoint at step 88 to checkpoints/mep_br/cramped_room5x5/baseline_seed_1_step_88.msgpack
--> Saved seed 0 checkpoint at step 88 to checkpoints/mep_br/cramped_room5x5/baseline_seed_0_step_88.msgpack
--> Saved seed 4 checkpoint at step 88 to checkpoints/mep_br/cramped_room5x5/baseline_seed_4_step_88.msgpack
--> Saved seed 3 checkpoint at step 88 to checkpoints/mep_br/cramped_room5x5/baseline_seed_3_step_88.msgpack
--> Saved seed 2 checkpoint at step 88 to checkpoints/mep_br/cramped_room5x5/baseline_seed_2_step_88.msgpack
--> Saved seed 1 checkpoint at step 110 to checkpoints/mep_br/cramped_room5x5/baseline_seed_1_step_110.msgpack
--> Saved seed 0 checkpoint at step 110 to checkpoints/mep_br/cramped_room5x5/baseline_seed_0_step_110.msgpack
--> Saved seed 4 checkpoint at step 110 to checkpoints/mep_br/cramped_room5x5/baseline_seed_4_step_110.msgpack
--> Saved seed 3 checkpoint at step 110 to checkpoints/mep_br/cramped_room5x5/baseline_seed_3_step_110.msgpack
--> Saved seed 2 checkpoint at step 110 to checkpoints/mep_br/cramped_room5x5/baseline_seed_2_step_110.msgpack
--> Saved seed 1 checkpoint at step 132 to checkpoints/mep_br/cramped_room5x5/baseline_seed_1_step_132.msgpack
--> Saved seed 0 checkpoint at step 132 to checkpoints/mep_br/cramped_room5x5/baseline_seed_0_step_132.msgpack
--> Saved seed 4 checkpoint at step 132 to checkpoints/mep_br/cramped_room5x5/baseline_seed_4_step_132.msgpack
--> Saved seed 3 checkpoint at step 132 to checkpoints/mep_br/cramped_room5x5/baseline_seed_3_step_132.msgpack
--> Saved seed 2 checkpoint at step 132 to checkpoints/mep_br/cramped_room5x5/baseline_seed_2_step_132.msgpack
--> Saved seed 1 checkpoint at step 154 to checkpoints/mep_br/cramped_room5x5/baseline_seed_1_step_154.msgpack
--> Saved seed 0 checkpoint at step 154 to checkpoints/mep_br/cramped_room5x5/baseline_seed_0_step_154.msgpack
--> Saved seed 4 checkpoint at step 154 to checkpoints/mep_br/cramped_room5x5/baseline_seed_4_step_154.msgpack
--> Saved seed 3 checkpoint at step 154 to checkpoints/mep_br/cramped_room5x5/baseline_seed_3_step_154.msgpack
--> Saved seed 2 checkpoint at step 154 to checkpoints/mep_br/cramped_room5x5/baseline_seed_2_step_154.msgpack
--> Saved seed 1 checkpoint at step 176 to checkpoints/mep_br/cramped_room5x5/baseline_seed_1_step_176.msgpack
--> Saved seed 0 checkpoint at step 176 to checkpoints/mep_br/cramped_room5x5/baseline_seed_0_step_176.msgpack
--> Saved seed 4 checkpoint at step 176 to checkpoints/mep_br/cramped_room5x5/baseline_seed_4_step_176.msgpack
--> Saved seed 3 checkpoint at step 176 to checkpoints/mep_br/cramped_room5x5/baseline_seed_3_step_176.msgpack
--> Saved seed 2 checkpoint at step 176 to checkpoints/mep_br/cramped_room5x5/baseline_seed_2_step_176.msgpack
--> Saved seed 1 checkpoint at step 198 to checkpoints/mep_br/cramped_room5x5/baseline_seed_1_step_198.msgpack
--> Saved seed 0 checkpoint at step 198 to checkpoints/mep_br/cramped_room5x5/baseline_seed_0_step_198.msgpack
--> Saved seed 4 checkpoint at step 198 to checkpoints/mep_br/cramped_room5x5/baseline_seed_4_step_198.msgpack
--> Saved seed 3 checkpoint at step 198 to checkpoints/mep_br/cramped_room5x5/baseline_seed_3_step_198.msgpack
--> Saved seed 2 checkpoint at step 198 to checkpoints/mep_br/cramped_room5x5/baseline_seed_2_step_198.msgpack
--> Saved seed 1 checkpoint at step 220 to checkpoints/mep_br/cramped_room5x5/baseline_seed_1_step_220.msgpack
--> Saved seed 0 checkpoint at step 220 to checkpoints/mep_br/cramped_room5x5/baseline_seed_0_step_220.msgpack
--> Saved seed 4 checkpoint at step 220 to checkpoints/mep_br/cramped_room5x5/baseline_seed_4_step_220.msgpack
--> Saved seed 3 checkpoint at step 220 to checkpoints/mep_br/cramped_room5x5/baseline_seed_3_step_220.msgpack
--> Saved seed 2 checkpoint at step 220 to checkpoints/mep_br/cramped_room5x5/baseline_seed_2_step_220.msgpack
[1;34mwandb[0m: 
[1;34mwandb[0m: 🚀 View run [33mmep_br_obsfront_cramped_room5x5[0m at: [34mhttps://wandb.ai/maytusp/oc-extended/runs/6zx7j4cr[0m
[1;34mwandb[0m: Find logs at: [1;35m../../../../../../../net/scratch/n70579mp/JaxMARL/wandb/run-20260610_004229-6zx7j4cr/logs[0m
