Script directory: /mnt/iusers01/fatpou01/compsci01/n70579mp/scratch/tom/JaxMARL
Running ZSC evaluation: within-method generalisation with SP diagonal and XP off-diagonal performance.
Evaluating ZSC for method=sp, layout=cramped_room5x5, prefix=checkpoints/sp/, result_name=sp, perspective_transform=true
Importing submoduled environments...
Submoduled environments imported successfully.
2026-07-17 10:53:47.672079: W external/xla/xla/service/gpu/autotuning/dot_search_space.cc:200] All configs were filtered out because none of them sufficiently match the hints. Maybe the hints set does not contain a good representative set of valid configs?Working around this by using the full hints set instead.
LOADED: checkpoints/sp/cramped_room5x5/baseline_seed_0_step_220.msgpack
LOADED: checkpoints/sp/cramped_room5x5/baseline_seed_1_step_220.msgpack
LOADED: checkpoints/sp/cramped_room5x5/baseline_seed_2_step_220.msgpack
LOADED: checkpoints/sp/cramped_room5x5/baseline_seed_3_step_220.msgpack
LOADED: checkpoints/sp/cramped_room5x5/baseline_seed_4_step_220.msgpack
ZSC[00, 00] = 238.802
ZSC[00, 01] = 14.530
ZSC[00, 02] = 217.691
ZSC[00, 03] = 181.120
ZSC[00, 04] = 231.741
ZSC[01, 00] = 14.297
ZSC[01, 01] = 232.194
ZSC[01, 02] = 18.503
ZSC[01, 03] = 42.353
ZSC[01, 04] = 28.755
ZSC[02, 00] = 218.911
ZSC[02, 01] = 18.269
ZSC[02, 02] = 200.353
ZSC[02, 03] = 213.272
ZSC[02, 04] = 224.195
ZSC[03, 00] = 182.008
ZSC[03, 01] = 41.636
ZSC[03, 02] = 212.661
ZSC[03, 03] = 192.692
ZSC[03, 04] = 171.330
ZSC[04, 00] = 232.023
ZSC[04, 01] = 29.281
ZSC[04, 02] = 224.220
ZSC[04, 03] = 171.197
ZSC[04, 04] = 219.542
Average SP performance (diagonal/self-copy): 216.717 +- 8.889 SE over 5 pairs
Average XP performance (off-diagonal/excluding self): 134.400 +- 20.757 SE over 20 ordered pairs
Saved ZSC results to zsc_results/sp/cramped_room5x5
Saved ZSC heatmap to zsc_results/sp/cramped_room5x5/xp_matrix.png
Using alignment rollout scale: ALIGN_PAIR_BATCH_SIZE=1, ALIGN_EVAL_NUM_EPISODES=128, ALIGN_EVAL_NUM_STEPS=400
ALIGN ego[00] partner[00] R2=0.927081 NMSE=0.072919 NP=0.962234 blind_NP=0.956442 PS-NP_gain=0.005792 shuffled_R2=-0.007396 shuffled_NP=0.003127
ALIGN ego[00] partner[01] R2=0.830756 NMSE=0.169244 NP=0.918878 blind_NP=0.907674 PS-NP_gain=0.011204 shuffled_R2=-0.022069 shuffled_NP=0.008710
ALIGN ego[00] partner[02] R2=0.935566 NMSE=0.064434 NP=0.966562 blind_NP=0.960971 PS-NP_gain=0.005591 shuffled_R2=-0.007052 shuffled_NP=0.005890
ALIGN ego[00] partner[03] R2=0.828502 NMSE=0.171498 NP=0.914521 blind_NP=0.898577 PS-NP_gain=0.015944 shuffled_R2=-0.015444 shuffled_NP=0.004367
ALIGN ego[00] partner[04] R2=0.892162 NMSE=0.107838 NP=0.943563 blind_NP=0.929265 PS-NP_gain=0.014298 shuffled_R2=-0.011301 shuffled_NP=0.002098
ALIGN ego[01] partner[00] R2=0.847955 NMSE=0.152045 NP=0.925762 blind_NP=0.928457 PS-NP_gain=-0.002695 shuffled_R2=-0.017050 shuffled_NP=0.001689
ALIGN ego[01] partner[01] R2=0.927275 NMSE=0.072725 NP=0.962323 blind_NP=0.955920 PS-NP_gain=0.006403 shuffled_R2=-0.007854 shuffled_NP=0.002274
ALIGN ego[01] partner[02] R2=0.928051 NMSE=0.071949 NP=0.962486 blind_NP=0.956921 PS-NP_gain=0.005565 shuffled_R2=-0.007738 shuffled_NP=0.004543
ALIGN ego[01] partner[03] R2=0.711846 NMSE=0.288154 NP=0.867337 blind_NP=0.885542 PS-NP_gain=-0.018205 shuffled_R2=-0.037904 shuffled_NP=0.002106
ALIGN ego[01] partner[04] R2=0.879353 NMSE=0.120647 NP=0.939999 blind_NP=0.937800 PS-NP_gain=0.002199 shuffled_R2=-0.029655 shuffled_NP=0.001555
ALIGN ego[02] partner[00] R2=0.806742 NMSE=0.193258 NP=0.908046 blind_NP=0.887008 PS-NP_gain=0.021038 shuffled_R2=-0.027731 shuffled_NP=0.003098
ALIGN ego[02] partner[01] R2=0.761723 NMSE=0.238277 NP=0.902105 blind_NP=0.918061 PS-NP_gain=-0.015956 shuffled_R2=-0.027413 shuffled_NP=0.002421
ALIGN ego[02] partner[02] R2=0.946425 NMSE=0.053575 NP=0.972597 blind_NP=0.965216 PS-NP_gain=0.007380 shuffled_R2=-0.008191 shuffled_NP=0.002263
ALIGN ego[02] partner[03] R2=0.941196 NMSE=0.058804 NP=0.970097 blind_NP=0.959320 PS-NP_gain=0.010777 shuffled_R2=-0.009177 shuffled_NP=0.001058
ALIGN ego[02] partner[04] R2=0.945925 NMSE=0.054075 NP=0.972063 blind_NP=0.965355 PS-NP_gain=0.006709 shuffled_R2=-0.006704 shuffled_NP=0.003655
ALIGN ego[03] partner[00] R2=0.901181 NMSE=0.098819 NP=0.948804 blind_NP=0.940879 PS-NP_gain=0.007925 shuffled_R2=-0.008799 shuffled_NP=0.002161
ALIGN ego[03] partner[01] R2=0.914527 NMSE=0.085473 NP=0.955677 blind_NP=0.950493 PS-NP_gain=0.005185 shuffled_R2=-0.010402 shuffled_NP=0.001507
ALIGN ego[03] partner[02] R2=0.932540 NMSE=0.067460 NP=0.965196 blind_NP=0.961027 PS-NP_gain=0.004169 shuffled_R2=-0.009033 shuffled_NP=0.002771
ALIGN ego[03] partner[03] R2=0.883712 NMSE=0.116288 NP=0.940515 blind_NP=0.933700 PS-NP_gain=0.006815 shuffled_R2=-0.010835 shuffled_NP=0.001740
ALIGN ego[03] partner[04] R2=0.905744 NMSE=0.094256 NP=0.950566 blind_NP=0.947476 PS-NP_gain=0.003090 shuffled_R2=-0.010376 shuffled_NP=0.001094
ALIGN ego[04] partner[00] R2=0.911706 NMSE=0.088294 NP=0.954282 blind_NP=0.943950 PS-NP_gain=0.010332 shuffled_R2=-0.007518 shuffled_NP=0.002309
ALIGN ego[04] partner[01] R2=0.923327 NMSE=0.076673 NP=0.961018 blind_NP=0.953422 PS-NP_gain=0.007597 shuffled_R2=-0.009078 shuffled_NP=0.002631
ALIGN ego[04] partner[02] R2=0.930575 NMSE=0.069425 NP=0.964049 blind_NP=0.956774 PS-NP_gain=0.007275 shuffled_R2=-0.010478 shuffled_NP=0.003087
ALIGN ego[04] partner[03] R2=0.929208 NMSE=0.070792 NP=0.963326 blind_NP=0.956349 PS-NP_gain=0.006977 shuffled_R2=-0.006364 shuffled_NP=0.003052
ALIGN ego[04] partner[04] R2=0.922783 NMSE=0.077217 NP=0.959820 blind_NP=0.950475 PS-NP_gain=0.009345 shuffled_R2=-0.008624 shuffled_NP=0.001400
Average ego-to-partner alignment R2: 0.890634 +- 0.012123 SE over 25 ego-partner pairs
Average alignment normalized MSE: 0.109366 +- 0.012123 SE
Average shuffled-control alignment R2: -0.013367 +- 0.001728 SE
Average neural predictivity: 0.946073 +- 0.005253 SE
Average blind-control neural predictivity: 0.940283 +- 0.004774 SE
Average PS-NP gain: 0.005790 +- 0.001661 SE
Average shuffled-control neural predictivity: 0.002824 +- 0.000334 SE
Saved alignment results to zsc_results/sp/cramped_room5x5
Evaluating ZSC for method=sp, layout=counter_circuit, prefix=checkpoints/sp/, result_name=sp, perspective_transform=true
Importing submoduled environments...
Submoduled environments imported successfully.
2026-07-17 10:56:52.354354: W external/xla/xla/service/gpu/autotuning/dot_search_space.cc:200] All configs were filtered out because none of them sufficiently match the hints. Maybe the hints set does not contain a good representative set of valid configs?Working around this by using the full hints set instead.
LOADED: checkpoints/sp/counter_circuit/baseline_seed_0_step_380.msgpack
LOADED: checkpoints/sp/counter_circuit/baseline_seed_1_step_380.msgpack
LOADED: checkpoints/sp/counter_circuit/baseline_seed_2_step_380.msgpack
LOADED: checkpoints/sp/counter_circuit/baseline_seed_3_step_380.msgpack
LOADED: checkpoints/sp/counter_circuit/baseline_seed_4_step_380.msgpack
ZSC[00, 00] = 125.497
ZSC[00, 01] = 146.644
ZSC[00, 02] = 127.287
ZSC[00, 03] = 124.198
ZSC[00, 04] = 115.417
ZSC[01, 00] = 146.847
ZSC[01, 01] = 196.150
ZSC[01, 02] = 182.925
ZSC[01, 03] = 182.170
ZSC[01, 04] = 168.809
ZSC[02, 00] = 128.461
ZSC[02, 01] = 182.520
ZSC[02, 02] = 167.983
ZSC[02, 03] = 166.214
ZSC[02, 04] = 158.127
ZSC[03, 00] = 124.386
ZSC[03, 01] = 182.164
ZSC[03, 02] = 166.611
ZSC[03, 03] = 163.325
ZSC[03, 04] = 159.273
ZSC[04, 00] = 114.609
ZSC[04, 01] = 169.022
ZSC[04, 02] = 158.441
ZSC[04, 03] = 159.195
ZSC[04, 04] = 123.059
Average SP performance (diagonal/self-copy): 155.203 +- 13.823 SE over 5 pairs
Average XP performance (off-diagonal/excluding self): 153.166 +- 5.217 SE over 20 ordered pairs
Saved ZSC results to zsc_results/sp/counter_circuit
Saved ZSC heatmap to zsc_results/sp/counter_circuit/xp_matrix.png
Using alignment rollout scale: ALIGN_PAIR_BATCH_SIZE=1, ALIGN_EVAL_NUM_EPISODES=128, ALIGN_EVAL_NUM_STEPS=400
ALIGN ego[00] partner[00] R2=0.725571 NMSE=0.274429 NP=0.850328 blind_NP=0.832067 PS-NP_gain=0.018261 shuffled_R2=-0.007453 shuffled_NP=0.005873
ALIGN ego[00] partner[01] R2=0.722184 NMSE=0.277816 NP=0.846488 blind_NP=0.800651 PS-NP_gain=0.045836 shuffled_R2=-0.008297 shuffled_NP=0.004975
ALIGN ego[00] partner[02] R2=0.778286 NMSE=0.221714 NP=0.877932 blind_NP=0.849588 PS-NP_gain=0.028344 shuffled_R2=-0.008337 shuffled_NP=0.002532
ALIGN ego[00] partner[03] R2=0.820543 NMSE=0.179457 NP=0.902239 blind_NP=0.887718 PS-NP_gain=0.014521 shuffled_R2=-0.007433 shuffled_NP=0.003700
ALIGN ego[00] partner[04] R2=0.807448 NMSE=0.192552 NP=0.896980 blind_NP=0.889323 PS-NP_gain=0.007657 shuffled_R2=-0.009968 shuffled_NP=0.000809
ALIGN ego[01] partner[00] R2=0.717292 NMSE=0.282708 NP=0.844792 blind_NP=0.794433 PS-NP_gain=0.050359 shuffled_R2=-0.010703 shuffled_NP=0.002634
ALIGN ego[01] partner[01] R2=0.779898 NMSE=0.220102 NP=0.877221 blind_NP=0.838601 PS-NP_gain=0.038619 shuffled_R2=-0.007192 shuffled_NP=0.002362
ALIGN ego[01] partner[02] R2=0.733483 NMSE=0.266517 NP=0.854479 blind_NP=0.802018 PS-NP_gain=0.052462 shuffled_R2=-0.010937 shuffled_NP=0.003276
ALIGN ego[01] partner[03] R2=0.808335 NMSE=0.191665 NP=0.895025 blind_NP=0.863281 PS-NP_gain=0.031744 shuffled_R2=-0.007564 shuffled_NP=0.004672
ALIGN ego[01] partner[04] R2=0.776624 NMSE=0.223376 NP=0.878512 blind_NP=0.833172 PS-NP_gain=0.045340 shuffled_R2=-0.009589 shuffled_NP=0.003137
ALIGN ego[02] partner[00] R2=0.775864 NMSE=0.224136 NP=0.878731 blind_NP=0.875632 PS-NP_gain=0.003099 shuffled_R2=-0.007477 shuffled_NP=0.005666
ALIGN ego[02] partner[01] R2=0.777597 NMSE=0.222403 NP=0.875762 blind_NP=0.853232 PS-NP_gain=0.022530 shuffled_R2=-0.007043 shuffled_NP=0.002334
ALIGN ego[02] partner[02] R2=0.853134 NMSE=0.146866 NP=0.919869 blind_NP=0.894428 PS-NP_gain=0.025441 shuffled_R2=-0.007768 shuffled_NP=0.002857
ALIGN ego[02] partner[03] R2=0.824629 NMSE=0.175371 NP=0.904542 blind_NP=0.884638 PS-NP_gain=0.019904 shuffled_R2=-0.009446 shuffled_NP=0.001193
ALIGN ego[02] partner[04] R2=0.779094 NMSE=0.220906 NP=0.884343 blind_NP=0.867447 PS-NP_gain=0.016895 shuffled_R2=-0.012461 shuffled_NP=0.001850
ALIGN ego[03] partner[00] R2=0.744755 NMSE=0.255245 NP=0.867570 blind_NP=0.841913 PS-NP_gain=0.025657 shuffled_R2=-0.009721 shuffled_NP=0.005627
ALIGN ego[03] partner[01] R2=0.792537 NMSE=0.207463 NP=0.884679 blind_NP=0.856200 PS-NP_gain=0.028478 shuffled_R2=-0.008678 shuffled_NP=0.002361
ALIGN ego[03] partner[02] R2=0.821252 NMSE=0.178748 NP=0.902958 blind_NP=0.873587 PS-NP_gain=0.029371 shuffled_R2=-0.007080 shuffled_NP=0.005043
ALIGN ego[03] partner[03] R2=0.806311 NMSE=0.193689 NP=0.894225 blind_NP=0.868241 PS-NP_gain=0.025984 shuffled_R2=-0.007114 shuffled_NP=0.006248
ALIGN ego[03] partner[04] R2=0.782194 NMSE=0.217806 NP=0.879965 blind_NP=0.856013 PS-NP_gain=0.023952 shuffled_R2=-0.008027 shuffled_NP=0.003142
ALIGN ego[04] partner[00] R2=0.774974 NMSE=0.225026 NP=0.879785 blind_NP=0.872099 PS-NP_gain=0.007686 shuffled_R2=-0.010078 shuffled_NP=0.002270
ALIGN ego[04] partner[01] R2=0.758786 NMSE=0.241214 NP=0.863427 blind_NP=0.840254 PS-NP_gain=0.023173 shuffled_R2=-0.009434 shuffled_NP=0.002576
ALIGN ego[04] partner[02] R2=0.793176 NMSE=0.206824 NP=0.889882 blind_NP=0.860215 PS-NP_gain=0.029667 shuffled_R2=-0.009555 shuffled_NP=0.002760
ALIGN ego[04] partner[03] R2=0.790778 NMSE=0.209222 NP=0.886977 blind_NP=0.863329 PS-NP_gain=0.023648 shuffled_R2=-0.009010 shuffled_NP=0.001993
ALIGN ego[04] partner[04] R2=0.885151 NMSE=0.114849 NP=0.939343 blind_NP=0.925207 PS-NP_gain=0.014136 shuffled_R2=-0.007502 shuffled_NP=0.002513
Average ego-to-partner alignment R2: 0.785196 +- 0.007950 SE over 25 ego-partner pairs
Average alignment normalized MSE: 0.214804 +- 0.007950 SE
Average shuffled-control alignment R2: -0.008715 +- 0.000287 SE
Average neural predictivity: 0.883042 +- 0.004428 SE
Average blind-control neural predictivity: 0.856932 +- 0.006083 SE
Average PS-NP gain: 0.026111 +- 0.002572 SE
Average shuffled-control neural predictivity: 0.003296 +- 0.000303 SE
Saved alignment results to zsc_results/sp/counter_circuit
Evaluating ZSC for method=sp, layout=coord_ring, prefix=checkpoints/sp/, result_name=sp, perspective_transform=true
Importing submoduled environments...
Submoduled environments imported successfully.
2026-07-17 10:59:25.364804: W external/xla/xla/service/gpu/autotuning/dot_search_space.cc:200] All configs were filtered out because none of them sufficiently match the hints. Maybe the hints set does not contain a good representative set of valid configs?Working around this by using the full hints set instead.
LOADED: checkpoints/sp/coord_ring/baseline_seed_0_step_220.msgpack
LOADED: checkpoints/sp/coord_ring/baseline_seed_1_step_220.msgpack
LOADED: checkpoints/sp/coord_ring/baseline_seed_2_step_220.msgpack
LOADED: checkpoints/sp/coord_ring/baseline_seed_3_step_220.msgpack
LOADED: checkpoints/sp/coord_ring/baseline_seed_4_step_220.msgpack
ZSC[00, 00] = 307.777
ZSC[00, 01] = 274.583
ZSC[00, 02] = 291.361
ZSC[00, 03] = 220.734
ZSC[00, 04] = 266.752
ZSC[01, 00] = 274.506
ZSC[01, 01] = 296.403
ZSC[01, 02] = 298.209
ZSC[01, 03] = 297.639
ZSC[01, 04] = 282.953
ZSC[02, 00] = 291.322
ZSC[02, 01] = 298.298
ZSC[02, 02] = 312.286
ZSC[02, 03] = 298.975
ZSC[02, 04] = 293.675
ZSC[03, 00] = 219.884
ZSC[03, 01] = 297.834
ZSC[03, 02] = 299.367
ZSC[03, 03] = 288.744
ZSC[03, 04] = 278.166
ZSC[04, 00] = 266.267
ZSC[04, 01] = 282.247
ZSC[04, 02] = 293.572
ZSC[04, 03] = 277.112
ZSC[04, 04] = 292.881
Average SP performance (diagonal/self-copy): 299.618 +- 4.478 SE over 5 pairs
Average XP performance (off-diagonal/excluding self): 280.173 +- 5.190 SE over 20 ordered pairs
Saved ZSC results to zsc_results/sp/coord_ring
Saved ZSC heatmap to zsc_results/sp/coord_ring/xp_matrix.png
Using alignment rollout scale: ALIGN_PAIR_BATCH_SIZE=1, ALIGN_EVAL_NUM_EPISODES=128, ALIGN_EVAL_NUM_STEPS=400
ALIGN ego[00] partner[00] R2=0.882528 NMSE=0.117472 NP=0.937056 blind_NP=0.929611 PS-NP_gain=0.007445 shuffled_R2=-0.006629 shuffled_NP=0.006476
ALIGN ego[00] partner[01] R2=0.787080 NMSE=0.212920 NP=0.889345 blind_NP=0.864812 PS-NP_gain=0.024533 shuffled_R2=-0.009833 shuffled_NP=0.003641
ALIGN ego[00] partner[02] R2=0.892929 NMSE=0.107071 NP=0.943399 blind_NP=0.925557 PS-NP_gain=0.017842 shuffled_R2=-0.008215 shuffled_NP=0.002023
ALIGN ego[00] partner[03] R2=0.835754 NMSE=0.164246 NP=0.911185 blind_NP=0.889809 PS-NP_gain=0.021377 shuffled_R2=-0.008120 shuffled_NP=0.002195
ALIGN ego[00] partner[04] R2=0.797546 NMSE=0.202454 NP=0.888260 blind_NP=0.863734 PS-NP_gain=0.024526 shuffled_R2=-0.009263 shuffled_NP=0.004134
ALIGN ego[01] partner[00] R2=0.845557 NMSE=0.154443 NP=0.916709 blind_NP=0.914864 PS-NP_gain=0.001845 shuffled_R2=-0.007533 shuffled_NP=0.004927
ALIGN ego[01] partner[01] R2=0.858267 NMSE=0.141733 NP=0.923358 blind_NP=0.905407 PS-NP_gain=0.017951 shuffled_R2=-0.008098 shuffled_NP=0.003476
ALIGN ego[01] partner[02] R2=0.883841 NMSE=0.116159 NP=0.938383 blind_NP=0.933443 PS-NP_gain=0.004939 shuffled_R2=-0.007022 shuffled_NP=0.002752
ALIGN ego[01] partner[03] R2=0.855849 NMSE=0.144151 NP=0.922027 blind_NP=0.916922 PS-NP_gain=0.005105 shuffled_R2=-0.008391 shuffled_NP=0.003444
ALIGN ego[01] partner[04] R2=0.838984 NMSE=0.161016 NP=0.913437 blind_NP=0.907083 PS-NP_gain=0.006354 shuffled_R2=-0.006835 shuffled_NP=0.004115
ALIGN ego[02] partner[00] R2=0.876825 NMSE=0.123175 NP=0.934982 blind_NP=0.927057 PS-NP_gain=0.007925 shuffled_R2=-0.008859 shuffled_NP=0.001994
ALIGN ego[02] partner[01] R2=0.875727 NMSE=0.124273 NP=0.934766 blind_NP=0.923418 PS-NP_gain=0.011348 shuffled_R2=-0.007645 shuffled_NP=0.002256
ALIGN ego[02] partner[02] R2=0.926687 NMSE=0.073313 NP=0.962086 blind_NP=0.957831 PS-NP_gain=0.004256 shuffled_R2=-0.006424 shuffled_NP=0.003734
ALIGN ego[02] partner[03] R2=0.880781 NMSE=0.119219 NP=0.937108 blind_NP=0.928732 PS-NP_gain=0.008376 shuffled_R2=-0.006884 shuffled_NP=0.005515
ALIGN ego[02] partner[04] R2=0.842149 NMSE=0.157851 NP=0.912839 blind_NP=0.902100 PS-NP_gain=0.010739 shuffled_R2=-0.008230 shuffled_NP=0.003709
ALIGN ego[03] partner[00] R2=0.861942 NMSE=0.138058 NP=0.923947 blind_NP=0.916429 PS-NP_gain=0.007518 shuffled_R2=-0.007255 shuffled_NP=0.002601
ALIGN ego[03] partner[01] R2=0.846960 NMSE=0.153040 NP=0.918181 blind_NP=0.901059 PS-NP_gain=0.017122 shuffled_R2=-0.008001 shuffled_NP=0.001481
ALIGN ego[03] partner[02] R2=0.835890 NMSE=0.164110 NP=0.914768 blind_NP=0.904929 PS-NP_gain=0.009839 shuffled_R2=-0.016197 shuffled_NP=0.004332
ALIGN ego[03] partner[03] R2=0.782373 NMSE=0.217627 NP=0.878384 blind_NP=0.845056 PS-NP_gain=0.033328 shuffled_R2=-0.009202 shuffled_NP=0.003205
ALIGN ego[03] partner[04] R2=0.854322 NMSE=0.145678 NP=0.922232 blind_NP=0.910068 PS-NP_gain=0.012164 shuffled_R2=-0.007497 shuffled_NP=0.002469
ALIGN ego[04] partner[00] R2=0.806695 NMSE=0.193305 NP=0.894148 blind_NP=0.883422 PS-NP_gain=0.010726 shuffled_R2=-0.007751 shuffled_NP=0.002373
ALIGN ego[04] partner[01] R2=0.846144 NMSE=0.153856 NP=0.916282 blind_NP=0.897293 PS-NP_gain=0.018989 shuffled_R2=-0.007616 shuffled_NP=0.003381
ALIGN ego[04] partner[02] R2=0.860762 NMSE=0.139238 NP=0.924856 blind_NP=0.905618 PS-NP_gain=0.019238 shuffled_R2=-0.006879 shuffled_NP=0.002961
ALIGN ego[04] partner[03] R2=0.789582 NMSE=0.210418 NP=0.886345 blind_NP=0.877704 PS-NP_gain=0.008640 shuffled_R2=-0.014982 shuffled_NP=0.002736
ALIGN ego[04] partner[04] R2=0.819209 NMSE=0.180791 NP=0.900953 blind_NP=0.886351 PS-NP_gain=0.014602 shuffled_R2=-0.006994 shuffled_NP=0.004184
Average ego-to-partner alignment R2: 0.847375 +- 0.007171 SE over 25 ego-partner pairs
Average alignment normalized MSE: 0.152625 +- 0.007171 SE
Average shuffled-control alignment R2: -0.008414 +- 0.000467 SE
Average neural predictivity: 0.917801 +- 0.004019 SE
Average blind-control neural predictivity: 0.904732 +- 0.005033 SE
Average PS-NP gain: 0.013069 +- 0.001535 SE
Average shuffled-control neural predictivity: 0.003365 +- 0.000235 SE
Saved alignment results to zsc_results/sp/coord_ring
Evaluating ZSC for method=e3t, layout=cramped_room5x5, prefix=checkpoints/e3t/, result_name=e3t, perspective_transform=true
Importing submoduled environments...
Submoduled environments imported successfully.
2026-07-17 11:02:00.535070: W external/xla/xla/service/gpu/autotuning/dot_search_space.cc:200] All configs were filtered out because none of them sufficiently match the hints. Maybe the hints set does not contain a good representative set of valid configs?Working around this by using the full hints set instead.
2026-07-17 11:02:00.535181: W external/xla/xla/service/gpu/autotuning/dot_search_space.cc:200] All configs were filtered out because none of them sufficiently match the hints. Maybe the hints set does not contain a good representative set of valid configs?Working around this by using the full hints set instead.
LOADED: checkpoints/e3t/cramped_room5x5/baseline_seed_0_step_684.msgpack
LOADED: checkpoints/e3t/cramped_room5x5/baseline_seed_1_step_684.msgpack
LOADED: checkpoints/e3t/cramped_room5x5/baseline_seed_2_step_684.msgpack
LOADED: checkpoints/e3t/cramped_room5x5/baseline_seed_3_step_684.msgpack
LOADED: checkpoints/e3t/cramped_room5x5/baseline_seed_4_step_684.msgpack
ZSC[00, 00] = 162.819
ZSC[00, 01] = 130.977
ZSC[00, 02] = 114.625
ZSC[00, 03] = 83.567
ZSC[00, 04] = 173.836
ZSC[01, 00] = 132.408
ZSC[01, 01] = 224.247
ZSC[01, 02] = 216.755
ZSC[01, 03] = 187.814
ZSC[01, 04] = 146.572
ZSC[02, 00] = 115.889
ZSC[02, 01] = 216.764
ZSC[02, 02] = 187.691
ZSC[02, 03] = 137.802
ZSC[02, 04] = 150.478
ZSC[03, 00] = 82.994
ZSC[03, 01] = 188.798
ZSC[03, 02] = 138.617
ZSC[03, 03] = 183.087
ZSC[03, 04] = 170.448
ZSC[04, 00] = 171.756
ZSC[04, 01] = 146.014
ZSC[04, 02] = 150.688
ZSC[04, 03] = 170.194
ZSC[04, 04] = 214.911
Average SP performance (diagonal/self-copy): 194.551 +- 11.140 SE over 5 pairs
Average XP performance (off-diagonal/excluding self): 151.350 +- 8.268 SE over 20 ordered pairs
Saved ZSC results to zsc_results/e3t/cramped_room5x5
Saved ZSC heatmap to zsc_results/e3t/cramped_room5x5/xp_matrix.png
Using alignment rollout scale: ALIGN_PAIR_BATCH_SIZE=1, ALIGN_EVAL_NUM_EPISODES=128, ALIGN_EVAL_NUM_STEPS=400
ALIGN ego[00] partner[00] R2=0.821442 NMSE=0.178558 NP=0.906254 blind_NP=0.879153 PS-NP_gain=0.027101 shuffled_R2=-0.008366 shuffled_NP=0.003651
ALIGN ego[00] partner[01] R2=0.848387 NMSE=0.151613 NP=0.924223 blind_NP=0.903802 PS-NP_gain=0.020422 shuffled_R2=-0.007558 shuffled_NP=0.003759
ALIGN ego[00] partner[02] R2=0.840152 NMSE=0.159848 NP=0.916982 blind_NP=0.888519 PS-NP_gain=0.028462 shuffled_R2=-0.011624 shuffled_NP=0.006059
ALIGN ego[00] partner[03] R2=0.846453 NMSE=0.153547 NP=0.916134 blind_NP=0.880780 PS-NP_gain=0.035353 shuffled_R2=-0.010162 shuffled_NP=0.003276
ALIGN ego[00] partner[04] R2=0.822656 NMSE=0.177344 NP=0.906624 blind_NP=0.883281 PS-NP_gain=0.023343 shuffled_R2=-0.010862 shuffled_NP=0.002471
ALIGN ego[01] partner[00] R2=0.799518 NMSE=0.200482 NP=0.901465 blind_NP=0.900774 PS-NP_gain=0.000691 shuffled_R2=-0.011838 shuffled_NP=0.002859
ALIGN ego[01] partner[01] R2=0.878715 NMSE=0.121285 NP=0.933654 blind_NP=0.902840 PS-NP_gain=0.030814 shuffled_R2=-0.007544 shuffled_NP=0.003102
ALIGN ego[01] partner[02] R2=0.835120 NMSE=0.164880 NP=0.912573 blind_NP=0.883870 PS-NP_gain=0.028703 shuffled_R2=-0.010641 shuffled_NP=0.002475
ALIGN ego[01] partner[03] R2=0.856797 NMSE=0.143203 NP=0.924514 blind_NP=0.910995 PS-NP_gain=0.013520 shuffled_R2=-0.010109 shuffled_NP=0.001512
ALIGN ego[01] partner[04] R2=0.838637 NMSE=0.161363 NP=0.913819 blind_NP=0.898468 PS-NP_gain=0.015351 shuffled_R2=-0.008297 shuffled_NP=0.002407
ALIGN ego[02] partner[00] R2=0.887226 NMSE=0.112774 NP=0.941765 blind_NP=0.921874 PS-NP_gain=0.019890 shuffled_R2=-0.009360 shuffled_NP=0.003591
ALIGN ego[02] partner[01] R2=0.841139 NMSE=0.158861 NP=0.917427 blind_NP=0.878101 PS-NP_gain=0.039325 shuffled_R2=-0.008337 shuffled_NP=0.002598
ALIGN ego[02] partner[02] R2=0.851042 NMSE=0.148958 NP=0.921938 blind_NP=0.884224 PS-NP_gain=0.037714 shuffled_R2=-0.008927 shuffled_NP=0.001787
ALIGN ego[02] partner[03] R2=0.859535 NMSE=0.140465 NP=0.925896 blind_NP=0.904985 PS-NP_gain=0.020911 shuffled_R2=-0.008528 shuffled_NP=0.002867
ALIGN ego[02] partner[04] R2=0.796068 NMSE=0.203932 NP=0.889917 blind_NP=0.859667 PS-NP_gain=0.030250 shuffled_R2=-0.010141 shuffled_NP=0.001286
ALIGN ego[03] partner[00] R2=0.867390 NMSE=0.132610 NP=0.928260 blind_NP=0.914425 PS-NP_gain=0.013834 shuffled_R2=-0.010581 shuffled_NP=0.001877
ALIGN ego[03] partner[01] R2=0.804131 NMSE=0.195869 NP=0.897507 blind_NP=0.853415 PS-NP_gain=0.044092 shuffled_R2=-0.010326 shuffled_NP=0.000987
ALIGN ego[03] partner[02] R2=0.808366 NMSE=0.191634 NP=0.895751 blind_NP=0.873339 PS-NP_gain=0.022412 shuffled_R2=-0.009322 shuffled_NP=0.005282
ALIGN ego[03] partner[03] R2=0.872696 NMSE=0.127304 NP=0.931446 blind_NP=0.911276 PS-NP_gain=0.020171 shuffled_R2=-0.006744 shuffled_NP=0.007857
ALIGN ego[03] partner[04] R2=0.826571 NMSE=0.173429 NP=0.907586 blind_NP=0.884450 PS-NP_gain=0.023136 shuffled_R2=-0.008796 shuffled_NP=0.003243
ALIGN ego[04] partner[00] R2=0.866739 NMSE=0.133261 NP=0.929625 blind_NP=0.898474 PS-NP_gain=0.031151 shuffled_R2=-0.007804 shuffled_NP=0.003249
ALIGN ego[04] partner[01] R2=0.805286 NMSE=0.194714 NP=0.895523 blind_NP=0.860520 PS-NP_gain=0.035003 shuffled_R2=-0.010304 shuffled_NP=0.003015
ALIGN ego[04] partner[02] R2=0.832228 NMSE=0.167772 NP=0.908105 blind_NP=0.865271 PS-NP_gain=0.042833 shuffled_R2=-0.008281 shuffled_NP=0.004351
ALIGN ego[04] partner[03] R2=0.821317 NMSE=0.178683 NP=0.905119 blind_NP=0.866040 PS-NP_gain=0.039080 shuffled_R2=-0.008662 shuffled_NP=0.002419
ALIGN ego[04] partner[04] R2=0.836740 NMSE=0.163260 NP=0.911898 blind_NP=0.878411 PS-NP_gain=0.033487 shuffled_R2=-0.009119 shuffled_NP=0.001596
Average ego-to-partner alignment R2: 0.838574 +- 0.005073 SE over 25 ego-partner pairs
Average alignment normalized MSE: 0.161426 +- 0.005073 SE
Average shuffled-control alignment R2: -0.009289 +- 0.000265 SE
Average neural predictivity: 0.914560 +- 0.002679 SE
Average blind-control neural predictivity: 0.887478 +- 0.003743 SE
Average PS-NP gain: 0.027082 +- 0.002077 SE
Average shuffled-control neural predictivity: 0.003103 +- 0.000307 SE
Saved alignment results to zsc_results/e3t/cramped_room5x5
Evaluating ZSC for method=e3t, layout=counter_circuit, prefix=checkpoints/e3t/, result_name=e3t, perspective_transform=true
Importing submoduled environments...
Submoduled environments imported successfully.
2026-07-17 11:04:41.541409: W external/xla/xla/service/gpu/autotuning/dot_search_space.cc:200] All configs were filtered out because none of them sufficiently match the hints. Maybe the hints set does not contain a good representative set of valid configs?Working around this by using the full hints set instead.
2026-07-17 11:04:41.541531: W external/xla/xla/service/gpu/autotuning/dot_search_space.cc:200] All configs were filtered out because none of them sufficiently match the hints. Maybe the hints set does not contain a good representative set of valid configs?Working around this by using the full hints set instead.
LOADED: checkpoints/e3t/counter_circuit/baseline_seed_0_step_2280.msgpack
LOADED: checkpoints/e3t/counter_circuit/baseline_seed_1_step_2280.msgpack
LOADED: checkpoints/e3t/counter_circuit/baseline_seed_2_step_2280.msgpack
LOADED: checkpoints/e3t/counter_circuit/baseline_seed_3_step_2280.msgpack
LOADED: checkpoints/e3t/counter_circuit/baseline_seed_4_step_2280.msgpack
ZSC[00, 00] = 215.234
ZSC[00, 01] = 168.597
ZSC[00, 02] = 173.914
ZSC[00, 03] = 214.794
ZSC[00, 04] = 211.442
ZSC[01, 00] = 165.222
ZSC[01, 01] = 209.847
ZSC[01, 02] = 211.153
ZSC[01, 03] = 156.975
ZSC[01, 04] = 121.031
ZSC[02, 00] = 174.995
ZSC[02, 01] = 213.062
ZSC[02, 02] = 222.037
ZSC[02, 03] = 196.144
ZSC[02, 04] = 128.889
ZSC[03, 00] = 214.164
ZSC[03, 01] = 139.841
ZSC[03, 02] = 188.997
ZSC[03, 03] = 223.245
ZSC[03, 04] = 209.352
ZSC[04, 00] = 209.409
ZSC[04, 01] = 118.155
ZSC[04, 02] = 138.272
ZSC[04, 03] = 208.608
ZSC[04, 04] = 242.184
Average SP performance (diagonal/self-copy): 222.510 +- 5.482 SE over 5 pairs
Average XP performance (off-diagonal/excluding self): 178.151 +- 7.688 SE over 20 ordered pairs
Saved ZSC results to zsc_results/e3t/counter_circuit
Saved ZSC heatmap to zsc_results/e3t/counter_circuit/xp_matrix.png
Using alignment rollout scale: ALIGN_PAIR_BATCH_SIZE=1, ALIGN_EVAL_NUM_EPISODES=128, ALIGN_EVAL_NUM_STEPS=400
ALIGN ego[00] partner[00] R2=0.893898 NMSE=0.106102 NP=0.944057 blind_NP=0.914053 PS-NP_gain=0.030005 shuffled_R2=-0.006660 shuffled_NP=0.005475
ALIGN ego[00] partner[01] R2=0.826428 NMSE=0.173572 NP=0.906953 blind_NP=0.877342 PS-NP_gain=0.029610 shuffled_R2=-0.007542 shuffled_NP=0.002714
ALIGN ego[00] partner[02] R2=0.807174 NMSE=0.192826 NP=0.896937 blind_NP=0.858089 PS-NP_gain=0.038848 shuffled_R2=-0.009327 shuffled_NP=0.002245
ALIGN ego[00] partner[03] R2=0.859581 NMSE=0.140419 NP=0.925933 blind_NP=0.899770 PS-NP_gain=0.026163 shuffled_R2=-0.006779 shuffled_NP=0.006134
ALIGN ego[00] partner[04] R2=0.841744 NMSE=0.158256 NP=0.916164 blind_NP=0.887412 PS-NP_gain=0.028752 shuffled_R2=-0.008551 shuffled_NP=0.001887
ALIGN ego[01] partner[00] R2=0.819734 NMSE=0.180266 NP=0.903317 blind_NP=0.863658 PS-NP_gain=0.039659 shuffled_R2=-0.009951 shuffled_NP=0.002063
ALIGN ego[01] partner[01] R2=0.860479 NMSE=0.139521 NP=0.925790 blind_NP=0.878885 PS-NP_gain=0.046905 shuffled_R2=-0.008474 shuffled_NP=0.001749
ALIGN ego[01] partner[02] R2=0.854139 NMSE=0.145861 NP=0.922909 blind_NP=0.885078 PS-NP_gain=0.037830 shuffled_R2=-0.007641 shuffled_NP=0.001247
ALIGN ego[01] partner[03] R2=0.848296 NMSE=0.151704 NP=0.919129 blind_NP=0.893402 PS-NP_gain=0.025726 shuffled_R2=-0.008103 shuffled_NP=0.001600
ALIGN ego[01] partner[04] R2=0.765690 NMSE=0.234310 NP=0.875802 blind_NP=0.828441 PS-NP_gain=0.047362 shuffled_R2=-0.008638 shuffled_NP=0.002927
ALIGN ego[02] partner[00] R2=0.801458 NMSE=0.198542 NP=0.894621 blind_NP=0.833568 PS-NP_gain=0.061053 shuffled_R2=-0.009141 shuffled_NP=0.002744
ALIGN ego[02] partner[01] R2=0.853592 NMSE=0.146408 NP=0.921653 blind_NP=0.892301 PS-NP_gain=0.029352 shuffled_R2=-0.007492 shuffled_NP=0.003517
ALIGN ego[02] partner[02] R2=0.856450 NMSE=0.143550 NP=0.924257 blind_NP=0.877756 PS-NP_gain=0.046501 shuffled_R2=-0.008610 shuffled_NP=0.003089
ALIGN ego[02] partner[03] R2=0.853549 NMSE=0.146451 NP=0.920931 blind_NP=0.890064 PS-NP_gain=0.030866 shuffled_R2=-0.007638 shuffled_NP=0.003108
ALIGN ego[02] partner[04] R2=0.830451 NMSE=0.169549 NP=0.909597 blind_NP=0.875801 PS-NP_gain=0.033795 shuffled_R2=-0.008498 shuffled_NP=0.001912
ALIGN ego[03] partner[00] R2=0.862302 NMSE=0.137698 NP=0.927327 blind_NP=0.899647 PS-NP_gain=0.027680 shuffled_R2=-0.006666 shuffled_NP=0.006400
ALIGN ego[03] partner[01] R2=0.825036 NMSE=0.174964 NP=0.907805 blind_NP=0.880380 PS-NP_gain=0.027424 shuffled_R2=-0.008573 shuffled_NP=0.002071
ALIGN ego[03] partner[02] R2=0.839506 NMSE=0.160494 NP=0.914041 blind_NP=0.892430 PS-NP_gain=0.021612 shuffled_R2=-0.007372 shuffled_NP=0.004242
ALIGN ego[03] partner[03] R2=0.847492 NMSE=0.152508 NP=0.920109 blind_NP=0.898999 PS-NP_gain=0.021111 shuffled_R2=-0.008187 shuffled_NP=0.002053
ALIGN ego[03] partner[04] R2=0.822895 NMSE=0.177105 NP=0.906100 blind_NP=0.881836 PS-NP_gain=0.024264 shuffled_R2=-0.009181 shuffled_NP=0.001841
ALIGN ego[04] partner[00] R2=0.861946 NMSE=0.138054 NP=0.927278 blind_NP=0.891062 PS-NP_gain=0.036217 shuffled_R2=-0.008533 shuffled_NP=0.001024
ALIGN ego[04] partner[01] R2=0.830902 NMSE=0.169098 NP=0.908702 blind_NP=0.881157 PS-NP_gain=0.027544 shuffled_R2=-0.007283 shuffled_NP=0.003983
ALIGN ego[04] partner[02] R2=0.845043 NMSE=0.154957 NP=0.918141 blind_NP=0.889823 PS-NP_gain=0.028318 shuffled_R2=-0.008622 shuffled_NP=0.002239
ALIGN ego[04] partner[03] R2=0.849952 NMSE=0.150048 NP=0.920967 blind_NP=0.894223 PS-NP_gain=0.026743 shuffled_R2=-0.008367 shuffled_NP=0.001216
ALIGN ego[04] partner[04] R2=0.876971 NMSE=0.123029 NP=0.935510 blind_NP=0.904801 PS-NP_gain=0.030709 shuffled_R2=-0.006865 shuffled_NP=0.004829
Average ego-to-partner alignment R2: 0.841388 +- 0.005239 SE over 25 ego-partner pairs
Average alignment normalized MSE: 0.158612 +- 0.005239 SE
Average shuffled-control alignment R2: -0.008108 +- 0.000177 SE
Average neural predictivity: 0.915761 +- 0.002825 SE
Average blind-control neural predictivity: 0.882799 +- 0.003959 SE
Average PS-NP gain: 0.032962 +- 0.001889 SE
Average shuffled-control neural predictivity: 0.002892 +- 0.000302 SE
Saved alignment results to zsc_results/e3t/counter_circuit
Evaluating ZSC for method=e3t, layout=coord_ring, prefix=checkpoints/e3t/, result_name=e3t, perspective_transform=true
Importing submoduled environments...
Submoduled environments imported successfully.
2026-07-17 11:07:17.752574: W external/xla/xla/service/gpu/autotuning/dot_search_space.cc:200] All configs were filtered out because none of them sufficiently match the hints. Maybe the hints set does not contain a good representative set of valid configs?Working around this by using the full hints set instead.
2026-07-17 11:07:17.752683: W external/xla/xla/service/gpu/autotuning/dot_search_space.cc:200] All configs were filtered out because none of them sufficiently match the hints. Maybe the hints set does not contain a good representative set of valid configs?Working around this by using the full hints set instead.
LOADED: checkpoints/e3t/coord_ring/baseline_seed_0_step_2280.msgpack
LOADED: checkpoints/e3t/coord_ring/baseline_seed_1_step_2280.msgpack
LOADED: checkpoints/e3t/coord_ring/baseline_seed_2_step_2280.msgpack
LOADED: checkpoints/e3t/coord_ring/baseline_seed_3_step_2280.msgpack
LOADED: checkpoints/e3t/coord_ring/baseline_seed_4_step_2280.msgpack
ZSC[00, 00] = 288.494
ZSC[00, 01] = 284.330
ZSC[00, 02] = 298.897
ZSC[00, 03] = 315.897
ZSC[00, 04] = 278.997
ZSC[01, 00] = 284.761
ZSC[01, 01] = 299.994
ZSC[01, 02] = 273.539
ZSC[01, 03] = 280.586
ZSC[01, 04] = 286.997
ZSC[02, 00] = 298.481
ZSC[02, 01] = 274.372
ZSC[02, 02] = 305.369
ZSC[02, 03] = 290.033
ZSC[02, 04] = 235.408
ZSC[03, 00] = 315.784
ZSC[03, 01] = 281.373
ZSC[03, 02] = 289.991
ZSC[03, 03] = 315.731
ZSC[03, 04] = 139.633
ZSC[04, 00] = 280.100
ZSC[04, 01] = 287.234
ZSC[04, 02] = 236.973
ZSC[04, 03] = 141.183
ZSC[04, 04] = 310.031
Average SP performance (diagonal/self-copy): 303.924 +- 4.649 SE over 5 pairs
Average XP performance (off-diagonal/excluding self): 268.728 +- 10.756 SE over 20 ordered pairs
Saved ZSC results to zsc_results/e3t/coord_ring
Saved ZSC heatmap to zsc_results/e3t/coord_ring/xp_matrix.png
Using alignment rollout scale: ALIGN_PAIR_BATCH_SIZE=1, ALIGN_EVAL_NUM_EPISODES=128, ALIGN_EVAL_NUM_STEPS=400
ALIGN ego[00] partner[00] R2=0.896092 NMSE=0.103908 NP=0.945978 blind_NP=0.926882 PS-NP_gain=0.019097 shuffled_R2=-0.008594 shuffled_NP=0.006267
ALIGN ego[00] partner[01] R2=0.807789 NMSE=0.192211 NP=0.914214 blind_NP=0.897512 PS-NP_gain=0.016702 shuffled_R2=-0.017227 shuffled_NP=0.003676
ALIGN ego[00] partner[02] R2=0.923148 NMSE=0.076852 NP=0.960062 blind_NP=0.951088 PS-NP_gain=0.008974 shuffled_R2=-0.009797 shuffled_NP=0.002332
ALIGN ego[00] partner[03] R2=0.943667 NMSE=0.056333 NP=0.970222 blind_NP=0.961012 PS-NP_gain=0.009211 shuffled_R2=-0.007043 shuffled_NP=0.005465
ALIGN ego[00] partner[04] R2=0.931730 NMSE=0.068270 NP=0.965271 blind_NP=0.946933 PS-NP_gain=0.018338 shuffled_R2=-0.009146 shuffled_NP=0.003174
ALIGN ego[01] partner[00] R2=0.910645 NMSE=0.089355 NP=0.953710 blind_NP=0.923865 PS-NP_gain=0.029845 shuffled_R2=-0.011313 shuffled_NP=0.002598
ALIGN ego[01] partner[01] R2=0.897661 NMSE=0.102339 NP=0.947870 blind_NP=0.933575 PS-NP_gain=0.014295 shuffled_R2=-0.009398 shuffled_NP=0.005600
ALIGN ego[01] partner[02] R2=0.716203 NMSE=0.283797 NP=0.879563 blind_NP=0.860084 PS-NP_gain=0.019479 shuffled_R2=-0.056392 shuffled_NP=0.001994
ALIGN ego[01] partner[03] R2=0.928048 NMSE=0.071952 NP=0.958620 blind_NP=0.942734 PS-NP_gain=0.015886 shuffled_R2=-0.008014 shuffled_NP=0.003587
ALIGN ego[01] partner[04] R2=0.809505 NMSE=0.190495 NP=0.918103 blind_NP=0.914676 PS-NP_gain=0.003427 shuffled_R2=-0.041967 shuffled_NP=0.001948
ALIGN ego[02] partner[00] R2=0.909901 NMSE=0.090099 NP=0.953795 blind_NP=0.927107 PS-NP_gain=0.026688 shuffled_R2=-0.013156 shuffled_NP=0.000859
ALIGN ego[02] partner[01] R2=0.863002 NMSE=0.136998 NP=0.929789 blind_NP=0.904527 PS-NP_gain=0.025262 shuffled_R2=-0.018578 shuffled_NP=0.001493
ALIGN ego[02] partner[02] R2=0.932418 NMSE=0.067582 NP=0.965054 blind_NP=0.946231 PS-NP_gain=0.018822 shuffled_R2=-0.007831 shuffled_NP=0.001647
ALIGN ego[02] partner[03] R2=0.910441 NMSE=0.089559 NP=0.952567 blind_NP=0.925905 PS-NP_gain=0.026662 shuffled_R2=-0.008725 shuffled_NP=0.001238
ALIGN ego[02] partner[04] R2=0.928923 NMSE=0.071077 NP=0.961789 blind_NP=0.946973 PS-NP_gain=0.014817 shuffled_R2=-0.007358 shuffled_NP=0.003168
ALIGN ego[03] partner[00] R2=0.951256 NMSE=0.048744 NP=0.973733 blind_NP=0.964072 PS-NP_gain=0.009661 shuffled_R2=-0.007386 shuffled_NP=0.001131
ALIGN ego[03] partner[01] R2=0.905959 NMSE=0.094041 NP=0.951673 blind_NP=0.929931 PS-NP_gain=0.021742 shuffled_R2=-0.007600 shuffled_NP=0.005182
ALIGN ego[03] partner[02] R2=0.834997 NMSE=0.165003 NP=0.923496 blind_NP=0.877751 PS-NP_gain=0.045745 shuffled_R2=-0.016213 shuffled_NP=0.002259
ALIGN ego[03] partner[03] R2=0.800350 NMSE=0.199650 NP=0.911641 blind_NP=0.875348 PS-NP_gain=0.036293 shuffled_R2=-0.048774 shuffled_NP=0.008239
ALIGN ego[03] partner[04] R2=0.943722 NMSE=0.056278 NP=0.969300 blind_NP=0.956282 PS-NP_gain=0.013017 shuffled_R2=-0.006809 shuffled_NP=0.001939
ALIGN ego[04] partner[00] R2=0.930802 NMSE=0.069198 NP=0.963018 blind_NP=0.950604 PS-NP_gain=0.012414 shuffled_R2=-0.006745 shuffled_NP=0.007505
ALIGN ego[04] partner[01] R2=0.864937 NMSE=0.135063 NP=0.928543 blind_NP=0.893366 PS-NP_gain=0.035176 shuffled_R2=-0.011574 shuffled_NP=0.003513
ALIGN ego[04] partner[02] R2=0.835720 NMSE=0.164280 NP=0.917665 blind_NP=0.923067 PS-NP_gain=-0.005402 shuffled_R2=-0.045379 shuffled_NP=0.004261
ALIGN ego[04] partner[03] R2=0.866981 NMSE=0.133019 NP=0.931653 blind_NP=0.914264 PS-NP_gain=0.017389 shuffled_R2=-0.014827 shuffled_NP=0.002997
ALIGN ego[04] partner[04] R2=0.918568 NMSE=0.081432 NP=0.958542 blind_NP=0.934361 PS-NP_gain=0.024181 shuffled_R2=-0.007455 shuffled_NP=0.005292
Average ego-to-partner alignment R2: 0.886499 +- 0.011563 SE over 25 ego-partner pairs
Average alignment normalized MSE: 0.113501 +- 0.011563 SE
Average shuffled-control alignment R2: -0.016292 +- 0.002947 SE
Average neural predictivity: 0.944235 +- 0.004703 SE
Average blind-control neural predictivity: 0.925126 +- 0.005534 SE
Average PS-NP gain: 0.019109 +- 0.002177 SE
Average shuffled-control neural predictivity: 0.003494 +- 0.000403 SE
Saved alignment results to zsc_results/e3t/coord_ring
Evaluating ZSC for method=ph2v5, layout=cramped_room5x5, prefix=checkpoints/ph2v5/, result_name=ph2v5, perspective_transform=true
Importing submoduled environments...
Submoduled environments imported successfully.
LOADED: checkpoints/ph2v5/cramped_room5x5/baseline_seed_0_step_220.msgpack
LOADED: checkpoints/ph2v5/cramped_room5x5/baseline_seed_1_step_220.msgpack
LOADED: checkpoints/ph2v5/cramped_room5x5/baseline_seed_2_step_220.msgpack
LOADED: checkpoints/ph2v5/cramped_room5x5/baseline_seed_3_step_220.msgpack
LOADED: checkpoints/ph2v5/cramped_room5x5/baseline_seed_4_step_220.msgpack
ZSC[00, 00] = 230.822
ZSC[00, 01] = 222.792
ZSC[00, 02] = 224.184
ZSC[00, 03] = 191.817
ZSC[00, 04] = 193.673
ZSC[01, 00] = 222.941
ZSC[01, 01] = 234.091
ZSC[01, 02] = 238.273
ZSC[01, 03] = 208.931
ZSC[01, 04] = 245.666
ZSC[02, 00] = 222.909
ZSC[02, 01] = 238.308
ZSC[02, 02] = 233.541
ZSC[02, 03] = 198.802
ZSC[02, 04] = 225.114
ZSC[03, 00] = 191.891
ZSC[03, 01] = 207.873
ZSC[03, 02] = 200.022
ZSC[03, 03] = 233.002
ZSC[03, 04] = 197.837
ZSC[04, 00] = 193.281
ZSC[04, 01] = 245.648
ZSC[04, 02] = 225.345
ZSC[04, 03] = 198.559
ZSC[04, 04] = 242.902
Average SP performance (diagonal/self-copy): 234.871 +- 2.083 SE over 5 pairs
Average XP performance (off-diagonal/excluding self): 214.693 +- 4.161 SE over 20 ordered pairs
Saved ZSC results to zsc_results/ph2v5/cramped_room5x5
Saved ZSC heatmap to zsc_results/ph2v5/cramped_room5x5/xp_matrix.png
Using alignment rollout scale: ALIGN_PAIR_BATCH_SIZE=1, ALIGN_EVAL_NUM_EPISODES=128, ALIGN_EVAL_NUM_STEPS=400
ALIGN ego[00] partner[00] R2=0.935387 NMSE=0.064613 NP=0.966510 blind_NP=0.958353 PS-NP_gain=0.008158 shuffled_R2=-0.015170 shuffled_NP=0.001461
ALIGN ego[00] partner[01] R2=0.892015 NMSE=0.107985 NP=0.944296 blind_NP=0.932671 PS-NP_gain=0.011625 shuffled_R2=-0.019324 shuffled_NP=0.003729
ALIGN ego[00] partner[02] R2=0.818272 NMSE=0.181728 NP=0.913047 blind_NP=0.856567 PS-NP_gain=0.056480 shuffled_R2=-0.025860 shuffled_NP=0.002049
ALIGN ego[00] partner[03] R2=0.926411 NMSE=0.073589 NP=0.962789 blind_NP=0.945208 PS-NP_gain=0.017581 shuffled_R2=-0.027751 shuffled_NP=0.001051
ALIGN ego[00] partner[04] R2=0.936102 NMSE=0.063898 NP=0.967158 blind_NP=0.958799 PS-NP_gain=0.008358 shuffled_R2=-0.016612 shuffled_NP=0.004605
ALIGN ego[01] partner[00] R2=0.852699 NMSE=0.147301 NP=0.924869 blind_NP=0.910191 PS-NP_gain=0.014678 shuffled_R2=-0.029535 shuffled_NP=0.002628
ALIGN ego[01] partner[01] R2=0.903960 NMSE=0.096040 NP=0.950541 blind_NP=0.946453 PS-NP_gain=0.004088 shuffled_R2=-0.019232 shuffled_NP=0.001507
ALIGN ego[01] partner[02] R2=0.929378 NMSE=0.070622 NP=0.963776 blind_NP=0.951476 PS-NP_gain=0.012300 shuffled_R2=-0.018815 shuffled_NP=0.003922
ALIGN ego[01] partner[03] R2=0.942960 NMSE=0.057040 NP=0.970484 blind_NP=0.964796 PS-NP_gain=0.005688 shuffled_R2=-0.018671 shuffled_NP=0.001330
ALIGN ego[01] partner[04] R2=0.936509 NMSE=0.063491 NP=0.967361 blind_NP=0.955792 PS-NP_gain=0.011569 shuffled_R2=-0.016610 shuffled_NP=0.003925
ALIGN ego[02] partner[00] R2=0.904701 NMSE=0.095299 NP=0.951026 blind_NP=0.934853 PS-NP_gain=0.016173 shuffled_R2=-0.016106 shuffled_NP=0.002344
ALIGN ego[02] partner[01] R2=0.921103 NMSE=0.078897 NP=0.959593 blind_NP=0.952829 PS-NP_gain=0.006763 shuffled_R2=-0.016398 shuffled_NP=0.003233
ALIGN ego[02] partner[02] R2=0.913225 NMSE=0.086775 NP=0.955252 blind_NP=0.943776 PS-NP_gain=0.011476 shuffled_R2=-0.021251 shuffled_NP=0.001540
ALIGN ego[02] partner[03] R2=0.949217 NMSE=0.050783 NP=0.973548 blind_NP=0.970753 PS-NP_gain=0.002796 shuffled_R2=-0.015311 shuffled_NP=0.004846
ALIGN ego[02] partner[04] R2=0.907645 NMSE=0.092355 NP=0.952746 blind_NP=0.945265 PS-NP_gain=0.007481 shuffled_R2=-0.020168 shuffled_NP=0.002396
ALIGN ego[03] partner[00] R2=0.944392 NMSE=0.055608 NP=0.972088 blind_NP=0.964682 PS-NP_gain=0.007406 shuffled_R2=-0.019824 shuffled_NP=0.002578
ALIGN ego[03] partner[01] R2=0.922321 NMSE=0.077679 NP=0.960419 blind_NP=0.953612 PS-NP_gain=0.006806 shuffled_R2=-0.020624 shuffled_NP=0.002910
ALIGN ego[03] partner[02] R2=0.938996 NMSE=0.061004 NP=0.968872 blind_NP=0.962590 PS-NP_gain=0.006282 shuffled_R2=-0.017964 shuffled_NP=0.003416
ALIGN ego[03] partner[03] R2=0.811005 NMSE=0.188995 NP=0.913999 blind_NP=0.882239 PS-NP_gain=0.031760 shuffled_R2=-0.069760 shuffled_NP=0.003166
ALIGN ego[03] partner[04] R2=0.974496 NMSE=0.025504 NP=0.986581 blind_NP=0.980183 PS-NP_gain=0.006397 shuffled_R2=-0.012243 shuffled_NP=0.004382
ALIGN ego[04] partner[00] R2=0.931613 NMSE=0.068387 NP=0.965034 blind_NP=0.953809 PS-NP_gain=0.011224 shuffled_R2=-0.017372 shuffled_NP=0.002332
ALIGN ego[04] partner[01] R2=0.905566 NMSE=0.094434 NP=0.950809 blind_NP=0.942277 PS-NP_gain=0.008532 shuffled_R2=-0.017387 shuffled_NP=0.002306
ALIGN ego[04] partner[02] R2=0.923691 NMSE=0.076309 NP=0.960749 blind_NP=0.948819 PS-NP_gain=0.011930 shuffled_R2=-0.018085 shuffled_NP=0.003044
ALIGN ego[04] partner[03] R2=0.954705 NMSE=0.045295 NP=0.977341 blind_NP=0.974663 PS-NP_gain=0.002678 shuffled_R2=-0.017088 shuffled_NP=0.002776
ALIGN ego[04] partner[04] R2=0.935248 NMSE=0.064752 NP=0.966601 blind_NP=0.958070 PS-NP_gain=0.008531 shuffled_R2=-0.014255 shuffled_NP=0.003692
Average ego-to-partner alignment R2: 0.916465 +- 0.007738 SE over 25 ego-partner pairs
Average alignment normalized MSE: 0.083535 +- 0.007738 SE
Average shuffled-control alignment R2: -0.020857 +- 0.002187 SE
Average neural predictivity: 0.957819 +- 0.003600 SE
Average blind-control neural predictivity: 0.945949 +- 0.005479 SE
Average PS-NP gain: 0.011870 +- 0.002203 SE
Average shuffled-control neural predictivity: 0.002847 +- 0.000211 SE
Saved alignment results to zsc_results/ph2v5/cramped_room5x5
Evaluating ZSC for method=ph2v5, layout=counter_circuit, prefix=checkpoints/ph2v5/, result_name=ph2v5, perspective_transform=true
Importing submoduled environments...
Submoduled environments imported successfully.
LOADED: checkpoints/ph2v5/counter_circuit/baseline_seed_0_step_380.msgpack
LOADED: checkpoints/ph2v5/counter_circuit/baseline_seed_1_step_380.msgpack
LOADED: checkpoints/ph2v5/counter_circuit/baseline_seed_2_step_380.msgpack
LOADED: checkpoints/ph2v5/counter_circuit/baseline_seed_3_step_380.msgpack
LOADED: checkpoints/ph2v5/counter_circuit/baseline_seed_4_step_380.msgpack
ZSC[00, 00] = 205.000
ZSC[00, 01] = 180.430
ZSC[00, 02] = 173.781
ZSC[00, 03] = 113.420
ZSC[00, 04] = 190.906
ZSC[01, 00] = 180.105
ZSC[01, 01] = 243.336
ZSC[01, 02] = 190.475
ZSC[01, 03] = 214.358
ZSC[01, 04] = 162.527
ZSC[02, 00] = 172.756
ZSC[02, 01] = 197.159
ZSC[02, 02] = 236.125
ZSC[02, 03] = 236.552
ZSC[02, 04] = 191.078
ZSC[03, 00] = 112.456
ZSC[03, 01] = 205.027
ZSC[03, 02] = 241.864
ZSC[03, 03] = 280.989
ZSC[03, 04] = 232.128
ZSC[04, 00] = 190.408
ZSC[04, 01] = 146.636
ZSC[04, 02] = 194.555
ZSC[04, 03] = 188.291
ZSC[04, 04] = 223.136
Average SP performance (diagonal/self-copy): 237.717 +- 12.629 SE over 5 pairs
Average XP performance (off-diagonal/excluding self): 185.746 +- 7.683 SE over 20 ordered pairs
Saved ZSC results to zsc_results/ph2v5/counter_circuit
Saved ZSC heatmap to zsc_results/ph2v5/counter_circuit/xp_matrix.png
Using alignment rollout scale: ALIGN_PAIR_BATCH_SIZE=1, ALIGN_EVAL_NUM_EPISODES=128, ALIGN_EVAL_NUM_STEPS=400
ALIGN ego[00] partner[00] R2=0.797492 NMSE=0.202508 NP=0.890289 blind_NP=0.861920 PS-NP_gain=0.028369 shuffled_R2=-0.016358 shuffled_NP=0.001997
ALIGN ego[00] partner[01] R2=0.741133 NMSE=0.258867 NP=0.858077 blind_NP=0.832963 PS-NP_gain=0.025114 shuffled_R2=-0.023461 shuffled_NP=0.002379
ALIGN ego[00] partner[02] R2=0.780339 NMSE=0.219661 NP=0.878451 blind_NP=0.860331 PS-NP_gain=0.018120 shuffled_R2=-0.014052 shuffled_NP=0.003754
ALIGN ego[00] partner[03] R2=0.844918 NMSE=0.155082 NP=0.916170 blind_NP=0.899635 PS-NP_gain=0.016535 shuffled_R2=-0.013667 shuffled_NP=0.005089
ALIGN ego[00] partner[04] R2=0.817549 NMSE=0.182451 NP=0.902480 blind_NP=0.872964 PS-NP_gain=0.029516 shuffled_R2=-0.016308 shuffled_NP=0.004994
ALIGN ego[01] partner[00] R2=0.813705 NMSE=0.186295 NP=0.897567 blind_NP=0.855611 PS-NP_gain=0.041956 shuffled_R2=-0.014015 shuffled_NP=0.005143
ALIGN ego[01] partner[01] R2=0.868260 NMSE=0.131740 NP=0.930319 blind_NP=0.913266 PS-NP_gain=0.017053 shuffled_R2=-0.015879 shuffled_NP=0.003303
ALIGN ego[01] partner[02] R2=0.785448 NMSE=0.214552 NP=0.883241 blind_NP=0.849487 PS-NP_gain=0.033753 shuffled_R2=-0.016781 shuffled_NP=0.002434
ALIGN ego[01] partner[03] R2=0.808770 NMSE=0.191230 NP=0.896924 blind_NP=0.870745 PS-NP_gain=0.026179 shuffled_R2=-0.016693 shuffled_NP=0.003471
ALIGN ego[01] partner[04] R2=0.798802 NMSE=0.201198 NP=0.894006 blind_NP=0.853629 PS-NP_gain=0.040378 shuffled_R2=-0.020159 shuffled_NP=0.003240
ALIGN ego[02] partner[00] R2=0.727091 NMSE=0.272909 NP=0.856435 blind_NP=0.798462 PS-NP_gain=0.057973 shuffled_R2=-0.019191 shuffled_NP=0.001909
ALIGN ego[02] partner[01] R2=0.756958 NMSE=0.243042 NP=0.870019 blind_NP=0.825529 PS-NP_gain=0.044490 shuffled_R2=-0.019130 shuffled_NP=0.001802
ALIGN ego[02] partner[02] R2=0.842150 NMSE=0.157850 NP=0.917041 blind_NP=0.897177 PS-NP_gain=0.019864 shuffled_R2=-0.013965 shuffled_NP=0.005162
ALIGN ego[02] partner[03] R2=0.812919 NMSE=0.187081 NP=0.902830 blind_NP=0.875764 PS-NP_gain=0.027066 shuffled_R2=-0.021250 shuffled_NP=0.004490
ALIGN ego[02] partner[04] R2=0.798627 NMSE=0.201373 NP=0.891342 blind_NP=0.861777 PS-NP_gain=0.029565 shuffled_R2=-0.015049 shuffled_NP=0.005007
ALIGN ego[03] partner[00] R2=0.840476 NMSE=0.159524 NP=0.913330 blind_NP=0.877674 PS-NP_gain=0.035656 shuffled_R2=-0.020057 shuffled_NP=0.002826
ALIGN ego[03] partner[01] R2=0.846418 NMSE=0.153582 NP=0.918265 blind_NP=0.891566 PS-NP_gain=0.026699 shuffled_R2=-0.016238 shuffled_NP=0.001987
ALIGN ego[03] partner[02] R2=0.865860 NMSE=0.134140 NP=0.928940 blind_NP=0.912048 PS-NP_gain=0.016893 shuffled_R2=-0.015513 shuffled_NP=0.003427
ALIGN ego[03] partner[03] R2=0.909711 NMSE=0.090289 NP=0.952694 blind_NP=0.944927 PS-NP_gain=0.007767 shuffled_R2=-0.015419 shuffled_NP=0.004322
ALIGN ego[03] partner[04] R2=0.809604 NMSE=0.190396 NP=0.899072 blind_NP=0.882504 PS-NP_gain=0.016568 shuffled_R2=-0.025539 shuffled_NP=0.003862
ALIGN ego[04] partner[00] R2=0.751359 NMSE=0.248641 NP=0.868388 blind_NP=0.831541 PS-NP_gain=0.036846 shuffled_R2=-0.022471 shuffled_NP=0.004086
ALIGN ego[04] partner[01] R2=0.819899 NMSE=0.180101 NP=0.904847 blind_NP=0.885992 PS-NP_gain=0.018855 shuffled_R2=-0.017904 shuffled_NP=0.003164
ALIGN ego[04] partner[02] R2=0.784947 NMSE=0.215053 NP=0.883589 blind_NP=0.855285 PS-NP_gain=0.028304 shuffled_R2=-0.015345 shuffled_NP=0.004057
ALIGN ego[04] partner[03] R2=0.840854 NMSE=0.159146 NP=0.914869 blind_NP=0.891945 PS-NP_gain=0.022924 shuffled_R2=-0.017567 shuffled_NP=0.002180
ALIGN ego[04] partner[04] R2=0.812222 NMSE=0.187778 NP=0.898518 blind_NP=0.874760 PS-NP_gain=0.023759 shuffled_R2=-0.015979 shuffled_NP=0.001634
Average ego-to-partner alignment R2: 0.811020 +- 0.008413 SE over 25 ego-partner pairs
Average alignment normalized MSE: 0.188980 +- 0.008413 SE
Average shuffled-control alignment R2: -0.017520 +- 0.000631 SE
Average neural predictivity: 0.898708 +- 0.004584 SE
Average blind-control neural predictivity: 0.871100 +- 0.006273 SE
Average PS-NP gain: 0.027608 +- 0.002202 SE
Average shuffled-control neural predictivity: 0.003429 +- 0.000235 SE
Saved alignment results to zsc_results/ph2v5/counter_circuit
Evaluating ZSC for method=ph2v5, layout=coord_ring, prefix=checkpoints/ph2v5/, result_name=ph2v5, perspective_transform=true
Importing submoduled environments...
Submoduled environments imported successfully.
LOADED: checkpoints/ph2v5/coord_ring/baseline_seed_0_step_220.msgpack
LOADED: checkpoints/ph2v5/coord_ring/baseline_seed_1_step_220.msgpack
LOADED: checkpoints/ph2v5/coord_ring/baseline_seed_2_step_220.msgpack
LOADED: checkpoints/ph2v5/coord_ring/baseline_seed_3_step_220.msgpack
LOADED: checkpoints/ph2v5/coord_ring/baseline_seed_4_step_220.msgpack
ZSC[00, 00] = 270.400
ZSC[00, 01] = 285.844
ZSC[00, 02] = 289.344
ZSC[00, 03] = 287.466
ZSC[00, 04] = 267.791
ZSC[01, 00] = 285.727
ZSC[01, 01] = 297.734
ZSC[01, 02] = 280.261
ZSC[01, 03] = 291.573
ZSC[01, 04] = 284.261
ZSC[02, 00] = 289.497
ZSC[02, 01] = 279.731
ZSC[02, 02] = 307.511
ZSC[02, 03] = 294.523
ZSC[02, 04] = 292.009
ZSC[03, 00] = 287.244
ZSC[03, 01] = 291.637
ZSC[03, 02] = 294.767
ZSC[03, 03] = 299.700
ZSC[03, 04] = 278.327
ZSC[04, 00] = 266.611
ZSC[04, 01] = 284.502
ZSC[04, 02] = 291.020
ZSC[04, 03] = 278.780
ZSC[04, 04] = 269.680
Average SP performance (diagonal/self-copy): 289.005 +- 7.914 SE over 5 pairs
Average XP performance (off-diagonal/excluding self): 285.046 +- 1.761 SE over 20 ordered pairs
Saved ZSC results to zsc_results/ph2v5/coord_ring
Saved ZSC heatmap to zsc_results/ph2v5/coord_ring/xp_matrix.png
Using alignment rollout scale: ALIGN_PAIR_BATCH_SIZE=1, ALIGN_EVAL_NUM_EPISODES=128, ALIGN_EVAL_NUM_STEPS=400
ALIGN ego[00] partner[00] R2=0.847110 NMSE=0.152890 NP=0.920642 blind_NP=0.899610 PS-NP_gain=0.021032 shuffled_R2=-0.021850 shuffled_NP=0.001800
ALIGN ego[00] partner[01] R2=0.867901 NMSE=0.132099 NP=0.929388 blind_NP=0.918227 PS-NP_gain=0.011161 shuffled_R2=-0.016394 shuffled_NP=0.002769
ALIGN ego[00] partner[02] R2=0.881679 NMSE=0.118321 NP=0.939062 blind_NP=0.920846 PS-NP_gain=0.018216 shuffled_R2=-0.017310 shuffled_NP=0.003042
ALIGN ego[00] partner[03] R2=0.868906 NMSE=0.131094 NP=0.931565 blind_NP=0.911674 PS-NP_gain=0.019891 shuffled_R2=-0.018711 shuffled_NP=0.004006
ALIGN ego[00] partner[04] R2=0.834624 NMSE=0.165376 NP=0.914783 blind_NP=0.897503 PS-NP_gain=0.017280 shuffled_R2=-0.023897 shuffled_NP=0.002798
ALIGN ego[01] partner[00] R2=0.883750 NMSE=0.116250 NP=0.939373 blind_NP=0.921751 PS-NP_gain=0.017622 shuffled_R2=-0.014555 shuffled_NP=0.003712
ALIGN ego[01] partner[01] R2=0.858154 NMSE=0.141846 NP=0.924823 blind_NP=0.908487 PS-NP_gain=0.016336 shuffled_R2=-0.015483 shuffled_NP=0.003001
ALIGN ego[01] partner[02] R2=0.721342 NMSE=0.278658 NP=0.869266 blind_NP=0.856435 PS-NP_gain=0.012831 shuffled_R2=-0.027884 shuffled_NP=0.003491
ALIGN ego[01] partner[03] R2=0.848886 NMSE=0.151114 NP=0.919799 blind_NP=0.893562 PS-NP_gain=0.026238 shuffled_R2=-0.015520 shuffled_NP=0.003367
ALIGN ego[01] partner[04] R2=0.848145 NMSE=0.151855 NP=0.918758 blind_NP=0.901241 PS-NP_gain=0.017516 shuffled_R2=-0.015676 shuffled_NP=0.002415
ALIGN ego[02] partner[00] R2=0.879301 NMSE=0.120699 NP=0.936509 blind_NP=0.926428 PS-NP_gain=0.010081 shuffled_R2=-0.017339 shuffled_NP=0.004950
ALIGN ego[02] partner[01] R2=0.810333 NMSE=0.189667 NP=0.899549 blind_NP=0.886340 PS-NP_gain=0.013210 shuffled_R2=-0.020758 shuffled_NP=0.002434
ALIGN ego[02] partner[02] R2=0.849774 NMSE=0.150226 NP=0.919817 blind_NP=0.899228 PS-NP_gain=0.020589 shuffled_R2=-0.017979 shuffled_NP=0.002575
ALIGN ego[02] partner[03] R2=0.815938 NMSE=0.184062 NP=0.901915 blind_NP=0.878370 PS-NP_gain=0.023544 shuffled_R2=-0.020600 shuffled_NP=0.002702
ALIGN ego[02] partner[04] R2=0.730365 NMSE=0.269635 NP=0.869282 blind_NP=0.857059 PS-NP_gain=0.012223 shuffled_R2=-0.048883 shuffled_NP=0.004162
ALIGN ego[03] partner[00] R2=0.897904 NMSE=0.102096 NP=0.946211 blind_NP=0.936884 PS-NP_gain=0.009327 shuffled_R2=-0.015702 shuffled_NP=0.002098
ALIGN ego[03] partner[01] R2=0.815953 NMSE=0.184047 NP=0.901282 blind_NP=0.886695 PS-NP_gain=0.014587 shuffled_R2=-0.020602 shuffled_NP=0.001849
ALIGN ego[03] partner[02] R2=0.727493 NMSE=0.272507 NP=0.863396 blind_NP=0.853769 PS-NP_gain=0.009628 shuffled_R2=-0.032230 shuffled_NP=0.004352
ALIGN ego[03] partner[03] R2=0.881672 NMSE=0.118328 NP=0.937904 blind_NP=0.920959 PS-NP_gain=0.016945 shuffled_R2=-0.015148 shuffled_NP=0.007192
ALIGN ego[03] partner[04] R2=0.771474 NMSE=0.228526 NP=0.884962 blind_NP=0.854586 PS-NP_gain=0.030376 shuffled_R2=-0.031930 shuffled_NP=0.004016
ALIGN ego[04] partner[00] R2=0.849593 NMSE=0.150407 NP=0.921946 blind_NP=0.892748 PS-NP_gain=0.029198 shuffled_R2=-0.025496 shuffled_NP=0.002706
ALIGN ego[04] partner[01] R2=0.846277 NMSE=0.153723 NP=0.917843 blind_NP=0.896421 PS-NP_gain=0.021422 shuffled_R2=-0.014478 shuffled_NP=0.007105
ALIGN ego[04] partner[02] R2=0.883646 NMSE=0.116354 NP=0.940375 blind_NP=0.929792 PS-NP_gain=0.010583 shuffled_R2=-0.022252 shuffled_NP=0.001700
ALIGN ego[04] partner[03] R2=0.880610 NMSE=0.119390 NP=0.937694 blind_NP=0.915550 PS-NP_gain=0.022144 shuffled_R2=-0.013978 shuffled_NP=0.005074
ALIGN ego[04] partner[04] R2=0.861689 NMSE=0.138311 NP=0.927204 blind_NP=0.913685 PS-NP_gain=0.013519 shuffled_R2=-0.016239 shuffled_NP=0.003412
Average ego-to-partner alignment R2: 0.838501 +- 0.010177 SE over 25 ego-partner pairs
Average alignment normalized MSE: 0.161499 +- 0.010177 SE
Average shuffled-control alignment R2: -0.020836 +- 0.001566 SE
Average neural predictivity: 0.916534 +- 0.004735 SE
Average blind-control neural predictivity: 0.899114 +- 0.004853 SE
Average PS-NP gain: 0.017420 +- 0.001188 SE
Average shuffled-control neural predictivity: 0.003469 +- 0.000288 SE
Saved alignment results to zsc_results/ph2v5/coord_ring
Evaluating ZSC for method=ph2v5_ablate, layout=cramped_room5x5, prefix=checkpoints/ph2v5_ablate/, result_name=ph2v5_ablate, perspective_transform=false
Importing submoduled environments...
Submoduled environments imported successfully.
LOADED: checkpoints/ph2v5_ablate/cramped_room5x5/baseline_seed_0_step_220.msgpack
LOADED: checkpoints/ph2v5_ablate/cramped_room5x5/baseline_seed_1_step_220.msgpack
LOADED: checkpoints/ph2v5_ablate/cramped_room5x5/baseline_seed_2_step_220.msgpack
LOADED: checkpoints/ph2v5_ablate/cramped_room5x5/baseline_seed_3_step_220.msgpack
LOADED: checkpoints/ph2v5_ablate/cramped_room5x5/baseline_seed_4_step_220.msgpack
ZSC[00, 00] = 232.559
ZSC[00, 01] = 235.688
ZSC[00, 02] = 219.820
ZSC[00, 03] = 222.627
ZSC[00, 04] = 226.958
ZSC[01, 00] = 235.475
ZSC[01, 01] = 239.706
ZSC[01, 02] = 238.044
ZSC[01, 03] = 230.727
ZSC[01, 04] = 238.553
ZSC[02, 00] = 219.850
ZSC[02, 01] = 238.272
ZSC[02, 02] = 234.750
ZSC[02, 03] = 202.309
ZSC[02, 04] = 226.148
ZSC[03, 00] = 222.994
ZSC[03, 01] = 229.570
ZSC[03, 02] = 202.069
ZSC[03, 03] = 238.844
ZSC[03, 04] = 225.669
ZSC[04, 00] = 226.703
ZSC[04, 01] = 238.491
ZSC[04, 02] = 226.287
ZSC[04, 03] = 224.395
ZSC[04, 04] = 237.594
Average SP performance (diagonal/self-copy): 236.691 +- 1.330 SE over 5 pairs
Average XP performance (off-diagonal/excluding self): 226.532 +- 2.327 SE over 20 ordered pairs
Saved ZSC results to zsc_results/ph2v5_ablate/cramped_room5x5
Saved ZSC heatmap to zsc_results/ph2v5_ablate/cramped_room5x5/xp_matrix.png
Using alignment rollout scale: ALIGN_PAIR_BATCH_SIZE=1, ALIGN_EVAL_NUM_EPISODES=128, ALIGN_EVAL_NUM_STEPS=400
ALIGN ego[00] partner[00] R2=0.918997 NMSE=0.081003 NP=0.958595 blind_NP=0.954729 PS-NP_gain=0.003866 shuffled_R2=-0.022033 shuffled_NP=0.003371
ALIGN ego[00] partner[01] R2=0.903441 NMSE=0.096559 NP=0.950282 blind_NP=0.945654 PS-NP_gain=0.004628 shuffled_R2=-0.022942 shuffled_NP=0.002209
ALIGN ego[00] partner[02] R2=0.948318 NMSE=0.051682 NP=0.974264 blind_NP=0.969904 PS-NP_gain=0.004361 shuffled_R2=-0.033914 shuffled_NP=0.005532
ALIGN ego[00] partner[03] R2=0.869760 NMSE=0.130240 NP=0.933396 blind_NP=0.925172 PS-NP_gain=0.008225 shuffled_R2=-0.038329 shuffled_NP=0.001590
ALIGN ego[00] partner[04] R2=0.529377 NMSE=0.470623 NP=0.836004 blind_NP=0.902616 PS-NP_gain=-0.066612 shuffled_R2=-0.249322 shuffled_NP=0.002126
ALIGN ego[01] partner[00] R2=0.948259 NMSE=0.051741 NP=0.973573 blind_NP=0.967533 PS-NP_gain=0.006040 shuffled_R2=-0.015671 shuffled_NP=0.003854
ALIGN ego[01] partner[01] R2=0.939993 NMSE=0.060007 NP=0.969274 blind_NP=0.965401 PS-NP_gain=0.003873 shuffled_R2=-0.016653 shuffled_NP=0.001649
ALIGN ego[01] partner[02] R2=0.943395 NMSE=0.056605 NP=0.971523 blind_NP=0.967619 PS-NP_gain=0.003904 shuffled_R2=-0.027034 shuffled_NP=0.002832
ALIGN ego[01] partner[03] R2=0.937185 NMSE=0.062815 NP=0.967975 blind_NP=0.961625 PS-NP_gain=0.006350 shuffled_R2=-0.016444 shuffled_NP=0.002491
ALIGN ego[01] partner[04] R2=0.926932 NMSE=0.073068 NP=0.962597 blind_NP=0.954587 PS-NP_gain=0.008010 shuffled_R2=-0.020708 shuffled_NP=0.003377
ALIGN ego[02] partner[00] R2=0.961831 NMSE=0.038169 NP=0.980604 blind_NP=0.977867 PS-NP_gain=0.002737 shuffled_R2=-0.014353 shuffled_NP=0.003391
ALIGN ego[02] partner[01] R2=0.945907 NMSE=0.054093 NP=0.972310 blind_NP=0.971346 PS-NP_gain=0.000964 shuffled_R2=-0.017205 shuffled_NP=0.003723
ALIGN ego[02] partner[02] R2=0.954020 NMSE=0.045980 NP=0.976537 blind_NP=0.970439 PS-NP_gain=0.006098 shuffled_R2=-0.014061 shuffled_NP=0.006533
ALIGN ego[02] partner[03] R2=0.937630 NMSE=0.062370 NP=0.967717 blind_NP=0.963370 PS-NP_gain=0.004347 shuffled_R2=-0.014701 shuffled_NP=0.002509
ALIGN ego[02] partner[04] R2=0.929231 NMSE=0.070769 NP=0.963026 blind_NP=0.959182 PS-NP_gain=0.003844 shuffled_R2=-0.016657 shuffled_NP=0.002122
ALIGN ego[03] partner[00] R2=0.940944 NMSE=0.059056 NP=0.969801 blind_NP=0.965279 PS-NP_gain=0.004522 shuffled_R2=-0.017940 shuffled_NP=0.001358
ALIGN ego[03] partner[01] R2=0.928713 NMSE=0.071287 NP=0.963461 blind_NP=0.961001 PS-NP_gain=0.002460 shuffled_R2=-0.019718 shuffled_NP=0.002010
ALIGN ego[03] partner[02] R2=0.938383 NMSE=0.061617 NP=0.968368 blind_NP=0.965047 PS-NP_gain=0.003321 shuffled_R2=-0.018233 shuffled_NP=0.005143
ALIGN ego[03] partner[03] R2=0.906614 NMSE=0.093386 NP=0.952322 blind_NP=0.945049 PS-NP_gain=0.007274 shuffled_R2=-0.018988 shuffled_NP=0.004672
ALIGN ego[03] partner[04] R2=0.928332 NMSE=0.071668 NP=0.962978 blind_NP=0.956069 PS-NP_gain=0.006909 shuffled_R2=-0.016859 shuffled_NP=0.002506
ALIGN ego[04] partner[00] R2=0.954746 NMSE=0.045254 NP=0.976826 blind_NP=0.971157 PS-NP_gain=0.005670 shuffled_R2=-0.017020 shuffled_NP=0.001381
ALIGN ego[04] partner[01] R2=0.947430 NMSE=0.052570 NP=0.973304 blind_NP=0.970074 PS-NP_gain=0.003230 shuffled_R2=-0.018025 shuffled_NP=0.004914
ALIGN ego[04] partner[02] R2=0.934443 NMSE=0.065557 NP=0.966705 blind_NP=0.964959 PS-NP_gain=0.001746 shuffled_R2=-0.021741 shuffled_NP=0.002275
ALIGN ego[04] partner[03] R2=0.930402 NMSE=0.069598 NP=0.963941 blind_NP=0.953682 PS-NP_gain=0.010260 shuffled_R2=-0.016478 shuffled_NP=0.001345
ALIGN ego[04] partner[04] R2=0.927480 NMSE=0.072520 NP=0.962849 blind_NP=0.953613 PS-NP_gain=0.009236 shuffled_R2=-0.016144 shuffled_NP=0.002338
Average ego-to-partner alignment R2: 0.917271 +- 0.016608 SE over 25 ego-partner pairs
Average alignment normalized MSE: 0.082729 +- 0.016608 SE
Average shuffled-control alignment R2: -0.028847 +- 0.009259 SE
Average neural predictivity: 0.960729 +- 0.005558 SE
Average blind-control neural predictivity: 0.958519 +- 0.003202 SE
Average PS-NP gain: 0.002211 +- 0.002905 SE
Average shuffled-control neural predictivity: 0.003010 +- 0.000284 SE
Saved alignment results to zsc_results/ph2v5_ablate/cramped_room5x5
Evaluating ZSC for method=ph2v5_ablate, layout=counter_circuit, prefix=checkpoints/ph2v5_ablate/, result_name=ph2v5_ablate, perspective_transform=false
Importing submoduled environments...
Submoduled environments imported successfully.
LOADED: checkpoints/ph2v5_ablate/counter_circuit/baseline_seed_0_step_380.msgpack
LOADED: checkpoints/ph2v5_ablate/counter_circuit/baseline_seed_1_step_380.msgpack
LOADED: checkpoints/ph2v5_ablate/counter_circuit/baseline_seed_2_step_380.msgpack
LOADED: checkpoints/ph2v5_ablate/counter_circuit/baseline_seed_3_step_380.msgpack
LOADED: checkpoints/ph2v5_ablate/counter_circuit/baseline_seed_4_step_380.msgpack
ZSC[00, 00] = 253.816
ZSC[00, 01] = 247.136
ZSC[00, 02] = 232.756
ZSC[00, 03] = 217.569
ZSC[00, 04] = 166.727
ZSC[01, 00] = 247.802
ZSC[01, 01] = 259.197
ZSC[01, 02] = 246.945
ZSC[01, 03] = 200.428
ZSC[01, 04] = 208.077
ZSC[02, 00] = 232.117
ZSC[02, 01] = 247.033
ZSC[02, 02] = 233.616
ZSC[02, 03] = 198.880
ZSC[02, 04] = 230.062
ZSC[03, 00] = 217.294
ZSC[03, 01] = 197.992
ZSC[03, 02] = 199.764
ZSC[03, 03] = 236.130
ZSC[03, 04] = 134.139
ZSC[04, 00] = 165.220
ZSC[04, 01] = 205.473
ZSC[04, 02] = 228.484
ZSC[04, 03] = 124.956
ZSC[04, 04] = 230.188
Average SP performance (diagonal/self-copy): 242.589 +- 5.822 SE over 5 pairs
Average XP performance (off-diagonal/excluding self): 207.443 +- 8.051 SE over 20 ordered pairs
Saved ZSC results to zsc_results/ph2v5_ablate/counter_circuit
Saved ZSC heatmap to zsc_results/ph2v5_ablate/counter_circuit/xp_matrix.png
Using alignment rollout scale: ALIGN_PAIR_BATCH_SIZE=1, ALIGN_EVAL_NUM_EPISODES=128, ALIGN_EVAL_NUM_STEPS=400
ALIGN ego[00] partner[00] R2=0.835193 NMSE=0.164807 NP=0.912451 blind_NP=0.890875 PS-NP_gain=0.021576 shuffled_R2=-0.018831 shuffled_NP=0.001510
ALIGN ego[00] partner[01] R2=0.839334 NMSE=0.160666 NP=0.913732 blind_NP=0.888796 PS-NP_gain=0.024937 shuffled_R2=-0.016395 shuffled_NP=0.001256
ALIGN ego[00] partner[02] R2=0.818029 NMSE=0.181971 NP=0.902377 blind_NP=0.878766 PS-NP_gain=0.023611 shuffled_R2=-0.015307 shuffled_NP=0.003776
ALIGN ego[00] partner[03] R2=0.781530 NMSE=0.218470 NP=0.882000 blind_NP=0.850738 PS-NP_gain=0.031262 shuffled_R2=-0.017144 shuffled_NP=0.002822
ALIGN ego[00] partner[04] R2=0.842006 NMSE=0.157994 NP=0.915947 blind_NP=0.895040 PS-NP_gain=0.020907 shuffled_R2=-0.015450 shuffled_NP=0.002443
ALIGN ego[01] partner[00] R2=0.815219 NMSE=0.184781 NP=0.900826 blind_NP=0.876504 PS-NP_gain=0.024322 shuffled_R2=-0.015767 shuffled_NP=0.002306
ALIGN ego[01] partner[01] R2=0.790168 NMSE=0.209832 NP=0.885438 blind_NP=0.850596 PS-NP_gain=0.034842 shuffled_R2=-0.016129 shuffled_NP=0.003660
ALIGN ego[01] partner[02] R2=0.797381 NMSE=0.202619 NP=0.891236 blind_NP=0.866156 PS-NP_gain=0.025080 shuffled_R2=-0.017432 shuffled_NP=0.002699
ALIGN ego[01] partner[03] R2=0.678449 NMSE=0.321551 NP=0.834263 blind_NP=0.820972 PS-NP_gain=0.013290 shuffled_R2=-0.027272 shuffled_NP=0.002773
ALIGN ego[01] partner[04] R2=0.806163 NMSE=0.193837 NP=0.895561 blind_NP=0.868412 PS-NP_gain=0.027149 shuffled_R2=-0.017226 shuffled_NP=0.003111
ALIGN ego[02] partner[00] R2=0.797513 NMSE=0.202487 NP=0.890511 blind_NP=0.863505 PS-NP_gain=0.027007 shuffled_R2=-0.016738 shuffled_NP=0.003794
ALIGN ego[02] partner[01] R2=0.822547 NMSE=0.177453 NP=0.904570 blind_NP=0.878709 PS-NP_gain=0.025861 shuffled_R2=-0.014867 shuffled_NP=0.004046
ALIGN ego[02] partner[02] R2=0.862627 NMSE=0.137373 NP=0.927231 blind_NP=0.906757 PS-NP_gain=0.020474 shuffled_R2=-0.018190 shuffled_NP=0.002221
ALIGN ego[02] partner[03] R2=0.809070 NMSE=0.190930 NP=0.897203 blind_NP=0.858866 PS-NP_gain=0.038337 shuffled_R2=-0.016319 shuffled_NP=0.001051
ALIGN ego[02] partner[04] R2=0.855786 NMSE=0.144214 NP=0.924319 blind_NP=0.902751 PS-NP_gain=0.021568 shuffled_R2=-0.016643 shuffled_NP=0.002572
ALIGN ego[03] partner[00] R2=0.758529 NMSE=0.241471 NP=0.867787 blind_NP=0.831839 PS-NP_gain=0.035949 shuffled_R2=-0.016844 shuffled_NP=0.003470
ALIGN ego[03] partner[01] R2=0.782203 NMSE=0.217797 NP=0.880637 blind_NP=0.855489 PS-NP_gain=0.025148 shuffled_R2=-0.015992 shuffled_NP=0.003881
ALIGN ego[03] partner[02] R2=0.786730 NMSE=0.213270 NP=0.883193 blind_NP=0.870298 PS-NP_gain=0.012896 shuffled_R2=-0.013800 shuffled_NP=0.002314
ALIGN ego[03] partner[03] R2=0.770054 NMSE=0.229946 NP=0.873982 blind_NP=0.843430 PS-NP_gain=0.030552 shuffled_R2=-0.017488 shuffled_NP=0.002692
ALIGN ego[03] partner[04] R2=0.811183 NMSE=0.188817 NP=0.898795 blind_NP=0.876657 PS-NP_gain=0.022138 shuffled_R2=-0.014606 shuffled_NP=0.005823
ALIGN ego[04] partner[00] R2=0.818551 NMSE=0.181449 NP=0.904347 blind_NP=0.881260 PS-NP_gain=0.023087 shuffled_R2=-0.015132 shuffled_NP=0.005530
ALIGN ego[04] partner[01] R2=0.853460 NMSE=0.146540 NP=0.922169 blind_NP=0.902814 PS-NP_gain=0.019355 shuffled_R2=-0.014774 shuffled_NP=0.002694
ALIGN ego[04] partner[02] R2=0.807849 NMSE=0.192151 NP=0.900548 blind_NP=0.879285 PS-NP_gain=0.021263 shuffled_R2=-0.023356 shuffled_NP=0.003323
ALIGN ego[04] partner[03] R2=0.809903 NMSE=0.190097 NP=0.897722 blind_NP=0.855454 PS-NP_gain=0.042267 shuffled_R2=-0.016922 shuffled_NP=0.001770
ALIGN ego[04] partner[04] R2=0.836171 NMSE=0.163829 NP=0.913603 blind_NP=0.893638 PS-NP_gain=0.019965 shuffled_R2=-0.017198 shuffled_NP=0.001295
Average ego-to-partner alignment R2: 0.807426 +- 0.007585 SE over 25 ego-partner pairs
Average alignment normalized MSE: 0.192574 +- 0.007585 SE
Average shuffled-control alignment R2: -0.017033 +- 0.000562 SE
Average neural predictivity: 0.896818 +- 0.004048 SE
Average blind-control neural predictivity: 0.871504 +- 0.004433 SE
Average PS-NP gain: 0.025314 +- 0.001414 SE
Average shuffled-control neural predictivity: 0.002913 +- 0.000238 SE
Saved alignment results to zsc_results/ph2v5_ablate/counter_circuit
Evaluating ZSC for method=ph2v5_ablate, layout=coord_ring, prefix=checkpoints/ph2v5_ablate/, result_name=ph2v5_ablate, perspective_transform=false
Importing submoduled environments...
Submoduled environments imported successfully.
LOADED: checkpoints/ph2v5_ablate/coord_ring/baseline_seed_0_step_220.msgpack
LOADED: checkpoints/ph2v5_ablate/coord_ring/baseline_seed_1_step_220.msgpack
LOADED: checkpoints/ph2v5_ablate/coord_ring/baseline_seed_2_step_220.msgpack
LOADED: checkpoints/ph2v5_ablate/coord_ring/baseline_seed_3_step_220.msgpack
LOADED: checkpoints/ph2v5_ablate/coord_ring/baseline_seed_4_step_220.msgpack
ZSC[00, 00] = 326.333
ZSC[00, 01] = 208.764
ZSC[00, 02] = 229.905
ZSC[00, 03] = 239.217
ZSC[00, 04] = 203.830
ZSC[01, 00] = 208.386
ZSC[01, 01] = 219.848
ZSC[01, 02] = 253.659
ZSC[01, 03] = 190.803
ZSC[01, 04] = 242.497
ZSC[02, 00] = 228.927
ZSC[02, 01] = 252.769
ZSC[02, 02] = 284.288
ZSC[02, 03] = 217.595
ZSC[02, 04] = 288.394
ZSC[03, 00] = 239.834
ZSC[03, 01] = 192.423
ZSC[03, 02] = 217.264
ZSC[03, 03] = 261.036
ZSC[03, 04] = 276.509
ZSC[04, 00] = 203.536
ZSC[04, 01] = 242.708
ZSC[04, 02] = 288.208
ZSC[04, 03] = 275.553
ZSC[04, 04] = 292.052
Average SP performance (diagonal/self-copy): 276.711 +- 17.655 SE over 5 pairs
Average XP performance (off-diagonal/excluding self): 235.039 +- 6.820 SE over 20 ordered pairs
Saved ZSC results to zsc_results/ph2v5_ablate/coord_ring
Saved ZSC heatmap to zsc_results/ph2v5_ablate/coord_ring/xp_matrix.png
Using alignment rollout scale: ALIGN_PAIR_BATCH_SIZE=1, ALIGN_EVAL_NUM_EPISODES=128, ALIGN_EVAL_NUM_STEPS=400
ALIGN ego[00] partner[00] R2=0.922660 NMSE=0.077340 NP=0.960181 blind_NP=0.956188 PS-NP_gain=0.003993 shuffled_R2=-0.014917 shuffled_NP=0.004461
ALIGN ego[00] partner[01] R2=0.621341 NMSE=0.378659 NP=0.821974 blind_NP=0.786934 PS-NP_gain=0.035039 shuffled_R2=-0.055956 shuffled_NP=0.002532
ALIGN ego[00] partner[02] R2=0.791187 NMSE=0.208813 NP=0.897254 blind_NP=0.879954 PS-NP_gain=0.017300 shuffled_R2=-0.023385 shuffled_NP=0.004054
ALIGN ego[00] partner[03] R2=0.872015 NMSE=0.127985 NP=0.933679 blind_NP=0.918933 PS-NP_gain=0.014746 shuffled_R2=-0.015780 shuffled_NP=0.004643
ALIGN ego[00] partner[04] R2=0.875640 NMSE=0.124360 NP=0.934759 blind_NP=0.919435 PS-NP_gain=0.015325 shuffled_R2=-0.015254 shuffled_NP=0.002913
ALIGN ego[01] partner[00] R2=0.878874 NMSE=0.121126 NP=0.936569 blind_NP=0.921761 PS-NP_gain=0.014808 shuffled_R2=-0.016496 shuffled_NP=0.001742
ALIGN ego[01] partner[01] R2=0.808246 NMSE=0.191754 NP=0.898464 blind_NP=0.880568 PS-NP_gain=0.017897 shuffled_R2=-0.023016 shuffled_NP=0.002588
ALIGN ego[01] partner[02] R2=0.849498 NMSE=0.150502 NP=0.920725 blind_NP=0.904882 PS-NP_gain=0.015843 shuffled_R2=-0.016151 shuffled_NP=0.003903
ALIGN ego[01] partner[03] R2=0.898040 NMSE=0.101960 NP=0.946536 blind_NP=0.936958 PS-NP_gain=0.009578 shuffled_R2=-0.017267 shuffled_NP=0.002232
ALIGN ego[01] partner[04] R2=0.842058 NMSE=0.157942 NP=0.916859 blind_NP=0.893716 PS-NP_gain=0.023143 shuffled_R2=-0.016144 shuffled_NP=0.003092
ALIGN ego[02] partner[00] R2=0.736545 NMSE=0.263455 NP=0.867385 blind_NP=0.803954 PS-NP_gain=0.063430 shuffled_R2=-0.033287 shuffled_NP=0.002124
ALIGN ego[02] partner[01] R2=0.838627 NMSE=0.161373 NP=0.914491 blind_NP=0.895885 PS-NP_gain=0.018606 shuffled_R2=-0.018549 shuffled_NP=0.002298
ALIGN ego[02] partner[02] R2=0.898695 NMSE=0.101305 NP=0.946558 blind_NP=0.933612 PS-NP_gain=0.012947 shuffled_R2=-0.016879 shuffled_NP=0.002334
ALIGN ego[02] partner[03] R2=0.902959 NMSE=0.097041 NP=0.949323 blind_NP=0.936582 PS-NP_gain=0.012741 shuffled_R2=-0.015239 shuffled_NP=0.003064
ALIGN ego[02] partner[04] R2=0.836426 NMSE=0.163574 NP=0.914056 blind_NP=0.898681 PS-NP_gain=0.015375 shuffled_R2=-0.016934 shuffled_NP=0.002503
ALIGN ego[03] partner[00] R2=0.890861 NMSE=0.109139 NP=0.943303 blind_NP=0.929290 PS-NP_gain=0.014013 shuffled_R2=-0.015388 shuffled_NP=0.002821
ALIGN ego[03] partner[01] R2=0.849425 NMSE=0.150575 NP=0.922909 blind_NP=0.910231 PS-NP_gain=0.012678 shuffled_R2=-0.026120 shuffled_NP=0.002050
ALIGN ego[03] partner[02] R2=0.886408 NMSE=0.113592 NP=0.940742 blind_NP=0.929189 PS-NP_gain=0.011553 shuffled_R2=-0.017630 shuffled_NP=0.004790
ALIGN ego[03] partner[03] R2=0.824022 NMSE=0.175978 NP=0.907617 blind_NP=0.878707 PS-NP_gain=0.028910 shuffled_R2=-0.025982 shuffled_NP=0.001846
ALIGN ego[03] partner[04] R2=0.828171 NMSE=0.171829 NP=0.909122 blind_NP=0.890000 PS-NP_gain=0.019122 shuffled_R2=-0.016255 shuffled_NP=0.003143
ALIGN ego[04] partner[00] R2=0.818026 NMSE=0.181974 NP=0.908909 blind_NP=0.883544 PS-NP_gain=0.025365 shuffled_R2=-0.026731 shuffled_NP=0.003544
ALIGN ego[04] partner[01] R2=0.797087 NMSE=0.202913 NP=0.891672 blind_NP=0.873858 PS-NP_gain=0.017813 shuffled_R2=-0.016382 shuffled_NP=0.005307
ALIGN ego[04] partner[02] R2=0.844797 NMSE=0.155203 NP=0.918742 blind_NP=0.899149 PS-NP_gain=0.019592 shuffled_R2=-0.019222 shuffled_NP=0.001973
ALIGN ego[04] partner[03] R2=0.828824 NMSE=0.171176 NP=0.908585 blind_NP=0.892384 PS-NP_gain=0.016201 shuffled_R2=-0.015487 shuffled_NP=0.004675
ALIGN ego[04] partner[04] R2=0.790833 NMSE=0.209167 NP=0.890965 blind_NP=0.891529 PS-NP_gain=-0.000564 shuffled_R2=-0.023622 shuffled_NP=0.004357
Average ego-to-partner alignment R2: 0.837251 +- 0.012474 SE over 25 ego-partner pairs
Average alignment normalized MSE: 0.162749 +- 0.012474 SE
Average shuffled-control alignment R2: -0.020723 +- 0.001753 SE
Average neural predictivity: 0.916055 +- 0.005883 SE
Average blind-control neural predictivity: 0.897837 +- 0.007573 SE
Average PS-NP gain: 0.018218 +- 0.002363 SE
Average shuffled-control neural predictivity: 0.003160 +- 0.000214 SE
Saved alignment results to zsc_results/ph2v5_ablate/coord_ring
Evaluating ZSC for method=ph2v4, layout=cramped_room5x5, prefix=checkpoints/ph2v4/, result_name=ph2v4, perspective_transform=true
Importing submoduled environments...
Submoduled environments imported successfully.
LOADED: checkpoints/ph2v4/cramped_room5x5/baseline_seed_0_step_220.msgpack
LOADED: checkpoints/ph2v4/cramped_room5x5/baseline_seed_1_step_220.msgpack
LOADED: checkpoints/ph2v4/cramped_room5x5/baseline_seed_2_step_220.msgpack
LOADED: checkpoints/ph2v4/cramped_room5x5/baseline_seed_3_step_220.msgpack
LOADED: checkpoints/ph2v4/cramped_room5x5/baseline_seed_4_step_220.msgpack
ZSC[00, 00] = 218.739
ZSC[00, 01] = 234.130
ZSC[00, 02] = 235.031
ZSC[00, 03] = 213.902
ZSC[00, 04] = 215.902
ZSC[01, 00] = 234.058
ZSC[01, 01] = 243.087
ZSC[01, 02] = 235.503
ZSC[01, 03] = 231.844
ZSC[01, 04] = 66.192
ZSC[02, 00] = 234.253
ZSC[02, 01] = 235.175
ZSC[02, 02] = 238.727
ZSC[02, 03] = 234.036
ZSC[02, 04] = 183.294
ZSC[03, 00] = 215.017
ZSC[03, 01] = 231.930
ZSC[03, 02] = 234.592
ZSC[03, 03] = 238.625
ZSC[03, 04] = 226.031
ZSC[04, 00] = 215.202
ZSC[04, 01] = 65.275
ZSC[04, 02] = 182.631
ZSC[04, 03] = 225.694
ZSC[04, 04] = 219.023
Average SP performance (diagonal/self-copy): 231.640 +- 5.271 SE over 5 pairs
Average XP performance (off-diagonal/excluding self): 207.485 +- 11.398 SE over 20 ordered pairs
Saved ZSC results to zsc_results/ph2v4/cramped_room5x5
Saved ZSC heatmap to zsc_results/ph2v4/cramped_room5x5/xp_matrix.png
Using alignment rollout scale: ALIGN_PAIR_BATCH_SIZE=1, ALIGN_EVAL_NUM_EPISODES=128, ALIGN_EVAL_NUM_STEPS=400
ALIGN ego[00] partner[00] R2=0.903005 NMSE=0.096995 NP=0.949716 blind_NP=0.941245 PS-NP_gain=0.008470 shuffled_R2=-0.022321 shuffled_NP=0.003746
ALIGN ego[00] partner[01] R2=0.934288 NMSE=0.065712 NP=0.966232 blind_NP=0.959221 PS-NP_gain=0.007010 shuffled_R2=-0.018271 shuffled_NP=0.001906
ALIGN ego[00] partner[02] R2=0.922642 NMSE=0.077358 NP=0.959928 blind_NP=0.954891 PS-NP_gain=0.005037 shuffled_R2=-0.021745 shuffled_NP=0.002598
ALIGN ego[00] partner[03] R2=0.905951 NMSE=0.094049 NP=0.952097 blind_NP=0.935291 PS-NP_gain=0.016806 shuffled_R2=-0.020455 shuffled_NP=0.001893
ALIGN ego[00] partner[04] R2=0.935659 NMSE=0.064341 NP=0.966892 blind_NP=0.959587 PS-NP_gain=0.007305 shuffled_R2=-0.016264 shuffled_NP=0.005268
ALIGN ego[01] partner[00] R2=0.925896 NMSE=0.074104 NP=0.962222 blind_NP=0.955677 PS-NP_gain=0.006546 shuffled_R2=-0.017416 shuffled_NP=0.006841
ALIGN ego[01] partner[01] R2=0.945319 NMSE=0.054681 NP=0.972019 blind_NP=0.967648 PS-NP_gain=0.004370 shuffled_R2=-0.017880 shuffled_NP=0.003567
ALIGN ego[01] partner[02] R2=0.911294 NMSE=0.088706 NP=0.954212 blind_NP=0.941962 PS-NP_gain=0.012249 shuffled_R2=-0.020802 shuffled_NP=0.003198
ALIGN ego[01] partner[03] R2=0.899725 NMSE=0.100275 NP=0.948646 blind_NP=0.940476 PS-NP_gain=0.008170 shuffled_R2=-0.026444 shuffled_NP=0.002664
ALIGN ego[01] partner[04] R2=0.933408 NMSE=0.066592 NP=0.965658 blind_NP=0.962816 PS-NP_gain=0.002842 shuffled_R2=-0.026688 shuffled_NP=0.000984
ALIGN ego[02] partner[00] R2=0.879474 NMSE=0.120526 NP=0.941075 blind_NP=0.930003 PS-NP_gain=0.011072 shuffled_R2=-0.027785 shuffled_NP=0.004276
ALIGN ego[02] partner[01] R2=0.935674 NMSE=0.064326 NP=0.966843 blind_NP=0.960631 PS-NP_gain=0.006212 shuffled_R2=-0.017439 shuffled_NP=0.002757
ALIGN ego[02] partner[02] R2=0.903870 NMSE=0.096130 NP=0.950123 blind_NP=0.934359 PS-NP_gain=0.015764 shuffled_R2=-0.016402 shuffled_NP=0.006633
ALIGN ego[02] partner[03] R2=0.920882 NMSE=0.079118 NP=0.959141 blind_NP=0.951212 PS-NP_gain=0.007928 shuffled_R2=-0.016623 shuffled_NP=0.002007
ALIGN ego[02] partner[04] R2=0.902371 NMSE=0.097629 NP=0.949562 blind_NP=0.941296 PS-NP_gain=0.008266 shuffled_R2=-0.019176 shuffled_NP=0.003247
ALIGN ego[03] partner[00] R2=0.923763 NMSE=0.076237 NP=0.960634 blind_NP=0.954322 PS-NP_gain=0.006312 shuffled_R2=-0.018013 shuffled_NP=0.002545
ALIGN ego[03] partner[01] R2=0.904603 NMSE=0.095397 NP=0.949429 blind_NP=0.942662 PS-NP_gain=0.006768 shuffled_R2=-0.022983 shuffled_NP=0.002535
ALIGN ego[03] partner[02] R2=0.893820 NMSE=0.106180 NP=0.945009 blind_NP=0.940177 PS-NP_gain=0.004832 shuffled_R2=-0.021608 shuffled_NP=0.001209
ALIGN ego[03] partner[03] R2=0.933484 NMSE=0.066516 NP=0.965791 blind_NP=0.959309 PS-NP_gain=0.006482 shuffled_R2=-0.014636 shuffled_NP=0.003393
ALIGN ego[03] partner[04] R2=0.910551 NMSE=0.089449 NP=0.954529 blind_NP=0.946459 PS-NP_gain=0.008070 shuffled_R2=-0.018462 shuffled_NP=0.002935
ALIGN ego[04] partner[00] R2=0.948138 NMSE=0.051862 NP=0.973657 blind_NP=0.967277 PS-NP_gain=0.006380 shuffled_R2=-0.015619 shuffled_NP=0.003117
ALIGN ego[04] partner[01] R2=0.952479 NMSE=0.047521 NP=0.974894 blind_NP=0.970688 PS-NP_gain=0.004206 shuffled_R2=-0.020049 shuffled_NP=0.004002
ALIGN ego[04] partner[02] R2=0.889604 NMSE=0.110396 NP=0.944231 blind_NP=0.930698 PS-NP_gain=0.013533 shuffled_R2=-0.022437 shuffled_NP=0.002530
ALIGN ego[04] partner[03] R2=0.864581 NMSE=0.135419 NP=0.934098 blind_NP=0.881946 PS-NP_gain=0.052152 shuffled_R2=-0.059966 shuffled_NP=0.002349
ALIGN ego[04] partner[04] R2=0.918415 NMSE=0.081585 NP=0.957914 blind_NP=0.953384 PS-NP_gain=0.004530 shuffled_R2=-0.015349 shuffled_NP=0.004926
Average ego-to-partner alignment R2: 0.915956 +- 0.004357 SE over 25 ego-partner pairs
Average alignment normalized MSE: 0.084044 +- 0.004357 SE
Average shuffled-control alignment R2: -0.021393 +- 0.001760 SE
Average neural predictivity: 0.956982 +- 0.002127 SE
Average blind-control neural predictivity: 0.947330 +- 0.003611 SE
Average PS-NP gain: 0.009652 +- 0.001905 SE
Average shuffled-control neural predictivity: 0.003245 +- 0.000292 SE
Saved alignment results to zsc_results/ph2v4/cramped_room5x5
Evaluating ZSC for method=ph2v4, layout=counter_circuit, prefix=checkpoints/ph2v4/, result_name=ph2v4, perspective_transform=true
Importing submoduled environments...
Submoduled environments imported successfully.
LOADED: checkpoints/ph2v4/counter_circuit/baseline_seed_0_step_380.msgpack
LOADED: checkpoints/ph2v4/counter_circuit/baseline_seed_1_step_380.msgpack
LOADED: checkpoints/ph2v4/counter_circuit/baseline_seed_2_step_380.msgpack
LOADED: checkpoints/ph2v4/counter_circuit/baseline_seed_3_step_380.msgpack
LOADED: checkpoints/ph2v4/counter_circuit/baseline_seed_4_step_380.msgpack
ZSC[00, 00] = 255.544
ZSC[00, 01] = 155.314
ZSC[00, 02] = 259.195
ZSC[00, 03] = 226.786
ZSC[00, 04] = 212.587
ZSC[01, 00] = 158.955
ZSC[01, 01] = 111.941
ZSC[01, 02] = 193.695
ZSC[01, 03] = 182.586
ZSC[01, 04] = 189.627
ZSC[02, 00] = 259.622
ZSC[02, 01] = 188.911
ZSC[02, 02] = 261.297
ZSC[02, 03] = 230.828
ZSC[02, 04] = 151.564
ZSC[03, 00] = 232.572
ZSC[03, 01] = 186.641
ZSC[03, 02] = 231.619
ZSC[03, 03] = 265.991
ZSC[03, 04] = 211.798
ZSC[04, 00] = 207.656
ZSC[04, 01] = 188.444
ZSC[04, 02] = 172.884
ZSC[04, 03] = 214.020
ZSC[04, 04] = 244.419
Average SP performance (diagonal/self-copy): 227.838 +- 29.197 SE over 5 pairs
Average XP performance (off-diagonal/excluding self): 202.765 +- 7.040 SE over 20 ordered pairs
Saved ZSC results to zsc_results/ph2v4/counter_circuit
Saved ZSC heatmap to zsc_results/ph2v4/counter_circuit/xp_matrix.png
Using alignment rollout scale: ALIGN_PAIR_BATCH_SIZE=1, ALIGN_EVAL_NUM_EPISODES=128, ALIGN_EVAL_NUM_STEPS=400
ALIGN ego[00] partner[00] R2=0.864035 NMSE=0.135965 NP=0.928083 blind_NP=0.916769 PS-NP_gain=0.011314 shuffled_R2=-0.016905 shuffled_NP=0.002801
ALIGN ego[00] partner[01] R2=0.843011 NMSE=0.156989 NP=0.917200 blind_NP=0.892331 PS-NP_gain=0.024869 shuffled_R2=-0.016992 shuffled_NP=0.004712
ALIGN ego[00] partner[02] R2=0.844538 NMSE=0.155462 NP=0.918569 blind_NP=0.894029 PS-NP_gain=0.024540 shuffled_R2=-0.023383 shuffled_NP=0.003147
ALIGN ego[00] partner[03] R2=0.840276 NMSE=0.159724 NP=0.915134 blind_NP=0.896945 PS-NP_gain=0.018189 shuffled_R2=-0.015745 shuffled_NP=0.003458
ALIGN ego[00] partner[04] R2=0.814779 NMSE=0.185221 NP=0.898196 blind_NP=0.866465 PS-NP_gain=0.031731 shuffled_R2=-0.016995 shuffled_NP=0.002918
ALIGN ego[01] partner[00] R2=0.821251 NMSE=0.178749 NP=0.902904 blind_NP=0.881373 PS-NP_gain=0.021531 shuffled_R2=-0.014891 shuffled_NP=0.002835
ALIGN ego[01] partner[01] R2=0.864451 NMSE=0.135549 NP=0.928152 blind_NP=0.911440 PS-NP_gain=0.016712 shuffled_R2=-0.016377 shuffled_NP=0.003379
ALIGN ego[01] partner[02] R2=0.809189 NMSE=0.190811 NP=0.897895 blind_NP=0.876080 PS-NP_gain=0.021815 shuffled_R2=-0.014805 shuffled_NP=0.003234
ALIGN ego[01] partner[03] R2=0.832183 NMSE=0.167817 NP=0.910049 blind_NP=0.892766 PS-NP_gain=0.017283 shuffled_R2=-0.017531 shuffled_NP=0.001634
ALIGN ego[01] partner[04] R2=0.782498 NMSE=0.217502 NP=0.880600 blind_NP=0.842715 PS-NP_gain=0.037885 shuffled_R2=-0.017686 shuffled_NP=0.004216
ALIGN ego[02] partner[00] R2=0.877528 NMSE=0.122472 NP=0.935788 blind_NP=0.918023 PS-NP_gain=0.017765 shuffled_R2=-0.016143 shuffled_NP=0.002837
ALIGN ego[02] partner[01] R2=0.770705 NMSE=0.229295 NP=0.878115 blind_NP=0.838698 PS-NP_gain=0.039417 shuffled_R2=-0.019331 shuffled_NP=0.003018
ALIGN ego[02] partner[02] R2=0.903028 NMSE=0.096972 NP=0.949373 blind_NP=0.935886 PS-NP_gain=0.013487 shuffled_R2=-0.013448 shuffled_NP=0.003296
ALIGN ego[02] partner[03] R2=0.849926 NMSE=0.150074 NP=0.920682 blind_NP=0.897787 PS-NP_gain=0.022895 shuffled_R2=-0.016302 shuffled_NP=0.003691
ALIGN ego[02] partner[04] R2=0.759494 NMSE=0.240506 NP=0.870657 blind_NP=0.827250 PS-NP_gain=0.043407 shuffled_R2=-0.020188 shuffled_NP=0.002662
ALIGN ego[03] partner[00] R2=0.839696 NMSE=0.160304 NP=0.913618 blind_NP=0.888833 PS-NP_gain=0.024786 shuffled_R2=-0.014736 shuffled_NP=0.003303
ALIGN ego[03] partner[01] R2=0.843701 NMSE=0.156299 NP=0.917861 blind_NP=0.891953 PS-NP_gain=0.025908 shuffled_R2=-0.018461 shuffled_NP=0.003229
ALIGN ego[03] partner[02] R2=0.834901 NMSE=0.165099 NP=0.911774 blind_NP=0.887019 PS-NP_gain=0.024755 shuffled_R2=-0.014803 shuffled_NP=0.004602
ALIGN ego[03] partner[03] R2=0.865484 NMSE=0.134516 NP=0.928034 blind_NP=0.911158 PS-NP_gain=0.016876 shuffled_R2=-0.018903 shuffled_NP=0.002090
ALIGN ego[03] partner[04] R2=0.794668 NMSE=0.205332 NP=0.888570 blind_NP=0.854183 PS-NP_gain=0.034387 shuffled_R2=-0.015631 shuffled_NP=0.002325
ALIGN ego[04] partner[00] R2=0.786641 NMSE=0.213359 NP=0.883709 blind_NP=0.857075 PS-NP_gain=0.026634 shuffled_R2=-0.014943 shuffled_NP=0.003297
ALIGN ego[04] partner[01] R2=0.820753 NMSE=0.179247 NP=0.905026 blind_NP=0.881984 PS-NP_gain=0.023043 shuffled_R2=-0.016984 shuffled_NP=0.001746
ALIGN ego[04] partner[02] R2=0.792274 NMSE=0.207726 NP=0.886076 blind_NP=0.859891 PS-NP_gain=0.026185 shuffled_R2=-0.015434 shuffled_NP=0.004985
ALIGN ego[04] partner[03] R2=0.784698 NMSE=0.215302 NP=0.882684 blind_NP=0.858817 PS-NP_gain=0.023866 shuffled_R2=-0.015045 shuffled_NP=0.002820
ALIGN ego[04] partner[04] R2=0.831331 NMSE=0.168669 NP=0.909846 blind_NP=0.888561 PS-NP_gain=0.021285 shuffled_R2=-0.015704 shuffled_NP=0.002388
Average ego-to-partner alignment R2: 0.826842 +- 0.007108 SE over 25 ego-partner pairs
Average alignment normalized MSE: 0.173158 +- 0.007108 SE
Average shuffled-control alignment R2: -0.016695 +- 0.000427 SE
Average neural predictivity: 0.907144 +- 0.003999 SE
Average blind-control neural predictivity: 0.882721 +- 0.005367 SE
Average PS-NP gain: 0.024423 +- 0.001582 SE
Average shuffled-control neural predictivity: 0.003145 +- 0.000168 SE
Saved alignment results to zsc_results/ph2v4/counter_circuit
Evaluating ZSC for method=ph2v4, layout=coord_ring, prefix=checkpoints/ph2v4/, result_name=ph2v4, perspective_transform=true
Importing submoduled environments...
Submoduled environments imported successfully.
LOADED: checkpoints/ph2v4/coord_ring/baseline_seed_0_step_220.msgpack
LOADED: checkpoints/ph2v4/coord_ring/baseline_seed_1_step_220.msgpack
LOADED: checkpoints/ph2v4/coord_ring/baseline_seed_2_step_220.msgpack
LOADED: checkpoints/ph2v4/coord_ring/baseline_seed_3_step_220.msgpack
LOADED: checkpoints/ph2v4/coord_ring/baseline_seed_4_step_220.msgpack
ZSC[00, 00] = 278.381
ZSC[00, 01] = 260.542
ZSC[00, 02] = 275.570
ZSC[00, 03] = 251.769
ZSC[00, 04] = 195.519
ZSC[01, 00] = 260.959
ZSC[01, 01] = 269.773
ZSC[01, 02] = 280.119
ZSC[01, 03] = 245.731
ZSC[01, 04] = 245.858
ZSC[02, 00] = 274.673
ZSC[02, 01] = 279.647
ZSC[02, 02] = 307.612
ZSC[02, 03] = 265.520
ZSC[02, 04] = 128.611
ZSC[03, 00] = 251.992
ZSC[03, 01] = 246.148
ZSC[03, 02] = 265.447
ZSC[03, 03] = 243.181
ZSC[03, 04] = 222.133
ZSC[04, 00] = 196.363
ZSC[04, 01] = 245.841
ZSC[04, 02] = 126.569
ZSC[04, 03] = 222.162
ZSC[04, 04] = 280.630
Average SP performance (diagonal/self-copy): 275.916 +- 10.350 SE over 5 pairs
Average XP performance (off-diagonal/excluding self): 237.059 +- 9.980 SE over 20 ordered pairs
Saved ZSC results to zsc_results/ph2v4/coord_ring
Saved ZSC heatmap to zsc_results/ph2v4/coord_ring/xp_matrix.png
Using alignment rollout scale: ALIGN_PAIR_BATCH_SIZE=1, ALIGN_EVAL_NUM_EPISODES=128, ALIGN_EVAL_NUM_STEPS=400
ALIGN ego[00] partner[00] R2=0.846384 NMSE=0.153616 NP=0.921498 blind_NP=0.900017 PS-NP_gain=0.021481 shuffled_R2=-0.025008 shuffled_NP=0.002093
ALIGN ego[00] partner[01] R2=0.844343 NMSE=0.155657 NP=0.917497 blind_NP=0.905762 PS-NP_gain=0.011735 shuffled_R2=-0.017235 shuffled_NP=0.002220
ALIGN ego[00] partner[02] R2=0.864959 NMSE=0.135041 NP=0.928319 blind_NP=0.914830 PS-NP_gain=0.013489 shuffled_R2=-0.016727 shuffled_NP=0.003508
ALIGN ego[00] partner[03] R2=0.869064 NMSE=0.130936 NP=0.931147 blind_NP=0.916252 PS-NP_gain=0.014895 shuffled_R2=-0.015325 shuffled_NP=0.003922
ALIGN ego[00] partner[04] R2=0.864325 NMSE=0.135675 NP=0.927345 blind_NP=0.905403 PS-NP_gain=0.021942 shuffled_R2=-0.016219 shuffled_NP=0.002198
ALIGN ego[01] partner[00] R2=0.818556 NMSE=0.181444 NP=0.906844 blind_NP=0.891302 PS-NP_gain=0.015541 shuffled_R2=-0.024457 shuffled_NP=0.002149
ALIGN ego[01] partner[01] R2=0.843383 NMSE=0.156617 NP=0.919073 blind_NP=0.914649 PS-NP_gain=0.004424 shuffled_R2=-0.018107 shuffled_NP=0.002832
ALIGN ego[01] partner[02] R2=0.848725 NMSE=0.151275 NP=0.919852 blind_NP=0.906209 PS-NP_gain=0.013643 shuffled_R2=-0.020806 shuffled_NP=0.001184
ALIGN ego[01] partner[03] R2=0.871879 NMSE=0.128121 NP=0.933670 blind_NP=0.918716 PS-NP_gain=0.014955 shuffled_R2=-0.020637 shuffled_NP=0.002918
ALIGN ego[01] partner[04] R2=0.826839 NMSE=0.173161 NP=0.908274 blind_NP=0.891664 PS-NP_gain=0.016610 shuffled_R2=-0.018136 shuffled_NP=0.002866
ALIGN ego[02] partner[00] R2=0.845043 NMSE=0.154957 NP=0.918276 blind_NP=0.892408 PS-NP_gain=0.025867 shuffled_R2=-0.019074 shuffled_NP=0.003717
ALIGN ego[02] partner[01] R2=0.863259 NMSE=0.136741 NP=0.927825 blind_NP=0.906027 PS-NP_gain=0.021798 shuffled_R2=-0.015778 shuffled_NP=0.002484
ALIGN ego[02] partner[02] R2=0.898258 NMSE=0.101742 NP=0.946228 blind_NP=0.934410 PS-NP_gain=0.011818 shuffled_R2=-0.015794 shuffled_NP=0.003163
ALIGN ego[02] partner[03] R2=0.859949 NMSE=0.140051 NP=0.926519 blind_NP=0.901104 PS-NP_gain=0.025415 shuffled_R2=-0.021699 shuffled_NP=0.003317
ALIGN ego[02] partner[04] R2=0.914341 NMSE=0.085659 NP=0.954065 blind_NP=0.944009 PS-NP_gain=0.010056 shuffled_R2=-0.015713 shuffled_NP=0.005025
ALIGN ego[03] partner[00] R2=0.837518 NMSE=0.162482 NP=0.915209 blind_NP=0.893404 PS-NP_gain=0.021805 shuffled_R2=-0.018891 shuffled_NP=0.002872
ALIGN ego[03] partner[01] R2=0.841668 NMSE=0.158332 NP=0.918030 blind_NP=0.904934 PS-NP_gain=0.013096 shuffled_R2=-0.021102 shuffled_NP=0.003885
ALIGN ego[03] partner[02] R2=0.806584 NMSE=0.193416 NP=0.900858 blind_NP=0.887099 PS-NP_gain=0.013759 shuffled_R2=-0.022108 shuffled_NP=0.005206
ALIGN ego[03] partner[03] R2=0.770977 NMSE=0.229023 NP=0.882105 blind_NP=0.871264 PS-NP_gain=0.010841 shuffled_R2=-0.030811 shuffled_NP=0.002650
ALIGN ego[03] partner[04] R2=0.691019 NMSE=0.308981 NP=0.851572 blind_NP=0.805546 PS-NP_gain=0.046026 shuffled_R2=-0.036079 shuffled_NP=0.006272
ALIGN ego[04] partner[00] R2=0.837032 NMSE=0.162968 NP=0.912809 blind_NP=0.883028 PS-NP_gain=0.029781 shuffled_R2=-0.016705 shuffled_NP=0.002946
ALIGN ego[04] partner[01] R2=0.792045 NMSE=0.207955 NP=0.891327 blind_NP=0.871392 PS-NP_gain=0.019936 shuffled_R2=-0.019615 shuffled_NP=0.001906
ALIGN ego[04] partner[02] R2=0.924678 NMSE=0.075322 NP=0.957485 blind_NP=0.950898 PS-NP_gain=0.006587 shuffled_R2=-0.013402 shuffled_NP=0.002764
ALIGN ego[04] partner[03] R2=0.737775 NMSE=0.262225 NP=0.868567 blind_NP=0.822476 PS-NP_gain=0.046092 shuffled_R2=-0.041083 shuffled_NP=0.003205
ALIGN ego[04] partner[04] R2=0.867517 NMSE=0.132483 NP=0.929650 blind_NP=0.916748 PS-NP_gain=0.012902 shuffled_R2=-0.013881 shuffled_NP=0.005499
Average ego-to-partner alignment R2: 0.839445 +- 0.010207 SE over 25 ego-partner pairs
Average alignment normalized MSE: 0.160555 +- 0.010207 SE
Average shuffled-control alignment R2: -0.020576 +- 0.001339 SE
Average neural predictivity: 0.916562 +- 0.004821 SE
Average blind-control neural predictivity: 0.897982 +- 0.006374 SE
Average PS-NP gain: 0.018580 +- 0.002051 SE
Average shuffled-control neural predictivity: 0.003232 +- 0.000241 SE
Saved alignment results to zsc_results/ph2v4/coord_ring
Evaluating ZSC for method=ph2v4_ablate, layout=cramped_room5x5, prefix=checkpoints/ph2v4_ablate/, result_name=ph2v4_ablate, perspective_transform=false
Importing submoduled environments...
Submoduled environments imported successfully.
LOADED: checkpoints/ph2v4_ablate/cramped_room5x5/baseline_seed_0_step_220.msgpack
LOADED: checkpoints/ph2v4_ablate/cramped_room5x5/baseline_seed_1_step_220.msgpack
LOADED: checkpoints/ph2v4_ablate/cramped_room5x5/baseline_seed_2_step_220.msgpack
LOADED: checkpoints/ph2v4_ablate/cramped_room5x5/baseline_seed_3_step_220.msgpack
LOADED: checkpoints/ph2v4_ablate/cramped_room5x5/baseline_seed_4_step_220.msgpack
ZSC[00, 00] = 239.628
ZSC[00, 01] = 239.700
ZSC[00, 02] = 220.089
ZSC[00, 03] = 233.164
ZSC[00, 04] = 202.791
ZSC[01, 00] = 239.869
ZSC[01, 01] = 148.997
ZSC[01, 02] = 208.222
ZSC[01, 03] = 220.041
ZSC[01, 04] = 217.995
ZSC[02, 00] = 220.031
ZSC[02, 01] = 208.417
ZSC[02, 02] = 221.045
ZSC[02, 03] = 219.239
ZSC[02, 04] = 92.637
ZSC[03, 00] = 233.020
ZSC[03, 01] = 220.725
ZSC[03, 02] = 219.367
ZSC[03, 03] = 209.253
ZSC[03, 04] = 203.766
ZSC[04, 00] = 202.600
ZSC[04, 01] = 218.397
ZSC[04, 02] = 93.136
ZSC[04, 03] = 203.600
ZSC[04, 04] = 241.078
Average SP performance (diagonal/self-copy): 212.000 +- 16.834 SE over 5 pairs
Average XP performance (off-diagonal/excluding self): 205.840 +- 9.009 SE over 20 ordered pairs
Saved ZSC results to zsc_results/ph2v4_ablate/cramped_room5x5
Saved ZSC heatmap to zsc_results/ph2v4_ablate/cramped_room5x5/xp_matrix.png
Using alignment rollout scale: ALIGN_PAIR_BATCH_SIZE=1, ALIGN_EVAL_NUM_EPISODES=128, ALIGN_EVAL_NUM_STEPS=400
ALIGN ego[00] partner[00] R2=0.944211 NMSE=0.055789 NP=0.971409 blind_NP=0.964598 PS-NP_gain=0.006811 shuffled_R2=-0.018685 shuffled_NP=0.003964
ALIGN ego[00] partner[01] R2=0.949597 NMSE=0.050403 NP=0.974399 blind_NP=0.970460 PS-NP_gain=0.003939 shuffled_R2=-0.019724 shuffled_NP=0.001567
ALIGN ego[00] partner[02] R2=0.959126 NMSE=0.040874 NP=0.979085 blind_NP=0.975371 PS-NP_gain=0.003714 shuffled_R2=-0.016406 shuffled_NP=0.003020
ALIGN ego[00] partner[03] R2=0.933839 NMSE=0.066161 NP=0.966257 blind_NP=0.961699 PS-NP_gain=0.004558 shuffled_R2=-0.017147 shuffled_NP=0.003341
ALIGN ego[00] partner[04] R2=0.958767 NMSE=0.041233 NP=0.977952 blind_NP=0.975074 PS-NP_gain=0.002877 shuffled_R2=-0.016759 shuffled_NP=0.003675
ALIGN ego[01] partner[00] R2=0.830577 NMSE=0.169423 NP=0.925114 blind_NP=0.910624 PS-NP_gain=0.014490 shuffled_R2=-0.050017 shuffled_NP=0.002876
ALIGN ego[01] partner[01] R2=0.951451 NMSE=0.048549 NP=0.974996 blind_NP=0.972078 PS-NP_gain=0.002918 shuffled_R2=-0.016005 shuffled_NP=0.003766
ALIGN ego[01] partner[02] R2=0.955639 NMSE=0.044361 NP=0.977542 blind_NP=0.971640 PS-NP_gain=0.005902 shuffled_R2=-0.016735 shuffled_NP=0.004049
ALIGN ego[01] partner[03] R2=0.922559 NMSE=0.077441 NP=0.961062 blind_NP=0.953316 PS-NP_gain=0.007746 shuffled_R2=-0.017762 shuffled_NP=0.003479
ALIGN ego[01] partner[04] R2=0.916138 NMSE=0.083862 NP=0.957185 blind_NP=0.952474 PS-NP_gain=0.004712 shuffled_R2=-0.021326 shuffled_NP=0.003617
ALIGN ego[02] partner[00] R2=0.853385 NMSE=0.146615 NP=0.927896 blind_NP=0.875960 PS-NP_gain=0.051936 shuffled_R2=-0.051129 shuffled_NP=0.004400
ALIGN ego[02] partner[01] R2=0.930926 NMSE=0.069074 NP=0.964623 blind_NP=0.960826 PS-NP_gain=0.003797 shuffled_R2=-0.017205 shuffled_NP=0.002077
ALIGN ego[02] partner[02] R2=0.951504 NMSE=0.048496 NP=0.975292 blind_NP=0.970318 PS-NP_gain=0.004975 shuffled_R2=-0.016433 shuffled_NP=0.003126
ALIGN ego[02] partner[03] R2=0.923862 NMSE=0.076138 NP=0.960388 blind_NP=0.951532 PS-NP_gain=0.008856 shuffled_R2=-0.015639 shuffled_NP=0.002733
ALIGN ego[02] partner[04] R2=0.956441 NMSE=0.043559 NP=0.977133 blind_NP=0.974372 PS-NP_gain=0.002761 shuffled_R2=-0.016732 shuffled_NP=0.003478
ALIGN ego[03] partner[00] R2=0.871097 NMSE=0.128903 NP=0.937180 blind_NP=0.926764 PS-NP_gain=0.010417 shuffled_R2=-0.036000 shuffled_NP=0.002603
ALIGN ego[03] partner[01] R2=0.929810 NMSE=0.070190 NP=0.963709 blind_NP=0.957253 PS-NP_gain=0.006455 shuffled_R2=-0.015797 shuffled_NP=0.003943
ALIGN ego[03] partner[02] R2=0.940637 NMSE=0.059363 NP=0.970354 blind_NP=0.956972 PS-NP_gain=0.013383 shuffled_R2=-0.022099 shuffled_NP=0.002111
ALIGN ego[03] partner[03] R2=0.902894 NMSE=0.097106 NP=0.950638 blind_NP=0.948462 PS-NP_gain=0.002176 shuffled_R2=-0.026316 shuffled_NP=0.004039
ALIGN ego[03] partner[04] R2=0.930446 NMSE=0.069554 NP=0.965214 blind_NP=0.951127 PS-NP_gain=0.014087 shuffled_R2=-0.018256 shuffled_NP=0.002463
ALIGN ego[04] partner[00] R2=0.949898 NMSE=0.050102 NP=0.974672 blind_NP=0.971416 PS-NP_gain=0.003256 shuffled_R2=-0.020965 shuffled_NP=0.004238
ALIGN ego[04] partner[01] R2=0.931184 NMSE=0.068816 NP=0.964612 blind_NP=0.959597 PS-NP_gain=0.005015 shuffled_R2=-0.016194 shuffled_NP=0.004069
ALIGN ego[04] partner[02] R2=0.963091 NMSE=0.036909 NP=0.981056 blind_NP=0.976658 PS-NP_gain=0.004398 shuffled_R2=-0.016387 shuffled_NP=0.002122
ALIGN ego[04] partner[03] R2=0.917950 NMSE=0.082050 NP=0.958459 blind_NP=0.950920 PS-NP_gain=0.007539 shuffled_R2=-0.018500 shuffled_NP=0.004428
ALIGN ego[04] partner[04] R2=0.932667 NMSE=0.067333 NP=0.965883 blind_NP=0.964279 PS-NP_gain=0.001604 shuffled_R2=-0.018205 shuffled_NP=0.003988
Average ego-to-partner alignment R2: 0.928308 +- 0.006644 SE over 25 ego-partner pairs
Average alignment normalized MSE: 0.071692 +- 0.006644 SE
Average shuffled-control alignment R2: -0.021457 +- 0.001953 SE
Average neural predictivity: 0.964084 +- 0.003016 SE
Average blind-control neural predictivity: 0.956152 +- 0.004535 SE
Average PS-NP gain: 0.007933 +- 0.001973 SE
Average shuffled-control neural predictivity: 0.003327 +- 0.000163 SE
Saved alignment results to zsc_results/ph2v4_ablate/cramped_room5x5
Evaluating ZSC for method=ph2v4_ablate, layout=counter_circuit, prefix=checkpoints/ph2v4_ablate/, result_name=ph2v4_ablate, perspective_transform=false
Importing submoduled environments...
Submoduled environments imported successfully.
LOADED: checkpoints/ph2v4_ablate/counter_circuit/baseline_seed_0_step_380.msgpack
LOADED: checkpoints/ph2v4_ablate/counter_circuit/baseline_seed_1_step_380.msgpack
LOADED: checkpoints/ph2v4_ablate/counter_circuit/baseline_seed_2_step_380.msgpack
LOADED: checkpoints/ph2v4_ablate/counter_circuit/baseline_seed_3_step_380.msgpack
LOADED: checkpoints/ph2v4_ablate/counter_circuit/baseline_seed_4_step_380.msgpack
ZSC[00, 00] = 166.709
ZSC[00, 01] = 147.203
ZSC[00, 02] = 171.936
ZSC[00, 03] = 191.297
ZSC[00, 04] = 166.892
ZSC[01, 00] = 144.688
ZSC[01, 01] = 117.175
ZSC[01, 02] = 135.989
ZSC[01, 03] = 201.984
ZSC[01, 04] = 86.327
ZSC[02, 00] = 171.177
ZSC[02, 01] = 136.703
ZSC[02, 02] = 236.805
ZSC[02, 03] = 191.677
ZSC[02, 04] = 118.430
ZSC[03, 00] = 191.742
ZSC[03, 01] = 202.562
ZSC[03, 02] = 189.841
ZSC[03, 03] = 241.933
ZSC[03, 04] = 158.694
ZSC[04, 00] = 163.695
ZSC[04, 01] = 87.825
ZSC[04, 02] = 119.470
ZSC[04, 03] = 154.850
ZSC[04, 04] = 209.061
Average SP performance (diagonal/self-copy): 194.337 +- 23.455 SE over 5 pairs
Average XP performance (off-diagonal/excluding self): 156.649 +- 7.799 SE over 20 ordered pairs
Saved ZSC results to zsc_results/ph2v4_ablate/counter_circuit
Saved ZSC heatmap to zsc_results/ph2v4_ablate/counter_circuit/xp_matrix.png
Using alignment rollout scale: ALIGN_PAIR_BATCH_SIZE=1, ALIGN_EVAL_NUM_EPISODES=128, ALIGN_EVAL_NUM_STEPS=400
ALIGN ego[00] partner[00] R2=0.755445 NMSE=0.244555 NP=0.871776 blind_NP=0.862674 PS-NP_gain=0.009102 shuffled_R2=-0.022611 shuffled_NP=0.001646
ALIGN ego[00] partner[01] R2=0.810628 NMSE=0.189372 NP=0.897487 blind_NP=0.864241 PS-NP_gain=0.033246 shuffled_R2=-0.015838 shuffled_NP=0.002710
ALIGN ego[00] partner[02] R2=0.634581 NMSE=0.365419 NP=0.817920 blind_NP=0.784677 PS-NP_gain=0.033243 shuffled_R2=-0.061007 shuffled_NP=0.001583
ALIGN ego[00] partner[03] R2=0.816947 NMSE=0.183053 NP=0.904815 blind_NP=0.877868 PS-NP_gain=0.026948 shuffled_R2=-0.018787 shuffled_NP=0.002950
ALIGN ego[00] partner[04] R2=0.738604 NMSE=0.261396 NP=0.859389 blind_NP=0.826490 PS-NP_gain=0.032899 shuffled_R2=-0.021153 shuffled_NP=0.003564
ALIGN ego[01] partner[00] R2=0.662246 NMSE=0.337754 NP=0.819043 blind_NP=0.785894 PS-NP_gain=0.033149 shuffled_R2=-0.025415 shuffled_NP=0.002829
ALIGN ego[01] partner[01] R2=0.818845 NMSE=0.181155 NP=0.902800 blind_NP=0.875722 PS-NP_gain=0.027078 shuffled_R2=-0.016804 shuffled_NP=0.001489
ALIGN ego[01] partner[02] R2=0.804897 NMSE=0.195103 NP=0.895267 blind_NP=0.876925 PS-NP_gain=0.018341 shuffled_R2=-0.018939 shuffled_NP=0.003401
ALIGN ego[01] partner[03] R2=0.792513 NMSE=0.207487 NP=0.887574 blind_NP=0.866562 PS-NP_gain=0.021012 shuffled_R2=-0.015994 shuffled_NP=0.002753
ALIGN ego[01] partner[04] R2=0.784624 NMSE=0.215376 NP=0.882559 blind_NP=0.868979 PS-NP_gain=0.013579 shuffled_R2=-0.020860 shuffled_NP=0.003443
ALIGN ego[02] partner[00] R2=0.791763 NMSE=0.208237 NP=0.889252 blind_NP=0.874155 PS-NP_gain=0.015097 shuffled_R2=-0.019885 shuffled_NP=0.002785
ALIGN ego[02] partner[01] R2=0.822302 NMSE=0.177698 NP=0.903812 blind_NP=0.879147 PS-NP_gain=0.024665 shuffled_R2=-0.015152 shuffled_NP=0.002574
ALIGN ego[02] partner[02] R2=0.866452 NMSE=0.133548 NP=0.929295 blind_NP=0.913526 PS-NP_gain=0.015769 shuffled_R2=-0.016290 shuffled_NP=0.003186
ALIGN ego[02] partner[03] R2=0.870173 NMSE=0.129827 NP=0.931767 blind_NP=0.910881 PS-NP_gain=0.020886 shuffled_R2=-0.015809 shuffled_NP=0.004166
ALIGN ego[02] partner[04] R2=0.774673 NMSE=0.225327 NP=0.876610 blind_NP=0.855953 PS-NP_gain=0.020657 shuffled_R2=-0.018578 shuffled_NP=0.002528
ALIGN ego[03] partner[00] R2=0.838449 NMSE=0.161551 NP=0.914701 blind_NP=0.893765 PS-NP_gain=0.020937 shuffled_R2=-0.017941 shuffled_NP=0.001559
ALIGN ego[03] partner[01] R2=0.775052 NMSE=0.224948 NP=0.877918 blind_NP=0.848646 PS-NP_gain=0.029272 shuffled_R2=-0.016741 shuffled_NP=0.002604
ALIGN ego[03] partner[02] R2=0.873777 NMSE=0.126223 NP=0.933128 blind_NP=0.914390 PS-NP_gain=0.018739 shuffled_R2=-0.014969 shuffled_NP=0.003576
ALIGN ego[03] partner[03] R2=0.823619 NMSE=0.176381 NP=0.904951 blind_NP=0.876951 PS-NP_gain=0.028000 shuffled_R2=-0.015691 shuffled_NP=0.001744
ALIGN ego[03] partner[04] R2=0.836830 NMSE=0.163170 NP=0.914617 blind_NP=0.899074 PS-NP_gain=0.015543 shuffled_R2=-0.018040 shuffled_NP=0.002370
ALIGN ego[04] partner[00] R2=0.729252 NMSE=0.270748 NP=0.852030 blind_NP=0.821449 PS-NP_gain=0.030580 shuffled_R2=-0.019918 shuffled_NP=0.003470
ALIGN ego[04] partner[01] R2=0.722709 NMSE=0.277291 NP=0.854555 blind_NP=0.813136 PS-NP_gain=0.041420 shuffled_R2=-0.024704 shuffled_NP=0.004483
ALIGN ego[04] partner[02] R2=0.716961 NMSE=0.283039 NP=0.854164 blind_NP=0.816693 PS-NP_gain=0.037471 shuffled_R2=-0.027089 shuffled_NP=0.002249
ALIGN ego[04] partner[03] R2=0.839097 NMSE=0.160903 NP=0.915319 blind_NP=0.886041 PS-NP_gain=0.029278 shuffled_R2=-0.017536 shuffled_NP=0.004182
ALIGN ego[04] partner[04] R2=0.812634 NMSE=0.187366 NP=0.898662 blind_NP=0.870974 PS-NP_gain=0.027688 shuffled_R2=-0.013704 shuffled_NP=0.003197
Average ego-to-partner alignment R2: 0.788523 +- 0.012209 SE over 25 ego-partner pairs
Average alignment normalized MSE: 0.211477 +- 0.012209 SE
Average shuffled-control alignment R2: -0.020378 +- 0.001826 SE
Average neural predictivity: 0.887576 +- 0.006283 SE
Average blind-control neural predictivity: 0.862593 +- 0.007252 SE
Average PS-NP gain: 0.024984 +- 0.001628 SE
Average shuffled-control neural predictivity: 0.002842 +- 0.000169 SE
Saved alignment results to zsc_results/ph2v4_ablate/counter_circuit
Evaluating ZSC for method=ph2v4_ablate, layout=coord_ring, prefix=checkpoints/ph2v4_ablate/, result_name=ph2v4_ablate, perspective_transform=false
Importing submoduled environments...
Submoduled environments imported successfully.
LOADED: checkpoints/ph2v4_ablate/coord_ring/baseline_seed_0_step_220.msgpack
LOADED: checkpoints/ph2v4_ablate/coord_ring/baseline_seed_1_step_220.msgpack
LOADED: checkpoints/ph2v4_ablate/coord_ring/baseline_seed_2_step_220.msgpack
LOADED: checkpoints/ph2v4_ablate/coord_ring/baseline_seed_3_step_220.msgpack
LOADED: checkpoints/ph2v4_ablate/coord_ring/baseline_seed_4_step_220.msgpack
ZSC[00, 00] = 297.344
ZSC[00, 01] = 270.933
ZSC[00, 02] = 278.398
ZSC[00, 03] = 185.878
ZSC[00, 04] = 237.923
ZSC[01, 00] = 269.709
ZSC[01, 01] = 252.316
ZSC[01, 02] = 240.495
ZSC[01, 03] = 189.570
ZSC[01, 04] = 213.653
ZSC[02, 00] = 278.839
ZSC[02, 01] = 239.959
ZSC[02, 02] = 315.906
ZSC[02, 03] = 185.645
ZSC[02, 04] = 223.422
ZSC[03, 00] = 185.605
ZSC[03, 01] = 190.383
ZSC[03, 02] = 185.783
ZSC[03, 03] = 238.862
ZSC[03, 04] = 175.267
ZSC[04, 00] = 236.850
ZSC[04, 01] = 214.856
ZSC[04, 02] = 223.755
ZSC[04, 03] = 175.228
ZSC[04, 04] = 292.806
Average SP performance (diagonal/self-copy): 279.447 +- 14.511 SE over 5 pairs
Average XP performance (off-diagonal/excluding self): 220.108 +- 7.941 SE over 20 ordered pairs
Saved ZSC results to zsc_results/ph2v4_ablate/coord_ring
Saved ZSC heatmap to zsc_results/ph2v4_ablate/coord_ring/xp_matrix.png
Using alignment rollout scale: ALIGN_PAIR_BATCH_SIZE=1, ALIGN_EVAL_NUM_EPISODES=128, ALIGN_EVAL_NUM_STEPS=400
ALIGN ego[00] partner[00] R2=0.853123 NMSE=0.146877 NP=0.923250 blind_NP=0.909826 PS-NP_gain=0.013424 shuffled_R2=-0.018077 shuffled_NP=0.003666
ALIGN ego[00] partner[01] R2=0.748813 NMSE=0.251187 NP=0.868423 blind_NP=0.865787 PS-NP_gain=0.002636 shuffled_R2=-0.026311 shuffled_NP=0.002391
ALIGN ego[00] partner[02] R2=0.821962 NMSE=0.178038 NP=0.906362 blind_NP=0.890963 PS-NP_gain=0.015399 shuffled_R2=-0.020986 shuffled_NP=0.002789
ALIGN ego[00] partner[03] R2=0.869797 NMSE=0.130203 NP=0.931436 blind_NP=0.928619 PS-NP_gain=0.002817 shuffled_R2=-0.015723 shuffled_NP=0.004313
ALIGN ego[00] partner[04] R2=0.873708 NMSE=0.126292 NP=0.934499 blind_NP=0.929950 PS-NP_gain=0.004550 shuffled_R2=-0.021077 shuffled_NP=0.002222
ALIGN ego[01] partner[00] R2=0.813202 NMSE=0.186798 NP=0.901965 blind_NP=0.874417 PS-NP_gain=0.027548 shuffled_R2=-0.019629 shuffled_NP=0.002714
ALIGN ego[01] partner[01] R2=0.883799 NMSE=0.116201 NP=0.939286 blind_NP=0.927680 PS-NP_gain=0.011606 shuffled_R2=-0.017905 shuffled_NP=0.005943
ALIGN ego[01] partner[02] R2=0.867445 NMSE=0.132555 NP=0.931791 blind_NP=0.909385 PS-NP_gain=0.022406 shuffled_R2=-0.021149 shuffled_NP=0.001378
ALIGN ego[01] partner[03] R2=0.890952 NMSE=0.109048 NP=0.944120 blind_NP=0.938187 PS-NP_gain=0.005933 shuffled_R2=-0.022316 shuffled_NP=0.002611
ALIGN ego[01] partner[04] R2=0.546295 NMSE=0.453705 NP=0.800834 blind_NP=0.811075 PS-NP_gain=-0.010241 shuffled_R2=-0.049099 shuffled_NP=0.001611
ALIGN ego[02] partner[00] R2=0.851633 NMSE=0.148367 NP=0.922602 blind_NP=0.905331 PS-NP_gain=0.017271 shuffled_R2=-0.015214 shuffled_NP=0.005242
ALIGN ego[02] partner[01] R2=0.904485 NMSE=0.095515 NP=0.948822 blind_NP=0.942941 PS-NP_gain=0.005881 shuffled_R2=-0.012614 shuffled_NP=0.003161
ALIGN ego[02] partner[02] R2=0.903178 NMSE=0.096822 NP=0.949727 blind_NP=0.939230 PS-NP_gain=0.010498 shuffled_R2=-0.017188 shuffled_NP=0.003232
ALIGN ego[02] partner[03] R2=0.887109 NMSE=0.112891 NP=0.939525 blind_NP=0.928110 PS-NP_gain=0.011415 shuffled_R2=-0.017085 shuffled_NP=0.003727
ALIGN ego[02] partner[04] R2=0.819906 NMSE=0.180094 NP=0.904214 blind_NP=0.876035 PS-NP_gain=0.028178 shuffled_R2=-0.029631 shuffled_NP=0.003392
ALIGN ego[03] partner[00] R2=0.871024 NMSE=0.128976 NP=0.931657 blind_NP=0.931078 PS-NP_gain=0.000579 shuffled_R2=-0.014460 shuffled_NP=0.004331
ALIGN ego[03] partner[01] R2=0.859604 NMSE=0.140396 NP=0.927347 blind_NP=0.917061 PS-NP_gain=0.010286 shuffled_R2=-0.019025 shuffled_NP=0.003450
ALIGN ego[03] partner[02] R2=0.869724 NMSE=0.130276 NP=0.931918 blind_NP=0.926410 PS-NP_gain=0.005508 shuffled_R2=-0.015463 shuffled_NP=0.002745
ALIGN ego[03] partner[03] R2=0.879205 NMSE=0.120795 NP=0.937146 blind_NP=0.928832 PS-NP_gain=0.008314 shuffled_R2=-0.015299 shuffled_NP=0.002050
ALIGN ego[03] partner[04] R2=0.781380 NMSE=0.218620 NP=0.900158 blind_NP=0.869999 PS-NP_gain=0.030159 shuffled_R2=-0.054033 shuffled_NP=0.001383
ALIGN ego[04] partner[00] R2=0.830848 NMSE=0.169152 NP=0.911821 blind_NP=0.896500 PS-NP_gain=0.015321 shuffled_R2=-0.025037 shuffled_NP=0.005333
ALIGN ego[04] partner[01] R2=0.785295 NMSE=0.214705 NP=0.883994 blind_NP=0.851978 PS-NP_gain=0.032016 shuffled_R2=-0.017042 shuffled_NP=0.004393
ALIGN ego[04] partner[02] R2=0.721919 NMSE=0.278081 NP=0.863411 blind_NP=0.846206 PS-NP_gain=0.017205 shuffled_R2=-0.036864 shuffled_NP=0.002162
ALIGN ego[04] partner[03] R2=0.754175 NMSE=0.245825 NP=0.880052 blind_NP=0.821313 PS-NP_gain=0.058740 shuffled_R2=-0.048949 shuffled_NP=0.001091
ALIGN ego[04] partner[04] R2=0.882837 NMSE=0.117163 NP=0.938911 blind_NP=0.925676 PS-NP_gain=0.013235 shuffled_R2=-0.014545 shuffled_NP=0.003609
Average ego-to-partner alignment R2: 0.830857 +- 0.015563 SE over 25 ego-partner pairs
Average alignment normalized MSE: 0.169143 +- 0.015563 SE
Average shuffled-control alignment R2: -0.023389 +- 0.002324 SE
Average neural predictivity: 0.914131 +- 0.006812 SE
Average blind-control neural predictivity: 0.899704 +- 0.007579 SE
Average PS-NP gain: 0.014427 +- 0.002723 SE
Average shuffled-control neural predictivity: 0.003158 +- 0.000257 SE
Saved alignment results to zsc_results/ph2v4_ablate/coord_ring
Evaluating ZSC for method=lmpred_ema, layout=cramped_room5x5, prefix=checkpoints/lmpred_ema/, result_name=lmpred_ema, perspective_transform=true
Importing submoduled environments...
Submoduled environments imported successfully.
LOADED: checkpoints/lmpred_ema/cramped_room5x5/baseline_seed_0_step_220.msgpack
LOADED: checkpoints/lmpred_ema/cramped_room5x5/baseline_seed_1_step_220.msgpack
LOADED: checkpoints/lmpred_ema/cramped_room5x5/baseline_seed_2_step_220.msgpack
LOADED: checkpoints/lmpred_ema/cramped_room5x5/baseline_seed_3_step_220.msgpack
LOADED: checkpoints/lmpred_ema/cramped_room5x5/baseline_seed_4_step_220.msgpack
ZSC[00, 00] = 199.473
ZSC[00, 01] = 223.869
ZSC[00, 02] = 197.586
ZSC[00, 03] = 223.152
ZSC[00, 04] = 227.708
ZSC[01, 00] = 223.462
ZSC[01, 01] = 230.420
ZSC[01, 02] = 227.503
ZSC[01, 03] = 243.248
ZSC[01, 04] = 164.127
ZSC[02, 00] = 196.652
ZSC[02, 01] = 226.597
ZSC[02, 02] = 235.764
ZSC[02, 03] = 232.706
ZSC[02, 04] = 199.342
ZSC[03, 00] = 221.575
ZSC[03, 01] = 243.478
ZSC[03, 02] = 232.353
ZSC[03, 03] = 247.003
ZSC[03, 04] = 229.948
ZSC[04, 00] = 227.944
ZSC[04, 01] = 164.720
ZSC[04, 02] = 198.966
ZSC[04, 03] = 229.644
ZSC[04, 04] = 236.266
Average SP performance (diagonal/self-copy): 229.785 +- 8.042 SE over 5 pairs
Average XP performance (off-diagonal/excluding self): 216.729 +- 5.063 SE over 20 ordered pairs
Saved ZSC results to zsc_results/lmpred_ema/cramped_room5x5
Saved ZSC heatmap to zsc_results/lmpred_ema/cramped_room5x5/xp_matrix.png
Using alignment rollout scale: ALIGN_PAIR_BATCH_SIZE=1, ALIGN_EVAL_NUM_EPISODES=128, ALIGN_EVAL_NUM_STEPS=400
ALIGN ego[00] partner[00] R2=0.922948 NMSE=0.077052 NP=0.960585 blind_NP=0.954839 PS-NP_gain=0.005746 shuffled_R2=-0.015892 shuffled_NP=0.002764
ALIGN ego[00] partner[01] R2=0.858999 NMSE=0.141001 NP=0.932096 blind_NP=0.911635 PS-NP_gain=0.020462 shuffled_R2=-0.031889 shuffled_NP=0.002735
ALIGN ego[00] partner[02] R2=0.886691 NMSE=0.113309 NP=0.945023 blind_NP=0.917695 PS-NP_gain=0.027328 shuffled_R2=-0.023262 shuffled_NP=0.006176
ALIGN ego[00] partner[03] R2=0.925909 NMSE=0.074091 NP=0.961808 blind_NP=0.958487 PS-NP_gain=0.003321 shuffled_R2=-0.021843 shuffled_NP=0.006474
ALIGN ego[00] partner[04] R2=0.915895 NMSE=0.084105 NP=0.956712 blind_NP=0.948951 PS-NP_gain=0.007760 shuffled_R2=-0.022736 shuffled_NP=0.001437
ALIGN ego[01] partner[00] R2=0.918464 NMSE=0.081536 NP=0.958361 blind_NP=0.952516 PS-NP_gain=0.005845 shuffled_R2=-0.016108 shuffled_NP=0.004724
ALIGN ego[01] partner[01] R2=0.936736 NMSE=0.063264 NP=0.967744 blind_NP=0.963398 PS-NP_gain=0.004346 shuffled_R2=-0.017749 shuffled_NP=0.002970
ALIGN ego[01] partner[02] R2=0.924619 NMSE=0.075381 NP=0.960776 blind_NP=0.950335 PS-NP_gain=0.010441 shuffled_R2=-0.018127 shuffled_NP=0.003056
ALIGN ego[01] partner[03] R2=0.934071 NMSE=0.065929 NP=0.966383 blind_NP=0.961764 PS-NP_gain=0.004619 shuffled_R2=-0.019590 shuffled_NP=0.003829
ALIGN ego[01] partner[04] R2=0.829202 NMSE=0.170798 NP=0.915388 blind_NP=0.909450 PS-NP_gain=0.005938 shuffled_R2=-0.049766 shuffled_NP=0.003172
ALIGN ego[02] partner[00] R2=0.928176 NMSE=0.071824 NP=0.962530 blind_NP=0.951423 PS-NP_gain=0.011107 shuffled_R2=-0.023398 shuffled_NP=0.002267
ALIGN ego[02] partner[01] R2=0.880079 NMSE=0.119921 NP=0.941532 blind_NP=0.939563 PS-NP_gain=0.001969 shuffled_R2=-0.026107 shuffled_NP=0.003050
ALIGN ego[02] partner[02] R2=0.941653 NMSE=0.058347 NP=0.970067 blind_NP=0.959078 PS-NP_gain=0.010989 shuffled_R2=-0.017829 shuffled_NP=0.003766
ALIGN ego[02] partner[03] R2=0.952587 NMSE=0.047413 NP=0.976084 blind_NP=0.962515 PS-NP_gain=0.013569 shuffled_R2=-0.025394 shuffled_NP=0.001524
ALIGN ego[02] partner[04] R2=0.947596 NMSE=0.052404 NP=0.972533 blind_NP=0.963831 PS-NP_gain=0.008701 shuffled_R2=-0.014764 shuffled_NP=0.003237
ALIGN ego[03] partner[00] R2=0.927625 NMSE=0.072375 NP=0.963081 blind_NP=0.958540 PS-NP_gain=0.004541 shuffled_R2=-0.017917 shuffled_NP=0.002694
ALIGN ego[03] partner[01] R2=0.933265 NMSE=0.066735 NP=0.965801 blind_NP=0.958957 PS-NP_gain=0.006844 shuffled_R2=-0.018823 shuffled_NP=0.002671
ALIGN ego[03] partner[02] R2=0.944056 NMSE=0.055944 NP=0.971670 blind_NP=0.966715 PS-NP_gain=0.004956 shuffled_R2=-0.019014 shuffled_NP=0.004822
ALIGN ego[03] partner[03] R2=0.963899 NMSE=0.036101 NP=0.981621 blind_NP=0.977503 PS-NP_gain=0.004118 shuffled_R2=-0.015427 shuffled_NP=0.003077
ALIGN ego[03] partner[04] R2=0.922816 NMSE=0.077184 NP=0.960408 blind_NP=0.958043 PS-NP_gain=0.002365 shuffled_R2=-0.019565 shuffled_NP=0.004364
ALIGN ego[04] partner[00] R2=0.942850 NMSE=0.057150 NP=0.970982 blind_NP=0.960405 PS-NP_gain=0.010578 shuffled_R2=-0.015973 shuffled_NP=0.001781
ALIGN ego[04] partner[01] R2=0.924610 NMSE=0.075390 NP=0.961249 blind_NP=0.945201 PS-NP_gain=0.016048 shuffled_R2=-0.019291 shuffled_NP=0.004654
ALIGN ego[04] partner[02] R2=0.922310 NMSE=0.077690 NP=0.960131 blind_NP=0.938751 PS-NP_gain=0.021380 shuffled_R2=-0.021412 shuffled_NP=0.001485
ALIGN ego[04] partner[03] R2=0.950435 NMSE=0.049565 NP=0.974568 blind_NP=0.962146 PS-NP_gain=0.012422 shuffled_R2=-0.017773 shuffled_NP=0.001992
ALIGN ego[04] partner[04] R2=0.940316 NMSE=0.059684 NP=0.969254 blind_NP=0.960148 PS-NP_gain=0.009106 shuffled_R2=-0.016638 shuffled_NP=0.001642
Average ego-to-partner alignment R2: 0.923032 +- 0.006055 SE over 25 ego-partner pairs
Average alignment normalized MSE: 0.076968 +- 0.006055 SE
Average shuffled-control alignment R2: -0.021052 +- 0.001435 SE
Average neural predictivity: 0.961055 +- 0.002891 SE
Average blind-control neural predictivity: 0.951676 +- 0.003370 SE
Average PS-NP gain: 0.009380 +- 0.001275 SE
Average shuffled-control neural predictivity: 0.003215 +- 0.000275 SE
Saved alignment results to zsc_results/lmpred_ema/cramped_room5x5
Evaluating ZSC for method=lmpred_ema, layout=counter_circuit, prefix=checkpoints/lmpred_ema/, result_name=lmpred_ema, perspective_transform=true
Importing submoduled environments...
Submoduled environments imported successfully.
LOADED: checkpoints/lmpred_ema/counter_circuit/baseline_seed_0_step_380.msgpack
LOADED: checkpoints/lmpred_ema/counter_circuit/baseline_seed_1_step_380.msgpack
LOADED: checkpoints/lmpred_ema/counter_circuit/baseline_seed_2_step_380.msgpack
LOADED: checkpoints/lmpred_ema/counter_circuit/baseline_seed_3_step_380.msgpack
LOADED: checkpoints/lmpred_ema/counter_circuit/baseline_seed_4_step_380.msgpack
ZSC[00, 00] = 223.905
ZSC[00, 01] = 140.455
ZSC[00, 02] = 190.363
ZSC[00, 03] = 231.433
ZSC[00, 04] = 205.766
ZSC[01, 00] = 140.178
ZSC[01, 01] = 197.712
ZSC[01, 02] = 124.283
ZSC[01, 03] = 180.127
ZSC[01, 04] = 126.659
ZSC[02, 00] = 187.614
ZSC[02, 01] = 116.166
ZSC[02, 02] = 241.205
ZSC[02, 03] = 211.966
ZSC[02, 04] = 195.955
ZSC[03, 00] = 232.766
ZSC[03, 01] = 182.147
ZSC[03, 02] = 217.461
ZSC[03, 03] = 261.728
ZSC[03, 04] = 188.073
ZSC[04, 00] = 205.995
ZSC[04, 01] = 122.766
ZSC[04, 02] = 196.787
ZSC[04, 03] = 189.738
ZSC[04, 04] = 204.405
Average SP performance (diagonal/self-copy): 225.791 +- 11.786 SE over 5 pairs
Average XP performance (off-diagonal/excluding self): 179.335 +- 8.351 SE over 20 ordered pairs
Saved ZSC results to zsc_results/lmpred_ema/counter_circuit
Saved ZSC heatmap to zsc_results/lmpred_ema/counter_circuit/xp_matrix.png
Using alignment rollout scale: ALIGN_PAIR_BATCH_SIZE=1, ALIGN_EVAL_NUM_EPISODES=128, ALIGN_EVAL_NUM_STEPS=400
ALIGN ego[00] partner[00] R2=0.819177 NMSE=0.180823 NP=0.904099 blind_NP=0.874758 PS-NP_gain=0.029341 shuffled_R2=-0.020274 shuffled_NP=0.002226
ALIGN ego[00] partner[01] R2=0.850302 NMSE=0.149698 NP=0.920252 blind_NP=0.904410 PS-NP_gain=0.015842 shuffled_R2=-0.016661 shuffled_NP=0.002622
ALIGN ego[00] partner[02] R2=0.792581 NMSE=0.207419 NP=0.894341 blind_NP=0.881819 PS-NP_gain=0.012521 shuffled_R2=-0.035197 shuffled_NP=0.004137
ALIGN ego[00] partner[03] R2=0.773342 NMSE=0.226658 NP=0.879903 blind_NP=0.839174 PS-NP_gain=0.040729 shuffled_R2=-0.026414 shuffled_NP=0.003017
ALIGN ego[00] partner[04] R2=0.840187 NMSE=0.159813 NP=0.918864 blind_NP=0.868538 PS-NP_gain=0.050326 shuffled_R2=-0.026201 shuffled_NP=0.003302
ALIGN ego[01] partner[00] R2=0.835179 NMSE=0.164821 NP=0.912646 blind_NP=0.877271 PS-NP_gain=0.035375 shuffled_R2=-0.017410 shuffled_NP=0.004022
ALIGN ego[01] partner[01] R2=0.847357 NMSE=0.152643 NP=0.919032 blind_NP=0.899646 PS-NP_gain=0.019386 shuffled_R2=-0.015068 shuffled_NP=0.004171
ALIGN ego[01] partner[02] R2=0.846158 NMSE=0.153842 NP=0.918784 blind_NP=0.896802 PS-NP_gain=0.021982 shuffled_R2=-0.015355 shuffled_NP=0.004500
ALIGN ego[01] partner[03] R2=0.875913 NMSE=0.124087 NP=0.934792 blind_NP=0.920694 PS-NP_gain=0.014098 shuffled_R2=-0.013377 shuffled_NP=0.004567
ALIGN ego[01] partner[04] R2=0.869290 NMSE=0.130710 NP=0.932101 blind_NP=0.909829 PS-NP_gain=0.022273 shuffled_R2=-0.020259 shuffled_NP=0.004078
ALIGN ego[02] partner[00] R2=0.846790 NMSE=0.153210 NP=0.918791 blind_NP=0.898569 PS-NP_gain=0.020222 shuffled_R2=-0.021206 shuffled_NP=0.002059
ALIGN ego[02] partner[01] R2=0.858036 NMSE=0.141964 NP=0.923471 blind_NP=0.904386 PS-NP_gain=0.019086 shuffled_R2=-0.014660 shuffled_NP=0.004769
ALIGN ego[02] partner[02] R2=0.847421 NMSE=0.152579 NP=0.920396 blind_NP=0.903529 PS-NP_gain=0.016867 shuffled_R2=-0.018299 shuffled_NP=0.003180
ALIGN ego[02] partner[03] R2=0.814215 NMSE=0.185785 NP=0.900178 blind_NP=0.869193 PS-NP_gain=0.030986 shuffled_R2=-0.015806 shuffled_NP=0.003652
ALIGN ego[02] partner[04] R2=0.881695 NMSE=0.118305 NP=0.939100 blind_NP=0.922021 PS-NP_gain=0.017079 shuffled_R2=-0.015879 shuffled_NP=0.002792
ALIGN ego[03] partner[00] R2=0.806863 NMSE=0.193137 NP=0.898095 blind_NP=0.865431 PS-NP_gain=0.032664 shuffled_R2=-0.021533 shuffled_NP=0.002215
ALIGN ego[03] partner[01] R2=0.853714 NMSE=0.146286 NP=0.922960 blind_NP=0.905205 PS-NP_gain=0.017755 shuffled_R2=-0.017279 shuffled_NP=0.003723
ALIGN ego[03] partner[02] R2=0.850531 NMSE=0.149469 NP=0.920924 blind_NP=0.895600 PS-NP_gain=0.025323 shuffled_R2=-0.014743 shuffled_NP=0.004964
ALIGN ego[03] partner[03] R2=0.859565 NMSE=0.140435 NP=0.925393 blind_NP=0.900444 PS-NP_gain=0.024949 shuffled_R2=-0.015343 shuffled_NP=0.003366
ALIGN ego[03] partner[04] R2=0.852848 NMSE=0.147152 NP=0.922502 blind_NP=0.900717 PS-NP_gain=0.021785 shuffled_R2=-0.015382 shuffled_NP=0.004947
ALIGN ego[04] partner[00] R2=0.826279 NMSE=0.173721 NP=0.909298 blind_NP=0.888892 PS-NP_gain=0.020406 shuffled_R2=-0.020710 shuffled_NP=0.002087
ALIGN ego[04] partner[01] R2=0.874182 NMSE=0.125818 NP=0.933659 blind_NP=0.920497 PS-NP_gain=0.013162 shuffled_R2=-0.013514 shuffled_NP=0.004961
ALIGN ego[04] partner[02] R2=0.872139 NMSE=0.127861 NP=0.932674 blind_NP=0.916538 PS-NP_gain=0.016136 shuffled_R2=-0.014256 shuffled_NP=0.003581
ALIGN ego[04] partner[03] R2=0.792361 NMSE=0.207639 NP=0.890270 blind_NP=0.854620 PS-NP_gain=0.035651 shuffled_R2=-0.023323 shuffled_NP=0.002600
ALIGN ego[04] partner[04] R2=0.860952 NMSE=0.139048 NP=0.926798 blind_NP=0.907942 PS-NP_gain=0.018856 shuffled_R2=-0.014961 shuffled_NP=0.005718
Average ego-to-partner alignment R2: 0.841883 +- 0.005668 SE over 25 ego-partner pairs
Average alignment normalized MSE: 0.158117 +- 0.005668 SE
Average shuffled-control alignment R2: -0.018524 +- 0.001020 SE
Average neural predictivity: 0.916773 +- 0.002992 SE
Average blind-control neural predictivity: 0.893061 +- 0.004316 SE
Average PS-NP gain: 0.023712 +- 0.001878 SE
Average shuffled-control neural predictivity: 0.003650 +- 0.000208 SE
Saved alignment results to zsc_results/lmpred_ema/counter_circuit
Evaluating ZSC for method=lmpred_ema, layout=coord_ring, prefix=checkpoints/lmpred_ema/, result_name=lmpred_ema, perspective_transform=true
Importing submoduled environments...
Submoduled environments imported successfully.
LOADED: checkpoints/lmpred_ema/coord_ring/baseline_seed_0_step_220.msgpack
LOADED: checkpoints/lmpred_ema/coord_ring/baseline_seed_1_step_220.msgpack
LOADED: checkpoints/lmpred_ema/coord_ring/baseline_seed_2_step_220.msgpack
LOADED: checkpoints/lmpred_ema/coord_ring/baseline_seed_3_step_220.msgpack
LOADED: checkpoints/lmpred_ema/coord_ring/baseline_seed_4_step_220.msgpack
ZSC[00, 00] = 314.055
ZSC[00, 01] = 298.541
ZSC[00, 02] = 284.411
ZSC[00, 03] = 228.212
ZSC[00, 04] = 280.578
ZSC[01, 00] = 298.961
ZSC[01, 01] = 290.209
ZSC[01, 02] = 282.172
ZSC[01, 03] = 213.258
ZSC[01, 04] = 266.591
ZSC[02, 00] = 284.512
ZSC[02, 01] = 282.442
ZSC[02, 02] = 286.244
ZSC[02, 03] = 114.450
ZSC[02, 04] = 287.720
ZSC[03, 00] = 228.136
ZSC[03, 01] = 213.341
ZSC[03, 02] = 114.778
ZSC[03, 03] = 319.914
ZSC[03, 04] = 208.322
ZSC[04, 00] = 280.059
ZSC[04, 01] = 266.519
ZSC[04, 02] = 287.605
ZSC[04, 03] = 208.436
ZSC[04, 04] = 293.084
Average SP performance (diagonal/self-copy): 300.701 +- 6.799 SE over 5 pairs
Average XP performance (off-diagonal/excluding self): 246.452 +- 12.350 SE over 20 ordered pairs
Saved ZSC results to zsc_results/lmpred_ema/coord_ring
Saved ZSC heatmap to zsc_results/lmpred_ema/coord_ring/xp_matrix.png
Using alignment rollout scale: ALIGN_PAIR_BATCH_SIZE=1, ALIGN_EVAL_NUM_EPISODES=128, ALIGN_EVAL_NUM_STEPS=400
ALIGN ego[00] partner[00] R2=0.863794 NMSE=0.136206 NP=0.933114 blind_NP=0.916503 PS-NP_gain=0.016611 shuffled_R2=-0.026549 shuffled_NP=0.003531
ALIGN ego[00] partner[01] R2=0.846808 NMSE=0.153192 NP=0.919583 blind_NP=0.911622 PS-NP_gain=0.007961 shuffled_R2=-0.022730 shuffled_NP=0.003241
ALIGN ego[00] partner[02] R2=0.901131 NMSE=0.098869 NP=0.948613 blind_NP=0.933554 PS-NP_gain=0.015058 shuffled_R2=-0.015378 shuffled_NP=0.002607
ALIGN ego[00] partner[03] R2=0.869770 NMSE=0.130230 NP=0.932640 blind_NP=0.915690 PS-NP_gain=0.016950 shuffled_R2=-0.014116 shuffled_NP=0.003914
ALIGN ego[00] partner[04] R2=0.850408 NMSE=0.149592 NP=0.919470 blind_NP=0.907649 PS-NP_gain=0.011821 shuffled_R2=-0.015769 shuffled_NP=0.002278
ALIGN ego[01] partner[00] R2=0.889000 NMSE=0.111000 NP=0.942319 blind_NP=0.923047 PS-NP_gain=0.019271 shuffled_R2=-0.016457 shuffled_NP=0.002857
ALIGN ego[01] partner[01] R2=0.849557 NMSE=0.150443 NP=0.919341 blind_NP=0.903330 PS-NP_gain=0.016011 shuffled_R2=-0.014308 shuffled_NP=0.003838
ALIGN ego[01] partner[02] R2=0.808181 NMSE=0.191819 NP=0.899084 blind_NP=0.869789 PS-NP_gain=0.029295 shuffled_R2=-0.024439 shuffled_NP=0.001991
ALIGN ego[01] partner[03] R2=0.819949 NMSE=0.180051 NP=0.905947 blind_NP=0.879988 PS-NP_gain=0.025960 shuffled_R2=-0.017417 shuffled_NP=0.003710
ALIGN ego[01] partner[04] R2=0.822006 NMSE=0.177994 NP=0.904844 blind_NP=0.891606 PS-NP_gain=0.013238 shuffled_R2=-0.015078 shuffled_NP=0.004183
ALIGN ego[02] partner[00] R2=0.876396 NMSE=0.123604 NP=0.935048 blind_NP=0.930162 PS-NP_gain=0.004886 shuffled_R2=-0.014590 shuffled_NP=0.004326
ALIGN ego[02] partner[01] R2=0.850157 NMSE=0.149843 NP=0.920420 blind_NP=0.907429 PS-NP_gain=0.012991 shuffled_R2=-0.014892 shuffled_NP=0.003481
ALIGN ego[02] partner[02] R2=0.864916 NMSE=0.135084 NP=0.927941 blind_NP=0.909248 PS-NP_gain=0.018693 shuffled_R2=-0.016532 shuffled_NP=0.001983
ALIGN ego[02] partner[03] R2=0.867916 NMSE=0.132084 NP=0.930913 blind_NP=0.916790 PS-NP_gain=0.014123 shuffled_R2=-0.015988 shuffled_NP=0.004291
ALIGN ego[02] partner[04] R2=0.842041 NMSE=0.157959 NP=0.916737 blind_NP=0.903755 PS-NP_gain=0.012983 shuffled_R2=-0.018250 shuffled_NP=0.003069
ALIGN ego[03] partner[00] R2=0.867757 NMSE=0.132243 NP=0.929469 blind_NP=0.914292 PS-NP_gain=0.015177 shuffled_R2=-0.013854 shuffled_NP=0.004926
ALIGN ego[03] partner[01] R2=0.843929 NMSE=0.156071 NP=0.916651 blind_NP=0.893874 PS-NP_gain=0.022776 shuffled_R2=-0.017569 shuffled_NP=0.002620
ALIGN ego[03] partner[02] R2=0.879338 NMSE=0.120662 NP=0.937035 blind_NP=0.899473 PS-NP_gain=0.037562 shuffled_R2=-0.014895 shuffled_NP=0.003830
ALIGN ego[03] partner[03] R2=0.852745 NMSE=0.147255 NP=0.926269 blind_NP=0.921303 PS-NP_gain=0.004966 shuffled_R2=-0.020487 shuffled_NP=0.003376
ALIGN ego[03] partner[04] R2=0.897294 NMSE=0.102706 NP=0.946272 blind_NP=0.939557 PS-NP_gain=0.006714 shuffled_R2=-0.015498 shuffled_NP=0.001349
ALIGN ego[04] partner[00] R2=0.857776 NMSE=0.142224 NP=0.924296 blind_NP=0.893114 PS-NP_gain=0.031182 shuffled_R2=-0.015757 shuffled_NP=0.002706
ALIGN ego[04] partner[01] R2=0.859867 NMSE=0.140133 NP=0.926475 blind_NP=0.899172 PS-NP_gain=0.027303 shuffled_R2=-0.017500 shuffled_NP=0.003489
ALIGN ego[04] partner[02] R2=0.828983 NMSE=0.171017 NP=0.912408 blind_NP=0.884530 PS-NP_gain=0.027878 shuffled_R2=-0.018608 shuffled_NP=0.002016
ALIGN ego[04] partner[03] R2=0.886771 NMSE=0.113229 NP=0.940917 blind_NP=0.918762 PS-NP_gain=0.022155 shuffled_R2=-0.015096 shuffled_NP=0.003771
ALIGN ego[04] partner[04] R2=0.809691 NMSE=0.190309 NP=0.898029 blind_NP=0.859077 PS-NP_gain=0.038952 shuffled_R2=-0.023695 shuffled_NP=0.003289
Average ego-to-partner alignment R2: 0.856247 +- 0.005087 SE over 25 ego-partner pairs
Average alignment normalized MSE: 0.143753 +- 0.005087 SE
Average shuffled-control alignment R2: -0.017418 +- 0.000700 SE
Average neural predictivity: 0.924553 +- 0.002761 SE
Average blind-control neural predictivity: 0.905733 +- 0.003844 SE
Average PS-NP gain: 0.018821 +- 0.001878 SE
Average shuffled-control neural predictivity: 0.003227 +- 0.000175 SE
Saved alignment results to zsc_results/lmpred_ema/coord_ring
Evaluating ZSC for method=lmpred_ema_ablate, layout=cramped_room5x5, prefix=checkpoints/lmpred_ema_ablate/, result_name=lmpred_ema_ablate, perspective_transform=false
Importing submoduled environments...
Submoduled environments imported successfully.
LOADED: checkpoints/lmpred_ema_ablate/cramped_room5x5/baseline_seed_0_step_220.msgpack
LOADED: checkpoints/lmpred_ema_ablate/cramped_room5x5/baseline_seed_1_step_220.msgpack
LOADED: checkpoints/lmpred_ema_ablate/cramped_room5x5/baseline_seed_2_step_220.msgpack
LOADED: checkpoints/lmpred_ema_ablate/cramped_room5x5/baseline_seed_3_step_220.msgpack
LOADED: checkpoints/lmpred_ema_ablate/cramped_room5x5/baseline_seed_4_step_220.msgpack
ZSC[00, 00] = 238.892
ZSC[00, 01] = 189.159
ZSC[00, 02] = 220.594
ZSC[00, 03] = 236.895
ZSC[00, 04] = 227.103
ZSC[01, 00] = 188.731
ZSC[01, 01] = 234.420
ZSC[01, 02] = 205.180
ZSC[01, 03] = 226.220
ZSC[01, 04] = 215.331
ZSC[02, 00] = 220.930
ZSC[02, 01] = 206.559
ZSC[02, 02] = 220.836
ZSC[02, 03] = 234.072
ZSC[02, 04] = 227.231
ZSC[03, 00] = 236.817
ZSC[03, 01] = 225.258
ZSC[03, 02] = 233.761
ZSC[03, 03] = 234.880
ZSC[03, 04] = 233.258
ZSC[04, 00] = 226.934
ZSC[04, 01] = 215.717
ZSC[04, 02] = 227.262
ZSC[04, 03] = 233.269
ZSC[04, 04] = 233.450
Average SP performance (diagonal/self-copy): 232.496 +- 3.059 SE over 5 pairs
Average XP performance (off-diagonal/excluding self): 221.514 +- 3.204 SE over 20 ordered pairs
Saved ZSC results to zsc_results/lmpred_ema_ablate/cramped_room5x5
Saved ZSC heatmap to zsc_results/lmpred_ema_ablate/cramped_room5x5/xp_matrix.png
Using alignment rollout scale: ALIGN_PAIR_BATCH_SIZE=1, ALIGN_EVAL_NUM_EPISODES=128, ALIGN_EVAL_NUM_STEPS=400
ALIGN ego[00] partner[00] R2=0.919958 NMSE=0.080042 NP=0.959064 blind_NP=0.953129 PS-NP_gain=0.005935 shuffled_R2=-0.015913 shuffled_NP=0.003350
ALIGN ego[00] partner[01] R2=0.699927 NMSE=0.300073 NP=0.875867 blind_NP=0.883442 PS-NP_gain=-0.007575 shuffled_R2=-0.069917 shuffled_NP=0.003843
ALIGN ego[00] partner[02] R2=0.930494 NMSE=0.069506 NP=0.963597 blind_NP=0.955954 PS-NP_gain=0.007643 shuffled_R2=-0.016355 shuffled_NP=0.002771
ALIGN ego[00] partner[03] R2=0.932532 NMSE=0.067468 NP=0.965243 blind_NP=0.959234 PS-NP_gain=0.006009 shuffled_R2=-0.016265 shuffled_NP=0.001869
ALIGN ego[00] partner[04] R2=0.928551 NMSE=0.071449 NP=0.963371 blind_NP=0.959335 PS-NP_gain=0.004036 shuffled_R2=-0.013890 shuffled_NP=0.004726
ALIGN ego[01] partner[00] R2=0.920383 NMSE=0.079617 NP=0.958716 blind_NP=0.948739 PS-NP_gain=0.009977 shuffled_R2=-0.020862 shuffled_NP=0.004229
ALIGN ego[01] partner[01] R2=0.935035 NMSE=0.064965 NP=0.966562 blind_NP=0.963128 PS-NP_gain=0.003435 shuffled_R2=-0.016071 shuffled_NP=0.001743
ALIGN ego[01] partner[02] R2=0.902855 NMSE=0.097145 NP=0.949752 blind_NP=0.943868 PS-NP_gain=0.005884 shuffled_R2=-0.019003 shuffled_NP=0.003093
ALIGN ego[01] partner[03] R2=0.904670 NMSE=0.095330 NP=0.951363 blind_NP=0.941034 PS-NP_gain=0.010329 shuffled_R2=-0.022625 shuffled_NP=0.001762
ALIGN ego[01] partner[04] R2=0.939625 NMSE=0.060375 NP=0.968928 blind_NP=0.960946 PS-NP_gain=0.007982 shuffled_R2=-0.015827 shuffled_NP=0.003008
ALIGN ego[02] partner[00] R2=0.923895 NMSE=0.076105 NP=0.960852 blind_NP=0.953403 PS-NP_gain=0.007449 shuffled_R2=-0.018988 shuffled_NP=0.003040
ALIGN ego[02] partner[01] R2=0.940666 NMSE=0.059334 NP=0.969512 blind_NP=0.962782 PS-NP_gain=0.006730 shuffled_R2=-0.015971 shuffled_NP=0.001888
ALIGN ego[02] partner[02] R2=0.912352 NMSE=0.087648 NP=0.955334 blind_NP=0.949323 PS-NP_gain=0.006011 shuffled_R2=-0.027305 shuffled_NP=0.004727
ALIGN ego[02] partner[03] R2=0.931862 NMSE=0.068138 NP=0.964828 blind_NP=0.958474 PS-NP_gain=0.006354 shuffled_R2=-0.017736 shuffled_NP=0.003479
ALIGN ego[02] partner[04] R2=0.912306 NMSE=0.087694 NP=0.955065 blind_NP=0.948898 PS-NP_gain=0.006167 shuffled_R2=-0.019979 shuffled_NP=0.001310
ALIGN ego[03] partner[00] R2=0.929536 NMSE=0.070464 NP=0.964107 blind_NP=0.954763 PS-NP_gain=0.009344 shuffled_R2=-0.017730 shuffled_NP=0.002806
ALIGN ego[03] partner[01] R2=0.918576 NMSE=0.081424 NP=0.957955 blind_NP=0.949511 PS-NP_gain=0.008444 shuffled_R2=-0.017135 shuffled_NP=0.001804
ALIGN ego[03] partner[02] R2=0.925887 NMSE=0.074113 NP=0.962223 blind_NP=0.956721 PS-NP_gain=0.005502 shuffled_R2=-0.017864 shuffled_NP=0.001909
ALIGN ego[03] partner[03] R2=0.948515 NMSE=0.051485 NP=0.973786 blind_NP=0.966865 PS-NP_gain=0.006921 shuffled_R2=-0.017254 shuffled_NP=0.001959
ALIGN ego[03] partner[04] R2=0.913493 NMSE=0.086507 NP=0.955340 blind_NP=0.946353 PS-NP_gain=0.008987 shuffled_R2=-0.016211 shuffled_NP=0.002451
ALIGN ego[04] partner[00] R2=0.907110 NMSE=0.092890 NP=0.953122 blind_NP=0.940575 PS-NP_gain=0.012547 shuffled_R2=-0.020883 shuffled_NP=0.005629
ALIGN ego[04] partner[01] R2=0.912041 NMSE=0.087959 NP=0.954592 blind_NP=0.946786 PS-NP_gain=0.007807 shuffled_R2=-0.016614 shuffled_NP=0.003730
ALIGN ego[04] partner[02] R2=0.818969 NMSE=0.181031 NP=0.916948 blind_NP=0.905075 PS-NP_gain=0.011873 shuffled_R2=-0.033542 shuffled_NP=0.001868
ALIGN ego[04] partner[03] R2=0.926388 NMSE=0.073612 NP=0.961933 blind_NP=0.953463 PS-NP_gain=0.008470 shuffled_R2=-0.015689 shuffled_NP=0.001620
ALIGN ego[04] partner[04] R2=0.922083 NMSE=0.077917 NP=0.960704 blind_NP=0.951625 PS-NP_gain=0.009079 shuffled_R2=-0.018847 shuffled_NP=0.002830
Average ego-to-partner alignment R2: 0.910308 +- 0.009977 SE over 25 ego-partner pairs
Average alignment normalized MSE: 0.089692 +- 0.009977 SE
Average shuffled-control alignment R2: -0.020739 +- 0.002211 SE
Average neural predictivity: 0.955551 +- 0.003931 SE
Average blind-control neural predictivity: 0.948537 +- 0.003594 SE
Average PS-NP gain: 0.007014 +- 0.000749 SE
Average shuffled-control neural predictivity: 0.002858 +- 0.000228 SE
Saved alignment results to zsc_results/lmpred_ema_ablate/cramped_room5x5
Evaluating ZSC for method=lmpred_ema_ablate, layout=counter_circuit, prefix=checkpoints/lmpred_ema_ablate/, result_name=lmpred_ema_ablate, perspective_transform=false
Importing submoduled environments...
Submoduled environments imported successfully.
LOADED: checkpoints/lmpred_ema_ablate/counter_circuit/baseline_seed_0_step_380.msgpack
LOADED: checkpoints/lmpred_ema_ablate/counter_circuit/baseline_seed_1_step_380.msgpack
LOADED: checkpoints/lmpred_ema_ablate/counter_circuit/baseline_seed_2_step_380.msgpack
LOADED: checkpoints/lmpred_ema_ablate/counter_circuit/baseline_seed_3_step_380.msgpack
LOADED: checkpoints/lmpred_ema_ablate/counter_circuit/baseline_seed_4_step_380.msgpack
ZSC[00, 00] = 272.859
ZSC[00, 01] = 250.534
ZSC[00, 02] = 264.203
ZSC[00, 03] = 139.998
ZSC[00, 04] = 247.644
ZSC[01, 00] = 249.461
ZSC[01, 01] = 258.503
ZSC[01, 02] = 243.648
ZSC[01, 03] = 167.230
ZSC[01, 04] = 207.023
ZSC[02, 00] = 262.848
ZSC[02, 01] = 243.950
ZSC[02, 02] = 267.356
ZSC[02, 03] = 206.906
ZSC[02, 04] = 237.219
ZSC[03, 00] = 118.980
ZSC[03, 01] = 167.562
ZSC[03, 02] = 206.730
ZSC[03, 03] = 216.438
ZSC[03, 04] = 197.444
ZSC[04, 00] = 245.144
ZSC[04, 01] = 215.225
ZSC[04, 02] = 236.566
ZSC[04, 03] = 194.406
ZSC[04, 04] = 236.420
Average SP performance (diagonal/self-copy): 250.315 +- 10.503 SE over 5 pairs
Average XP performance (off-diagonal/excluding self): 215.136 +- 9.185 SE over 20 ordered pairs
Saved ZSC results to zsc_results/lmpred_ema_ablate/counter_circuit
Saved ZSC heatmap to zsc_results/lmpred_ema_ablate/counter_circuit/xp_matrix.png
Using alignment rollout scale: ALIGN_PAIR_BATCH_SIZE=1, ALIGN_EVAL_NUM_EPISODES=128, ALIGN_EVAL_NUM_STEPS=400
ALIGN ego[00] partner[00] R2=0.876091 NMSE=0.123909 NP=0.935612 blind_NP=0.928863 PS-NP_gain=0.006750 shuffled_R2=-0.016102 shuffled_NP=0.006369
ALIGN ego[00] partner[01] R2=0.847467 NMSE=0.152533 NP=0.918634 blind_NP=0.903119 PS-NP_gain=0.015515 shuffled_R2=-0.016070 shuffled_NP=0.004619
ALIGN ego[00] partner[02] R2=0.784460 NMSE=0.215540 NP=0.886441 blind_NP=0.865762 PS-NP_gain=0.020679 shuffled_R2=-0.022254 shuffled_NP=0.003005
ALIGN ego[00] partner[03] R2=0.786189 NMSE=0.213811 NP=0.885997 blind_NP=0.835854 PS-NP_gain=0.050143 shuffled_R2=-0.021006 shuffled_NP=0.002501
ALIGN ego[00] partner[04] R2=0.863813 NMSE=0.136187 NP=0.927891 blind_NP=0.915086 PS-NP_gain=0.012805 shuffled_R2=-0.015293 shuffled_NP=0.003425
ALIGN ego[01] partner[00] R2=0.829914 NMSE=0.170086 NP=0.909954 blind_NP=0.896477 PS-NP_gain=0.013477 shuffled_R2=-0.015822 shuffled_NP=0.003934
ALIGN ego[01] partner[01] R2=0.846358 NMSE=0.153642 NP=0.918936 blind_NP=0.904145 PS-NP_gain=0.014791 shuffled_R2=-0.017491 shuffled_NP=0.003740
ALIGN ego[01] partner[02] R2=0.834337 NMSE=0.165663 NP=0.913152 blind_NP=0.898017 PS-NP_gain=0.015135 shuffled_R2=-0.017711 shuffled_NP=0.005256
ALIGN ego[01] partner[03] R2=0.785207 NMSE=0.214793 NP=0.883548 blind_NP=0.830471 PS-NP_gain=0.053077 shuffled_R2=-0.015333 shuffled_NP=0.006324
ALIGN ego[01] partner[04] R2=0.807933 NMSE=0.192067 NP=0.896858 blind_NP=0.874355 PS-NP_gain=0.022504 shuffled_R2=-0.017189 shuffled_NP=0.004198
ALIGN ego[02] partner[00] R2=0.836712 NMSE=0.163288 NP=0.914742 blind_NP=0.891323 PS-NP_gain=0.023420 shuffled_R2=-0.016890 shuffled_NP=0.001535
ALIGN ego[02] partner[01] R2=0.852701 NMSE=0.147299 NP=0.922426 blind_NP=0.903077 PS-NP_gain=0.019349 shuffled_R2=-0.015700 shuffled_NP=0.004034
ALIGN ego[02] partner[02] R2=0.852684 NMSE=0.147316 NP=0.921393 blind_NP=0.901360 PS-NP_gain=0.020034 shuffled_R2=-0.014397 shuffled_NP=0.004910
ALIGN ego[02] partner[03] R2=0.786375 NMSE=0.213625 NP=0.885695 blind_NP=0.835417 PS-NP_gain=0.050278 shuffled_R2=-0.018021 shuffled_NP=0.002431
ALIGN ego[02] partner[04] R2=0.847827 NMSE=0.152173 NP=0.919805 blind_NP=0.888669 PS-NP_gain=0.031136 shuffled_R2=-0.017064 shuffled_NP=0.001440
ALIGN ego[03] partner[00] R2=0.804479 NMSE=0.195521 NP=0.897578 blind_NP=0.859217 PS-NP_gain=0.038362 shuffled_R2=-0.020480 shuffled_NP=0.002344
ALIGN ego[03] partner[01] R2=0.736603 NMSE=0.263397 NP=0.853439 blind_NP=0.825690 PS-NP_gain=0.027749 shuffled_R2=-0.016290 shuffled_NP=0.002281
ALIGN ego[03] partner[02] R2=0.784377 NMSE=0.215623 NP=0.882434 blind_NP=0.859476 PS-NP_gain=0.022957 shuffled_R2=-0.013538 shuffled_NP=0.006146
ALIGN ego[03] partner[03] R2=0.709651 NMSE=0.290349 NP=0.848884 blind_NP=0.800696 PS-NP_gain=0.048188 shuffled_R2=-0.025691 shuffled_NP=0.002326
ALIGN ego[03] partner[04] R2=0.806410 NMSE=0.193590 NP=0.895422 blind_NP=0.874676 PS-NP_gain=0.020746 shuffled_R2=-0.018014 shuffled_NP=0.003641
ALIGN ego[04] partner[00] R2=0.827243 NMSE=0.172757 NP=0.908909 blind_NP=0.892461 PS-NP_gain=0.016448 shuffled_R2=-0.019108 shuffled_NP=0.003404
ALIGN ego[04] partner[01] R2=0.727709 NMSE=0.272291 NP=0.860543 blind_NP=0.814827 PS-NP_gain=0.045716 shuffled_R2=-0.024123 shuffled_NP=0.001259
ALIGN ego[04] partner[02] R2=0.811163 NMSE=0.188837 NP=0.899021 blind_NP=0.877371 PS-NP_gain=0.021650 shuffled_R2=-0.015766 shuffled_NP=0.005369
ALIGN ego[04] partner[03] R2=0.834886 NMSE=0.165114 NP=0.912740 blind_NP=0.881049 PS-NP_gain=0.031691 shuffled_R2=-0.017822 shuffled_NP=0.001367
ALIGN ego[04] partner[04] R2=0.849014 NMSE=0.150986 NP=0.920818 blind_NP=0.899850 PS-NP_gain=0.020968 shuffled_R2=-0.018222 shuffled_NP=0.002128
Average ego-to-partner alignment R2: 0.813184 +- 0.008591 SE over 25 ego-partner pairs
Average alignment normalized MSE: 0.186816 +- 0.008591 SE
Average shuffled-control alignment R2: -0.017816 +- 0.000586 SE
Average neural predictivity: 0.900835 +- 0.004617 SE
Average blind-control neural predictivity: 0.874292 +- 0.006740 SE
Average PS-NP gain: 0.026543 +- 0.002692 SE
Average shuffled-control neural predictivity: 0.003520 +- 0.000317 SE
Saved alignment results to zsc_results/lmpred_ema_ablate/counter_circuit
Evaluating ZSC for method=lmpred_ema_ablate, layout=coord_ring, prefix=checkpoints/lmpred_ema_ablate/, result_name=lmpred_ema_ablate, perspective_transform=false
Importing submoduled environments...
Submoduled environments imported successfully.
LOADED: checkpoints/lmpred_ema_ablate/coord_ring/baseline_seed_0_step_220.msgpack
LOADED: checkpoints/lmpred_ema_ablate/coord_ring/baseline_seed_1_step_220.msgpack
LOADED: checkpoints/lmpred_ema_ablate/coord_ring/baseline_seed_2_step_220.msgpack
LOADED: checkpoints/lmpred_ema_ablate/coord_ring/baseline_seed_3_step_220.msgpack
LOADED: checkpoints/lmpred_ema_ablate/coord_ring/baseline_seed_4_step_220.msgpack
ZSC[00, 00] = 296.792
ZSC[00, 01] = 48.131
ZSC[00, 02] = 300.819
ZSC[00, 03] = 101.848
ZSC[00, 04] = 213.264
ZSC[01, 00] = 48.673
ZSC[01, 01] = 310.142
ZSC[01, 02] = 227.500
ZSC[01, 03] = 276.534
ZSC[01, 04] = 279.597
ZSC[02, 00] = 300.969
ZSC[02, 01] = 227.820
ZSC[02, 02] = 305.291
ZSC[02, 03] = 143.089
ZSC[02, 04] = 294.964
ZSC[03, 00] = 101.145
ZSC[03, 01] = 275.820
ZSC[03, 02] = 142.573
ZSC[03, 03] = 238.806
ZSC[03, 04] = 191.864
ZSC[04, 00] = 212.536
ZSC[04, 01] = 272.720
ZSC[04, 02] = 294.464
ZSC[04, 03] = 196.898
ZSC[04, 04] = 310.509
Average SP performance (diagonal/self-copy): 292.308 +- 13.602 SE over 5 pairs
Average XP performance (off-diagonal/excluding self): 207.562 +- 18.795 SE over 20 ordered pairs
Saved ZSC results to zsc_results/lmpred_ema_ablate/coord_ring
Saved ZSC heatmap to zsc_results/lmpred_ema_ablate/coord_ring/xp_matrix.png
Using alignment rollout scale: ALIGN_PAIR_BATCH_SIZE=1, ALIGN_EVAL_NUM_EPISODES=128, ALIGN_EVAL_NUM_STEPS=400
ALIGN ego[00] partner[00] R2=0.872818 NMSE=0.127182 NP=0.933676 blind_NP=0.922958 PS-NP_gain=0.010719 shuffled_R2=-0.015515 shuffled_NP=0.005601
ALIGN ego[00] partner[01] R2=0.873807 NMSE=0.126193 NP=0.935318 blind_NP=0.922151 PS-NP_gain=0.013167 shuffled_R2=-0.020398 shuffled_NP=0.001214
ALIGN ego[00] partner[02] R2=0.854410 NMSE=0.145590 NP=0.926692 blind_NP=0.924387 PS-NP_gain=0.002305 shuffled_R2=-0.022328 shuffled_NP=0.005380
ALIGN ego[00] partner[03] R2=0.832974 NMSE=0.167026 NP=0.912492 blind_NP=0.895743 PS-NP_gain=0.016750 shuffled_R2=-0.021280 shuffled_NP=0.000864
ALIGN ego[00] partner[04] R2=0.832651 NMSE=0.167349 NP=0.913581 blind_NP=0.902830 PS-NP_gain=0.010751 shuffled_R2=-0.015851 shuffled_NP=0.002856
ALIGN ego[01] partner[00] R2=0.907042 NMSE=0.092958 NP=0.949293 blind_NP=0.904353 PS-NP_gain=0.044941 shuffled_R2=-0.013409 shuffled_NP=0.006621
ALIGN ego[01] partner[01] R2=0.770938 NMSE=0.229062 NP=0.885550 blind_NP=0.891212 PS-NP_gain=-0.005662 shuffled_R2=-0.025288 shuffled_NP=0.002341
ALIGN ego[01] partner[02] R2=0.759194 NMSE=0.240806 NP=0.876158 blind_NP=0.841200 PS-NP_gain=0.034958 shuffled_R2=-0.024587 shuffled_NP=0.001865
ALIGN ego[01] partner[03] R2=0.852660 NMSE=0.147340 NP=0.922744 blind_NP=0.910954 PS-NP_gain=0.011789 shuffled_R2=-0.017865 shuffled_NP=0.002626
ALIGN ego[01] partner[04] R2=0.848960 NMSE=0.151040 NP=0.919804 blind_NP=0.910645 PS-NP_gain=0.009159 shuffled_R2=-0.013581 shuffled_NP=0.003622
ALIGN ego[02] partner[00] R2=0.855046 NMSE=0.144954 NP=0.924296 blind_NP=0.915731 PS-NP_gain=0.008565 shuffled_R2=-0.020311 shuffled_NP=0.005539
ALIGN ego[02] partner[01] R2=0.858683 NMSE=0.141317 NP=0.926089 blind_NP=0.911746 PS-NP_gain=0.014342 shuffled_R2=-0.015155 shuffled_NP=0.004634
ALIGN ego[02] partner[02] R2=0.907335 NMSE=0.092665 NP=0.953430 blind_NP=0.945632 PS-NP_gain=0.007798 shuffled_R2=-0.021432 shuffled_NP=0.003324
ALIGN ego[02] partner[03] R2=0.880963 NMSE=0.119037 NP=0.936369 blind_NP=0.922031 PS-NP_gain=0.014339 shuffled_R2=-0.015221 shuffled_NP=0.005118
ALIGN ego[02] partner[04] R2=0.791770 NMSE=0.208230 NP=0.893295 blind_NP=0.859431 PS-NP_gain=0.033865 shuffled_R2=-0.025504 shuffled_NP=0.002274
ALIGN ego[03] partner[00] R2=0.824705 NMSE=0.175295 NP=0.906803 blind_NP=0.893944 PS-NP_gain=0.012859 shuffled_R2=-0.020037 shuffled_NP=0.002355
ALIGN ego[03] partner[01] R2=0.847811 NMSE=0.152189 NP=0.920809 blind_NP=0.902740 PS-NP_gain=0.018069 shuffled_R2=-0.018559 shuffled_NP=0.001590
ALIGN ego[03] partner[02] R2=0.559991 NMSE=0.440009 NP=0.811515 blind_NP=0.816369 PS-NP_gain=-0.004854 shuffled_R2=-0.064042 shuffled_NP=0.002659
ALIGN ego[03] partner[03] R2=0.807681 NMSE=0.192319 NP=0.900576 blind_NP=0.879233 PS-NP_gain=0.021344 shuffled_R2=-0.036128 shuffled_NP=0.002321
ALIGN ego[03] partner[04] R2=0.717972 NMSE=0.282028 NP=0.854441 blind_NP=0.847154 PS-NP_gain=0.007287 shuffled_R2=-0.024065 shuffled_NP=0.004493
ALIGN ego[04] partner[00] R2=0.807191 NMSE=0.192809 NP=0.898033 blind_NP=0.865928 PS-NP_gain=0.032105 shuffled_R2=-0.024766 shuffled_NP=0.002815
ALIGN ego[04] partner[01] R2=0.811659 NMSE=0.188341 NP=0.900984 blind_NP=0.869309 PS-NP_gain=0.031675 shuffled_R2=-0.019833 shuffled_NP=0.001635
ALIGN ego[04] partner[02] R2=0.845672 NMSE=0.154328 NP=0.917666 blind_NP=0.890476 PS-NP_gain=0.027190 shuffled_R2=-0.016673 shuffled_NP=0.004730
ALIGN ego[04] partner[03] R2=0.760888 NMSE=0.239112 NP=0.870899 blind_NP=0.838132 PS-NP_gain=0.032767 shuffled_R2=-0.017494 shuffled_NP=0.003339
ALIGN ego[04] partner[04] R2=0.907017 NMSE=0.092983 NP=0.950971 blind_NP=0.937869 PS-NP_gain=0.013102 shuffled_R2=-0.013948 shuffled_NP=0.003349
Average ego-to-partner alignment R2: 0.823594 +- 0.014620 SE over 25 ego-partner pairs
Average alignment normalized MSE: 0.176406 +- 0.014620 SE
Average shuffled-control alignment R2: -0.021731 +- 0.002034 SE
Average neural predictivity: 0.909659 +- 0.006437 SE
Average blind-control neural predictivity: 0.892886 +- 0.006643 SE
Average PS-NP gain: 0.016773 +- 0.002546 SE
Average shuffled-control neural predictivity: 0.003327 +- 0.000309 SE
Saved alignment results to zsc_results/lmpred_ema_ablate/coord_ring
Evaluating ZSC for method=lmpred_ema_gamma0, layout=cramped_room5x5, prefix=checkpoints/lmpred_ema_gamma0/, result_name=lmpred_ema_gamma0, perspective_transform=true
Importing submoduled environments...
Submoduled environments imported successfully.
LOADED: checkpoints/lmpred_ema_gamma0/cramped_room5x5/baseline_seed_0_step_220.msgpack
LOADED: checkpoints/lmpred_ema_gamma0/cramped_room5x5/baseline_seed_1_step_220.msgpack
LOADED: checkpoints/lmpred_ema_gamma0/cramped_room5x5/baseline_seed_2_step_220.msgpack
LOADED: checkpoints/lmpred_ema_gamma0/cramped_room5x5/baseline_seed_3_step_220.msgpack
LOADED: checkpoints/lmpred_ema_gamma0/cramped_room5x5/baseline_seed_4_step_220.msgpack
ZSC[00, 00] = 229.880
ZSC[00, 01] = 204.694
ZSC[00, 02] = 200.814
ZSC[00, 03] = 204.409
ZSC[00, 04] = 202.734
ZSC[01, 00] = 203.345
ZSC[01, 01] = 221.194
ZSC[01, 02] = 218.952
ZSC[01, 03] = 226.389
ZSC[01, 04] = 200.483
ZSC[02, 00] = 200.802
ZSC[02, 01] = 218.417
ZSC[02, 02] = 247.706
ZSC[02, 03] = 221.748
ZSC[02, 04] = 226.947
ZSC[03, 00] = 204.917
ZSC[03, 01] = 226.639
ZSC[03, 02] = 222.252
ZSC[03, 03] = 220.273
ZSC[03, 04] = 178.456
ZSC[04, 00] = 202.144
ZSC[04, 01] = 200.312
ZSC[04, 02] = 226.934
ZSC[04, 03] = 179.228
ZSC[04, 04] = 218.234
Average SP performance (diagonal/self-copy): 227.457 +- 5.440 SE over 5 pairs
Average XP performance (off-diagonal/excluding self): 208.531 +- 3.267 SE over 20 ordered pairs
Saved ZSC results to zsc_results/lmpred_ema_gamma0/cramped_room5x5
Saved ZSC heatmap to zsc_results/lmpred_ema_gamma0/cramped_room5x5/xp_matrix.png
Using alignment rollout scale: ALIGN_PAIR_BATCH_SIZE=1, ALIGN_EVAL_NUM_EPISODES=128, ALIGN_EVAL_NUM_STEPS=400
ALIGN ego[00] partner[00] R2=0.875469 NMSE=0.124531 NP=0.936562 blind_NP=0.916076 PS-NP_gain=0.020486 shuffled_R2=-0.026000 shuffled_NP=0.001537
ALIGN ego[00] partner[01] R2=0.844714 NMSE=0.155286 NP=0.920913 blind_NP=0.917969 PS-NP_gain=0.002945 shuffled_R2=-0.033596 shuffled_NP=0.003009
ALIGN ego[00] partner[02] R2=0.652350 NMSE=0.347650 NP=0.850149 blind_NP=0.826704 PS-NP_gain=0.023445 shuffled_R2=-0.105122 shuffled_NP=0.001590
ALIGN ego[00] partner[03] R2=0.925991 NMSE=0.074009 NP=0.961955 blind_NP=0.956211 PS-NP_gain=0.005744 shuffled_R2=-0.016081 shuffled_NP=0.004426
ALIGN ego[00] partner[04] R2=0.892429 NMSE=0.107571 NP=0.944669 blind_NP=0.940313 PS-NP_gain=0.004356 shuffled_R2=-0.022322 shuffled_NP=0.003225
ALIGN ego[01] partner[00] R2=0.899517 NMSE=0.100483 NP=0.947824 blind_NP=0.941640 PS-NP_gain=0.006184 shuffled_R2=-0.025007 shuffled_NP=0.001938
ALIGN ego[01] partner[01] R2=0.899439 NMSE=0.100561 NP=0.947858 blind_NP=0.939133 PS-NP_gain=0.008724 shuffled_R2=-0.020759 shuffled_NP=0.002175
ALIGN ego[01] partner[02] R2=0.927488 NMSE=0.072512 NP=0.962921 blind_NP=0.956784 PS-NP_gain=0.006137 shuffled_R2=-0.017615 shuffled_NP=0.001918
ALIGN ego[01] partner[03] R2=0.923612 NMSE=0.076388 NP=0.960982 blind_NP=0.953100 PS-NP_gain=0.007882 shuffled_R2=-0.018430 shuffled_NP=0.002944
ALIGN ego[01] partner[04] R2=0.918161 NMSE=0.081839 NP=0.957519 blind_NP=0.950132 PS-NP_gain=0.007387 shuffled_R2=-0.015398 shuffled_NP=0.004298
ALIGN ego[02] partner[00] R2=0.946203 NMSE=0.053797 NP=0.972572 blind_NP=0.960518 PS-NP_gain=0.012053 shuffled_R2=-0.014635 shuffled_NP=0.004598
ALIGN ego[02] partner[01] R2=0.931483 NMSE=0.068517 NP=0.964689 blind_NP=0.959127 PS-NP_gain=0.005562 shuffled_R2=-0.014602 shuffled_NP=0.004009
ALIGN ego[02] partner[02] R2=0.843825 NMSE=0.156175 NP=0.926641 blind_NP=0.928562 PS-NP_gain=-0.001920 shuffled_R2=-0.041998 shuffled_NP=0.004096
ALIGN ego[02] partner[03] R2=0.848590 NMSE=0.151410 NP=0.928219 blind_NP=0.914162 PS-NP_gain=0.014057 shuffled_R2=-0.036889 shuffled_NP=0.003034
ALIGN ego[02] partner[04] R2=0.687111 NMSE=0.312889 NP=0.862414 blind_NP=0.862147 PS-NP_gain=0.000266 shuffled_R2=-0.074759 shuffled_NP=0.002724
ALIGN ego[03] partner[00] R2=0.872283 NMSE=0.127717 NP=0.937549 blind_NP=0.937208 PS-NP_gain=0.000341 shuffled_R2=-0.031412 shuffled_NP=0.003176
ALIGN ego[03] partner[01] R2=0.894401 NMSE=0.105599 NP=0.945942 blind_NP=0.943439 PS-NP_gain=0.002503 shuffled_R2=-0.025077 shuffled_NP=0.002813
ALIGN ego[03] partner[02] R2=0.946165 NMSE=0.053835 NP=0.972207 blind_NP=0.966688 PS-NP_gain=0.005519 shuffled_R2=-0.019325 shuffled_NP=0.004230
ALIGN ego[03] partner[03] R2=0.935174 NMSE=0.064826 NP=0.966922 blind_NP=0.959685 PS-NP_gain=0.007237 shuffled_R2=-0.017478 shuffled_NP=0.001733
ALIGN ego[03] partner[04] R2=0.942168 NMSE=0.057832 NP=0.970730 blind_NP=0.959950 PS-NP_gain=0.010780 shuffled_R2=-0.019045 shuffled_NP=0.002422
ALIGN ego[04] partner[00] R2=0.880134 NMSE=0.119866 NP=0.940584 blind_NP=0.932831 PS-NP_gain=0.007753 shuffled_R2=-0.028144 shuffled_NP=0.002466
ALIGN ego[04] partner[01] R2=0.931775 NMSE=0.068225 NP=0.964677 blind_NP=0.959200 PS-NP_gain=0.005477 shuffled_R2=-0.014123 shuffled_NP=0.005161
ALIGN ego[04] partner[02] R2=0.912418 NMSE=0.087582 NP=0.955192 blind_NP=0.947761 PS-NP_gain=0.007431 shuffled_R2=-0.024450 shuffled_NP=0.002684
ALIGN ego[04] partner[03] R2=0.875216 NMSE=0.124784 NP=0.941143 blind_NP=0.922249 PS-NP_gain=0.018894 shuffled_R2=-0.033445 shuffled_NP=0.002827
ALIGN ego[04] partner[04] R2=0.920386 NMSE=0.079614 NP=0.958963 blind_NP=0.947462 PS-NP_gain=0.011501 shuffled_R2=-0.016201 shuffled_NP=0.001043
Average ego-to-partner alignment R2: 0.885060 +- 0.014409 SE over 25 ego-partner pairs
Average alignment normalized MSE: 0.114940 +- 0.014409 SE
Average shuffled-control alignment R2: -0.028476 +- 0.004093 SE
Average neural predictivity: 0.943992 +- 0.006042 SE
Average blind-control neural predictivity: 0.935962 +- 0.006367 SE
Average PS-NP gain: 0.008030 +- 0.001228 SE
Average shuffled-control neural predictivity: 0.002963 +- 0.000217 SE
Saved alignment results to zsc_results/lmpred_ema_gamma0/cramped_room5x5
Evaluating ZSC for method=lmpred_ema_gamma0, layout=counter_circuit, prefix=checkpoints/lmpred_ema_gamma0/, result_name=lmpred_ema_gamma0, perspective_transform=true
Importing submoduled environments...
Submoduled environments imported successfully.
LOADED: checkpoints/lmpred_ema_gamma0/counter_circuit/baseline_seed_0_step_380.msgpack
LOADED: checkpoints/lmpred_ema_gamma0/counter_circuit/baseline_seed_1_step_380.msgpack
LOADED: checkpoints/lmpred_ema_gamma0/counter_circuit/baseline_seed_2_step_380.msgpack
LOADED: checkpoints/lmpred_ema_gamma0/counter_circuit/baseline_seed_3_step_380.msgpack
LOADED: checkpoints/lmpred_ema_gamma0/counter_circuit/baseline_seed_4_step_380.msgpack
ZSC[00, 00] = 233.597
ZSC[00, 01] = 188.805
ZSC[00, 02] = 176.044
ZSC[00, 03] = 234.061
ZSC[00, 04] = 249.094
ZSC[01, 00] = 194.227
ZSC[01, 01] = 263.989
ZSC[01, 02] = 232.948
ZSC[01, 03] = 184.030
ZSC[01, 04] = 219.169
ZSC[02, 00] = 175.114
ZSC[02, 01] = 246.047
ZSC[02, 02] = 184.073
ZSC[02, 03] = 209.923
ZSC[02, 04] = 208.438
ZSC[03, 00] = 233.128
ZSC[03, 01] = 194.238
ZSC[03, 02] = 210.792
ZSC[03, 03] = 217.122
ZSC[03, 04] = 222.964
ZSC[04, 00] = 249.423
ZSC[04, 01] = 215.612
ZSC[04, 02] = 207.678
ZSC[04, 03] = 221.822
ZSC[04, 04] = 268.384
Average SP performance (diagonal/self-copy): 233.433 +- 15.585 SE over 5 pairs
Average XP performance (off-diagonal/excluding self): 213.678 +- 5.175 SE over 20 ordered pairs
Saved ZSC results to zsc_results/lmpred_ema_gamma0/counter_circuit
Saved ZSC heatmap to zsc_results/lmpred_ema_gamma0/counter_circuit/xp_matrix.png
Using alignment rollout scale: ALIGN_PAIR_BATCH_SIZE=1, ALIGN_EVAL_NUM_EPISODES=128, ALIGN_EVAL_NUM_STEPS=400
ALIGN ego[00] partner[00] R2=0.812954 NMSE=0.187046 NP=0.899438 blind_NP=0.869645 PS-NP_gain=0.029792 shuffled_R2=-0.018234 shuffled_NP=0.002509
ALIGN ego[00] partner[01] R2=0.845990 NMSE=0.154010 NP=0.917827 blind_NP=0.899912 PS-NP_gain=0.017915 shuffled_R2=-0.016103 shuffled_NP=0.004119
ALIGN ego[00] partner[02] R2=0.723856 NMSE=0.276144 NP=0.853703 blind_NP=0.811178 PS-NP_gain=0.042525 shuffled_R2=-0.022530 shuffled_NP=0.002189
ALIGN ego[00] partner[03] R2=0.818029 NMSE=0.181971 NP=0.904430 blind_NP=0.878565 PS-NP_gain=0.025865 shuffled_R2=-0.023658 shuffled_NP=0.002812
ALIGN ego[00] partner[04] R2=0.861556 NMSE=0.138444 NP=0.927382 blind_NP=0.901433 PS-NP_gain=0.025949 shuffled_R2=-0.016623 shuffled_NP=0.007033
ALIGN ego[01] partner[00] R2=0.849335 NMSE=0.150665 NP=0.920021 blind_NP=0.902394 PS-NP_gain=0.017627 shuffled_R2=-0.015692 shuffled_NP=0.001987
ALIGN ego[01] partner[01] R2=0.860236 NMSE=0.139764 NP=0.925964 blind_NP=0.911194 PS-NP_gain=0.014769 shuffled_R2=-0.014920 shuffled_NP=0.004389
ALIGN ego[01] partner[02] R2=0.777983 NMSE=0.222017 NP=0.880627 blind_NP=0.854363 PS-NP_gain=0.026264 shuffled_R2=-0.018862 shuffled_NP=0.002198
ALIGN ego[01] partner[03] R2=0.860238 NMSE=0.139762 NP=0.924509 blind_NP=0.903434 PS-NP_gain=0.021075 shuffled_R2=-0.016353 shuffled_NP=0.002462
ALIGN ego[01] partner[04] R2=0.778965 NMSE=0.221035 NP=0.885463 blind_NP=0.866532 PS-NP_gain=0.018930 shuffled_R2=-0.031286 shuffled_NP=0.004852
ALIGN ego[02] partner[00] R2=0.781585 NMSE=0.218415 NP=0.882914 blind_NP=0.864433 PS-NP_gain=0.018482 shuffled_R2=-0.015999 shuffled_NP=0.005492
ALIGN ego[02] partner[01] R2=0.821677 NMSE=0.178323 NP=0.903863 blind_NP=0.892492 PS-NP_gain=0.011371 shuffled_R2=-0.015921 shuffled_NP=0.001896
ALIGN ego[02] partner[02] R2=0.820498 NMSE=0.179502 NP=0.901799 blind_NP=0.857303 PS-NP_gain=0.044496 shuffled_R2=-0.013746 shuffled_NP=0.004036
ALIGN ego[02] partner[03] R2=0.748430 NMSE=0.251570 NP=0.866981 blind_NP=0.824385 PS-NP_gain=0.042596 shuffled_R2=-0.031292 shuffled_NP=0.002267
ALIGN ego[02] partner[04] R2=0.668048 NMSE=0.331952 NP=0.823053 blind_NP=0.803171 PS-NP_gain=0.019882 shuffled_R2=-0.035283 shuffled_NP=0.002739
ALIGN ego[03] partner[00] R2=0.854946 NMSE=0.145054 NP=0.922029 blind_NP=0.899230 PS-NP_gain=0.022799 shuffled_R2=-0.015347 shuffled_NP=0.003265
ALIGN ego[03] partner[01] R2=0.866441 NMSE=0.133559 NP=0.928804 blind_NP=0.914240 PS-NP_gain=0.014564 shuffled_R2=-0.016359 shuffled_NP=0.002102
ALIGN ego[03] partner[02] R2=0.823686 NMSE=0.176314 NP=0.905222 blind_NP=0.877486 PS-NP_gain=0.027736 shuffled_R2=-0.015914 shuffled_NP=0.002365
ALIGN ego[03] partner[03] R2=0.841686 NMSE=0.158314 NP=0.917134 blind_NP=0.900313 PS-NP_gain=0.016821 shuffled_R2=-0.018748 shuffled_NP=0.002594
ALIGN ego[03] partner[04] R2=0.888132 NMSE=0.111868 NP=0.941058 blind_NP=0.924144 PS-NP_gain=0.016914 shuffled_R2=-0.018428 shuffled_NP=0.001445
ALIGN ego[04] partner[00] R2=0.871756 NMSE=0.128244 NP=0.932836 blind_NP=0.907940 PS-NP_gain=0.024897 shuffled_R2=-0.016876 shuffled_NP=0.003228
ALIGN ego[04] partner[01] R2=0.859941 NMSE=0.140059 NP=0.926127 blind_NP=0.908721 PS-NP_gain=0.017407 shuffled_R2=-0.016763 shuffled_NP=0.002087
ALIGN ego[04] partner[02] R2=0.789823 NMSE=0.210177 NP=0.885591 blind_NP=0.840192 PS-NP_gain=0.045399 shuffled_R2=-0.016497 shuffled_NP=0.003956
ALIGN ego[04] partner[03] R2=0.901062 NMSE=0.098938 NP=0.948073 blind_NP=0.933075 PS-NP_gain=0.014999 shuffled_R2=-0.014187 shuffled_NP=0.004525
ALIGN ego[04] partner[04] R2=0.922645 NMSE=0.077355 NP=0.959946 blind_NP=0.948110 PS-NP_gain=0.011836 shuffled_R2=-0.014524 shuffled_NP=0.004685
Average ego-to-partner alignment R2: 0.825980 +- 0.011463 SE over 25 ego-partner pairs
Average alignment normalized MSE: 0.174020 +- 0.011463 SE
Average shuffled-control alignment R2: -0.018806 +- 0.001144 SE
Average neural predictivity: 0.907392 +- 0.006143 SE
Average blind-control neural predictivity: 0.883755 +- 0.007380 SE
Average PS-NP gain: 0.023636 +- 0.002038 SE
Average shuffled-control neural predictivity: 0.003249 +- 0.000271 SE
Saved alignment results to zsc_results/lmpred_ema_gamma0/counter_circuit
Evaluating ZSC for method=lmpred_ema_gamma0, layout=coord_ring, prefix=checkpoints/lmpred_ema_gamma0/, result_name=lmpred_ema_gamma0, perspective_transform=true
Importing submoduled environments...
Submoduled environments imported successfully.
LOADED: checkpoints/lmpred_ema_gamma0/coord_ring/baseline_seed_0_step_220.msgpack
LOADED: checkpoints/lmpred_ema_gamma0/coord_ring/baseline_seed_1_step_220.msgpack
LOADED: checkpoints/lmpred_ema_gamma0/coord_ring/baseline_seed_2_step_220.msgpack
LOADED: checkpoints/lmpred_ema_gamma0/coord_ring/baseline_seed_3_step_220.msgpack
LOADED: checkpoints/lmpred_ema_gamma0/coord_ring/baseline_seed_4_step_220.msgpack
ZSC[00, 00] = 303.884
ZSC[00, 01] = 249.658
ZSC[00, 02] = 287.477
ZSC[00, 03] = 287.452
ZSC[00, 04] = 253.878
ZSC[01, 00] = 249.834
ZSC[01, 01] = 313.858
ZSC[01, 02] = 139.264
ZSC[01, 03] = 225.577
ZSC[01, 04] = 208.336
ZSC[02, 00] = 287.044
ZSC[02, 01] = 139.150
ZSC[02, 02] = 291.962
ZSC[02, 03] = 293.052
ZSC[02, 04] = 262.472
ZSC[03, 00] = 287.428
ZSC[03, 01] = 225.603
ZSC[03, 02] = 293.895
ZSC[03, 03] = 290.630
ZSC[03, 04] = 252.836
ZSC[04, 00] = 253.819
ZSC[04, 01] = 208.162
ZSC[04, 02] = 262.928
ZSC[04, 03] = 253.256
ZSC[04, 04] = 254.880
Average SP performance (diagonal/self-copy): 291.043 +- 9.986 SE over 5 pairs
Average XP performance (off-diagonal/excluding self): 246.056 +- 10.085 SE over 20 ordered pairs
Saved ZSC results to zsc_results/lmpred_ema_gamma0/coord_ring
Saved ZSC heatmap to zsc_results/lmpred_ema_gamma0/coord_ring/xp_matrix.png
Using alignment rollout scale: ALIGN_PAIR_BATCH_SIZE=1, ALIGN_EVAL_NUM_EPISODES=128, ALIGN_EVAL_NUM_STEPS=400
ALIGN ego[00] partner[00] R2=0.890977 NMSE=0.109023 NP=0.942928 blind_NP=0.933261 PS-NP_gain=0.009668 shuffled_R2=-0.014716 shuffled_NP=0.006388
ALIGN ego[00] partner[01] R2=0.835221 NMSE=0.164779 NP=0.911256 blind_NP=0.895684 PS-NP_gain=0.015572 shuffled_R2=-0.017513 shuffled_NP=0.001711
ALIGN ego[00] partner[02] R2=0.901318 NMSE=0.098682 NP=0.949059 blind_NP=0.942867 PS-NP_gain=0.006191 shuffled_R2=-0.016303 shuffled_NP=0.005388
ALIGN ego[00] partner[03] R2=0.901856 NMSE=0.098144 NP=0.948734 blind_NP=0.940502 PS-NP_gain=0.008232 shuffled_R2=-0.013856 shuffled_NP=0.002263
ALIGN ego[00] partner[04] R2=0.907691 NMSE=0.092309 NP=0.952224 blind_NP=0.936690 PS-NP_gain=0.015534 shuffled_R2=-0.014716 shuffled_NP=0.006248
ALIGN ego[01] partner[00] R2=0.838311 NMSE=0.161689 NP=0.914390 blind_NP=0.898805 PS-NP_gain=0.015585 shuffled_R2=-0.017135 shuffled_NP=0.002786
ALIGN ego[01] partner[01] R2=0.899912 NMSE=0.100088 NP=0.947738 blind_NP=0.938981 PS-NP_gain=0.008757 shuffled_R2=-0.015474 shuffled_NP=0.002477
ALIGN ego[01] partner[02] R2=0.885379 NMSE=0.114621 NP=0.939573 blind_NP=0.922032 PS-NP_gain=0.017542 shuffled_R2=-0.014722 shuffled_NP=0.001852
ALIGN ego[01] partner[03] R2=0.831453 NMSE=0.168547 NP=0.911581 blind_NP=0.898818 PS-NP_gain=0.012763 shuffled_R2=-0.017061 shuffled_NP=0.003329
ALIGN ego[01] partner[04] R2=0.891332 NMSE=0.108668 NP=0.943340 blind_NP=0.929922 PS-NP_gain=0.013418 shuffled_R2=-0.016273 shuffled_NP=0.001876
ALIGN ego[02] partner[00] R2=0.893893 NMSE=0.106107 NP=0.945107 blind_NP=0.932529 PS-NP_gain=0.012579 shuffled_R2=-0.018530 shuffled_NP=0.003875
ALIGN ego[02] partner[01] R2=0.872060 NMSE=0.127940 NP=0.932741 blind_NP=0.916130 PS-NP_gain=0.016611 shuffled_R2=-0.015596 shuffled_NP=0.005644
ALIGN ego[02] partner[02] R2=0.876817 NMSE=0.123183 NP=0.934624 blind_NP=0.920379 PS-NP_gain=0.014245 shuffled_R2=-0.016897 shuffled_NP=0.001861
ALIGN ego[02] partner[03] R2=0.761896 NMSE=0.238104 NP=0.884297 blind_NP=0.858583 PS-NP_gain=0.025714 shuffled_R2=-0.030515 shuffled_NP=0.004676
ALIGN ego[02] partner[04] R2=0.902681 NMSE=0.097319 NP=0.948993 blind_NP=0.933480 PS-NP_gain=0.015513 shuffled_R2=-0.015118 shuffled_NP=0.002654
ALIGN ego[03] partner[00] R2=0.918903 NMSE=0.081097 NP=0.958175 blind_NP=0.949575 PS-NP_gain=0.008600 shuffled_R2=-0.012864 shuffled_NP=0.002989
ALIGN ego[03] partner[01] R2=0.867540 NMSE=0.132460 NP=0.930518 blind_NP=0.921348 PS-NP_gain=0.009169 shuffled_R2=-0.015778 shuffled_NP=0.002049
ALIGN ego[03] partner[02] R2=0.866234 NMSE=0.133766 NP=0.929962 blind_NP=0.920569 PS-NP_gain=0.009393 shuffled_R2=-0.016258 shuffled_NP=0.004374
ALIGN ego[03] partner[03] R2=0.629392 NMSE=0.370608 NP=0.849063 blind_NP=0.863091 PS-NP_gain=-0.014028 shuffled_R2=-0.083127 shuffled_NP=0.003041
ALIGN ego[03] partner[04] R2=0.883170 NMSE=0.116830 NP=0.940126 blind_NP=0.930804 PS-NP_gain=0.009322 shuffled_R2=-0.020255 shuffled_NP=0.002334
ALIGN ego[04] partner[00] R2=0.888827 NMSE=0.111173 NP=0.941609 blind_NP=0.938413 PS-NP_gain=0.003196 shuffled_R2=-0.016050 shuffled_NP=0.003512
ALIGN ego[04] partner[01] R2=0.822387 NMSE=0.177613 NP=0.908310 blind_NP=0.877703 PS-NP_gain=0.030607 shuffled_R2=-0.025819 shuffled_NP=0.002202
ALIGN ego[04] partner[02] R2=0.900161 NMSE=0.099839 NP=0.948401 blind_NP=0.940168 PS-NP_gain=0.008233 shuffled_R2=-0.015513 shuffled_NP=0.003316
ALIGN ego[04] partner[03] R2=0.748767 NMSE=0.251233 NP=0.881134 blind_NP=0.857488 PS-NP_gain=0.023646 shuffled_R2=-0.053959 shuffled_NP=0.001162
ALIGN ego[04] partner[04] R2=0.918074 NMSE=0.081926 NP=0.957274 blind_NP=0.948399 PS-NP_gain=0.008874 shuffled_R2=-0.015436 shuffled_NP=0.001736
Average ego-to-partner alignment R2: 0.861370 +- 0.013018 SE over 25 ego-partner pairs
Average alignment normalized MSE: 0.138630 +- 0.013018 SE
Average shuffled-control alignment R2: -0.021179 +- 0.003065 SE
Average neural predictivity: 0.930046 +- 0.005342 SE
Average blind-control neural predictivity: 0.917849 +- 0.005604 SE
Average PS-NP gain: 0.012197 +- 0.001661 SE
Average shuffled-control neural predictivity: 0.003190 +- 0.000298 SE
Saved alignment results to zsc_results/lmpred_ema_gamma0/coord_ring
Evaluating ZSC for method=lmpred_ema_gamma09, layout=cramped_room5x5, prefix=checkpoints/lmpred_ema_gamma09/, result_name=lmpred_ema_gamma09, perspective_transform=true
Importing submoduled environments...
Submoduled environments imported successfully.
LOADED: checkpoints/lmpred_ema_gamma09/cramped_room5x5/baseline_seed_0_step_220.msgpack
LOADED: checkpoints/lmpred_ema_gamma09/cramped_room5x5/baseline_seed_1_step_220.msgpack
LOADED: checkpoints/lmpred_ema_gamma09/cramped_room5x5/baseline_seed_2_step_220.msgpack
LOADED: checkpoints/lmpred_ema_gamma09/cramped_room5x5/baseline_seed_3_step_220.msgpack
LOADED: checkpoints/lmpred_ema_gamma09/cramped_room5x5/baseline_seed_4_step_220.msgpack
ZSC[00, 00] = 229.020
ZSC[00, 01] = 229.119
ZSC[00, 02] = 180.927
ZSC[00, 03] = 214.631
ZSC[00, 04] = 181.325
ZSC[01, 00] = 228.348
ZSC[01, 01] = 225.830
ZSC[01, 02] = 164.136
ZSC[01, 03] = 229.733
ZSC[01, 04] = 224.075
ZSC[02, 00] = 181.508
ZSC[02, 01] = 164.492
ZSC[02, 02] = 223.111
ZSC[02, 03] = 207.509
ZSC[02, 04] = 194.723
ZSC[03, 00] = 214.966
ZSC[03, 01] = 230.244
ZSC[03, 02] = 207.283
ZSC[03, 03] = 229.817
ZSC[03, 04] = 222.431
ZSC[04, 00] = 181.492
ZSC[04, 01] = 223.856
ZSC[04, 02] = 193.861
ZSC[04, 03] = 222.573
ZSC[04, 04] = 233.881
Average SP performance (diagonal/self-copy): 228.332 +- 1.830 SE over 5 pairs
Average XP performance (off-diagonal/excluding self): 204.862 +- 5.051 SE over 20 ordered pairs
Saved ZSC results to zsc_results/lmpred_ema_gamma09/cramped_room5x5
Saved ZSC heatmap to zsc_results/lmpred_ema_gamma09/cramped_room5x5/xp_matrix.png
Using alignment rollout scale: ALIGN_PAIR_BATCH_SIZE=1, ALIGN_EVAL_NUM_EPISODES=128, ALIGN_EVAL_NUM_STEPS=400
ALIGN ego[00] partner[00] R2=0.919459 NMSE=0.080541 NP=0.958558 blind_NP=0.951668 PS-NP_gain=0.006890 shuffled_R2=-0.014039 shuffled_NP=0.008065
ALIGN ego[00] partner[01] R2=0.887206 NMSE=0.112794 NP=0.941950 blind_NP=0.932720 PS-NP_gain=0.009230 shuffled_R2=-0.021172 shuffled_NP=0.002955
ALIGN ego[00] partner[02] R2=0.864536 NMSE=0.135464 NP=0.929573 blind_NP=0.919670 PS-NP_gain=0.009903 shuffled_R2=-0.015352 shuffled_NP=0.005118
ALIGN ego[00] partner[03] R2=0.937550 NMSE=0.062450 NP=0.966755 blind_NP=0.962591 PS-NP_gain=0.004163 shuffled_R2=-0.016454 shuffled_NP=0.002666
ALIGN ego[00] partner[04] R2=0.863880 NMSE=0.136120 NP=0.931845 blind_NP=0.917804 PS-NP_gain=0.014041 shuffled_R2=-0.026842 shuffled_NP=0.002301
ALIGN ego[01] partner[00] R2=0.919809 NMSE=0.080191 NP=0.958889 blind_NP=0.949740 PS-NP_gain=0.009149 shuffled_R2=-0.017404 shuffled_NP=0.003584
ALIGN ego[01] partner[01] R2=0.833552 NMSE=0.166448 NP=0.920118 blind_NP=0.861136 PS-NP_gain=0.058982 shuffled_R2=-0.041491 shuffled_NP=0.001817
ALIGN ego[01] partner[02] R2=0.841472 NMSE=0.158528 NP=0.916424 blind_NP=0.899923 PS-NP_gain=0.016501 shuffled_R2=-0.019080 shuffled_NP=0.002306
ALIGN ego[01] partner[03] R2=0.934222 NMSE=0.065778 NP=0.966459 blind_NP=0.961912 PS-NP_gain=0.004547 shuffled_R2=-0.015366 shuffled_NP=0.002994
ALIGN ego[01] partner[04] R2=0.933918 NMSE=0.066082 NP=0.966132 blind_NP=0.958918 PS-NP_gain=0.007215 shuffled_R2=-0.015597 shuffled_NP=0.003596
ALIGN ego[02] partner[00] R2=0.874725 NMSE=0.125275 NP=0.934961 blind_NP=0.922844 PS-NP_gain=0.012117 shuffled_R2=-0.015724 shuffled_NP=0.005651
ALIGN ego[02] partner[01] R2=0.824606 NMSE=0.175394 NP=0.911232 blind_NP=0.881477 PS-NP_gain=0.029755 shuffled_R2=-0.018831 shuffled_NP=0.002656
ALIGN ego[02] partner[02] R2=0.917682 NMSE=0.082318 NP=0.957458 blind_NP=0.943578 PS-NP_gain=0.013880 shuffled_R2=-0.017437 shuffled_NP=0.000926
ALIGN ego[02] partner[03] R2=0.865160 NMSE=0.134840 NP=0.934174 blind_NP=0.937650 PS-NP_gain=-0.003476 shuffled_R2=-0.025618 shuffled_NP=0.002075
ALIGN ego[02] partner[04] R2=0.871800 NMSE=0.128200 NP=0.933967 blind_NP=0.919590 PS-NP_gain=0.014377 shuffled_R2=-0.019920 shuffled_NP=0.003239
ALIGN ego[03] partner[00] R2=0.935641 NMSE=0.064359 NP=0.966866 blind_NP=0.957325 PS-NP_gain=0.009541 shuffled_R2=-0.016460 shuffled_NP=0.002195
ALIGN ego[03] partner[01] R2=0.919270 NMSE=0.080730 NP=0.958476 blind_NP=0.947252 PS-NP_gain=0.011224 shuffled_R2=-0.019807 shuffled_NP=0.001727
ALIGN ego[03] partner[02] R2=0.863586 NMSE=0.136414 NP=0.931521 blind_NP=0.911349 PS-NP_gain=0.020171 shuffled_R2=-0.030279 shuffled_NP=0.001821
ALIGN ego[03] partner[03] R2=0.927946 NMSE=0.072054 NP=0.962972 blind_NP=0.951778 PS-NP_gain=0.011194 shuffled_R2=-0.015974 shuffled_NP=0.003524
ALIGN ego[03] partner[04] R2=0.948180 NMSE=0.051820 NP=0.973254 blind_NP=0.965201 PS-NP_gain=0.008052 shuffled_R2=-0.015147 shuffled_NP=0.002885
ALIGN ego[04] partner[00] R2=0.862002 NMSE=0.137998 NP=0.927189 blind_NP=0.912346 PS-NP_gain=0.014842 shuffled_R2=-0.032027 shuffled_NP=0.005019
ALIGN ego[04] partner[01] R2=0.796089 NMSE=0.203911 NP=0.904760 blind_NP=0.880855 PS-NP_gain=0.023904 shuffled_R2=-0.044416 shuffled_NP=0.005115
ALIGN ego[04] partner[02] R2=0.670345 NMSE=0.329655 NP=0.848531 blind_NP=0.840410 PS-NP_gain=0.008121 shuffled_R2=-0.040501 shuffled_NP=0.003044
ALIGN ego[04] partner[03] R2=0.852291 NMSE=0.147709 NP=0.926227 blind_NP=0.890392 PS-NP_gain=0.035835 shuffled_R2=-0.034852 shuffled_NP=0.005326
ALIGN ego[04] partner[04] R2=0.876352 NMSE=0.123648 NP=0.938669 blind_NP=0.918480 PS-NP_gain=0.020189 shuffled_R2=-0.033889 shuffled_NP=0.003142
Average ego-to-partner alignment R2: 0.877651 +- 0.011910 SE over 25 ego-partner pairs
Average alignment normalized MSE: 0.122349 +- 0.011910 SE
Average shuffled-control alignment R2: -0.023347 +- 0.001888 SE
Average neural predictivity: 0.938678 +- 0.005454 SE
Average blind-control neural predictivity: 0.923864 +- 0.006716 SE
Average PS-NP gain: 0.014814 +- 0.002474 SE
Average shuffled-control neural predictivity: 0.003350 +- 0.000318 SE
Saved alignment results to zsc_results/lmpred_ema_gamma09/cramped_room5x5
Evaluating ZSC for method=lmpred_ema_gamma09, layout=counter_circuit, prefix=checkpoints/lmpred_ema_gamma09/, result_name=lmpred_ema_gamma09, perspective_transform=true
Importing submoduled environments...
Submoduled environments imported successfully.
LOADED: checkpoints/lmpred_ema_gamma09/counter_circuit/baseline_seed_0_step_380.msgpack
LOADED: checkpoints/lmpred_ema_gamma09/counter_circuit/baseline_seed_1_step_380.msgpack
LOADED: checkpoints/lmpred_ema_gamma09/counter_circuit/baseline_seed_2_step_380.msgpack
LOADED: checkpoints/lmpred_ema_gamma09/counter_circuit/baseline_seed_3_step_380.msgpack
LOADED: checkpoints/lmpred_ema_gamma09/counter_circuit/baseline_seed_4_step_380.msgpack
ZSC[00, 00] = 285.969
ZSC[00, 01] = 236.062
ZSC[00, 02] = 266.211
ZSC[00, 03] = 218.827
ZSC[00, 04] = 242.928
ZSC[01, 00] = 237.150
ZSC[01, 01] = 222.048
ZSC[01, 02] = 227.661
ZSC[01, 03] = 183.695
ZSC[01, 04] = 214.039
ZSC[02, 00] = 267.100
ZSC[02, 01] = 229.425
ZSC[02, 02] = 252.883
ZSC[02, 03] = 221.783
ZSC[02, 04] = 243.031
ZSC[03, 00] = 219.759
ZSC[03, 01] = 185.266
ZSC[03, 02] = 222.417
ZSC[03, 03] = 219.194
ZSC[03, 04] = 232.192
ZSC[04, 00] = 242.708
ZSC[04, 01] = 212.992
ZSC[04, 02] = 244.028
ZSC[04, 03] = 234.098
ZSC[04, 04] = 235.822
Average SP performance (diagonal/self-copy): 243.183 +- 12.250 SE over 5 pairs
Average XP performance (off-diagonal/excluding self): 229.069 +- 4.736 SE over 20 ordered pairs
Saved ZSC results to zsc_results/lmpred_ema_gamma09/counter_circuit
Saved ZSC heatmap to zsc_results/lmpred_ema_gamma09/counter_circuit/xp_matrix.png
Using alignment rollout scale: ALIGN_PAIR_BATCH_SIZE=1, ALIGN_EVAL_NUM_EPISODES=128, ALIGN_EVAL_NUM_STEPS=400
ALIGN ego[00] partner[00] R2=0.901758 NMSE=0.098242 NP=0.948911 blind_NP=0.938031 PS-NP_gain=0.010880 shuffled_R2=-0.014991 shuffled_NP=0.003701
ALIGN ego[00] partner[01] R2=0.884792 NMSE=0.115208 NP=0.940460 blind_NP=0.924818 PS-NP_gain=0.015642 shuffled_R2=-0.017266 shuffled_NP=0.002132
ALIGN ego[00] partner[02] R2=0.826268 NMSE=0.173732 NP=0.909291 blind_NP=0.880591 PS-NP_gain=0.028700 shuffled_R2=-0.019965 shuffled_NP=0.005326
ALIGN ego[00] partner[03] R2=0.779324 NMSE=0.220676 NP=0.891722 blind_NP=0.866026 PS-NP_gain=0.025697 shuffled_R2=-0.020247 shuffled_NP=0.002749
ALIGN ego[00] partner[04] R2=0.872161 NMSE=0.127839 NP=0.932710 blind_NP=0.918893 PS-NP_gain=0.013817 shuffled_R2=-0.015666 shuffled_NP=0.001909
ALIGN ego[01] partner[00] R2=0.843121 NMSE=0.156879 NP=0.916248 blind_NP=0.901751 PS-NP_gain=0.014498 shuffled_R2=-0.017090 shuffled_NP=0.005481
ALIGN ego[01] partner[01] R2=0.865748 NMSE=0.134252 NP=0.930231 blind_NP=0.907897 PS-NP_gain=0.022335 shuffled_R2=-0.018426 shuffled_NP=0.002050
ALIGN ego[01] partner[02] R2=0.850790 NMSE=0.149210 NP=0.920749 blind_NP=0.906242 PS-NP_gain=0.014507 shuffled_R2=-0.016902 shuffled_NP=0.001620
ALIGN ego[01] partner[03] R2=0.783177 NMSE=0.216823 NP=0.884515 blind_NP=0.855790 PS-NP_gain=0.028725 shuffled_R2=-0.018720 shuffled_NP=0.005354
ALIGN ego[01] partner[04] R2=0.827874 NMSE=0.172126 NP=0.908688 blind_NP=0.890353 PS-NP_gain=0.018335 shuffled_R2=-0.016141 shuffled_NP=0.001952
ALIGN ego[02] partner[00] R2=0.855667 NMSE=0.144333 NP=0.925050 blind_NP=0.906180 PS-NP_gain=0.018869 shuffled_R2=-0.020850 shuffled_NP=0.001652
ALIGN ego[02] partner[01] R2=0.889781 NMSE=0.110219 NP=0.942216 blind_NP=0.925610 PS-NP_gain=0.016606 shuffled_R2=-0.014653 shuffled_NP=0.002199
ALIGN ego[02] partner[02] R2=0.849872 NMSE=0.150128 NP=0.921187 blind_NP=0.902735 PS-NP_gain=0.018452 shuffled_R2=-0.015923 shuffled_NP=0.003505
ALIGN ego[02] partner[03] R2=0.815259 NMSE=0.184741 NP=0.901944 blind_NP=0.877675 PS-NP_gain=0.024269 shuffled_R2=-0.016185 shuffled_NP=0.004591
ALIGN ego[02] partner[04] R2=0.790457 NMSE=0.209543 NP=0.888163 blind_NP=0.861727 PS-NP_gain=0.026435 shuffled_R2=-0.023267 shuffled_NP=0.003574
ALIGN ego[03] partner[00] R2=0.779044 NMSE=0.220956 NP=0.881268 blind_NP=0.842446 PS-NP_gain=0.038822 shuffled_R2=-0.018104 shuffled_NP=0.004243
ALIGN ego[03] partner[01] R2=0.831698 NMSE=0.168302 NP=0.908483 blind_NP=0.887497 PS-NP_gain=0.020987 shuffled_R2=-0.017729 shuffled_NP=0.002220
ALIGN ego[03] partner[02] R2=0.793504 NMSE=0.206496 NP=0.889512 blind_NP=0.865243 PS-NP_gain=0.024269 shuffled_R2=-0.016788 shuffled_NP=0.004521
ALIGN ego[03] partner[03] R2=0.739302 NMSE=0.260698 NP=0.864866 blind_NP=0.848827 PS-NP_gain=0.016039 shuffled_R2=-0.025260 shuffled_NP=0.001788
ALIGN ego[03] partner[04] R2=0.819263 NMSE=0.180737 NP=0.905392 blind_NP=0.893585 PS-NP_gain=0.011807 shuffled_R2=-0.015547 shuffled_NP=0.003799
ALIGN ego[04] partner[00] R2=0.854609 NMSE=0.145391 NP=0.922972 blind_NP=0.905196 PS-NP_gain=0.017777 shuffled_R2=-0.015757 shuffled_NP=0.007630
ALIGN ego[04] partner[01] R2=0.849251 NMSE=0.150749 NP=0.919161 blind_NP=0.897793 PS-NP_gain=0.021367 shuffled_R2=-0.014624 shuffled_NP=0.004143
ALIGN ego[04] partner[02] R2=0.818206 NMSE=0.181794 NP=0.903264 blind_NP=0.885393 PS-NP_gain=0.017870 shuffled_R2=-0.016619 shuffled_NP=0.003800
ALIGN ego[04] partner[03] R2=0.843928 NMSE=0.156072 NP=0.916972 blind_NP=0.905396 PS-NP_gain=0.011576 shuffled_R2=-0.016337 shuffled_NP=0.002299
ALIGN ego[04] partner[04] R2=0.859071 NMSE=0.140929 NP=0.925376 blind_NP=0.907992 PS-NP_gain=0.017385 shuffled_R2=-0.015236 shuffled_NP=0.002807
Average ego-to-partner alignment R2: 0.832957 +- 0.007875 SE over 25 ego-partner pairs
Average alignment normalized MSE: 0.167043 +- 0.007875 SE
Average shuffled-control alignment R2: -0.017532 +- 0.000530 SE
Average neural predictivity: 0.911974 +- 0.004129 SE
Average blind-control neural predictivity: 0.892147 +- 0.004983 SE
Average PS-NP gain: 0.019827 +- 0.001299 SE
Average shuffled-control neural predictivity: 0.003402 +- 0.000304 SE
Saved alignment results to zsc_results/lmpred_ema_gamma09/counter_circuit
Evaluating ZSC for method=lmpred_ema_gamma09, layout=coord_ring, prefix=checkpoints/lmpred_ema_gamma09/, result_name=lmpred_ema_gamma09, perspective_transform=true
Importing submoduled environments...
Submoduled environments imported successfully.
LOADED: checkpoints/lmpred_ema_gamma09/coord_ring/baseline_seed_0_step_220.msgpack
LOADED: checkpoints/lmpred_ema_gamma09/coord_ring/baseline_seed_1_step_220.msgpack
LOADED: checkpoints/lmpred_ema_gamma09/coord_ring/baseline_seed_2_step_220.msgpack
LOADED: checkpoints/lmpred_ema_gamma09/coord_ring/baseline_seed_3_step_220.msgpack
LOADED: checkpoints/lmpred_ema_gamma09/coord_ring/baseline_seed_4_step_220.msgpack
ZSC[00, 00] = 282.227
ZSC[00, 01] = 197.586
ZSC[00, 02] = 194.113
ZSC[00, 03] = 275.317
ZSC[00, 04] = 270.328
ZSC[01, 00] = 197.380
ZSC[01, 01] = 186.672
ZSC[01, 02] = 239.031
ZSC[01, 03] = 197.000
ZSC[01, 04] = 224.648
ZSC[02, 00] = 195.655
ZSC[02, 01] = 234.867
ZSC[02, 02] = 305.600
ZSC[02, 03] = 153.947
ZSC[02, 04] = 279.034
ZSC[03, 00] = 275.672
ZSC[03, 01] = 197.166
ZSC[03, 02] = 153.331
ZSC[03, 03] = 19.664
ZSC[03, 04] = 272.595
ZSC[04, 00] = 270.387
ZSC[04, 01] = 224.344
ZSC[04, 02] = 280.156
ZSC[04, 03] = 272.642
ZSC[04, 04] = 300.975
Average SP performance (diagonal/self-copy): 219.028 +- 54.313 SE over 5 pairs
Average XP performance (off-diagonal/excluding self): 230.260 +- 9.532 SE over 20 ordered pairs
Saved ZSC results to zsc_results/lmpred_ema_gamma09/coord_ring
Saved ZSC heatmap to zsc_results/lmpred_ema_gamma09/coord_ring/xp_matrix.png
Using alignment rollout scale: ALIGN_PAIR_BATCH_SIZE=1, ALIGN_EVAL_NUM_EPISODES=128, ALIGN_EVAL_NUM_STEPS=400
ALIGN ego[00] partner[00] R2=0.872477 NMSE=0.127523 NP=0.933061 blind_NP=0.920204 PS-NP_gain=0.012857 shuffled_R2=-0.016475 shuffled_NP=0.004465
ALIGN ego[00] partner[01] R2=0.888411 NMSE=0.111589 NP=0.940774 blind_NP=0.925366 PS-NP_gain=0.015408 shuffled_R2=-0.021492 shuffled_NP=0.002370
ALIGN ego[00] partner[02] R2=0.863571 NMSE=0.136429 NP=0.928654 blind_NP=0.913511 PS-NP_gain=0.015143 shuffled_R2=-0.016883 shuffled_NP=0.003160
ALIGN ego[00] partner[03] R2=0.891050 NMSE=0.108950 NP=0.943533 blind_NP=0.934767 PS-NP_gain=0.008766 shuffled_R2=-0.018303 shuffled_NP=0.003220
ALIGN ego[00] partner[04] R2=0.827174 NMSE=0.172826 NP=0.908609 blind_NP=0.889639 PS-NP_gain=0.018970 shuffled_R2=-0.016151 shuffled_NP=0.002060
ALIGN ego[01] partner[00] R2=0.849232 NMSE=0.150768 NP=0.920557 blind_NP=0.911171 PS-NP_gain=0.009387 shuffled_R2=-0.017236 shuffled_NP=0.002730
ALIGN ego[01] partner[01] R2=0.940446 NMSE=0.059554 NP=0.969934 blind_NP=0.967311 PS-NP_gain=0.002623 shuffled_R2=-0.016316 shuffled_NP=0.003198
ALIGN ego[01] partner[02] R2=0.952183 NMSE=0.047817 NP=0.973666 blind_NP=0.972409 PS-NP_gain=0.001257 shuffled_R2=-0.016737 shuffled_NP=0.002782
ALIGN ego[01] partner[03] R2=0.885339 NMSE=0.114661 NP=0.939865 blind_NP=0.931854 PS-NP_gain=0.008012 shuffled_R2=-0.018077 shuffled_NP=0.002048
ALIGN ego[01] partner[04] R2=0.854142 NMSE=0.145858 NP=0.923946 blind_NP=0.912729 PS-NP_gain=0.011217 shuffled_R2=-0.016729 shuffled_NP=0.004158
ALIGN ego[02] partner[00] R2=0.863773 NMSE=0.136227 NP=0.927482 blind_NP=0.909046 PS-NP_gain=0.018436 shuffled_R2=-0.013716 shuffled_NP=0.002981
ALIGN ego[02] partner[01] R2=0.916889 NMSE=0.083111 NP=0.960256 blind_NP=0.947167 PS-NP_gain=0.013089 shuffled_R2=-0.056157 shuffled_NP=0.001066
ALIGN ego[02] partner[02] R2=0.941955 NMSE=0.058045 NP=0.970138 blind_NP=0.963043 PS-NP_gain=0.007095 shuffled_R2=-0.019615 shuffled_NP=0.002696
ALIGN ego[02] partner[03] R2=0.895480 NMSE=0.104520 NP=0.944989 blind_NP=0.933175 PS-NP_gain=0.011815 shuffled_R2=-0.015906 shuffled_NP=0.003297
ALIGN ego[02] partner[04] R2=0.835979 NMSE=0.164021 NP=0.912470 blind_NP=0.889691 PS-NP_gain=0.022779 shuffled_R2=-0.016749 shuffled_NP=0.001515
ALIGN ego[03] partner[00] R2=0.915090 NMSE=0.084910 NP=0.955988 blind_NP=0.947291 PS-NP_gain=0.008697 shuffled_R2=-0.012788 shuffled_NP=0.003335
ALIGN ego[03] partner[01] R2=0.803141 NMSE=0.196859 NP=0.906108 blind_NP=0.892322 PS-NP_gain=0.013786 shuffled_R2=-0.036449 shuffled_NP=0.003763
ALIGN ego[03] partner[02] R2=0.900823 NMSE=0.099177 NP=0.948981 blind_NP=0.928622 PS-NP_gain=0.020359 shuffled_R2=-0.018203 shuffled_NP=0.002715
ALIGN ego[03] partner[03] R2=0.938541 NMSE=0.061459 NP=0.963369 blind_NP=0.950082 PS-NP_gain=0.013287 shuffled_R2=-0.018650 shuffled_NP=0.003167
ALIGN ego[03] partner[04] R2=0.850283 NMSE=0.149717 NP=0.924458 blind_NP=0.914676 PS-NP_gain=0.009782 shuffled_R2=-0.020836 shuffled_NP=0.003241
ALIGN ego[04] partner[00] R2=0.865371 NMSE=0.134629 NP=0.929363 blind_NP=0.908881 PS-NP_gain=0.020481 shuffled_R2=-0.013841 shuffled_NP=0.004285
ALIGN ego[04] partner[01] R2=0.888126 NMSE=0.111874 NP=0.942654 blind_NP=0.920929 PS-NP_gain=0.021725 shuffled_R2=-0.015177 shuffled_NP=0.005165
ALIGN ego[04] partner[02] R2=0.832823 NMSE=0.167177 NP=0.911836 blind_NP=0.897659 PS-NP_gain=0.014177 shuffled_R2=-0.013031 shuffled_NP=0.007512
ALIGN ego[04] partner[03] R2=0.930440 NMSE=0.069560 NP=0.963576 blind_NP=0.953185 PS-NP_gain=0.010390 shuffled_R2=-0.012209 shuffled_NP=0.004079
ALIGN ego[04] partner[04] R2=0.899996 NMSE=0.100004 NP=0.947895 blind_NP=0.934305 PS-NP_gain=0.013590 shuffled_R2=-0.016044 shuffled_NP=0.002079
Average ego-to-partner alignment R2: 0.884109 +- 0.007997 SE over 25 ego-partner pairs
Average alignment normalized MSE: 0.115891 +- 0.007997 SE
Average shuffled-control alignment R2: -0.018951 +- 0.001803 SE
Average neural predictivity: 0.939687 +- 0.004062 SE
Average blind-control neural predictivity: 0.926761 +- 0.004757 SE
Average PS-NP gain: 0.012925 +- 0.001108 SE
Average shuffled-control neural predictivity: 0.003243 +- 0.000259 SE
Saved alignment results to zsc_results/lmpred_ema_gamma09/coord_ring
Evaluating ZSC for method=lmpred_ema_no_self_pred, layout=cramped_room5x5, prefix=checkpoints/lmpred_ema_no_self_pred/, result_name=lmpred_ema_no_self_pred, perspective_transform=true
Importing submoduled environments...
Submoduled environments imported successfully.
LOADED: checkpoints/lmpred_ema_no_self_pred/cramped_room5x5/baseline_seed_0_step_220.msgpack
LOADED: checkpoints/lmpred_ema_no_self_pred/cramped_room5x5/baseline_seed_1_step_220.msgpack
LOADED: checkpoints/lmpred_ema_no_self_pred/cramped_room5x5/baseline_seed_2_step_220.msgpack
LOADED: checkpoints/lmpred_ema_no_self_pred/cramped_room5x5/baseline_seed_3_step_220.msgpack
LOADED: checkpoints/lmpred_ema_no_self_pred/cramped_room5x5/baseline_seed_4_step_220.msgpack
ZSC[00, 00] = 225.066
ZSC[00, 01] = 145.438
ZSC[00, 02] = 155.633
ZSC[00, 03] = 159.077
ZSC[00, 04] = 189.727
ZSC[01, 00] = 144.397
ZSC[01, 01] = 238.450
ZSC[01, 02] = 218.192
ZSC[01, 03] = 221.378
ZSC[01, 04] = 193.803
ZSC[02, 00] = 157.016
ZSC[02, 01] = 218.469
ZSC[02, 02] = 231.312
ZSC[02, 03] = 229.755
ZSC[02, 04] = 192.700
ZSC[03, 00] = 158.102
ZSC[03, 01] = 219.861
ZSC[03, 02] = 229.903
ZSC[03, 03] = 211.073
ZSC[03, 04] = 124.817
ZSC[04, 00] = 188.678
ZSC[04, 01] = 193.856
ZSC[04, 02] = 192.706
ZSC[04, 03] = 123.281
ZSC[04, 04] = 212.453
Average SP performance (diagonal/self-copy): 223.671 +- 5.307 SE over 5 pairs
Average XP performance (off-diagonal/excluding self): 182.839 +- 7.726 SE over 20 ordered pairs
Saved ZSC results to zsc_results/lmpred_ema_no_self_pred/cramped_room5x5
Saved ZSC heatmap to zsc_results/lmpred_ema_no_self_pred/cramped_room5x5/xp_matrix.png
Using alignment rollout scale: ALIGN_PAIR_BATCH_SIZE=1, ALIGN_EVAL_NUM_EPISODES=128, ALIGN_EVAL_NUM_STEPS=400
ALIGN ego[00] partner[00] R2=0.921984 NMSE=0.078016 NP=0.960184 blind_NP=0.949103 PS-NP_gain=0.011081 shuffled_R2=-0.018688 shuffled_NP=0.001604
ALIGN ego[00] partner[01] R2=0.947628 NMSE=0.052372 NP=0.972802 blind_NP=0.968295 PS-NP_gain=0.004508 shuffled_R2=-0.014680 shuffled_NP=0.003779
ALIGN ego[00] partner[02] R2=0.878597 NMSE=0.121403 NP=0.938734 blind_NP=0.916540 PS-NP_gain=0.022194 shuffled_R2=-0.029711 shuffled_NP=0.006629
ALIGN ego[00] partner[03] R2=0.960574 NMSE=0.039426 NP=0.979823 blind_NP=0.971744 PS-NP_gain=0.008079 shuffled_R2=-0.017085 shuffled_NP=0.002495
ALIGN ego[00] partner[04] R2=0.906009 NMSE=0.093991 NP=0.951500 blind_NP=0.941054 PS-NP_gain=0.010447 shuffled_R2=-0.022272 shuffled_NP=0.001591
ALIGN ego[01] partner[00] R2=0.951158 NMSE=0.048842 NP=0.974946 blind_NP=0.962726 PS-NP_gain=0.012220 shuffled_R2=-0.019288 shuffled_NP=0.002422
ALIGN ego[01] partner[01] R2=0.942762 NMSE=0.057238 NP=0.970640 blind_NP=0.961229 PS-NP_gain=0.009410 shuffled_R2=-0.014685 shuffled_NP=0.003659
ALIGN ego[01] partner[02] R2=0.930115 NMSE=0.069885 NP=0.964111 blind_NP=0.956458 PS-NP_gain=0.007653 shuffled_R2=-0.017991 shuffled_NP=0.002678
ALIGN ego[01] partner[03] R2=0.938408 NMSE=0.061592 NP=0.968554 blind_NP=0.950786 PS-NP_gain=0.017768 shuffled_R2=-0.016114 shuffled_NP=0.003133
ALIGN ego[01] partner[04] R2=0.819775 NMSE=0.180225 NP=0.910042 blind_NP=0.892832 PS-NP_gain=0.017210 shuffled_R2=-0.029234 shuffled_NP=0.003732
ALIGN ego[02] partner[00] R2=0.946696 NMSE=0.053304 NP=0.972323 blind_NP=0.966707 PS-NP_gain=0.005615 shuffled_R2=-0.014124 shuffled_NP=0.005745
ALIGN ego[02] partner[01] R2=0.916483 NMSE=0.083517 NP=0.957485 blind_NP=0.951433 PS-NP_gain=0.006051 shuffled_R2=-0.018563 shuffled_NP=0.001640
ALIGN ego[02] partner[02] R2=0.898837 NMSE=0.101163 NP=0.948446 blind_NP=0.929290 PS-NP_gain=0.019156 shuffled_R2=-0.027733 shuffled_NP=0.002434
ALIGN ego[02] partner[03] R2=0.938859 NMSE=0.061141 NP=0.968721 blind_NP=0.962540 PS-NP_gain=0.006182 shuffled_R2=-0.014718 shuffled_NP=0.006595
ALIGN ego[02] partner[04] R2=0.915004 NMSE=0.084996 NP=0.955866 blind_NP=0.939797 PS-NP_gain=0.016069 shuffled_R2=-0.018687 shuffled_NP=0.002573
ALIGN ego[03] partner[00] R2=0.915028 NMSE=0.084972 NP=0.957572 blind_NP=0.954094 PS-NP_gain=0.003477 shuffled_R2=-0.023741 shuffled_NP=0.004570
ALIGN ego[03] partner[01] R2=0.925377 NMSE=0.074623 NP=0.961458 blind_NP=0.958430 PS-NP_gain=0.003029 shuffled_R2=-0.019163 shuffled_NP=0.002682
ALIGN ego[03] partner[02] R2=0.941184 NMSE=0.058816 NP=0.969729 blind_NP=0.965765 PS-NP_gain=0.003964 shuffled_R2=-0.017037 shuffled_NP=0.003038
ALIGN ego[03] partner[03] R2=0.933218 NMSE=0.066782 NP=0.965866 blind_NP=0.956530 PS-NP_gain=0.009336 shuffled_R2=-0.018571 shuffled_NP=0.003433
ALIGN ego[03] partner[04] R2=0.950034 NMSE=0.049966 NP=0.974187 blind_NP=0.951196 PS-NP_gain=0.022990 shuffled_R2=-0.014388 shuffled_NP=0.002974
ALIGN ego[04] partner[00] R2=0.803081 NMSE=0.196919 NP=0.906281 blind_NP=0.907832 PS-NP_gain=-0.001551 shuffled_R2=-0.043036 shuffled_NP=0.002289
ALIGN ego[04] partner[01] R2=0.901883 NMSE=0.098117 NP=0.949248 blind_NP=0.934004 PS-NP_gain=0.015244 shuffled_R2=-0.016763 shuffled_NP=0.003681
ALIGN ego[04] partner[02] R2=0.928023 NMSE=0.071977 NP=0.962266 blind_NP=0.948372 PS-NP_gain=0.013894 shuffled_R2=-0.016046 shuffled_NP=0.003381
ALIGN ego[04] partner[03] R2=0.895986 NMSE=0.104014 NP=0.947340 blind_NP=0.922150 PS-NP_gain=0.025190 shuffled_R2=-0.027842 shuffled_NP=0.002653
ALIGN ego[04] partner[04] R2=0.901976 NMSE=0.098024 NP=0.949205 blind_NP=0.936476 PS-NP_gain=0.012729 shuffled_R2=-0.015168 shuffled_NP=0.005041
Average ego-to-partner alignment R2: 0.916347 +- 0.007535 SE over 25 ego-partner pairs
Average alignment normalized MSE: 0.083653 +- 0.007535 SE
Average shuffled-control alignment R2: -0.020213 +- 0.001351 SE
Average neural predictivity: 0.957493 +- 0.003618 SE
Average blind-control neural predictivity: 0.946215 +- 0.003999 SE
Average PS-NP gain: 0.011278 +- 0.001383 SE
Average shuffled-control neural predictivity: 0.003378 +- 0.000279 SE
Saved alignment results to zsc_results/lmpred_ema_no_self_pred/cramped_room5x5
Evaluating ZSC for method=lmpred_ema_no_self_pred, layout=counter_circuit, prefix=checkpoints/lmpred_ema_no_self_pred/, result_name=lmpred_ema_no_self_pred, perspective_transform=true
Importing submoduled environments...
Submoduled environments imported successfully.
LOADED: checkpoints/lmpred_ema_no_self_pred/counter_circuit/baseline_seed_0_step_380.msgpack
LOADED: checkpoints/lmpred_ema_no_self_pred/counter_circuit/baseline_seed_1_step_380.msgpack
LOADED: checkpoints/lmpred_ema_no_self_pred/counter_circuit/baseline_seed_2_step_380.msgpack
LOADED: checkpoints/lmpred_ema_no_self_pred/counter_circuit/baseline_seed_3_step_380.msgpack
LOADED: checkpoints/lmpred_ema_no_self_pred/counter_circuit/baseline_seed_4_step_380.msgpack
ZSC[00, 00] = 284.703
ZSC[00, 01] = 258.044
ZSC[00, 02] = 147.992
ZSC[00, 03] = 178.930
ZSC[00, 04] = 200.991
ZSC[01, 00] = 256.161
ZSC[01, 01] = 241.720
ZSC[01, 02] = 222.123
ZSC[01, 03] = 211.984
ZSC[01, 04] = 200.189
ZSC[02, 00] = 152.367
ZSC[02, 01] = 217.573
ZSC[02, 02] = 238.286
ZSC[02, 03] = 217.812
ZSC[02, 04] = 166.864
ZSC[03, 00] = 152.906
ZSC[03, 01] = 212.031
ZSC[03, 02] = 219.077
ZSC[03, 03] = 209.989
ZSC[03, 04] = 153.262
ZSC[04, 00] = 201.697
ZSC[04, 01] = 200.177
ZSC[04, 02] = 168.417
ZSC[04, 03] = 157.916
ZSC[04, 04] = 174.905
Average SP performance (diagonal/self-copy): 229.921 +- 18.213 SE over 5 pairs
Average XP performance (off-diagonal/excluding self): 194.826 +- 7.512 SE over 20 ordered pairs
Saved ZSC results to zsc_results/lmpred_ema_no_self_pred/counter_circuit
Saved ZSC heatmap to zsc_results/lmpred_ema_no_self_pred/counter_circuit/xp_matrix.png
Using alignment rollout scale: ALIGN_PAIR_BATCH_SIZE=1, ALIGN_EVAL_NUM_EPISODES=128, ALIGN_EVAL_NUM_STEPS=400
ALIGN ego[00] partner[00] R2=0.886880 NMSE=0.113120 NP=0.941124 blind_NP=0.930717 PS-NP_gain=0.010407 shuffled_R2=-0.014997 shuffled_NP=0.003472
ALIGN ego[00] partner[01] R2=0.871051 NMSE=0.128949 NP=0.931343 blind_NP=0.914240 PS-NP_gain=0.017103 shuffled_R2=-0.014790 shuffled_NP=0.005039
ALIGN ego[00] partner[02] R2=0.806953 NMSE=0.193047 NP=0.897488 blind_NP=0.871280 PS-NP_gain=0.026208 shuffled_R2=-0.017884 shuffled_NP=0.001428
ALIGN ego[00] partner[03] R2=0.797149 NMSE=0.202851 NP=0.895593 blind_NP=0.869702 PS-NP_gain=0.025891 shuffled_R2=-0.021067 shuffled_NP=0.003162
ALIGN ego[00] partner[04] R2=0.819171 NMSE=0.180829 NP=0.903639 blind_NP=0.866472 PS-NP_gain=0.037167 shuffled_R2=-0.015866 shuffled_NP=0.003097
ALIGN ego[01] partner[00] R2=0.848401 NMSE=0.151599 NP=0.918975 blind_NP=0.898636 PS-NP_gain=0.020340 shuffled_R2=-0.019820 shuffled_NP=0.001378
ALIGN ego[01] partner[01] R2=0.821186 NMSE=0.178814 NP=0.905942 blind_NP=0.878071 PS-NP_gain=0.027871 shuffled_R2=-0.018409 shuffled_NP=0.004056
ALIGN ego[01] partner[02] R2=0.837970 NMSE=0.162030 NP=0.914351 blind_NP=0.898687 PS-NP_gain=0.015664 shuffled_R2=-0.014384 shuffled_NP=0.004265
ALIGN ego[01] partner[03] R2=0.783339 NMSE=0.216661 NP=0.884382 blind_NP=0.858883 PS-NP_gain=0.025500 shuffled_R2=-0.018802 shuffled_NP=0.003141
ALIGN ego[01] partner[04] R2=0.809339 NMSE=0.190661 NP=0.898121 blind_NP=0.861094 PS-NP_gain=0.037027 shuffled_R2=-0.014660 shuffled_NP=0.004089
ALIGN ego[02] partner[00] R2=0.817918 NMSE=0.182082 NP=0.903135 blind_NP=0.873592 PS-NP_gain=0.029543 shuffled_R2=-0.017076 shuffled_NP=0.003057
ALIGN ego[02] partner[01] R2=0.828873 NMSE=0.171127 NP=0.908734 blind_NP=0.887702 PS-NP_gain=0.021031 shuffled_R2=-0.015943 shuffled_NP=0.002672
ALIGN ego[02] partner[02] R2=0.818442 NMSE=0.181558 NP=0.903309 blind_NP=0.882032 PS-NP_gain=0.021277 shuffled_R2=-0.015615 shuffled_NP=0.002000
ALIGN ego[02] partner[03] R2=0.872322 NMSE=0.127678 NP=0.933563 blind_NP=0.911974 PS-NP_gain=0.021588 shuffled_R2=-0.017157 shuffled_NP=0.002373
ALIGN ego[02] partner[04] R2=0.770087 NMSE=0.229913 NP=0.878373 blind_NP=0.847316 PS-NP_gain=0.031057 shuffled_R2=-0.018374 shuffled_NP=0.006217
ALIGN ego[03] partner[00] R2=0.814192 NMSE=0.185808 NP=0.902471 blind_NP=0.876890 PS-NP_gain=0.025580 shuffled_R2=-0.022493 shuffled_NP=0.002464
ALIGN ego[03] partner[01] R2=0.784836 NMSE=0.215164 NP=0.883681 blind_NP=0.862533 PS-NP_gain=0.021147 shuffled_R2=-0.021576 shuffled_NP=0.001971
ALIGN ego[03] partner[02] R2=0.812668 NMSE=0.187332 NP=0.900843 blind_NP=0.881589 PS-NP_gain=0.019254 shuffled_R2=-0.016016 shuffled_NP=0.003418
ALIGN ego[03] partner[03] R2=0.883310 NMSE=0.116690 NP=0.939078 blind_NP=0.923406 PS-NP_gain=0.015672 shuffled_R2=-0.016545 shuffled_NP=0.004192
ALIGN ego[03] partner[04] R2=0.722302 NMSE=0.277698 NP=0.851516 blind_NP=0.825314 PS-NP_gain=0.026202 shuffled_R2=-0.024106 shuffled_NP=0.002256
ALIGN ego[04] partner[00] R2=0.781108 NMSE=0.218892 NP=0.879966 blind_NP=0.862466 PS-NP_gain=0.017499 shuffled_R2=-0.014522 shuffled_NP=0.006329
ALIGN ego[04] partner[01] R2=0.780812 NMSE=0.219188 NP=0.879470 blind_NP=0.855232 PS-NP_gain=0.024238 shuffled_R2=-0.015639 shuffled_NP=0.004942
ALIGN ego[04] partner[02] R2=0.766374 NMSE=0.233626 NP=0.872519 blind_NP=0.849886 PS-NP_gain=0.022633 shuffled_R2=-0.016564 shuffled_NP=0.004560
ALIGN ego[04] partner[03] R2=0.754597 NMSE=0.245403 NP=0.866155 blind_NP=0.845205 PS-NP_gain=0.020950 shuffled_R2=-0.019465 shuffled_NP=0.002706
ALIGN ego[04] partner[04] R2=0.804156 NMSE=0.195844 NP=0.895988 blind_NP=0.880474 PS-NP_gain=0.015513 shuffled_R2=-0.016619 shuffled_NP=0.002854
Average ego-to-partner alignment R2: 0.811737 +- 0.008093 SE over 25 ego-partner pairs
Average alignment normalized MSE: 0.188263 +- 0.008093 SE
Average shuffled-control alignment R2: -0.017536 +- 0.000529 SE
Average neural predictivity: 0.899590 +- 0.004498 SE
Average blind-control neural predictivity: 0.876536 +- 0.005122 SE
Average PS-NP gain: 0.023055 +- 0.001289 SE
Average shuffled-control neural predictivity: 0.003406 +- 0.000265 SE
Saved alignment results to zsc_results/lmpred_ema_no_self_pred/counter_circuit
Evaluating ZSC for method=lmpred_ema_no_self_pred, layout=coord_ring, prefix=checkpoints/lmpred_ema_no_self_pred/, result_name=lmpred_ema_no_self_pred, perspective_transform=true
Importing submoduled environments...
Submoduled environments imported successfully.
LOADED: checkpoints/lmpred_ema_no_self_pred/coord_ring/baseline_seed_0_step_220.msgpack
LOADED: checkpoints/lmpred_ema_no_self_pred/coord_ring/baseline_seed_1_step_220.msgpack
LOADED: checkpoints/lmpred_ema_no_self_pred/coord_ring/baseline_seed_2_step_220.msgpack
LOADED: checkpoints/lmpred_ema_no_self_pred/coord_ring/baseline_seed_3_step_220.msgpack
LOADED: checkpoints/lmpred_ema_no_self_pred/coord_ring/baseline_seed_4_step_220.msgpack
ZSC[00, 00] = 295.125
ZSC[00, 01] = 231.228
ZSC[00, 02] = 225.991
ZSC[00, 03] = 45.659
ZSC[00, 04] = 240.247
ZSC[01, 00] = 231.953
ZSC[01, 01] = 290.617
ZSC[01, 02] = 236.845
ZSC[01, 03] = 130.087
ZSC[01, 04] = 271.903
ZSC[02, 00] = 225.736
ZSC[02, 01] = 237.352
ZSC[02, 02] = 303.442
ZSC[02, 03] = 22.533
ZSC[02, 04] = 268.478
ZSC[03, 00] = 45.130
ZSC[03, 01] = 130.617
ZSC[03, 02] = 22.358
ZSC[03, 03] = 272.566
ZSC[03, 04] = 62.030
ZSC[04, 00] = 241.608
ZSC[04, 01] = 278.081
ZSC[04, 02] = 268.634
ZSC[04, 03] = 61.992
ZSC[04, 04] = 309.653
Average SP performance (diagonal/self-copy): 294.281 +- 6.348 SE over 5 pairs
Average XP performance (off-diagonal/excluding self): 173.923 +- 21.469 SE over 20 ordered pairs
Saved ZSC results to zsc_results/lmpred_ema_no_self_pred/coord_ring
Saved ZSC heatmap to zsc_results/lmpred_ema_no_self_pred/coord_ring/xp_matrix.png
Using alignment rollout scale: ALIGN_PAIR_BATCH_SIZE=1, ALIGN_EVAL_NUM_EPISODES=128, ALIGN_EVAL_NUM_STEPS=400
ALIGN ego[00] partner[00] R2=0.887779 NMSE=0.112221 NP=0.943087 blind_NP=0.922819 PS-NP_gain=0.020268 shuffled_R2=-0.020099 shuffled_NP=0.004419
ALIGN ego[00] partner[01] R2=0.811336 NMSE=0.188664 NP=0.900779 blind_NP=0.880708 PS-NP_gain=0.020071 shuffled_R2=-0.019181 shuffled_NP=0.003752
ALIGN ego[00] partner[02] R2=0.810325 NMSE=0.189675 NP=0.902817 blind_NP=0.886897 PS-NP_gain=0.015920 shuffled_R2=-0.026707 shuffled_NP=0.002489
ALIGN ego[00] partner[03] R2=0.908788 NMSE=0.091212 NP=0.951897 blind_NP=0.938570 PS-NP_gain=0.013327 shuffled_R2=-0.017243 shuffled_NP=0.003913
ALIGN ego[00] partner[04] R2=0.853585 NMSE=0.146415 NP=0.920851 blind_NP=0.909747 PS-NP_gain=0.011104 shuffled_R2=-0.015944 shuffled_NP=0.002183
ALIGN ego[01] partner[00] R2=0.860483 NMSE=0.139517 NP=0.925156 blind_NP=0.909135 PS-NP_gain=0.016022 shuffled_R2=-0.015535 shuffled_NP=0.002325
ALIGN ego[01] partner[01] R2=0.834478 NMSE=0.165522 NP=0.911537 blind_NP=0.897442 PS-NP_gain=0.014096 shuffled_R2=-0.028327 shuffled_NP=0.003315
ALIGN ego[01] partner[02] R2=0.817219 NMSE=0.182781 NP=0.903912 blind_NP=0.890249 PS-NP_gain=0.013663 shuffled_R2=-0.019907 shuffled_NP=0.003115
ALIGN ego[01] partner[03] R2=0.902418 NMSE=0.097582 NP=0.949445 blind_NP=0.935850 PS-NP_gain=0.013595 shuffled_R2=-0.020797 shuffled_NP=0.002595
ALIGN ego[01] partner[04] R2=0.819222 NMSE=0.180778 NP=0.905373 blind_NP=0.886852 PS-NP_gain=0.018521 shuffled_R2=-0.021138 shuffled_NP=0.004020
ALIGN ego[02] partner[00] R2=0.826189 NMSE=0.173811 NP=0.911198 blind_NP=0.872613 PS-NP_gain=0.038586 shuffled_R2=-0.035088 shuffled_NP=0.003642
ALIGN ego[02] partner[01] R2=0.857768 NMSE=0.142232 NP=0.924488 blind_NP=0.905658 PS-NP_gain=0.018830 shuffled_R2=-0.015380 shuffled_NP=0.003482
ALIGN ego[02] partner[02] R2=0.842503 NMSE=0.157497 NP=0.916680 blind_NP=0.900519 PS-NP_gain=0.016161 shuffled_R2=-0.019091 shuffled_NP=0.001476
ALIGN ego[02] partner[03] R2=0.915177 NMSE=0.084823 NP=0.955179 blind_NP=0.893957 PS-NP_gain=0.061222 shuffled_R2=-0.021725 shuffled_NP=0.001972
ALIGN ego[02] partner[04] R2=0.780249 NMSE=0.219751 NP=0.889042 blind_NP=0.860184 PS-NP_gain=0.028858 shuffled_R2=-0.024871 shuffled_NP=0.004347
ALIGN ego[03] partner[00] R2=0.880707 NMSE=0.119293 NP=0.939517 blind_NP=0.915822 PS-NP_gain=0.023695 shuffled_R2=-0.023605 shuffled_NP=0.002315
ALIGN ego[03] partner[01] R2=0.904074 NMSE=0.095926 NP=0.948757 blind_NP=0.939070 PS-NP_gain=0.009687 shuffled_R2=-0.016792 shuffled_NP=0.002884
ALIGN ego[03] partner[02] R2=0.908615 NMSE=0.091385 NP=0.950726 blind_NP=0.941691 PS-NP_gain=0.009035 shuffled_R2=-0.022043 shuffled_NP=0.002501
ALIGN ego[03] partner[03] R2=0.756263 NMSE=0.243737 NP=0.882354 blind_NP=0.832416 PS-NP_gain=0.049937 shuffled_R2=-0.042252 shuffled_NP=0.001905
ALIGN ego[03] partner[04] R2=0.932174 NMSE=0.067826 NP=0.965175 blind_NP=0.938979 PS-NP_gain=0.026196 shuffled_R2=-0.014559 shuffled_NP=0.003710
ALIGN ego[04] partner[00] R2=0.814636 NMSE=0.185364 NP=0.901554 blind_NP=0.832245 PS-NP_gain=0.069309 shuffled_R2=-0.023040 shuffled_NP=0.005095
ALIGN ego[04] partner[01] R2=0.884265 NMSE=0.115735 NP=0.939545 blind_NP=0.922391 PS-NP_gain=0.017154 shuffled_R2=-0.014065 shuffled_NP=0.006890
ALIGN ego[04] partner[02] R2=0.869478 NMSE=0.130522 NP=0.931007 blind_NP=0.906693 PS-NP_gain=0.024314 shuffled_R2=-0.017421 shuffled_NP=0.002847
ALIGN ego[04] partner[03] R2=0.929767 NMSE=0.070233 NP=0.963048 blind_NP=0.930414 PS-NP_gain=0.032634 shuffled_R2=-0.017820 shuffled_NP=0.005862
ALIGN ego[04] partner[04] R2=0.751890 NMSE=0.248110 NP=0.896267 blind_NP=0.856586 PS-NP_gain=0.039681 shuffled_R2=-0.066022 shuffled_NP=0.001891
Average ego-to-partner alignment R2: 0.854376 +- 0.010331 SE over 25 ego-partner pairs
Average alignment normalized MSE: 0.145624 +- 0.010331 SE
Average shuffled-control alignment R2: -0.023146 +- 0.002205 SE
Average neural predictivity: 0.925176 +- 0.004858 SE
Average blind-control neural predictivity: 0.900300 +- 0.006356 SE
Average PS-NP gain: 0.024875 +- 0.003162 SE
Average shuffled-control neural predictivity: 0.003318 +- 0.000261 SE
Saved alignment results to zsc_results/lmpred_ema_no_self_pred/coord_ring
Evaluating ZSC for method=lmpred, layout=cramped_room5x5, prefix=checkpoints/lmpred/, result_name=lmpred, perspective_transform=true
Importing submoduled environments...
Submoduled environments imported successfully.
LOADED: checkpoints/lmpred/cramped_room5x5/baseline_seed_0_step_220.msgpack
LOADED: checkpoints/lmpred/cramped_room5x5/baseline_seed_1_step_220.msgpack
LOADED: checkpoints/lmpred/cramped_room5x5/baseline_seed_2_step_220.msgpack
LOADED: checkpoints/lmpred/cramped_room5x5/baseline_seed_3_step_220.msgpack
LOADED: checkpoints/lmpred/cramped_room5x5/baseline_seed_4_step_220.msgpack
ZSC[00, 00] = 237.880
ZSC[00, 01] = 235.647
ZSC[00, 02] = 228.825
ZSC[00, 03] = 216.439
ZSC[00, 04] = 180.252
ZSC[01, 00] = 235.903
ZSC[01, 01] = 239.716
ZSC[01, 02] = 239.416
ZSC[01, 03] = 236.752
ZSC[01, 04] = 225.689
ZSC[02, 00] = 229.370
ZSC[02, 01] = 239.419
ZSC[02, 02] = 232.598
ZSC[02, 03] = 227.005
ZSC[02, 04] = 229.252
ZSC[03, 00] = 216.828
ZSC[03, 01] = 237.014
ZSC[03, 02] = 227.011
ZSC[03, 03] = 232.297
ZSC[03, 04] = 213.641
ZSC[04, 00] = 181.708
ZSC[04, 01] = 225.903
ZSC[04, 02] = 228.931
ZSC[04, 03] = 214.325
ZSC[04, 04] = 240.000
Average SP performance (diagonal/self-copy): 236.498 +- 1.694 SE over 5 pairs
Average XP performance (off-diagonal/excluding self): 223.466 +- 3.706 SE over 20 ordered pairs
Saved ZSC results to zsc_results/lmpred/cramped_room5x5
Saved ZSC heatmap to zsc_results/lmpred/cramped_room5x5/xp_matrix.png
Using alignment rollout scale: ALIGN_PAIR_BATCH_SIZE=1, ALIGN_EVAL_NUM_EPISODES=128, ALIGN_EVAL_NUM_STEPS=400
ALIGN ego[00] partner[00] R2=0.912084 NMSE=0.087916 NP=0.954409 blind_NP=0.946781 PS-NP_gain=0.007628 shuffled_R2=-0.015781 shuffled_NP=0.002703
ALIGN ego[00] partner[01] R2=0.927858 NMSE=0.072142 NP=0.963082 blind_NP=0.958018 PS-NP_gain=0.005064 shuffled_R2=-0.023886 shuffled_NP=0.001716
ALIGN ego[00] partner[02] R2=0.925728 NMSE=0.074272 NP=0.962010 blind_NP=0.953267 PS-NP_gain=0.008743 shuffled_R2=-0.019235 shuffled_NP=0.001435
ALIGN ego[00] partner[03] R2=0.903051 NMSE=0.096949 NP=0.949313 blind_NP=0.943362 PS-NP_gain=0.005950 shuffled_R2=-0.017350 shuffled_NP=0.001268
ALIGN ego[00] partner[04] R2=0.946715 NMSE=0.053285 NP=0.972844 blind_NP=0.967960 PS-NP_gain=0.004885 shuffled_R2=-0.015221 shuffled_NP=0.004655
ALIGN ego[01] partner[00] R2=0.917726 NMSE=0.082274 NP=0.957803 blind_NP=0.952236 PS-NP_gain=0.005567 shuffled_R2=-0.022366 shuffled_NP=0.002468
ALIGN ego[01] partner[01] R2=0.954375 NMSE=0.045625 NP=0.976659 blind_NP=0.975980 PS-NP_gain=0.000679 shuffled_R2=-0.016386 shuffled_NP=0.001896
ALIGN ego[01] partner[02] R2=0.946645 NMSE=0.053355 NP=0.972603 blind_NP=0.969175 PS-NP_gain=0.003428 shuffled_R2=-0.015466 shuffled_NP=0.002302
ALIGN ego[01] partner[03] R2=0.932799 NMSE=0.067201 NP=0.965715 blind_NP=0.962978 PS-NP_gain=0.002737 shuffled_R2=-0.018481 shuffled_NP=0.002194
ALIGN ego[01] partner[04] R2=0.946788 NMSE=0.053212 NP=0.972784 blind_NP=0.968947 PS-NP_gain=0.003837 shuffled_R2=-0.015242 shuffled_NP=0.002262
ALIGN ego[02] partner[00] R2=0.929337 NMSE=0.070663 NP=0.963733 blind_NP=0.957719 PS-NP_gain=0.006014 shuffled_R2=-0.017365 shuffled_NP=0.002121
ALIGN ego[02] partner[01] R2=0.940276 NMSE=0.059724 NP=0.969470 blind_NP=0.964141 PS-NP_gain=0.005329 shuffled_R2=-0.015955 shuffled_NP=0.006510
ALIGN ego[02] partner[02] R2=0.949223 NMSE=0.050777 NP=0.973989 blind_NP=0.969408 PS-NP_gain=0.004581 shuffled_R2=-0.016664 shuffled_NP=0.003693
ALIGN ego[02] partner[03] R2=0.921781 NMSE=0.078219 NP=0.959576 blind_NP=0.955428 PS-NP_gain=0.004148 shuffled_R2=-0.015569 shuffled_NP=0.006353
ALIGN ego[02] partner[04] R2=0.948206 NMSE=0.051794 NP=0.973499 blind_NP=0.969230 PS-NP_gain=0.004270 shuffled_R2=-0.015288 shuffled_NP=0.002913
ALIGN ego[03] partner[00] R2=0.824537 NMSE=0.175463 NP=0.916676 blind_NP=0.902236 PS-NP_gain=0.014441 shuffled_R2=-0.024670 shuffled_NP=0.001548
ALIGN ego[03] partner[01] R2=0.947117 NMSE=0.052883 NP=0.972745 blind_NP=0.963927 PS-NP_gain=0.008818 shuffled_R2=-0.017254 shuffled_NP=0.002001
ALIGN ego[03] partner[02] R2=0.743662 NMSE=0.256338 NP=0.901162 blind_NP=0.909637 PS-NP_gain=-0.008474 shuffled_R2=-0.093776 shuffled_NP=0.004845
ALIGN ego[03] partner[03] R2=0.844145 NMSE=0.155855 NP=0.922514 blind_NP=0.927460 PS-NP_gain=-0.004946 shuffled_R2=-0.033289 shuffled_NP=0.002483
ALIGN ego[03] partner[04] R2=0.958639 NMSE=0.041361 NP=0.978709 blind_NP=0.969342 PS-NP_gain=0.009367 shuffled_R2=-0.015300 shuffled_NP=0.002762
ALIGN ego[04] partner[00] R2=0.903241 NMSE=0.096759 NP=0.950635 blind_NP=0.940622 PS-NP_gain=0.010014 shuffled_R2=-0.025426 shuffled_NP=0.002564
ALIGN ego[04] partner[01] R2=0.924418 NMSE=0.075582 NP=0.961239 blind_NP=0.956584 PS-NP_gain=0.004655 shuffled_R2=-0.022176 shuffled_NP=0.002813
ALIGN ego[04] partner[02] R2=0.945804 NMSE=0.054196 NP=0.972022 blind_NP=0.961903 PS-NP_gain=0.010118 shuffled_R2=-0.015088 shuffled_NP=0.003921
ALIGN ego[04] partner[03] R2=0.936602 NMSE=0.063398 NP=0.966742 blind_NP=0.959133 PS-NP_gain=0.007608 shuffled_R2=-0.018372 shuffled_NP=0.003692
ALIGN ego[04] partner[04] R2=0.948724 NMSE=0.051276 NP=0.973866 blind_NP=0.965786 PS-NP_gain=0.008079 shuffled_R2=-0.015078 shuffled_NP=0.001524
Average ego-to-partner alignment R2: 0.919179 +- 0.009689 SE over 25 ego-partner pairs
Average alignment normalized MSE: 0.080821 +- 0.009689 SE
Average shuffled-control alignment R2: -0.021627 +- 0.003134 SE
Average neural predictivity: 0.960152 +- 0.003909 SE
Average blind-control neural predictivity: 0.954850 +- 0.003667 SE
Average PS-NP gain: 0.005302 +- 0.000932 SE
Average shuffled-control neural predictivity: 0.002906 +- 0.000284 SE
Saved alignment results to zsc_results/lmpred/cramped_room5x5
Evaluating ZSC for method=lmpred, layout=counter_circuit, prefix=checkpoints/lmpred/, result_name=lmpred, perspective_transform=true
Importing submoduled environments...
Submoduled environments imported successfully.
LOADED: checkpoints/lmpred/counter_circuit/baseline_seed_0_step_380.msgpack
LOADED: checkpoints/lmpred/counter_circuit/baseline_seed_1_step_380.msgpack
LOADED: checkpoints/lmpred/counter_circuit/baseline_seed_2_step_380.msgpack
LOADED: checkpoints/lmpred/counter_circuit/baseline_seed_3_step_380.msgpack
LOADED: checkpoints/lmpred/counter_circuit/baseline_seed_4_step_380.msgpack
ZSC[00, 00] = 274.320
ZSC[00, 01] = 250.814
ZSC[00, 02] = 252.569
ZSC[00, 03] = 171.833
ZSC[00, 04] = 204.025
ZSC[01, 00] = 248.667
ZSC[01, 01] = 246.037
ZSC[01, 02] = 232.536
ZSC[01, 03] = 158.783
ZSC[01, 04] = 195.219
ZSC[02, 00] = 251.405
ZSC[02, 01] = 232.342
ZSC[02, 02] = 258.864
ZSC[02, 03] = 140.448
ZSC[02, 04] = 222.894
ZSC[03, 00] = 171.000
ZSC[03, 01] = 163.439
ZSC[03, 02] = 123.934
ZSC[03, 03] = 188.298
ZSC[03, 04] = 87.655
ZSC[04, 00] = 204.941
ZSC[04, 01] = 192.359
ZSC[04, 02] = 224.136
ZSC[04, 03] = 95.459
ZSC[04, 04] = 217.188
Average SP performance (diagonal/self-copy): 236.942 +- 15.357 SE over 5 pairs
Average XP performance (off-diagonal/excluding self): 191.223 +- 11.436 SE over 20 ordered pairs
Saved ZSC results to zsc_results/lmpred/counter_circuit
Saved ZSC heatmap to zsc_results/lmpred/counter_circuit/xp_matrix.png
Using alignment rollout scale: ALIGN_PAIR_BATCH_SIZE=1, ALIGN_EVAL_NUM_EPISODES=128, ALIGN_EVAL_NUM_STEPS=400
ALIGN ego[00] partner[00] R2=0.856492 NMSE=0.143508 NP=0.924546 blind_NP=0.906131 PS-NP_gain=0.018416 shuffled_R2=-0.018491 shuffled_NP=0.002486
ALIGN ego[00] partner[01] R2=0.804380 NMSE=0.195620 NP=0.900096 blind_NP=0.877867 PS-NP_gain=0.022229 shuffled_R2=-0.019587 shuffled_NP=0.003307
ALIGN ego[00] partner[02] R2=0.859810 NMSE=0.140190 NP=0.926424 blind_NP=0.910163 PS-NP_gain=0.016260 shuffled_R2=-0.017623 shuffled_NP=0.002391
ALIGN ego[00] partner[03] R2=0.799428 NMSE=0.200572 NP=0.895767 blind_NP=0.882669 PS-NP_gain=0.013098 shuffled_R2=-0.027303 shuffled_NP=0.002346
ALIGN ego[00] partner[04] R2=0.850424 NMSE=0.149576 NP=0.921786 blind_NP=0.896437 PS-NP_gain=0.025349 shuffled_R2=-0.018392 shuffled_NP=0.002491
ALIGN ego[01] partner[00] R2=0.736831 NMSE=0.263169 NP=0.868193 blind_NP=0.857121 PS-NP_gain=0.011072 shuffled_R2=-0.050641 shuffled_NP=0.003657
ALIGN ego[01] partner[01] R2=0.795772 NMSE=0.204228 NP=0.892284 blind_NP=0.873357 PS-NP_gain=0.018927 shuffled_R2=-0.016449 shuffled_NP=0.002257
ALIGN ego[01] partner[02] R2=0.830526 NMSE=0.169474 NP=0.911196 blind_NP=0.898039 PS-NP_gain=0.013157 shuffled_R2=-0.018268 shuffled_NP=0.003262
ALIGN ego[01] partner[03] R2=0.767506 NMSE=0.232494 NP=0.873144 blind_NP=0.847998 PS-NP_gain=0.025146 shuffled_R2=-0.018859 shuffled_NP=0.002781
ALIGN ego[01] partner[04] R2=0.819376 NMSE=0.180624 NP=0.904823 blind_NP=0.893029 PS-NP_gain=0.011794 shuffled_R2=-0.016306 shuffled_NP=0.002185
ALIGN ego[02] partner[00] R2=0.847151 NMSE=0.152849 NP=0.919156 blind_NP=0.896856 PS-NP_gain=0.022300 shuffled_R2=-0.018635 shuffled_NP=0.001188
ALIGN ego[02] partner[01] R2=0.838454 NMSE=0.161546 NP=0.913095 blind_NP=0.888856 PS-NP_gain=0.024239 shuffled_R2=-0.014342 shuffled_NP=0.003820
ALIGN ego[02] partner[02] R2=0.880745 NMSE=0.119255 NP=0.937468 blind_NP=0.918871 PS-NP_gain=0.018597 shuffled_R2=-0.017038 shuffled_NP=0.001498
ALIGN ego[02] partner[03] R2=0.765033 NMSE=0.234967 NP=0.877920 blind_NP=0.847735 PS-NP_gain=0.030185 shuffled_R2=-0.028126 shuffled_NP=0.005514
ALIGN ego[02] partner[04] R2=0.896508 NMSE=0.103492 NP=0.946076 blind_NP=0.932474 PS-NP_gain=0.013602 shuffled_R2=-0.014225 shuffled_NP=0.004389
ALIGN ego[03] partner[00] R2=0.787236 NMSE=0.212764 NP=0.886151 blind_NP=0.860342 PS-NP_gain=0.025809 shuffled_R2=-0.020599 shuffled_NP=0.002719
ALIGN ego[03] partner[01] R2=0.759656 NMSE=0.240344 NP=0.872232 blind_NP=0.840356 PS-NP_gain=0.031875 shuffled_R2=-0.020296 shuffled_NP=0.003495
ALIGN ego[03] partner[02] R2=0.841292 NMSE=0.158708 NP=0.915355 blind_NP=0.880894 PS-NP_gain=0.034461 shuffled_R2=-0.022372 shuffled_NP=0.001325
ALIGN ego[03] partner[03] R2=0.751981 NMSE=0.248019 NP=0.864866 blind_NP=0.815893 PS-NP_gain=0.048973 shuffled_R2=-0.020988 shuffled_NP=0.003216
ALIGN ego[03] partner[04] R2=0.768465 NMSE=0.231535 NP=0.877977 blind_NP=0.844107 PS-NP_gain=0.033870 shuffled_R2=-0.024982 shuffled_NP=0.002093
ALIGN ego[04] partner[00] R2=0.814338 NMSE=0.185662 NP=0.901644 blind_NP=0.873716 PS-NP_gain=0.027928 shuffled_R2=-0.018798 shuffled_NP=0.002229
ALIGN ego[04] partner[01] R2=0.807320 NMSE=0.192680 NP=0.896989 blind_NP=0.881473 PS-NP_gain=0.015516 shuffled_R2=-0.017434 shuffled_NP=0.003703
ALIGN ego[04] partner[02] R2=0.865072 NMSE=0.134928 NP=0.928970 blind_NP=0.908534 PS-NP_gain=0.020436 shuffled_R2=-0.018586 shuffled_NP=0.001578
ALIGN ego[04] partner[03] R2=0.793697 NMSE=0.206303 NP=0.886776 blind_NP=0.862029 PS-NP_gain=0.024747 shuffled_R2=-0.023341 shuffled_NP=0.004644
ALIGN ego[04] partner[04] R2=0.819307 NMSE=0.180693 NP=0.906171 blind_NP=0.885632 PS-NP_gain=0.020539 shuffled_R2=-0.027176 shuffled_NP=0.004868
Average ego-to-partner alignment R2: 0.814272 +- 0.008472 SE over 25 ego-partner pairs
Average alignment normalized MSE: 0.185728 +- 0.008472 SE
Average shuffled-control alignment R2: -0.021154 +- 0.001441 SE
Average neural predictivity: 0.901964 +- 0.004504 SE
Average blind-control neural predictivity: 0.879223 +- 0.005505 SE
Average PS-NP gain: 0.022741 +- 0.001743 SE
Average shuffled-control neural predictivity: 0.002938 +- 0.000227 SE
Saved alignment results to zsc_results/lmpred/counter_circuit
Evaluating ZSC for method=lmpred, layout=coord_ring, prefix=checkpoints/lmpred/, result_name=lmpred, perspective_transform=true
Importing submoduled environments...
Submoduled environments imported successfully.
LOADED: checkpoints/lmpred/coord_ring/baseline_seed_0_step_220.msgpack
LOADED: checkpoints/lmpred/coord_ring/baseline_seed_1_step_220.msgpack
LOADED: checkpoints/lmpred/coord_ring/baseline_seed_2_step_220.msgpack
LOADED: checkpoints/lmpred/coord_ring/baseline_seed_3_step_220.msgpack
LOADED: checkpoints/lmpred/coord_ring/baseline_seed_4_step_220.msgpack
ZSC[00, 00] = 298.127
ZSC[00, 01] = 295.273
ZSC[00, 02] = 299.987
ZSC[00, 03] = 263.902
ZSC[00, 04] = 289.875
ZSC[01, 00] = 295.264
ZSC[01, 01] = 294.914
ZSC[01, 02] = 289.767
ZSC[01, 03] = 289.116
ZSC[01, 04] = 263.989
ZSC[02, 00] = 299.855
ZSC[02, 01] = 289.666
ZSC[02, 02] = 307.073
ZSC[02, 03] = 288.703
ZSC[02, 04] = 270.762
ZSC[03, 00] = 265.373
ZSC[03, 01] = 289.605
ZSC[03, 02] = 288.062
ZSC[03, 03] = 299.447
ZSC[03, 04] = 277.487
ZSC[04, 00] = 289.978
ZSC[04, 01] = 264.672
ZSC[04, 02] = 270.538
ZSC[04, 03] = 277.416
ZSC[04, 04] = 286.241
Average SP performance (diagonal/self-copy): 297.160 +- 3.382 SE over 5 pairs
Average XP performance (off-diagonal/excluding self): 282.965 +- 2.781 SE over 20 ordered pairs
Saved ZSC results to zsc_results/lmpred/coord_ring
Saved ZSC heatmap to zsc_results/lmpred/coord_ring/xp_matrix.png
Using alignment rollout scale: ALIGN_PAIR_BATCH_SIZE=1, ALIGN_EVAL_NUM_EPISODES=128, ALIGN_EVAL_NUM_STEPS=400
ALIGN ego[00] partner[00] R2=0.896831 NMSE=0.103169 NP=0.946221 blind_NP=0.940450 PS-NP_gain=0.005771 shuffled_R2=-0.015277 shuffled_NP=0.005535
ALIGN ego[00] partner[01] R2=0.822273 NMSE=0.177727 NP=0.909297 blind_NP=0.885708 PS-NP_gain=0.023588 shuffled_R2=-0.025534 shuffled_NP=0.002762
ALIGN ego[00] partner[02] R2=0.841928 NMSE=0.158072 NP=0.916056 blind_NP=0.904674 PS-NP_gain=0.011382 shuffled_R2=-0.018211 shuffled_NP=0.002225
ALIGN ego[00] partner[03] R2=0.856855 NMSE=0.143145 NP=0.927215 blind_NP=0.895206 PS-NP_gain=0.032009 shuffled_R2=-0.019832 shuffled_NP=0.005550
ALIGN ego[00] partner[04] R2=0.897424 NMSE=0.102576 NP=0.946458 blind_NP=0.942291 PS-NP_gain=0.004167 shuffled_R2=-0.016296 shuffled_NP=0.001701
ALIGN ego[01] partner[00] R2=0.862488 NMSE=0.137512 NP=0.928059 blind_NP=0.918237 PS-NP_gain=0.009822 shuffled_R2=-0.016293 shuffled_NP=0.003442
ALIGN ego[01] partner[01] R2=0.870473 NMSE=0.129527 NP=0.931976 blind_NP=0.918996 PS-NP_gain=0.012980 shuffled_R2=-0.015840 shuffled_NP=0.002991
ALIGN ego[01] partner[02] R2=0.774358 NMSE=0.225642 NP=0.880279 blind_NP=0.857503 PS-NP_gain=0.022776 shuffled_R2=-0.021375 shuffled_NP=0.003821
ALIGN ego[01] partner[03] R2=0.845691 NMSE=0.154309 NP=0.918033 blind_NP=0.906484 PS-NP_gain=0.011549 shuffled_R2=-0.015960 shuffled_NP=0.002550
ALIGN ego[01] partner[04] R2=0.888689 NMSE=0.111311 NP=0.942247 blind_NP=0.937470 PS-NP_gain=0.004777 shuffled_R2=-0.016067 shuffled_NP=0.003902
ALIGN ego[02] partner[00] R2=0.864660 NMSE=0.135340 NP=0.929034 blind_NP=0.908792 PS-NP_gain=0.020242 shuffled_R2=-0.016837 shuffled_NP=0.002790
ALIGN ego[02] partner[01] R2=0.778467 NMSE=0.221533 NP=0.885901 blind_NP=0.853018 PS-NP_gain=0.032883 shuffled_R2=-0.023617 shuffled_NP=0.003728
ALIGN ego[02] partner[02] R2=0.860138 NMSE=0.139862 NP=0.925649 blind_NP=0.905296 PS-NP_gain=0.020353 shuffled_R2=-0.014436 shuffled_NP=0.005364
ALIGN ego[02] partner[03] R2=0.823651 NMSE=0.176349 NP=0.905120 blind_NP=0.879766 PS-NP_gain=0.025355 shuffled_R2=-0.015702 shuffled_NP=0.003131
ALIGN ego[02] partner[04] R2=0.901689 NMSE=0.098311 NP=0.949223 blind_NP=0.932587 PS-NP_gain=0.016636 shuffled_R2=-0.016030 shuffled_NP=0.003808
ALIGN ego[03] partner[00] R2=0.891537 NMSE=0.108463 NP=0.943433 blind_NP=0.926533 PS-NP_gain=0.016899 shuffled_R2=-0.017005 shuffled_NP=0.002732
ALIGN ego[03] partner[01] R2=0.890019 NMSE=0.109981 NP=0.942452 blind_NP=0.922951 PS-NP_gain=0.019500 shuffled_R2=-0.014857 shuffled_NP=0.005213
ALIGN ego[03] partner[02] R2=0.850384 NMSE=0.149616 NP=0.919859 blind_NP=0.896145 PS-NP_gain=0.023714 shuffled_R2=-0.015814 shuffled_NP=0.003508
ALIGN ego[03] partner[03] R2=0.846780 NMSE=0.153220 NP=0.920107 blind_NP=0.904860 PS-NP_gain=0.015247 shuffled_R2=-0.022405 shuffled_NP=0.002441
ALIGN ego[03] partner[04] R2=0.818122 NMSE=0.181878 NP=0.912609 blind_NP=0.906671 PS-NP_gain=0.005938 shuffled_R2=-0.025190 shuffled_NP=0.004046
ALIGN ego[04] partner[00] R2=0.866667 NMSE=0.133333 NP=0.932107 blind_NP=0.905206 PS-NP_gain=0.026901 shuffled_R2=-0.021531 shuffled_NP=0.003766
ALIGN ego[04] partner[01] R2=0.898560 NMSE=0.101440 NP=0.948000 blind_NP=0.928054 PS-NP_gain=0.019946 shuffled_R2=-0.021445 shuffled_NP=0.002588
ALIGN ego[04] partner[02] R2=0.861318 NMSE=0.138682 NP=0.928757 blind_NP=0.919103 PS-NP_gain=0.009655 shuffled_R2=-0.021724 shuffled_NP=0.004151
ALIGN ego[04] partner[03] R2=0.918061 NMSE=0.081939 NP=0.957770 blind_NP=0.945866 PS-NP_gain=0.011903 shuffled_R2=-0.014160 shuffled_NP=0.002417
ALIGN ego[04] partner[04] R2=0.915770 NMSE=0.084230 NP=0.956621 blind_NP=0.946219 PS-NP_gain=0.010402 shuffled_R2=-0.017410 shuffled_NP=0.003755
Average ego-to-partner alignment R2: 0.861713 +- 0.007592 SE over 25 ego-partner pairs
Average alignment normalized MSE: 0.138287 +- 0.007592 SE
Average shuffled-control alignment R2: -0.018354 +- 0.000694 SE
Average neural predictivity: 0.928099 +- 0.003968 SE
Average blind-control neural predictivity: 0.911523 +- 0.004969 SE
Average PS-NP gain: 0.016576 +- 0.001642 SE
Average shuffled-control neural predictivity: 0.003517 +- 0.000212 SE
Saved alignment results to zsc_results/lmpred/coord_ring
Evaluating ZSC for method=lmpred_ablate, layout=cramped_room5x5, prefix=checkpoints/lmpred_ablate/, result_name=lmpred_ablate, perspective_transform=false
Importing submoduled environments...
Submoduled environments imported successfully.
LOADED: checkpoints/lmpred_ablate/cramped_room5x5/baseline_seed_0_step_220.msgpack
LOADED: checkpoints/lmpred_ablate/cramped_room5x5/baseline_seed_1_step_220.msgpack
LOADED: checkpoints/lmpred_ablate/cramped_room5x5/baseline_seed_2_step_220.msgpack
LOADED: checkpoints/lmpred_ablate/cramped_room5x5/baseline_seed_3_step_220.msgpack
LOADED: checkpoints/lmpred_ablate/cramped_room5x5/baseline_seed_4_step_220.msgpack
ZSC[00, 00] = 239.005
ZSC[00, 01] = 217.156
ZSC[00, 02] = 232.328
ZSC[00, 03] = 216.022
ZSC[00, 04] = 189.075
ZSC[01, 00] = 218.173
ZSC[01, 01] = 246.122
ZSC[01, 02] = 210.039
ZSC[01, 03] = 209.108
ZSC[01, 04] = 228.737
ZSC[02, 00] = 232.373
ZSC[02, 01] = 208.619
ZSC[02, 02] = 216.027
ZSC[02, 03] = 230.469
ZSC[02, 04] = 177.414
ZSC[03, 00] = 215.056
ZSC[03, 01] = 209.806
ZSC[03, 02] = 230.386
ZSC[03, 03] = 237.036
ZSC[03, 04] = 73.136
ZSC[04, 00] = 189.930
ZSC[04, 01] = 228.930
ZSC[04, 02] = 177.497
ZSC[04, 03] = 72.667
ZSC[04, 04] = 193.280
Average SP performance (diagonal/self-copy): 226.294 +- 9.658 SE over 5 pairs
Average XP performance (off-diagonal/excluding self): 198.346 +- 10.331 SE over 20 ordered pairs
Saved ZSC results to zsc_results/lmpred_ablate/cramped_room5x5
Saved ZSC heatmap to zsc_results/lmpred_ablate/cramped_room5x5/xp_matrix.png
Using alignment rollout scale: ALIGN_PAIR_BATCH_SIZE=1, ALIGN_EVAL_NUM_EPISODES=128, ALIGN_EVAL_NUM_STEPS=400
ALIGN ego[00] partner[00] R2=0.920447 NMSE=0.079553 NP=0.960659 blind_NP=0.950718 PS-NP_gain=0.009942 shuffled_R2=-0.019447 shuffled_NP=0.003846
ALIGN ego[00] partner[01] R2=0.944726 NMSE=0.055274 NP=0.971754 blind_NP=0.963029 PS-NP_gain=0.008725 shuffled_R2=-0.020537 shuffled_NP=0.002231
ALIGN ego[00] partner[02] R2=0.771038 NMSE=0.228962 NP=0.904301 blind_NP=0.913609 PS-NP_gain=-0.009308 shuffled_R2=-0.069477 shuffled_NP=0.003264
ALIGN ego[00] partner[03] R2=0.889159 NMSE=0.110841 NP=0.945459 blind_NP=0.933500 PS-NP_gain=0.011959 shuffled_R2=-0.026751 shuffled_NP=0.002504
ALIGN ego[00] partner[04] R2=0.944979 NMSE=0.055021 NP=0.971838 blind_NP=0.965506 PS-NP_gain=0.006332 shuffled_R2=-0.015373 shuffled_NP=0.002758
ALIGN ego[01] partner[00] R2=0.949158 NMSE=0.050842 NP=0.973255 blind_NP=0.965645 PS-NP_gain=0.007610 shuffled_R2=-0.017862 shuffled_NP=0.001662
ALIGN ego[01] partner[01] R2=0.929520 NMSE=0.070480 NP=0.963915 blind_NP=0.958138 PS-NP_gain=0.005776 shuffled_R2=-0.019986 shuffled_NP=0.003194
ALIGN ego[01] partner[02] R2=0.791431 NMSE=0.208569 NP=0.909067 blind_NP=0.914132 PS-NP_gain=-0.005066 shuffled_R2=-0.047528 shuffled_NP=0.003116
ALIGN ego[01] partner[03] R2=0.934639 NMSE=0.065361 NP=0.965921 blind_NP=0.962045 PS-NP_gain=0.003876 shuffled_R2=-0.019092 shuffled_NP=0.003143
ALIGN ego[01] partner[04] R2=0.908124 NMSE=0.091876 NP=0.953265 blind_NP=0.954112 PS-NP_gain=-0.000847 shuffled_R2=-0.027009 shuffled_NP=0.001242
ALIGN ego[02] partner[00] R2=0.877113 NMSE=0.122887 NP=0.938982 blind_NP=0.930151 PS-NP_gain=0.008830 shuffled_R2=-0.032011 shuffled_NP=0.001716
ALIGN ego[02] partner[01] R2=0.877804 NMSE=0.122196 NP=0.939663 blind_NP=0.937297 PS-NP_gain=0.002366 shuffled_R2=-0.037501 shuffled_NP=0.003261
ALIGN ego[02] partner[02] R2=0.807341 NMSE=0.192659 NP=0.906523 blind_NP=0.905074 PS-NP_gain=0.001450 shuffled_R2=-0.039225 shuffled_NP=0.001240
ALIGN ego[02] partner[03] R2=0.879766 NMSE=0.120234 NP=0.939127 blind_NP=0.936206 PS-NP_gain=0.002921 shuffled_R2=-0.024516 shuffled_NP=0.003175
ALIGN ego[02] partner[04] R2=0.892476 NMSE=0.107524 NP=0.945530 blind_NP=0.940971 PS-NP_gain=0.004559 shuffled_R2=-0.020211 shuffled_NP=0.002684
ALIGN ego[03] partner[00] R2=0.951189 NMSE=0.048811 NP=0.975083 blind_NP=0.970556 PS-NP_gain=0.004527 shuffled_R2=-0.015603 shuffled_NP=0.003868
ALIGN ego[03] partner[01] R2=0.952353 NMSE=0.047647 NP=0.975766 blind_NP=0.971294 PS-NP_gain=0.004471 shuffled_R2=-0.016223 shuffled_NP=0.002450
ALIGN ego[03] partner[02] R2=0.909960 NMSE=0.090040 NP=0.953622 blind_NP=0.945445 PS-NP_gain=0.008177 shuffled_R2=-0.017177 shuffled_NP=0.003729
ALIGN ego[03] partner[03] R2=0.934205 NMSE=0.065795 NP=0.965920 blind_NP=0.962649 PS-NP_gain=0.003271 shuffled_R2=-0.016861 shuffled_NP=0.002276
ALIGN ego[03] partner[04] R2=0.836926 NMSE=0.163074 NP=0.922599 blind_NP=0.900866 PS-NP_gain=0.021733 shuffled_R2=-0.036265 shuffled_NP=0.003895
ALIGN ego[04] partner[00] R2=0.826111 NMSE=0.173889 NP=0.917090 blind_NP=0.915351 PS-NP_gain=0.001739 shuffled_R2=-0.063040 shuffled_NP=0.005654
ALIGN ego[04] partner[01] R2=0.945559 NMSE=0.054441 NP=0.971967 blind_NP=0.963590 PS-NP_gain=0.008377 shuffled_R2=-0.016483 shuffled_NP=0.003028
ALIGN ego[04] partner[02] R2=0.882972 NMSE=0.117028 NP=0.940096 blind_NP=0.929442 PS-NP_gain=0.010653 shuffled_R2=-0.017592 shuffled_NP=0.004517
ALIGN ego[04] partner[03] R2=0.948470 NMSE=0.051530 NP=0.973776 blind_NP=0.967647 PS-NP_gain=0.006129 shuffled_R2=-0.016953 shuffled_NP=0.002223
ALIGN ego[04] partner[04] R2=0.880800 NMSE=0.119200 NP=0.940710 blind_NP=0.933219 PS-NP_gain=0.007491 shuffled_R2=-0.035329 shuffled_NP=0.002355
Average ego-to-partner alignment R2: 0.895451 +- 0.010664 SE over 25 ego-partner pairs
Average alignment normalized MSE: 0.104549 +- 0.010664 SE
Average shuffled-control alignment R2: -0.027522 +- 0.002940 SE
Average neural predictivity: 0.949035 +- 0.004602 SE
Average blind-control neural predictivity: 0.943608 +- 0.004371 SE
Average PS-NP gain: 0.005428 +- 0.001174 SE
Average shuffled-control neural predictivity: 0.002921 +- 0.000203 SE
Saved alignment results to zsc_results/lmpred_ablate/cramped_room5x5
Evaluating ZSC for method=lmpred_ablate, layout=counter_circuit, prefix=checkpoints/lmpred_ablate/, result_name=lmpred_ablate, perspective_transform=false
Importing submoduled environments...
Submoduled environments imported successfully.
LOADED: checkpoints/lmpred_ablate/counter_circuit/baseline_seed_0_step_380.msgpack
LOADED: checkpoints/lmpred_ablate/counter_circuit/baseline_seed_1_step_380.msgpack
LOADED: checkpoints/lmpred_ablate/counter_circuit/baseline_seed_2_step_380.msgpack
LOADED: checkpoints/lmpred_ablate/counter_circuit/baseline_seed_3_step_380.msgpack
LOADED: checkpoints/lmpred_ablate/counter_circuit/baseline_seed_4_step_380.msgpack
ZSC[00, 00] = 259.252
ZSC[00, 01] = 240.975
ZSC[00, 02] = 258.689
ZSC[00, 03] = 230.806
ZSC[00, 04] = 268.108
ZSC[01, 00] = 237.256
ZSC[01, 01] = 242.172
ZSC[01, 02] = 250.650
ZSC[01, 03] = 208.448
ZSC[01, 04] = 239.387
ZSC[02, 00] = 257.731
ZSC[02, 01] = 247.545
ZSC[02, 02] = 264.987
ZSC[02, 03] = 215.761
ZSC[02, 04] = 264.330
ZSC[03, 00] = 231.970
ZSC[03, 01] = 208.952
ZSC[03, 02] = 213.839
ZSC[03, 03] = 213.783
ZSC[03, 04] = 236.502
ZSC[04, 00] = 268.944
ZSC[04, 01] = 236.067
ZSC[04, 02] = 263.789
ZSC[04, 03] = 234.211
ZSC[04, 04] = 270.767
Average SP performance (diagonal/self-copy): 250.192 +- 10.282 SE over 5 pairs
Average XP performance (off-diagonal/excluding self): 240.698 +- 4.310 SE over 20 ordered pairs
Saved ZSC results to zsc_results/lmpred_ablate/counter_circuit
Saved ZSC heatmap to zsc_results/lmpred_ablate/counter_circuit/xp_matrix.png
Using alignment rollout scale: ALIGN_PAIR_BATCH_SIZE=1, ALIGN_EVAL_NUM_EPISODES=128, ALIGN_EVAL_NUM_STEPS=400
ALIGN ego[00] partner[00] R2=0.866313 NMSE=0.133687 NP=0.928973 blind_NP=0.914537 PS-NP_gain=0.014435 shuffled_R2=-0.017778 shuffled_NP=0.002634
ALIGN ego[00] partner[01] R2=0.824050 NMSE=0.175950 NP=0.907070 blind_NP=0.890321 PS-NP_gain=0.016750 shuffled_R2=-0.024333 shuffled_NP=0.001740
ALIGN ego[00] partner[02] R2=0.818612 NMSE=0.181388 NP=0.905135 blind_NP=0.887273 PS-NP_gain=0.017862 shuffled_R2=-0.022808 shuffled_NP=0.003559
ALIGN ego[00] partner[03] R2=0.856323 NMSE=0.143677 NP=0.925620 blind_NP=0.906873 PS-NP_gain=0.018747 shuffled_R2=-0.018875 shuffled_NP=0.003067
ALIGN ego[00] partner[04] R2=0.825710 NMSE=0.174290 NP=0.910130 blind_NP=0.889762 PS-NP_gain=0.020368 shuffled_R2=-0.017708 shuffled_NP=0.002750
ALIGN ego[01] partner[00] R2=0.849543 NMSE=0.150457 NP=0.919969 blind_NP=0.905830 PS-NP_gain=0.014139 shuffled_R2=-0.017298 shuffled_NP=0.005482
ALIGN ego[01] partner[01] R2=0.794973 NMSE=0.205027 NP=0.889273 blind_NP=0.865393 PS-NP_gain=0.023880 shuffled_R2=-0.019792 shuffled_NP=0.001562
ALIGN ego[01] partner[02] R2=0.792003 NMSE=0.207997 NP=0.893298 blind_NP=0.864377 PS-NP_gain=0.028920 shuffled_R2=-0.023976 shuffled_NP=0.001350
ALIGN ego[01] partner[03] R2=0.829243 NMSE=0.170757 NP=0.908246 blind_NP=0.889680 PS-NP_gain=0.018566 shuffled_R2=-0.017259 shuffled_NP=0.005488
ALIGN ego[01] partner[04] R2=0.749868 NMSE=0.250132 NP=0.869052 blind_NP=0.809313 PS-NP_gain=0.059739 shuffled_R2=-0.022075 shuffled_NP=0.002292
ALIGN ego[02] partner[00] R2=0.849175 NMSE=0.150825 NP=0.921010 blind_NP=0.891221 PS-NP_gain=0.029789 shuffled_R2=-0.020898 shuffled_NP=0.001657
ALIGN ego[02] partner[01] R2=0.779822 NMSE=0.220178 NP=0.887444 blind_NP=0.875969 PS-NP_gain=0.011475 shuffled_R2=-0.025936 shuffled_NP=0.003228
ALIGN ego[02] partner[02] R2=0.870875 NMSE=0.129125 NP=0.931937 blind_NP=0.913942 PS-NP_gain=0.017995 shuffled_R2=-0.016706 shuffled_NP=0.003460
ALIGN ego[02] partner[03] R2=0.886825 NMSE=0.113175 NP=0.940017 blind_NP=0.923691 PS-NP_gain=0.016325 shuffled_R2=-0.018000 shuffled_NP=0.002137
ALIGN ego[02] partner[04] R2=0.848720 NMSE=0.151280 NP=0.919181 blind_NP=0.892250 PS-NP_gain=0.026931 shuffled_R2=-0.013421 shuffled_NP=0.004862
ALIGN ego[03] partner[00] R2=0.882998 NMSE=0.117002 NP=0.938667 blind_NP=0.918666 PS-NP_gain=0.020001 shuffled_R2=-0.018745 shuffled_NP=0.001035
ALIGN ego[03] partner[01] R2=0.820771 NMSE=0.179229 NP=0.904160 blind_NP=0.872218 PS-NP_gain=0.031942 shuffled_R2=-0.016361 shuffled_NP=0.003418
ALIGN ego[03] partner[02] R2=0.881862 NMSE=0.118138 NP=0.938880 blind_NP=0.909236 PS-NP_gain=0.029644 shuffled_R2=-0.018556 shuffled_NP=0.000739
ALIGN ego[03] partner[03] R2=0.766005 NMSE=0.233995 NP=0.878737 blind_NP=0.835777 PS-NP_gain=0.042960 shuffled_R2=-0.026591 shuffled_NP=0.004619
ALIGN ego[03] partner[04] R2=0.824605 NMSE=0.175395 NP=0.905635 blind_NP=0.875724 PS-NP_gain=0.029911 shuffled_R2=-0.017497 shuffled_NP=0.002346
ALIGN ego[04] partner[00] R2=0.888994 NMSE=0.111006 NP=0.941983 blind_NP=0.926755 PS-NP_gain=0.015227 shuffled_R2=-0.015242 shuffled_NP=0.005534
ALIGN ego[04] partner[01] R2=0.847805 NMSE=0.152195 NP=0.919444 blind_NP=0.896268 PS-NP_gain=0.023176 shuffled_R2=-0.015610 shuffled_NP=0.003681
ALIGN ego[04] partner[02] R2=0.845084 NMSE=0.154916 NP=0.917408 blind_NP=0.896183 PS-NP_gain=0.021226 shuffled_R2=-0.016100 shuffled_NP=0.003615
ALIGN ego[04] partner[03] R2=0.818029 NMSE=0.181971 NP=0.905096 blind_NP=0.873389 PS-NP_gain=0.031707 shuffled_R2=-0.029364 shuffled_NP=0.002462
ALIGN ego[04] partner[04] R2=0.826529 NMSE=0.173471 NP=0.908975 blind_NP=0.884482 PS-NP_gain=0.024493 shuffled_R2=-0.019170 shuffled_NP=0.001907
Average ego-to-partner alignment R2: 0.833789 +- 0.007454 SE over 25 ego-partner pairs
Average alignment normalized MSE: 0.166211 +- 0.007454 SE
Average shuffled-control alignment R2: -0.019604 +- 0.000791 SE
Average neural predictivity: 0.912614 +- 0.003858 SE
Average blind-control neural predictivity: 0.888365 +- 0.005346 SE
Average PS-NP gain: 0.024248 +- 0.002079 SE
Average shuffled-control neural predictivity: 0.002985 +- 0.000280 SE
Saved alignment results to zsc_results/lmpred_ablate/counter_circuit
Evaluating ZSC for method=lmpred_ablate, layout=coord_ring, prefix=checkpoints/lmpred_ablate/, result_name=lmpred_ablate, perspective_transform=false
Importing submoduled environments...
Submoduled environments imported successfully.
LOADED: checkpoints/lmpred_ablate/coord_ring/baseline_seed_0_step_220.msgpack
LOADED: checkpoints/lmpred_ablate/coord_ring/baseline_seed_1_step_220.msgpack
LOADED: checkpoints/lmpred_ablate/coord_ring/baseline_seed_2_step_220.msgpack
LOADED: checkpoints/lmpred_ablate/coord_ring/baseline_seed_3_step_220.msgpack
LOADED: checkpoints/lmpred_ablate/coord_ring/baseline_seed_4_step_220.msgpack
ZSC[00, 00] = 272.494
ZSC[00, 01] = 116.305
ZSC[00, 02] = 254.803
ZSC[00, 03] = 100.433
ZSC[00, 04] = 267.659
ZSC[01, 00] = 115.602
ZSC[01, 01] = 309.856
ZSC[01, 02] = 261.269
ZSC[01, 03] = 306.144
ZSC[01, 04] = 244.719
ZSC[02, 00] = 255.767
ZSC[02, 01] = 261.803
ZSC[02, 02] = 288.786
ZSC[02, 03] = 52.466
ZSC[02, 04] = 285.592
ZSC[03, 00] = 98.770
ZSC[03, 01] = 293.830
ZSC[03, 02] = 53.236
ZSC[03, 03] = 311.270
ZSC[03, 04] = 127.033
ZSC[04, 00] = 267.525
ZSC[04, 01] = 245.433
ZSC[04, 02] = 285.609
ZSC[04, 03] = 127.561
ZSC[04, 04] = 290.380
Average SP performance (diagonal/self-copy): 294.557 +- 7.249 SE over 5 pairs
Average XP performance (off-diagonal/excluding self): 201.078 +- 19.852 SE over 20 ordered pairs
Saved ZSC results to zsc_results/lmpred_ablate/coord_ring
Saved ZSC heatmap to zsc_results/lmpred_ablate/coord_ring/xp_matrix.png
Using alignment rollout scale: ALIGN_PAIR_BATCH_SIZE=1, ALIGN_EVAL_NUM_EPISODES=128, ALIGN_EVAL_NUM_STEPS=400
ALIGN ego[00] partner[00] R2=0.864248 NMSE=0.135752 NP=0.928380 blind_NP=0.915332 PS-NP_gain=0.013048 shuffled_R2=-0.017563 shuffled_NP=0.003713
ALIGN ego[00] partner[01] R2=0.862593 NMSE=0.137407 NP=0.927522 blind_NP=0.920152 PS-NP_gain=0.007370 shuffled_R2=-0.020222 shuffled_NP=0.002444
ALIGN ego[00] partner[02] R2=0.850836 NMSE=0.149164 NP=0.921437 blind_NP=0.901114 PS-NP_gain=0.020323 shuffled_R2=-0.016813 shuffled_NP=0.002360
ALIGN ego[00] partner[03] R2=0.772833 NMSE=0.227167 NP=0.883380 blind_NP=0.875945 PS-NP_gain=0.007435 shuffled_R2=-0.029131 shuffled_NP=0.002186
ALIGN ego[00] partner[04] R2=0.894151 NMSE=0.105849 NP=0.944512 blind_NP=0.936563 PS-NP_gain=0.007949 shuffled_R2=-0.015645 shuffled_NP=0.001523
ALIGN ego[01] partner[00] R2=0.841388 NMSE=0.158612 NP=0.915139 blind_NP=0.901189 PS-NP_gain=0.013950 shuffled_R2=-0.017430 shuffled_NP=0.004324
ALIGN ego[01] partner[01] R2=0.919758 NMSE=0.080242 NP=0.958637 blind_NP=0.953025 PS-NP_gain=0.005612 shuffled_R2=-0.015544 shuffled_NP=0.004339
ALIGN ego[01] partner[02] R2=0.768377 NMSE=0.231623 NP=0.873547 blind_NP=0.841947 PS-NP_gain=0.031600 shuffled_R2=-0.015790 shuffled_NP=0.004762
ALIGN ego[01] partner[03] R2=0.922166 NMSE=0.077834 NP=0.960282 blind_NP=0.953339 PS-NP_gain=0.006943 shuffled_R2=-0.015784 shuffled_NP=0.002116
ALIGN ego[01] partner[04] R2=0.849648 NMSE=0.150352 NP=0.921953 blind_NP=0.901872 PS-NP_gain=0.020081 shuffled_R2=-0.018909 shuffled_NP=0.003891
ALIGN ego[02] partner[00] R2=0.832648 NMSE=0.167352 NP=0.911528 blind_NP=0.896914 PS-NP_gain=0.014614 shuffled_R2=-0.017397 shuffled_NP=0.004047
ALIGN ego[02] partner[01] R2=0.765454 NMSE=0.234546 NP=0.872410 blind_NP=0.835232 PS-NP_gain=0.037178 shuffled_R2=-0.015386 shuffled_NP=0.003733
ALIGN ego[02] partner[02] R2=0.898691 NMSE=0.101309 NP=0.947317 blind_NP=0.930987 PS-NP_gain=0.016330 shuffled_R2=-0.014206 shuffled_NP=0.006654
ALIGN ego[02] partner[03] R2=0.920001 NMSE=0.079999 NP=0.958932 blind_NP=0.945945 PS-NP_gain=0.012987 shuffled_R2=-0.016371 shuffled_NP=0.003111
ALIGN ego[02] partner[04] R2=0.872586 NMSE=0.127414 NP=0.932741 blind_NP=0.916045 PS-NP_gain=0.016696 shuffled_R2=-0.012549 shuffled_NP=0.003021
ALIGN ego[03] partner[00] R2=0.869298 NMSE=0.130702 NP=0.930152 blind_NP=0.905375 PS-NP_gain=0.024776 shuffled_R2=-0.015357 shuffled_NP=0.004598
ALIGN ego[03] partner[01] R2=0.898072 NMSE=0.101928 NP=0.947181 blind_NP=0.940263 PS-NP_gain=0.006917 shuffled_R2=-0.017704 shuffled_NP=0.001859
ALIGN ego[03] partner[02] R2=0.930286 NMSE=0.069714 NP=0.963742 blind_NP=0.940259 PS-NP_gain=0.023483 shuffled_R2=-0.014804 shuffled_NP=0.002424
ALIGN ego[03] partner[03] R2=0.888417 NMSE=0.111583 NP=0.941685 blind_NP=0.931148 PS-NP_gain=0.010537 shuffled_R2=-0.015842 shuffled_NP=0.005067
ALIGN ego[03] partner[04] R2=0.887452 NMSE=0.112548 NP=0.941294 blind_NP=0.918970 PS-NP_gain=0.022325 shuffled_R2=-0.014679 shuffled_NP=0.004424
ALIGN ego[04] partner[00] R2=0.900187 NMSE=0.099813 NP=0.948212 blind_NP=0.929873 PS-NP_gain=0.018339 shuffled_R2=-0.014364 shuffled_NP=0.002332
ALIGN ego[04] partner[01] R2=0.868443 NMSE=0.131557 NP=0.930082 blind_NP=0.923425 PS-NP_gain=0.006656 shuffled_R2=-0.015566 shuffled_NP=0.003280
ALIGN ego[04] partner[02] R2=0.879014 NMSE=0.120986 NP=0.936134 blind_NP=0.916205 PS-NP_gain=0.019929 shuffled_R2=-0.014666 shuffled_NP=0.001707
ALIGN ego[04] partner[03] R2=0.765707 NMSE=0.234293 NP=0.888524 blind_NP=0.886642 PS-NP_gain=0.001882 shuffled_R2=-0.028688 shuffled_NP=0.002879
ALIGN ego[04] partner[04] R2=0.837450 NMSE=0.162550 NP=0.919247 blind_NP=0.901698 PS-NP_gain=0.017549 shuffled_R2=-0.026757 shuffled_NP=0.004152
Average ego-to-partner alignment R2: 0.862388 +- 0.009953 SE over 25 ego-partner pairs
Average alignment normalized MSE: 0.137612 +- 0.009953 SE
Average shuffled-control alignment R2: -0.017487 +- 0.000870 SE
Average neural predictivity: 0.928159 +- 0.005212 SE
Average blind-control neural predictivity: 0.912778 +- 0.005990 SE
Average PS-NP gain: 0.015380 +- 0.001703 SE
Average shuffled-control neural predictivity: 0.003398 +- 0.000250 SE
Saved alignment results to zsc_results/lmpred_ablate/coord_ring
Evaluating ZSC for method=lmpred_gamma0, layout=cramped_room5x5, prefix=checkpoints/lmpred_gamma0, result_name=lmpred_gamma0, perspective_transform=true
Importing submoduled environments...
Submoduled environments imported successfully.
LOADED: checkpoints/lmpred_gamma0/cramped_room5x5/baseline_seed_0_step_220.msgpack
LOADED: checkpoints/lmpred_gamma0/cramped_room5x5/baseline_seed_1_step_220.msgpack
LOADED: checkpoints/lmpred_gamma0/cramped_room5x5/baseline_seed_2_step_220.msgpack
LOADED: checkpoints/lmpred_gamma0/cramped_room5x5/baseline_seed_3_step_220.msgpack
LOADED: checkpoints/lmpred_gamma0/cramped_room5x5/baseline_seed_4_step_220.msgpack
ZSC[00, 00] = 226.706
ZSC[00, 01] = 187.762
ZSC[00, 02] = 233.967
ZSC[00, 03] = 220.716
ZSC[00, 04] = 224.677
ZSC[01, 00] = 187.137
ZSC[01, 01] = 238.659
ZSC[01, 02] = 231.059
ZSC[01, 03] = 207.752
ZSC[01, 04] = 195.170
ZSC[02, 00] = 234.433
ZSC[02, 01] = 230.747
ZSC[02, 02] = 238.642
ZSC[02, 03] = 234.752
ZSC[02, 04] = 223.069
ZSC[03, 00] = 220.517
ZSC[03, 01] = 208.617
ZSC[03, 02] = 233.639
ZSC[03, 03] = 225.181
ZSC[03, 04] = 210.608
ZSC[04, 00] = 224.684
ZSC[04, 01] = 195.134
ZSC[04, 02] = 222.008
ZSC[04, 03] = 209.814
ZSC[04, 04] = 245.531
Average SP performance (diagonal/self-copy): 234.944 +- 3.891 SE over 5 pairs
Average XP performance (off-diagonal/excluding self): 216.813 +- 3.526 SE over 20 ordered pairs
Saved ZSC results to zsc_results/lmpred_gamma0/cramped_room5x5
Saved ZSC heatmap to zsc_results/lmpred_gamma0/cramped_room5x5/xp_matrix.png
Using alignment rollout scale: ALIGN_PAIR_BATCH_SIZE=1, ALIGN_EVAL_NUM_EPISODES=128, ALIGN_EVAL_NUM_STEPS=400
ALIGN ego[00] partner[00] R2=0.931330 NMSE=0.068670 NP=0.965266 blind_NP=0.954319 PS-NP_gain=0.010947 shuffled_R2=-0.021911 shuffled_NP=0.002058
ALIGN ego[00] partner[01] R2=0.929899 NMSE=0.070101 NP=0.964180 blind_NP=0.956275 PS-NP_gain=0.007905 shuffled_R2=-0.018157 shuffled_NP=0.001834
ALIGN ego[00] partner[02] R2=0.931163 NMSE=0.068837 NP=0.964198 blind_NP=0.961700 PS-NP_gain=0.002498 shuffled_R2=-0.018006 shuffled_NP=0.003321
ALIGN ego[00] partner[03] R2=0.878908 NMSE=0.121092 NP=0.939995 blind_NP=0.928876 PS-NP_gain=0.011119 shuffled_R2=-0.027482 shuffled_NP=0.003219
ALIGN ego[00] partner[04] R2=0.844755 NMSE=0.155245 NP=0.924078 blind_NP=0.894024 PS-NP_gain=0.030054 shuffled_R2=-0.027823 shuffled_NP=0.003340
ALIGN ego[01] partner[00] R2=0.779307 NMSE=0.220693 NP=0.902579 blind_NP=0.909273 PS-NP_gain=-0.006693 shuffled_R2=-0.047373 shuffled_NP=0.002786
ALIGN ego[01] partner[01] R2=0.942380 NMSE=0.057620 NP=0.970459 blind_NP=0.964317 PS-NP_gain=0.006143 shuffled_R2=-0.015223 shuffled_NP=0.003697
ALIGN ego[01] partner[02] R2=0.776858 NMSE=0.223142 NP=0.906289 blind_NP=0.913360 PS-NP_gain=-0.007071 shuffled_R2=-0.066673 shuffled_NP=0.003197
ALIGN ego[01] partner[03] R2=0.919879 NMSE=0.080121 NP=0.958168 blind_NP=0.958035 PS-NP_gain=0.000133 shuffled_R2=-0.021847 shuffled_NP=0.002801
ALIGN ego[01] partner[04] R2=0.910558 NMSE=0.089442 NP=0.953432 blind_NP=0.945658 PS-NP_gain=0.007774 shuffled_R2=-0.025125 shuffled_NP=0.001892
ALIGN ego[02] partner[00] R2=0.956420 NMSE=0.043580 NP=0.977355 blind_NP=0.974503 PS-NP_gain=0.002852 shuffled_R2=-0.014569 shuffled_NP=0.002427
ALIGN ego[02] partner[01] R2=0.948918 NMSE=0.051082 NP=0.973928 blind_NP=0.968873 PS-NP_gain=0.005054 shuffled_R2=-0.019379 shuffled_NP=0.003509
ALIGN ego[02] partner[02] R2=0.953193 NMSE=0.046807 NP=0.976067 blind_NP=0.972338 PS-NP_gain=0.003728 shuffled_R2=-0.016367 shuffled_NP=0.001895
ALIGN ego[02] partner[03] R2=0.949306 NMSE=0.050694 NP=0.972183 blind_NP=0.966507 PS-NP_gain=0.005676 shuffled_R2=-0.015468 shuffled_NP=0.002206
ALIGN ego[02] partner[04] R2=0.722021 NMSE=0.277979 NP=0.876991 blind_NP=0.823197 PS-NP_gain=0.053794 shuffled_R2=-0.072288 shuffled_NP=0.005095
ALIGN ego[03] partner[00] R2=0.818191 NMSE=0.181809 NP=0.917727 blind_NP=0.895149 PS-NP_gain=0.022578 shuffled_R2=-0.058885 shuffled_NP=0.002947
ALIGN ego[03] partner[01] R2=0.936682 NMSE=0.063318 NP=0.968182 blind_NP=0.958777 PS-NP_gain=0.009405 shuffled_R2=-0.021218 shuffled_NP=0.003060
ALIGN ego[03] partner[02] R2=0.950415 NMSE=0.049585 NP=0.974586 blind_NP=0.968791 PS-NP_gain=0.005795 shuffled_R2=-0.020215 shuffled_NP=0.003615
ALIGN ego[03] partner[03] R2=0.917081 NMSE=0.082919 NP=0.957527 blind_NP=0.946913 PS-NP_gain=0.010614 shuffled_R2=-0.022151 shuffled_NP=0.003169
ALIGN ego[03] partner[04] R2=0.934220 NMSE=0.065780 NP=0.966293 blind_NP=0.960563 PS-NP_gain=0.005730 shuffled_R2=-0.020641 shuffled_NP=0.001622
ALIGN ego[04] partner[00] R2=0.939584 NMSE=0.060416 NP=0.969411 blind_NP=0.956119 PS-NP_gain=0.013292 shuffled_R2=-0.016380 shuffled_NP=0.004448
ALIGN ego[04] partner[01] R2=0.933431 NMSE=0.066569 NP=0.964820 blind_NP=0.946640 PS-NP_gain=0.018180 shuffled_R2=-0.017172 shuffled_NP=0.001715
ALIGN ego[04] partner[02] R2=0.879711 NMSE=0.120289 NP=0.940181 blind_NP=0.919743 PS-NP_gain=0.020439 shuffled_R2=-0.032488 shuffled_NP=0.003850
ALIGN ego[04] partner[03] R2=0.930586 NMSE=0.069414 NP=0.962261 blind_NP=0.946703 PS-NP_gain=0.015559 shuffled_R2=-0.019034 shuffled_NP=0.001061
ALIGN ego[04] partner[04] R2=0.941888 NMSE=0.058112 NP=0.970218 blind_NP=0.959625 PS-NP_gain=0.010593 shuffled_R2=-0.016717 shuffled_NP=0.003079
Average ego-to-partner alignment R2: 0.902267 +- 0.012819 SE over 25 ego-partner pairs
Average alignment normalized MSE: 0.097733 +- 0.012819 SE
Average shuffled-control alignment R2: -0.026904 +- 0.003272 SE
Average neural predictivity: 0.952655 +- 0.005364 SE
Average blind-control neural predictivity: 0.942011 +- 0.006819 SE
Average PS-NP gain: 0.010644 +- 0.002452 SE
Average shuffled-control neural predictivity: 0.002874 +- 0.000189 SE
Saved alignment results to zsc_results/lmpred_gamma0/cramped_room5x5
Evaluating ZSC for method=lmpred_gamma0, layout=counter_circuit, prefix=checkpoints/lmpred_gamma0, result_name=lmpred_gamma0, perspective_transform=true
Importing submoduled environments...
Submoduled environments imported successfully.
LOADED: checkpoints/lmpred_gamma0/counter_circuit/baseline_seed_0_step_380.msgpack
LOADED: checkpoints/lmpred_gamma0/counter_circuit/baseline_seed_1_step_380.msgpack
LOADED: checkpoints/lmpred_gamma0/counter_circuit/baseline_seed_2_step_380.msgpack
LOADED: checkpoints/lmpred_gamma0/counter_circuit/baseline_seed_3_step_380.msgpack
LOADED: checkpoints/lmpred_gamma0/counter_circuit/baseline_seed_4_step_380.msgpack
ZSC[00, 00] = 234.164
ZSC[00, 01] = 235.073
ZSC[00, 02] = 242.994
ZSC[00, 03] = 87.773
ZSC[00, 04] = 206.317
ZSC[01, 00] = 235.552
ZSC[01, 01] = 245.995
ZSC[01, 02] = 220.000
ZSC[01, 03] = 102.750
ZSC[01, 04] = 157.966
ZSC[02, 00] = 242.775
ZSC[02, 01] = 221.122
ZSC[02, 02] = 244.319
ZSC[02, 03] = 149.814
ZSC[02, 04] = 176.333
ZSC[03, 00] = 84.673
ZSC[03, 01] = 108.206
ZSC[03, 02] = 150.384
ZSC[03, 03] = 32.511
ZSC[03, 04] = 98.277
ZSC[04, 00] = 195.078
ZSC[04, 01] = 146.134
ZSC[04, 02] = 175.953
ZSC[04, 03] = 96.575
ZSC[04, 04] = 179.248
Average SP performance (diagonal/self-copy): 187.247 +- 40.569 SE over 5 pairs
Average XP performance (off-diagonal/excluding self): 166.687 +- 12.618 SE over 20 ordered pairs
Saved ZSC results to zsc_results/lmpred_gamma0/counter_circuit
Saved ZSC heatmap to zsc_results/lmpred_gamma0/counter_circuit/xp_matrix.png
Using alignment rollout scale: ALIGN_PAIR_BATCH_SIZE=1, ALIGN_EVAL_NUM_EPISODES=128, ALIGN_EVAL_NUM_STEPS=400
ALIGN ego[00] partner[00] R2=0.842825 NMSE=0.157175 NP=0.917583 blind_NP=0.910043 PS-NP_gain=0.007540 shuffled_R2=-0.019147 shuffled_NP=0.001772
ALIGN ego[00] partner[01] R2=0.820324 NMSE=0.179676 NP=0.906922 blind_NP=0.893066 PS-NP_gain=0.013856 shuffled_R2=-0.017547 shuffled_NP=0.005212
ALIGN ego[00] partner[02] R2=0.816605 NMSE=0.183395 NP=0.902979 blind_NP=0.889439 PS-NP_gain=0.013540 shuffled_R2=-0.016449 shuffled_NP=0.005163
ALIGN ego[00] partner[03] R2=0.824518 NMSE=0.175482 NP=0.907502 blind_NP=0.888232 PS-NP_gain=0.019270 shuffled_R2=-0.023029 shuffled_NP=0.003158
ALIGN ego[00] partner[04] R2=0.799329 NMSE=0.200671 NP=0.893397 blind_NP=0.876663 PS-NP_gain=0.016734 shuffled_R2=-0.019898 shuffled_NP=0.002826
ALIGN ego[01] partner[00] R2=0.801325 NMSE=0.198675 NP=0.896167 blind_NP=0.890491 PS-NP_gain=0.005676 shuffled_R2=-0.021440 shuffled_NP=0.002791
ALIGN ego[01] partner[01] R2=0.848955 NMSE=0.151045 NP=0.921105 blind_NP=0.900732 PS-NP_gain=0.020373 shuffled_R2=-0.021584 shuffled_NP=0.003422
ALIGN ego[01] partner[02] R2=0.710803 NMSE=0.289197 NP=0.850095 blind_NP=0.837118 PS-NP_gain=0.012978 shuffled_R2=-0.027448 shuffled_NP=0.001506
ALIGN ego[01] partner[03] R2=0.781864 NMSE=0.218136 NP=0.880536 blind_NP=0.867116 PS-NP_gain=0.013420 shuffled_R2=-0.017591 shuffled_NP=0.004669
ALIGN ego[01] partner[04] R2=0.801564 NMSE=0.198436 NP=0.893883 blind_NP=0.868545 PS-NP_gain=0.025338 shuffled_R2=-0.019074 shuffled_NP=0.004362
ALIGN ego[02] partner[00] R2=0.774133 NMSE=0.225867 NP=0.884266 blind_NP=0.856967 PS-NP_gain=0.027298 shuffled_R2=-0.024683 shuffled_NP=0.003897
ALIGN ego[02] partner[01] R2=0.835693 NMSE=0.164307 NP=0.910944 blind_NP=0.886224 PS-NP_gain=0.024720 shuffled_R2=-0.017525 shuffled_NP=0.003067
ALIGN ego[02] partner[02] R2=0.828672 NMSE=0.171328 NP=0.908644 blind_NP=0.891331 PS-NP_gain=0.017312 shuffled_R2=-0.016442 shuffled_NP=0.004933
ALIGN ego[02] partner[03] R2=0.715180 NMSE=0.284820 NP=0.852784 blind_NP=0.832034 PS-NP_gain=0.020750 shuffled_R2=-0.030150 shuffled_NP=0.002188
ALIGN ego[02] partner[04] R2=0.822588 NMSE=0.177412 NP=0.903208 blind_NP=0.869192 PS-NP_gain=0.034016 shuffled_R2=-0.020404 shuffled_NP=0.002013
ALIGN ego[03] partner[00] R2=0.744322 NMSE=0.255678 NP=0.865467 blind_NP=0.858980 PS-NP_gain=0.006487 shuffled_R2=-0.025699 shuffled_NP=0.001718
ALIGN ego[03] partner[01] R2=0.769604 NMSE=0.230396 NP=0.877353 blind_NP=0.853230 PS-NP_gain=0.024123 shuffled_R2=-0.021058 shuffled_NP=0.002839
ALIGN ego[03] partner[02] R2=0.649818 NMSE=0.350182 NP=0.806027 blind_NP=0.790252 PS-NP_gain=0.015775 shuffled_R2=-0.017434 shuffled_NP=0.004380
ALIGN ego[03] partner[03] R2=0.812007 NMSE=0.187993 NP=0.894003 blind_NP=0.844640 PS-NP_gain=0.049363 shuffled_R2=-0.017052 shuffled_NP=0.003643
ALIGN ego[03] partner[04] R2=0.729852 NMSE=0.270148 NP=0.853791 blind_NP=0.829807 PS-NP_gain=0.023985 shuffled_R2=-0.021395 shuffled_NP=0.002139
ALIGN ego[04] partner[00] R2=0.725061 NMSE=0.274939 NP=0.850186 blind_NP=0.815108 PS-NP_gain=0.035078 shuffled_R2=-0.021334 shuffled_NP=0.005112
ALIGN ego[04] partner[01] R2=0.800232 NMSE=0.199768 NP=0.893049 blind_NP=0.858733 PS-NP_gain=0.034316 shuffled_R2=-0.016443 shuffled_NP=0.006007
ALIGN ego[04] partner[02] R2=0.748337 NMSE=0.251663 NP=0.866042 blind_NP=0.826918 PS-NP_gain=0.039124 shuffled_R2=-0.020643 shuffled_NP=0.002701
ALIGN ego[04] partner[03] R2=0.805440 NMSE=0.194560 NP=0.897371 blind_NP=0.875822 PS-NP_gain=0.021549 shuffled_R2=-0.018684 shuffled_NP=0.003141
ALIGN ego[04] partner[04] R2=0.821861 NMSE=0.178139 NP=0.906082 blind_NP=0.869561 PS-NP_gain=0.036522 shuffled_R2=-0.018026 shuffled_NP=0.001463
Average ego-to-partner alignment R2: 0.785237 +- 0.009939 SE over 25 ego-partner pairs
Average alignment normalized MSE: 0.214763 +- 0.009939 SE
Average shuffled-control alignment R2: -0.020407 +- 0.000714 SE
Average neural predictivity: 0.885575 +- 0.005439 SE
Average blind-control neural predictivity: 0.863210 +- 0.005856 SE
Average PS-NP gain: 0.022366 +- 0.002191 SE
Average shuffled-control neural predictivity: 0.003365 +- 0.000264 SE
Saved alignment results to zsc_results/lmpred_gamma0/counter_circuit
Evaluating ZSC for method=lmpred_gamma0, layout=coord_ring, prefix=checkpoints/lmpred_gamma0, result_name=lmpred_gamma0, perspective_transform=true
Importing submoduled environments...
Submoduled environments imported successfully.
LOADED: checkpoints/lmpred_gamma0/coord_ring/baseline_seed_0_step_220.msgpack
LOADED: checkpoints/lmpred_gamma0/coord_ring/baseline_seed_1_step_220.msgpack
LOADED: checkpoints/lmpred_gamma0/coord_ring/baseline_seed_2_step_220.msgpack
LOADED: checkpoints/lmpred_gamma0/coord_ring/baseline_seed_3_step_220.msgpack
LOADED: checkpoints/lmpred_gamma0/coord_ring/baseline_seed_4_step_220.msgpack
ZSC[00, 00] = 258.050
ZSC[00, 01] = 207.266
ZSC[00, 02] = 271.008
ZSC[00, 03] = 272.802
ZSC[00, 04] = 276.484
ZSC[01, 00] = 207.723
ZSC[01, 01] = 325.206
ZSC[01, 02] = 279.803
ZSC[01, 03] = 253.339
ZSC[01, 04] = 244.645
ZSC[02, 00] = 270.550
ZSC[02, 01] = 280.692
ZSC[02, 02] = 283.592
ZSC[02, 03] = 233.034
ZSC[02, 04] = 285.470
ZSC[03, 00] = 272.922
ZSC[03, 01] = 253.252
ZSC[03, 02] = 232.445
ZSC[03, 03] = 292.416
ZSC[03, 04] = 249.617
ZSC[04, 00] = 276.386
ZSC[04, 01] = 243.969
ZSC[04, 02] = 285.067
ZSC[04, 03] = 250.223
ZSC[04, 04] = 280.291
Average SP performance (diagonal/self-copy): 287.911 +- 10.908 SE over 5 pairs
Average XP performance (off-diagonal/excluding self): 257.335 +- 5.342 SE over 20 ordered pairs
Saved ZSC results to zsc_results/lmpred_gamma0/coord_ring
Saved ZSC heatmap to zsc_results/lmpred_gamma0/coord_ring/xp_matrix.png
Using alignment rollout scale: ALIGN_PAIR_BATCH_SIZE=1, ALIGN_EVAL_NUM_EPISODES=128, ALIGN_EVAL_NUM_STEPS=400
ALIGN ego[00] partner[00] R2=0.705916 NMSE=0.294084 NP=0.870968 blind_NP=0.859492 PS-NP_gain=0.011476 shuffled_R2=-0.050687 shuffled_NP=0.004583
ALIGN ego[00] partner[01] R2=0.866753 NMSE=0.133247 NP=0.930432 blind_NP=0.920609 PS-NP_gain=0.009823 shuffled_R2=-0.020185 shuffled_NP=0.002268
ALIGN ego[00] partner[02] R2=0.311380 NMSE=0.688620 NP=0.756218 blind_NP=0.726127 PS-NP_gain=0.030090 shuffled_R2=-0.280221 shuffled_NP=0.002200
ALIGN ego[00] partner[03] R2=0.886196 NMSE=0.113804 NP=0.940425 blind_NP=0.922913 PS-NP_gain=0.017512 shuffled_R2=-0.017327 shuffled_NP=0.002528
ALIGN ego[00] partner[04] R2=0.919302 NMSE=0.080698 NP=0.958351 blind_NP=0.949876 PS-NP_gain=0.008475 shuffled_R2=-0.015751 shuffled_NP=0.002168
ALIGN ego[01] partner[00] R2=0.872435 NMSE=0.127565 NP=0.933996 blind_NP=0.915082 PS-NP_gain=0.018914 shuffled_R2=-0.019971 shuffled_NP=0.003951
ALIGN ego[01] partner[01] R2=0.893014 NMSE=0.106986 NP=0.944158 blind_NP=0.933890 PS-NP_gain=0.010267 shuffled_R2=-0.015685 shuffled_NP=0.003026
ALIGN ego[01] partner[02] R2=0.828069 NMSE=0.171931 NP=0.907061 blind_NP=0.891372 PS-NP_gain=0.015689 shuffled_R2=-0.015910 shuffled_NP=0.003588
ALIGN ego[01] partner[03] R2=0.827053 NMSE=0.172947 NP=0.907743 blind_NP=0.889438 PS-NP_gain=0.018305 shuffled_R2=-0.015937 shuffled_NP=0.004154
ALIGN ego[01] partner[04] R2=0.779081 NMSE=0.220919 NP=0.881710 blind_NP=0.879419 PS-NP_gain=0.002291 shuffled_R2=-0.021613 shuffled_NP=0.003279
ALIGN ego[02] partner[00] R2=0.683422 NMSE=0.316578 NP=0.861417 blind_NP=0.850578 PS-NP_gain=0.010839 shuffled_R2=-0.048753 shuffled_NP=0.001264
ALIGN ego[02] partner[01] R2=0.811126 NMSE=0.188874 NP=0.900310 blind_NP=0.870071 PS-NP_gain=0.030239 shuffled_R2=-0.020583 shuffled_NP=0.006034
ALIGN ego[02] partner[02] R2=0.841470 NMSE=0.158530 NP=0.918219 blind_NP=0.912533 PS-NP_gain=0.005686 shuffled_R2=-0.022951 shuffled_NP=0.001754
ALIGN ego[02] partner[03] R2=0.868571 NMSE=0.131429 NP=0.930776 blind_NP=0.903017 PS-NP_gain=0.027758 shuffled_R2=-0.017966 shuffled_NP=0.004327
ALIGN ego[02] partner[04] R2=0.862610 NMSE=0.137390 NP=0.927895 blind_NP=0.912414 PS-NP_gain=0.015482 shuffled_R2=-0.018224 shuffled_NP=0.001806
ALIGN ego[03] partner[00] R2=0.897308 NMSE=0.102692 NP=0.946378 blind_NP=0.936355 PS-NP_gain=0.010023 shuffled_R2=-0.014933 shuffled_NP=0.001917
ALIGN ego[03] partner[01] R2=0.827422 NMSE=0.172578 NP=0.908444 blind_NP=0.889030 PS-NP_gain=0.019414 shuffled_R2=-0.015293 shuffled_NP=0.003553
ALIGN ego[03] partner[02] R2=0.868485 NMSE=0.131515 NP=0.930092 blind_NP=0.919812 PS-NP_gain=0.010280 shuffled_R2=-0.016471 shuffled_NP=0.002938
ALIGN ego[03] partner[03] R2=0.735500 NMSE=0.264500 NP=0.862088 blind_NP=0.852705 PS-NP_gain=0.009383 shuffled_R2=-0.025194 shuffled_NP=0.003806
ALIGN ego[03] partner[04] R2=0.830501 NMSE=0.169499 NP=0.911967 blind_NP=0.912216 PS-NP_gain=-0.000249 shuffled_R2=-0.022722 shuffled_NP=0.003272
ALIGN ego[04] partner[00] R2=0.884732 NMSE=0.115268 NP=0.942119 blind_NP=0.935407 PS-NP_gain=0.006712 shuffled_R2=-0.026160 shuffled_NP=0.003105
ALIGN ego[04] partner[01] R2=0.774830 NMSE=0.225170 NP=0.881212 blind_NP=0.852194 PS-NP_gain=0.029018 shuffled_R2=-0.021209 shuffled_NP=0.003633
ALIGN ego[04] partner[02] R2=0.832574 NMSE=0.167426 NP=0.912037 blind_NP=0.899133 PS-NP_gain=0.012904 shuffled_R2=-0.022638 shuffled_NP=0.002416
ALIGN ego[04] partner[03] R2=0.900868 NMSE=0.099132 NP=0.944725 blind_NP=0.929548 PS-NP_gain=0.015176 shuffled_R2=-0.014357 shuffled_NP=0.002523
ALIGN ego[04] partner[04] R2=0.805740 NMSE=0.194260 NP=0.899142 blind_NP=0.872481 PS-NP_gain=0.026661 shuffled_R2=-0.025908 shuffled_NP=0.001803
Average ego-to-partner alignment R2: 0.812574 +- 0.024110 SE over 25 ego-partner pairs
Average alignment normalized MSE: 0.187426 +- 0.024110 SE
Average shuffled-control alignment R2: -0.032266 +- 0.010490 SE
Average neural predictivity: 0.908315 +- 0.008350 SE
Average blind-control neural predictivity: 0.893429 +- 0.009061 SE
Average PS-NP gain: 0.014887 +- 0.001713 SE
Average shuffled-control neural predictivity: 0.003036 +- 0.000219 SE
Saved alignment results to zsc_results/lmpred_gamma0/coord_ring
Evaluating ZSC for method=lmpred_gamma0_ablate, layout=cramped_room5x5, prefix=checkpoints/lmpred_gamma0_ablate, result_name=lmpred_gamma0_ablate, perspective_transform=false
Importing submoduled environments...
Submoduled environments imported successfully.
LOADED: checkpoints/lmpred_gamma0_ablate/cramped_room5x5/baseline_seed_0_step_220.msgpack
LOADED: checkpoints/lmpred_gamma0_ablate/cramped_room5x5/baseline_seed_1_step_220.msgpack
LOADED: checkpoints/lmpred_gamma0_ablate/cramped_room5x5/baseline_seed_2_step_220.msgpack
LOADED: checkpoints/lmpred_gamma0_ablate/cramped_room5x5/baseline_seed_3_step_220.msgpack
LOADED: checkpoints/lmpred_gamma0_ablate/cramped_room5x5/baseline_seed_4_step_220.msgpack
ZSC[00, 00] = 230.841
ZSC[00, 01] = 182.319
ZSC[00, 02] = 238.027
ZSC[00, 03] = 229.844
ZSC[00, 04] = 217.250
ZSC[01, 00] = 182.086
ZSC[01, 01] = 239.447
ZSC[01, 02] = 216.528
ZSC[01, 03] = 198.177
ZSC[01, 04] = 125.364
ZSC[02, 00] = 237.662
ZSC[02, 01] = 216.050
ZSC[02, 02] = 234.977
ZSC[02, 03] = 185.214
ZSC[02, 04] = 190.456
ZSC[03, 00] = 229.880
ZSC[03, 01] = 198.466
ZSC[03, 02] = 185.630
ZSC[03, 03] = 180.764
ZSC[03, 04] = 207.637
ZSC[04, 00] = 216.519
ZSC[04, 01] = 125.647
ZSC[04, 02] = 190.556
ZSC[04, 03] = 207.406
ZSC[04, 04] = 234.347
Average SP performance (diagonal/self-copy): 224.075 +- 10.914 SE over 5 pairs
Average XP performance (off-diagonal/excluding self): 199.036 +- 6.918 SE over 20 ordered pairs
Saved ZSC results to zsc_results/lmpred_gamma0_ablate/cramped_room5x5
Saved ZSC heatmap to zsc_results/lmpred_gamma0_ablate/cramped_room5x5/xp_matrix.png
Using alignment rollout scale: ALIGN_PAIR_BATCH_SIZE=1, ALIGN_EVAL_NUM_EPISODES=128, ALIGN_EVAL_NUM_STEPS=400
ALIGN ego[00] partner[00] R2=0.913391 NMSE=0.086609 NP=0.954592 blind_NP=0.947196 PS-NP_gain=0.007396 shuffled_R2=-0.018496 shuffled_NP=0.002180
ALIGN ego[00] partner[01] R2=0.904906 NMSE=0.095094 NP=0.951176 blind_NP=0.938227 PS-NP_gain=0.012949 shuffled_R2=-0.019414 shuffled_NP=0.003321
ALIGN ego[00] partner[02] R2=0.813741 NMSE=0.186259 NP=0.909965 blind_NP=0.896297 PS-NP_gain=0.013667 shuffled_R2=-0.039333 shuffled_NP=0.002124
ALIGN ego[00] partner[03] R2=0.944450 NMSE=0.055550 NP=0.971709 blind_NP=0.964518 PS-NP_gain=0.007190 shuffled_R2=-0.016992 shuffled_NP=0.001512
ALIGN ego[00] partner[04] R2=0.917514 NMSE=0.082486 NP=0.957300 blind_NP=0.948429 PS-NP_gain=0.008871 shuffled_R2=-0.016780 shuffled_NP=0.002653
ALIGN ego[01] partner[00] R2=0.923493 NMSE=0.076507 NP=0.959535 blind_NP=0.947903 PS-NP_gain=0.011633 shuffled_R2=-0.017503 shuffled_NP=0.003947
ALIGN ego[01] partner[01] R2=0.939728 NMSE=0.060272 NP=0.968868 blind_NP=0.962493 PS-NP_gain=0.006375 shuffled_R2=-0.019681 shuffled_NP=0.001516
ALIGN ego[01] partner[02] R2=0.818765 NMSE=0.181235 NP=0.917833 blind_NP=0.923344 PS-NP_gain=-0.005511 shuffled_R2=-0.067044 shuffled_NP=0.003122
ALIGN ego[01] partner[03] R2=0.961182 NMSE=0.038818 NP=0.980142 blind_NP=0.975465 PS-NP_gain=0.004677 shuffled_R2=-0.015574 shuffled_NP=0.003955
ALIGN ego[01] partner[04] R2=0.932076 NMSE=0.067924 NP=0.965001 blind_NP=0.958193 PS-NP_gain=0.006808 shuffled_R2=-0.017273 shuffled_NP=0.003962
ALIGN ego[02] partner[00] R2=0.872392 NMSE=0.127608 NP=0.937248 blind_NP=0.935560 PS-NP_gain=0.001688 shuffled_R2=-0.021187 shuffled_NP=0.002150
ALIGN ego[02] partner[01] R2=0.832199 NMSE=0.167801 NP=0.919252 blind_NP=0.900823 PS-NP_gain=0.018429 shuffled_R2=-0.035668 shuffled_NP=0.001572
ALIGN ego[02] partner[02] R2=0.935125 NMSE=0.064875 NP=0.966855 blind_NP=0.956982 PS-NP_gain=0.009872 shuffled_R2=-0.017200 shuffled_NP=0.002080
ALIGN ego[02] partner[03] R2=0.860188 NMSE=0.139812 NP=0.931765 blind_NP=0.916881 PS-NP_gain=0.014884 shuffled_R2=-0.034634 shuffled_NP=0.002953
ALIGN ego[02] partner[04] R2=0.874654 NMSE=0.125346 NP=0.938721 blind_NP=0.917564 PS-NP_gain=0.021157 shuffled_R2=-0.046285 shuffled_NP=0.001655
ALIGN ego[03] partner[00] R2=0.671793 NMSE=0.328207 NP=0.877003 blind_NP=0.928721 PS-NP_gain=-0.051717 shuffled_R2=-0.173742 shuffled_NP=0.003671
ALIGN ego[03] partner[01] R2=0.897394 NMSE=0.102606 NP=0.948660 blind_NP=0.954428 PS-NP_gain=-0.005767 shuffled_R2=-0.038325 shuffled_NP=0.002234
ALIGN ego[03] partner[02] R2=0.929762 NMSE=0.070238 NP=0.963760 blind_NP=0.949710 PS-NP_gain=0.014050 shuffled_R2=-0.015988 shuffled_NP=0.002493
ALIGN ego[03] partner[03] R2=0.960147 NMSE=0.039853 NP=0.979521 blind_NP=0.972747 PS-NP_gain=0.006775 shuffled_R2=-0.015780 shuffled_NP=0.002293
ALIGN ego[03] partner[04] R2=0.908855 NMSE=0.091145 NP=0.954024 blind_NP=0.945308 PS-NP_gain=0.008716 shuffled_R2=-0.022703 shuffled_NP=0.003099
ALIGN ego[04] partner[00] R2=0.930951 NMSE=0.069049 NP=0.963846 blind_NP=0.942159 PS-NP_gain=0.021687 shuffled_R2=-0.015357 shuffled_NP=0.003026
ALIGN ego[04] partner[01] R2=0.860965 NMSE=0.139035 NP=0.931233 blind_NP=0.924765 PS-NP_gain=0.006468 shuffled_R2=-0.024066 shuffled_NP=0.008836
ALIGN ego[04] partner[02] R2=0.941445 NMSE=0.058555 NP=0.969081 blind_NP=0.954477 PS-NP_gain=0.014604 shuffled_R2=-0.018521 shuffled_NP=0.002541
ALIGN ego[04] partner[03] R2=0.907444 NMSE=0.092556 NP=0.955086 blind_NP=0.962913 PS-NP_gain=-0.007828 shuffled_R2=-0.029644 shuffled_NP=0.006311
ALIGN ego[04] partner[04] R2=0.930271 NMSE=0.069729 NP=0.963893 blind_NP=0.950160 PS-NP_gain=0.013733 shuffled_R2=-0.015442 shuffled_NP=0.002944
Average ego-to-partner alignment R2: 0.895313 +- 0.012486 SE over 25 ego-partner pairs
Average alignment normalized MSE: 0.104687 +- 0.012486 SE
Average shuffled-control alignment R2: -0.030905 +- 0.006455 SE
Average neural predictivity: 0.949443 +- 0.004855 SE
Average blind-control neural predictivity: 0.943011 +- 0.004149 SE
Average PS-NP gain: 0.006432 +- 0.002855 SE
Average shuffled-control neural predictivity: 0.003046 +- 0.000319 SE
Saved alignment results to zsc_results/lmpred_gamma0_ablate/cramped_room5x5
Evaluating ZSC for method=lmpred_gamma0_ablate, layout=counter_circuit, prefix=checkpoints/lmpred_gamma0_ablate, result_name=lmpred_gamma0_ablate, perspective_transform=false
Importing submoduled environments...
Submoduled environments imported successfully.
LOADED: checkpoints/lmpred_gamma0_ablate/counter_circuit/baseline_seed_0_step_380.msgpack
LOADED: checkpoints/lmpred_gamma0_ablate/counter_circuit/baseline_seed_1_step_380.msgpack
LOADED: checkpoints/lmpred_gamma0_ablate/counter_circuit/baseline_seed_2_step_380.msgpack
LOADED: checkpoints/lmpred_gamma0_ablate/counter_circuit/baseline_seed_3_step_380.msgpack
LOADED: checkpoints/lmpred_gamma0_ablate/counter_circuit/baseline_seed_4_step_380.msgpack
ZSC[00, 00] = 240.483
ZSC[00, 01] = 102.137
ZSC[00, 02] = 182.502
ZSC[00, 03] = 120.947
ZSC[00, 04] = 193.739
ZSC[01, 00] = 99.852
ZSC[01, 01] = 161.094
ZSC[01, 02] = 68.734
ZSC[01, 03] = 135.502
ZSC[01, 04] = 63.483
ZSC[02, 00] = 198.770
ZSC[02, 01] = 67.797
ZSC[02, 02] = 259.484
ZSC[02, 03] = 196.294
ZSC[02, 04] = 177.827
ZSC[03, 00] = 119.081
ZSC[03, 01] = 134.800
ZSC[03, 02] = 198.703
ZSC[03, 03] = 184.694
ZSC[03, 04] = 172.836
ZSC[04, 00] = 192.964
ZSC[04, 01] = 63.005
ZSC[04, 02] = 175.833
ZSC[04, 03] = 170.894
ZSC[04, 04] = 178.834
Average SP performance (diagonal/self-copy): 204.918 +- 19.042 SE over 5 pairs
Average XP performance (off-diagonal/excluding self): 141.785 +- 11.265 SE over 20 ordered pairs
Saved ZSC results to zsc_results/lmpred_gamma0_ablate/counter_circuit
Saved ZSC heatmap to zsc_results/lmpred_gamma0_ablate/counter_circuit/xp_matrix.png
Using alignment rollout scale: ALIGN_PAIR_BATCH_SIZE=1, ALIGN_EVAL_NUM_EPISODES=128, ALIGN_EVAL_NUM_STEPS=400
ALIGN ego[00] partner[00] R2=0.776766 NMSE=0.223234 NP=0.877803 blind_NP=0.843005 PS-NP_gain=0.034798 shuffled_R2=-0.018825 shuffled_NP=0.003190
ALIGN ego[00] partner[01] R2=0.732050 NMSE=0.267950 NP=0.857813 blind_NP=0.851329 PS-NP_gain=0.006484 shuffled_R2=-0.024583 shuffled_NP=0.002067
ALIGN ego[00] partner[02] R2=0.765731 NMSE=0.234269 NP=0.872508 blind_NP=0.842809 PS-NP_gain=0.029698 shuffled_R2=-0.018110 shuffled_NP=0.002891
ALIGN ego[00] partner[03] R2=0.773252 NMSE=0.226748 NP=0.872925 blind_NP=0.840658 PS-NP_gain=0.032266 shuffled_R2=-0.021207 shuffled_NP=0.002199
ALIGN ego[00] partner[04] R2=0.785137 NMSE=0.214863 NP=0.883752 blind_NP=0.854000 PS-NP_gain=0.029752 shuffled_R2=-0.016792 shuffled_NP=0.002084
ALIGN ego[01] partner[00] R2=0.788999 NMSE=0.211001 NP=0.888499 blind_NP=0.856643 PS-NP_gain=0.031856 shuffled_R2=-0.025239 shuffled_NP=0.005097
ALIGN ego[01] partner[01] R2=0.744139 NMSE=0.255861 NP=0.860371 blind_NP=0.821201 PS-NP_gain=0.039170 shuffled_R2=-0.019287 shuffled_NP=0.003794
ALIGN ego[01] partner[02] R2=0.784099 NMSE=0.215901 NP=0.885074 blind_NP=0.858941 PS-NP_gain=0.026133 shuffled_R2=-0.018737 shuffled_NP=0.003108
ALIGN ego[01] partner[03] R2=0.739479 NMSE=0.260521 NP=0.857072 blind_NP=0.834759 PS-NP_gain=0.022313 shuffled_R2=-0.015812 shuffled_NP=0.003561
ALIGN ego[01] partner[04] R2=0.782336 NMSE=0.217664 NP=0.884393 blind_NP=0.858265 PS-NP_gain=0.026128 shuffled_R2=-0.023019 shuffled_NP=0.000929
ALIGN ego[02] partner[00] R2=0.764560 NMSE=0.235440 NP=0.869710 blind_NP=0.836494 PS-NP_gain=0.033216 shuffled_R2=-0.017402 shuffled_NP=0.002313
ALIGN ego[02] partner[01] R2=0.785395 NMSE=0.214605 NP=0.884282 blind_NP=0.861078 PS-NP_gain=0.023204 shuffled_R2=-0.017936 shuffled_NP=0.004296
ALIGN ego[02] partner[02] R2=0.863080 NMSE=0.136920 NP=0.928162 blind_NP=0.921035 PS-NP_gain=0.007127 shuffled_R2=-0.016609 shuffled_NP=0.004128
ALIGN ego[02] partner[03] R2=0.796195 NMSE=0.203805 NP=0.890101 blind_NP=0.858822 PS-NP_gain=0.031278 shuffled_R2=-0.015558 shuffled_NP=0.005287
ALIGN ego[02] partner[04] R2=0.713855 NMSE=0.286145 NP=0.840813 blind_NP=0.791100 PS-NP_gain=0.049714 shuffled_R2=-0.015589 shuffled_NP=0.003778
ALIGN ego[03] partner[00] R2=0.741456 NMSE=0.258544 NP=0.863543 blind_NP=0.835064 PS-NP_gain=0.028479 shuffled_R2=-0.028868 shuffled_NP=0.002964
ALIGN ego[03] partner[01] R2=0.803748 NMSE=0.196252 NP=0.893907 blind_NP=0.854138 PS-NP_gain=0.039770 shuffled_R2=-0.014378 shuffled_NP=0.004928
ALIGN ego[03] partner[02] R2=0.811579 NMSE=0.188421 NP=0.899145 blind_NP=0.870887 PS-NP_gain=0.028258 shuffled_R2=-0.017714 shuffled_NP=0.002755
ALIGN ego[03] partner[03] R2=0.773332 NMSE=0.226668 NP=0.877538 blind_NP=0.842137 PS-NP_gain=0.035401 shuffled_R2=-0.019028 shuffled_NP=0.002505
ALIGN ego[03] partner[04] R2=0.739558 NMSE=0.260442 NP=0.857683 blind_NP=0.793099 PS-NP_gain=0.064584 shuffled_R2=-0.016542 shuffled_NP=0.003971
ALIGN ego[04] partner[00] R2=0.774522 NMSE=0.225478 NP=0.879944 blind_NP=0.858973 PS-NP_gain=0.020971 shuffled_R2=-0.015992 shuffled_NP=0.002460
ALIGN ego[04] partner[01] R2=0.822947 NMSE=0.177053 NP=0.901080 blind_NP=0.888988 PS-NP_gain=0.012092 shuffled_R2=-0.014167 shuffled_NP=0.004381
ALIGN ego[04] partner[02] R2=0.706677 NMSE=0.293323 NP=0.834569 blind_NP=0.808025 PS-NP_gain=0.026544 shuffled_R2=-0.014649 shuffled_NP=0.005827
ALIGN ego[04] partner[03] R2=0.704903 NMSE=0.295097 NP=0.836448 blind_NP=0.807741 PS-NP_gain=0.028708 shuffled_R2=-0.017221 shuffled_NP=0.002977
ALIGN ego[04] partner[04] R2=0.729857 NMSE=0.270143 NP=0.850978 blind_NP=0.819202 PS-NP_gain=0.031776 shuffled_R2=-0.015851 shuffled_NP=0.004213
Average ego-to-partner alignment R2: 0.768146 +- 0.007532 SE over 25 ego-partner pairs
Average alignment normalized MSE: 0.231854 +- 0.007532 SE
Average shuffled-control alignment R2: -0.018365 +- 0.000731 SE
Average neural predictivity: 0.873925 +- 0.004356 SE
Average blind-control neural predictivity: 0.844336 +- 0.005720 SE
Average PS-NP gain: 0.029589 +- 0.002404 SE
Average shuffled-control neural predictivity: 0.003428 +- 0.000236 SE
Saved alignment results to zsc_results/lmpred_gamma0_ablate/counter_circuit
Evaluating ZSC for method=lmpred_gamma0_ablate, layout=coord_ring, prefix=checkpoints/lmpred_gamma0_ablate, result_name=lmpred_gamma0_ablate, perspective_transform=false
Importing submoduled environments...
Submoduled environments imported successfully.
LOADED: checkpoints/lmpred_gamma0_ablate/coord_ring/baseline_seed_0_step_220.msgpack
LOADED: checkpoints/lmpred_gamma0_ablate/coord_ring/baseline_seed_1_step_220.msgpack
LOADED: checkpoints/lmpred_gamma0_ablate/coord_ring/baseline_seed_2_step_220.msgpack
LOADED: checkpoints/lmpred_gamma0_ablate/coord_ring/baseline_seed_3_step_220.msgpack
LOADED: checkpoints/lmpred_gamma0_ablate/coord_ring/baseline_seed_4_step_220.msgpack
ZSC[00, 00] = 262.927
ZSC[00, 01] = 257.431
ZSC[00, 02] = 254.547
ZSC[00, 03] = 242.531
ZSC[00, 04] = 238.909
ZSC[01, 00] = 258.572
ZSC[01, 01] = 315.852
ZSC[01, 02] = 245.009
ZSC[01, 03] = 273.347
ZSC[01, 04] = 280.292
ZSC[02, 00] = 253.550
ZSC[02, 01] = 242.737
ZSC[02, 02] = 300.622
ZSC[02, 03] = 283.825
ZSC[02, 04] = 291.750
ZSC[03, 00] = 242.353
ZSC[03, 01] = 273.403
ZSC[03, 02] = 284.670
ZSC[03, 03] = 326.252
ZSC[03, 04] = 260.827
ZSC[04, 00] = 239.272
ZSC[04, 01] = 281.034
ZSC[04, 02] = 291.617
ZSC[04, 03] = 259.573
ZSC[04, 04] = 284.539
Average SP performance (diagonal/self-copy): 298.038 +- 11.258 SE over 5 pairs
Average XP performance (off-diagonal/excluding self): 262.763 +- 4.084 SE over 20 ordered pairs
Saved ZSC results to zsc_results/lmpred_gamma0_ablate/coord_ring
Saved ZSC heatmap to zsc_results/lmpred_gamma0_ablate/coord_ring/xp_matrix.png
Using alignment rollout scale: ALIGN_PAIR_BATCH_SIZE=1, ALIGN_EVAL_NUM_EPISODES=128, ALIGN_EVAL_NUM_STEPS=400
ALIGN ego[00] partner[00] R2=0.800628 NMSE=0.199372 NP=0.898818 blind_NP=0.891398 PS-NP_gain=0.007420 shuffled_R2=-0.027568 shuffled_NP=0.004818
ALIGN ego[00] partner[01] R2=0.627520 NMSE=0.372480 NP=0.828264 blind_NP=0.860554 PS-NP_gain=-0.032291 shuffled_R2=-0.049978 shuffled_NP=0.003993
ALIGN ego[00] partner[02] R2=0.578766 NMSE=0.421234 NP=0.820277 blind_NP=0.842587 PS-NP_gain=-0.022310 shuffled_R2=-0.041355 shuffled_NP=0.002037
ALIGN ego[00] partner[03] R2=0.868343 NMSE=0.131657 NP=0.933395 blind_NP=0.929219 PS-NP_gain=0.004176 shuffled_R2=-0.021549 shuffled_NP=0.003254
ALIGN ego[00] partner[04] R2=0.891248 NMSE=0.108752 NP=0.944031 blind_NP=0.934959 PS-NP_gain=0.009073 shuffled_R2=-0.015107 shuffled_NP=0.004133
ALIGN ego[01] partner[00] R2=0.856254 NMSE=0.143746 NP=0.925423 blind_NP=0.907056 PS-NP_gain=0.018367 shuffled_R2=-0.017241 shuffled_NP=0.003267
ALIGN ego[01] partner[01] R2=0.797329 NMSE=0.202671 NP=0.891480 blind_NP=0.864299 PS-NP_gain=0.027181 shuffled_R2=-0.023127 shuffled_NP=0.005905
ALIGN ego[01] partner[02] R2=0.873852 NMSE=0.126148 NP=0.933307 blind_NP=0.921942 PS-NP_gain=0.011366 shuffled_R2=-0.015572 shuffled_NP=0.004055
ALIGN ego[01] partner[03] R2=0.866843 NMSE=0.133157 NP=0.929690 blind_NP=0.916370 PS-NP_gain=0.013320 shuffled_R2=-0.015623 shuffled_NP=0.004810
ALIGN ego[01] partner[04] R2=0.828260 NMSE=0.171740 NP=0.909148 blind_NP=0.887962 PS-NP_gain=0.021186 shuffled_R2=-0.015752 shuffled_NP=0.002711
ALIGN ego[02] partner[00] R2=0.786982 NMSE=0.213018 NP=0.892692 blind_NP=0.861067 PS-NP_gain=0.031626 shuffled_R2=-0.029081 shuffled_NP=0.002131
ALIGN ego[02] partner[01] R2=0.834547 NMSE=0.165453 NP=0.912056 blind_NP=0.887074 PS-NP_gain=0.024982 shuffled_R2=-0.018940 shuffled_NP=0.002492
ALIGN ego[02] partner[02] R2=0.839430 NMSE=0.160570 NP=0.913109 blind_NP=0.884835 PS-NP_gain=0.028274 shuffled_R2=-0.013913 shuffled_NP=0.005979
ALIGN ego[02] partner[03] R2=0.707072 NMSE=0.292928 NP=0.853321 blind_NP=0.818046 PS-NP_gain=0.035275 shuffled_R2=-0.028351 shuffled_NP=0.003101
ALIGN ego[02] partner[04] R2=0.841965 NMSE=0.158035 NP=0.915506 blind_NP=0.883904 PS-NP_gain=0.031602 shuffled_R2=-0.015572 shuffled_NP=0.006000
ALIGN ego[03] partner[00] R2=0.916347 NMSE=0.083653 NP=0.956967 blind_NP=0.955064 PS-NP_gain=0.001903 shuffled_R2=-0.018432 shuffled_NP=0.002758
ALIGN ego[03] partner[01] R2=0.877405 NMSE=0.122595 NP=0.935444 blind_NP=0.925144 PS-NP_gain=0.010301 shuffled_R2=-0.015085 shuffled_NP=0.004633
ALIGN ego[03] partner[02] R2=0.820516 NMSE=0.179484 NP=0.904246 blind_NP=0.889071 PS-NP_gain=0.015175 shuffled_R2=-0.017973 shuffled_NP=0.002216
ALIGN ego[03] partner[03] R2=0.929221 NMSE=0.070779 NP=0.963315 blind_NP=0.961437 PS-NP_gain=0.001877 shuffled_R2=-0.017769 shuffled_NP=0.002653
ALIGN ego[03] partner[04] R2=0.774059 NMSE=0.225941 NP=0.881130 blind_NP=0.862967 PS-NP_gain=0.018162 shuffled_R2=-0.017822 shuffled_NP=0.004302
ALIGN ego[04] partner[00] R2=0.833262 NMSE=0.166738 NP=0.916426 blind_NP=0.897136 PS-NP_gain=0.019290 shuffled_R2=-0.029270 shuffled_NP=0.002025
ALIGN ego[04] partner[01] R2=0.814167 NMSE=0.185833 NP=0.901633 blind_NP=0.869139 PS-NP_gain=0.032494 shuffled_R2=-0.017354 shuffled_NP=0.002956
ALIGN ego[04] partner[02] R2=0.843571 NMSE=0.156429 NP=0.915673 blind_NP=0.888342 PS-NP_gain=0.027331 shuffled_R2=-0.016223 shuffled_NP=0.005740
ALIGN ego[04] partner[03] R2=0.828475 NMSE=0.171525 NP=0.906567 blind_NP=0.881365 PS-NP_gain=0.025202 shuffled_R2=-0.016882 shuffled_NP=0.001832
ALIGN ego[04] partner[04] R2=0.803309 NMSE=0.196691 NP=0.894492 blind_NP=0.857186 PS-NP_gain=0.037306 shuffled_R2=-0.018752 shuffled_NP=0.002530
Average ego-to-partner alignment R2: 0.817575 +- 0.015944 SE over 25 ego-partner pairs
Average alignment normalized MSE: 0.182425 +- 0.015944 SE
Average shuffled-control alignment R2: -0.021372 +- 0.001749 SE
Average neural predictivity: 0.907056 +- 0.006877 SE
Average blind-control neural predictivity: 0.891125 +- 0.006873 SE
Average PS-NP gain: 0.015932 +- 0.003347 SE
Average shuffled-control neural predictivity: 0.003613 +- 0.000272 SE
Saved alignment results to zsc_results/lmpred_gamma0_ablate/coord_ring
Evaluating ZSC for method=lmpred_gamma09, layout=cramped_room5x5, prefix=checkpoints/lmpred_gamma09, result_name=lmpred_gamma09, perspective_transform=true
Importing submoduled environments...
Submoduled environments imported successfully.
LOADED: checkpoints/lmpred_gamma09/cramped_room5x5/baseline_seed_0_step_220.msgpack
LOADED: checkpoints/lmpred_gamma09/cramped_room5x5/baseline_seed_1_step_220.msgpack
LOADED: checkpoints/lmpred_gamma09/cramped_room5x5/baseline_seed_2_step_220.msgpack
LOADED: checkpoints/lmpred_gamma09/cramped_room5x5/baseline_seed_3_step_220.msgpack
LOADED: checkpoints/lmpred_gamma09/cramped_room5x5/baseline_seed_4_step_220.msgpack
ZSC[00, 00] = 208.256
ZSC[00, 01] = 208.980
ZSC[00, 02] = 183.294
ZSC[00, 03] = 220.534
ZSC[00, 04] = 204.947
ZSC[01, 00] = 209.477
ZSC[01, 01] = 228.077
ZSC[01, 02] = 35.047
ZSC[01, 03] = 227.995
ZSC[01, 04] = 207.262
ZSC[02, 00] = 182.998
ZSC[02, 01] = 35.161
ZSC[02, 02] = 238.983
ZSC[02, 03] = 177.150
ZSC[02, 04] = 80.325
ZSC[03, 00] = 220.672
ZSC[03, 01] = 228.120
ZSC[03, 02] = 175.952
ZSC[03, 03] = 232.130
ZSC[03, 04] = 202.255
ZSC[04, 00] = 205.209
ZSC[04, 01] = 207.422
ZSC[04, 02] = 79.959
ZSC[04, 03] = 200.353
ZSC[04, 04] = 243.861
Average SP performance (diagonal/self-copy): 230.261 +- 6.138 SE over 5 pairs
Average XP performance (off-diagonal/excluding self): 174.656 +- 14.020 SE over 20 ordered pairs
Saved ZSC results to zsc_results/lmpred_gamma09/cramped_room5x5
Saved ZSC heatmap to zsc_results/lmpred_gamma09/cramped_room5x5/xp_matrix.png
Using alignment rollout scale: ALIGN_PAIR_BATCH_SIZE=1, ALIGN_EVAL_NUM_EPISODES=128, ALIGN_EVAL_NUM_STEPS=400
ALIGN ego[00] partner[00] R2=0.917616 NMSE=0.082384 NP=0.957793 blind_NP=0.939289 PS-NP_gain=0.018504 shuffled_R2=-0.022967 shuffled_NP=0.003985
ALIGN ego[00] partner[01] R2=0.898141 NMSE=0.101859 NP=0.950264 blind_NP=0.941508 PS-NP_gain=0.008756 shuffled_R2=-0.040516 shuffled_NP=0.002908
ALIGN ego[00] partner[02] R2=0.946739 NMSE=0.053261 NP=0.972341 blind_NP=0.962263 PS-NP_gain=0.010078 shuffled_R2=-0.016899 shuffled_NP=0.002939
ALIGN ego[00] partner[03] R2=0.909483 NMSE=0.090517 NP=0.953504 blind_NP=0.944376 PS-NP_gain=0.009128 shuffled_R2=-0.017976 shuffled_NP=0.002026
ALIGN ego[00] partner[04] R2=0.903952 NMSE=0.096048 NP=0.950620 blind_NP=0.943281 PS-NP_gain=0.007339 shuffled_R2=-0.017093 shuffled_NP=0.005006
ALIGN ego[01] partner[00] R2=0.942802 NMSE=0.057198 NP=0.971010 blind_NP=0.966122 PS-NP_gain=0.004887 shuffled_R2=-0.016464 shuffled_NP=0.003432
ALIGN ego[01] partner[01] R2=0.958298 NMSE=0.041702 NP=0.978418 blind_NP=0.972700 PS-NP_gain=0.005718 shuffled_R2=-0.016397 shuffled_NP=0.002665
ALIGN ego[01] partner[02] R2=0.792189 NMSE=0.207811 NP=0.901275 blind_NP=0.878029 PS-NP_gain=0.023247 shuffled_R2=-0.050783 shuffled_NP=0.003877
ALIGN ego[01] partner[03] R2=0.909480 NMSE=0.090520 NP=0.953335 blind_NP=0.945763 PS-NP_gain=0.007573 shuffled_R2=-0.017723 shuffled_NP=0.003545
ALIGN ego[01] partner[04] R2=0.924909 NMSE=0.075091 NP=0.961270 blind_NP=0.952283 PS-NP_gain=0.008988 shuffled_R2=-0.015763 shuffled_NP=0.003210
ALIGN ego[02] partner[00] R2=0.950435 NMSE=0.049565 NP=0.974607 blind_NP=0.967605 PS-NP_gain=0.007002 shuffled_R2=-0.014588 shuffled_NP=0.005787
ALIGN ego[02] partner[01] R2=0.855872 NMSE=0.144128 NP=0.934774 blind_NP=0.921545 PS-NP_gain=0.013229 shuffled_R2=-0.078319 shuffled_NP=0.001275
ALIGN ego[02] partner[02] R2=0.931432 NMSE=0.068568 NP=0.964717 blind_NP=0.957654 PS-NP_gain=0.007064 shuffled_R2=-0.016224 shuffled_NP=0.002571
ALIGN ego[02] partner[03] R2=0.921116 NMSE=0.078884 NP=0.959157 blind_NP=0.953744 PS-NP_gain=0.005413 shuffled_R2=-0.016033 shuffled_NP=0.002651
ALIGN ego[02] partner[04] R2=0.940726 NMSE=0.059274 NP=0.969803 blind_NP=0.965006 PS-NP_gain=0.004796 shuffled_R2=-0.016898 shuffled_NP=0.002148
ALIGN ego[03] partner[00] R2=0.906429 NMSE=0.093571 NP=0.952585 blind_NP=0.940564 PS-NP_gain=0.012021 shuffled_R2=-0.020806 shuffled_NP=0.002265
ALIGN ego[03] partner[01] R2=0.928754 NMSE=0.071246 NP=0.962956 blind_NP=0.950474 PS-NP_gain=0.012482 shuffled_R2=-0.017420 shuffled_NP=0.002236
ALIGN ego[03] partner[02] R2=0.924294 NMSE=0.075706 NP=0.961241 blind_NP=0.948473 PS-NP_gain=0.012768 shuffled_R2=-0.020755 shuffled_NP=0.006287
ALIGN ego[03] partner[03] R2=0.887620 NMSE=0.112380 NP=0.943881 blind_NP=0.937540 PS-NP_gain=0.006341 shuffled_R2=-0.018974 shuffled_NP=0.004147
ALIGN ego[03] partner[04] R2=0.904931 NMSE=0.095069 NP=0.951921 blind_NP=0.948993 PS-NP_gain=0.002928 shuffled_R2=-0.028285 shuffled_NP=0.001840
ALIGN ego[04] partner[00] R2=0.922418 NMSE=0.077582 NP=0.960214 blind_NP=0.939325 PS-NP_gain=0.020889 shuffled_R2=-0.020741 shuffled_NP=0.004159
ALIGN ego[04] partner[01] R2=0.867746 NMSE=0.132254 NP=0.934717 blind_NP=0.919922 PS-NP_gain=0.014795 shuffled_R2=-0.034574 shuffled_NP=0.002221
ALIGN ego[04] partner[02] R2=0.935400 NMSE=0.064600 NP=0.966760 blind_NP=0.954434 PS-NP_gain=0.012326 shuffled_R2=-0.017110 shuffled_NP=0.002547
ALIGN ego[04] partner[03] R2=0.907538 NMSE=0.092462 NP=0.952910 blind_NP=0.946089 PS-NP_gain=0.006820 shuffled_R2=-0.018814 shuffled_NP=0.002026
ALIGN ego[04] partner[04] R2=0.932461 NMSE=0.067539 NP=0.965320 blind_NP=0.954361 PS-NP_gain=0.010960 shuffled_R2=-0.015178 shuffled_NP=0.002025
Average ego-to-partner alignment R2: 0.912831 +- 0.006974 SE over 25 ego-partner pairs
Average alignment normalized MSE: 0.087169 +- 0.006974 SE
Average shuffled-control alignment R2: -0.023492 +- 0.002868 SE
Average neural predictivity: 0.956216 +- 0.003189 SE
Average blind-control neural predictivity: 0.946054 +- 0.003817 SE
Average PS-NP gain: 0.010162 +- 0.001019 SE
Average shuffled-control neural predictivity: 0.003111 +- 0.000250 SE
Saved alignment results to zsc_results/lmpred_gamma09/cramped_room5x5
Evaluating ZSC for method=lmpred_gamma09, layout=counter_circuit, prefix=checkpoints/lmpred_gamma09, result_name=lmpred_gamma09, perspective_transform=true
Importing submoduled environments...
Submoduled environments imported successfully.
LOADED: checkpoints/lmpred_gamma09/counter_circuit/baseline_seed_0_step_380.msgpack
LOADED: checkpoints/lmpred_gamma09/counter_circuit/baseline_seed_1_step_380.msgpack
LOADED: checkpoints/lmpred_gamma09/counter_circuit/baseline_seed_2_step_380.msgpack
LOADED: checkpoints/lmpred_gamma09/counter_circuit/baseline_seed_3_step_380.msgpack
LOADED: checkpoints/lmpred_gamma09/counter_circuit/baseline_seed_4_step_380.msgpack
ZSC[00, 00] = 213.591
ZSC[00, 01] = 221.822
ZSC[00, 02] = 84.933
ZSC[00, 03] = 215.659
ZSC[00, 04] = 198.900
ZSC[01, 00] = 218.080
ZSC[01, 01] = 236.359
ZSC[01, 02] = 104.722
ZSC[01, 03] = 216.294
ZSC[01, 04] = 213.059
ZSC[02, 00] = 85.727
ZSC[02, 01] = 104.483
ZSC[02, 02] = 106.048
ZSC[02, 03] = 72.188
ZSC[02, 04] = 82.273
ZSC[03, 00] = 215.908
ZSC[03, 01] = 216.495
ZSC[03, 02] = 72.036
ZSC[03, 03] = 207.853
ZSC[03, 04] = 172.553
ZSC[04, 00] = 199.125
ZSC[04, 01] = 213.005
ZSC[04, 02] = 82.130
ZSC[04, 03] = 172.328
ZSC[04, 04] = 194.706
Average SP performance (diagonal/self-copy): 191.712 +- 22.450 SE over 5 pairs
Average XP performance (off-diagonal/excluding self): 158.086 +- 13.910 SE over 20 ordered pairs
Saved ZSC results to zsc_results/lmpred_gamma09/counter_circuit
Saved ZSC heatmap to zsc_results/lmpred_gamma09/counter_circuit/xp_matrix.png
Using alignment rollout scale: ALIGN_PAIR_BATCH_SIZE=1, ALIGN_EVAL_NUM_EPISODES=128, ALIGN_EVAL_NUM_STEPS=400
ALIGN ego[00] partner[00] R2=0.767520 NMSE=0.232480 NP=0.871426 blind_NP=0.829103 PS-NP_gain=0.042323 shuffled_R2=-0.013910 shuffled_NP=0.006376
ALIGN ego[00] partner[01] R2=0.768520 NMSE=0.231480 NP=0.871857 blind_NP=0.834348 PS-NP_gain=0.037510 shuffled_R2=-0.014926 shuffled_NP=0.002943
ALIGN ego[00] partner[02] R2=0.688489 NMSE=0.311511 NP=0.839092 blind_NP=0.802934 PS-NP_gain=0.036158 shuffled_R2=-0.031030 shuffled_NP=0.003567
ALIGN ego[00] partner[03] R2=0.763541 NMSE=0.236459 NP=0.869561 blind_NP=0.840769 PS-NP_gain=0.028792 shuffled_R2=-0.015759 shuffled_NP=0.004101
ALIGN ego[00] partner[04] R2=0.769581 NMSE=0.230419 NP=0.873328 blind_NP=0.829293 PS-NP_gain=0.044035 shuffled_R2=-0.015874 shuffled_NP=0.002341
ALIGN ego[01] partner[00] R2=0.717904 NMSE=0.282096 NP=0.843599 blind_NP=0.805817 PS-NP_gain=0.037783 shuffled_R2=-0.021829 shuffled_NP=0.002988
ALIGN ego[01] partner[01] R2=0.798217 NMSE=0.201783 NP=0.888403 blind_NP=0.861967 PS-NP_gain=0.026435 shuffled_R2=-0.015045 shuffled_NP=0.002900
ALIGN ego[01] partner[02] R2=0.783855 NMSE=0.216145 NP=0.881873 blind_NP=0.858585 PS-NP_gain=0.023288 shuffled_R2=-0.017155 shuffled_NP=0.001566
ALIGN ego[01] partner[03] R2=0.751023 NMSE=0.248977 NP=0.862159 blind_NP=0.833460 PS-NP_gain=0.028699 shuffled_R2=-0.017770 shuffled_NP=0.003274
ALIGN ego[01] partner[04] R2=0.771104 NMSE=0.228896 NP=0.875049 blind_NP=0.846871 PS-NP_gain=0.028178 shuffled_R2=-0.017467 shuffled_NP=0.002718
ALIGN ego[02] partner[00] R2=0.785472 NMSE=0.214528 NP=0.886092 blind_NP=0.846151 PS-NP_gain=0.039941 shuffled_R2=-0.019653 shuffled_NP=0.002080
ALIGN ego[02] partner[01] R2=0.818337 NMSE=0.181663 NP=0.905112 blind_NP=0.851966 PS-NP_gain=0.053146 shuffled_R2=-0.015069 shuffled_NP=0.003465
ALIGN ego[02] partner[02] R2=0.783257 NMSE=0.216743 NP=0.887209 blind_NP=0.856514 PS-NP_gain=0.030695 shuffled_R2=-0.015986 shuffled_NP=0.002669
ALIGN ego[02] partner[03] R2=0.800061 NMSE=0.199939 NP=0.892224 blind_NP=0.850951 PS-NP_gain=0.041273 shuffled_R2=-0.018395 shuffled_NP=0.003374
ALIGN ego[02] partner[04] R2=0.737057 NMSE=0.262943 NP=0.863440 blind_NP=0.816733 PS-NP_gain=0.046707 shuffled_R2=-0.020403 shuffled_NP=0.002128
ALIGN ego[03] partner[00] R2=0.772398 NMSE=0.227602 NP=0.875162 blind_NP=0.832325 PS-NP_gain=0.042836 shuffled_R2=-0.015271 shuffled_NP=0.001748
ALIGN ego[03] partner[01] R2=0.719153 NMSE=0.280847 NP=0.845232 blind_NP=0.789036 PS-NP_gain=0.056196 shuffled_R2=-0.019763 shuffled_NP=0.003583
ALIGN ego[03] partner[02] R2=0.774388 NMSE=0.225612 NP=0.880664 blind_NP=0.857681 PS-NP_gain=0.022983 shuffled_R2=-0.024343 shuffled_NP=0.004473
ALIGN ego[03] partner[03] R2=0.690116 NMSE=0.309884 NP=0.842296 blind_NP=0.804997 PS-NP_gain=0.037298 shuffled_R2=-0.035446 shuffled_NP=0.003439
ALIGN ego[03] partner[04] R2=0.752889 NMSE=0.247111 NP=0.864508 blind_NP=0.820550 PS-NP_gain=0.043959 shuffled_R2=-0.016764 shuffled_NP=0.003215
ALIGN ego[04] partner[00] R2=0.726632 NMSE=0.273368 NP=0.849550 blind_NP=0.805525 PS-NP_gain=0.044026 shuffled_R2=-0.017749 shuffled_NP=0.001687
ALIGN ego[04] partner[01] R2=0.755235 NMSE=0.244765 NP=0.864762 blind_NP=0.829564 PS-NP_gain=0.035198 shuffled_R2=-0.016194 shuffled_NP=0.005159
ALIGN ego[04] partner[02] R2=0.848467 NMSE=0.151533 NP=0.910422 blind_NP=0.884440 PS-NP_gain=0.025982 shuffled_R2=-0.013829 shuffled_NP=0.004314
ALIGN ego[04] partner[03] R2=0.756026 NMSE=0.243974 NP=0.865911 blind_NP=0.835001 PS-NP_gain=0.030910 shuffled_R2=-0.017913 shuffled_NP=0.001267
ALIGN ego[04] partner[04] R2=0.786607 NMSE=0.213393 NP=0.884511 blind_NP=0.852160 PS-NP_gain=0.032351 shuffled_R2=-0.018460 shuffled_NP=0.002428
Average ego-to-partner alignment R2: 0.763434 +- 0.007352 SE over 25 ego-partner pairs
Average alignment normalized MSE: 0.236566 +- 0.007352 SE
Average shuffled-control alignment R2: -0.018640 +- 0.001015 SE
Average neural predictivity: 0.871738 +- 0.003729 SE
Average blind-control neural predictivity: 0.835070 +- 0.004519 SE
Average PS-NP gain: 0.036668 +- 0.001776 SE
Average shuffled-control neural predictivity: 0.003112 +- 0.000235 SE
Saved alignment results to zsc_results/lmpred_gamma09/counter_circuit
Evaluating ZSC for method=lmpred_gamma09, layout=coord_ring, prefix=checkpoints/lmpred_gamma09, result_name=lmpred_gamma09, perspective_transform=true
Importing submoduled environments...
Submoduled environments imported successfully.
LOADED: checkpoints/lmpred_gamma09/coord_ring/baseline_seed_0_step_220.msgpack
LOADED: checkpoints/lmpred_gamma09/coord_ring/baseline_seed_1_step_220.msgpack
LOADED: checkpoints/lmpred_gamma09/coord_ring/baseline_seed_2_step_220.msgpack
LOADED: checkpoints/lmpred_gamma09/coord_ring/baseline_seed_3_step_220.msgpack
LOADED: checkpoints/lmpred_gamma09/coord_ring/baseline_seed_4_step_220.msgpack
ZSC[00, 00] = 313.052
ZSC[00, 01] = 289.356
ZSC[00, 02] = 257.225
ZSC[00, 03] = 307.423
ZSC[00, 04] = 274.547
ZSC[01, 00] = 290.375
ZSC[01, 01] = 295.902
ZSC[01, 02] = 283.598
ZSC[01, 03] = 286.244
ZSC[01, 04] = 270.742
ZSC[02, 00] = 258.603
ZSC[02, 01] = 283.981
ZSC[02, 02] = 259.880
ZSC[02, 03] = 273.508
ZSC[02, 04] = 241.087
ZSC[03, 00] = 307.188
ZSC[03, 01] = 285.023
ZSC[03, 02] = 272.847
ZSC[03, 03] = 289.562
ZSC[03, 04] = 262.337
ZSC[04, 00] = 274.477
ZSC[04, 01] = 271.361
ZSC[04, 02] = 240.886
ZSC[04, 03] = 261.831
ZSC[04, 04] = 253.998
Average SP performance (diagonal/self-copy): 282.479 +- 11.151 SE over 5 pairs
Average XP performance (off-diagonal/excluding self): 274.632 +- 4.033 SE over 20 ordered pairs
Saved ZSC results to zsc_results/lmpred_gamma09/coord_ring
Saved ZSC heatmap to zsc_results/lmpred_gamma09/coord_ring/xp_matrix.png
Using alignment rollout scale: ALIGN_PAIR_BATCH_SIZE=1, ALIGN_EVAL_NUM_EPISODES=128, ALIGN_EVAL_NUM_STEPS=400
ALIGN ego[00] partner[00] R2=0.877847 NMSE=0.122153 NP=0.936537 blind_NP=0.914848 PS-NP_gain=0.021689 shuffled_R2=-0.020649 shuffled_NP=0.001133
ALIGN ego[00] partner[01] R2=0.843839 NMSE=0.156161 NP=0.920830 blind_NP=0.881439 PS-NP_gain=0.039391 shuffled_R2=-0.023117 shuffled_NP=0.005196
ALIGN ego[00] partner[02] R2=0.883294 NMSE=0.116706 NP=0.939007 blind_NP=0.923043 PS-NP_gain=0.015964 shuffled_R2=-0.016940 shuffled_NP=0.001951
ALIGN ego[00] partner[03] R2=0.881038 NMSE=0.118962 NP=0.937926 blind_NP=0.922582 PS-NP_gain=0.015344 shuffled_R2=-0.013073 shuffled_NP=0.007258
ALIGN ego[00] partner[04] R2=0.889704 NMSE=0.110296 NP=0.942683 blind_NP=0.926299 PS-NP_gain=0.016384 shuffled_R2=-0.013514 shuffled_NP=0.003736
ALIGN ego[01] partner[00] R2=0.897343 NMSE=0.102657 NP=0.946703 blind_NP=0.936089 PS-NP_gain=0.010613 shuffled_R2=-0.012959 shuffled_NP=0.002222
ALIGN ego[01] partner[01] R2=0.792748 NMSE=0.207252 NP=0.893177 blind_NP=0.870710 PS-NP_gain=0.022467 shuffled_R2=-0.029969 shuffled_NP=0.004073
ALIGN ego[01] partner[02] R2=0.870651 NMSE=0.129349 NP=0.932101 blind_NP=0.919395 PS-NP_gain=0.012706 shuffled_R2=-0.016166 shuffled_NP=0.002945
ALIGN ego[01] partner[03] R2=0.825868 NMSE=0.174132 NP=0.907778 blind_NP=0.892773 PS-NP_gain=0.015005 shuffled_R2=-0.016587 shuffled_NP=0.003178
ALIGN ego[01] partner[04] R2=0.857808 NMSE=0.142192 NP=0.925171 blind_NP=0.912632 PS-NP_gain=0.012539 shuffled_R2=-0.015726 shuffled_NP=0.005623
ALIGN ego[02] partner[00] R2=0.859759 NMSE=0.140241 NP=0.926649 blind_NP=0.908377 PS-NP_gain=0.018273 shuffled_R2=-0.015404 shuffled_NP=0.003335
ALIGN ego[02] partner[01] R2=0.871126 NMSE=0.128874 NP=0.932872 blind_NP=0.913535 PS-NP_gain=0.019337 shuffled_R2=-0.019319 shuffled_NP=0.001563
ALIGN ego[02] partner[02] R2=0.904100 NMSE=0.095900 NP=0.949865 blind_NP=0.936598 PS-NP_gain=0.013267 shuffled_R2=-0.016576 shuffled_NP=0.001792
ALIGN ego[02] partner[03] R2=0.817110 NMSE=0.182890 NP=0.902621 blind_NP=0.889487 PS-NP_gain=0.013134 shuffled_R2=-0.020709 shuffled_NP=0.001329
ALIGN ego[02] partner[04] R2=0.838752 NMSE=0.161248 NP=0.914794 blind_NP=0.900809 PS-NP_gain=0.013986 shuffled_R2=-0.017640 shuffled_NP=0.002102
ALIGN ego[03] partner[00] R2=0.879370 NMSE=0.120630 NP=0.936986 blind_NP=0.921116 PS-NP_gain=0.015871 shuffled_R2=-0.013498 shuffled_NP=0.003757
ALIGN ego[03] partner[01] R2=0.745782 NMSE=0.254218 NP=0.869633 blind_NP=0.801752 PS-NP_gain=0.067881 shuffled_R2=-0.032376 shuffled_NP=0.002843
ALIGN ego[03] partner[02] R2=0.744185 NMSE=0.255815 NP=0.870780 blind_NP=0.820151 PS-NP_gain=0.050628 shuffled_R2=-0.031660 shuffled_NP=0.003517
ALIGN ego[03] partner[03] R2=0.770505 NMSE=0.229495 NP=0.879439 blind_NP=0.847771 PS-NP_gain=0.031668 shuffled_R2=-0.021328 shuffled_NP=0.002367
ALIGN ego[03] partner[04] R2=0.793141 NMSE=0.206859 NP=0.888021 blind_NP=0.850328 PS-NP_gain=0.037693 shuffled_R2=-0.020190 shuffled_NP=0.002773
ALIGN ego[04] partner[00] R2=0.850530 NMSE=0.149470 NP=0.921200 blind_NP=0.904831 PS-NP_gain=0.016369 shuffled_R2=-0.016070 shuffled_NP=0.003609
ALIGN ego[04] partner[01] R2=0.880134 NMSE=0.119866 NP=0.937562 blind_NP=0.916613 PS-NP_gain=0.020950 shuffled_R2=-0.014103 shuffled_NP=0.004473
ALIGN ego[04] partner[02] R2=0.856469 NMSE=0.143531 NP=0.925338 blind_NP=0.909287 PS-NP_gain=0.016052 shuffled_R2=-0.019181 shuffled_NP=0.004533
ALIGN ego[04] partner[03] R2=0.812307 NMSE=0.187693 NP=0.899216 blind_NP=0.876720 PS-NP_gain=0.022496 shuffled_R2=-0.017180 shuffled_NP=0.001958
ALIGN ego[04] partner[04] R2=0.855721 NMSE=0.144279 NP=0.919367 blind_NP=0.895395 PS-NP_gain=0.023972 shuffled_R2=-0.015874 shuffled_NP=0.002456
Average ego-to-partner alignment R2: 0.843965 +- 0.009101 SE over 25 ego-partner pairs
Average alignment normalized MSE: 0.156035 +- 0.009101 SE
Average shuffled-control alignment R2: -0.018792 +- 0.001092 SE
Average neural predictivity: 0.918250 +- 0.004702 SE
Average blind-control neural predictivity: 0.895703 +- 0.006941 SE
Average PS-NP gain: 0.022547 +- 0.002701 SE
Average shuffled-control neural predictivity: 0.003189 +- 0.000291 SE
Saved alignment results to zsc_results/lmpred_gamma09/coord_ring
Evaluating ZSC for method=lmpred_gamma09_ablate, layout=cramped_room5x5, prefix=checkpoints/lmpred_gamma09_ablate, result_name=lmpred_gamma09_ablate, perspective_transform=false
Importing submoduled environments...
Submoduled environments imported successfully.
LOADED: checkpoints/lmpred_gamma09_ablate/cramped_room5x5/baseline_seed_0_step_220.msgpack
LOADED: checkpoints/lmpred_gamma09_ablate/cramped_room5x5/baseline_seed_1_step_220.msgpack
LOADED: checkpoints/lmpred_gamma09_ablate/cramped_room5x5/baseline_seed_2_step_220.msgpack
LOADED: checkpoints/lmpred_gamma09_ablate/cramped_room5x5/baseline_seed_3_step_220.msgpack
LOADED: checkpoints/lmpred_gamma09_ablate/cramped_room5x5/baseline_seed_4_step_220.msgpack
ZSC[00, 00] = 240.211
ZSC[00, 01] = 213.812
ZSC[00, 02] = 233.028
ZSC[00, 03] = 172.345
ZSC[00, 04] = 223.402
ZSC[01, 00] = 213.567
ZSC[01, 01] = 238.608
ZSC[01, 02] = 220.702
ZSC[01, 03] = 187.336
ZSC[01, 04] = 190.091
ZSC[02, 00] = 233.066
ZSC[02, 01] = 220.766
ZSC[02, 02] = 211.055
ZSC[02, 03] = 152.686
ZSC[02, 04] = 197.139
ZSC[03, 00] = 172.381
ZSC[03, 01] = 186.522
ZSC[03, 02] = 152.431
ZSC[03, 03] = 222.811
ZSC[03, 04] = 115.256
ZSC[04, 00] = 223.525
ZSC[04, 01] = 190.978
ZSC[04, 02] = 196.564
ZSC[04, 03] = 115.577
ZSC[04, 04] = 229.753
Average SP performance (diagonal/self-copy): 228.487 +- 5.374 SE over 5 pairs
Average XP performance (off-diagonal/excluding self): 190.559 +- 7.883 SE over 20 ordered pairs
Saved ZSC results to zsc_results/lmpred_gamma09_ablate/cramped_room5x5
Saved ZSC heatmap to zsc_results/lmpred_gamma09_ablate/cramped_room5x5/xp_matrix.png
Using alignment rollout scale: ALIGN_PAIR_BATCH_SIZE=1, ALIGN_EVAL_NUM_EPISODES=128, ALIGN_EVAL_NUM_STEPS=400
ALIGN ego[00] partner[00] R2=0.849876 NMSE=0.150124 NP=0.929375 blind_NP=0.926525 PS-NP_gain=0.002850 shuffled_R2=-0.037677 shuffled_NP=0.003207
ALIGN ego[00] partner[01] R2=0.934701 NMSE=0.065299 NP=0.966570 blind_NP=0.958682 PS-NP_gain=0.007888 shuffled_R2=-0.016675 shuffled_NP=0.005052
ALIGN ego[00] partner[02] R2=0.936025 NMSE=0.063975 NP=0.967231 blind_NP=0.963313 PS-NP_gain=0.003918 shuffled_R2=-0.015661 shuffled_NP=0.005521
ALIGN ego[00] partner[03] R2=0.929131 NMSE=0.070869 NP=0.963989 blind_NP=0.957481 PS-NP_gain=0.006508 shuffled_R2=-0.018880 shuffled_NP=0.001830
ALIGN ego[00] partner[04] R2=0.911756 NMSE=0.088244 NP=0.954538 blind_NP=0.948211 PS-NP_gain=0.006327 shuffled_R2=-0.013533 shuffled_NP=0.007331
ALIGN ego[01] partner[00] R2=0.913700 NMSE=0.086300 NP=0.955398 blind_NP=0.954535 PS-NP_gain=0.000863 shuffled_R2=-0.017409 shuffled_NP=0.003506
ALIGN ego[01] partner[01] R2=0.954743 NMSE=0.045257 NP=0.977093 blind_NP=0.972193 PS-NP_gain=0.004900 shuffled_R2=-0.017689 shuffled_NP=0.003082
ALIGN ego[01] partner[02] R2=0.916210 NMSE=0.083790 NP=0.957070 blind_NP=0.956569 PS-NP_gain=0.000501 shuffled_R2=-0.016292 shuffled_NP=0.002016
ALIGN ego[01] partner[03] R2=0.937075 NMSE=0.062925 NP=0.967339 blind_NP=0.966281 PS-NP_gain=0.001058 shuffled_R2=-0.014267 shuffled_NP=0.003905
ALIGN ego[01] partner[04] R2=0.751950 NMSE=0.248050 NP=0.894116 blind_NP=0.910756 PS-NP_gain=-0.016639 shuffled_R2=-0.059368 shuffled_NP=0.002586
ALIGN ego[02] partner[00] R2=0.925503 NMSE=0.074497 NP=0.961331 blind_NP=0.956521 PS-NP_gain=0.004810 shuffled_R2=-0.018140 shuffled_NP=0.002732
ALIGN ego[02] partner[01] R2=0.923661 NMSE=0.076339 NP=0.961682 blind_NP=0.953214 PS-NP_gain=0.008468 shuffled_R2=-0.018038 shuffled_NP=0.003952
ALIGN ego[02] partner[02] R2=0.856572 NMSE=0.143428 NP=0.926976 blind_NP=0.922627 PS-NP_gain=0.004349 shuffled_R2=-0.029158 shuffled_NP=0.001422
ALIGN ego[02] partner[03] R2=0.878307 NMSE=0.121693 NP=0.938320 blind_NP=0.926387 PS-NP_gain=0.011934 shuffled_R2=-0.026476 shuffled_NP=0.001813
ALIGN ego[02] partner[04] R2=0.913179 NMSE=0.086821 NP=0.954579 blind_NP=0.946471 PS-NP_gain=0.008108 shuffled_R2=-0.017254 shuffled_NP=0.003796
ALIGN ego[03] partner[00] R2=0.870877 NMSE=0.129123 NP=0.944673 blind_NP=0.938394 PS-NP_gain=0.006278 shuffled_R2=-0.034867 shuffled_NP=0.003068
ALIGN ego[03] partner[01] R2=0.650009 NMSE=0.349991 NP=0.849953 blind_NP=0.784853 PS-NP_gain=0.065099 shuffled_R2=-0.076682 shuffled_NP=0.003601
ALIGN ego[03] partner[02] R2=0.836207 NMSE=0.163793 NP=0.918453 blind_NP=0.912714 PS-NP_gain=0.005739 shuffled_R2=-0.032241 shuffled_NP=0.002326
ALIGN ego[03] partner[03] R2=0.932375 NMSE=0.067625 NP=0.964898 blind_NP=0.956565 PS-NP_gain=0.008334 shuffled_R2=-0.016369 shuffled_NP=0.002525
ALIGN ego[03] partner[04] R2=0.931793 NMSE=0.068207 NP=0.964943 blind_NP=0.954479 PS-NP_gain=0.010464 shuffled_R2=-0.017617 shuffled_NP=0.004756
ALIGN ego[04] partner[00] R2=0.904953 NMSE=0.095047 NP=0.951245 blind_NP=0.936432 PS-NP_gain=0.014813 shuffled_R2=-0.016712 shuffled_NP=0.003125
ALIGN ego[04] partner[01] R2=0.941131 NMSE=0.058869 NP=0.970234 blind_NP=0.957751 PS-NP_gain=0.012483 shuffled_R2=-0.016632 shuffled_NP=0.003548
ALIGN ego[04] partner[02] R2=0.914416 NMSE=0.085584 NP=0.956020 blind_NP=0.945180 PS-NP_gain=0.010840 shuffled_R2=-0.017244 shuffled_NP=0.003664
ALIGN ego[04] partner[03] R2=0.938505 NMSE=0.061495 NP=0.967757 blind_NP=0.958975 PS-NP_gain=0.008782 shuffled_R2=-0.013222 shuffled_NP=0.004862
ALIGN ego[04] partner[04] R2=0.934744 NMSE=0.065256 NP=0.966683 blind_NP=0.960139 PS-NP_gain=0.006544 shuffled_R2=-0.015778 shuffled_NP=0.003056
Average ego-to-partner alignment R2: 0.895496 +- 0.013544 SE over 25 ego-partner pairs
Average alignment normalized MSE: 0.104504 +- 0.013544 SE
Average shuffled-control alignment R2: -0.023755 +- 0.003022 SE
Average neural predictivity: 0.949219 +- 0.005613 SE
Average blind-control neural predictivity: 0.941010 +- 0.007290 SE
Average PS-NP gain: 0.008209 +- 0.002649 SE
Average shuffled-control neural predictivity: 0.003451 +- 0.000264 SE
Saved alignment results to zsc_results/lmpred_gamma09_ablate/cramped_room5x5
Evaluating ZSC for method=lmpred_gamma09_ablate, layout=counter_circuit, prefix=checkpoints/lmpred_gamma09_ablate, result_name=lmpred_gamma09_ablate, perspective_transform=false
Importing submoduled environments...
Submoduled environments imported successfully.
LOADED: checkpoints/lmpred_gamma09_ablate/counter_circuit/baseline_seed_0_step_380.msgpack
LOADED: checkpoints/lmpred_gamma09_ablate/counter_circuit/baseline_seed_1_step_380.msgpack
LOADED: checkpoints/lmpred_gamma09_ablate/counter_circuit/baseline_seed_2_step_380.msgpack
LOADED: checkpoints/lmpred_gamma09_ablate/counter_circuit/baseline_seed_3_step_380.msgpack
LOADED: checkpoints/lmpred_gamma09_ablate/counter_circuit/baseline_seed_4_step_380.msgpack
ZSC[00, 00] = 214.153
ZSC[00, 01] = 169.397
ZSC[00, 02] = 217.022
ZSC[00, 03] = 202.444
ZSC[00, 04] = 188.852
ZSC[01, 00] = 169.634
ZSC[01, 01] = 216.244
ZSC[01, 02] = 232.580
ZSC[01, 03] = 223.759
ZSC[01, 04] = 204.748
ZSC[02, 00] = 221.866
ZSC[02, 01] = 221.430
ZSC[02, 02] = 272.903
ZSC[02, 03] = 272.205
ZSC[02, 04] = 223.642
ZSC[03, 00] = 198.228
ZSC[03, 01] = 214.300
ZSC[03, 02] = 264.311
ZSC[03, 03] = 267.786
ZSC[03, 04] = 217.850
ZSC[04, 00] = 196.792
ZSC[04, 01] = 206.302
ZSC[04, 02] = 234.328
ZSC[04, 03] = 219.594
ZSC[04, 04] = 230.395
Average SP performance (diagonal/self-copy): 240.296 +- 12.607 SE over 5 pairs
Average XP performance (off-diagonal/excluding self): 214.964 +- 5.720 SE over 20 ordered pairs
Saved ZSC results to zsc_results/lmpred_gamma09_ablate/counter_circuit
Saved ZSC heatmap to zsc_results/lmpred_gamma09_ablate/counter_circuit/xp_matrix.png
Using alignment rollout scale: ALIGN_PAIR_BATCH_SIZE=1, ALIGN_EVAL_NUM_EPISODES=128, ALIGN_EVAL_NUM_STEPS=400
ALIGN ego[00] partner[00] R2=0.799240 NMSE=0.200760 NP=0.890981 blind_NP=0.868626 PS-NP_gain=0.022355 shuffled_R2=-0.015660 shuffled_NP=0.002915
ALIGN ego[00] partner[01] R2=0.756362 NMSE=0.243638 NP=0.866145 blind_NP=0.835338 PS-NP_gain=0.030807 shuffled_R2=-0.017985 shuffled_NP=0.002890
ALIGN ego[00] partner[02] R2=0.703844 NMSE=0.296156 NP=0.842525 blind_NP=0.803326 PS-NP_gain=0.039199 shuffled_R2=-0.024111 shuffled_NP=0.002238
ALIGN ego[00] partner[03] R2=0.843219 NMSE=0.156781 NP=0.916450 blind_NP=0.890511 PS-NP_gain=0.025939 shuffled_R2=-0.017526 shuffled_NP=0.002092
ALIGN ego[00] partner[04] R2=0.711336 NMSE=0.288664 NP=0.846561 blind_NP=0.800981 PS-NP_gain=0.045580 shuffled_R2=-0.018836 shuffled_NP=0.003243
ALIGN ego[01] partner[00] R2=0.697175 NMSE=0.302825 NP=0.839753 blind_NP=0.794737 PS-NP_gain=0.045016 shuffled_R2=-0.019951 shuffled_NP=0.002860
ALIGN ego[01] partner[01] R2=0.663394 NMSE=0.336606 NP=0.821075 blind_NP=0.785233 PS-NP_gain=0.035843 shuffled_R2=-0.021696 shuffled_NP=0.001330
ALIGN ego[01] partner[02] R2=0.835196 NMSE=0.164804 NP=0.911802 blind_NP=0.895019 PS-NP_gain=0.016783 shuffled_R2=-0.014436 shuffled_NP=0.002519
ALIGN ego[01] partner[03] R2=0.742688 NMSE=0.257312 NP=0.861183 blind_NP=0.827376 PS-NP_gain=0.033808 shuffled_R2=-0.020650 shuffled_NP=0.002723
ALIGN ego[01] partner[04] R2=0.763157 NMSE=0.236843 NP=0.870133 blind_NP=0.840226 PS-NP_gain=0.029907 shuffled_R2=-0.018674 shuffled_NP=0.001957
ALIGN ego[02] partner[00] R2=0.756284 NMSE=0.243716 NP=0.874519 blind_NP=0.847641 PS-NP_gain=0.026879 shuffled_R2=-0.016311 shuffled_NP=0.002997
ALIGN ego[02] partner[01] R2=0.800138 NMSE=0.199862 NP=0.891315 blind_NP=0.863014 PS-NP_gain=0.028301 shuffled_R2=-0.015241 shuffled_NP=0.003480
ALIGN ego[02] partner[02] R2=0.880799 NMSE=0.119201 NP=0.937340 blind_NP=0.926679 PS-NP_gain=0.010661 shuffled_R2=-0.014943 shuffled_NP=0.002619
ALIGN ego[02] partner[03] R2=0.900667 NMSE=0.099333 NP=0.948124 blind_NP=0.939803 PS-NP_gain=0.008321 shuffled_R2=-0.014463 shuffled_NP=0.003649
ALIGN ego[02] partner[04] R2=0.786925 NMSE=0.213075 NP=0.884447 blind_NP=0.844049 PS-NP_gain=0.040399 shuffled_R2=-0.016133 shuffled_NP=0.002939
ALIGN ego[03] partner[00] R2=0.828070 NMSE=0.171930 NP=0.909570 blind_NP=0.882155 PS-NP_gain=0.027416 shuffled_R2=-0.015872 shuffled_NP=0.003215
ALIGN ego[03] partner[01] R2=0.753537 NMSE=0.246463 NP=0.864609 blind_NP=0.819873 PS-NP_gain=0.044736 shuffled_R2=-0.018134 shuffled_NP=0.002349
ALIGN ego[03] partner[02] R2=0.813048 NMSE=0.186952 NP=0.903492 blind_NP=0.889183 PS-NP_gain=0.014309 shuffled_R2=-0.021750 shuffled_NP=0.003702
ALIGN ego[03] partner[03] R2=0.888637 NMSE=0.111363 NP=0.941747 blind_NP=0.923481 PS-NP_gain=0.018266 shuffled_R2=-0.020521 shuffled_NP=0.003150
ALIGN ego[03] partner[04] R2=0.778933 NMSE=0.221067 NP=0.879739 blind_NP=0.839951 PS-NP_gain=0.039788 shuffled_R2=-0.015711 shuffled_NP=0.003191
ALIGN ego[04] partner[00] R2=0.714599 NMSE=0.285401 NP=0.843451 blind_NP=0.812009 PS-NP_gain=0.031442 shuffled_R2=-0.016535 shuffled_NP=0.006054
ALIGN ego[04] partner[01] R2=0.769267 NMSE=0.230733 NP=0.872445 blind_NP=0.843541 PS-NP_gain=0.028904 shuffled_R2=-0.017145 shuffled_NP=0.003631
ALIGN ego[04] partner[02] R2=0.794719 NMSE=0.205281 NP=0.888138 blind_NP=0.867961 PS-NP_gain=0.020177 shuffled_R2=-0.015784 shuffled_NP=0.003240
ALIGN ego[04] partner[03] R2=0.753078 NMSE=0.246922 NP=0.866165 blind_NP=0.833234 PS-NP_gain=0.032931 shuffled_R2=-0.016127 shuffled_NP=0.002296
ALIGN ego[04] partner[04] R2=0.766695 NMSE=0.233305 NP=0.872247 blind_NP=0.836586 PS-NP_gain=0.035661 shuffled_R2=-0.015502 shuffled_NP=0.002294
Average ego-to-partner alignment R2: 0.780040 +- 0.012095 SE over 25 ego-partner pairs
Average alignment normalized MSE: 0.219960 +- 0.012095 SE
Average shuffled-control alignment R2: -0.017588 +- 0.000518 SE
Average neural predictivity: 0.881758 +- 0.006574 SE
Average blind-control neural predictivity: 0.852421 +- 0.008359 SE
Average PS-NP gain: 0.029337 +- 0.002101 SE
Average shuffled-control neural predictivity: 0.002943 +- 0.000174 SE
Saved alignment results to zsc_results/lmpred_gamma09_ablate/counter_circuit
Evaluating ZSC for method=lmpred_gamma09_ablate, layout=coord_ring, prefix=checkpoints/lmpred_gamma09_ablate, result_name=lmpred_gamma09_ablate, perspective_transform=false
Importing submoduled environments...
Submoduled environments imported successfully.
LOADED: checkpoints/lmpred_gamma09_ablate/coord_ring/baseline_seed_0_step_220.msgpack
LOADED: checkpoints/lmpred_gamma09_ablate/coord_ring/baseline_seed_1_step_220.msgpack
LOADED: checkpoints/lmpred_gamma09_ablate/coord_ring/baseline_seed_2_step_220.msgpack
LOADED: checkpoints/lmpred_gamma09_ablate/coord_ring/baseline_seed_3_step_220.msgpack
LOADED: checkpoints/lmpred_gamma09_ablate/coord_ring/baseline_seed_4_step_220.msgpack
ZSC[00, 00] = 265.697
ZSC[00, 01] = 250.072
ZSC[00, 02] = 48.005
ZSC[00, 03] = 179.325
ZSC[00, 04] = 244.677
ZSC[01, 00] = 249.927
ZSC[01, 01] = 316.661
ZSC[01, 02] = 221.570
ZSC[01, 03] = 307.961
ZSC[01, 04] = 278.150
ZSC[02, 00] = 48.830
ZSC[02, 01] = 219.658
ZSC[02, 02] = 205.661
ZSC[02, 03] = 216.548
ZSC[02, 04] = 263.742
ZSC[03, 00] = 180.794
ZSC[03, 01] = 306.448
ZSC[03, 02] = 218.569
ZSC[03, 03] = 332.931
ZSC[03, 04] = 311.423
ZSC[04, 00] = 244.762
ZSC[04, 01] = 279.248
ZSC[04, 02] = 265.302
ZSC[04, 03] = 312.158
ZSC[04, 04] = 289.620
Average SP performance (diagonal/self-copy): 282.114 +- 22.301 SE over 5 pairs
Average XP performance (off-diagonal/excluding self): 232.358 +- 16.621 SE over 20 ordered pairs
Saved ZSC results to zsc_results/lmpred_gamma09_ablate/coord_ring
Saved ZSC heatmap to zsc_results/lmpred_gamma09_ablate/coord_ring/xp_matrix.png
Using alignment rollout scale: ALIGN_PAIR_BATCH_SIZE=1, ALIGN_EVAL_NUM_EPISODES=128, ALIGN_EVAL_NUM_STEPS=400
ALIGN ego[00] partner[00] R2=0.799066 NMSE=0.200934 NP=0.897778 blind_NP=0.879593 PS-NP_gain=0.018185 shuffled_R2=-0.023588 shuffled_NP=0.002544
ALIGN ego[00] partner[01] R2=0.810486 NMSE=0.189514 NP=0.897979 blind_NP=0.884017 PS-NP_gain=0.013963 shuffled_R2=-0.018198 shuffled_NP=0.003500
ALIGN ego[00] partner[02] R2=0.747880 NMSE=0.252120 NP=0.883056 blind_NP=0.876175 PS-NP_gain=0.006881 shuffled_R2=-0.061685 shuffled_NP=0.002925
ALIGN ego[00] partner[03] R2=0.841150 NMSE=0.158850 NP=0.913842 blind_NP=0.909060 PS-NP_gain=0.004782 shuffled_R2=-0.016103 shuffled_NP=0.003647
ALIGN ego[00] partner[04] R2=0.862156 NMSE=0.137844 NP=0.927959 blind_NP=0.906397 PS-NP_gain=0.021562 shuffled_R2=-0.016060 shuffled_NP=0.005725
ALIGN ego[01] partner[00] R2=0.869816 NMSE=0.130184 NP=0.931332 blind_NP=0.908974 PS-NP_gain=0.022358 shuffled_R2=-0.014787 shuffled_NP=0.002569
ALIGN ego[01] partner[01] R2=0.872538 NMSE=0.127462 NP=0.935898 blind_NP=0.934497 PS-NP_gain=0.001400 shuffled_R2=-0.025999 shuffled_NP=0.003696
ALIGN ego[01] partner[02] R2=0.623250 NMSE=0.376750 NP=0.845585 blind_NP=0.844706 PS-NP_gain=0.000878 shuffled_R2=-0.162591 shuffled_NP=0.003166
ALIGN ego[01] partner[03] R2=0.926952 NMSE=0.073048 NP=0.960240 blind_NP=0.952606 PS-NP_gain=0.007634 shuffled_R2=-0.014686 shuffled_NP=0.002214
ALIGN ego[01] partner[04] R2=0.907439 NMSE=0.092561 NP=0.951490 blind_NP=0.934832 PS-NP_gain=0.016658 shuffled_R2=-0.016207 shuffled_NP=0.002376
ALIGN ego[02] partner[00] R2=0.736375 NMSE=0.263625 NP=0.881888 blind_NP=0.870311 PS-NP_gain=0.011577 shuffled_R2=-0.070166 shuffled_NP=0.003768
ALIGN ego[02] partner[01] R2=0.621937 NMSE=0.378063 NP=0.851432 blind_NP=0.869375 PS-NP_gain=-0.017943 shuffled_R2=-0.075167 shuffled_NP=0.002389
ALIGN ego[02] partner[02] R2=0.827209 NMSE=0.172791 NP=0.915327 blind_NP=0.903528 PS-NP_gain=0.011799 shuffled_R2=-0.026164 shuffled_NP=0.001056
ALIGN ego[02] partner[03] R2=0.796190 NMSE=0.203810 NP=0.901512 blind_NP=0.891801 PS-NP_gain=0.009710 shuffled_R2=-0.039557 shuffled_NP=0.001514
ALIGN ego[02] partner[04] R2=0.861870 NMSE=0.138130 NP=0.932827 blind_NP=0.918823 PS-NP_gain=0.014005 shuffled_R2=-0.035161 shuffled_NP=0.003535
ALIGN ego[03] partner[00] R2=0.834178 NMSE=0.165822 NP=0.914114 blind_NP=0.884183 PS-NP_gain=0.029931 shuffled_R2=-0.023346 shuffled_NP=0.001848
ALIGN ego[03] partner[01] R2=0.725767 NMSE=0.274233 NP=0.875302 blind_NP=0.847920 PS-NP_gain=0.027382 shuffled_R2=-0.045312 shuffled_NP=0.002972
ALIGN ego[03] partner[02] R2=0.911020 NMSE=0.088980 NP=0.951158 blind_NP=0.941758 PS-NP_gain=0.009400 shuffled_R2=-0.017622 shuffled_NP=0.004425
ALIGN ego[03] partner[03] R2=0.923752 NMSE=0.076248 NP=0.960472 blind_NP=0.950335 PS-NP_gain=0.010137 shuffled_R2=-0.016706 shuffled_NP=0.002466
ALIGN ego[03] partner[04] R2=0.917309 NMSE=0.082691 NP=0.957201 blind_NP=0.946825 PS-NP_gain=0.010375 shuffled_R2=-0.022121 shuffled_NP=0.002158
ALIGN ego[04] partner[00] R2=0.885026 NMSE=0.114974 NP=0.939569 blind_NP=0.929015 PS-NP_gain=0.010554 shuffled_R2=-0.014855 shuffled_NP=0.002218
ALIGN ego[04] partner[01] R2=0.878965 NMSE=0.121035 NP=0.936731 blind_NP=0.924130 PS-NP_gain=0.012601 shuffled_R2=-0.014986 shuffled_NP=0.004348
ALIGN ego[04] partner[02] R2=0.893925 NMSE=0.106075 NP=0.945397 blind_NP=0.935940 PS-NP_gain=0.009457 shuffled_R2=-0.022715 shuffled_NP=0.002179
ALIGN ego[04] partner[03] R2=0.909580 NMSE=0.090420 NP=0.952874 blind_NP=0.945536 PS-NP_gain=0.007338 shuffled_R2=-0.012569 shuffled_NP=0.007742
ALIGN ego[04] partner[04] R2=0.922878 NMSE=0.077122 NP=0.960137 blind_NP=0.958829 PS-NP_gain=0.001308 shuffled_R2=-0.018765 shuffled_NP=0.002878
Average ego-to-partner alignment R2: 0.836269 +- 0.017433 SE over 25 ego-partner pairs
Average alignment normalized MSE: 0.163731 +- 0.017433 SE
Average shuffled-control alignment R2: -0.033005 +- 0.006454 SE
Average neural predictivity: 0.920844 +- 0.006790 SE
Average blind-control neural predictivity: 0.909967 +- 0.006724 SE
Average PS-NP gain: 0.010877 +- 0.001909 SE
Average shuffled-control neural predictivity: 0.003114 +- 0.000280 SE
Saved alignment results to zsc_results/lmpred_gamma09_ablate/coord_ring
Evaluating ZSC for method=lmpred_no_self_pred, layout=cramped_room5x5, prefix=checkpoints/lmpred_no_self_pred, result_name=lmpred_no_self_pred, perspective_transform=true
Importing submoduled environments...
Submoduled environments imported successfully.
LOADED: checkpoints/lmpred_no_self_pred/cramped_room5x5/baseline_seed_0_step_220.msgpack
LOADED: checkpoints/lmpred_no_self_pred/cramped_room5x5/baseline_seed_1_step_220.msgpack
LOADED: checkpoints/lmpred_no_self_pred/cramped_room5x5/baseline_seed_2_step_220.msgpack
LOADED: checkpoints/lmpred_no_self_pred/cramped_room5x5/baseline_seed_3_step_220.msgpack
LOADED: checkpoints/lmpred_no_self_pred/cramped_room5x5/baseline_seed_4_step_220.msgpack
ZSC[00, 00] = 229.188
ZSC[00, 01] = 237.005
ZSC[00, 02] = 190.359
ZSC[00, 03] = 218.623
ZSC[00, 04] = 231.136
ZSC[01, 00] = 236.683
ZSC[01, 01] = 221.756
ZSC[01, 02] = 236.173
ZSC[01, 03] = 212.789
ZSC[01, 04] = 220.136
ZSC[02, 00] = 191.067
ZSC[02, 01] = 235.830
ZSC[02, 02] = 236.175
ZSC[02, 03] = 220.495
ZSC[02, 04] = 215.356
ZSC[03, 00] = 217.711
ZSC[03, 01] = 212.755
ZSC[03, 02] = 220.759
ZSC[03, 03] = 212.708
ZSC[03, 04] = 222.848
ZSC[04, 00] = 231.109
ZSC[04, 01] = 219.911
ZSC[04, 02] = 216.231
ZSC[04, 03] = 222.630
ZSC[04, 04] = 232.905
Average SP performance (diagonal/self-copy): 226.546 +- 4.210 SE over 5 pairs
Average XP performance (off-diagonal/excluding self): 220.480 +- 2.903 SE over 20 ordered pairs
Saved ZSC results to zsc_results/lmpred_no_self_pred/cramped_room5x5
Saved ZSC heatmap to zsc_results/lmpred_no_self_pred/cramped_room5x5/xp_matrix.png
Using alignment rollout scale: ALIGN_PAIR_BATCH_SIZE=1, ALIGN_EVAL_NUM_EPISODES=128, ALIGN_EVAL_NUM_STEPS=400
ALIGN ego[00] partner[00] R2=0.958182 NMSE=0.041818 NP=0.978711 blind_NP=0.975690 PS-NP_gain=0.003021 shuffled_R2=-0.015014 shuffled_NP=0.003433
ALIGN ego[00] partner[01] R2=0.808971 NMSE=0.191029 NP=0.915549 blind_NP=0.885820 PS-NP_gain=0.029729 shuffled_R2=-0.057823 shuffled_NP=0.004320
ALIGN ego[00] partner[02] R2=0.837727 NMSE=0.162273 NP=0.922913 blind_NP=0.877795 PS-NP_gain=0.045118 shuffled_R2=-0.066504 shuffled_NP=0.003629
ALIGN ego[00] partner[03] R2=0.898945 NMSE=0.101055 NP=0.948577 blind_NP=0.941858 PS-NP_gain=0.006719 shuffled_R2=-0.022821 shuffled_NP=0.001618
ALIGN ego[00] partner[04] R2=0.935657 NMSE=0.064343 NP=0.967295 blind_NP=0.954111 PS-NP_gain=0.013184 shuffled_R2=-0.018378 shuffled_NP=0.003053
ALIGN ego[01] partner[00] R2=0.938648 NMSE=0.061352 NP=0.968611 blind_NP=0.966356 PS-NP_gain=0.002255 shuffled_R2=-0.018342 shuffled_NP=0.005359
ALIGN ego[01] partner[01] R2=0.934802 NMSE=0.065198 NP=0.966427 blind_NP=0.960357 PS-NP_gain=0.006070 shuffled_R2=-0.017806 shuffled_NP=0.004402
ALIGN ego[01] partner[02] R2=0.931895 NMSE=0.068105 NP=0.964959 blind_NP=0.963089 PS-NP_gain=0.001870 shuffled_R2=-0.019020 shuffled_NP=0.003528
ALIGN ego[01] partner[03] R2=0.897386 NMSE=0.102614 NP=0.947348 blind_NP=0.934460 PS-NP_gain=0.012888 shuffled_R2=-0.021948 shuffled_NP=0.004403
ALIGN ego[01] partner[04] R2=0.878072 NMSE=0.121928 NP=0.941923 blind_NP=0.944412 PS-NP_gain=-0.002488 shuffled_R2=-0.043876 shuffled_NP=0.003458
ALIGN ego[02] partner[00] R2=0.929865 NMSE=0.070135 NP=0.964174 blind_NP=0.959289 PS-NP_gain=0.004885 shuffled_R2=-0.022075 shuffled_NP=0.003814
ALIGN ego[02] partner[01] R2=0.949069 NMSE=0.050931 NP=0.973271 blind_NP=0.967666 PS-NP_gain=0.005605 shuffled_R2=-0.014741 shuffled_NP=0.003720
ALIGN ego[02] partner[02] R2=0.917474 NMSE=0.082526 NP=0.957733 blind_NP=0.948981 PS-NP_gain=0.008752 shuffled_R2=-0.018900 shuffled_NP=0.003600
ALIGN ego[02] partner[03] R2=0.882189 NMSE=0.117811 NP=0.939147 blind_NP=0.937011 PS-NP_gain=0.002136 shuffled_R2=-0.022179 shuffled_NP=0.001352
ALIGN ego[02] partner[04] R2=0.830614 NMSE=0.169386 NP=0.918854 blind_NP=0.893209 PS-NP_gain=0.025646 shuffled_R2=-0.032362 shuffled_NP=0.004708
ALIGN ego[03] partner[00] R2=0.875832 NMSE=0.124168 NP=0.937761 blind_NP=0.928419 PS-NP_gain=0.009342 shuffled_R2=-0.023951 shuffled_NP=0.002655
ALIGN ego[03] partner[01] R2=0.902623 NMSE=0.097377 NP=0.950941 blind_NP=0.942974 PS-NP_gain=0.007967 shuffled_R2=-0.020854 shuffled_NP=0.002110
ALIGN ego[03] partner[02] R2=0.913862 NMSE=0.086138 NP=0.955439 blind_NP=0.945771 PS-NP_gain=0.009669 shuffled_R2=-0.016023 shuffled_NP=0.001880
ALIGN ego[03] partner[03] R2=0.851457 NMSE=0.148543 NP=0.924362 blind_NP=0.909362 PS-NP_gain=0.015000 shuffled_R2=-0.028563 shuffled_NP=0.003136
ALIGN ego[03] partner[04] R2=0.861302 NMSE=0.138698 NP=0.930911 blind_NP=0.917852 PS-NP_gain=0.013059 shuffled_R2=-0.027782 shuffled_NP=0.002587
ALIGN ego[04] partner[00] R2=0.941314 NMSE=0.058686 NP=0.970348 blind_NP=0.962849 PS-NP_gain=0.007499 shuffled_R2=-0.021013 shuffled_NP=0.002732
ALIGN ego[04] partner[01] R2=0.949030 NMSE=0.050970 NP=0.973859 blind_NP=0.966419 PS-NP_gain=0.007440 shuffled_R2=-0.014364 shuffled_NP=0.006124
ALIGN ego[04] partner[02] R2=0.925567 NMSE=0.074433 NP=0.961656 blind_NP=0.955768 PS-NP_gain=0.005888 shuffled_R2=-0.018046 shuffled_NP=0.002238
ALIGN ego[04] partner[03] R2=0.895864 NMSE=0.104136 NP=0.946468 blind_NP=0.943364 PS-NP_gain=0.003104 shuffled_R2=-0.023510 shuffled_NP=0.000904
ALIGN ego[04] partner[04] R2=0.937814 NMSE=0.062186 NP=0.968254 blind_NP=0.956943 PS-NP_gain=0.011311 shuffled_R2=-0.015309 shuffled_NP=0.002439
Average ego-to-partner alignment R2: 0.903366 +- 0.008199 SE over 25 ego-partner pairs
Average alignment normalized MSE: 0.096634 +- 0.008199 SE
Average shuffled-control alignment R2: -0.024848 +- 0.002598 SE
Average neural predictivity: 0.951820 +- 0.003749 SE
Average blind-control neural predictivity: 0.941593 +- 0.005276 SE
Average PS-NP gain: 0.010227 +- 0.002028 SE
Average shuffled-control neural predictivity: 0.003248 +- 0.000249 SE
Saved alignment results to zsc_results/lmpred_no_self_pred/cramped_room5x5
Evaluating ZSC for method=lmpred_no_self_pred, layout=counter_circuit, prefix=checkpoints/lmpred_no_self_pred, result_name=lmpred_no_self_pred, perspective_transform=true
Importing submoduled environments...
Submoduled environments imported successfully.
LOADED: checkpoints/lmpred_no_self_pred/counter_circuit/baseline_seed_0_step_380.msgpack
LOADED: checkpoints/lmpred_no_self_pred/counter_circuit/baseline_seed_1_step_380.msgpack
LOADED: checkpoints/lmpred_no_self_pred/counter_circuit/baseline_seed_2_step_380.msgpack
LOADED: checkpoints/lmpred_no_self_pred/counter_circuit/baseline_seed_3_step_380.msgpack
LOADED: checkpoints/lmpred_no_self_pred/counter_circuit/baseline_seed_4_step_380.msgpack
ZSC[00, 00] = 223.242
ZSC[00, 01] = 129.545
ZSC[00, 02] = 178.995
ZSC[00, 03] = 91.380
ZSC[00, 04] = 192.581
ZSC[01, 00] = 131.141
ZSC[01, 01] = 149.802
ZSC[01, 02] = 209.053
ZSC[01, 03] = 111.044
ZSC[01, 04] = 156.542
ZSC[02, 00] = 175.264
ZSC[02, 01] = 197.470
ZSC[02, 02] = 252.792
ZSC[02, 03] = 174.566
ZSC[02, 04] = 178.730
ZSC[03, 00] = 90.636
ZSC[03, 01] = 110.459
ZSC[03, 02] = 174.236
ZSC[03, 03] = 206.516
ZSC[03, 04] = 124.791
ZSC[04, 00] = 192.158
ZSC[04, 01] = 156.417
ZSC[04, 02] = 177.586
ZSC[04, 03] = 124.839
ZSC[04, 04] = 159.037
Average SP performance (diagonal/self-copy): 198.278 +- 19.433 SE over 5 pairs
Average XP performance (off-diagonal/excluding self): 153.872 +- 8.185 SE over 20 ordered pairs
Saved ZSC results to zsc_results/lmpred_no_self_pred/counter_circuit
Saved ZSC heatmap to zsc_results/lmpred_no_self_pred/counter_circuit/xp_matrix.png
Using alignment rollout scale: ALIGN_PAIR_BATCH_SIZE=1, ALIGN_EVAL_NUM_EPISODES=128, ALIGN_EVAL_NUM_STEPS=400
ALIGN ego[00] partner[00] R2=0.836435 NMSE=0.163565 NP=0.913095 blind_NP=0.897083 PS-NP_gain=0.016012 shuffled_R2=-0.018359 shuffled_NP=0.002485
ALIGN ego[00] partner[01] R2=0.795283 NMSE=0.204717 NP=0.889206 blind_NP=0.854182 PS-NP_gain=0.035024 shuffled_R2=-0.019096 shuffled_NP=0.002582
ALIGN ego[00] partner[02] R2=0.798907 NMSE=0.201093 NP=0.893836 blind_NP=0.888543 PS-NP_gain=0.005293 shuffled_R2=-0.022578 shuffled_NP=0.001885
ALIGN ego[00] partner[03] R2=0.783926 NMSE=0.216074 NP=0.886956 blind_NP=0.857668 PS-NP_gain=0.029288 shuffled_R2=-0.027279 shuffled_NP=0.003180
ALIGN ego[00] partner[04] R2=0.754889 NMSE=0.245111 NP=0.867094 blind_NP=0.835505 PS-NP_gain=0.031589 shuffled_R2=-0.020718 shuffled_NP=0.002223
ALIGN ego[01] partner[00] R2=0.805647 NMSE=0.194353 NP=0.896270 blind_NP=0.871147 PS-NP_gain=0.025122 shuffled_R2=-0.018489 shuffled_NP=0.002301
ALIGN ego[01] partner[01] R2=0.754234 NMSE=0.245766 NP=0.866020 blind_NP=0.844111 PS-NP_gain=0.021910 shuffled_R2=-0.018099 shuffled_NP=0.004822
ALIGN ego[01] partner[02] R2=0.676020 NMSE=0.323980 NP=0.830113 blind_NP=0.801580 PS-NP_gain=0.028533 shuffled_R2=-0.026013 shuffled_NP=0.002379
ALIGN ego[01] partner[03] R2=0.790481 NMSE=0.209519 NP=0.886503 blind_NP=0.849751 PS-NP_gain=0.036753 shuffled_R2=-0.019464 shuffled_NP=0.003787
ALIGN ego[01] partner[04] R2=0.868020 NMSE=0.131980 NP=0.929422 blind_NP=0.905116 PS-NP_gain=0.024305 shuffled_R2=-0.014091 shuffled_NP=0.002093
ALIGN ego[02] partner[00] R2=0.805305 NMSE=0.194695 NP=0.897372 blind_NP=0.860313 PS-NP_gain=0.037059 shuffled_R2=-0.017594 shuffled_NP=0.003847
ALIGN ego[02] partner[01] R2=0.816058 NMSE=0.183942 NP=0.901233 blind_NP=0.875115 PS-NP_gain=0.026118 shuffled_R2=-0.016413 shuffled_NP=0.001194
ALIGN ego[02] partner[02] R2=0.871664 NMSE=0.128336 NP=0.932422 blind_NP=0.916219 PS-NP_gain=0.016204 shuffled_R2=-0.014762 shuffled_NP=0.003590
ALIGN ego[02] partner[03] R2=0.800060 NMSE=0.199940 NP=0.891188 blind_NP=0.868838 PS-NP_gain=0.022350 shuffled_R2=-0.018160 shuffled_NP=0.002052
ALIGN ego[02] partner[04] R2=0.818300 NMSE=0.181700 NP=0.904996 blind_NP=0.865979 PS-NP_gain=0.039017 shuffled_R2=-0.022888 shuffled_NP=0.003952
ALIGN ego[03] partner[00] R2=0.710661 NMSE=0.289339 NP=0.852457 blind_NP=0.780103 PS-NP_gain=0.072354 shuffled_R2=-0.030932 shuffled_NP=0.002632
ALIGN ego[03] partner[01] R2=0.794191 NMSE=0.205809 NP=0.889239 blind_NP=0.848217 PS-NP_gain=0.041022 shuffled_R2=-0.017149 shuffled_NP=0.004216
ALIGN ego[03] partner[02] R2=0.679113 NMSE=0.320887 NP=0.836657 blind_NP=0.817119 PS-NP_gain=0.019539 shuffled_R2=-0.021831 shuffled_NP=0.004164
ALIGN ego[03] partner[03] R2=0.811599 NMSE=0.188401 NP=0.897770 blind_NP=0.863690 PS-NP_gain=0.034080 shuffled_R2=-0.015071 shuffled_NP=0.006470
ALIGN ego[03] partner[04] R2=0.863660 NMSE=0.136340 NP=0.925764 blind_NP=0.891890 PS-NP_gain=0.033874 shuffled_R2=-0.014531 shuffled_NP=0.003852
ALIGN ego[04] partner[00] R2=0.809420 NMSE=0.190580 NP=0.891785 blind_NP=0.869838 PS-NP_gain=0.021947 shuffled_R2=-0.014482 shuffled_NP=0.004432
ALIGN ego[04] partner[01] R2=0.808171 NMSE=0.191829 NP=0.895819 blind_NP=0.875096 PS-NP_gain=0.020723 shuffled_R2=-0.016526 shuffled_NP=0.001822
ALIGN ego[04] partner[02] R2=0.833706 NMSE=0.166294 NP=0.911378 blind_NP=0.896288 PS-NP_gain=0.015090 shuffled_R2=-0.015321 shuffled_NP=0.002728
ALIGN ego[04] partner[03] R2=0.851460 NMSE=0.148540 NP=0.920022 blind_NP=0.909110 PS-NP_gain=0.010912 shuffled_R2=-0.013631 shuffled_NP=0.002213
ALIGN ego[04] partner[04] R2=0.859017 NMSE=0.140983 NP=0.925171 blind_NP=0.898934 PS-NP_gain=0.026237 shuffled_R2=-0.016919 shuffled_NP=0.003517
Average ego-to-partner alignment R2: 0.799849 +- 0.010476 SE over 25 ego-partner pairs
Average alignment normalized MSE: 0.200151 +- 0.010476 SE
Average shuffled-control alignment R2: -0.018816 +- 0.000879 SE
Average neural predictivity: 0.893272 +- 0.005325 SE
Average blind-control neural predictivity: 0.865657 +- 0.006636 SE
Average PS-NP gain: 0.027614 +- 0.002603 SE
Average shuffled-control neural predictivity: 0.003137 +- 0.000237 SE
Saved alignment results to zsc_results/lmpred_no_self_pred/counter_circuit
Evaluating ZSC for method=lmpred_no_self_pred, layout=coord_ring, prefix=checkpoints/lmpred_no_self_pred, result_name=lmpred_no_self_pred, perspective_transform=true
Importing submoduled environments...
Submoduled environments imported successfully.
LOADED: checkpoints/lmpred_no_self_pred/coord_ring/baseline_seed_0_step_220.msgpack
LOADED: checkpoints/lmpred_no_self_pred/coord_ring/baseline_seed_1_step_220.msgpack
LOADED: checkpoints/lmpred_no_self_pred/coord_ring/baseline_seed_2_step_220.msgpack
LOADED: checkpoints/lmpred_no_self_pred/coord_ring/baseline_seed_3_step_220.msgpack
LOADED: checkpoints/lmpred_no_self_pred/coord_ring/baseline_seed_4_step_220.msgpack
ZSC[00, 00] = 257.700
ZSC[00, 01] = 246.355
ZSC[00, 02] = 285.133
ZSC[00, 03] = 265.344
ZSC[00, 04] = 264.502
ZSC[01, 00] = 246.319
ZSC[01, 01] = 248.961
ZSC[01, 02] = 175.461
ZSC[01, 03] = 236.958
ZSC[01, 04] = 257.177
ZSC[02, 00] = 284.728
ZSC[02, 01] = 176.277
ZSC[02, 02] = 255.722
ZSC[02, 03] = 288.116
ZSC[02, 04] = 264.855
ZSC[03, 00] = 265.219
ZSC[03, 01] = 236.555
ZSC[03, 02] = 288.381
ZSC[03, 03] = 253.253
ZSC[03, 04] = 255.720
ZSC[04, 00] = 264.597
ZSC[04, 01] = 257.653
ZSC[04, 02] = 265.538
ZSC[04, 03] = 256.464
ZSC[04, 04] = 290.598
Average SP performance (diagonal/self-copy): 261.247 +- 7.482 SE over 5 pairs
Average XP performance (off-diagonal/excluding self): 254.067 +- 6.871 SE over 20 ordered pairs
Saved ZSC results to zsc_results/lmpred_no_self_pred/coord_ring
Saved ZSC heatmap to zsc_results/lmpred_no_self_pred/coord_ring/xp_matrix.png
Using alignment rollout scale: ALIGN_PAIR_BATCH_SIZE=1, ALIGN_EVAL_NUM_EPISODES=128, ALIGN_EVAL_NUM_STEPS=400
ALIGN ego[00] partner[00] R2=0.856380 NMSE=0.143620 NP=0.924306 blind_NP=0.908617 PS-NP_gain=0.015689 shuffled_R2=-0.015986 shuffled_NP=0.004439
ALIGN ego[00] partner[01] R2=0.835658 NMSE=0.164342 NP=0.912379 blind_NP=0.884001 PS-NP_gain=0.028378 shuffled_R2=-0.018883 shuffled_NP=0.002499
ALIGN ego[00] partner[02] R2=0.900307 NMSE=0.099693 NP=0.948116 blind_NP=0.936499 PS-NP_gain=0.011617 shuffled_R2=-0.015565 shuffled_NP=0.003006
ALIGN ego[00] partner[03] R2=0.844802 NMSE=0.155198 NP=0.917390 blind_NP=0.900089 PS-NP_gain=0.017301 shuffled_R2=-0.015403 shuffled_NP=0.005000
ALIGN ego[00] partner[04] R2=0.865825 NMSE=0.134175 NP=0.928563 blind_NP=0.921882 PS-NP_gain=0.006680 shuffled_R2=-0.016323 shuffled_NP=0.005375
ALIGN ego[01] partner[00] R2=0.842547 NMSE=0.157453 NP=0.917486 blind_NP=0.891950 PS-NP_gain=0.025536 shuffled_R2=-0.019474 shuffled_NP=0.002156
ALIGN ego[01] partner[01] R2=0.873051 NMSE=0.126949 NP=0.933822 blind_NP=0.906351 PS-NP_gain=0.027472 shuffled_R2=-0.023238 shuffled_NP=0.002008
ALIGN ego[01] partner[02] R2=0.870989 NMSE=0.129011 NP=0.932393 blind_NP=0.924739 PS-NP_gain=0.007655 shuffled_R2=-0.016497 shuffled_NP=0.001777
ALIGN ego[01] partner[03] R2=0.779195 NMSE=0.220805 NP=0.892364 blind_NP=0.878917 PS-NP_gain=0.013447 shuffled_R2=-0.047339 shuffled_NP=0.003319
ALIGN ego[01] partner[04] R2=0.686717 NMSE=0.313283 NP=0.858017 blind_NP=0.851361 PS-NP_gain=0.006656 shuffled_R2=-0.041796 shuffled_NP=0.003822
ALIGN ego[02] partner[00] R2=0.891342 NMSE=0.108658 NP=0.944029 blind_NP=0.934931 PS-NP_gain=0.009098 shuffled_R2=-0.018070 shuffled_NP=0.001326
ALIGN ego[02] partner[01] R2=0.919128 NMSE=0.080872 NP=0.957355 blind_NP=0.941346 PS-NP_gain=0.016008 shuffled_R2=-0.014233 shuffled_NP=0.002057
ALIGN ego[02] partner[02] R2=0.877595 NMSE=0.122405 NP=0.938186 blind_NP=0.936030 PS-NP_gain=0.002156 shuffled_R2=-0.020178 shuffled_NP=0.005214
ALIGN ego[02] partner[03] R2=0.846251 NMSE=0.153749 NP=0.918808 blind_NP=0.902045 PS-NP_gain=0.016763 shuffled_R2=-0.014970 shuffled_NP=0.003103
ALIGN ego[02] partner[04] R2=0.854162 NMSE=0.145838 NP=0.922442 blind_NP=0.913210 PS-NP_gain=0.009233 shuffled_R2=-0.017127 shuffled_NP=0.004274
ALIGN ego[03] partner[00] R2=0.887540 NMSE=0.112460 NP=0.940673 blind_NP=0.926328 PS-NP_gain=0.014344 shuffled_R2=-0.014053 shuffled_NP=0.003991
ALIGN ego[03] partner[01] R2=0.829620 NMSE=0.170380 NP=0.912281 blind_NP=0.877462 PS-NP_gain=0.034819 shuffled_R2=-0.023607 shuffled_NP=0.002824
ALIGN ego[03] partner[02] R2=0.865282 NMSE=0.134718 NP=0.928458 blind_NP=0.910177 PS-NP_gain=0.018282 shuffled_R2=-0.014269 shuffled_NP=0.003290
ALIGN ego[03] partner[03] R2=0.899450 NMSE=0.100550 NP=0.947762 blind_NP=0.935630 PS-NP_gain=0.012132 shuffled_R2=-0.015202 shuffled_NP=0.003368
ALIGN ego[03] partner[04] R2=0.813221 NMSE=0.186779 NP=0.900172 blind_NP=0.879694 PS-NP_gain=0.020477 shuffled_R2=-0.019677 shuffled_NP=0.003289
ALIGN ego[04] partner[00] R2=0.812957 NMSE=0.187043 NP=0.906189 blind_NP=0.863841 PS-NP_gain=0.042349 shuffled_R2=-0.022035 shuffled_NP=0.004382
ALIGN ego[04] partner[01] R2=0.837136 NMSE=0.162864 NP=0.915946 blind_NP=0.875614 PS-NP_gain=0.040332 shuffled_R2=-0.022348 shuffled_NP=0.003357
ALIGN ego[04] partner[02] R2=0.857924 NMSE=0.142076 NP=0.921065 blind_NP=0.903307 PS-NP_gain=0.017758 shuffled_R2=-0.015371 shuffled_NP=0.003982
ALIGN ego[04] partner[03] R2=0.846241 NMSE=0.153759 NP=0.916217 blind_NP=0.885848 PS-NP_gain=0.030369 shuffled_R2=-0.015985 shuffled_NP=0.002116
ALIGN ego[04] partner[04] R2=0.757479 NMSE=0.242521 NP=0.878540 blind_NP=0.843416 PS-NP_gain=0.035124 shuffled_R2=-0.035283 shuffled_NP=0.002518
Average ego-to-partner alignment R2: 0.846032 +- 0.009889 SE over 25 ego-partner pairs
Average alignment normalized MSE: 0.153968 +- 0.009889 SE
Average shuffled-control alignment R2: -0.020517 +- 0.001716 SE
Average neural predictivity: 0.920518 +- 0.004448 SE
Average blind-control neural predictivity: 0.901331 +- 0.005528 SE
Average PS-NP gain: 0.019187 +- 0.002213 SE
Average shuffled-control neural predictivity: 0.003300 +- 0.000221 SE
Saved alignment results to zsc_results/lmpred_no_self_pred/coord_ring
Evaluating ZSC for method=lmpred_ablate_no_self_pred, layout=cramped_room5x5, prefix=checkpoints/lmpred_ablate_no_self_pred, result_name=lmpred_ablate_no_self_pred, perspective_transform=false
Importing submoduled environments...
Submoduled environments imported successfully.
LOADED: checkpoints/lmpred_ablate_no_self_pred/cramped_room5x5/baseline_seed_0_step_220.msgpack
LOADED: checkpoints/lmpred_ablate_no_self_pred/cramped_room5x5/baseline_seed_1_step_220.msgpack
LOADED: checkpoints/lmpred_ablate_no_self_pred/cramped_room5x5/baseline_seed_2_step_220.msgpack
LOADED: checkpoints/lmpred_ablate_no_self_pred/cramped_room5x5/baseline_seed_3_step_220.msgpack
LOADED: checkpoints/lmpred_ablate_no_self_pred/cramped_room5x5/baseline_seed_4_step_220.msgpack
ZSC[00, 00] = 235.220
ZSC[00, 01] = 228.934
ZSC[00, 02] = 221.808
ZSC[00, 03] = 209.230
ZSC[00, 04] = 217.830
ZSC[01, 00] = 229.167
ZSC[01, 01] = 230.366
ZSC[01, 02] = 238.044
ZSC[01, 03] = 232.550
ZSC[01, 04] = 219.270
ZSC[02, 00] = 223.056
ZSC[02, 01] = 238.412
ZSC[02, 02] = 244.339
ZSC[02, 03] = 203.539
ZSC[02, 04] = 230.873
ZSC[03, 00] = 209.673
ZSC[03, 01] = 233.425
ZSC[03, 02] = 205.145
ZSC[03, 03] = 227.112
ZSC[03, 04] = 227.737
ZSC[04, 00] = 217.702
ZSC[04, 01] = 219.364
ZSC[04, 02] = 230.564
ZSC[04, 03] = 228.308
ZSC[04, 04] = 225.244
Average SP performance (diagonal/self-copy): 232.456 +- 3.419 SE over 5 pairs
Average XP performance (off-diagonal/excluding self): 223.232 +- 2.325 SE over 20 ordered pairs
Saved ZSC results to zsc_results/lmpred_ablate_no_self_pred/cramped_room5x5
Saved ZSC heatmap to zsc_results/lmpred_ablate_no_self_pred/cramped_room5x5/xp_matrix.png
Using alignment rollout scale: ALIGN_PAIR_BATCH_SIZE=1, ALIGN_EVAL_NUM_EPISODES=128, ALIGN_EVAL_NUM_STEPS=400
ALIGN ego[00] partner[00] R2=0.896144 NMSE=0.103856 NP=0.946989 blind_NP=0.940617 PS-NP_gain=0.006372 shuffled_R2=-0.026006 shuffled_NP=0.004006
ALIGN ego[00] partner[01] R2=0.894791 NMSE=0.105209 NP=0.945839 blind_NP=0.926153 PS-NP_gain=0.019686 shuffled_R2=-0.020328 shuffled_NP=0.003121
ALIGN ego[00] partner[02] R2=0.920663 NMSE=0.079337 NP=0.959178 blind_NP=0.952195 PS-NP_gain=0.006983 shuffled_R2=-0.019167 shuffled_NP=0.001567
ALIGN ego[00] partner[03] R2=0.870356 NMSE=0.129644 NP=0.934528 blind_NP=0.924635 PS-NP_gain=0.009893 shuffled_R2=-0.029210 shuffled_NP=0.001712
ALIGN ego[00] partner[04] R2=0.952503 NMSE=0.047497 NP=0.975612 blind_NP=0.967538 PS-NP_gain=0.008074 shuffled_R2=-0.016392 shuffled_NP=0.002757
ALIGN ego[01] partner[00] R2=0.758248 NMSE=0.241752 NP=0.886739 blind_NP=0.898329 PS-NP_gain=-0.011590 shuffled_R2=-0.039248 shuffled_NP=0.001444
ALIGN ego[01] partner[01] R2=0.941248 NMSE=0.058752 NP=0.970102 blind_NP=0.961925 PS-NP_gain=0.008176 shuffled_R2=-0.015769 shuffled_NP=0.003097
ALIGN ego[01] partner[02] R2=0.824277 NMSE=0.175723 NP=0.914552 blind_NP=0.910307 PS-NP_gain=0.004245 shuffled_R2=-0.034721 shuffled_NP=0.004048
ALIGN ego[01] partner[03] R2=0.932043 NMSE=0.067957 NP=0.965393 blind_NP=0.961198 PS-NP_gain=0.004195 shuffled_R2=-0.017567 shuffled_NP=0.003483
ALIGN ego[01] partner[04] R2=0.939402 NMSE=0.060598 NP=0.969120 blind_NP=0.962136 PS-NP_gain=0.006984 shuffled_R2=-0.016874 shuffled_NP=0.002281
ALIGN ego[02] partner[00] R2=0.921089 NMSE=0.078911 NP=0.958595 blind_NP=0.953354 PS-NP_gain=0.005241 shuffled_R2=-0.014165 shuffled_NP=0.007676
ALIGN ego[02] partner[01] R2=0.938186 NMSE=0.061814 NP=0.968285 blind_NP=0.958409 PS-NP_gain=0.009876 shuffled_R2=-0.015148 shuffled_NP=0.002670
ALIGN ego[02] partner[02] R2=0.911847 NMSE=0.088153 NP=0.954482 blind_NP=0.948339 PS-NP_gain=0.006142 shuffled_R2=-0.017879 shuffled_NP=0.003642
ALIGN ego[02] partner[03] R2=0.923246 NMSE=0.076754 NP=0.960696 blind_NP=0.956276 PS-NP_gain=0.004420 shuffled_R2=-0.019685 shuffled_NP=0.003723
ALIGN ego[02] partner[04] R2=0.928422 NMSE=0.071578 NP=0.962767 blind_NP=0.955463 PS-NP_gain=0.007304 shuffled_R2=-0.017411 shuffled_NP=0.002643
ALIGN ego[03] partner[00] R2=0.766878 NMSE=0.233122 NP=0.889786 blind_NP=0.907563 PS-NP_gain=-0.017777 shuffled_R2=-0.052026 shuffled_NP=0.004078
ALIGN ego[03] partner[01] R2=0.870992 NMSE=0.129008 NP=0.935790 blind_NP=0.926913 PS-NP_gain=0.008876 shuffled_R2=-0.034359 shuffled_NP=0.001678
ALIGN ego[03] partner[02] R2=0.853181 NMSE=0.146819 NP=0.928139 blind_NP=0.937153 PS-NP_gain=-0.009013 shuffled_R2=-0.035183 shuffled_NP=0.004063
ALIGN ego[03] partner[03] R2=0.930868 NMSE=0.069132 NP=0.964626 blind_NP=0.957643 PS-NP_gain=0.006983 shuffled_R2=-0.018700 shuffled_NP=0.001925
ALIGN ego[03] partner[04] R2=0.929515 NMSE=0.070485 NP=0.963966 blind_NP=0.951904 PS-NP_gain=0.012062 shuffled_R2=-0.016249 shuffled_NP=0.003864
ALIGN ego[04] partner[00] R2=0.937939 NMSE=0.062061 NP=0.968020 blind_NP=0.966715 PS-NP_gain=0.001305 shuffled_R2=-0.015147 shuffled_NP=0.002992
ALIGN ego[04] partner[01] R2=0.944280 NMSE=0.055720 NP=0.971472 blind_NP=0.961800 PS-NP_gain=0.009673 shuffled_R2=-0.016965 shuffled_NP=0.004697
ALIGN ego[04] partner[02] R2=0.761132 NMSE=0.238868 NP=0.893615 blind_NP=0.891270 PS-NP_gain=0.002345 shuffled_R2=-0.091038 shuffled_NP=0.005215
ALIGN ego[04] partner[03] R2=0.925367 NMSE=0.074633 NP=0.961574 blind_NP=0.948790 PS-NP_gain=0.012784 shuffled_R2=-0.016214 shuffled_NP=0.003597
ALIGN ego[04] partner[04] R2=0.922241 NMSE=0.077759 NP=0.960331 blind_NP=0.945913 PS-NP_gain=0.014418 shuffled_R2=-0.017520 shuffled_NP=0.001229
Average ego-to-partner alignment R2: 0.895794 +- 0.011801 SE over 25 ego-partner pairs
Average alignment normalized MSE: 0.104206 +- 0.011801 SE
Average shuffled-control alignment R2: -0.025319 +- 0.003340 SE
Average neural predictivity: 0.948408 +- 0.005297 SE
Average blind-control neural predictivity: 0.942901 +- 0.004400 SE
Average PS-NP gain: 0.005506 +- 0.001605 SE
Average shuffled-control neural predictivity: 0.003248 +- 0.000282 SE
Saved alignment results to zsc_results/lmpred_ablate_no_self_pred/cramped_room5x5
Evaluating ZSC for method=lmpred_ablate_no_self_pred, layout=counter_circuit, prefix=checkpoints/lmpred_ablate_no_self_pred, result_name=lmpred_ablate_no_self_pred, perspective_transform=false
Importing submoduled environments...
Submoduled environments imported successfully.
LOADED: checkpoints/lmpred_ablate_no_self_pred/counter_circuit/baseline_seed_0_step_380.msgpack
LOADED: checkpoints/lmpred_ablate_no_self_pred/counter_circuit/baseline_seed_1_step_380.msgpack
LOADED: checkpoints/lmpred_ablate_no_self_pred/counter_circuit/baseline_seed_2_step_380.msgpack
LOADED: checkpoints/lmpred_ablate_no_self_pred/counter_circuit/baseline_seed_3_step_380.msgpack
LOADED: checkpoints/lmpred_ablate_no_self_pred/counter_circuit/baseline_seed_4_step_380.msgpack
ZSC[00, 00] = 144.780
ZSC[00, 01] = 194.253
ZSC[00, 02] = 96.870
ZSC[00, 03] = 152.569
ZSC[00, 04] = 137.156
ZSC[01, 00] = 196.455
ZSC[01, 01] = 236.458
ZSC[01, 02] = 174.414
ZSC[01, 03] = 198.744
ZSC[01, 04] = 185.764
ZSC[02, 00] = 113.133
ZSC[02, 01] = 180.828
ZSC[02, 02] = 255.384
ZSC[02, 03] = 51.570
ZSC[02, 04] = 39.427
ZSC[03, 00] = 151.953
ZSC[03, 01] = 195.836
ZSC[03, 02] = 65.817
ZSC[03, 03] = 215.450
ZSC[03, 04] = 194.677
ZSC[04, 00] = 136.395
ZSC[04, 01] = 186.180
ZSC[04, 02] = 39.927
ZSC[04, 03] = 194.327
ZSC[04, 04] = 181.928
Average SP performance (diagonal/self-copy): 206.800 +- 19.723 SE over 5 pairs
Average XP performance (off-diagonal/excluding self): 144.315 +- 12.743 SE over 20 ordered pairs
Saved ZSC results to zsc_results/lmpred_ablate_no_self_pred/counter_circuit
Saved ZSC heatmap to zsc_results/lmpred_ablate_no_self_pred/counter_circuit/xp_matrix.png
Using alignment rollout scale: ALIGN_PAIR_BATCH_SIZE=1, ALIGN_EVAL_NUM_EPISODES=128, ALIGN_EVAL_NUM_STEPS=400
ALIGN ego[00] partner[00] R2=0.845058 NMSE=0.154942 NP=0.916938 blind_NP=0.901701 PS-NP_gain=0.015237 shuffled_R2=-0.019870 shuffled_NP=0.004898
ALIGN ego[00] partner[01] R2=0.797842 NMSE=0.202158 NP=0.891566 blind_NP=0.876683 PS-NP_gain=0.014883 shuffled_R2=-0.016717 shuffled_NP=0.005499
ALIGN ego[00] partner[02] R2=0.835378 NMSE=0.164622 NP=0.912521 blind_NP=0.885715 PS-NP_gain=0.026806 shuffled_R2=-0.019094 shuffled_NP=0.002424
ALIGN ego[00] partner[03] R2=0.773878 NMSE=0.226122 NP=0.874566 blind_NP=0.845442 PS-NP_gain=0.029124 shuffled_R2=-0.015854 shuffled_NP=0.002459
ALIGN ego[00] partner[04] R2=0.760891 NMSE=0.239109 NP=0.874526 blind_NP=0.859316 PS-NP_gain=0.015210 shuffled_R2=-0.022090 shuffled_NP=0.005976
ALIGN ego[01] partner[00] R2=0.746474 NMSE=0.253526 NP=0.868079 blind_NP=0.839696 PS-NP_gain=0.028383 shuffled_R2=-0.026252 shuffled_NP=0.002264
ALIGN ego[01] partner[01] R2=0.797156 NMSE=0.202844 NP=0.889805 blind_NP=0.866402 PS-NP_gain=0.023403 shuffled_R2=-0.016179 shuffled_NP=0.003634
ALIGN ego[01] partner[02] R2=0.799183 NMSE=0.200817 NP=0.891667 blind_NP=0.863134 PS-NP_gain=0.028532 shuffled_R2=-0.015957 shuffled_NP=0.005593
ALIGN ego[01] partner[03] R2=0.742748 NMSE=0.257252 NP=0.859663 blind_NP=0.827317 PS-NP_gain=0.032346 shuffled_R2=-0.015640 shuffled_NP=0.003357
ALIGN ego[01] partner[04] R2=0.783103 NMSE=0.216897 NP=0.882175 blind_NP=0.853271 PS-NP_gain=0.028904 shuffled_R2=-0.015915 shuffled_NP=0.003953
ALIGN ego[02] partner[00] R2=0.869992 NMSE=0.130008 NP=0.932968 blind_NP=0.913923 PS-NP_gain=0.019045 shuffled_R2=-0.019574 shuffled_NP=0.002194
ALIGN ego[02] partner[01] R2=0.801826 NMSE=0.198174 NP=0.894880 blind_NP=0.875682 PS-NP_gain=0.019198 shuffled_R2=-0.020699 shuffled_NP=0.002244
ALIGN ego[02] partner[02] R2=0.916958 NMSE=0.083042 NP=0.956921 blind_NP=0.947776 PS-NP_gain=0.009145 shuffled_R2=-0.015331 shuffled_NP=0.001720
ALIGN ego[02] partner[03] R2=0.787075 NMSE=0.212925 NP=0.890086 blind_NP=0.848539 PS-NP_gain=0.041548 shuffled_R2=-0.018981 shuffled_NP=0.003182
ALIGN ego[02] partner[04] R2=0.881242 NMSE=0.118758 NP=0.936294 blind_NP=0.921430 PS-NP_gain=0.014864 shuffled_R2=-0.018816 shuffled_NP=0.002882
ALIGN ego[03] partner[00] R2=0.740659 NMSE=0.259341 NP=0.860213 blind_NP=0.828748 PS-NP_gain=0.031465 shuffled_R2=-0.017487 shuffled_NP=0.001781
ALIGN ego[03] partner[01] R2=0.766306 NMSE=0.233694 NP=0.869193 blind_NP=0.823998 PS-NP_gain=0.045195 shuffled_R2=-0.018966 shuffled_NP=0.003852
ALIGN ego[03] partner[02] R2=0.822065 NMSE=0.177935 NP=0.905874 blind_NP=0.873906 PS-NP_gain=0.031967 shuffled_R2=-0.017275 shuffled_NP=0.004038
ALIGN ego[03] partner[03] R2=0.743244 NMSE=0.256756 NP=0.858702 blind_NP=0.814378 PS-NP_gain=0.044324 shuffled_R2=-0.016898 shuffled_NP=0.005615
ALIGN ego[03] partner[04] R2=0.760976 NMSE=0.239024 NP=0.868891 blind_NP=0.821267 PS-NP_gain=0.047624 shuffled_R2=-0.014135 shuffled_NP=0.005836
ALIGN ego[04] partner[00] R2=0.765242 NMSE=0.234758 NP=0.876023 blind_NP=0.854482 PS-NP_gain=0.021541 shuffled_R2=-0.021379 shuffled_NP=0.002679
ALIGN ego[04] partner[01] R2=0.815041 NMSE=0.184959 NP=0.899207 blind_NP=0.884978 PS-NP_gain=0.014229 shuffled_R2=-0.015361 shuffled_NP=0.003279
ALIGN ego[04] partner[02] R2=0.793396 NMSE=0.206604 NP=0.895290 blind_NP=0.865927 PS-NP_gain=0.029364 shuffled_R2=-0.037295 shuffled_NP=0.002987
ALIGN ego[04] partner[03] R2=0.766415 NMSE=0.233585 NP=0.870530 blind_NP=0.845613 PS-NP_gain=0.024916 shuffled_R2=-0.015971 shuffled_NP=0.001240
ALIGN ego[04] partner[04] R2=0.831552 NMSE=0.168448 NP=0.908584 blind_NP=0.887953 PS-NP_gain=0.020631 shuffled_R2=-0.015234 shuffled_NP=0.003312
Average ego-to-partner alignment R2: 0.797748 +- 0.009188 SE over 25 ego-partner pairs
Average alignment normalized MSE: 0.202252 +- 0.009188 SE
Average shuffled-control alignment R2: -0.018679 +- 0.000949 SE
Average neural predictivity: 0.891406 +- 0.005107 SE
Average blind-control neural predictivity: 0.865091 +- 0.006622 SE
Average PS-NP gain: 0.026315 +- 0.002087 SE
Average shuffled-control neural predictivity: 0.003476 +- 0.000279 SE
Saved alignment results to zsc_results/lmpred_ablate_no_self_pred/counter_circuit
Evaluating ZSC for method=lmpred_ablate_no_self_pred, layout=coord_ring, prefix=checkpoints/lmpred_ablate_no_self_pred, result_name=lmpred_ablate_no_self_pred, perspective_transform=false
Importing submoduled environments...
Submoduled environments imported successfully.
LOADED: checkpoints/lmpred_ablate_no_self_pred/coord_ring/baseline_seed_0_step_220.msgpack
LOADED: checkpoints/lmpred_ablate_no_self_pred/coord_ring/baseline_seed_1_step_220.msgpack
LOADED: checkpoints/lmpred_ablate_no_self_pred/coord_ring/baseline_seed_2_step_220.msgpack
LOADED: checkpoints/lmpred_ablate_no_self_pred/coord_ring/baseline_seed_3_step_220.msgpack
LOADED: checkpoints/lmpred_ablate_no_self_pred/coord_ring/baseline_seed_4_step_220.msgpack
ZSC[00, 00] = 268.708
ZSC[00, 01] = 275.100
ZSC[00, 02] = 95.792
ZSC[00, 03] = 207.612
ZSC[00, 04] = 219.914
ZSC[01, 00] = 275.091
ZSC[01, 01] = 308.161
ZSC[01, 02] = 121.269
ZSC[01, 03] = 313.066
ZSC[01, 04] = 253.787
ZSC[02, 00] = 97.403
ZSC[02, 01] = 121.552
ZSC[02, 02] = 199.697
ZSC[02, 03] = 50.359
ZSC[02, 04] = 294.977
ZSC[03, 00] = 210.928
ZSC[03, 01] = 314.372
ZSC[03, 02] = 49.848
ZSC[03, 03] = 318.075
ZSC[03, 04] = 204.725
ZSC[04, 00] = 219.741
ZSC[04, 01] = 254.703
ZSC[04, 02] = 289.795
ZSC[04, 03] = 204.433
ZSC[04, 04] = 325.552
Average SP performance (diagonal/self-copy): 284.038 +- 23.251 SE over 5 pairs
Average XP performance (off-diagonal/excluding self): 203.723 +- 19.161 SE over 20 ordered pairs
Saved ZSC results to zsc_results/lmpred_ablate_no_self_pred/coord_ring
Saved ZSC heatmap to zsc_results/lmpred_ablate_no_self_pred/coord_ring/xp_matrix.png
Using alignment rollout scale: ALIGN_PAIR_BATCH_SIZE=1, ALIGN_EVAL_NUM_EPISODES=128, ALIGN_EVAL_NUM_STEPS=400
ALIGN ego[00] partner[00] R2=0.564392 NMSE=0.435608 NP=0.827520 blind_NP=0.830653 PS-NP_gain=-0.003133 shuffled_R2=-0.091892 shuffled_NP=0.004481
ALIGN ego[00] partner[01] R2=0.801465 NMSE=0.198535 NP=0.904766 blind_NP=0.913140 PS-NP_gain=-0.008375 shuffled_R2=-0.050362 shuffled_NP=0.003473
ALIGN ego[00] partner[02] R2=0.855972 NMSE=0.144028 NP=0.924399 blind_NP=0.913075 PS-NP_gain=0.011324 shuffled_R2=-0.018963 shuffled_NP=0.005633
ALIGN ego[00] partner[03] R2=0.828362 NMSE=0.171638 NP=0.913778 blind_NP=0.891590 PS-NP_gain=0.022188 shuffled_R2=-0.028938 shuffled_NP=0.004708
ALIGN ego[00] partner[04] R2=0.772628 NMSE=0.227372 NP=0.881371 blind_NP=0.861686 PS-NP_gain=0.019684 shuffled_R2=-0.020984 shuffled_NP=0.003202
ALIGN ego[01] partner[00] R2=0.873723 NMSE=0.126277 NP=0.934854 blind_NP=0.910326 PS-NP_gain=0.024528 shuffled_R2=-0.019686 shuffled_NP=0.002016
ALIGN ego[01] partner[01] R2=0.678138 NMSE=0.321862 NP=0.853975 blind_NP=0.830263 PS-NP_gain=0.023712 shuffled_R2=-0.046312 shuffled_NP=0.004946
ALIGN ego[01] partner[02] R2=0.902150 NMSE=0.097850 NP=0.948983 blind_NP=0.940695 PS-NP_gain=0.008288 shuffled_R2=-0.014529 shuffled_NP=0.003657
ALIGN ego[01] partner[03] R2=0.891534 NMSE=0.108466 NP=0.944144 blind_NP=0.932717 PS-NP_gain=0.011427 shuffled_R2=-0.021840 shuffled_NP=0.001502
ALIGN ego[01] partner[04] R2=0.884639 NMSE=0.115361 NP=0.940142 blind_NP=0.929942 PS-NP_gain=0.010201 shuffled_R2=-0.015350 shuffled_NP=0.002326
ALIGN ego[02] partner[00] R2=0.868793 NMSE=0.131207 NP=0.929595 blind_NP=0.901677 PS-NP_gain=0.027917 shuffled_R2=-0.013342 shuffled_NP=0.002280
ALIGN ego[02] partner[01] R2=0.856177 NMSE=0.143823 NP=0.925675 blind_NP=0.900817 PS-NP_gain=0.024858 shuffled_R2=-0.020714 shuffled_NP=0.003462
ALIGN ego[02] partner[02] R2=0.929149 NMSE=0.070851 NP=0.964128 blind_NP=0.958767 PS-NP_gain=0.005361 shuffled_R2=-0.019703 shuffled_NP=0.003639
ALIGN ego[02] partner[03] R2=0.769122 NMSE=0.230878 NP=0.895997 blind_NP=0.853694 PS-NP_gain=0.042303 shuffled_R2=-0.031540 shuffled_NP=0.004278
ALIGN ego[02] partner[04] R2=0.854294 NMSE=0.145706 NP=0.925418 blind_NP=0.902885 PS-NP_gain=0.022534 shuffled_R2=-0.028092 shuffled_NP=0.001848
ALIGN ego[03] partner[00] R2=0.903241 NMSE=0.096759 NP=0.950060 blind_NP=0.932343 PS-NP_gain=0.017716 shuffled_R2=-0.014849 shuffled_NP=0.002982
ALIGN ego[03] partner[01] R2=0.894020 NMSE=0.105980 NP=0.945431 blind_NP=0.940635 PS-NP_gain=0.004796 shuffled_R2=-0.018845 shuffled_NP=0.004016
ALIGN ego[03] partner[02] R2=0.678447 NMSE=0.321553 NP=0.855375 blind_NP=0.833587 PS-NP_gain=0.021789 shuffled_R2=-0.041366 shuffled_NP=0.005327
ALIGN ego[03] partner[03] R2=0.933576 NMSE=0.066424 NP=0.965914 blind_NP=0.959235 PS-NP_gain=0.006679 shuffled_R2=-0.015380 shuffled_NP=0.003435
ALIGN ego[03] partner[04] R2=0.783092 NMSE=0.216908 NP=0.883390 blind_NP=0.853968 PS-NP_gain=0.029422 shuffled_R2=-0.020697 shuffled_NP=0.002815
ALIGN ego[04] partner[00] R2=0.778903 NMSE=0.221097 NP=0.884366 blind_NP=0.865975 PS-NP_gain=0.018391 shuffled_R2=-0.022232 shuffled_NP=0.002854
ALIGN ego[04] partner[01] R2=0.879469 NMSE=0.120531 NP=0.937343 blind_NP=0.918392 PS-NP_gain=0.018951 shuffled_R2=-0.017416 shuffled_NP=0.002995
ALIGN ego[04] partner[02] R2=0.900054 NMSE=0.099946 NP=0.948629 blind_NP=0.941247 PS-NP_gain=0.007382 shuffled_R2=-0.024469 shuffled_NP=0.004033
ALIGN ego[04] partner[03] R2=0.840498 NMSE=0.159502 NP=0.915247 blind_NP=0.891337 PS-NP_gain=0.023911 shuffled_R2=-0.014731 shuffled_NP=0.002453
ALIGN ego[04] partner[04] R2=0.908246 NMSE=0.091754 NP=0.952959 blind_NP=0.947016 PS-NP_gain=0.005943 shuffled_R2=-0.018711 shuffled_NP=0.002113
Average ego-to-partner alignment R2: 0.833203 +- 0.017790 SE over 25 ego-partner pairs
Average alignment normalized MSE: 0.166797 +- 0.017790 SE
Average shuffled-control alignment R2: -0.026038 +- 0.003371 SE
Average neural predictivity: 0.918138 +- 0.007304 SE
Average blind-control neural predictivity: 0.902227 +- 0.008061 SE
Average PS-NP gain: 0.015912 +- 0.002247 SE
Average shuffled-control neural predictivity: 0.003379 +- 0.000222 SE
Saved alignment results to zsc_results/lmpred_ablate_no_self_pred/coord_ring
