Script directory: /mnt/iusers01/fatpou01/compsci01/n70579mp/scratch/tom/JaxMARL
Evaluating XP partner matrix for ego_method=ph2v5, layout=cramped_room5x5
ego_prefix=checkpoints/ph2v5/, partner_pool_specs=e3t:checkpoints/eval_pools/e3t;mep_br:checkpoints/eval_pools/mep_br;pbt:checkpoints/eval_pools/pbt;sp:checkpoints/eval_pools/sp, result_name=ph2v5_ego_vs_eval_pool_partner, ego_perspective_transform=true
Importing submoduled environments...
Submoduled environments not found. Skipping import.
LOADED: checkpoints/ph2v5/cramped_room5x5/baseline_seed_0_step_220.msgpack
LOADED: checkpoints/ph2v5/cramped_room5x5/baseline_seed_1_step_220.msgpack
LOADED: checkpoints/ph2v5/cramped_room5x5/baseline_seed_2_step_220.msgpack
LOADED: checkpoints/ph2v5/cramped_room5x5/baseline_seed_3_step_220.msgpack
LOADED: checkpoints/ph2v5/cramped_room5x5/baseline_seed_4_step_220.msgpack
Evaluating partner group 0: method=e3t, prefix=checkpoints/eval_pools/e3t
LOADED: checkpoints/eval_pools/e3t/cramped_room5x5/baseline_seed_0_step_220.msgpack
LOADED: checkpoints/eval_pools/e3t/cramped_room5x5/baseline_seed_1_step_220.msgpack
LOADED: checkpoints/eval_pools/e3t/cramped_room5x5/baseline_seed_2_step_220.msgpack
LOADED: checkpoints/eval_pools/e3t/cramped_room5x5/baseline_seed_3_step_220.msgpack
LOADED: checkpoints/eval_pools/e3t/cramped_room5x5/baseline_seed_4_step_220.msgpack
Using XP rollout scale: XP_PAIR_BATCH_SIZE=32, EVAL_NUM_EPISODES=128, EVAL_NUM_STEPS=400
XP ego[00] partner[00] = 211.250
XP ego[00] partner[01] = 213.438
XP ego[00] partner[02] = 216.250
XP ego[00] partner[03] = 223.906
XP ego[00] partner[04] = 223.594
XP ego[01] partner[00] = 182.500
XP ego[01] partner[01] = 204.062
XP ego[01] partner[02] = 228.906
XP ego[01] partner[03] = 215.469
XP ego[01] partner[04] = 178.281
XP ego[02] partner[00] = 230.000
XP ego[02] partner[01] = 202.656
XP ego[02] partner[02] = 157.969
XP ego[02] partner[03] = 204.531
XP ego[02] partner[04] = 186.562
XP ego[03] partner[00] = 191.719
XP ego[03] partner[01] = 217.969
XP ego[03] partner[02] = 243.125
XP ego[03] partner[03] = 227.969
XP ego[03] partner[04] = 182.344
XP ego[04] partner[00] = 242.656
XP ego[04] partner[01] = 188.281
XP ego[04] partner[02] = 213.125
XP ego[04] partner[03] = 235.000
XP ego[04] partner[04] = 232.969
Evaluating partner group 1: method=mep_br, prefix=checkpoints/eval_pools/mep_br
LOADED: checkpoints/eval_pools/mep_br/cramped_room5x5/baseline_seed_0_step_220.msgpack
LOADED: checkpoints/eval_pools/mep_br/cramped_room5x5/baseline_seed_1_step_220.msgpack
LOADED: checkpoints/eval_pools/mep_br/cramped_room5x5/baseline_seed_2_step_220.msgpack
LOADED: checkpoints/eval_pools/mep_br/cramped_room5x5/baseline_seed_3_step_220.msgpack
LOADED: checkpoints/eval_pools/mep_br/cramped_room5x5/baseline_seed_4_step_220.msgpack
Using XP rollout scale: XP_PAIR_BATCH_SIZE=32, EVAL_NUM_EPISODES=128, EVAL_NUM_STEPS=400
XP ego[00] partner[00] = 215.000
XP ego[00] partner[01] = 205.000
XP ego[00] partner[02] = 116.094
XP ego[00] partner[03] = 222.969
XP ego[00] partner[04] = 231.406
XP ego[01] partner[00] = 209.531
XP ego[01] partner[01] = 223.125
XP ego[01] partner[02] = 192.812
XP ego[01] partner[03] = 238.125
XP ego[01] partner[04] = 239.062
XP ego[02] partner[00] = 211.875
XP ego[02] partner[01] = 227.969
XP ego[02] partner[02] = 210.469
XP ego[02] partner[03] = 237.031
XP ego[02] partner[04] = 217.031
XP ego[03] partner[00] = 232.031
XP ego[03] partner[01] = 221.094
XP ego[03] partner[02] = 212.812
XP ego[03] partner[03] = 230.938
XP ego[03] partner[04] = 228.125
XP ego[04] partner[00] = 197.812
XP ego[04] partner[01] = 233.125
XP ego[04] partner[02] = 223.750
XP ego[04] partner[03] = 235.938
XP ego[04] partner[04] = 176.562
Evaluating partner group 2: method=pbt, prefix=checkpoints/eval_pools/pbt
LOADED: checkpoints/eval_pools/pbt/cramped_room5x5/baseline_seed_0_step_62.msgpack
LOADED: checkpoints/eval_pools/pbt/cramped_room5x5/baseline_seed_1_step_62.msgpack
LOADED: checkpoints/eval_pools/pbt/cramped_room5x5/baseline_seed_2_step_62.msgpack
LOADED: checkpoints/eval_pools/pbt/cramped_room5x5/baseline_seed_3_step_62.msgpack
LOADED: checkpoints/eval_pools/pbt/cramped_room5x5/baseline_seed_4_step_62.msgpack
Using XP rollout scale: XP_PAIR_BATCH_SIZE=32, EVAL_NUM_EPISODES=128, EVAL_NUM_STEPS=400
XP ego[00] partner[00] = 218.281
XP ego[00] partner[01] = 224.219
XP ego[00] partner[02] = 165.781
XP ego[00] partner[03] = 224.062
XP ego[00] partner[04] = 220.469
XP ego[01] partner[00] = 244.062
XP ego[01] partner[01] = 235.781
XP ego[01] partner[02] = 241.562
XP ego[01] partner[03] = 238.594
XP ego[01] partner[04] = 215.781
XP ego[02] partner[00] = 215.156
XP ego[02] partner[01] = 214.688
XP ego[02] partner[02] = 203.125
XP ego[02] partner[03] = 211.094
XP ego[02] partner[04] = 214.844
XP ego[03] partner[00] = 147.344
XP ego[03] partner[01] = 120.938
XP ego[03] partner[02] = 177.031
XP ego[03] partner[03] = 117.656
XP ego[03] partner[04] = 165.469
XP ego[04] partner[00] = 239.844
XP ego[04] partner[01] = 235.312
XP ego[04] partner[02] = 234.219
XP ego[04] partner[03] = 240.000
XP ego[04] partner[04] = 240.000
Evaluating partner group 3: method=sp, prefix=checkpoints/eval_pools/sp
LOADED: checkpoints/eval_pools/sp/cramped_room5x5/baseline_seed_0_step_220.msgpack
LOADED: checkpoints/eval_pools/sp/cramped_room5x5/baseline_seed_1_step_220.msgpack
LOADED: checkpoints/eval_pools/sp/cramped_room5x5/baseline_seed_2_step_220.msgpack
LOADED: checkpoints/eval_pools/sp/cramped_room5x5/baseline_seed_3_step_220.msgpack
LOADED: checkpoints/eval_pools/sp/cramped_room5x5/baseline_seed_4_step_220.msgpack
Using XP rollout scale: XP_PAIR_BATCH_SIZE=32, EVAL_NUM_EPISODES=128, EVAL_NUM_STEPS=400
XP ego[00] partner[00] = 180.938
XP ego[00] partner[01] = 176.094
XP ego[00] partner[02] = 243.125
XP ego[00] partner[03] = 235.156
XP ego[00] partner[04] = 201.406
XP ego[01] partner[00] = 226.406
XP ego[01] partner[01] = 192.344
XP ego[01] partner[02] = 234.375
XP ego[01] partner[03] = 198.906
XP ego[01] partner[04] = 206.719
XP ego[02] partner[00] = 223.125
XP ego[02] partner[01] = 205.156
XP ego[02] partner[02] = 211.250
XP ego[02] partner[03] = 235.312
XP ego[02] partner[04] = 221.094
XP ego[03] partner[00] = 219.844
XP ego[03] partner[01] = 161.719
XP ego[03] partner[02] = 170.625
XP ego[03] partner[03] = 222.656
XP ego[03] partner[04] = 216.094
XP ego[04] partner[00] = 228.281
XP ego[04] partner[01] = 180.156
XP ego[04] partner[02] = 230.781
XP ego[04] partner[03] = 144.688
XP ego[04] partner[04] = 190.469
Average ego-vs-partner performance: 210.062 +- 2.818 SE over 100 ordered pairs
Average diagonal performance: 206.844 +- 13.313 SE over 5 pairs
Average off-diagonal performance (only for square pools): nan +- nan SE over 0 ordered pairs
Saved XP results to xp_partner_results/ph2v5_ego_vs_eval_pool_partner/cramped_room5x5
Saved XP heatmap to xp_partner_results/ph2v5_ego_vs_eval_pool_partner/cramped_room5x5/xp_matrix.png
Evaluating partner alignment group 0: method=e3t, prefix=checkpoints/eval_pools/e3t
LOADED: checkpoints/eval_pools/e3t/cramped_room5x5/baseline_seed_0_step_220.msgpack
LOADED: checkpoints/eval_pools/e3t/cramped_room5x5/baseline_seed_1_step_220.msgpack
LOADED: checkpoints/eval_pools/e3t/cramped_room5x5/baseline_seed_2_step_220.msgpack
LOADED: checkpoints/eval_pools/e3t/cramped_room5x5/baseline_seed_3_step_220.msgpack
LOADED: checkpoints/eval_pools/e3t/cramped_room5x5/baseline_seed_4_step_220.msgpack
Using alignment rollout scale: ALIGN_PAIR_BATCH_SIZE=2, ALIGN_EVAL_NUM_EPISODES=128, ALIGN_EVAL_NUM_STEPS=400
ALIGN ego[00] partner[00] R2=0.938122 NMSE=0.061878 shuffled_R2=-0.016112
ALIGN ego[00] partner[01] R2=0.957663 NMSE=0.042337 shuffled_R2=-0.018167
ALIGN ego[00] partner[02] R2=0.912907 NMSE=0.087093 shuffled_R2=-0.018176
ALIGN ego[00] partner[03] R2=0.911499 NMSE=0.088501 shuffled_R2=-0.036791
ALIGN ego[00] partner[04] R2=0.962527 NMSE=0.037473 shuffled_R2=-0.014516
ALIGN ego[01] partner[00] R2=0.949940 NMSE=0.050060 shuffled_R2=-0.018551
ALIGN ego[01] partner[01] R2=0.943934 NMSE=0.056066 shuffled_R2=-0.016132
ALIGN ego[01] partner[02] R2=0.920144 NMSE=0.079856 shuffled_R2=-0.037808
ALIGN ego[01] partner[03] R2=0.912146 NMSE=0.087854 shuffled_R2=-0.022922
ALIGN ego[01] partner[04] R2=0.962772 NMSE=0.037228 shuffled_R2=-0.016151
ALIGN ego[02] partner[00] R2=0.940218 NMSE=0.059782 shuffled_R2=-0.017545
ALIGN ego[02] partner[01] R2=0.943545 NMSE=0.056455 shuffled_R2=-0.021293
ALIGN ego[02] partner[02] R2=0.945285 NMSE=0.054715 shuffled_R2=-0.019823
ALIGN ego[02] partner[03] R2=0.915549 NMSE=0.084451 shuffled_R2=-0.027727
ALIGN ego[02] partner[04] R2=0.960282 NMSE=0.039718 shuffled_R2=-0.016008
ALIGN ego[03] partner[00] R2=0.959461 NMSE=0.040539 shuffled_R2=-0.017314
ALIGN ego[03] partner[01] R2=0.887505 NMSE=0.112495 shuffled_R2=-0.067639
ALIGN ego[03] partner[02] R2=0.965452 NMSE=0.034548 shuffled_R2=-0.013978
ALIGN ego[03] partner[03] R2=0.874580 NMSE=0.125420 shuffled_R2=-0.050210
ALIGN ego[03] partner[04] R2=0.960886 NMSE=0.039114 shuffled_R2=-0.027968
ALIGN ego[04] partner[00] R2=0.943985 NMSE=0.056015 shuffled_R2=-0.015529
ALIGN ego[04] partner[01] R2=0.937549 NMSE=0.062451 shuffled_R2=-0.024955
ALIGN ego[04] partner[02] R2=0.961185 NMSE=0.038815 shuffled_R2=-0.014035
ALIGN ego[04] partner[03] R2=0.944460 NMSE=0.055540 shuffled_R2=-0.016187
ALIGN ego[04] partner[04] R2=0.950340 NMSE=0.049660 shuffled_R2=-0.015898
Evaluating partner alignment group 1: method=mep_br, prefix=checkpoints/eval_pools/mep_br
LOADED: checkpoints/eval_pools/mep_br/cramped_room5x5/baseline_seed_0_step_220.msgpack
LOADED: checkpoints/eval_pools/mep_br/cramped_room5x5/baseline_seed_1_step_220.msgpack
LOADED: checkpoints/eval_pools/mep_br/cramped_room5x5/baseline_seed_2_step_220.msgpack
LOADED: checkpoints/eval_pools/mep_br/cramped_room5x5/baseline_seed_3_step_220.msgpack
LOADED: checkpoints/eval_pools/mep_br/cramped_room5x5/baseline_seed_4_step_220.msgpack
Using alignment rollout scale: ALIGN_PAIR_BATCH_SIZE=2, ALIGN_EVAL_NUM_EPISODES=128, ALIGN_EVAL_NUM_STEPS=400
ALIGN ego[00] partner[00] R2=0.934693 NMSE=0.065307 shuffled_R2=-0.016792
ALIGN ego[00] partner[01] R2=0.942112 NMSE=0.057888 shuffled_R2=-0.015863
ALIGN ego[00] partner[02] R2=0.945569 NMSE=0.054431 shuffled_R2=-0.016447
ALIGN ego[00] partner[03] R2=0.940357 NMSE=0.059643 shuffled_R2=-0.017434
ALIGN ego[00] partner[04] R2=0.858658 NMSE=0.141342 shuffled_R2=-0.032534
ALIGN ego[01] partner[00] R2=0.899028 NMSE=0.100972 shuffled_R2=-0.035834
ALIGN ego[01] partner[01] R2=0.948414 NMSE=0.051586 shuffled_R2=-0.016445
ALIGN ego[01] partner[02] R2=0.910010 NMSE=0.089990 shuffled_R2=-0.044831
ALIGN ego[01] partner[03] R2=0.949166 NMSE=0.050834 shuffled_R2=-0.019186
ALIGN ego[01] partner[04] R2=0.957280 NMSE=0.042720 shuffled_R2=-0.021300
ALIGN ego[02] partner[00] R2=0.905527 NMSE=0.094473 shuffled_R2=-0.017625
ALIGN ego[02] partner[01] R2=0.876554 NMSE=0.123446 shuffled_R2=-0.030245
ALIGN ego[02] partner[02] R2=0.906509 NMSE=0.093491 shuffled_R2=-0.016294
ALIGN ego[02] partner[03] R2=0.914775 NMSE=0.085225 shuffled_R2=-0.025073
ALIGN ego[02] partner[04] R2=0.915596 NMSE=0.084404 shuffled_R2=-0.016625
ALIGN ego[03] partner[00] R2=0.900406 NMSE=0.099594 shuffled_R2=-0.037581
ALIGN ego[03] partner[01] R2=0.952832 NMSE=0.047168 shuffled_R2=-0.025238
ALIGN ego[03] partner[02] R2=0.852991 NMSE=0.147009 shuffled_R2=-0.048379
ALIGN ego[03] partner[03] R2=0.971326 NMSE=0.028674 shuffled_R2=-0.017130
ALIGN ego[03] partner[04] R2=0.967718 NMSE=0.032282 shuffled_R2=-0.018655
ALIGN ego[04] partner[00] R2=0.885618 NMSE=0.114382 shuffled_R2=-0.035302
ALIGN ego[04] partner[01] R2=0.843563 NMSE=0.156437 shuffled_R2=-0.044560
ALIGN ego[04] partner[02] R2=0.950085 NMSE=0.049915 shuffled_R2=-0.017210
ALIGN ego[04] partner[03] R2=0.955879 NMSE=0.044121 shuffled_R2=-0.015753
ALIGN ego[04] partner[04] R2=0.967636 NMSE=0.032364 shuffled_R2=-0.014433
Evaluating partner alignment group 2: method=pbt, prefix=checkpoints/eval_pools/pbt
LOADED: checkpoints/eval_pools/pbt/cramped_room5x5/baseline_seed_0_step_62.msgpack
LOADED: checkpoints/eval_pools/pbt/cramped_room5x5/baseline_seed_1_step_62.msgpack
LOADED: checkpoints/eval_pools/pbt/cramped_room5x5/baseline_seed_2_step_62.msgpack
LOADED: checkpoints/eval_pools/pbt/cramped_room5x5/baseline_seed_3_step_62.msgpack
LOADED: checkpoints/eval_pools/pbt/cramped_room5x5/baseline_seed_4_step_62.msgpack
Using alignment rollout scale: ALIGN_PAIR_BATCH_SIZE=2, ALIGN_EVAL_NUM_EPISODES=128, ALIGN_EVAL_NUM_STEPS=400
ALIGN ego[00] partner[00] R2=0.876731 NMSE=0.123269 shuffled_R2=-0.021965
ALIGN ego[00] partner[01] R2=0.802560 NMSE=0.197440 shuffled_R2=-0.036127
ALIGN ego[00] partner[02] R2=0.902612 NMSE=0.097388 shuffled_R2=-0.016084
ALIGN ego[00] partner[03] R2=0.834185 NMSE=0.165815 shuffled_R2=-0.038486
ALIGN ego[00] partner[04] R2=0.807570 NMSE=0.192430 shuffled_R2=-0.030503
ALIGN ego[01] partner[00] R2=0.874986 NMSE=0.125014 shuffled_R2=-0.014536
ALIGN ego[01] partner[01] R2=0.883338 NMSE=0.116662 shuffled_R2=-0.016913
ALIGN ego[01] partner[02] R2=0.854621 NMSE=0.145379 shuffled_R2=-0.017513
ALIGN ego[01] partner[03] R2=0.813657 NMSE=0.186343 shuffled_R2=-0.023626
ALIGN ego[01] partner[04] R2=0.868809 NMSE=0.131191 shuffled_R2=-0.017031
ALIGN ego[02] partner[00] R2=0.884507 NMSE=0.115493 shuffled_R2=-0.016035
ALIGN ego[02] partner[01] R2=0.847966 NMSE=0.152034 shuffled_R2=-0.016048
ALIGN ego[02] partner[02] R2=0.860503 NMSE=0.139497 shuffled_R2=-0.016402
ALIGN ego[02] partner[03] R2=0.702667 NMSE=0.297333 shuffled_R2=-0.053506
ALIGN ego[02] partner[04] R2=0.884035 NMSE=0.115965 shuffled_R2=-0.013494
ALIGN ego[03] partner[00] R2=0.862946 NMSE=0.137054 shuffled_R2=-0.015999
ALIGN ego[03] partner[01] R2=0.881383 NMSE=0.118617 shuffled_R2=-0.013595
ALIGN ego[03] partner[02] R2=0.729295 NMSE=0.270705 shuffled_R2=-0.078211
ALIGN ego[03] partner[03] R2=0.880253 NMSE=0.119747 shuffled_R2=-0.015085
ALIGN ego[03] partner[04] R2=0.707739 NMSE=0.292261 shuffled_R2=-0.071313
ALIGN ego[04] partner[00] R2=0.891119 NMSE=0.108881 shuffled_R2=-0.016259
ALIGN ego[04] partner[01] R2=0.872900 NMSE=0.127100 shuffled_R2=-0.016219
ALIGN ego[04] partner[02] R2=0.562514 NMSE=0.437486 shuffled_R2=-0.157234
ALIGN ego[04] partner[03] R2=0.899272 NMSE=0.100728 shuffled_R2=-0.014318
ALIGN ego[04] partner[04] R2=0.881903 NMSE=0.118097 shuffled_R2=-0.013732
Evaluating partner alignment group 3: method=sp, prefix=checkpoints/eval_pools/sp
LOADED: checkpoints/eval_pools/sp/cramped_room5x5/baseline_seed_0_step_220.msgpack
LOADED: checkpoints/eval_pools/sp/cramped_room5x5/baseline_seed_1_step_220.msgpack
LOADED: checkpoints/eval_pools/sp/cramped_room5x5/baseline_seed_2_step_220.msgpack
LOADED: checkpoints/eval_pools/sp/cramped_room5x5/baseline_seed_3_step_220.msgpack
LOADED: checkpoints/eval_pools/sp/cramped_room5x5/baseline_seed_4_step_220.msgpack
Using alignment rollout scale: ALIGN_PAIR_BATCH_SIZE=2, ALIGN_EVAL_NUM_EPISODES=128, ALIGN_EVAL_NUM_STEPS=400
ALIGN ego[00] partner[00] R2=0.944475 NMSE=0.055525 shuffled_R2=-0.018297
ALIGN ego[00] partner[01] R2=0.952552 NMSE=0.047448 shuffled_R2=-0.015366
ALIGN ego[00] partner[02] R2=0.908600 NMSE=0.091400 shuffled_R2=-0.067021
ALIGN ego[00] partner[03] R2=0.941564 NMSE=0.058436 shuffled_R2=-0.014468
ALIGN ego[00] partner[04] R2=0.946686 NMSE=0.053314 shuffled_R2=-0.019138
ALIGN ego[01] partner[00] R2=0.942445 NMSE=0.057555 shuffled_R2=-0.017820
ALIGN ego[01] partner[01] R2=0.957751 NMSE=0.042249 shuffled_R2=-0.015773
ALIGN ego[01] partner[02] R2=0.939450 NMSE=0.060550 shuffled_R2=-0.016491
ALIGN ego[01] partner[03] R2=0.940932 NMSE=0.059068 shuffled_R2=-0.019931
ALIGN ego[01] partner[04] R2=0.909530 NMSE=0.090470 shuffled_R2=-0.040878
ALIGN ego[02] partner[00] R2=0.950032 NMSE=0.049968 shuffled_R2=-0.015923
ALIGN ego[02] partner[01] R2=0.952958 NMSE=0.047042 shuffled_R2=-0.017911
ALIGN ego[02] partner[02] R2=0.950365 NMSE=0.049635 shuffled_R2=-0.017675
ALIGN ego[02] partner[03] R2=0.954433 NMSE=0.045567 shuffled_R2=-0.014560
ALIGN ego[02] partner[04] R2=0.955819 NMSE=0.044181 shuffled_R2=-0.015605
ALIGN ego[03] partner[00] R2=0.873056 NMSE=0.126944 shuffled_R2=-0.068831
ALIGN ego[03] partner[01] R2=0.949778 NMSE=0.050222 shuffled_R2=-0.027468
ALIGN ego[03] partner[02] R2=0.913194 NMSE=0.086806 shuffled_R2=-0.033715
ALIGN ego[03] partner[03] R2=0.960154 NMSE=0.039846 shuffled_R2=-0.017058
ALIGN ego[03] partner[04] R2=0.976067 NMSE=0.023933 shuffled_R2=-0.014783
ALIGN ego[04] partner[00] R2=0.933060 NMSE=0.066940 shuffled_R2=-0.025680
ALIGN ego[04] partner[01] R2=0.957192 NMSE=0.042808 shuffled_R2=-0.020026
ALIGN ego[04] partner[02] R2=0.954215 NMSE=0.045785 shuffled_R2=-0.014175
ALIGN ego[04] partner[03] R2=0.957516 NMSE=0.042484 shuffled_R2=-0.016586
ALIGN ego[04] partner[04] R2=0.968708 NMSE=0.031292 shuffled_R2=-0.014387
Average ego-to-partner alignment R2: 0.909728 +- 0.006421 SE over 100 ego-partner pairs
Average alignment normalized MSE: 0.090272 +- 0.006421 SE
Average shuffled-control alignment R2: -0.025380 +- 0.001939 SE
Saved alignment results to xp_partner_results/ph2v5_ego_vs_eval_pool_partner/cramped_room5x5
Evaluating XP partner matrix for ego_method=ph2v5_ablate, layout=cramped_room5x5
ego_prefix=checkpoints/ph2v5_ablate/, partner_pool_specs=e3t:checkpoints/eval_pools/e3t;mep_br:checkpoints/eval_pools/mep_br;pbt:checkpoints/eval_pools/pbt;sp:checkpoints/eval_pools/sp, result_name=ph2v5_ablate_ego_vs_eval_pool_partner, ego_perspective_transform=false
Importing submoduled environments...
Submoduled environments not found. Skipping import.
LOADED: checkpoints/ph2v5_ablate/cramped_room5x5/baseline_seed_0_step_220.msgpack
LOADED: checkpoints/ph2v5_ablate/cramped_room5x5/baseline_seed_1_step_220.msgpack
LOADED: checkpoints/ph2v5_ablate/cramped_room5x5/baseline_seed_2_step_220.msgpack
LOADED: checkpoints/ph2v5_ablate/cramped_room5x5/baseline_seed_3_step_220.msgpack
LOADED: checkpoints/ph2v5_ablate/cramped_room5x5/baseline_seed_4_step_220.msgpack
Evaluating partner group 0: method=e3t, prefix=checkpoints/eval_pools/e3t
LOADED: checkpoints/eval_pools/e3t/cramped_room5x5/baseline_seed_0_step_220.msgpack
LOADED: checkpoints/eval_pools/e3t/cramped_room5x5/baseline_seed_1_step_220.msgpack
LOADED: checkpoints/eval_pools/e3t/cramped_room5x5/baseline_seed_2_step_220.msgpack
LOADED: checkpoints/eval_pools/e3t/cramped_room5x5/baseline_seed_3_step_220.msgpack
LOADED: checkpoints/eval_pools/e3t/cramped_room5x5/baseline_seed_4_step_220.msgpack
Using XP rollout scale: XP_PAIR_BATCH_SIZE=32, EVAL_NUM_EPISODES=128, EVAL_NUM_STEPS=400
XP ego[00] partner[00] = 232.344
XP ego[00] partner[01] = 192.500
XP ego[00] partner[02] = 215.938
XP ego[00] partner[03] = 219.375
XP ego[00] partner[04] = 235.938
XP ego[01] partner[00] = 245.469
XP ego[01] partner[01] = 219.375
XP ego[01] partner[02] = 214.375
XP ego[01] partner[03] = 240.156
XP ego[01] partner[04] = 238.906
XP ego[02] partner[00] = 231.562
XP ego[02] partner[01] = 216.875
XP ego[02] partner[02] = 155.625
XP ego[02] partner[03] = 213.906
XP ego[02] partner[04] = 217.656
XP ego[03] partner[00] = 225.625
XP ego[03] partner[01] = 173.906
XP ego[03] partner[02] = 243.906
XP ego[03] partner[03] = 219.688
XP ego[03] partner[04] = 232.188
XP ego[04] partner[00] = 230.625
XP ego[04] partner[01] = 203.750
XP ego[04] partner[02] = 159.219
XP ego[04] partner[03] = 227.812
XP ego[04] partner[04] = 227.188
Evaluating partner group 1: method=mep_br, prefix=checkpoints/eval_pools/mep_br
LOADED: checkpoints/eval_pools/mep_br/cramped_room5x5/baseline_seed_0_step_220.msgpack
LOADED: checkpoints/eval_pools/mep_br/cramped_room5x5/baseline_seed_1_step_220.msgpack
LOADED: checkpoints/eval_pools/mep_br/cramped_room5x5/baseline_seed_2_step_220.msgpack
LOADED: checkpoints/eval_pools/mep_br/cramped_room5x5/baseline_seed_3_step_220.msgpack
LOADED: checkpoints/eval_pools/mep_br/cramped_room5x5/baseline_seed_4_step_220.msgpack
Using XP rollout scale: XP_PAIR_BATCH_SIZE=32, EVAL_NUM_EPISODES=128, EVAL_NUM_STEPS=400
XP ego[00] partner[00] = 212.188
XP ego[00] partner[01] = 228.750
XP ego[00] partner[02] = 199.688
XP ego[00] partner[03] = 214.062
XP ego[00] partner[04] = 218.281
XP ego[01] partner[00] = 235.938
XP ego[01] partner[01] = 249.219
XP ego[01] partner[02] = 224.375
XP ego[01] partner[03] = 248.125
XP ego[01] partner[04] = 241.562
XP ego[02] partner[00] = 65.781
XP ego[02] partner[01] = 227.812
XP ego[02] partner[02] = 183.125
XP ego[02] partner[03] = 226.094
XP ego[02] partner[04] = 188.438
XP ego[03] partner[00] = 186.719
XP ego[03] partner[01] = 191.250
XP ego[03] partner[02] = 223.594
XP ego[03] partner[03] = 211.250
XP ego[03] partner[04] = 239.062
XP ego[04] partner[00] = 217.812
XP ego[04] partner[01] = 236.250
XP ego[04] partner[02] = 126.250
XP ego[04] partner[03] = 232.188
XP ego[04] partner[04] = 177.656
Evaluating partner group 2: method=pbt, prefix=checkpoints/eval_pools/pbt
LOADED: checkpoints/eval_pools/pbt/cramped_room5x5/baseline_seed_0_step_62.msgpack
LOADED: checkpoints/eval_pools/pbt/cramped_room5x5/baseline_seed_1_step_62.msgpack
LOADED: checkpoints/eval_pools/pbt/cramped_room5x5/baseline_seed_2_step_62.msgpack
LOADED: checkpoints/eval_pools/pbt/cramped_room5x5/baseline_seed_3_step_62.msgpack
LOADED: checkpoints/eval_pools/pbt/cramped_room5x5/baseline_seed_4_step_62.msgpack
Using XP rollout scale: XP_PAIR_BATCH_SIZE=32, EVAL_NUM_EPISODES=128, EVAL_NUM_STEPS=400
XP ego[00] partner[00] = 220.781
XP ego[00] partner[01] = 218.906
XP ego[00] partner[02] = 209.062
XP ego[00] partner[03] = 222.500
XP ego[00] partner[04] = 227.500
XP ego[01] partner[00] = 238.750
XP ego[01] partner[01] = 232.500
XP ego[01] partner[02] = 231.094
XP ego[01] partner[03] = 235.156
XP ego[01] partner[04] = 239.375
XP ego[02] partner[00] = 175.312
XP ego[02] partner[01] = 180.469
XP ego[02] partner[02] = 133.594
XP ego[02] partner[03] = 150.625
XP ego[02] partner[04] = 173.438
XP ego[03] partner[00] = 94.844
XP ego[03] partner[01] = 119.062
XP ego[03] partner[02] = 213.281
XP ego[03] partner[03] = 129.219
XP ego[03] partner[04] = 65.625
XP ego[04] partner[00] = 235.781
XP ego[04] partner[01] = 236.562
XP ego[04] partner[02] = 231.562
XP ego[04] partner[03] = 235.781
XP ego[04] partner[04] = 236.875
Evaluating partner group 3: method=sp, prefix=checkpoints/eval_pools/sp
LOADED: checkpoints/eval_pools/sp/cramped_room5x5/baseline_seed_0_step_220.msgpack
LOADED: checkpoints/eval_pools/sp/cramped_room5x5/baseline_seed_1_step_220.msgpack
LOADED: checkpoints/eval_pools/sp/cramped_room5x5/baseline_seed_2_step_220.msgpack
LOADED: checkpoints/eval_pools/sp/cramped_room5x5/baseline_seed_3_step_220.msgpack
LOADED: checkpoints/eval_pools/sp/cramped_room5x5/baseline_seed_4_step_220.msgpack
Using XP rollout scale: XP_PAIR_BATCH_SIZE=32, EVAL_NUM_EPISODES=128, EVAL_NUM_STEPS=400
XP ego[00] partner[00] = 220.312
XP ego[00] partner[01] = 223.281
XP ego[00] partner[02] = 212.188
XP ego[00] partner[03] = 223.594
XP ego[00] partner[04] = 206.719
XP ego[01] partner[00] = 232.969
XP ego[01] partner[01] = 230.938
XP ego[01] partner[02] = 231.406
XP ego[01] partner[03] = 238.125
XP ego[01] partner[04] = 194.531
XP ego[02] partner[00] = 215.625
XP ego[02] partner[01] = 155.000
XP ego[02] partner[02] = 197.031
XP ego[02] partner[03] = 167.188
XP ego[02] partner[04] = 203.906
XP ego[03] partner[00] = 225.781
XP ego[03] partner[01] = 229.844
XP ego[03] partner[02] = 243.906
XP ego[03] partner[03] = 239.375
XP ego[03] partner[04] = 230.625
XP ego[04] partner[00] = 227.500
XP ego[04] partner[01] = 219.375
XP ego[04] partner[02] = 208.594
XP ego[04] partner[03] = 175.000
XP ego[04] partner[04] = 221.719
Average ego-vs-partner performance: 209.016 +- 3.707 SE over 100 ordered pairs
Average diagonal performance: 210.844 +- 14.017 SE over 5 pairs
Average off-diagonal performance (only for square pools): nan +- nan SE over 0 ordered pairs
Saved XP results to xp_partner_results/ph2v5_ablate_ego_vs_eval_pool_partner/cramped_room5x5
Saved XP heatmap to xp_partner_results/ph2v5_ablate_ego_vs_eval_pool_partner/cramped_room5x5/xp_matrix.png
Evaluating partner alignment group 0: method=e3t, prefix=checkpoints/eval_pools/e3t
LOADED: checkpoints/eval_pools/e3t/cramped_room5x5/baseline_seed_0_step_220.msgpack
LOADED: checkpoints/eval_pools/e3t/cramped_room5x5/baseline_seed_1_step_220.msgpack
LOADED: checkpoints/eval_pools/e3t/cramped_room5x5/baseline_seed_2_step_220.msgpack
LOADED: checkpoints/eval_pools/e3t/cramped_room5x5/baseline_seed_3_step_220.msgpack
LOADED: checkpoints/eval_pools/e3t/cramped_room5x5/baseline_seed_4_step_220.msgpack
Using alignment rollout scale: ALIGN_PAIR_BATCH_SIZE=2, ALIGN_EVAL_NUM_EPISODES=128, ALIGN_EVAL_NUM_STEPS=400
ALIGN ego[00] partner[00] R2=0.902104 NMSE=0.097896 shuffled_R2=-0.045982
ALIGN ego[00] partner[01] R2=0.902216 NMSE=0.097784 shuffled_R2=-0.035353
ALIGN ego[00] partner[02] R2=0.936732 NMSE=0.063268 shuffled_R2=-0.018787
ALIGN ego[00] partner[03] R2=0.647267 NMSE=0.352733 shuffled_R2=-0.141383
ALIGN ego[00] partner[04] R2=0.936663 NMSE=0.063337 shuffled_R2=-0.020691
ALIGN ego[01] partner[00] R2=0.947530 NMSE=0.052470 shuffled_R2=-0.019808
ALIGN ego[01] partner[01] R2=0.930351 NMSE=0.069649 shuffled_R2=-0.054832
ALIGN ego[01] partner[02] R2=0.948523 NMSE=0.051477 shuffled_R2=-0.024224
ALIGN ego[01] partner[03] R2=0.786949 NMSE=0.213051 shuffled_R2=-0.084473
ALIGN ego[01] partner[04] R2=0.959609 NMSE=0.040391 shuffled_R2=-0.016500
ALIGN ego[02] partner[00] R2=0.937386 NMSE=0.062614 shuffled_R2=-0.019995
ALIGN ego[02] partner[01] R2=0.924621 NMSE=0.075379 shuffled_R2=-0.019462
ALIGN ego[02] partner[02] R2=0.922023 NMSE=0.077977 shuffled_R2=-0.020778
ALIGN ego[02] partner[03] R2=0.790907 NMSE=0.209093 shuffled_R2=-0.103393
ALIGN ego[02] partner[04] R2=0.954207 NMSE=0.045793 shuffled_R2=-0.014974
ALIGN ego[03] partner[00] R2=0.941379 NMSE=0.058621 shuffled_R2=-0.016636
ALIGN ego[03] partner[01] R2=0.953801 NMSE=0.046199 shuffled_R2=-0.017349
ALIGN ego[03] partner[02] R2=0.945138 NMSE=0.054862 shuffled_R2=-0.017078
ALIGN ego[03] partner[03] R2=0.866667 NMSE=0.133333 shuffled_R2=-0.042090
ALIGN ego[03] partner[04] R2=0.952357 NMSE=0.047643 shuffled_R2=-0.015593
ALIGN ego[04] partner[00] R2=0.944862 NMSE=0.055138 shuffled_R2=-0.018896
ALIGN ego[04] partner[01] R2=0.940531 NMSE=0.059469 shuffled_R2=-0.022679
ALIGN ego[04] partner[02] R2=0.869862 NMSE=0.130138 shuffled_R2=-0.048748
ALIGN ego[04] partner[03] R2=0.949059 NMSE=0.050941 shuffled_R2=-0.019608
ALIGN ego[04] partner[04] R2=0.950599 NMSE=0.049401 shuffled_R2=-0.020874
Evaluating partner alignment group 1: method=mep_br, prefix=checkpoints/eval_pools/mep_br
LOADED: checkpoints/eval_pools/mep_br/cramped_room5x5/baseline_seed_0_step_220.msgpack
LOADED: checkpoints/eval_pools/mep_br/cramped_room5x5/baseline_seed_1_step_220.msgpack
LOADED: checkpoints/eval_pools/mep_br/cramped_room5x5/baseline_seed_2_step_220.msgpack
LOADED: checkpoints/eval_pools/mep_br/cramped_room5x5/baseline_seed_3_step_220.msgpack
LOADED: checkpoints/eval_pools/mep_br/cramped_room5x5/baseline_seed_4_step_220.msgpack
Using alignment rollout scale: ALIGN_PAIR_BATCH_SIZE=2, ALIGN_EVAL_NUM_EPISODES=128, ALIGN_EVAL_NUM_STEPS=400
ALIGN ego[00] partner[00] R2=0.912228 NMSE=0.087772 shuffled_R2=-0.015613
ALIGN ego[00] partner[01] R2=0.946865 NMSE=0.053135 shuffled_R2=-0.015813
ALIGN ego[00] partner[02] R2=0.945218 NMSE=0.054782 shuffled_R2=-0.016381
ALIGN ego[00] partner[03] R2=0.942961 NMSE=0.057039 shuffled_R2=-0.019282
ALIGN ego[00] partner[04] R2=0.954119 NMSE=0.045881 shuffled_R2=-0.015631
ALIGN ego[01] partner[00] R2=0.949086 NMSE=0.050914 shuffled_R2=-0.018435
ALIGN ego[01] partner[01] R2=0.960804 NMSE=0.039196 shuffled_R2=-0.016335
ALIGN ego[01] partner[02] R2=0.952731 NMSE=0.047269 shuffled_R2=-0.018743
ALIGN ego[01] partner[03] R2=0.962896 NMSE=0.037104 shuffled_R2=-0.020700
ALIGN ego[01] partner[04] R2=0.964666 NMSE=0.035334 shuffled_R2=-0.017353
ALIGN ego[02] partner[00] R2=0.848907 NMSE=0.151093 shuffled_R2=-0.027287
ALIGN ego[02] partner[01] R2=0.916588 NMSE=0.083412 shuffled_R2=-0.017352
ALIGN ego[02] partner[02] R2=0.866250 NMSE=0.133750 shuffled_R2=-0.039169
ALIGN ego[02] partner[03] R2=0.943547 NMSE=0.056453 shuffled_R2=-0.018607
ALIGN ego[02] partner[04] R2=0.936523 NMSE=0.063477 shuffled_R2=-0.018740
ALIGN ego[03] partner[00] R2=0.946394 NMSE=0.053606 shuffled_R2=-0.018615
ALIGN ego[03] partner[01] R2=0.948056 NMSE=0.051944 shuffled_R2=-0.016469
ALIGN ego[03] partner[02] R2=0.896218 NMSE=0.103782 shuffled_R2=-0.040690
ALIGN ego[03] partner[03] R2=0.928610 NMSE=0.071390 shuffled_R2=-0.025793
ALIGN ego[03] partner[04] R2=0.931759 NMSE=0.068241 shuffled_R2=-0.027429
ALIGN ego[04] partner[00] R2=0.927636 NMSE=0.072364 shuffled_R2=-0.017220
ALIGN ego[04] partner[01] R2=0.940176 NMSE=0.059824 shuffled_R2=-0.017153
ALIGN ego[04] partner[02] R2=0.946490 NMSE=0.053510 shuffled_R2=-0.016317
ALIGN ego[04] partner[03] R2=0.950123 NMSE=0.049877 shuffled_R2=-0.016675
ALIGN ego[04] partner[04] R2=0.943395 NMSE=0.056605 shuffled_R2=-0.015678
Evaluating partner alignment group 2: method=pbt, prefix=checkpoints/eval_pools/pbt
LOADED: checkpoints/eval_pools/pbt/cramped_room5x5/baseline_seed_0_step_62.msgpack
LOADED: checkpoints/eval_pools/pbt/cramped_room5x5/baseline_seed_1_step_62.msgpack
LOADED: checkpoints/eval_pools/pbt/cramped_room5x5/baseline_seed_2_step_62.msgpack
LOADED: checkpoints/eval_pools/pbt/cramped_room5x5/baseline_seed_3_step_62.msgpack
LOADED: checkpoints/eval_pools/pbt/cramped_room5x5/baseline_seed_4_step_62.msgpack
Using alignment rollout scale: ALIGN_PAIR_BATCH_SIZE=2, ALIGN_EVAL_NUM_EPISODES=128, ALIGN_EVAL_NUM_STEPS=400
ALIGN ego[00] partner[00] R2=0.755810 NMSE=0.244190 shuffled_R2=-0.082712
ALIGN ego[00] partner[01] R2=0.840132 NMSE=0.159868 shuffled_R2=-0.020612
ALIGN ego[00] partner[02] R2=0.862220 NMSE=0.137780 shuffled_R2=-0.017895
ALIGN ego[00] partner[03] R2=0.780904 NMSE=0.219096 shuffled_R2=-0.064673
ALIGN ego[00] partner[04] R2=0.840186 NMSE=0.159814 shuffled_R2=-0.023373
ALIGN ego[01] partner[00] R2=0.905530 NMSE=0.094470 shuffled_R2=-0.013561
ALIGN ego[01] partner[01] R2=0.895782 NMSE=0.104218 shuffled_R2=-0.016771
ALIGN ego[01] partner[02] R2=0.545303 NMSE=0.454697 shuffled_R2=-0.124575
ALIGN ego[01] partner[03] R2=0.864064 NMSE=0.135936 shuffled_R2=-0.016618
ALIGN ego[01] partner[04] R2=0.882276 NMSE=0.117724 shuffled_R2=-0.023710
ALIGN ego[02] partner[00] R2=0.892054 NMSE=0.107946 shuffled_R2=-0.013816
ALIGN ego[02] partner[01] R2=0.862896 NMSE=0.137104 shuffled_R2=-0.015104
ALIGN ego[02] partner[02] R2=0.867159 NMSE=0.132841 shuffled_R2=-0.019848
ALIGN ego[02] partner[03] R2=0.735711 NMSE=0.264289 shuffled_R2=-0.058303
ALIGN ego[02] partner[04] R2=0.894392 NMSE=0.105608 shuffled_R2=-0.015963
ALIGN ego[03] partner[00] R2=0.869276 NMSE=0.130724 shuffled_R2=-0.017187
ALIGN ego[03] partner[01] R2=0.855441 NMSE=0.144559 shuffled_R2=-0.013994
ALIGN ego[03] partner[02] R2=0.538403 NMSE=0.461597 shuffled_R2=-0.071984
ALIGN ego[03] partner[03] R2=0.859040 NMSE=0.140960 shuffled_R2=-0.020673
ALIGN ego[03] partner[04] R2=0.847156 NMSE=0.152844 shuffled_R2=-0.017097
ALIGN ego[04] partner[00] R2=0.887667 NMSE=0.112333 shuffled_R2=-0.019640
ALIGN ego[04] partner[01] R2=0.866713 NMSE=0.133287 shuffled_R2=-0.016542
ALIGN ego[04] partner[02] R2=0.734605 NMSE=0.265395 shuffled_R2=-0.050500
ALIGN ego[04] partner[03] R2=0.889414 NMSE=0.110586 shuffled_R2=-0.018126
ALIGN ego[04] partner[04] R2=0.843118 NMSE=0.156882 shuffled_R2=-0.029497
Evaluating partner alignment group 3: method=sp, prefix=checkpoints/eval_pools/sp
LOADED: checkpoints/eval_pools/sp/cramped_room5x5/baseline_seed_0_step_220.msgpack
LOADED: checkpoints/eval_pools/sp/cramped_room5x5/baseline_seed_1_step_220.msgpack
LOADED: checkpoints/eval_pools/sp/cramped_room5x5/baseline_seed_2_step_220.msgpack
LOADED: checkpoints/eval_pools/sp/cramped_room5x5/baseline_seed_3_step_220.msgpack
LOADED: checkpoints/eval_pools/sp/cramped_room5x5/baseline_seed_4_step_220.msgpack
Using alignment rollout scale: ALIGN_PAIR_BATCH_SIZE=2, ALIGN_EVAL_NUM_EPISODES=128, ALIGN_EVAL_NUM_STEPS=400
ALIGN ego[00] partner[00] R2=0.792326 NMSE=0.207674 shuffled_R2=-0.072917
ALIGN ego[00] partner[01] R2=0.948300 NMSE=0.051700 shuffled_R2=-0.018437
ALIGN ego[00] partner[02] R2=0.939446 NMSE=0.060554 shuffled_R2=-0.017107
ALIGN ego[00] partner[03] R2=0.920166 NMSE=0.079834 shuffled_R2=-0.031797
ALIGN ego[00] partner[04] R2=0.943885 NMSE=0.056115 shuffled_R2=-0.017453
ALIGN ego[01] partner[00] R2=0.954057 NMSE=0.045943 shuffled_R2=-0.017829
ALIGN ego[01] partner[01] R2=0.956118 NMSE=0.043882 shuffled_R2=-0.015119
ALIGN ego[01] partner[02] R2=0.957633 NMSE=0.042367 shuffled_R2=-0.019506
ALIGN ego[01] partner[03] R2=0.955549 NMSE=0.044451 shuffled_R2=-0.019806
ALIGN ego[01] partner[04] R2=0.954458 NMSE=0.045542 shuffled_R2=-0.017303
ALIGN ego[02] partner[00] R2=0.906245 NMSE=0.093755 shuffled_R2=-0.019800
ALIGN ego[02] partner[01] R2=0.893069 NMSE=0.106931 shuffled_R2=-0.035072
ALIGN ego[02] partner[02] R2=0.872380 NMSE=0.127620 shuffled_R2=-0.079983
ALIGN ego[02] partner[03] R2=0.934359 NMSE=0.065641 shuffled_R2=-0.014712
ALIGN ego[02] partner[04] R2=0.951094 NMSE=0.048906 shuffled_R2=-0.014871
ALIGN ego[03] partner[00] R2=0.936865 NMSE=0.063135 shuffled_R2=-0.018684
ALIGN ego[03] partner[01] R2=0.949459 NMSE=0.050541 shuffled_R2=-0.015512
ALIGN ego[03] partner[02] R2=0.957179 NMSE=0.042821 shuffled_R2=-0.015715
ALIGN ego[03] partner[03] R2=0.863293 NMSE=0.136707 shuffled_R2=-0.049755
ALIGN ego[03] partner[04] R2=0.957400 NMSE=0.042600 shuffled_R2=-0.016368
ALIGN ego[04] partner[00] R2=0.947302 NMSE=0.052698 shuffled_R2=-0.019474
ALIGN ego[04] partner[01] R2=0.942292 NMSE=0.057708 shuffled_R2=-0.020363
ALIGN ego[04] partner[02] R2=0.957863 NMSE=0.042137 shuffled_R2=-0.018581
ALIGN ego[04] partner[03] R2=0.692200 NMSE=0.307800 shuffled_R2=-0.063854
ALIGN ego[04] partner[04] R2=0.959877 NMSE=0.040123 shuffled_R2=-0.015659
Average ego-to-partner alignment R2: 0.897617 +- 0.008093 SE over 100 ego-partner pairs
Average alignment normalized MSE: 0.102383 +- 0.008093 SE
Average shuffled-control alignment R2: -0.028561 +- 0.002362 SE
Saved alignment results to xp_partner_results/ph2v5_ablate_ego_vs_eval_pool_partner/cramped_room5x5
Evaluating XP partner matrix for ego_method=ph2v4, layout=cramped_room5x5
ego_prefix=checkpoints/ph2v4/, partner_pool_specs=e3t:checkpoints/eval_pools/e3t;mep_br:checkpoints/eval_pools/mep_br;pbt:checkpoints/eval_pools/pbt;sp:checkpoints/eval_pools/sp, result_name=ph2v4_ego_vs_eval_pool_partner, ego_perspective_transform=true
Importing submoduled environments...
Submoduled environments not found. Skipping import.
LOADED: checkpoints/ph2v4/cramped_room5x5/baseline_seed_0_step_220.msgpack
LOADED: checkpoints/ph2v4/cramped_room5x5/baseline_seed_1_step_220.msgpack
LOADED: checkpoints/ph2v4/cramped_room5x5/baseline_seed_2_step_220.msgpack
LOADED: checkpoints/ph2v4/cramped_room5x5/baseline_seed_3_step_220.msgpack
LOADED: checkpoints/ph2v4/cramped_room5x5/baseline_seed_4_step_220.msgpack
Evaluating partner group 0: method=e3t, prefix=checkpoints/eval_pools/e3t
LOADED: checkpoints/eval_pools/e3t/cramped_room5x5/baseline_seed_0_step_220.msgpack
LOADED: checkpoints/eval_pools/e3t/cramped_room5x5/baseline_seed_1_step_220.msgpack
LOADED: checkpoints/eval_pools/e3t/cramped_room5x5/baseline_seed_2_step_220.msgpack
LOADED: checkpoints/eval_pools/e3t/cramped_room5x5/baseline_seed_3_step_220.msgpack
LOADED: checkpoints/eval_pools/e3t/cramped_room5x5/baseline_seed_4_step_220.msgpack
Using XP rollout scale: XP_PAIR_BATCH_SIZE=32, EVAL_NUM_EPISODES=128, EVAL_NUM_STEPS=400
XP ego[00] partner[00] = 235.156
XP ego[00] partner[01] = 163.750
XP ego[00] partner[02] = 243.750
XP ego[00] partner[03] = 217.969
XP ego[00] partner[04] = 235.156
XP ego[01] partner[00] = 239.062
XP ego[01] partner[01] = 186.250
XP ego[01] partner[02] = 245.938
XP ego[01] partner[03] = 248.281
XP ego[01] partner[04] = 227.344
XP ego[02] partner[00] = 226.875
XP ego[02] partner[01] = 222.969
XP ego[02] partner[02] = 231.562
XP ego[02] partner[03] = 229.375
XP ego[02] partner[04] = 203.125
XP ego[03] partner[00] = 198.594
XP ego[03] partner[01] = 212.969
XP ego[03] partner[02] = 172.344
XP ego[03] partner[03] = 237.500
XP ego[03] partner[04] = 216.719
XP ego[04] partner[00] = 202.188
XP ego[04] partner[01] = 206.875
XP ego[04] partner[02] = 236.719
XP ego[04] partner[03] = 207.031
XP ego[04] partner[04] = 209.062
Evaluating partner group 1: method=mep_br, prefix=checkpoints/eval_pools/mep_br
LOADED: checkpoints/eval_pools/mep_br/cramped_room5x5/baseline_seed_0_step_220.msgpack
LOADED: checkpoints/eval_pools/mep_br/cramped_room5x5/baseline_seed_1_step_220.msgpack
LOADED: checkpoints/eval_pools/mep_br/cramped_room5x5/baseline_seed_2_step_220.msgpack
LOADED: checkpoints/eval_pools/mep_br/cramped_room5x5/baseline_seed_3_step_220.msgpack
LOADED: checkpoints/eval_pools/mep_br/cramped_room5x5/baseline_seed_4_step_220.msgpack
Using XP rollout scale: XP_PAIR_BATCH_SIZE=32, EVAL_NUM_EPISODES=128, EVAL_NUM_STEPS=400
XP ego[00] partner[00] = 199.844
XP ego[00] partner[01] = 174.844
XP ego[00] partner[02] = 184.375
XP ego[00] partner[03] = 200.938
XP ego[00] partner[04] = 215.625
XP ego[01] partner[00] = 218.125
XP ego[01] partner[01] = 240.000
XP ego[01] partner[02] = 235.469
XP ego[01] partner[03] = 241.875
XP ego[01] partner[04] = 238.125
XP ego[02] partner[00] = 226.406
XP ego[02] partner[01] = 235.781
XP ego[02] partner[02] = 237.500
XP ego[02] partner[03] = 240.156
XP ego[02] partner[04] = 224.844
XP ego[03] partner[00] = 224.375
XP ego[03] partner[01] = 230.938
XP ego[03] partner[02] = 198.125
XP ego[03] partner[03] = 226.719
XP ego[03] partner[04] = 236.719
XP ego[04] partner[00] = 209.531
XP ego[04] partner[01] = 196.562
XP ego[04] partner[02] = 215.781
XP ego[04] partner[03] = 206.094
XP ego[04] partner[04] = 207.969
Evaluating partner group 2: method=pbt, prefix=checkpoints/eval_pools/pbt
LOADED: checkpoints/eval_pools/pbt/cramped_room5x5/baseline_seed_0_step_62.msgpack
LOADED: checkpoints/eval_pools/pbt/cramped_room5x5/baseline_seed_1_step_62.msgpack
LOADED: checkpoints/eval_pools/pbt/cramped_room5x5/baseline_seed_2_step_62.msgpack
LOADED: checkpoints/eval_pools/pbt/cramped_room5x5/baseline_seed_3_step_62.msgpack
LOADED: checkpoints/eval_pools/pbt/cramped_room5x5/baseline_seed_4_step_62.msgpack
Using XP rollout scale: XP_PAIR_BATCH_SIZE=32, EVAL_NUM_EPISODES=128, EVAL_NUM_STEPS=400
XP ego[00] partner[00] = 155.156
XP ego[00] partner[01] = 200.156
XP ego[00] partner[02] = 144.844
XP ego[00] partner[03] = 168.750
XP ego[00] partner[04] = 162.344
XP ego[01] partner[00] = 238.594
XP ego[01] partner[01] = 228.594
XP ego[01] partner[02] = 237.969
XP ego[01] partner[03] = 239.844
XP ego[01] partner[04] = 236.250
XP ego[02] partner[00] = 237.969
XP ego[02] partner[01] = 243.281
XP ego[02] partner[02] = 238.594
XP ego[02] partner[03] = 239.062
XP ego[02] partner[04] = 241.094
XP ego[03] partner[00] = 230.938
XP ego[03] partner[01] = 229.844
XP ego[03] partner[02] = 232.656
XP ego[03] partner[03] = 227.188
XP ego[03] partner[04] = 234.219
XP ego[04] partner[00] = 13.438
XP ego[04] partner[01] = 15.156
XP ego[04] partner[02] = 28.281
XP ego[04] partner[03] = 120.469
XP ego[04] partner[04] = 35.938
Evaluating partner group 3: method=sp, prefix=checkpoints/eval_pools/sp
LOADED: checkpoints/eval_pools/sp/cramped_room5x5/baseline_seed_0_step_220.msgpack
LOADED: checkpoints/eval_pools/sp/cramped_room5x5/baseline_seed_1_step_220.msgpack
LOADED: checkpoints/eval_pools/sp/cramped_room5x5/baseline_seed_2_step_220.msgpack
LOADED: checkpoints/eval_pools/sp/cramped_room5x5/baseline_seed_3_step_220.msgpack
LOADED: checkpoints/eval_pools/sp/cramped_room5x5/baseline_seed_4_step_220.msgpack
Using XP rollout scale: XP_PAIR_BATCH_SIZE=32, EVAL_NUM_EPISODES=128, EVAL_NUM_STEPS=400
XP ego[00] partner[00] = 147.656
XP ego[00] partner[01] = 138.750
XP ego[00] partner[02] = 202.969
XP ego[00] partner[03] = 203.438
XP ego[00] partner[04] = 170.000
XP ego[01] partner[00] = 226.875
XP ego[01] partner[01] = 213.281
XP ego[01] partner[02] = 242.656
XP ego[01] partner[03] = 204.688
XP ego[01] partner[04] = 180.156
XP ego[02] partner[00] = 162.344
XP ego[02] partner[01] = 195.156
XP ego[02] partner[02] = 237.812
XP ego[02] partner[03] = 203.594
XP ego[02] partner[04] = 173.125
XP ego[03] partner[00] = 223.906
XP ego[03] partner[01] = 222.344
XP ego[03] partner[02] = 240.000
XP ego[03] partner[03] = 235.469
XP ego[03] partner[04] = 172.188
XP ego[04] partner[00] = 67.812
XP ego[04] partner[01] = 227.656
XP ego[04] partner[02] = 212.031
XP ego[04] partner[03] = 236.562
XP ego[04] partner[04] = 207.812
Average ego-vs-partner performance: 204.522 +- 4.847 SE over 100 ordered pairs
Average diagonal performance: 219.906 +- 9.819 SE over 5 pairs
Average off-diagonal performance (only for square pools): nan +- nan SE over 0 ordered pairs
Saved XP results to xp_partner_results/ph2v4_ego_vs_eval_pool_partner/cramped_room5x5
Saved XP heatmap to xp_partner_results/ph2v4_ego_vs_eval_pool_partner/cramped_room5x5/xp_matrix.png
Evaluating partner alignment group 0: method=e3t, prefix=checkpoints/eval_pools/e3t
LOADED: checkpoints/eval_pools/e3t/cramped_room5x5/baseline_seed_0_step_220.msgpack
LOADED: checkpoints/eval_pools/e3t/cramped_room5x5/baseline_seed_1_step_220.msgpack
LOADED: checkpoints/eval_pools/e3t/cramped_room5x5/baseline_seed_2_step_220.msgpack
LOADED: checkpoints/eval_pools/e3t/cramped_room5x5/baseline_seed_3_step_220.msgpack
LOADED: checkpoints/eval_pools/e3t/cramped_room5x5/baseline_seed_4_step_220.msgpack
Using alignment rollout scale: ALIGN_PAIR_BATCH_SIZE=2, ALIGN_EVAL_NUM_EPISODES=128, ALIGN_EVAL_NUM_STEPS=400
ALIGN ego[00] partner[00] R2=0.932074 NMSE=0.067926 shuffled_R2=-0.021579
ALIGN ego[00] partner[01] R2=0.944113 NMSE=0.055887 shuffled_R2=-0.016567
ALIGN ego[00] partner[02] R2=0.945244 NMSE=0.054756 shuffled_R2=-0.016779
ALIGN ego[00] partner[03] R2=0.860685 NMSE=0.139315 shuffled_R2=-0.066702
ALIGN ego[00] partner[04] R2=0.965556 NMSE=0.034444 shuffled_R2=-0.014371
ALIGN ego[01] partner[00] R2=0.903220 NMSE=0.096780 shuffled_R2=-0.027955
ALIGN ego[01] partner[01] R2=0.970337 NMSE=0.029663 shuffled_R2=-0.016123
ALIGN ego[01] partner[02] R2=0.943704 NMSE=0.056296 shuffled_R2=-0.019491
ALIGN ego[01] partner[03] R2=0.953835 NMSE=0.046165 shuffled_R2=-0.016765
ALIGN ego[01] partner[04] R2=0.956821 NMSE=0.043179 shuffled_R2=-0.017413
ALIGN ego[02] partner[00] R2=0.930527 NMSE=0.069473 shuffled_R2=-0.019769
ALIGN ego[02] partner[01] R2=0.956011 NMSE=0.043989 shuffled_R2=-0.015625
ALIGN ego[02] partner[02] R2=0.930960 NMSE=0.069040 shuffled_R2=-0.019921
ALIGN ego[02] partner[03] R2=0.903813 NMSE=0.096187 shuffled_R2=-0.027598
ALIGN ego[02] partner[04] R2=0.945883 NMSE=0.054117 shuffled_R2=-0.022571
ALIGN ego[03] partner[00] R2=0.942513 NMSE=0.057487 shuffled_R2=-0.017441
ALIGN ego[03] partner[01] R2=0.956105 NMSE=0.043895 shuffled_R2=-0.017462
ALIGN ego[03] partner[02] R2=0.942429 NMSE=0.057571 shuffled_R2=-0.028022
ALIGN ego[03] partner[03] R2=0.938246 NMSE=0.061754 shuffled_R2=-0.016880
ALIGN ego[03] partner[04] R2=0.946223 NMSE=0.053777 shuffled_R2=-0.015402
ALIGN ego[04] partner[00] R2=0.931278 NMSE=0.068722 shuffled_R2=-0.022739
ALIGN ego[04] partner[01] R2=0.942371 NMSE=0.057629 shuffled_R2=-0.014904
ALIGN ego[04] partner[02] R2=0.939247 NMSE=0.060753 shuffled_R2=-0.015527
ALIGN ego[04] partner[03] R2=0.946516 NMSE=0.053484 shuffled_R2=-0.016816
ALIGN ego[04] partner[04] R2=0.947411 NMSE=0.052589 shuffled_R2=-0.016557
Evaluating partner alignment group 1: method=mep_br, prefix=checkpoints/eval_pools/mep_br
LOADED: checkpoints/eval_pools/mep_br/cramped_room5x5/baseline_seed_0_step_220.msgpack
LOADED: checkpoints/eval_pools/mep_br/cramped_room5x5/baseline_seed_1_step_220.msgpack
LOADED: checkpoints/eval_pools/mep_br/cramped_room5x5/baseline_seed_2_step_220.msgpack
LOADED: checkpoints/eval_pools/mep_br/cramped_room5x5/baseline_seed_3_step_220.msgpack
LOADED: checkpoints/eval_pools/mep_br/cramped_room5x5/baseline_seed_4_step_220.msgpack
Using alignment rollout scale: ALIGN_PAIR_BATCH_SIZE=2, ALIGN_EVAL_NUM_EPISODES=128, ALIGN_EVAL_NUM_STEPS=400
ALIGN ego[00] partner[00] R2=0.906621 NMSE=0.093379 shuffled_R2=-0.018496
ALIGN ego[00] partner[01] R2=0.945353 NMSE=0.054647 shuffled_R2=-0.018319
ALIGN ego[00] partner[02] R2=0.949007 NMSE=0.050993 shuffled_R2=-0.016085
ALIGN ego[00] partner[03] R2=0.951282 NMSE=0.048718 shuffled_R2=-0.017993
ALIGN ego[00] partner[04] R2=0.953975 NMSE=0.046025 shuffled_R2=-0.019157
ALIGN ego[01] partner[00] R2=0.955090 NMSE=0.044910 shuffled_R2=-0.019331
ALIGN ego[01] partner[01] R2=0.907116 NMSE=0.092884 shuffled_R2=-0.032243
ALIGN ego[01] partner[02] R2=0.958875 NMSE=0.041125 shuffled_R2=-0.016339
ALIGN ego[01] partner[03] R2=0.964379 NMSE=0.035621 shuffled_R2=-0.016010
ALIGN ego[01] partner[04] R2=0.948763 NMSE=0.051237 shuffled_R2=-0.022150
ALIGN ego[02] partner[00] R2=0.919395 NMSE=0.080605 shuffled_R2=-0.024576
ALIGN ego[02] partner[01] R2=0.959343 NMSE=0.040657 shuffled_R2=-0.015065
ALIGN ego[02] partner[02] R2=0.944037 NMSE=0.055963 shuffled_R2=-0.021846
ALIGN ego[02] partner[03] R2=0.937539 NMSE=0.062461 shuffled_R2=-0.020298
ALIGN ego[02] partner[04] R2=0.618943 NMSE=0.381057 shuffled_R2=-0.127339
ALIGN ego[03] partner[00] R2=0.922404 NMSE=0.077596 shuffled_R2=-0.025970
ALIGN ego[03] partner[01] R2=0.949570 NMSE=0.050430 shuffled_R2=-0.016088
ALIGN ego[03] partner[02] R2=0.956625 NMSE=0.043375 shuffled_R2=-0.016960
ALIGN ego[03] partner[03] R2=0.951064 NMSE=0.048936 shuffled_R2=-0.019016
ALIGN ego[03] partner[04] R2=0.948362 NMSE=0.051638 shuffled_R2=-0.019798
ALIGN ego[04] partner[00] R2=0.931968 NMSE=0.068032 shuffled_R2=-0.016616
ALIGN ego[04] partner[01] R2=0.959923 NMSE=0.040077 shuffled_R2=-0.013993
ALIGN ego[04] partner[02] R2=0.941531 NMSE=0.058469 shuffled_R2=-0.015981
ALIGN ego[04] partner[03] R2=0.920430 NMSE=0.079570 shuffled_R2=-0.022529
ALIGN ego[04] partner[04] R2=0.954330 NMSE=0.045670 shuffled_R2=-0.018174
Evaluating partner alignment group 2: method=pbt, prefix=checkpoints/eval_pools/pbt
LOADED: checkpoints/eval_pools/pbt/cramped_room5x5/baseline_seed_0_step_62.msgpack
LOADED: checkpoints/eval_pools/pbt/cramped_room5x5/baseline_seed_1_step_62.msgpack
LOADED: checkpoints/eval_pools/pbt/cramped_room5x5/baseline_seed_2_step_62.msgpack
LOADED: checkpoints/eval_pools/pbt/cramped_room5x5/baseline_seed_3_step_62.msgpack
LOADED: checkpoints/eval_pools/pbt/cramped_room5x5/baseline_seed_4_step_62.msgpack
Using alignment rollout scale: ALIGN_PAIR_BATCH_SIZE=2, ALIGN_EVAL_NUM_EPISODES=128, ALIGN_EVAL_NUM_STEPS=400
ALIGN ego[00] partner[00] R2=0.516563 NMSE=0.483437 shuffled_R2=-0.085284
ALIGN ego[00] partner[01] R2=0.858002 NMSE=0.141998 shuffled_R2=-0.020667
ALIGN ego[00] partner[02] R2=0.885850 NMSE=0.114150 shuffled_R2=-0.016673
ALIGN ego[00] partner[03] R2=0.890544 NMSE=0.109456 shuffled_R2=-0.014525
ALIGN ego[00] partner[04] R2=0.740809 NMSE=0.259191 shuffled_R2=-0.043960
ALIGN ego[01] partner[00] R2=0.884499 NMSE=0.115501 shuffled_R2=-0.016145
ALIGN ego[01] partner[01] R2=0.893887 NMSE=0.106113 shuffled_R2=-0.017162
ALIGN ego[01] partner[02] R2=0.873577 NMSE=0.126423 shuffled_R2=-0.016295
ALIGN ego[01] partner[03] R2=0.866355 NMSE=0.133645 shuffled_R2=-0.017687
ALIGN ego[01] partner[04] R2=0.891845 NMSE=0.108155 shuffled_R2=-0.018337
ALIGN ego[02] partner[00] R2=0.874358 NMSE=0.125642 shuffled_R2=-0.017209
ALIGN ego[02] partner[01] R2=0.838845 NMSE=0.161155 shuffled_R2=-0.017586
ALIGN ego[02] partner[02] R2=0.782539 NMSE=0.217461 shuffled_R2=-0.033280
ALIGN ego[02] partner[03] R2=0.845923 NMSE=0.154077 shuffled_R2=-0.039021
ALIGN ego[02] partner[04] R2=0.889285 NMSE=0.110715 shuffled_R2=-0.013117
ALIGN ego[03] partner[00] R2=0.852001 NMSE=0.147999 shuffled_R2=-0.021078
ALIGN ego[03] partner[01] R2=0.838129 NMSE=0.161871 shuffled_R2=-0.019312
ALIGN ego[03] partner[02] R2=0.721481 NMSE=0.278519 shuffled_R2=-0.081191
ALIGN ego[03] partner[03] R2=0.877799 NMSE=0.122201 shuffled_R2=-0.015928
ALIGN ego[03] partner[04] R2=0.859893 NMSE=0.140107 shuffled_R2=-0.020283
ALIGN ego[04] partner[00] R2=0.888411 NMSE=0.111589 shuffled_R2=-0.016386
ALIGN ego[04] partner[01] R2=0.768172 NMSE=0.231828 shuffled_R2=-0.034100
ALIGN ego[04] partner[02] R2=0.815211 NMSE=0.184789 shuffled_R2=-0.012319
ALIGN ego[04] partner[03] R2=0.856403 NMSE=0.143597 shuffled_R2=-0.037876
ALIGN ego[04] partner[04] R2=0.857057 NMSE=0.142943 shuffled_R2=-0.021078
Evaluating partner alignment group 3: method=sp, prefix=checkpoints/eval_pools/sp
LOADED: checkpoints/eval_pools/sp/cramped_room5x5/baseline_seed_0_step_220.msgpack
LOADED: checkpoints/eval_pools/sp/cramped_room5x5/baseline_seed_1_step_220.msgpack
LOADED: checkpoints/eval_pools/sp/cramped_room5x5/baseline_seed_2_step_220.msgpack
LOADED: checkpoints/eval_pools/sp/cramped_room5x5/baseline_seed_3_step_220.msgpack
LOADED: checkpoints/eval_pools/sp/cramped_room5x5/baseline_seed_4_step_220.msgpack
Using alignment rollout scale: ALIGN_PAIR_BATCH_SIZE=2, ALIGN_EVAL_NUM_EPISODES=128, ALIGN_EVAL_NUM_STEPS=400
ALIGN ego[00] partner[00] R2=0.899532 NMSE=0.100468 shuffled_R2=-0.032489
ALIGN ego[00] partner[01] R2=0.961600 NMSE=0.038400 shuffled_R2=-0.017600
ALIGN ego[00] partner[02] R2=0.971325 NMSE=0.028675 shuffled_R2=-0.016911
ALIGN ego[00] partner[03] R2=0.893242 NMSE=0.106758 shuffled_R2=-0.037543
ALIGN ego[00] partner[04] R2=0.935827 NMSE=0.064173 shuffled_R2=-0.022108
ALIGN ego[01] partner[00] R2=0.943467 NMSE=0.056533 shuffled_R2=-0.016818
ALIGN ego[01] partner[01] R2=0.959058 NMSE=0.040942 shuffled_R2=-0.014520
ALIGN ego[01] partner[02] R2=0.957562 NMSE=0.042438 shuffled_R2=-0.015626
ALIGN ego[01] partner[03] R2=0.953164 NMSE=0.046836 shuffled_R2=-0.018279
ALIGN ego[01] partner[04] R2=0.965431 NMSE=0.034569 shuffled_R2=-0.018598
ALIGN ego[02] partner[00] R2=0.851936 NMSE=0.148064 shuffled_R2=-0.038040
ALIGN ego[02] partner[01] R2=0.960035 NMSE=0.039965 shuffled_R2=-0.017134
ALIGN ego[02] partner[02] R2=0.926638 NMSE=0.073362 shuffled_R2=-0.018756
ALIGN ego[02] partner[03] R2=0.945077 NMSE=0.054923 shuffled_R2=-0.018103
ALIGN ego[02] partner[04] R2=0.935676 NMSE=0.064324 shuffled_R2=-0.020836
ALIGN ego[03] partner[00] R2=0.943687 NMSE=0.056313 shuffled_R2=-0.016203
ALIGN ego[03] partner[01] R2=0.863963 NMSE=0.136037 shuffled_R2=-0.076465
ALIGN ego[03] partner[02] R2=0.937287 NMSE=0.062713 shuffled_R2=-0.023635
ALIGN ego[03] partner[03] R2=0.922990 NMSE=0.077010 shuffled_R2=-0.024430
ALIGN ego[03] partner[04] R2=0.959889 NMSE=0.040111 shuffled_R2=-0.017502
ALIGN ego[04] partner[00] R2=0.693761 NMSE=0.306239 shuffled_R2=-0.212534
ALIGN ego[04] partner[01] R2=0.943922 NMSE=0.056078 shuffled_R2=-0.017929
ALIGN ego[04] partner[02] R2=0.952042 NMSE=0.047958 shuffled_R2=-0.015957
ALIGN ego[04] partner[03] R2=0.943333 NMSE=0.056667 shuffled_R2=-0.015092
ALIGN ego[04] partner[04] R2=0.960487 NMSE=0.039513 shuffled_R2=-0.015823
Average ego-to-partner alignment R2: 0.907794 +- 0.007371 SE over 100 ego-partner pairs
Average alignment normalized MSE: 0.092206 +- 0.007371 SE
Average shuffled-control alignment R2: -0.025368 +- 0.002518 SE
Saved alignment results to xp_partner_results/ph2v4_ego_vs_eval_pool_partner/cramped_room5x5
Evaluating XP partner matrix for ego_method=ph2v4_ablate, layout=cramped_room5x5
ego_prefix=checkpoints/ph2v4_ablate/, partner_pool_specs=e3t:checkpoints/eval_pools/e3t;mep_br:checkpoints/eval_pools/mep_br;pbt:checkpoints/eval_pools/pbt;sp:checkpoints/eval_pools/sp, result_name=ph2v4_ablate_ego_vs_eval_pool_partner, ego_perspective_transform=false
Importing submoduled environments...
Submoduled environments not found. Skipping import.
LOADED: checkpoints/ph2v4_ablate/cramped_room5x5/baseline_seed_0_step_220.msgpack
LOADED: checkpoints/ph2v4_ablate/cramped_room5x5/baseline_seed_1_step_220.msgpack
LOADED: checkpoints/ph2v4_ablate/cramped_room5x5/baseline_seed_2_step_220.msgpack
LOADED: checkpoints/ph2v4_ablate/cramped_room5x5/baseline_seed_3_step_220.msgpack
LOADED: checkpoints/ph2v4_ablate/cramped_room5x5/baseline_seed_4_step_220.msgpack
Evaluating partner group 0: method=e3t, prefix=checkpoints/eval_pools/e3t
LOADED: checkpoints/eval_pools/e3t/cramped_room5x5/baseline_seed_0_step_220.msgpack
LOADED: checkpoints/eval_pools/e3t/cramped_room5x5/baseline_seed_1_step_220.msgpack
LOADED: checkpoints/eval_pools/e3t/cramped_room5x5/baseline_seed_2_step_220.msgpack
LOADED: checkpoints/eval_pools/e3t/cramped_room5x5/baseline_seed_3_step_220.msgpack
LOADED: checkpoints/eval_pools/e3t/cramped_room5x5/baseline_seed_4_step_220.msgpack
Using XP rollout scale: XP_PAIR_BATCH_SIZE=32, EVAL_NUM_EPISODES=128, EVAL_NUM_STEPS=400
XP ego[00] partner[00] = 216.719
XP ego[00] partner[01] = 132.344
XP ego[00] partner[02] = 237.969
XP ego[00] partner[03] = 238.906
XP ego[00] partner[04] = 205.312
XP ego[01] partner[00] = 214.062
XP ego[01] partner[01] = 227.344
XP ego[01] partner[02] = 247.656
XP ego[01] partner[03] = 223.594
XP ego[01] partner[04] = 189.844
XP ego[02] partner[00] = 213.125
XP ego[02] partner[01] = 216.250
XP ego[02] partner[02] = 219.688
XP ego[02] partner[03] = 218.281
XP ego[02] partner[04] = 235.156
XP ego[03] partner[00] = 212.344
XP ego[03] partner[01] = 192.031
XP ego[03] partner[02] = 226.719
XP ego[03] partner[03] = 172.188
XP ego[03] partner[04] = 215.625
XP ego[04] partner[00] = 237.500
XP ego[04] partner[01] = 174.219
XP ego[04] partner[02] = 145.469
XP ego[04] partner[03] = 230.000
XP ego[04] partner[04] = 219.375
Evaluating partner group 1: method=mep_br, prefix=checkpoints/eval_pools/mep_br
LOADED: checkpoints/eval_pools/mep_br/cramped_room5x5/baseline_seed_0_step_220.msgpack
LOADED: checkpoints/eval_pools/mep_br/cramped_room5x5/baseline_seed_1_step_220.msgpack
LOADED: checkpoints/eval_pools/mep_br/cramped_room5x5/baseline_seed_2_step_220.msgpack
LOADED: checkpoints/eval_pools/mep_br/cramped_room5x5/baseline_seed_3_step_220.msgpack
LOADED: checkpoints/eval_pools/mep_br/cramped_room5x5/baseline_seed_4_step_220.msgpack
Using XP rollout scale: XP_PAIR_BATCH_SIZE=32, EVAL_NUM_EPISODES=128, EVAL_NUM_STEPS=400
XP ego[00] partner[00] = 201.562
XP ego[00] partner[01] = 237.344
XP ego[00] partner[02] = 192.500
XP ego[00] partner[03] = 162.188
XP ego[00] partner[04] = 132.188
XP ego[01] partner[00] = 153.594
XP ego[01] partner[01] = 205.312
XP ego[01] partner[02] = 213.281
XP ego[01] partner[03] = 228.906
XP ego[01] partner[04] = 225.625
XP ego[02] partner[00] = 209.844
XP ego[02] partner[01] = 215.000
XP ego[02] partner[02] = 207.031
XP ego[02] partner[03] = 194.531
XP ego[02] partner[04] = 219.062
XP ego[03] partner[00] = 215.781
XP ego[03] partner[01] = 233.906
XP ego[03] partner[02] = 200.469
XP ego[03] partner[03] = 205.938
XP ego[03] partner[04] = 220.938
XP ego[04] partner[00] = 177.031
XP ego[04] partner[01] = 235.625
XP ego[04] partner[02] = 210.000
XP ego[04] partner[03] = 227.969
XP ego[04] partner[04] = 223.438
Evaluating partner group 2: method=pbt, prefix=checkpoints/eval_pools/pbt
LOADED: checkpoints/eval_pools/pbt/cramped_room5x5/baseline_seed_0_step_62.msgpack
LOADED: checkpoints/eval_pools/pbt/cramped_room5x5/baseline_seed_1_step_62.msgpack
LOADED: checkpoints/eval_pools/pbt/cramped_room5x5/baseline_seed_2_step_62.msgpack
LOADED: checkpoints/eval_pools/pbt/cramped_room5x5/baseline_seed_3_step_62.msgpack
LOADED: checkpoints/eval_pools/pbt/cramped_room5x5/baseline_seed_4_step_62.msgpack
Using XP rollout scale: XP_PAIR_BATCH_SIZE=32, EVAL_NUM_EPISODES=128, EVAL_NUM_STEPS=400
XP ego[00] partner[00] = 50.156
XP ego[00] partner[01] = 62.812
XP ego[00] partner[02] = 23.438
XP ego[00] partner[03] = 55.156
XP ego[00] partner[04] = 44.531
XP ego[01] partner[00] = 141.562
XP ego[01] partner[01] = 135.156
XP ego[01] partner[02] = 148.281
XP ego[01] partner[03] = 138.906
XP ego[01] partner[04] = 141.094
XP ego[02] partner[00] = 230.156
XP ego[02] partner[01] = 229.844
XP ego[02] partner[02] = 227.656
XP ego[02] partner[03] = 235.469
XP ego[02] partner[04] = 229.688
XP ego[03] partner[00] = 212.031
XP ego[03] partner[01] = 214.062
XP ego[03] partner[02] = 212.656
XP ego[03] partner[03] = 237.969
XP ego[03] partner[04] = 233.906
XP ego[04] partner[00] = 227.031
XP ego[04] partner[01] = 230.000
XP ego[04] partner[02] = 230.469
XP ego[04] partner[03] = 226.562
XP ego[04] partner[04] = 226.719
Evaluating partner group 3: method=sp, prefix=checkpoints/eval_pools/sp
LOADED: checkpoints/eval_pools/sp/cramped_room5x5/baseline_seed_0_step_220.msgpack
LOADED: checkpoints/eval_pools/sp/cramped_room5x5/baseline_seed_1_step_220.msgpack
LOADED: checkpoints/eval_pools/sp/cramped_room5x5/baseline_seed_2_step_220.msgpack
LOADED: checkpoints/eval_pools/sp/cramped_room5x5/baseline_seed_3_step_220.msgpack
LOADED: checkpoints/eval_pools/sp/cramped_room5x5/baseline_seed_4_step_220.msgpack
Using XP rollout scale: XP_PAIR_BATCH_SIZE=32, EVAL_NUM_EPISODES=128, EVAL_NUM_STEPS=400
XP ego[00] partner[00] = 178.125
XP ego[00] partner[01] = 212.812
XP ego[00] partner[02] = 220.625
XP ego[00] partner[03] = 239.375
XP ego[00] partner[04] = 182.031
XP ego[01] partner[00] = 226.094
XP ego[01] partner[01] = 194.688
XP ego[01] partner[02] = 218.281
XP ego[01] partner[03] = 232.344
XP ego[01] partner[04] = 222.344
XP ego[02] partner[00] = 206.562
XP ego[02] partner[01] = 207.812
XP ego[02] partner[02] = 220.469
XP ego[02] partner[03] = 220.156
XP ego[02] partner[04] = 230.000
XP ego[03] partner[00] = 220.312
XP ego[03] partner[01] = 208.594
XP ego[03] partner[02] = 182.188
XP ego[03] partner[03] = 227.656
XP ego[03] partner[04] = 225.312
XP ego[04] partner[00] = 222.812
XP ego[04] partner[01] = 218.281
XP ego[04] partner[02] = 228.594
XP ego[04] partner[03] = 230.625
XP ego[04] partner[04] = 217.500
Average ego-vs-partner performance: 201.497 +- 4.480 SE over 100 ordered pairs
Average diagonal performance: 211.062 +- 9.879 SE over 5 pairs
Average off-diagonal performance (only for square pools): nan +- nan SE over 0 ordered pairs
Saved XP results to xp_partner_results/ph2v4_ablate_ego_vs_eval_pool_partner/cramped_room5x5
Saved XP heatmap to xp_partner_results/ph2v4_ablate_ego_vs_eval_pool_partner/cramped_room5x5/xp_matrix.png
Evaluating partner alignment group 0: method=e3t, prefix=checkpoints/eval_pools/e3t
LOADED: checkpoints/eval_pools/e3t/cramped_room5x5/baseline_seed_0_step_220.msgpack
LOADED: checkpoints/eval_pools/e3t/cramped_room5x5/baseline_seed_1_step_220.msgpack
LOADED: checkpoints/eval_pools/e3t/cramped_room5x5/baseline_seed_2_step_220.msgpack
LOADED: checkpoints/eval_pools/e3t/cramped_room5x5/baseline_seed_3_step_220.msgpack
LOADED: checkpoints/eval_pools/e3t/cramped_room5x5/baseline_seed_4_step_220.msgpack
Using alignment rollout scale: ALIGN_PAIR_BATCH_SIZE=2, ALIGN_EVAL_NUM_EPISODES=128, ALIGN_EVAL_NUM_STEPS=400
ALIGN ego[00] partner[00] R2=0.944876 NMSE=0.055124 shuffled_R2=-0.022363
ALIGN ego[00] partner[01] R2=0.962123 NMSE=0.037877 shuffled_R2=-0.015427
ALIGN ego[00] partner[02] R2=0.957239 NMSE=0.042761 shuffled_R2=-0.015858
ALIGN ego[00] partner[03] R2=0.942006 NMSE=0.057994 shuffled_R2=-0.020094
ALIGN ego[00] partner[04] R2=0.929643 NMSE=0.070357 shuffled_R2=-0.028029
ALIGN ego[01] partner[00] R2=0.892545 NMSE=0.107455 shuffled_R2=-0.038518
ALIGN ego[01] partner[01] R2=0.959133 NMSE=0.040867 shuffled_R2=-0.021251
ALIGN ego[01] partner[02] R2=0.953839 NMSE=0.046161 shuffled_R2=-0.022498
ALIGN ego[01] partner[03] R2=0.934182 NMSE=0.065818 shuffled_R2=-0.026729
ALIGN ego[01] partner[04] R2=0.956396 NMSE=0.043604 shuffled_R2=-0.018458
ALIGN ego[02] partner[00] R2=0.930444 NMSE=0.069556 shuffled_R2=-0.018036
ALIGN ego[02] partner[01] R2=0.934975 NMSE=0.065025 shuffled_R2=-0.021349
ALIGN ego[02] partner[02] R2=0.924312 NMSE=0.075688 shuffled_R2=-0.022461
ALIGN ego[02] partner[03] R2=0.664084 NMSE=0.335916 shuffled_R2=-0.065470
ALIGN ego[02] partner[04] R2=0.946834 NMSE=0.053166 shuffled_R2=-0.017880
ALIGN ego[03] partner[00] R2=0.944660 NMSE=0.055340 shuffled_R2=-0.017455
ALIGN ego[03] partner[01] R2=0.886117 NMSE=0.113883 shuffled_R2=-0.078425
ALIGN ego[03] partner[02] R2=0.919245 NMSE=0.080755 shuffled_R2=-0.028611
ALIGN ego[03] partner[03] R2=0.929862 NMSE=0.070138 shuffled_R2=-0.021932
ALIGN ego[03] partner[04] R2=0.835093 NMSE=0.164907 shuffled_R2=-0.069060
ALIGN ego[04] partner[00] R2=0.941857 NMSE=0.058143 shuffled_R2=-0.017046
ALIGN ego[04] partner[01] R2=0.819393 NMSE=0.180607 shuffled_R2=-0.041873
ALIGN ego[04] partner[02] R2=0.944638 NMSE=0.055362 shuffled_R2=-0.019799
ALIGN ego[04] partner[03] R2=0.942847 NMSE=0.057153 shuffled_R2=-0.019932
ALIGN ego[04] partner[04] R2=0.952074 NMSE=0.047926 shuffled_R2=-0.017722
Evaluating partner alignment group 1: method=mep_br, prefix=checkpoints/eval_pools/mep_br
LOADED: checkpoints/eval_pools/mep_br/cramped_room5x5/baseline_seed_0_step_220.msgpack
LOADED: checkpoints/eval_pools/mep_br/cramped_room5x5/baseline_seed_1_step_220.msgpack
LOADED: checkpoints/eval_pools/mep_br/cramped_room5x5/baseline_seed_2_step_220.msgpack
LOADED: checkpoints/eval_pools/mep_br/cramped_room5x5/baseline_seed_3_step_220.msgpack
LOADED: checkpoints/eval_pools/mep_br/cramped_room5x5/baseline_seed_4_step_220.msgpack
Using alignment rollout scale: ALIGN_PAIR_BATCH_SIZE=2, ALIGN_EVAL_NUM_EPISODES=128, ALIGN_EVAL_NUM_STEPS=400
ALIGN ego[00] partner[00] R2=0.943704 NMSE=0.056296 shuffled_R2=-0.017310
ALIGN ego[00] partner[01] R2=0.943884 NMSE=0.056116 shuffled_R2=-0.022471
ALIGN ego[00] partner[02] R2=0.941213 NMSE=0.058787 shuffled_R2=-0.016045
ALIGN ego[00] partner[03] R2=0.936844 NMSE=0.063156 shuffled_R2=-0.037281
ALIGN ego[00] partner[04] R2=0.971068 NMSE=0.028932 shuffled_R2=-0.018845
ALIGN ego[01] partner[00] R2=0.941812 NMSE=0.058188 shuffled_R2=-0.014916
ALIGN ego[01] partner[01] R2=0.939118 NMSE=0.060882 shuffled_R2=-0.017476
ALIGN ego[01] partner[02] R2=0.952838 NMSE=0.047162 shuffled_R2=-0.020563
ALIGN ego[01] partner[03] R2=0.957307 NMSE=0.042693 shuffled_R2=-0.017840
ALIGN ego[01] partner[04] R2=0.953087 NMSE=0.046913 shuffled_R2=-0.016409
ALIGN ego[02] partner[00] R2=0.908811 NMSE=0.091189 shuffled_R2=-0.018693
ALIGN ego[02] partner[01] R2=0.949530 NMSE=0.050470 shuffled_R2=-0.017066
ALIGN ego[02] partner[02] R2=0.952552 NMSE=0.047448 shuffled_R2=-0.019583
ALIGN ego[02] partner[03] R2=0.875758 NMSE=0.124242 shuffled_R2=-0.054361
ALIGN ego[02] partner[04] R2=0.950324 NMSE=0.049676 shuffled_R2=-0.015088
ALIGN ego[03] partner[00] R2=0.812855 NMSE=0.187145 shuffled_R2=-0.031482
ALIGN ego[03] partner[01] R2=0.960706 NMSE=0.039294 shuffled_R2=-0.013818
ALIGN ego[03] partner[02] R2=0.948190 NMSE=0.051810 shuffled_R2=-0.013927
ALIGN ego[03] partner[03] R2=0.964924 NMSE=0.035076 shuffled_R2=-0.016830
ALIGN ego[03] partner[04] R2=0.886236 NMSE=0.113764 shuffled_R2=-0.041745
ALIGN ego[04] partner[00] R2=0.916442 NMSE=0.083558 shuffled_R2=-0.014698
ALIGN ego[04] partner[01] R2=0.948961 NMSE=0.051039 shuffled_R2=-0.017190
ALIGN ego[04] partner[02] R2=0.951870 NMSE=0.048130 shuffled_R2=-0.017679
ALIGN ego[04] partner[03] R2=0.951158 NMSE=0.048842 shuffled_R2=-0.017122
ALIGN ego[04] partner[04] R2=0.958503 NMSE=0.041497 shuffled_R2=-0.017346
Evaluating partner alignment group 2: method=pbt, prefix=checkpoints/eval_pools/pbt
LOADED: checkpoints/eval_pools/pbt/cramped_room5x5/baseline_seed_0_step_62.msgpack
LOADED: checkpoints/eval_pools/pbt/cramped_room5x5/baseline_seed_1_step_62.msgpack
LOADED: checkpoints/eval_pools/pbt/cramped_room5x5/baseline_seed_2_step_62.msgpack
LOADED: checkpoints/eval_pools/pbt/cramped_room5x5/baseline_seed_3_step_62.msgpack
LOADED: checkpoints/eval_pools/pbt/cramped_room5x5/baseline_seed_4_step_62.msgpack
Using alignment rollout scale: ALIGN_PAIR_BATCH_SIZE=2, ALIGN_EVAL_NUM_EPISODES=128, ALIGN_EVAL_NUM_STEPS=400
ALIGN ego[00] partner[00] R2=0.879507 NMSE=0.120493 shuffled_R2=-0.022357
ALIGN ego[00] partner[01] R2=0.864736 NMSE=0.135264 shuffled_R2=-0.022220
ALIGN ego[00] partner[02] R2=0.871503 NMSE=0.128497 shuffled_R2=-0.017280
ALIGN ego[00] partner[03] R2=0.873135 NMSE=0.126865 shuffled_R2=-0.015371
ALIGN ego[00] partner[04] R2=0.869575 NMSE=0.130425 shuffled_R2=-0.018036
ALIGN ego[01] partner[00] R2=0.895036 NMSE=0.104964 shuffled_R2=-0.018401
ALIGN ego[01] partner[01] R2=0.883198 NMSE=0.116802 shuffled_R2=-0.018924
ALIGN ego[01] partner[02] R2=0.690571 NMSE=0.309429 shuffled_R2=-0.180452
ALIGN ego[01] partner[03] R2=0.879688 NMSE=0.120312 shuffled_R2=-0.014911
ALIGN ego[01] partner[04] R2=0.896179 NMSE=0.103821 shuffled_R2=-0.020965
ALIGN ego[02] partner[00] R2=0.887913 NMSE=0.112087 shuffled_R2=-0.015486
ALIGN ego[02] partner[01] R2=0.854838 NMSE=0.145162 shuffled_R2=-0.015304
ALIGN ego[02] partner[02] R2=0.789320 NMSE=0.210680 shuffled_R2=-0.035775
ALIGN ego[02] partner[03] R2=0.800304 NMSE=0.199696 shuffled_R2=-0.030750
ALIGN ego[02] partner[04] R2=0.889788 NMSE=0.110212 shuffled_R2=-0.016024
ALIGN ego[03] partner[00] R2=0.880218 NMSE=0.119782 shuffled_R2=-0.017269
ALIGN ego[03] partner[01] R2=0.890143 NMSE=0.109857 shuffled_R2=-0.017098
ALIGN ego[03] partner[02] R2=0.900292 NMSE=0.099708 shuffled_R2=-0.014799
ALIGN ego[03] partner[03] R2=0.889568 NMSE=0.110432 shuffled_R2=-0.014491
ALIGN ego[03] partner[04] R2=0.862718 NMSE=0.137282 shuffled_R2=-0.018439
ALIGN ego[04] partner[00] R2=0.751634 NMSE=0.248366 shuffled_R2=-0.035641
ALIGN ego[04] partner[01] R2=0.882376 NMSE=0.117624 shuffled_R2=-0.014646
ALIGN ego[04] partner[02] R2=0.835082 NMSE=0.164918 shuffled_R2=-0.028700
ALIGN ego[04] partner[03] R2=0.902797 NMSE=0.097203 shuffled_R2=-0.015820
ALIGN ego[04] partner[04] R2=0.886457 NMSE=0.113543 shuffled_R2=-0.013933
Evaluating partner alignment group 3: method=sp, prefix=checkpoints/eval_pools/sp
LOADED: checkpoints/eval_pools/sp/cramped_room5x5/baseline_seed_0_step_220.msgpack
LOADED: checkpoints/eval_pools/sp/cramped_room5x5/baseline_seed_1_step_220.msgpack
LOADED: checkpoints/eval_pools/sp/cramped_room5x5/baseline_seed_2_step_220.msgpack
LOADED: checkpoints/eval_pools/sp/cramped_room5x5/baseline_seed_3_step_220.msgpack
LOADED: checkpoints/eval_pools/sp/cramped_room5x5/baseline_seed_4_step_220.msgpack
Using alignment rollout scale: ALIGN_PAIR_BATCH_SIZE=2, ALIGN_EVAL_NUM_EPISODES=128, ALIGN_EVAL_NUM_STEPS=400
ALIGN ego[00] partner[00] R2=0.876513 NMSE=0.123487 shuffled_R2=-0.043519
ALIGN ego[00] partner[01] R2=0.966546 NMSE=0.033454 shuffled_R2=-0.015074
ALIGN ego[00] partner[02] R2=0.970281 NMSE=0.029719 shuffled_R2=-0.016516
ALIGN ego[00] partner[03] R2=0.957085 NMSE=0.042915 shuffled_R2=-0.017624
ALIGN ego[00] partner[04] R2=0.963234 NMSE=0.036766 shuffled_R2=-0.016796
ALIGN ego[01] partner[00] R2=0.939178 NMSE=0.060822 shuffled_R2=-0.022873
ALIGN ego[01] partner[01] R2=0.957614 NMSE=0.042386 shuffled_R2=-0.017392
ALIGN ego[01] partner[02] R2=0.954949 NMSE=0.045051 shuffled_R2=-0.018114
ALIGN ego[01] partner[03] R2=0.942537 NMSE=0.057463 shuffled_R2=-0.018891
ALIGN ego[01] partner[04] R2=0.959034 NMSE=0.040966 shuffled_R2=-0.020871
ALIGN ego[02] partner[00] R2=0.928262 NMSE=0.071738 shuffled_R2=-0.022285
ALIGN ego[02] partner[01] R2=0.958655 NMSE=0.041345 shuffled_R2=-0.017257
ALIGN ego[02] partner[02] R2=0.951639 NMSE=0.048361 shuffled_R2=-0.018507
ALIGN ego[02] partner[03] R2=0.919436 NMSE=0.080564 shuffled_R2=-0.018295
ALIGN ego[02] partner[04] R2=0.967322 NMSE=0.032678 shuffled_R2=-0.017487
ALIGN ego[03] partner[00] R2=0.946172 NMSE=0.053828 shuffled_R2=-0.018733
ALIGN ego[03] partner[01] R2=0.963119 NMSE=0.036881 shuffled_R2=-0.016215
ALIGN ego[03] partner[02] R2=0.969297 NMSE=0.030703 shuffled_R2=-0.015462
ALIGN ego[03] partner[03] R2=0.956696 NMSE=0.043304 shuffled_R2=-0.018635
ALIGN ego[03] partner[04] R2=0.962158 NMSE=0.037842 shuffled_R2=-0.014799
ALIGN ego[04] partner[00] R2=0.927778 NMSE=0.072222 shuffled_R2=-0.028690
ALIGN ego[04] partner[01] R2=0.954123 NMSE=0.045877 shuffled_R2=-0.016837
ALIGN ego[04] partner[02] R2=0.955396 NMSE=0.044604 shuffled_R2=-0.018278
ALIGN ego[04] partner[03] R2=0.939157 NMSE=0.060843 shuffled_R2=-0.023066
ALIGN ego[04] partner[04] R2=0.827201 NMSE=0.172799 shuffled_R2=-0.042384
Average ego-to-partner alignment R2: 0.914861 +- 0.005696 SE over 100 ego-partner pairs
Average alignment normalized MSE: 0.085139 +- 0.005696 SE
Average shuffled-control alignment R2: -0.023997 +- 0.001953 SE
Saved alignment results to xp_partner_results/ph2v4_ablate_ego_vs_eval_pool_partner/cramped_room5x5
Evaluating XP partner matrix for ego_method=sp, layout=cramped_room5x5
ego_prefix=checkpoints/sp/, partner_pool_specs=e3t:checkpoints/eval_pools/e3t;mep_br:checkpoints/eval_pools/mep_br;pbt:checkpoints/eval_pools/pbt;sp:checkpoints/eval_pools/sp, result_name=sp_ego_vs_eval_pool_partner, ego_perspective_transform=true
Importing submoduled environments...
Submoduled environments not found. Skipping import.
LOADED: checkpoints/sp/cramped_room5x5/baseline_seed_0_step_220.msgpack
LOADED: checkpoints/sp/cramped_room5x5/baseline_seed_1_step_220.msgpack
LOADED: checkpoints/sp/cramped_room5x5/baseline_seed_2_step_220.msgpack
LOADED: checkpoints/sp/cramped_room5x5/baseline_seed_3_step_220.msgpack
LOADED: checkpoints/sp/cramped_room5x5/baseline_seed_4_step_220.msgpack
Evaluating partner group 0: method=e3t, prefix=checkpoints/eval_pools/e3t
LOADED: checkpoints/eval_pools/e3t/cramped_room5x5/baseline_seed_0_step_220.msgpack
LOADED: checkpoints/eval_pools/e3t/cramped_room5x5/baseline_seed_1_step_220.msgpack
LOADED: checkpoints/eval_pools/e3t/cramped_room5x5/baseline_seed_2_step_220.msgpack
LOADED: checkpoints/eval_pools/e3t/cramped_room5x5/baseline_seed_3_step_220.msgpack
LOADED: checkpoints/eval_pools/e3t/cramped_room5x5/baseline_seed_4_step_220.msgpack
Using XP rollout scale: XP_PAIR_BATCH_SIZE=32, EVAL_NUM_EPISODES=128, EVAL_NUM_STEPS=400
XP ego[00] partner[00] = 233.281
XP ego[00] partner[01] = 151.406
XP ego[00] partner[02] = 202.344
XP ego[00] partner[03] = 216.875
XP ego[00] partner[04] = 212.188
XP ego[01] partner[00] = 210.312
XP ego[01] partner[01] = 9.219
XP ego[01] partner[02] = 67.344
XP ego[01] partner[03] = 7.969
XP ego[01] partner[04] = 223.906
XP ego[02] partner[00] = 234.688
XP ego[02] partner[01] = 231.719
XP ego[02] partner[02] = 246.406
XP ego[02] partner[03] = 229.531
XP ego[02] partner[04] = 227.031
XP ego[03] partner[00] = 201.250
XP ego[03] partner[01] = 148.125
XP ego[03] partner[02] = 217.031
XP ego[03] partner[03] = 213.125
XP ego[03] partner[04] = 232.969
XP ego[04] partner[00] = 216.250
XP ego[04] partner[01] = 204.062
XP ego[04] partner[02] = 197.188
XP ego[04] partner[03] = 215.938
XP ego[04] partner[04] = 200.469
Evaluating partner group 1: method=mep_br, prefix=checkpoints/eval_pools/mep_br
LOADED: checkpoints/eval_pools/mep_br/cramped_room5x5/baseline_seed_0_step_220.msgpack
LOADED: checkpoints/eval_pools/mep_br/cramped_room5x5/baseline_seed_1_step_220.msgpack
LOADED: checkpoints/eval_pools/mep_br/cramped_room5x5/baseline_seed_2_step_220.msgpack
LOADED: checkpoints/eval_pools/mep_br/cramped_room5x5/baseline_seed_3_step_220.msgpack
LOADED: checkpoints/eval_pools/mep_br/cramped_room5x5/baseline_seed_4_step_220.msgpack
Using XP rollout scale: XP_PAIR_BATCH_SIZE=32, EVAL_NUM_EPISODES=128, EVAL_NUM_STEPS=400
XP ego[00] partner[00] = 186.250
XP ego[00] partner[01] = 232.188
XP ego[00] partner[02] = 205.781
XP ego[00] partner[03] = 237.344
XP ego[00] partner[04] = 104.844
XP ego[01] partner[00] = 127.344
XP ego[01] partner[01] = 57.656
XP ego[01] partner[02] = 162.188
XP ego[01] partner[03] = 24.844
XP ego[01] partner[04] = 198.750
XP ego[02] partner[00] = 223.125
XP ego[02] partner[01] = 232.656
XP ego[02] partner[02] = 228.438
XP ego[02] partner[03] = 237.969
XP ego[02] partner[04] = 231.719
XP ego[03] partner[00] = 124.375
XP ego[03] partner[01] = 226.406
XP ego[03] partner[02] = 185.156
XP ego[03] partner[03] = 200.781
XP ego[03] partner[04] = 206.094
XP ego[04] partner[00] = 214.531
XP ego[04] partner[01] = 208.281
XP ego[04] partner[02] = 193.750
XP ego[04] partner[03] = 212.031
XP ego[04] partner[04] = 222.344
Evaluating partner group 2: method=pbt, prefix=checkpoints/eval_pools/pbt
LOADED: checkpoints/eval_pools/pbt/cramped_room5x5/baseline_seed_0_step_62.msgpack
LOADED: checkpoints/eval_pools/pbt/cramped_room5x5/baseline_seed_1_step_62.msgpack
LOADED: checkpoints/eval_pools/pbt/cramped_room5x5/baseline_seed_2_step_62.msgpack
LOADED: checkpoints/eval_pools/pbt/cramped_room5x5/baseline_seed_3_step_62.msgpack
LOADED: checkpoints/eval_pools/pbt/cramped_room5x5/baseline_seed_4_step_62.msgpack
Using XP rollout scale: XP_PAIR_BATCH_SIZE=32, EVAL_NUM_EPISODES=128, EVAL_NUM_STEPS=400
XP ego[00] partner[00] = 206.406
XP ego[00] partner[01] = 223.281
XP ego[00] partner[02] = 218.281
XP ego[00] partner[03] = 236.250
XP ego[00] partner[04] = 222.031
XP ego[01] partner[00] = 200.781
XP ego[01] partner[01] = 222.969
XP ego[01] partner[02] = 199.062
XP ego[01] partner[03] = 194.375
XP ego[01] partner[04] = 200.312
XP ego[02] partner[00] = 230.625
XP ego[02] partner[01] = 222.500
XP ego[02] partner[02] = 236.250
XP ego[02] partner[03] = 239.531
XP ego[02] partner[04] = 231.094
XP ego[03] partner[00] = 45.000
XP ego[03] partner[01] = 54.531
XP ego[03] partner[02] = 36.562
XP ego[03] partner[03] = 41.406
XP ego[03] partner[04] = 41.406
XP ego[04] partner[00] = 222.188
XP ego[04] partner[01] = 203.750
XP ego[04] partner[02] = 215.469
XP ego[04] partner[03] = 218.750
XP ego[04] partner[04] = 222.344
Evaluating partner group 3: method=sp, prefix=checkpoints/eval_pools/sp
LOADED: checkpoints/eval_pools/sp/cramped_room5x5/baseline_seed_0_step_220.msgpack
LOADED: checkpoints/eval_pools/sp/cramped_room5x5/baseline_seed_1_step_220.msgpack
LOADED: checkpoints/eval_pools/sp/cramped_room5x5/baseline_seed_2_step_220.msgpack
LOADED: checkpoints/eval_pools/sp/cramped_room5x5/baseline_seed_3_step_220.msgpack
LOADED: checkpoints/eval_pools/sp/cramped_room5x5/baseline_seed_4_step_220.msgpack
Using XP rollout scale: XP_PAIR_BATCH_SIZE=32, EVAL_NUM_EPISODES=128, EVAL_NUM_STEPS=400
XP ego[00] partner[00] = 206.406
XP ego[00] partner[01] = 133.906
XP ego[00] partner[02] = 228.594
XP ego[00] partner[03] = 224.219
XP ego[00] partner[04] = 214.688
XP ego[01] partner[00] = 56.719
XP ego[01] partner[01] = 187.344
XP ego[01] partner[02] = 24.844
XP ego[01] partner[03] = 17.812
XP ego[01] partner[04] = 203.125
XP ego[02] partner[00] = 167.656
XP ego[02] partner[01] = 183.438
XP ego[02] partner[02] = 226.406
XP ego[02] partner[03] = 204.375
XP ego[02] partner[04] = 217.812
XP ego[03] partner[00] = 197.188
XP ego[03] partner[01] = 206.719
XP ego[03] partner[02] = 231.094
XP ego[03] partner[03] = 227.812
XP ego[03] partner[04] = 220.156
XP ego[04] partner[00] = 228.594
XP ego[04] partner[01] = 211.719
XP ego[04] partner[02] = 218.438
XP ego[04] partner[03] = 235.156
XP ego[04] partner[04] = 197.188
Average ego-vs-partner performance: 186.920 +- 6.364 SE over 100 ordered pairs
Average diagonal performance: 180.500 +- 43.549 SE over 5 pairs
Average off-diagonal performance (only for square pools): nan +- nan SE over 0 ordered pairs
Saved XP results to xp_partner_results/sp_ego_vs_eval_pool_partner/cramped_room5x5
Saved XP heatmap to xp_partner_results/sp_ego_vs_eval_pool_partner/cramped_room5x5/xp_matrix.png
Evaluating partner alignment group 0: method=e3t, prefix=checkpoints/eval_pools/e3t
LOADED: checkpoints/eval_pools/e3t/cramped_room5x5/baseline_seed_0_step_220.msgpack
LOADED: checkpoints/eval_pools/e3t/cramped_room5x5/baseline_seed_1_step_220.msgpack
LOADED: checkpoints/eval_pools/e3t/cramped_room5x5/baseline_seed_2_step_220.msgpack
LOADED: checkpoints/eval_pools/e3t/cramped_room5x5/baseline_seed_3_step_220.msgpack
LOADED: checkpoints/eval_pools/e3t/cramped_room5x5/baseline_seed_4_step_220.msgpack
Using alignment rollout scale: ALIGN_PAIR_BATCH_SIZE=2, ALIGN_EVAL_NUM_EPISODES=128, ALIGN_EVAL_NUM_STEPS=400
ALIGN ego[00] partner[00] R2=0.921987 NMSE=0.078013 shuffled_R2=-0.007588
ALIGN ego[00] partner[01] R2=0.947522 NMSE=0.052478 shuffled_R2=-0.008727
ALIGN ego[00] partner[02] R2=0.922089 NMSE=0.077911 shuffled_R2=-0.008444
ALIGN ego[00] partner[03] R2=0.885806 NMSE=0.114194 shuffled_R2=-0.013692
ALIGN ego[00] partner[04] R2=0.931704 NMSE=0.068296 shuffled_R2=-0.006887
ALIGN ego[01] partner[00] R2=0.931710 NMSE=0.068290 shuffled_R2=-0.008168
ALIGN ego[01] partner[01] R2=0.820343 NMSE=0.179657 shuffled_R2=-0.015751
ALIGN ego[01] partner[02] R2=0.934889 NMSE=0.065111 shuffled_R2=-0.008764
ALIGN ego[01] partner[03] R2=0.873940 NMSE=0.126060 shuffled_R2=-0.016199
ALIGN ego[01] partner[04] R2=0.925862 NMSE=0.074138 shuffled_R2=-0.006944
ALIGN ego[02] partner[00] R2=0.920846 NMSE=0.079154 shuffled_R2=-0.007293
ALIGN ego[02] partner[01] R2=0.941787 NMSE=0.058213 shuffled_R2=-0.008162
ALIGN ego[02] partner[02] R2=0.937578 NMSE=0.062422 shuffled_R2=-0.009297
ALIGN ego[02] partner[03] R2=0.911927 NMSE=0.088073 shuffled_R2=-0.009572
ALIGN ego[02] partner[04] R2=0.861342 NMSE=0.138658 shuffled_R2=-0.017512
ALIGN ego[03] partner[00] R2=0.915981 NMSE=0.084019 shuffled_R2=-0.008144
ALIGN ego[03] partner[01] R2=0.915663 NMSE=0.084337 shuffled_R2=-0.010322
ALIGN ego[03] partner[02] R2=0.878860 NMSE=0.121140 shuffled_R2=-0.012720
ALIGN ego[03] partner[03] R2=0.899470 NMSE=0.100530 shuffled_R2=-0.011081
ALIGN ego[03] partner[04] R2=0.915592 NMSE=0.084408 shuffled_R2=-0.023199
ALIGN ego[04] partner[00] R2=0.899853 NMSE=0.100147 shuffled_R2=-0.007670
ALIGN ego[04] partner[01] R2=0.782822 NMSE=0.217178 shuffled_R2=-0.023710
ALIGN ego[04] partner[02] R2=0.932144 NMSE=0.067856 shuffled_R2=-0.008398
ALIGN ego[04] partner[03] R2=0.906841 NMSE=0.093159 shuffled_R2=-0.007999
ALIGN ego[04] partner[04] R2=0.918001 NMSE=0.081999 shuffled_R2=-0.007624
Evaluating partner alignment group 1: method=mep_br, prefix=checkpoints/eval_pools/mep_br
LOADED: checkpoints/eval_pools/mep_br/cramped_room5x5/baseline_seed_0_step_220.msgpack
LOADED: checkpoints/eval_pools/mep_br/cramped_room5x5/baseline_seed_1_step_220.msgpack
LOADED: checkpoints/eval_pools/mep_br/cramped_room5x5/baseline_seed_2_step_220.msgpack
LOADED: checkpoints/eval_pools/mep_br/cramped_room5x5/baseline_seed_3_step_220.msgpack
LOADED: checkpoints/eval_pools/mep_br/cramped_room5x5/baseline_seed_4_step_220.msgpack
Using alignment rollout scale: ALIGN_PAIR_BATCH_SIZE=2, ALIGN_EVAL_NUM_EPISODES=128, ALIGN_EVAL_NUM_STEPS=400
ALIGN ego[00] partner[00] R2=0.894354 NMSE=0.105646 shuffled_R2=-0.008243
ALIGN ego[00] partner[01] R2=0.886449 NMSE=0.113551 shuffled_R2=-0.010110
ALIGN ego[00] partner[02] R2=0.847694 NMSE=0.152306 shuffled_R2=-0.011174
ALIGN ego[00] partner[03] R2=0.934037 NMSE=0.065963 shuffled_R2=-0.008923
ALIGN ego[00] partner[04] R2=0.882554 NMSE=0.117446 shuffled_R2=-0.009169
ALIGN ego[01] partner[00] R2=0.859861 NMSE=0.140139 shuffled_R2=-0.010856
ALIGN ego[01] partner[01] R2=0.928222 NMSE=0.071778 shuffled_R2=-0.006740
ALIGN ego[01] partner[02] R2=0.904624 NMSE=0.095376 shuffled_R2=-0.006536
ALIGN ego[01] partner[03] R2=0.941009 NMSE=0.058991 shuffled_R2=-0.006016
ALIGN ego[01] partner[04] R2=0.924086 NMSE=0.075914 shuffled_R2=-0.007760
ALIGN ego[02] partner[00] R2=0.919492 NMSE=0.080508 shuffled_R2=-0.007307
ALIGN ego[02] partner[01] R2=0.941848 NMSE=0.058152 shuffled_R2=-0.007843
ALIGN ego[02] partner[02] R2=0.916066 NMSE=0.083934 shuffled_R2=-0.010613
ALIGN ego[02] partner[03] R2=0.910832 NMSE=0.089168 shuffled_R2=-0.010746
ALIGN ego[02] partner[04] R2=0.938339 NMSE=0.061661 shuffled_R2=-0.007426
ALIGN ego[03] partner[00] R2=0.804701 NMSE=0.195299 shuffled_R2=-0.014297
ALIGN ego[03] partner[01] R2=0.920190 NMSE=0.079810 shuffled_R2=-0.008913
ALIGN ego[03] partner[02] R2=0.927111 NMSE=0.072889 shuffled_R2=-0.007447
ALIGN ego[03] partner[03] R2=0.934037 NMSE=0.065963 shuffled_R2=-0.007323
ALIGN ego[03] partner[04] R2=0.887194 NMSE=0.112806 shuffled_R2=-0.008631
ALIGN ego[04] partner[00] R2=0.917002 NMSE=0.082998 shuffled_R2=-0.008227
ALIGN ego[04] partner[01] R2=0.913848 NMSE=0.086152 shuffled_R2=-0.009213
ALIGN ego[04] partner[02] R2=0.894484 NMSE=0.105516 shuffled_R2=-0.012938
ALIGN ego[04] partner[03] R2=0.948043 NMSE=0.051957 shuffled_R2=-0.006728
ALIGN ego[04] partner[04] R2=0.932865 NMSE=0.067135 shuffled_R2=-0.006804
Evaluating partner alignment group 2: method=pbt, prefix=checkpoints/eval_pools/pbt
LOADED: checkpoints/eval_pools/pbt/cramped_room5x5/baseline_seed_0_step_62.msgpack
LOADED: checkpoints/eval_pools/pbt/cramped_room5x5/baseline_seed_1_step_62.msgpack
LOADED: checkpoints/eval_pools/pbt/cramped_room5x5/baseline_seed_2_step_62.msgpack
LOADED: checkpoints/eval_pools/pbt/cramped_room5x5/baseline_seed_3_step_62.msgpack
LOADED: checkpoints/eval_pools/pbt/cramped_room5x5/baseline_seed_4_step_62.msgpack
Using alignment rollout scale: ALIGN_PAIR_BATCH_SIZE=2, ALIGN_EVAL_NUM_EPISODES=128, ALIGN_EVAL_NUM_STEPS=400
ALIGN ego[00] partner[00] R2=0.835692 NMSE=0.164308 shuffled_R2=-0.008075
ALIGN ego[00] partner[01] R2=0.858509 NMSE=0.141491 shuffled_R2=-0.008215
ALIGN ego[00] partner[02] R2=0.866507 NMSE=0.133493 shuffled_R2=-0.008162
ALIGN ego[00] partner[03] R2=0.865762 NMSE=0.134238 shuffled_R2=-0.008093
ALIGN ego[00] partner[04] R2=0.691989 NMSE=0.308011 shuffled_R2=-0.017015
ALIGN ego[01] partner[00] R2=0.751206 NMSE=0.248794 shuffled_R2=-0.015687
ALIGN ego[01] partner[01] R2=0.788726 NMSE=0.211274 shuffled_R2=-0.010316
ALIGN ego[01] partner[02] R2=0.704473 NMSE=0.295527 shuffled_R2=-0.015130
ALIGN ego[01] partner[03] R2=0.818621 NMSE=0.181379 shuffled_R2=-0.007794
ALIGN ego[01] partner[04] R2=0.843988 NMSE=0.156012 shuffled_R2=-0.008702
ALIGN ego[02] partner[00] R2=0.865072 NMSE=0.134928 shuffled_R2=-0.006968
ALIGN ego[02] partner[01] R2=0.812676 NMSE=0.187324 shuffled_R2=-0.009451
ALIGN ego[02] partner[02] R2=0.625918 NMSE=0.374082 shuffled_R2=-0.022353
ALIGN ego[02] partner[03] R2=0.852855 NMSE=0.147145 shuffled_R2=-0.007792
ALIGN ego[02] partner[04] R2=0.863568 NMSE=0.136432 shuffled_R2=-0.008092
ALIGN ego[03] partner[00] R2=0.847589 NMSE=0.152411 shuffled_R2=-0.009037
ALIGN ego[03] partner[01] R2=0.844157 NMSE=0.155843 shuffled_R2=-0.006582
ALIGN ego[03] partner[02] R2=0.864342 NMSE=0.135658 shuffled_R2=-0.006930
ALIGN ego[03] partner[03] R2=0.853560 NMSE=0.146440 shuffled_R2=-0.006517
ALIGN ego[03] partner[04] R2=0.836315 NMSE=0.163685 shuffled_R2=-0.009675
ALIGN ego[04] partner[00] R2=0.882365 NMSE=0.117635 shuffled_R2=-0.006368
ALIGN ego[04] partner[01] R2=0.865702 NMSE=0.134298 shuffled_R2=-0.008064
ALIGN ego[04] partner[02] R2=0.872637 NMSE=0.127363 shuffled_R2=-0.007660
ALIGN ego[04] partner[03] R2=0.879358 NMSE=0.120642 shuffled_R2=-0.008725
ALIGN ego[04] partner[04] R2=0.871531 NMSE=0.128469 shuffled_R2=-0.007338
Evaluating partner alignment group 3: method=sp, prefix=checkpoints/eval_pools/sp
LOADED: checkpoints/eval_pools/sp/cramped_room5x5/baseline_seed_0_step_220.msgpack
LOADED: checkpoints/eval_pools/sp/cramped_room5x5/baseline_seed_1_step_220.msgpack
LOADED: checkpoints/eval_pools/sp/cramped_room5x5/baseline_seed_2_step_220.msgpack
LOADED: checkpoints/eval_pools/sp/cramped_room5x5/baseline_seed_3_step_220.msgpack
LOADED: checkpoints/eval_pools/sp/cramped_room5x5/baseline_seed_4_step_220.msgpack
Using alignment rollout scale: ALIGN_PAIR_BATCH_SIZE=2, ALIGN_EVAL_NUM_EPISODES=128, ALIGN_EVAL_NUM_STEPS=400
ALIGN ego[00] partner[00] R2=0.910496 NMSE=0.089504 shuffled_R2=-0.008593
ALIGN ego[00] partner[01] R2=0.934598 NMSE=0.065402 shuffled_R2=-0.008309
ALIGN ego[00] partner[02] R2=0.849900 NMSE=0.150100 shuffled_R2=-0.013162
ALIGN ego[00] partner[03] R2=0.934083 NMSE=0.065917 shuffled_R2=-0.007155
ALIGN ego[00] partner[04] R2=0.845110 NMSE=0.154890 shuffled_R2=-0.018766
ALIGN ego[01] partner[00] R2=0.902123 NMSE=0.097877 shuffled_R2=-0.013179
ALIGN ego[01] partner[01] R2=0.926393 NMSE=0.073607 shuffled_R2=-0.008508
ALIGN ego[01] partner[02] R2=0.946646 NMSE=0.053354 shuffled_R2=-0.008020
ALIGN ego[01] partner[03] R2=0.787348 NMSE=0.212652 shuffled_R2=-0.026374
ALIGN ego[01] partner[04] R2=0.935883 NMSE=0.064117 shuffled_R2=-0.008033
ALIGN ego[02] partner[00] R2=0.952420 NMSE=0.047580 shuffled_R2=-0.007252
ALIGN ego[02] partner[01] R2=0.916295 NMSE=0.083705 shuffled_R2=-0.010884
ALIGN ego[02] partner[02] R2=0.916731 NMSE=0.083269 shuffled_R2=-0.007695
ALIGN ego[02] partner[03] R2=0.931877 NMSE=0.068123 shuffled_R2=-0.007265
ALIGN ego[02] partner[04] R2=0.946828 NMSE=0.053172 shuffled_R2=-0.008629
ALIGN ego[03] partner[00] R2=0.905387 NMSE=0.094613 shuffled_R2=-0.010860
ALIGN ego[03] partner[01] R2=0.926704 NMSE=0.073296 shuffled_R2=-0.008719
ALIGN ego[03] partner[02] R2=0.896703 NMSE=0.103297 shuffled_R2=-0.016644
ALIGN ego[03] partner[03] R2=0.923558 NMSE=0.076442 shuffled_R2=-0.009874
ALIGN ego[03] partner[04] R2=0.895903 NMSE=0.104097 shuffled_R2=-0.011253
ALIGN ego[04] partner[00] R2=0.919633 NMSE=0.080367 shuffled_R2=-0.008535
ALIGN ego[04] partner[01] R2=0.928024 NMSE=0.071976 shuffled_R2=-0.007153
ALIGN ego[04] partner[02] R2=0.928213 NMSE=0.071787 shuffled_R2=-0.007538
ALIGN ego[04] partner[03] R2=0.956654 NMSE=0.043346 shuffled_R2=-0.006701
ALIGN ego[04] partner[04] R2=0.951617 NMSE=0.048383 shuffled_R2=-0.008077
Average ego-to-partner alignment R2: 0.888757 +- 0.005779 SE over 100 ego-partner pairs
Average alignment normalized MSE: 0.111243 +- 0.005779 SE
Average shuffled-control alignment R2: -0.009898 +- 0.000398 SE
Saved alignment results to xp_partner_results/sp_ego_vs_eval_pool_partner/cramped_room5x5
Evaluating XP partner matrix for ego_method=e3t, layout=cramped_room5x5
ego_prefix=checkpoints/e3t/, partner_pool_specs=e3t:checkpoints/eval_pools/e3t;mep_br:checkpoints/eval_pools/mep_br;pbt:checkpoints/eval_pools/pbt;sp:checkpoints/eval_pools/sp, result_name=e3t_ego_vs_eval_pool_partner, ego_perspective_transform=true
Importing submoduled environments...
Submoduled environments not found. Skipping import.
LOADED: checkpoints/e3t/cramped_room5x5/baseline_seed_0_step_684.msgpack
LOADED: checkpoints/e3t/cramped_room5x5/baseline_seed_1_step_684.msgpack
LOADED: checkpoints/e3t/cramped_room5x5/baseline_seed_2_step_684.msgpack
LOADED: checkpoints/e3t/cramped_room5x5/baseline_seed_3_step_684.msgpack
LOADED: checkpoints/e3t/cramped_room5x5/baseline_seed_4_step_684.msgpack
Evaluating partner group 0: method=e3t, prefix=checkpoints/eval_pools/e3t
LOADED: checkpoints/eval_pools/e3t/cramped_room5x5/baseline_seed_0_step_220.msgpack
LOADED: checkpoints/eval_pools/e3t/cramped_room5x5/baseline_seed_1_step_220.msgpack
LOADED: checkpoints/eval_pools/e3t/cramped_room5x5/baseline_seed_2_step_220.msgpack
LOADED: checkpoints/eval_pools/e3t/cramped_room5x5/baseline_seed_3_step_220.msgpack
LOADED: checkpoints/eval_pools/e3t/cramped_room5x5/baseline_seed_4_step_220.msgpack
Using XP rollout scale: XP_PAIR_BATCH_SIZE=32, EVAL_NUM_EPISODES=128, EVAL_NUM_STEPS=400
XP ego[00] partner[00] = 165.312
XP ego[00] partner[01] = 179.219
XP ego[00] partner[02] = 157.656
XP ego[00] partner[03] = 188.125
XP ego[00] partner[04] = 204.219
XP ego[01] partner[00] = 230.156
XP ego[01] partner[01] = 150.625
XP ego[01] partner[02] = 167.500
XP ego[01] partner[03] = 233.281
XP ego[01] partner[04] = 233.750
XP ego[02] partner[00] = 214.531
XP ego[02] partner[01] = 189.844
XP ego[02] partner[02] = 156.094
XP ego[02] partner[03] = 197.031
XP ego[02] partner[04] = 233.125
XP ego[03] partner[00] = 162.344
XP ego[03] partner[01] = 134.375
XP ego[03] partner[02] = 193.906
XP ego[03] partner[03] = 164.062
XP ego[03] partner[04] = 214.219
XP ego[04] partner[00] = 194.531
XP ego[04] partner[01] = 201.562
XP ego[04] partner[02] = 191.094
XP ego[04] partner[03] = 215.781
XP ego[04] partner[04] = 215.938
Evaluating partner group 1: method=mep_br, prefix=checkpoints/eval_pools/mep_br
LOADED: checkpoints/eval_pools/mep_br/cramped_room5x5/baseline_seed_0_step_220.msgpack
LOADED: checkpoints/eval_pools/mep_br/cramped_room5x5/baseline_seed_1_step_220.msgpack
LOADED: checkpoints/eval_pools/mep_br/cramped_room5x5/baseline_seed_2_step_220.msgpack
LOADED: checkpoints/eval_pools/mep_br/cramped_room5x5/baseline_seed_3_step_220.msgpack
LOADED: checkpoints/eval_pools/mep_br/cramped_room5x5/baseline_seed_4_step_220.msgpack
Using XP rollout scale: XP_PAIR_BATCH_SIZE=32, EVAL_NUM_EPISODES=128, EVAL_NUM_STEPS=400
XP ego[00] partner[00] = 180.625
XP ego[00] partner[01] = 137.031
XP ego[00] partner[02] = 98.125
XP ego[00] partner[03] = 171.875
XP ego[00] partner[04] = 142.188
XP ego[01] partner[00] = 196.406
XP ego[01] partner[01] = 201.406
XP ego[01] partner[02] = 177.656
XP ego[01] partner[03] = 233.438
XP ego[01] partner[04] = 209.531
XP ego[02] partner[00] = 206.250
XP ego[02] partner[01] = 194.219
XP ego[02] partner[02] = 178.906
XP ego[02] partner[03] = 199.062
XP ego[02] partner[04] = 210.156
XP ego[03] partner[00] = 207.969
XP ego[03] partner[01] = 183.125
XP ego[03] partner[02] = 184.062
XP ego[03] partner[03] = 211.250
XP ego[03] partner[04] = 204.844
XP ego[04] partner[00] = 185.156
XP ego[04] partner[01] = 158.281
XP ego[04] partner[02] = 135.156
XP ego[04] partner[03] = 213.750
XP ego[04] partner[04] = 183.125
Evaluating partner group 2: method=pbt, prefix=checkpoints/eval_pools/pbt
LOADED: checkpoints/eval_pools/pbt/cramped_room5x5/baseline_seed_0_step_62.msgpack
LOADED: checkpoints/eval_pools/pbt/cramped_room5x5/baseline_seed_1_step_62.msgpack
LOADED: checkpoints/eval_pools/pbt/cramped_room5x5/baseline_seed_2_step_62.msgpack
LOADED: checkpoints/eval_pools/pbt/cramped_room5x5/baseline_seed_3_step_62.msgpack
LOADED: checkpoints/eval_pools/pbt/cramped_room5x5/baseline_seed_4_step_62.msgpack
Using XP rollout scale: XP_PAIR_BATCH_SIZE=32, EVAL_NUM_EPISODES=128, EVAL_NUM_STEPS=400
XP ego[00] partner[00] = 180.938
XP ego[00] partner[01] = 181.094
XP ego[00] partner[02] = 177.812
XP ego[00] partner[03] = 184.375
XP ego[00] partner[04] = 185.938
XP ego[01] partner[00] = 226.250
XP ego[01] partner[01] = 227.812
XP ego[01] partner[02] = 229.844
XP ego[01] partner[03] = 225.156
XP ego[01] partner[04] = 224.688
XP ego[02] partner[00] = 221.094
XP ego[02] partner[01] = 218.906
XP ego[02] partner[02] = 208.438
XP ego[02] partner[03] = 217.188
XP ego[02] partner[04] = 217.500
XP ego[03] partner[00] = 222.031
XP ego[03] partner[01] = 212.344
XP ego[03] partner[02] = 217.188
XP ego[03] partner[03] = 217.969
XP ego[03] partner[04] = 216.562
XP ego[04] partner[00] = 211.094
XP ego[04] partner[01] = 207.812
XP ego[04] partner[02] = 202.656
XP ego[04] partner[03] = 192.969
XP ego[04] partner[04] = 146.719
Evaluating partner group 3: method=sp, prefix=checkpoints/eval_pools/sp
LOADED: checkpoints/eval_pools/sp/cramped_room5x5/baseline_seed_0_step_220.msgpack
LOADED: checkpoints/eval_pools/sp/cramped_room5x5/baseline_seed_1_step_220.msgpack
LOADED: checkpoints/eval_pools/sp/cramped_room5x5/baseline_seed_2_step_220.msgpack
LOADED: checkpoints/eval_pools/sp/cramped_room5x5/baseline_seed_3_step_220.msgpack
LOADED: checkpoints/eval_pools/sp/cramped_room5x5/baseline_seed_4_step_220.msgpack
Using XP rollout scale: XP_PAIR_BATCH_SIZE=32, EVAL_NUM_EPISODES=128, EVAL_NUM_STEPS=400
XP ego[00] partner[00] = 128.750
XP ego[00] partner[01] = 155.781
XP ego[00] partner[02] = 211.094
XP ego[00] partner[03] = 207.031
XP ego[00] partner[04] = 134.531
XP ego[01] partner[00] = 202.188
XP ego[01] partner[01] = 208.594
XP ego[01] partner[02] = 220.469
XP ego[01] partner[03] = 214.844
XP ego[01] partner[04] = 213.906
XP ego[02] partner[00] = 181.875
XP ego[02] partner[01] = 217.344
XP ego[02] partner[02] = 215.625
XP ego[02] partner[03] = 182.344
XP ego[02] partner[04] = 205.156
XP ego[03] partner[00] = 189.062
XP ego[03] partner[01] = 179.219
XP ego[03] partner[02] = 195.312
XP ego[03] partner[03] = 163.906
XP ego[03] partner[04] = 199.062
XP ego[04] partner[00] = 124.844
XP ego[04] partner[01] = 172.031
XP ego[04] partner[02] = 202.969
XP ego[04] partner[03] = 199.062
XP ego[04] partner[04] = 103.594
Average ego-vs-partner performance: 191.948 +- 2.949 SE over 100 ordered pairs
Average diagonal performance: 170.406 +- 11.695 SE over 5 pairs
Average off-diagonal performance (only for square pools): nan +- nan SE over 0 ordered pairs
Saved XP results to xp_partner_results/e3t_ego_vs_eval_pool_partner/cramped_room5x5
Saved XP heatmap to xp_partner_results/e3t_ego_vs_eval_pool_partner/cramped_room5x5/xp_matrix.png
Evaluating partner alignment group 0: method=e3t, prefix=checkpoints/eval_pools/e3t
LOADED: checkpoints/eval_pools/e3t/cramped_room5x5/baseline_seed_0_step_220.msgpack
LOADED: checkpoints/eval_pools/e3t/cramped_room5x5/baseline_seed_1_step_220.msgpack
LOADED: checkpoints/eval_pools/e3t/cramped_room5x5/baseline_seed_2_step_220.msgpack
LOADED: checkpoints/eval_pools/e3t/cramped_room5x5/baseline_seed_3_step_220.msgpack
LOADED: checkpoints/eval_pools/e3t/cramped_room5x5/baseline_seed_4_step_220.msgpack
Using alignment rollout scale: ALIGN_PAIR_BATCH_SIZE=2, ALIGN_EVAL_NUM_EPISODES=128, ALIGN_EVAL_NUM_STEPS=400
ALIGN ego[00] partner[00] R2=0.849971 NMSE=0.150029 shuffled_R2=-0.007581
ALIGN ego[00] partner[01] R2=0.845291 NMSE=0.154709 shuffled_R2=-0.020302
ALIGN ego[00] partner[02] R2=0.873952 NMSE=0.126048 shuffled_R2=-0.010704
ALIGN ego[00] partner[03] R2=0.840195 NMSE=0.159805 shuffled_R2=-0.014170
ALIGN ego[00] partner[04] R2=0.928866 NMSE=0.071134 shuffled_R2=-0.010537
ALIGN ego[01] partner[00] R2=0.896958 NMSE=0.103042 shuffled_R2=-0.008267
ALIGN ego[01] partner[01] R2=0.912586 NMSE=0.087414 shuffled_R2=-0.010767
ALIGN ego[01] partner[02] R2=0.868560 NMSE=0.131440 shuffled_R2=-0.013963
ALIGN ego[01] partner[03] R2=0.906020 NMSE=0.093980 shuffled_R2=-0.007295
ALIGN ego[01] partner[04] R2=0.917619 NMSE=0.082381 shuffled_R2=-0.009205
ALIGN ego[02] partner[00] R2=0.872338 NMSE=0.127662 shuffled_R2=-0.008731
ALIGN ego[02] partner[01] R2=0.915359 NMSE=0.084641 shuffled_R2=-0.008319
ALIGN ego[02] partner[02] R2=0.881315 NMSE=0.118685 shuffled_R2=-0.011521
ALIGN ego[02] partner[03] R2=0.862631 NMSE=0.137369 shuffled_R2=-0.010255
ALIGN ego[02] partner[04] R2=0.923638 NMSE=0.076362 shuffled_R2=-0.009195
ALIGN ego[03] partner[00] R2=0.886401 NMSE=0.113599 shuffled_R2=-0.009794
ALIGN ego[03] partner[01] R2=0.903288 NMSE=0.096712 shuffled_R2=-0.008773
ALIGN ego[03] partner[02] R2=0.920509 NMSE=0.079491 shuffled_R2=-0.007197
ALIGN ego[03] partner[03] R2=0.896692 NMSE=0.103308 shuffled_R2=-0.009222
ALIGN ego[03] partner[04] R2=0.896930 NMSE=0.103070 shuffled_R2=-0.008903
ALIGN ego[04] partner[00] R2=0.856599 NMSE=0.143401 shuffled_R2=-0.008840
ALIGN ego[04] partner[01] R2=0.871189 NMSE=0.128811 shuffled_R2=-0.010339
ALIGN ego[04] partner[02] R2=0.856665 NMSE=0.143335 shuffled_R2=-0.009185
ALIGN ego[04] partner[03] R2=0.863588 NMSE=0.136412 shuffled_R2=-0.008269
ALIGN ego[04] partner[04] R2=0.862856 NMSE=0.137144 shuffled_R2=-0.008986
Evaluating partner alignment group 1: method=mep_br, prefix=checkpoints/eval_pools/mep_br
LOADED: checkpoints/eval_pools/mep_br/cramped_room5x5/baseline_seed_0_step_220.msgpack
LOADED: checkpoints/eval_pools/mep_br/cramped_room5x5/baseline_seed_1_step_220.msgpack
LOADED: checkpoints/eval_pools/mep_br/cramped_room5x5/baseline_seed_2_step_220.msgpack
LOADED: checkpoints/eval_pools/mep_br/cramped_room5x5/baseline_seed_3_step_220.msgpack
LOADED: checkpoints/eval_pools/mep_br/cramped_room5x5/baseline_seed_4_step_220.msgpack
Using alignment rollout scale: ALIGN_PAIR_BATCH_SIZE=2, ALIGN_EVAL_NUM_EPISODES=128, ALIGN_EVAL_NUM_STEPS=400
ALIGN ego[00] partner[00] R2=0.839337 NMSE=0.160663 shuffled_R2=-0.008152
ALIGN ego[00] partner[01] R2=0.885994 NMSE=0.114006 shuffled_R2=-0.007230
ALIGN ego[00] partner[02] R2=0.877586 NMSE=0.122414 shuffled_R2=-0.009008
ALIGN ego[00] partner[03] R2=0.843713 NMSE=0.156287 shuffled_R2=-0.010061
ALIGN ego[00] partner[04] R2=0.905954 NMSE=0.094046 shuffled_R2=-0.008092
ALIGN ego[01] partner[00] R2=0.876828 NMSE=0.123172 shuffled_R2=-0.013913
ALIGN ego[01] partner[01] R2=0.865713 NMSE=0.134287 shuffled_R2=-0.008684
ALIGN ego[01] partner[02] R2=0.881138 NMSE=0.118862 shuffled_R2=-0.009485
ALIGN ego[01] partner[03] R2=0.920993 NMSE=0.079007 shuffled_R2=-0.007232
ALIGN ego[01] partner[04] R2=0.890077 NMSE=0.109923 shuffled_R2=-0.010515
ALIGN ego[02] partner[00] R2=0.840105 NMSE=0.159895 shuffled_R2=-0.012933
ALIGN ego[02] partner[01] R2=0.857069 NMSE=0.142931 shuffled_R2=-0.008628
ALIGN ego[02] partner[02] R2=0.855049 NMSE=0.144951 shuffled_R2=-0.009943
ALIGN ego[02] partner[03] R2=0.871317 NMSE=0.128683 shuffled_R2=-0.018771
ALIGN ego[02] partner[04] R2=0.934420 NMSE=0.065580 shuffled_R2=-0.008922
ALIGN ego[03] partner[00] R2=0.851255 NMSE=0.148745 shuffled_R2=-0.007501
ALIGN ego[03] partner[01] R2=0.865795 NMSE=0.134205 shuffled_R2=-0.008556
ALIGN ego[03] partner[02] R2=0.822381 NMSE=0.177619 shuffled_R2=-0.008191
ALIGN ego[03] partner[03] R2=0.888922 NMSE=0.111078 shuffled_R2=-0.006990
ALIGN ego[03] partner[04] R2=0.852532 NMSE=0.147468 shuffled_R2=-0.009669
ALIGN ego[04] partner[00] R2=0.844262 NMSE=0.155738 shuffled_R2=-0.008714
ALIGN ego[04] partner[01] R2=0.850122 NMSE=0.149878 shuffled_R2=-0.007583
ALIGN ego[04] partner[02] R2=0.823469 NMSE=0.176531 shuffled_R2=-0.008936
ALIGN ego[04] partner[03] R2=0.852774 NMSE=0.147226 shuffled_R2=-0.008737
ALIGN ego[04] partner[04] R2=0.863374 NMSE=0.136626 shuffled_R2=-0.007942
Evaluating partner alignment group 2: method=pbt, prefix=checkpoints/eval_pools/pbt
LOADED: checkpoints/eval_pools/pbt/cramped_room5x5/baseline_seed_0_step_62.msgpack
LOADED: checkpoints/eval_pools/pbt/cramped_room5x5/baseline_seed_1_step_62.msgpack
LOADED: checkpoints/eval_pools/pbt/cramped_room5x5/baseline_seed_2_step_62.msgpack
LOADED: checkpoints/eval_pools/pbt/cramped_room5x5/baseline_seed_3_step_62.msgpack
LOADED: checkpoints/eval_pools/pbt/cramped_room5x5/baseline_seed_4_step_62.msgpack
Using alignment rollout scale: ALIGN_PAIR_BATCH_SIZE=2, ALIGN_EVAL_NUM_EPISODES=128, ALIGN_EVAL_NUM_STEPS=400
ALIGN ego[00] partner[00] R2=0.822265 NMSE=0.177735 shuffled_R2=-0.007527
ALIGN ego[00] partner[01] R2=0.809925 NMSE=0.190075 shuffled_R2=-0.008191
ALIGN ego[00] partner[02] R2=0.781058 NMSE=0.218942 shuffled_R2=-0.007455
ALIGN ego[00] partner[03] R2=0.807182 NMSE=0.192818 shuffled_R2=-0.009135
ALIGN ego[00] partner[04] R2=0.705598 NMSE=0.294402 shuffled_R2=-0.021778
ALIGN ego[01] partner[00] R2=0.814676 NMSE=0.185324 shuffled_R2=-0.008798
ALIGN ego[01] partner[01] R2=0.814924 NMSE=0.185076 shuffled_R2=-0.008050
ALIGN ego[01] partner[02] R2=0.803459 NMSE=0.196541 shuffled_R2=-0.007929
ALIGN ego[01] partner[03] R2=0.785401 NMSE=0.214599 shuffled_R2=-0.009021
ALIGN ego[01] partner[04] R2=0.801530 NMSE=0.198470 shuffled_R2=-0.010549
ALIGN ego[02] partner[00] R2=0.810489 NMSE=0.189511 shuffled_R2=-0.008160
ALIGN ego[02] partner[01] R2=0.771724 NMSE=0.228276 shuffled_R2=-0.007684
ALIGN ego[02] partner[02] R2=0.778531 NMSE=0.221469 shuffled_R2=-0.008382
ALIGN ego[02] partner[03] R2=0.786730 NMSE=0.213270 shuffled_R2=-0.008053
ALIGN ego[02] partner[04] R2=0.780850 NMSE=0.219150 shuffled_R2=-0.008312
ALIGN ego[03] partner[00] R2=0.760495 NMSE=0.239505 shuffled_R2=-0.008058
ALIGN ego[03] partner[01] R2=0.746059 NMSE=0.253941 shuffled_R2=-0.009001
ALIGN ego[03] partner[02] R2=0.787257 NMSE=0.212743 shuffled_R2=-0.008479
ALIGN ego[03] partner[03] R2=0.779954 NMSE=0.220046 shuffled_R2=-0.007946
ALIGN ego[03] partner[04] R2=0.750241 NMSE=0.249759 shuffled_R2=-0.010349
ALIGN ego[04] partner[00] R2=0.796642 NMSE=0.203358 shuffled_R2=-0.006681
ALIGN ego[04] partner[01] R2=0.790134 NMSE=0.209866 shuffled_R2=-0.007499
ALIGN ego[04] partner[02] R2=0.757869 NMSE=0.242131 shuffled_R2=-0.009060
ALIGN ego[04] partner[03] R2=0.787732 NMSE=0.212268 shuffled_R2=-0.007988
ALIGN ego[04] partner[04] R2=0.771798 NMSE=0.228202 shuffled_R2=-0.008886
Evaluating partner alignment group 3: method=sp, prefix=checkpoints/eval_pools/sp
LOADED: checkpoints/eval_pools/sp/cramped_room5x5/baseline_seed_0_step_220.msgpack
LOADED: checkpoints/eval_pools/sp/cramped_room5x5/baseline_seed_1_step_220.msgpack
LOADED: checkpoints/eval_pools/sp/cramped_room5x5/baseline_seed_2_step_220.msgpack
LOADED: checkpoints/eval_pools/sp/cramped_room5x5/baseline_seed_3_step_220.msgpack
LOADED: checkpoints/eval_pools/sp/cramped_room5x5/baseline_seed_4_step_220.msgpack
Using alignment rollout scale: ALIGN_PAIR_BATCH_SIZE=2, ALIGN_EVAL_NUM_EPISODES=128, ALIGN_EVAL_NUM_STEPS=400
ALIGN ego[00] partner[00] R2=0.877184 NMSE=0.122816 shuffled_R2=-0.008542
ALIGN ego[00] partner[01] R2=0.880827 NMSE=0.119173 shuffled_R2=-0.006697
ALIGN ego[00] partner[02] R2=0.913844 NMSE=0.086156 shuffled_R2=-0.007415
ALIGN ego[00] partner[03] R2=0.907252 NMSE=0.092748 shuffled_R2=-0.007272
ALIGN ego[00] partner[04] R2=0.908743 NMSE=0.091257 shuffled_R2=-0.008798
ALIGN ego[01] partner[00] R2=0.891062 NMSE=0.108938 shuffled_R2=-0.007744
ALIGN ego[01] partner[01] R2=0.859468 NMSE=0.140532 shuffled_R2=-0.016151
ALIGN ego[01] partner[02] R2=0.921112 NMSE=0.078888 shuffled_R2=-0.009427
ALIGN ego[01] partner[03] R2=0.896231 NMSE=0.103769 shuffled_R2=-0.008448
ALIGN ego[01] partner[04] R2=0.831522 NMSE=0.168478 shuffled_R2=-0.026083
ALIGN ego[02] partner[00] R2=0.853204 NMSE=0.146796 shuffled_R2=-0.011111
ALIGN ego[02] partner[01] R2=0.878036 NMSE=0.121964 shuffled_R2=-0.009989
ALIGN ego[02] partner[02] R2=0.703541 NMSE=0.296459 shuffled_R2=-0.039131
ALIGN ego[02] partner[03] R2=0.821172 NMSE=0.178828 shuffled_R2=-0.019159
ALIGN ego[02] partner[04] R2=0.909651 NMSE=0.090349 shuffled_R2=-0.009812
ALIGN ego[03] partner[00] R2=0.862321 NMSE=0.137679 shuffled_R2=-0.009573
ALIGN ego[03] partner[01] R2=0.837713 NMSE=0.162287 shuffled_R2=-0.007569
ALIGN ego[03] partner[02] R2=0.889413 NMSE=0.110587 shuffled_R2=-0.009739
ALIGN ego[03] partner[03] R2=0.877766 NMSE=0.122234 shuffled_R2=-0.010044
ALIGN ego[03] partner[04] R2=0.868454 NMSE=0.131546 shuffled_R2=-0.009825
ALIGN ego[04] partner[00] R2=0.852558 NMSE=0.147442 shuffled_R2=-0.009233
ALIGN ego[04] partner[01] R2=0.807086 NMSE=0.192914 shuffled_R2=-0.009890
ALIGN ego[04] partner[02] R2=0.887083 NMSE=0.112917 shuffled_R2=-0.008280
ALIGN ego[04] partner[03] R2=0.871587 NMSE=0.128413 shuffled_R2=-0.008041
ALIGN ego[04] partner[04] R2=0.866406 NMSE=0.133594 shuffled_R2=-0.008169
Average ego-to-partner alignment R2: 0.850460 +- 0.005049 SE over 100 ego-partner pairs
Average alignment normalized MSE: 0.149540 +- 0.005049 SE
Average shuffled-control alignment R2: -0.009938 +- 0.000432 SE
Saved alignment results to xp_partner_results/e3t_ego_vs_eval_pool_partner/cramped_room5x5
Evaluating XP partner matrix for ego_method=mep_br, layout=cramped_room5x5
ego_prefix=checkpoints/mep_br/, partner_pool_specs=e3t:checkpoints/eval_pools/e3t;mep_br:checkpoints/eval_pools/mep_br;pbt:checkpoints/eval_pools/pbt;sp:checkpoints/eval_pools/sp, result_name=mep_br_ego_vs_eval_pool_partner, ego_perspective_transform=true
Importing submoduled environments...
Submoduled environments not found. Skipping import.
LOADED: checkpoints/mep_br/cramped_room5x5/baseline_seed_0_step_220.msgpack
LOADED: checkpoints/mep_br/cramped_room5x5/baseline_seed_1_step_220.msgpack
LOADED: checkpoints/mep_br/cramped_room5x5/baseline_seed_2_step_220.msgpack
LOADED: checkpoints/mep_br/cramped_room5x5/baseline_seed_3_step_220.msgpack
LOADED: checkpoints/mep_br/cramped_room5x5/baseline_seed_4_step_220.msgpack
Evaluating partner group 0: method=e3t, prefix=checkpoints/eval_pools/e3t
LOADED: checkpoints/eval_pools/e3t/cramped_room5x5/baseline_seed_0_step_220.msgpack
LOADED: checkpoints/eval_pools/e3t/cramped_room5x5/baseline_seed_1_step_220.msgpack
LOADED: checkpoints/eval_pools/e3t/cramped_room5x5/baseline_seed_2_step_220.msgpack
LOADED: checkpoints/eval_pools/e3t/cramped_room5x5/baseline_seed_3_step_220.msgpack
LOADED: checkpoints/eval_pools/e3t/cramped_room5x5/baseline_seed_4_step_220.msgpack
Using XP rollout scale: XP_PAIR_BATCH_SIZE=32, EVAL_NUM_EPISODES=128, EVAL_NUM_STEPS=400
XP ego[00] partner[00] = 164.062
XP ego[00] partner[01] = 216.406
XP ego[00] partner[02] = 186.562
XP ego[00] partner[03] = 194.219
XP ego[00] partner[04] = 169.219
XP ego[01] partner[00] = 222.812
XP ego[01] partner[01] = 140.312
XP ego[01] partner[02] = 231.250
XP ego[01] partner[03] = 126.719
XP ego[01] partner[04] = 233.750
XP ego[02] partner[00] = 192.656
XP ego[02] partner[01] = 215.938
XP ego[02] partner[02] = 232.500
XP ego[02] partner[03] = 217.969
XP ego[02] partner[04] = 214.062
XP ego[03] partner[00] = 231.562
XP ego[03] partner[01] = 160.781
XP ego[03] partner[02] = 228.750
XP ego[03] partner[03] = 211.562
XP ego[03] partner[04] = 234.219
XP ego[04] partner[00] = 211.719
XP ego[04] partner[01] = 170.312
XP ego[04] partner[02] = 218.906
XP ego[04] partner[03] = 212.812
XP ego[04] partner[04] = 221.875
Evaluating partner group 1: method=mep_br, prefix=checkpoints/eval_pools/mep_br
LOADED: checkpoints/eval_pools/mep_br/cramped_room5x5/baseline_seed_0_step_220.msgpack
LOADED: checkpoints/eval_pools/mep_br/cramped_room5x5/baseline_seed_1_step_220.msgpack
LOADED: checkpoints/eval_pools/mep_br/cramped_room5x5/baseline_seed_2_step_220.msgpack
LOADED: checkpoints/eval_pools/mep_br/cramped_room5x5/baseline_seed_3_step_220.msgpack
LOADED: checkpoints/eval_pools/mep_br/cramped_room5x5/baseline_seed_4_step_220.msgpack
Using XP rollout scale: XP_PAIR_BATCH_SIZE=32, EVAL_NUM_EPISODES=128, EVAL_NUM_STEPS=400
XP ego[00] partner[00] = 182.969
XP ego[00] partner[01] = 200.312
XP ego[00] partner[02] = 197.969
XP ego[00] partner[03] = 227.188
XP ego[00] partner[04] = 204.844
XP ego[01] partner[00] = 196.250
XP ego[01] partner[01] = 219.375
XP ego[01] partner[02] = 215.625
XP ego[01] partner[03] = 223.438
XP ego[01] partner[04] = 232.344
XP ego[02] partner[00] = 177.969
XP ego[02] partner[01] = 230.156
XP ego[02] partner[02] = 216.875
XP ego[02] partner[03] = 181.094
XP ego[02] partner[04] = 224.219
XP ego[03] partner[00] = 173.750
XP ego[03] partner[01] = 210.156
XP ego[03] partner[02] = 105.781
XP ego[03] partner[03] = 147.031
XP ego[03] partner[04] = 184.844
XP ego[04] partner[00] = 209.531
XP ego[04] partner[01] = 205.469
XP ego[04] partner[02] = 188.281
XP ego[04] partner[03] = 207.500
XP ego[04] partner[04] = 215.625
Evaluating partner group 2: method=pbt, prefix=checkpoints/eval_pools/pbt
LOADED: checkpoints/eval_pools/pbt/cramped_room5x5/baseline_seed_0_step_62.msgpack
LOADED: checkpoints/eval_pools/pbt/cramped_room5x5/baseline_seed_1_step_62.msgpack
LOADED: checkpoints/eval_pools/pbt/cramped_room5x5/baseline_seed_2_step_62.msgpack
LOADED: checkpoints/eval_pools/pbt/cramped_room5x5/baseline_seed_3_step_62.msgpack
LOADED: checkpoints/eval_pools/pbt/cramped_room5x5/baseline_seed_4_step_62.msgpack
Using XP rollout scale: XP_PAIR_BATCH_SIZE=32, EVAL_NUM_EPISODES=128, EVAL_NUM_STEPS=400
XP ego[00] partner[00] = 224.375
XP ego[00] partner[01] = 219.062
XP ego[00] partner[02] = 207.500
XP ego[00] partner[03] = 215.312
XP ego[00] partner[04] = 207.812
XP ego[01] partner[00] = 229.062
XP ego[01] partner[01] = 220.156
XP ego[01] partner[02] = 227.812
XP ego[01] partner[03] = 228.906
XP ego[01] partner[04] = 224.531
XP ego[02] partner[00] = 230.312
XP ego[02] partner[01] = 228.281
XP ego[02] partner[02] = 224.375
XP ego[02] partner[03] = 229.219
XP ego[02] partner[04] = 228.750
XP ego[03] partner[00] = 220.625
XP ego[03] partner[01] = 205.781
XP ego[03] partner[02] = 213.438
XP ego[03] partner[03] = 216.094
XP ego[03] partner[04] = 213.906
XP ego[04] partner[00] = 217.812
XP ego[04] partner[01] = 225.000
XP ego[04] partner[02] = 219.531
XP ego[04] partner[03] = 221.562
XP ego[04] partner[04] = 226.875
Evaluating partner group 3: method=sp, prefix=checkpoints/eval_pools/sp
LOADED: checkpoints/eval_pools/sp/cramped_room5x5/baseline_seed_0_step_220.msgpack
LOADED: checkpoints/eval_pools/sp/cramped_room5x5/baseline_seed_1_step_220.msgpack
LOADED: checkpoints/eval_pools/sp/cramped_room5x5/baseline_seed_2_step_220.msgpack
LOADED: checkpoints/eval_pools/sp/cramped_room5x5/baseline_seed_3_step_220.msgpack
LOADED: checkpoints/eval_pools/sp/cramped_room5x5/baseline_seed_4_step_220.msgpack
Using XP rollout scale: XP_PAIR_BATCH_SIZE=32, EVAL_NUM_EPISODES=128, EVAL_NUM_STEPS=400
XP ego[00] partner[00] = 212.969
XP ego[00] partner[01] = 160.312
XP ego[00] partner[02] = 179.688
XP ego[00] partner[03] = 172.812
XP ego[00] partner[04] = 134.844
XP ego[01] partner[00] = 229.844
XP ego[01] partner[01] = 229.531
XP ego[01] partner[02] = 231.562
XP ego[01] partner[03] = 213.594
XP ego[01] partner[04] = 226.562
XP ego[02] partner[00] = 203.125
XP ego[02] partner[01] = 233.438
XP ego[02] partner[02] = 240.000
XP ego[02] partner[03] = 213.438
XP ego[02] partner[04] = 230.938
XP ego[03] partner[00] = 224.219
XP ego[03] partner[01] = 204.688
XP ego[03] partner[02] = 204.844
XP ego[03] partner[03] = 205.469
XP ego[03] partner[04] = 221.406
XP ego[04] partner[00] = 127.031
XP ego[04] partner[01] = 227.500
XP ego[04] partner[02] = 221.406
XP ego[04] partner[03] = 210.156
XP ego[04] partner[04] = 221.719
Average ego-vs-partner performance: 207.467 +- 2.691 SE over 100 ordered pairs
Average diagonal performance: 194.062 +- 17.813 SE over 5 pairs
Average off-diagonal performance (only for square pools): nan +- nan SE over 0 ordered pairs
Saved XP results to xp_partner_results/mep_br_ego_vs_eval_pool_partner/cramped_room5x5
Saved XP heatmap to xp_partner_results/mep_br_ego_vs_eval_pool_partner/cramped_room5x5/xp_matrix.png
Evaluating partner alignment group 0: method=e3t, prefix=checkpoints/eval_pools/e3t
LOADED: checkpoints/eval_pools/e3t/cramped_room5x5/baseline_seed_0_step_220.msgpack
LOADED: checkpoints/eval_pools/e3t/cramped_room5x5/baseline_seed_1_step_220.msgpack
LOADED: checkpoints/eval_pools/e3t/cramped_room5x5/baseline_seed_2_step_220.msgpack
LOADED: checkpoints/eval_pools/e3t/cramped_room5x5/baseline_seed_3_step_220.msgpack
LOADED: checkpoints/eval_pools/e3t/cramped_room5x5/baseline_seed_4_step_220.msgpack
Using alignment rollout scale: ALIGN_PAIR_BATCH_SIZE=2, ALIGN_EVAL_NUM_EPISODES=128, ALIGN_EVAL_NUM_STEPS=400
ALIGN ego[00] partner[00] R2=0.919270 NMSE=0.080730 shuffled_R2=-0.007699
ALIGN ego[00] partner[01] R2=0.921958 NMSE=0.078042 shuffled_R2=-0.008134
ALIGN ego[00] partner[02] R2=0.927113 NMSE=0.072887 shuffled_R2=-0.008257
ALIGN ego[00] partner[03] R2=0.913690 NMSE=0.086310 shuffled_R2=-0.009715
ALIGN ego[00] partner[04] R2=0.913988 NMSE=0.086012 shuffled_R2=-0.010578
ALIGN ego[01] partner[00] R2=0.925421 NMSE=0.074579 shuffled_R2=-0.007805
ALIGN ego[01] partner[01] R2=0.936097 NMSE=0.063903 shuffled_R2=-0.007814
ALIGN ego[01] partner[02] R2=0.892092 NMSE=0.107908 shuffled_R2=-0.009724
ALIGN ego[01] partner[03] R2=0.834251 NMSE=0.165749 shuffled_R2=-0.013158
ALIGN ego[01] partner[04] R2=0.816649 NMSE=0.183351 shuffled_R2=-0.017278
ALIGN ego[02] partner[00] R2=0.916771 NMSE=0.083229 shuffled_R2=-0.008795
ALIGN ego[02] partner[01] R2=0.925679 NMSE=0.074321 shuffled_R2=-0.008313
ALIGN ego[02] partner[02] R2=0.876431 NMSE=0.123569 shuffled_R2=-0.010044
ALIGN ego[02] partner[03] R2=0.846137 NMSE=0.153863 shuffled_R2=-0.011143
ALIGN ego[02] partner[04] R2=0.913844 NMSE=0.086156 shuffled_R2=-0.008938
ALIGN ego[03] partner[00] R2=0.865327 NMSE=0.134673 shuffled_R2=-0.015847
ALIGN ego[03] partner[01] R2=0.926527 NMSE=0.073473 shuffled_R2=-0.008465
ALIGN ego[03] partner[02] R2=0.883228 NMSE=0.116772 shuffled_R2=-0.011865
ALIGN ego[03] partner[03] R2=0.884084 NMSE=0.115916 shuffled_R2=-0.008937
ALIGN ego[03] partner[04] R2=0.925832 NMSE=0.074168 shuffled_R2=-0.007245
ALIGN ego[04] partner[00] R2=0.935983 NMSE=0.064017 shuffled_R2=-0.007010
ALIGN ego[04] partner[01] R2=0.905997 NMSE=0.094003 shuffled_R2=-0.012767
ALIGN ego[04] partner[02] R2=0.888245 NMSE=0.111755 shuffled_R2=-0.011824
ALIGN ego[04] partner[03] R2=0.883119 NMSE=0.116881 shuffled_R2=-0.014583
ALIGN ego[04] partner[04] R2=0.926342 NMSE=0.073658 shuffled_R2=-0.008066
Evaluating partner alignment group 1: method=mep_br, prefix=checkpoints/eval_pools/mep_br
LOADED: checkpoints/eval_pools/mep_br/cramped_room5x5/baseline_seed_0_step_220.msgpack
LOADED: checkpoints/eval_pools/mep_br/cramped_room5x5/baseline_seed_1_step_220.msgpack
LOADED: checkpoints/eval_pools/mep_br/cramped_room5x5/baseline_seed_2_step_220.msgpack
LOADED: checkpoints/eval_pools/mep_br/cramped_room5x5/baseline_seed_3_step_220.msgpack
LOADED: checkpoints/eval_pools/mep_br/cramped_room5x5/baseline_seed_4_step_220.msgpack
Using alignment rollout scale: ALIGN_PAIR_BATCH_SIZE=2, ALIGN_EVAL_NUM_EPISODES=128, ALIGN_EVAL_NUM_STEPS=400
ALIGN ego[00] partner[00] R2=0.842617 NMSE=0.157383 shuffled_R2=-0.011666
ALIGN ego[00] partner[01] R2=0.922560 NMSE=0.077440 shuffled_R2=-0.007777
ALIGN ego[00] partner[02] R2=0.904083 NMSE=0.095917 shuffled_R2=-0.007174
ALIGN ego[00] partner[03] R2=0.929987 NMSE=0.070013 shuffled_R2=-0.007461
ALIGN ego[00] partner[04] R2=0.916727 NMSE=0.083273 shuffled_R2=-0.007670
ALIGN ego[01] partner[00] R2=0.901354 NMSE=0.098646 shuffled_R2=-0.007162
ALIGN ego[01] partner[01] R2=0.851871 NMSE=0.148129 shuffled_R2=-0.021036
ALIGN ego[01] partner[02] R2=0.916707 NMSE=0.083293 shuffled_R2=-0.007588
ALIGN ego[01] partner[03] R2=0.927278 NMSE=0.072722 shuffled_R2=-0.007305
ALIGN ego[01] partner[04] R2=0.886081 NMSE=0.113919 shuffled_R2=-0.016009
ALIGN ego[02] partner[00] R2=0.912981 NMSE=0.087019 shuffled_R2=-0.008378
ALIGN ego[02] partner[01] R2=0.913437 NMSE=0.086563 shuffled_R2=-0.006730
ALIGN ego[02] partner[02] R2=0.899601 NMSE=0.100399 shuffled_R2=-0.011458
ALIGN ego[02] partner[03] R2=0.936631 NMSE=0.063369 shuffled_R2=-0.007925
ALIGN ego[02] partner[04] R2=0.945665 NMSE=0.054335 shuffled_R2=-0.006894
ALIGN ego[03] partner[00] R2=0.884432 NMSE=0.115568 shuffled_R2=-0.007818
ALIGN ego[03] partner[01] R2=0.897156 NMSE=0.102844 shuffled_R2=-0.011318
ALIGN ego[03] partner[02] R2=0.898970 NMSE=0.101030 shuffled_R2=-0.007234
ALIGN ego[03] partner[03] R2=0.940782 NMSE=0.059218 shuffled_R2=-0.007055
ALIGN ego[03] partner[04] R2=0.897302 NMSE=0.102698 shuffled_R2=-0.007686
ALIGN ego[04] partner[00] R2=0.783589 NMSE=0.216411 shuffled_R2=-0.013568
ALIGN ego[04] partner[01] R2=0.904620 NMSE=0.095380 shuffled_R2=-0.007323
ALIGN ego[04] partner[02] R2=0.913462 NMSE=0.086538 shuffled_R2=-0.008502
ALIGN ego[04] partner[03] R2=0.911694 NMSE=0.088306 shuffled_R2=-0.008325
ALIGN ego[04] partner[04] R2=0.916488 NMSE=0.083512 shuffled_R2=-0.011323
Evaluating partner alignment group 2: method=pbt, prefix=checkpoints/eval_pools/pbt
LOADED: checkpoints/eval_pools/pbt/cramped_room5x5/baseline_seed_0_step_62.msgpack
LOADED: checkpoints/eval_pools/pbt/cramped_room5x5/baseline_seed_1_step_62.msgpack
LOADED: checkpoints/eval_pools/pbt/cramped_room5x5/baseline_seed_2_step_62.msgpack
LOADED: checkpoints/eval_pools/pbt/cramped_room5x5/baseline_seed_3_step_62.msgpack
LOADED: checkpoints/eval_pools/pbt/cramped_room5x5/baseline_seed_4_step_62.msgpack
Using alignment rollout scale: ALIGN_PAIR_BATCH_SIZE=2, ALIGN_EVAL_NUM_EPISODES=128, ALIGN_EVAL_NUM_STEPS=400
ALIGN ego[00] partner[00] R2=0.849117 NMSE=0.150883 shuffled_R2=-0.007965
ALIGN ego[00] partner[01] R2=0.833837 NMSE=0.166163 shuffled_R2=-0.007976
ALIGN ego[00] partner[02] R2=0.854839 NMSE=0.145161 shuffled_R2=-0.007620
ALIGN ego[00] partner[03] R2=0.845383 NMSE=0.154617 shuffled_R2=-0.007254
ALIGN ego[00] partner[04] R2=0.834302 NMSE=0.165698 shuffled_R2=-0.008020
ALIGN ego[01] partner[00] R2=0.851606 NMSE=0.148394 shuffled_R2=-0.009457
ALIGN ego[01] partner[01] R2=0.866191 NMSE=0.133809 shuffled_R2=-0.006356
ALIGN ego[01] partner[02] R2=0.854995 NMSE=0.145005 shuffled_R2=-0.007667
ALIGN ego[01] partner[03] R2=0.839520 NMSE=0.160480 shuffled_R2=-0.007250
ALIGN ego[01] partner[04] R2=0.862433 NMSE=0.137567 shuffled_R2=-0.008545
ALIGN ego[02] partner[00] R2=0.838406 NMSE=0.161594 shuffled_R2=-0.007745
ALIGN ego[02] partner[01] R2=0.814407 NMSE=0.185593 shuffled_R2=-0.007087
ALIGN ego[02] partner[02] R2=0.804914 NMSE=0.195086 shuffled_R2=-0.007828
ALIGN ego[02] partner[03] R2=0.814639 NMSE=0.185361 shuffled_R2=-0.008184
ALIGN ego[02] partner[04] R2=0.835462 NMSE=0.164538 shuffled_R2=-0.008478
ALIGN ego[03] partner[00] R2=0.828907 NMSE=0.171093 shuffled_R2=-0.008788
ALIGN ego[03] partner[01] R2=0.824823 NMSE=0.175177 shuffled_R2=-0.007598
ALIGN ego[03] partner[02] R2=0.855551 NMSE=0.144449 shuffled_R2=-0.006504
ALIGN ego[03] partner[03] R2=0.690780 NMSE=0.309220 shuffled_R2=-0.016283
ALIGN ego[03] partner[04] R2=0.820996 NMSE=0.179004 shuffled_R2=-0.008349
ALIGN ego[04] partner[00] R2=0.855694 NMSE=0.144306 shuffled_R2=-0.007863
ALIGN ego[04] partner[01] R2=0.844236 NMSE=0.155764 shuffled_R2=-0.007869
ALIGN ego[04] partner[02] R2=0.626262 NMSE=0.373738 shuffled_R2=-0.037200
ALIGN ego[04] partner[03] R2=0.850810 NMSE=0.149190 shuffled_R2=-0.007197
ALIGN ego[04] partner[04] R2=0.840105 NMSE=0.159895 shuffled_R2=-0.007618
Evaluating partner alignment group 3: method=sp, prefix=checkpoints/eval_pools/sp
LOADED: checkpoints/eval_pools/sp/cramped_room5x5/baseline_seed_0_step_220.msgpack
LOADED: checkpoints/eval_pools/sp/cramped_room5x5/baseline_seed_1_step_220.msgpack
LOADED: checkpoints/eval_pools/sp/cramped_room5x5/baseline_seed_2_step_220.msgpack
LOADED: checkpoints/eval_pools/sp/cramped_room5x5/baseline_seed_3_step_220.msgpack
LOADED: checkpoints/eval_pools/sp/cramped_room5x5/baseline_seed_4_step_220.msgpack
Using alignment rollout scale: ALIGN_PAIR_BATCH_SIZE=2, ALIGN_EVAL_NUM_EPISODES=128, ALIGN_EVAL_NUM_STEPS=400
ALIGN ego[00] partner[00] R2=0.830256 NMSE=0.169744 shuffled_R2=-0.012751
ALIGN ego[00] partner[01] R2=0.939786 NMSE=0.060214 shuffled_R2=-0.007696
ALIGN ego[00] partner[02] R2=0.933883 NMSE=0.066117 shuffled_R2=-0.012277
ALIGN ego[00] partner[03] R2=0.868567 NMSE=0.131433 shuffled_R2=-0.014332
ALIGN ego[00] partner[04] R2=0.768491 NMSE=0.231509 shuffled_R2=-0.031636
ALIGN ego[01] partner[00] R2=0.921615 NMSE=0.078385 shuffled_R2=-0.007147
ALIGN ego[01] partner[01] R2=0.920224 NMSE=0.079776 shuffled_R2=-0.009443
ALIGN ego[01] partner[02] R2=0.921121 NMSE=0.078879 shuffled_R2=-0.008421
ALIGN ego[01] partner[03] R2=0.925950 NMSE=0.074050 shuffled_R2=-0.008119
ALIGN ego[01] partner[04] R2=0.943738 NMSE=0.056262 shuffled_R2=-0.007818
ALIGN ego[02] partner[00] R2=0.893927 NMSE=0.106073 shuffled_R2=-0.007740
ALIGN ego[02] partner[01] R2=0.931844 NMSE=0.068156 shuffled_R2=-0.007622
ALIGN ego[02] partner[02] R2=0.920328 NMSE=0.079672 shuffled_R2=-0.010555
ALIGN ego[02] partner[03] R2=0.920619 NMSE=0.079381 shuffled_R2=-0.007841
ALIGN ego[02] partner[04] R2=0.950198 NMSE=0.049802 shuffled_R2=-0.007387
ALIGN ego[03] partner[00] R2=0.900096 NMSE=0.099904 shuffled_R2=-0.008253
ALIGN ego[03] partner[01] R2=0.936588 NMSE=0.063412 shuffled_R2=-0.007745
ALIGN ego[03] partner[02] R2=0.930464 NMSE=0.069536 shuffled_R2=-0.007312
ALIGN ego[03] partner[03] R2=0.925755 NMSE=0.074245 shuffled_R2=-0.007981
ALIGN ego[03] partner[04] R2=0.943680 NMSE=0.056320 shuffled_R2=-0.007897
ALIGN ego[04] partner[00] R2=0.895022 NMSE=0.104978 shuffled_R2=-0.008475
ALIGN ego[04] partner[01] R2=0.939279 NMSE=0.060721 shuffled_R2=-0.009580
ALIGN ego[04] partner[02] R2=0.914529 NMSE=0.085471 shuffled_R2=-0.008222
ALIGN ego[04] partner[03] R2=0.916274 NMSE=0.083726 shuffled_R2=-0.008350
ALIGN ego[04] partner[04] R2=0.945379 NMSE=0.054621 shuffled_R2=-0.006531
Average ego-to-partner alignment R2: 0.885360 +- 0.005344 SE over 100 ego-partner pairs
Average alignment normalized MSE: 0.114640 +- 0.005344 SE
Average shuffled-control alignment R2: -0.009602 +- 0.000444 SE
Saved alignment results to xp_partner_results/mep_br_ego_vs_eval_pool_partner/cramped_room5x5
Evaluating XP partner matrix for ego_method=pbt, layout=cramped_room5x5
ego_prefix=checkpoints/pbt/, partner_pool_specs=e3t:checkpoints/eval_pools/e3t;mep_br:checkpoints/eval_pools/mep_br;pbt:checkpoints/eval_pools/pbt;sp:checkpoints/eval_pools/sp, result_name=pbt_ego_vs_eval_pool_partner, ego_perspective_transform=true
Importing submoduled environments...
Submoduled environments not found. Skipping import.
LOADED: checkpoints/pbt/cramped_room5x5/baseline_seed_0_step_62.msgpack
LOADED: checkpoints/pbt/cramped_room5x5/baseline_seed_1_step_62.msgpack
LOADED: checkpoints/pbt/cramped_room5x5/baseline_seed_2_step_62.msgpack
LOADED: checkpoints/pbt/cramped_room5x5/baseline_seed_3_step_62.msgpack
LOADED: checkpoints/pbt/cramped_room5x5/baseline_seed_4_step_62.msgpack
Evaluating partner group 0: method=e3t, prefix=checkpoints/eval_pools/e3t
LOADED: checkpoints/eval_pools/e3t/cramped_room5x5/baseline_seed_0_step_220.msgpack
LOADED: checkpoints/eval_pools/e3t/cramped_room5x5/baseline_seed_1_step_220.msgpack
LOADED: checkpoints/eval_pools/e3t/cramped_room5x5/baseline_seed_2_step_220.msgpack
LOADED: checkpoints/eval_pools/e3t/cramped_room5x5/baseline_seed_3_step_220.msgpack
LOADED: checkpoints/eval_pools/e3t/cramped_room5x5/baseline_seed_4_step_220.msgpack
Using XP rollout scale: XP_PAIR_BATCH_SIZE=32, EVAL_NUM_EPISODES=128, EVAL_NUM_STEPS=400
XP ego[00] partner[00] = 203.750
XP ego[00] partner[01] = 215.469
XP ego[00] partner[02] = 116.406
XP ego[00] partner[03] = 227.969
XP ego[00] partner[04] = 194.375
XP ego[01] partner[00] = 217.031
XP ego[01] partner[01] = 198.125
XP ego[01] partner[02] = 127.344
XP ego[01] partner[03] = 230.781
XP ego[01] partner[04] = 185.469
XP ego[02] partner[00] = 148.906
XP ego[02] partner[01] = 208.750
XP ego[02] partner[02] = 221.562
XP ego[02] partner[03] = 222.344
XP ego[02] partner[04] = 187.656
XP ego[03] partner[00] = 215.938
XP ego[03] partner[01] = 220.625
XP ego[03] partner[02] = 193.750
XP ego[03] partner[03] = 226.094
XP ego[03] partner[04] = 200.156
XP ego[04] partner[00] = 207.500
XP ego[04] partner[01] = 202.812
XP ego[04] partner[02] = 172.969
XP ego[04] partner[03] = 232.031
XP ego[04] partner[04] = 215.938
Evaluating partner group 1: method=mep_br, prefix=checkpoints/eval_pools/mep_br
LOADED: checkpoints/eval_pools/mep_br/cramped_room5x5/baseline_seed_0_step_220.msgpack
LOADED: checkpoints/eval_pools/mep_br/cramped_room5x5/baseline_seed_1_step_220.msgpack
LOADED: checkpoints/eval_pools/mep_br/cramped_room5x5/baseline_seed_2_step_220.msgpack
LOADED: checkpoints/eval_pools/mep_br/cramped_room5x5/baseline_seed_3_step_220.msgpack
LOADED: checkpoints/eval_pools/mep_br/cramped_room5x5/baseline_seed_4_step_220.msgpack
Using XP rollout scale: XP_PAIR_BATCH_SIZE=32, EVAL_NUM_EPISODES=128, EVAL_NUM_STEPS=400
XP ego[00] partner[00] = 223.281
XP ego[00] partner[01] = 227.500
XP ego[00] partner[02] = 168.750
XP ego[00] partner[03] = 237.344
XP ego[00] partner[04] = 209.062
XP ego[01] partner[00] = 215.312
XP ego[01] partner[01] = 19.531
XP ego[01] partner[02] = 63.750
XP ego[01] partner[03] = 8.906
XP ego[01] partner[04] = 211.719
XP ego[02] partner[00] = 222.969
XP ego[02] partner[01] = 118.281
XP ego[02] partner[02] = 97.812
XP ego[02] partner[03] = 138.281
XP ego[02] partner[04] = 174.219
XP ego[03] partner[00] = 219.375
XP ego[03] partner[01] = 215.469
XP ego[03] partner[02] = 169.531
XP ego[03] partner[03] = 183.594
XP ego[03] partner[04] = 180.312
XP ego[04] partner[00] = 213.594
XP ego[04] partner[01] = 20.625
XP ego[04] partner[02] = 62.344
XP ego[04] partner[03] = 134.688
XP ego[04] partner[04] = 27.500
Evaluating partner group 2: method=pbt, prefix=checkpoints/eval_pools/pbt
LOADED: checkpoints/eval_pools/pbt/cramped_room5x5/baseline_seed_0_step_62.msgpack
LOADED: checkpoints/eval_pools/pbt/cramped_room5x5/baseline_seed_1_step_62.msgpack
LOADED: checkpoints/eval_pools/pbt/cramped_room5x5/baseline_seed_2_step_62.msgpack
LOADED: checkpoints/eval_pools/pbt/cramped_room5x5/baseline_seed_3_step_62.msgpack
LOADED: checkpoints/eval_pools/pbt/cramped_room5x5/baseline_seed_4_step_62.msgpack
Using XP rollout scale: XP_PAIR_BATCH_SIZE=32, EVAL_NUM_EPISODES=128, EVAL_NUM_STEPS=400
XP ego[00] partner[00] = 214.062
XP ego[00] partner[01] = 220.000
XP ego[00] partner[02] = 217.812
XP ego[00] partner[03] = 200.625
XP ego[00] partner[04] = 200.000
XP ego[01] partner[00] = 219.062
XP ego[01] partner[01] = 196.875
XP ego[01] partner[02] = 199.062
XP ego[01] partner[03] = 200.469
XP ego[01] partner[04] = 202.969
XP ego[02] partner[00] = 149.531
XP ego[02] partner[01] = 186.406
XP ego[02] partner[02] = 151.250
XP ego[02] partner[03] = 170.312
XP ego[02] partner[04] = 144.688
XP ego[03] partner[00] = 71.719
XP ego[03] partner[01] = 151.875
XP ego[03] partner[02] = 106.875
XP ego[03] partner[03] = 104.375
XP ego[03] partner[04] = 81.094
XP ego[04] partner[00] = 220.469
XP ego[04] partner[01] = 220.625
XP ego[04] partner[02] = 222.500
XP ego[04] partner[03] = 206.094
XP ego[04] partner[04] = 204.688
Evaluating partner group 3: method=sp, prefix=checkpoints/eval_pools/sp
LOADED: checkpoints/eval_pools/sp/cramped_room5x5/baseline_seed_0_step_220.msgpack
LOADED: checkpoints/eval_pools/sp/cramped_room5x5/baseline_seed_1_step_220.msgpack
LOADED: checkpoints/eval_pools/sp/cramped_room5x5/baseline_seed_2_step_220.msgpack
LOADED: checkpoints/eval_pools/sp/cramped_room5x5/baseline_seed_3_step_220.msgpack
LOADED: checkpoints/eval_pools/sp/cramped_room5x5/baseline_seed_4_step_220.msgpack
Using XP rollout scale: XP_PAIR_BATCH_SIZE=32, EVAL_NUM_EPISODES=128, EVAL_NUM_STEPS=400
XP ego[00] partner[00] = 61.250
XP ego[00] partner[01] = 215.000
XP ego[00] partner[02] = 224.531
XP ego[00] partner[03] = 212.500
XP ego[00] partner[04] = 191.094
XP ego[01] partner[00] = 56.719
XP ego[01] partner[01] = 29.531
XP ego[01] partner[02] = 218.438
XP ego[01] partner[03] = 113.281
XP ego[01] partner[04] = 13.281
XP ego[02] partner[00] = 120.312
XP ego[02] partner[01] = 95.156
XP ego[02] partner[02] = 217.656
XP ego[02] partner[03] = 118.906
XP ego[02] partner[04] = 102.656
XP ego[03] partner[00] = 88.438
XP ego[03] partner[01] = 185.469
XP ego[03] partner[02] = 213.906
XP ego[03] partner[03] = 120.469
XP ego[03] partner[04] = 81.719
XP ego[04] partner[00] = 123.906
XP ego[04] partner[01] = 20.312
XP ego[04] partner[02] = 235.781
XP ego[04] partner[03] = 118.906
XP ego[04] partner[04] = 9.062
Average ego-vs-partner performance: 164.092 +- 6.505 SE over 100 ordered pairs
Average diagonal performance: 213.094 +- 5.292 SE over 5 pairs
Average off-diagonal performance (only for square pools): nan +- nan SE over 0 ordered pairs
Saved XP results to xp_partner_results/pbt_ego_vs_eval_pool_partner/cramped_room5x5
Saved XP heatmap to xp_partner_results/pbt_ego_vs_eval_pool_partner/cramped_room5x5/xp_matrix.png
Evaluating partner alignment group 0: method=e3t, prefix=checkpoints/eval_pools/e3t
LOADED: checkpoints/eval_pools/e3t/cramped_room5x5/baseline_seed_0_step_220.msgpack
LOADED: checkpoints/eval_pools/e3t/cramped_room5x5/baseline_seed_1_step_220.msgpack
LOADED: checkpoints/eval_pools/e3t/cramped_room5x5/baseline_seed_2_step_220.msgpack
LOADED: checkpoints/eval_pools/e3t/cramped_room5x5/baseline_seed_3_step_220.msgpack
LOADED: checkpoints/eval_pools/e3t/cramped_room5x5/baseline_seed_4_step_220.msgpack
Using alignment rollout scale: ALIGN_PAIR_BATCH_SIZE=2, ALIGN_EVAL_NUM_EPISODES=128, ALIGN_EVAL_NUM_STEPS=400
ALIGN ego[00] partner[00] R2=0.924382 NMSE=0.075618 shuffled_R2=-0.008693
ALIGN ego[00] partner[01] R2=0.896310 NMSE=0.103690 shuffled_R2=-0.023699
ALIGN ego[00] partner[02] R2=0.945472 NMSE=0.054528 shuffled_R2=-0.009742
ALIGN ego[00] partner[03] R2=0.893070 NMSE=0.106930 shuffled_R2=-0.024646
ALIGN ego[00] partner[04] R2=0.948889 NMSE=0.051111 shuffled_R2=-0.007722
ALIGN ego[01] partner[00] R2=0.942900 NMSE=0.057100 shuffled_R2=-0.007882
ALIGN ego[01] partner[01] R2=0.922923 NMSE=0.077077 shuffled_R2=-0.008934
ALIGN ego[01] partner[02] R2=0.935473 NMSE=0.064527 shuffled_R2=-0.010120
ALIGN ego[01] partner[03] R2=0.908063 NMSE=0.091937 shuffled_R2=-0.010336
ALIGN ego[01] partner[04] R2=0.874421 NMSE=0.125579 shuffled_R2=-0.018461
ALIGN ego[02] partner[00] R2=0.876516 NMSE=0.123484 shuffled_R2=-0.010050
ALIGN ego[02] partner[01] R2=0.889048 NMSE=0.110952 shuffled_R2=-0.018012
ALIGN ego[02] partner[02] R2=0.924052 NMSE=0.075948 shuffled_R2=-0.008855
ALIGN ego[02] partner[03] R2=0.853858 NMSE=0.146142 shuffled_R2=-0.012856
ALIGN ego[02] partner[04] R2=0.943802 NMSE=0.056198 shuffled_R2=-0.009280
ALIGN ego[03] partner[00] R2=0.941312 NMSE=0.058688 shuffled_R2=-0.009825
ALIGN ego[03] partner[01] R2=-1.137758 NMSE=2.137758 shuffled_R2=-0.363300
ALIGN ego[03] partner[02] R2=0.937026 NMSE=0.062974 shuffled_R2=-0.009000
ALIGN ego[03] partner[03] R2=0.887214 NMSE=0.112786 shuffled_R2=-0.010551
ALIGN ego[03] partner[04] R2=0.932071 NMSE=0.067929 shuffled_R2=-0.008159
ALIGN ego[04] partner[00] R2=0.947093 NMSE=0.052907 shuffled_R2=-0.007388
ALIGN ego[04] partner[01] R2=0.908103 NMSE=0.091897 shuffled_R2=-0.012388
ALIGN ego[04] partner[02] R2=0.935512 NMSE=0.064488 shuffled_R2=-0.009035
ALIGN ego[04] partner[03] R2=0.933893 NMSE=0.066107 shuffled_R2=-0.008735
ALIGN ego[04] partner[04] R2=0.935645 NMSE=0.064355 shuffled_R2=-0.009468
Evaluating partner alignment group 1: method=mep_br, prefix=checkpoints/eval_pools/mep_br
LOADED: checkpoints/eval_pools/mep_br/cramped_room5x5/baseline_seed_0_step_220.msgpack
LOADED: checkpoints/eval_pools/mep_br/cramped_room5x5/baseline_seed_1_step_220.msgpack
LOADED: checkpoints/eval_pools/mep_br/cramped_room5x5/baseline_seed_2_step_220.msgpack
LOADED: checkpoints/eval_pools/mep_br/cramped_room5x5/baseline_seed_3_step_220.msgpack
LOADED: checkpoints/eval_pools/mep_br/cramped_room5x5/baseline_seed_4_step_220.msgpack
Using alignment rollout scale: ALIGN_PAIR_BATCH_SIZE=2, ALIGN_EVAL_NUM_EPISODES=128, ALIGN_EVAL_NUM_STEPS=400
ALIGN ego[00] partner[00] R2=0.888294 NMSE=0.111706 shuffled_R2=-0.011088
ALIGN ego[00] partner[01] R2=0.908916 NMSE=0.091084 shuffled_R2=-0.009144
ALIGN ego[00] partner[02] R2=0.935832 NMSE=0.064168 shuffled_R2=-0.008684
ALIGN ego[00] partner[03] R2=0.930502 NMSE=0.069498 shuffled_R2=-0.010100
ALIGN ego[00] partner[04] R2=0.907722 NMSE=0.092278 shuffled_R2=-0.007392
ALIGN ego[01] partner[00] R2=0.947409 NMSE=0.052591 shuffled_R2=-0.008191
ALIGN ego[01] partner[01] R2=0.920262 NMSE=0.079738 shuffled_R2=-0.009666
ALIGN ego[01] partner[02] R2=0.920232 NMSE=0.079768 shuffled_R2=-0.013248
ALIGN ego[01] partner[03] R2=0.814977 NMSE=0.185023 shuffled_R2=-0.026871
ALIGN ego[01] partner[04] R2=0.924667 NMSE=0.075333 shuffled_R2=-0.011264
ALIGN ego[02] partner[00] R2=0.955646 NMSE=0.044354 shuffled_R2=-0.010094
ALIGN ego[02] partner[01] R2=0.944267 NMSE=0.055733 shuffled_R2=-0.006977
ALIGN ego[02] partner[02] R2=0.377786 NMSE=0.622214 shuffled_R2=-0.194388
ALIGN ego[02] partner[03] R2=0.936304 NMSE=0.063696 shuffled_R2=-0.008544
ALIGN ego[02] partner[04] R2=0.920230 NMSE=0.079770 shuffled_R2=-0.007473
ALIGN ego[03] partner[00] R2=0.943423 NMSE=0.056577 shuffled_R2=-0.009379
ALIGN ego[03] partner[01] R2=0.905852 NMSE=0.094148 shuffled_R2=-0.008536
ALIGN ego[03] partner[02] R2=0.921686 NMSE=0.078314 shuffled_R2=-0.008943
ALIGN ego[03] partner[03] R2=0.922156 NMSE=0.077844 shuffled_R2=-0.011927
ALIGN ego[03] partner[04] R2=-7.912186 NMSE=8.912186 shuffled_R2=-1.410266
ALIGN ego[04] partner[00] R2=0.834927 NMSE=0.165073 shuffled_R2=-0.020768
ALIGN ego[04] partner[01] R2=0.884830 NMSE=0.115170 shuffled_R2=-0.013396
ALIGN ego[04] partner[02] R2=0.926376 NMSE=0.073624 shuffled_R2=-0.008893
ALIGN ego[04] partner[03] R2=0.930670 NMSE=0.069330 shuffled_R2=-0.009372
ALIGN ego[04] partner[04] R2=0.342360 NMSE=0.657640 shuffled_R2=-0.167756
Evaluating partner alignment group 2: method=pbt, prefix=checkpoints/eval_pools/pbt
LOADED: checkpoints/eval_pools/pbt/cramped_room5x5/baseline_seed_0_step_62.msgpack
LOADED: checkpoints/eval_pools/pbt/cramped_room5x5/baseline_seed_1_step_62.msgpack
LOADED: checkpoints/eval_pools/pbt/cramped_room5x5/baseline_seed_2_step_62.msgpack
LOADED: checkpoints/eval_pools/pbt/cramped_room5x5/baseline_seed_3_step_62.msgpack
LOADED: checkpoints/eval_pools/pbt/cramped_room5x5/baseline_seed_4_step_62.msgpack
Using alignment rollout scale: ALIGN_PAIR_BATCH_SIZE=2, ALIGN_EVAL_NUM_EPISODES=128, ALIGN_EVAL_NUM_STEPS=400
ALIGN ego[00] partner[00] R2=0.819824 NMSE=0.180176 shuffled_R2=-0.014477
ALIGN ego[00] partner[01] R2=0.768358 NMSE=0.231642 shuffled_R2=-0.010113
ALIGN ego[00] partner[02] R2=0.883933 NMSE=0.116067 shuffled_R2=-0.009955
ALIGN ego[00] partner[03] R2=0.859633 NMSE=0.140367 shuffled_R2=-0.009935
ALIGN ego[00] partner[04] R2=0.848237 NMSE=0.151763 shuffled_R2=-0.007783
ALIGN ego[01] partner[00] R2=0.769656 NMSE=0.230344 shuffled_R2=-0.030038
ALIGN ego[01] partner[01] R2=0.875732 NMSE=0.124268 shuffled_R2=-0.015810
ALIGN ego[01] partner[02] R2=0.611003 NMSE=0.388997 shuffled_R2=-0.033440
ALIGN ego[01] partner[03] R2=0.795552 NMSE=0.204448 shuffled_R2=-0.015750
ALIGN ego[01] partner[04] R2=0.900538 NMSE=0.099462 shuffled_R2=-0.013217
ALIGN ego[02] partner[00] R2=0.884418 NMSE=0.115582 shuffled_R2=-0.009707
ALIGN ego[02] partner[01] R2=0.860484 NMSE=0.139516 shuffled_R2=-0.008111
ALIGN ego[02] partner[02] R2=0.858965 NMSE=0.141035 shuffled_R2=-0.009211
ALIGN ego[02] partner[03] R2=0.841076 NMSE=0.158924 shuffled_R2=-0.015219
ALIGN ego[02] partner[04] R2=0.757410 NMSE=0.242590 shuffled_R2=-0.014461
ALIGN ego[03] partner[00] R2=0.839917 NMSE=0.160083 shuffled_R2=-0.008906
ALIGN ego[03] partner[01] R2=0.859749 NMSE=0.140251 shuffled_R2=-0.006854
ALIGN ego[03] partner[02] R2=0.802526 NMSE=0.197474 shuffled_R2=-0.025490
ALIGN ego[03] partner[03] R2=0.839451 NMSE=0.160549 shuffled_R2=-0.009617
ALIGN ego[03] partner[04] R2=0.851278 NMSE=0.148722 shuffled_R2=-0.010718
ALIGN ego[04] partner[00] R2=0.908346 NMSE=0.091654 shuffled_R2=-0.008239
ALIGN ego[04] partner[01] R2=0.854294 NMSE=0.145706 shuffled_R2=-0.008842
ALIGN ego[04] partner[02] R2=0.873918 NMSE=0.126082 shuffled_R2=-0.009597
ALIGN ego[04] partner[03] R2=0.884996 NMSE=0.115004 shuffled_R2=-0.007068
ALIGN ego[04] partner[04] R2=0.855723 NMSE=0.144277 shuffled_R2=-0.006666
Evaluating partner alignment group 3: method=sp, prefix=checkpoints/eval_pools/sp
LOADED: checkpoints/eval_pools/sp/cramped_room5x5/baseline_seed_0_step_220.msgpack
LOADED: checkpoints/eval_pools/sp/cramped_room5x5/baseline_seed_1_step_220.msgpack
LOADED: checkpoints/eval_pools/sp/cramped_room5x5/baseline_seed_2_step_220.msgpack
LOADED: checkpoints/eval_pools/sp/cramped_room5x5/baseline_seed_3_step_220.msgpack
LOADED: checkpoints/eval_pools/sp/cramped_room5x5/baseline_seed_4_step_220.msgpack
Using alignment rollout scale: ALIGN_PAIR_BATCH_SIZE=2, ALIGN_EVAL_NUM_EPISODES=128, ALIGN_EVAL_NUM_STEPS=400
ALIGN ego[00] partner[00] R2=0.864559 NMSE=0.135441 shuffled_R2=-0.027318
ALIGN ego[00] partner[01] R2=0.920650 NMSE=0.079350 shuffled_R2=-0.007561
ALIGN ego[00] partner[02] R2=0.913855 NMSE=0.086145 shuffled_R2=-0.014894
ALIGN ego[00] partner[03] R2=0.927899 NMSE=0.072101 shuffled_R2=-0.007360
ALIGN ego[00] partner[04] R2=0.923231 NMSE=0.076769 shuffled_R2=-0.008183
ALIGN ego[01] partner[00] R2=0.880744 NMSE=0.119256 shuffled_R2=-0.010829
ALIGN ego[01] partner[01] R2=0.925837 NMSE=0.074163 shuffled_R2=-0.011827
ALIGN ego[01] partner[02] R2=0.852851 NMSE=0.147149 shuffled_R2=-0.023868
ALIGN ego[01] partner[03] R2=0.948093 NMSE=0.051907 shuffled_R2=-0.010149
ALIGN ego[01] partner[04] R2=0.045528 NMSE=0.954472 shuffled_R2=-0.397992
ALIGN ego[02] partner[00] R2=0.907201 NMSE=0.092799 shuffled_R2=-0.027462
ALIGN ego[02] partner[01] R2=0.955296 NMSE=0.044704 shuffled_R2=-0.009596
ALIGN ego[02] partner[02] R2=0.950757 NMSE=0.049243 shuffled_R2=-0.007442
ALIGN ego[02] partner[03] R2=0.933816 NMSE=0.066184 shuffled_R2=-0.009509
ALIGN ego[02] partner[04] R2=0.944207 NMSE=0.055793 shuffled_R2=-0.006880
ALIGN ego[03] partner[00] R2=0.903871 NMSE=0.096129 shuffled_R2=-0.013945
ALIGN ego[03] partner[01] R2=0.924691 NMSE=0.075309 shuffled_R2=-0.008240
ALIGN ego[03] partner[02] R2=0.950212 NMSE=0.049788 shuffled_R2=-0.008795
ALIGN ego[03] partner[03] R2=0.939558 NMSE=0.060442 shuffled_R2=-0.006963
ALIGN ego[03] partner[04] R2=0.943155 NMSE=0.056845 shuffled_R2=-0.013167
ALIGN ego[04] partner[00] R2=0.935925 NMSE=0.064075 shuffled_R2=-0.008852
ALIGN ego[04] partner[01] R2=0.922967 NMSE=0.077033 shuffled_R2=-0.012462
ALIGN ego[04] partner[02] R2=0.883645 NMSE=0.116355 shuffled_R2=-0.017771
ALIGN ego[04] partner[03] R2=0.925300 NMSE=0.074700 shuffled_R2=-0.007951
ALIGN ego[04] partner[04] R2=0.903998 NMSE=0.096002 shuffled_R2=-0.015127
Average ego-to-partner alignment R2: 0.768653 +- 0.090827 SE over 100 ego-partner pairs
Average alignment normalized MSE: 0.231347 +- 0.090827 SE
Average shuffled-control alignment R2: -0.036629 +- 0.015000 SE
Saved alignment results to xp_partner_results/pbt_ego_vs_eval_pool_partner/cramped_room5x5
