Script directory: /mnt/iusers01/fatpou01/compsci01/n70579mp/scratch/tom/JaxMARL
Evaluating XP partner matrix for ego_method=ph2v5, layout=coord_ring
ego_prefix=checkpoints/ph2v5/, partner_pool_specs=e3t:checkpoints/eval_pools/e3t;mep_br:checkpoints/eval_pools/mep_br;pbt:checkpoints/eval_pools/pbt;sp:checkpoints/eval_pools/sp, result_name=ph2v5_ego_vs_eval_pool_partner, ego_perspective_transform=true
Importing submoduled environments...
Submoduled environments not found. Skipping import.
2026-07-01 06:58:08.728305: W external/xla/xla/service/gpu/autotuning/dot_search_space.cc:200] All configs were filtered out because none of them sufficiently match the hints. Maybe the hints set does not contain a good representative set of valid configs?Working around this by using the full hints set instead.
2026-07-01 06:58:09.827348: W external/xla/xla/service/gpu/autotuning/dot_search_space.cc:200] All configs were filtered out because none of them sufficiently match the hints. Maybe the hints set does not contain a good representative set of valid configs?Working around this by using the full hints set instead.
LOADED: checkpoints/ph2v5/coord_ring/baseline_seed_0_step_220.msgpack
LOADED: checkpoints/ph2v5/coord_ring/baseline_seed_1_step_220.msgpack
LOADED: checkpoints/ph2v5/coord_ring/baseline_seed_2_step_220.msgpack
LOADED: checkpoints/ph2v5/coord_ring/baseline_seed_3_step_220.msgpack
LOADED: checkpoints/ph2v5/coord_ring/baseline_seed_4_step_220.msgpack
Evaluating partner group 0: method=e3t, prefix=checkpoints/eval_pools/e3t
LOADED: checkpoints/eval_pools/e3t/coord_ring/baseline_seed_0_step_220.msgpack
LOADED: checkpoints/eval_pools/e3t/coord_ring/baseline_seed_1_step_220.msgpack
LOADED: checkpoints/eval_pools/e3t/coord_ring/baseline_seed_2_step_220.msgpack
LOADED: checkpoints/eval_pools/e3t/coord_ring/baseline_seed_3_step_220.msgpack
LOADED: checkpoints/eval_pools/e3t/coord_ring/baseline_seed_4_step_220.msgpack
Using XP rollout scale: XP_PAIR_BATCH_SIZE=32, EVAL_NUM_EPISODES=128, EVAL_NUM_STEPS=400
XP ego[00] partner[00] = 233.906
XP ego[00] partner[01] = 285.625
XP ego[00] partner[02] = 28.125
XP ego[00] partner[03] = 246.094
XP ego[00] partner[04] = 272.812
XP ego[01] partner[00] = 261.250
XP ego[01] partner[01] = 286.250
XP ego[01] partner[02] = 20.312
XP ego[01] partner[03] = 289.531
XP ego[01] partner[04] = 277.969
XP ego[02] partner[00] = 268.281
XP ego[02] partner[01] = 308.750
XP ego[02] partner[02] = 7.656
XP ego[02] partner[03] = 287.031
XP ego[02] partner[04] = 295.938
XP ego[03] partner[00] = 312.812
XP ego[03] partner[01] = 298.594
XP ego[03] partner[02] = 21.094
XP ego[03] partner[03] = 297.344
XP ego[03] partner[04] = 286.094
XP ego[04] partner[00] = 206.719
XP ego[04] partner[01] = 285.938
XP ego[04] partner[02] = 30.312
XP ego[04] partner[03] = 274.844
XP ego[04] partner[04] = 274.375
Evaluating partner group 1: method=mep_br, prefix=checkpoints/eval_pools/mep_br
LOADED: checkpoints/eval_pools/mep_br/coord_ring/baseline_seed_0_step_220.msgpack
LOADED: checkpoints/eval_pools/mep_br/coord_ring/baseline_seed_1_step_220.msgpack
LOADED: checkpoints/eval_pools/mep_br/coord_ring/baseline_seed_2_step_220.msgpack
LOADED: checkpoints/eval_pools/mep_br/coord_ring/baseline_seed_3_step_220.msgpack
LOADED: checkpoints/eval_pools/mep_br/coord_ring/baseline_seed_4_step_220.msgpack
Using XP rollout scale: XP_PAIR_BATCH_SIZE=32, EVAL_NUM_EPISODES=128, EVAL_NUM_STEPS=400
XP ego[00] partner[00] = 269.844
XP ego[00] partner[01] = 285.469
XP ego[00] partner[02] = 281.094
XP ego[00] partner[03] = 169.219
XP ego[00] partner[04] = 267.812
XP ego[01] partner[00] = 251.094
XP ego[01] partner[01] = 298.125
XP ego[01] partner[02] = 284.531
XP ego[01] partner[03] = 206.406
XP ego[01] partner[04] = 265.625
XP ego[02] partner[00] = 278.438
XP ego[02] partner[01] = 305.781
XP ego[02] partner[02] = 300.781
XP ego[02] partner[03] = 203.438
XP ego[02] partner[04] = 283.125
XP ego[03] partner[00] = 269.219
XP ego[03] partner[01] = 297.031
XP ego[03] partner[02] = 288.125
XP ego[03] partner[03] = 154.844
XP ego[03] partner[04] = 283.281
XP ego[04] partner[00] = 233.750
XP ego[04] partner[01] = 298.125
XP ego[04] partner[02] = 252.500
XP ego[04] partner[03] = 282.969
XP ego[04] partner[04] = 278.281
Evaluating partner group 2: method=pbt, prefix=checkpoints/eval_pools/pbt
LOADED: checkpoints/eval_pools/pbt/coord_ring/baseline_seed_0_step_62.msgpack
LOADED: checkpoints/eval_pools/pbt/coord_ring/baseline_seed_1_step_62.msgpack
LOADED: checkpoints/eval_pools/pbt/coord_ring/baseline_seed_2_step_62.msgpack
LOADED: checkpoints/eval_pools/pbt/coord_ring/baseline_seed_3_step_62.msgpack
LOADED: checkpoints/eval_pools/pbt/coord_ring/baseline_seed_4_step_62.msgpack
Using XP rollout scale: XP_PAIR_BATCH_SIZE=32, EVAL_NUM_EPISODES=128, EVAL_NUM_STEPS=400
XP ego[00] partner[00] = 292.500
XP ego[00] partner[01] = 272.500
XP ego[00] partner[02] = 276.719
XP ego[00] partner[03] = 260.781
XP ego[00] partner[04] = 296.094
XP ego[01] partner[00] = 286.406
XP ego[01] partner[01] = 265.312
XP ego[01] partner[02] = 288.125
XP ego[01] partner[03] = 245.312
XP ego[01] partner[04] = 282.031
XP ego[02] partner[00] = 304.062
XP ego[02] partner[01] = 286.250
XP ego[02] partner[02] = 278.906
XP ego[02] partner[03] = 266.094
XP ego[02] partner[04] = 265.000
XP ego[03] partner[00] = 295.625
XP ego[03] partner[01] = 270.781
XP ego[03] partner[02] = 274.219
XP ego[03] partner[03] = 291.562
XP ego[03] partner[04] = 297.656
XP ego[04] partner[00] = 293.125
XP ego[04] partner[01] = 275.312
XP ego[04] partner[02] = 282.500
XP ego[04] partner[03] = 280.312
XP ego[04] partner[04] = 283.438
Evaluating partner group 3: method=sp, prefix=checkpoints/eval_pools/sp
LOADED: checkpoints/eval_pools/sp/coord_ring/baseline_seed_0_step_220.msgpack
LOADED: checkpoints/eval_pools/sp/coord_ring/baseline_seed_1_step_220.msgpack
LOADED: checkpoints/eval_pools/sp/coord_ring/baseline_seed_2_step_220.msgpack
LOADED: checkpoints/eval_pools/sp/coord_ring/baseline_seed_3_step_220.msgpack
LOADED: checkpoints/eval_pools/sp/coord_ring/baseline_seed_4_step_220.msgpack
Using XP rollout scale: XP_PAIR_BATCH_SIZE=32, EVAL_NUM_EPISODES=128, EVAL_NUM_STEPS=400
XP ego[00] partner[00] = 270.938
XP ego[00] partner[01] = 287.031
XP ego[00] partner[02] = 276.406
XP ego[00] partner[03] = 267.656
XP ego[00] partner[04] = 271.719
XP ego[01] partner[00] = 304.688
XP ego[01] partner[01] = 268.125
XP ego[01] partner[02] = 265.625
XP ego[01] partner[03] = 288.750
XP ego[01] partner[04] = 272.188
XP ego[02] partner[00] = 294.844
XP ego[02] partner[01] = 283.594
XP ego[02] partner[02] = 200.625
XP ego[02] partner[03] = 296.094
XP ego[02] partner[04] = 296.250
XP ego[03] partner[00] = 300.156
XP ego[03] partner[01] = 282.500
XP ego[03] partner[02] = 267.344
XP ego[03] partner[03] = 268.594
XP ego[03] partner[04] = 273.906
XP ego[04] partner[00] = 295.625
XP ego[04] partner[01] = 270.625
XP ego[04] partner[02] = 234.375
XP ego[04] partner[03] = 279.375
XP ego[04] partner[04] = 275.156
Average ego-vs-partner performance: 261.494 +- 6.149 SE over 100 ordered pairs
Average diagonal performance: 219.906 +- 54.135 SE over 5 pairs
Average off-diagonal performance (only for square pools): nan +- nan SE over 0 ordered pairs
Saved XP results to xp_partner_results/ph2v5_ego_vs_eval_pool_partner/coord_ring
Saved XP heatmap to xp_partner_results/ph2v5_ego_vs_eval_pool_partner/coord_ring/xp_matrix.png
Evaluating partner alignment group 0: method=e3t, prefix=checkpoints/eval_pools/e3t
LOADED: checkpoints/eval_pools/e3t/coord_ring/baseline_seed_0_step_220.msgpack
LOADED: checkpoints/eval_pools/e3t/coord_ring/baseline_seed_1_step_220.msgpack
LOADED: checkpoints/eval_pools/e3t/coord_ring/baseline_seed_2_step_220.msgpack
LOADED: checkpoints/eval_pools/e3t/coord_ring/baseline_seed_3_step_220.msgpack
LOADED: checkpoints/eval_pools/e3t/coord_ring/baseline_seed_4_step_220.msgpack
Using alignment rollout scale: ALIGN_PAIR_BATCH_SIZE=2, ALIGN_EVAL_NUM_EPISODES=128, ALIGN_EVAL_NUM_STEPS=400
ALIGN ego[00] partner[00] R2=0.870851 NMSE=0.129149 shuffled_R2=-0.018393
ALIGN ego[00] partner[01] R2=0.865948 NMSE=0.134052 shuffled_R2=-0.016632
ALIGN ego[00] partner[02] R2=0.788699 NMSE=0.211301 shuffled_R2=-0.072419
ALIGN ego[00] partner[03] R2=0.827528 NMSE=0.172472 shuffled_R2=-0.027169
ALIGN ego[00] partner[04] R2=0.905897 NMSE=0.094103 shuffled_R2=-0.016631
ALIGN ego[01] partner[00] R2=0.915959 NMSE=0.084041 shuffled_R2=-0.017221
ALIGN ego[01] partner[01] R2=0.871581 NMSE=0.128419 shuffled_R2=-0.016384
ALIGN ego[01] partner[02] R2=0.949523 NMSE=0.050477 shuffled_R2=-0.018741
ALIGN ego[01] partner[03] R2=0.892269 NMSE=0.107731 shuffled_R2=-0.014285
ALIGN ego[01] partner[04] R2=0.813650 NMSE=0.186350 shuffled_R2=-0.026397
ALIGN ego[02] partner[00] R2=0.818298 NMSE=0.181702 shuffled_R2=-0.031420
ALIGN ego[02] partner[01] R2=0.778123 NMSE=0.221877 shuffled_R2=-0.033160
ALIGN ego[02] partner[02] R2=0.960727 NMSE=0.039273 shuffled_R2=-0.016597
ALIGN ego[02] partner[03] R2=0.894038 NMSE=0.105962 shuffled_R2=-0.014308
ALIGN ego[02] partner[04] R2=0.866006 NMSE=0.133994 shuffled_R2=-0.016789
ALIGN ego[03] partner[00] R2=0.915021 NMSE=0.084979 shuffled_R2=-0.018162
ALIGN ego[03] partner[01] R2=0.862629 NMSE=0.137371 shuffled_R2=-0.018178
ALIGN ego[03] partner[02] R2=0.476954 NMSE=0.523046 shuffled_R2=-0.093782
ALIGN ego[03] partner[03] R2=0.879771 NMSE=0.120229 shuffled_R2=-0.016077
ALIGN ego[03] partner[04] R2=0.908126 NMSE=0.091874 shuffled_R2=-0.015916
ALIGN ego[04] partner[00] R2=0.906383 NMSE=0.093617 shuffled_R2=-0.015467
ALIGN ego[04] partner[01] R2=0.786217 NMSE=0.213783 shuffled_R2=-0.033784
ALIGN ego[04] partner[02] R2=0.915225 NMSE=0.084775 shuffled_R2=-0.022398
ALIGN ego[04] partner[03] R2=0.905990 NMSE=0.094010 shuffled_R2=-0.014750
ALIGN ego[04] partner[04] R2=0.867973 NMSE=0.132027 shuffled_R2=-0.016404
Evaluating partner alignment group 1: method=mep_br, prefix=checkpoints/eval_pools/mep_br
LOADED: checkpoints/eval_pools/mep_br/coord_ring/baseline_seed_0_step_220.msgpack
LOADED: checkpoints/eval_pools/mep_br/coord_ring/baseline_seed_1_step_220.msgpack
LOADED: checkpoints/eval_pools/mep_br/coord_ring/baseline_seed_2_step_220.msgpack
LOADED: checkpoints/eval_pools/mep_br/coord_ring/baseline_seed_3_step_220.msgpack
LOADED: checkpoints/eval_pools/mep_br/coord_ring/baseline_seed_4_step_220.msgpack
Using alignment rollout scale: ALIGN_PAIR_BATCH_SIZE=2, ALIGN_EVAL_NUM_EPISODES=128, ALIGN_EVAL_NUM_STEPS=400
ALIGN ego[00] partner[00] R2=0.926345 NMSE=0.073655 shuffled_R2=-0.016366
ALIGN ego[00] partner[01] R2=0.912505 NMSE=0.087495 shuffled_R2=-0.016854
ALIGN ego[00] partner[02] R2=0.896511 NMSE=0.103489 shuffled_R2=-0.017837
ALIGN ego[00] partner[03] R2=0.935301 NMSE=0.064699 shuffled_R2=-0.018394
ALIGN ego[00] partner[04] R2=0.907295 NMSE=0.092705 shuffled_R2=-0.024766
ALIGN ego[01] partner[00] R2=0.909232 NMSE=0.090768 shuffled_R2=-0.015044
ALIGN ego[01] partner[01] R2=0.923054 NMSE=0.076946 shuffled_R2=-0.015147
ALIGN ego[01] partner[02] R2=0.806689 NMSE=0.193311 shuffled_R2=-0.031493
ALIGN ego[01] partner[03] R2=0.793666 NMSE=0.206334 shuffled_R2=-0.046971
ALIGN ego[01] partner[04] R2=0.883546 NMSE=0.116454 shuffled_R2=-0.024719
ALIGN ego[02] partner[00] R2=0.877085 NMSE=0.122915 shuffled_R2=-0.022879
ALIGN ego[02] partner[01] R2=0.928537 NMSE=0.071463 shuffled_R2=-0.016359
ALIGN ego[02] partner[02] R2=0.916864 NMSE=0.083136 shuffled_R2=-0.019627
ALIGN ego[02] partner[03] R2=0.946803 NMSE=0.053197 shuffled_R2=-0.020236
ALIGN ego[02] partner[04] R2=0.891952 NMSE=0.108048 shuffled_R2=-0.033701
ALIGN ego[03] partner[00] R2=0.926089 NMSE=0.073911 shuffled_R2=-0.017698
ALIGN ego[03] partner[01] R2=0.903615 NMSE=0.096385 shuffled_R2=-0.016736
ALIGN ego[03] partner[02] R2=0.896411 NMSE=0.103589 shuffled_R2=-0.016175
ALIGN ego[03] partner[03] R2=0.946179 NMSE=0.053821 shuffled_R2=-0.019976
ALIGN ego[03] partner[04] R2=0.942839 NMSE=0.057161 shuffled_R2=-0.015650
ALIGN ego[04] partner[00] R2=0.881627 NMSE=0.118373 shuffled_R2=-0.019018
ALIGN ego[04] partner[01] R2=0.909101 NMSE=0.090899 shuffled_R2=-0.018283
ALIGN ego[04] partner[02] R2=0.895712 NMSE=0.104288 shuffled_R2=-0.016914
ALIGN ego[04] partner[03] R2=0.947072 NMSE=0.052928 shuffled_R2=-0.013959
ALIGN ego[04] partner[04] R2=0.933280 NMSE=0.066720 shuffled_R2=-0.015631
Evaluating partner alignment group 2: method=pbt, prefix=checkpoints/eval_pools/pbt
LOADED: checkpoints/eval_pools/pbt/coord_ring/baseline_seed_0_step_62.msgpack
LOADED: checkpoints/eval_pools/pbt/coord_ring/baseline_seed_1_step_62.msgpack
LOADED: checkpoints/eval_pools/pbt/coord_ring/baseline_seed_2_step_62.msgpack
LOADED: checkpoints/eval_pools/pbt/coord_ring/baseline_seed_3_step_62.msgpack
LOADED: checkpoints/eval_pools/pbt/coord_ring/baseline_seed_4_step_62.msgpack
Using alignment rollout scale: ALIGN_PAIR_BATCH_SIZE=2, ALIGN_EVAL_NUM_EPISODES=128, ALIGN_EVAL_NUM_STEPS=400
ALIGN ego[00] partner[00] R2=0.843183 NMSE=0.156817 shuffled_R2=-0.015674
ALIGN ego[00] partner[01] R2=0.755424 NMSE=0.244576 shuffled_R2=-0.023880
ALIGN ego[00] partner[02] R2=0.837196 NMSE=0.162804 shuffled_R2=-0.016035
ALIGN ego[00] partner[03] R2=0.847321 NMSE=0.152679 shuffled_R2=-0.017496
ALIGN ego[00] partner[04] R2=0.765132 NMSE=0.234868 shuffled_R2=-0.017808
ALIGN ego[01] partner[00] R2=0.850602 NMSE=0.149398 shuffled_R2=-0.014816
ALIGN ego[01] partner[01] R2=0.825401 NMSE=0.174599 shuffled_R2=-0.017014
ALIGN ego[01] partner[02] R2=0.771020 NMSE=0.228980 shuffled_R2=-0.021870
ALIGN ego[01] partner[03] R2=0.819507 NMSE=0.180493 shuffled_R2=-0.015779
ALIGN ego[01] partner[04] R2=0.780229 NMSE=0.219771 shuffled_R2=-0.019195
ALIGN ego[02] partner[00] R2=0.812895 NMSE=0.187105 shuffled_R2=-0.015494
ALIGN ego[02] partner[01] R2=0.861000 NMSE=0.139000 shuffled_R2=-0.013410
ALIGN ego[02] partner[02] R2=0.812030 NMSE=0.187970 shuffled_R2=-0.013512
ALIGN ego[02] partner[03] R2=0.813936 NMSE=0.186064 shuffled_R2=-0.019584
ALIGN ego[02] partner[04] R2=0.789125 NMSE=0.210875 shuffled_R2=-0.016649
ALIGN ego[03] partner[00] R2=0.666374 NMSE=0.333626 shuffled_R2=-0.041646
ALIGN ego[03] partner[01] R2=0.791404 NMSE=0.208596 shuffled_R2=-0.021265
ALIGN ego[03] partner[02] R2=0.844595 NMSE=0.155405 shuffled_R2=-0.015797
ALIGN ego[03] partner[03] R2=0.743173 NMSE=0.256827 shuffled_R2=-0.028768
ALIGN ego[03] partner[04] R2=0.777828 NMSE=0.222172 shuffled_R2=-0.028196
ALIGN ego[04] partner[00] R2=0.861904 NMSE=0.138096 shuffled_R2=-0.013413
ALIGN ego[04] partner[01] R2=0.842289 NMSE=0.157711 shuffled_R2=-0.015508
ALIGN ego[04] partner[02] R2=0.790315 NMSE=0.209685 shuffled_R2=-0.018139
ALIGN ego[04] partner[03] R2=0.812135 NMSE=0.187865 shuffled_R2=-0.017477
ALIGN ego[04] partner[04] R2=0.745491 NMSE=0.254509 shuffled_R2=-0.019179
Evaluating partner alignment group 3: method=sp, prefix=checkpoints/eval_pools/sp
LOADED: checkpoints/eval_pools/sp/coord_ring/baseline_seed_0_step_220.msgpack
LOADED: checkpoints/eval_pools/sp/coord_ring/baseline_seed_1_step_220.msgpack
LOADED: checkpoints/eval_pools/sp/coord_ring/baseline_seed_2_step_220.msgpack
LOADED: checkpoints/eval_pools/sp/coord_ring/baseline_seed_3_step_220.msgpack
LOADED: checkpoints/eval_pools/sp/coord_ring/baseline_seed_4_step_220.msgpack
Using alignment rollout scale: ALIGN_PAIR_BATCH_SIZE=2, ALIGN_EVAL_NUM_EPISODES=128, ALIGN_EVAL_NUM_STEPS=400
ALIGN ego[00] partner[00] R2=0.901589 NMSE=0.098411 shuffled_R2=-0.017206
ALIGN ego[00] partner[01] R2=0.828896 NMSE=0.171104 shuffled_R2=-0.030554
ALIGN ego[00] partner[02] R2=0.893795 NMSE=0.106205 shuffled_R2=-0.019909
ALIGN ego[00] partner[03] R2=0.903036 NMSE=0.096964 shuffled_R2=-0.016770
ALIGN ego[00] partner[04] R2=0.937284 NMSE=0.062716 shuffled_R2=-0.016546
ALIGN ego[01] partner[00] R2=0.912171 NMSE=0.087829 shuffled_R2=-0.014530
ALIGN ego[01] partner[01] R2=0.921388 NMSE=0.078612 shuffled_R2=-0.013285
ALIGN ego[01] partner[02] R2=0.844423 NMSE=0.155577 shuffled_R2=-0.023902
ALIGN ego[01] partner[03] R2=0.889580 NMSE=0.110420 shuffled_R2=-0.018248
ALIGN ego[01] partner[04] R2=0.918840 NMSE=0.081160 shuffled_R2=-0.017729
ALIGN ego[02] partner[00] R2=0.843284 NMSE=0.156716 shuffled_R2=-0.021542
ALIGN ego[02] partner[01] R2=0.901823 NMSE=0.098177 shuffled_R2=-0.022162
ALIGN ego[02] partner[02] R2=0.877461 NMSE=0.122539 shuffled_R2=-0.017477
ALIGN ego[02] partner[03] R2=0.900640 NMSE=0.099360 shuffled_R2=-0.019402
ALIGN ego[02] partner[04] R2=0.787333 NMSE=0.212667 shuffled_R2=-0.049612
ALIGN ego[03] partner[00] R2=0.761232 NMSE=0.238768 shuffled_R2=-0.038430
ALIGN ego[03] partner[01] R2=0.876260 NMSE=0.123740 shuffled_R2=-0.016972
ALIGN ego[03] partner[02] R2=0.803620 NMSE=0.196380 shuffled_R2=-0.027039
ALIGN ego[03] partner[03] R2=0.816402 NMSE=0.183598 shuffled_R2=-0.020192
ALIGN ego[03] partner[04] R2=0.942112 NMSE=0.057888 shuffled_R2=-0.013836
ALIGN ego[04] partner[00] R2=0.901864 NMSE=0.098136 shuffled_R2=-0.020259
ALIGN ego[04] partner[01] R2=0.843438 NMSE=0.156562 shuffled_R2=-0.033283
ALIGN ego[04] partner[02] R2=0.785891 NMSE=0.214109 shuffled_R2=-0.026548
ALIGN ego[04] partner[03] R2=0.867002 NMSE=0.132998 shuffled_R2=-0.016295
ALIGN ego[04] partner[04] R2=0.946671 NMSE=0.053329 shuffled_R2=-0.014617
Average ego-to-partner alignment R2: 0.859462 +- 0.007081 SE over 100 ego-partner pairs
Average alignment normalized MSE: 0.140538 +- 0.007081 SE
Average shuffled-control alignment R2: -0.021558 +- 0.001140 SE
Saved alignment results to xp_partner_results/ph2v5_ego_vs_eval_pool_partner/coord_ring
Evaluating XP partner matrix for ego_method=ph2v5_ablate, layout=coord_ring
ego_prefix=checkpoints/ph2v5_ablate/, partner_pool_specs=e3t:checkpoints/eval_pools/e3t;mep_br:checkpoints/eval_pools/mep_br;pbt:checkpoints/eval_pools/pbt;sp:checkpoints/eval_pools/sp, result_name=ph2v5_ablate_ego_vs_eval_pool_partner, ego_perspective_transform=false
Importing submoduled environments...
Submoduled environments not found. Skipping import.
2026-07-01 07:01:40.976074: W external/xla/xla/service/gpu/autotuning/dot_search_space.cc:200] All configs were filtered out because none of them sufficiently match the hints. Maybe the hints set does not contain a good representative set of valid configs?Working around this by using the full hints set instead.
2026-07-01 07:01:41.977212: W external/xla/xla/service/gpu/autotuning/dot_search_space.cc:200] All configs were filtered out because none of them sufficiently match the hints. Maybe the hints set does not contain a good representative set of valid configs?Working around this by using the full hints set instead.
LOADED: checkpoints/ph2v5_ablate/coord_ring/baseline_seed_0_step_220.msgpack
LOADED: checkpoints/ph2v5_ablate/coord_ring/baseline_seed_1_step_220.msgpack
LOADED: checkpoints/ph2v5_ablate/coord_ring/baseline_seed_2_step_220.msgpack
LOADED: checkpoints/ph2v5_ablate/coord_ring/baseline_seed_3_step_220.msgpack
LOADED: checkpoints/ph2v5_ablate/coord_ring/baseline_seed_4_step_220.msgpack
Evaluating partner group 0: method=e3t, prefix=checkpoints/eval_pools/e3t
LOADED: checkpoints/eval_pools/e3t/coord_ring/baseline_seed_0_step_220.msgpack
LOADED: checkpoints/eval_pools/e3t/coord_ring/baseline_seed_1_step_220.msgpack
LOADED: checkpoints/eval_pools/e3t/coord_ring/baseline_seed_2_step_220.msgpack
LOADED: checkpoints/eval_pools/e3t/coord_ring/baseline_seed_3_step_220.msgpack
LOADED: checkpoints/eval_pools/e3t/coord_ring/baseline_seed_4_step_220.msgpack
Using XP rollout scale: XP_PAIR_BATCH_SIZE=32, EVAL_NUM_EPISODES=128, EVAL_NUM_STEPS=400
XP ego[00] partner[00] = 263.906
XP ego[00] partner[01] = 257.031
XP ego[00] partner[02] = 101.406
XP ego[00] partner[03] = 221.875
XP ego[00] partner[04] = 209.062
XP ego[01] partner[00] = 248.906
XP ego[01] partner[01] = 275.938
XP ego[01] partner[02] = 32.188
XP ego[01] partner[03] = 205.625
XP ego[01] partner[04] = 237.500
XP ego[02] partner[00] = 287.812
XP ego[02] partner[01] = 267.188
XP ego[02] partner[02] = 57.500
XP ego[02] partner[03] = 274.688
XP ego[02] partner[04] = 286.250
XP ego[03] partner[00] = 204.219
XP ego[03] partner[01] = 298.750
XP ego[03] partner[02] = 37.656
XP ego[03] partner[03] = 280.312
XP ego[03] partner[04] = 255.625
XP ego[04] partner[00] = 296.719
XP ego[04] partner[01] = 252.344
XP ego[04] partner[02] = 44.844
XP ego[04] partner[03] = 273.281
XP ego[04] partner[04] = 287.031
Evaluating partner group 1: method=mep_br, prefix=checkpoints/eval_pools/mep_br
LOADED: checkpoints/eval_pools/mep_br/coord_ring/baseline_seed_0_step_220.msgpack
LOADED: checkpoints/eval_pools/mep_br/coord_ring/baseline_seed_1_step_220.msgpack
LOADED: checkpoints/eval_pools/mep_br/coord_ring/baseline_seed_2_step_220.msgpack
LOADED: checkpoints/eval_pools/mep_br/coord_ring/baseline_seed_3_step_220.msgpack
LOADED: checkpoints/eval_pools/mep_br/coord_ring/baseline_seed_4_step_220.msgpack
Using XP rollout scale: XP_PAIR_BATCH_SIZE=32, EVAL_NUM_EPISODES=128, EVAL_NUM_STEPS=400
XP ego[00] partner[00] = 252.031
XP ego[00] partner[01] = 261.562
XP ego[00] partner[02] = 257.188
XP ego[00] partner[03] = 178.281
XP ego[00] partner[04] = 242.656
XP ego[01] partner[00] = 259.219
XP ego[01] partner[01] = 256.875
XP ego[01] partner[02] = 261.250
XP ego[01] partner[03] = 159.062
XP ego[01] partner[04] = 249.062
XP ego[02] partner[00] = 249.375
XP ego[02] partner[01] = 280.469
XP ego[02] partner[02] = 273.906
XP ego[02] partner[03] = 191.250
XP ego[02] partner[04] = 231.250
XP ego[03] partner[00] = 211.719
XP ego[03] partner[01] = 292.031
XP ego[03] partner[02] = 210.312
XP ego[03] partner[03] = 248.125
XP ego[03] partner[04] = 273.594
XP ego[04] partner[00] = 239.688
XP ego[04] partner[01] = 282.500
XP ego[04] partner[02] = 256.562
XP ego[04] partner[03] = 207.656
XP ego[04] partner[04] = 263.906
Evaluating partner group 2: method=pbt, prefix=checkpoints/eval_pools/pbt
LOADED: checkpoints/eval_pools/pbt/coord_ring/baseline_seed_0_step_62.msgpack
LOADED: checkpoints/eval_pools/pbt/coord_ring/baseline_seed_1_step_62.msgpack
LOADED: checkpoints/eval_pools/pbt/coord_ring/baseline_seed_2_step_62.msgpack
LOADED: checkpoints/eval_pools/pbt/coord_ring/baseline_seed_3_step_62.msgpack
LOADED: checkpoints/eval_pools/pbt/coord_ring/baseline_seed_4_step_62.msgpack
Using XP rollout scale: XP_PAIR_BATCH_SIZE=32, EVAL_NUM_EPISODES=128, EVAL_NUM_STEPS=400
XP ego[00] partner[00] = 124.062
XP ego[00] partner[01] = 98.906
XP ego[00] partner[02] = 63.125
XP ego[00] partner[03] = 99.688
XP ego[00] partner[04] = 73.594
XP ego[01] partner[00] = 241.094
XP ego[01] partner[01] = 245.469
XP ego[01] partner[02] = 239.688
XP ego[01] partner[03] = 253.750
XP ego[01] partner[04] = 242.031
XP ego[02] partner[00] = 290.625
XP ego[02] partner[01] = 268.750
XP ego[02] partner[02] = 239.375
XP ego[02] partner[03] = 252.188
XP ego[02] partner[04] = 273.125
XP ego[03] partner[00] = 263.438
XP ego[03] partner[01] = 241.406
XP ego[03] partner[02] = 234.844
XP ego[03] partner[03] = 227.969
XP ego[03] partner[04] = 247.656
XP ego[04] partner[00] = 287.812
XP ego[04] partner[01] = 291.719
XP ego[04] partner[02] = 259.844
XP ego[04] partner[03] = 283.438
XP ego[04] partner[04] = 281.875
Evaluating partner group 3: method=sp, prefix=checkpoints/eval_pools/sp
LOADED: checkpoints/eval_pools/sp/coord_ring/baseline_seed_0_step_220.msgpack
LOADED: checkpoints/eval_pools/sp/coord_ring/baseline_seed_1_step_220.msgpack
LOADED: checkpoints/eval_pools/sp/coord_ring/baseline_seed_2_step_220.msgpack
LOADED: checkpoints/eval_pools/sp/coord_ring/baseline_seed_3_step_220.msgpack
LOADED: checkpoints/eval_pools/sp/coord_ring/baseline_seed_4_step_220.msgpack
Using XP rollout scale: XP_PAIR_BATCH_SIZE=32, EVAL_NUM_EPISODES=128, EVAL_NUM_STEPS=400
XP ego[00] partner[00] = 195.312
XP ego[00] partner[01] = 238.906
XP ego[00] partner[02] = 180.469
XP ego[00] partner[03] = 127.812
XP ego[00] partner[04] = 236.250
XP ego[01] partner[00] = 253.594
XP ego[01] partner[01] = 248.906
XP ego[01] partner[02] = 250.938
XP ego[01] partner[03] = 250.781
XP ego[01] partner[04] = 246.719
XP ego[02] partner[00] = 262.969
XP ego[02] partner[01] = 266.875
XP ego[02] partner[02] = 257.812
XP ego[02] partner[03] = 233.594
XP ego[02] partner[04] = 163.594
XP ego[03] partner[00] = 262.969
XP ego[03] partner[01] = 246.094
XP ego[03] partner[02] = 277.344
XP ego[03] partner[03] = 277.500
XP ego[03] partner[04] = 292.969
XP ego[04] partner[00] = 292.031
XP ego[04] partner[01] = 281.719
XP ego[04] partner[02] = 243.750
XP ego[04] partner[03] = 288.125
XP ego[04] partner[04] = 271.719
Average ego-vs-partner performance: 233.214 +- 6.263 SE over 100 ordered pairs
Average diagonal performance: 232.938 +- 44.021 SE over 5 pairs
Average off-diagonal performance (only for square pools): nan +- nan SE over 0 ordered pairs
Saved XP results to xp_partner_results/ph2v5_ablate_ego_vs_eval_pool_partner/coord_ring
Saved XP heatmap to xp_partner_results/ph2v5_ablate_ego_vs_eval_pool_partner/coord_ring/xp_matrix.png
Evaluating partner alignment group 0: method=e3t, prefix=checkpoints/eval_pools/e3t
LOADED: checkpoints/eval_pools/e3t/coord_ring/baseline_seed_0_step_220.msgpack
LOADED: checkpoints/eval_pools/e3t/coord_ring/baseline_seed_1_step_220.msgpack
LOADED: checkpoints/eval_pools/e3t/coord_ring/baseline_seed_2_step_220.msgpack
LOADED: checkpoints/eval_pools/e3t/coord_ring/baseline_seed_3_step_220.msgpack
LOADED: checkpoints/eval_pools/e3t/coord_ring/baseline_seed_4_step_220.msgpack
Using alignment rollout scale: ALIGN_PAIR_BATCH_SIZE=2, ALIGN_EVAL_NUM_EPISODES=128, ALIGN_EVAL_NUM_STEPS=400
ALIGN ego[00] partner[00] R2=0.903499 NMSE=0.096501 shuffled_R2=-0.014527
ALIGN ego[00] partner[01] R2=0.861402 NMSE=0.138598 shuffled_R2=-0.015142
ALIGN ego[00] partner[02] R2=0.923291 NMSE=0.076709 shuffled_R2=-0.017985
ALIGN ego[00] partner[03] R2=0.853022 NMSE=0.146978 shuffled_R2=-0.019187
ALIGN ego[00] partner[04] R2=0.873113 NMSE=0.126887 shuffled_R2=-0.016351
ALIGN ego[01] partner[00] R2=0.923458 NMSE=0.076542 shuffled_R2=-0.014020
ALIGN ego[01] partner[01] R2=0.874374 NMSE=0.125626 shuffled_R2=-0.015321
ALIGN ego[01] partner[02] R2=0.914126 NMSE=0.085874 shuffled_R2=-0.020730
ALIGN ego[01] partner[03] R2=0.930744 NMSE=0.069256 shuffled_R2=-0.016164
ALIGN ego[01] partner[04] R2=0.884348 NMSE=0.115652 shuffled_R2=-0.015529
ALIGN ego[02] partner[00] R2=0.903795 NMSE=0.096205 shuffled_R2=-0.022725
ALIGN ego[02] partner[01] R2=0.898702 NMSE=0.101298 shuffled_R2=-0.016608
ALIGN ego[02] partner[02] R2=0.863943 NMSE=0.136057 shuffled_R2=-0.034576
ALIGN ego[02] partner[03] R2=0.888519 NMSE=0.111481 shuffled_R2=-0.014374
ALIGN ego[02] partner[04] R2=0.908579 NMSE=0.091421 shuffled_R2=-0.015015
ALIGN ego[03] partner[00] R2=0.926772 NMSE=0.073228 shuffled_R2=-0.013675
ALIGN ego[03] partner[01] R2=0.897598 NMSE=0.102402 shuffled_R2=-0.015318
ALIGN ego[03] partner[02] R2=0.944190 NMSE=0.055810 shuffled_R2=-0.019371
ALIGN ego[03] partner[03] R2=0.899590 NMSE=0.100410 shuffled_R2=-0.014501
ALIGN ego[03] partner[04] R2=0.881430 NMSE=0.118570 shuffled_R2=-0.015139
ALIGN ego[04] partner[00] R2=0.888293 NMSE=0.111707 shuffled_R2=-0.018474
ALIGN ego[04] partner[01] R2=0.887912 NMSE=0.112088 shuffled_R2=-0.015193
ALIGN ego[04] partner[02] R2=0.897100 NMSE=0.102900 shuffled_R2=-0.024587
ALIGN ego[04] partner[03] R2=0.881635 NMSE=0.118365 shuffled_R2=-0.018321
ALIGN ego[04] partner[04] R2=0.805859 NMSE=0.194141 shuffled_R2=-0.037484
Evaluating partner alignment group 1: method=mep_br, prefix=checkpoints/eval_pools/mep_br
LOADED: checkpoints/eval_pools/mep_br/coord_ring/baseline_seed_0_step_220.msgpack
LOADED: checkpoints/eval_pools/mep_br/coord_ring/baseline_seed_1_step_220.msgpack
LOADED: checkpoints/eval_pools/mep_br/coord_ring/baseline_seed_2_step_220.msgpack
LOADED: checkpoints/eval_pools/mep_br/coord_ring/baseline_seed_3_step_220.msgpack
LOADED: checkpoints/eval_pools/mep_br/coord_ring/baseline_seed_4_step_220.msgpack
Using alignment rollout scale: ALIGN_PAIR_BATCH_SIZE=2, ALIGN_EVAL_NUM_EPISODES=128, ALIGN_EVAL_NUM_STEPS=400
ALIGN ego[00] partner[00] R2=0.870429 NMSE=0.129571 shuffled_R2=-0.017168
ALIGN ego[00] partner[01] R2=0.841064 NMSE=0.158936 shuffled_R2=-0.016572
ALIGN ego[00] partner[02] R2=0.851056 NMSE=0.148944 shuffled_R2=-0.017044
ALIGN ego[00] partner[03] R2=0.906671 NMSE=0.093329 shuffled_R2=-0.020845
ALIGN ego[00] partner[04] R2=0.876221 NMSE=0.123779 shuffled_R2=-0.016739
ALIGN ego[01] partner[00] R2=0.893872 NMSE=0.106128 shuffled_R2=-0.018437
ALIGN ego[01] partner[01] R2=0.928009 NMSE=0.071991 shuffled_R2=-0.015664
ALIGN ego[01] partner[02] R2=0.900334 NMSE=0.099666 shuffled_R2=-0.016160
ALIGN ego[01] partner[03] R2=0.756119 NMSE=0.243881 shuffled_R2=-0.056246
ALIGN ego[01] partner[04] R2=0.890215 NMSE=0.109785 shuffled_R2=-0.019732
ALIGN ego[02] partner[00] R2=0.883832 NMSE=0.116168 shuffled_R2=-0.021925
ALIGN ego[02] partner[01] R2=0.914112 NMSE=0.085888 shuffled_R2=-0.019010
ALIGN ego[02] partner[02] R2=0.905060 NMSE=0.094940 shuffled_R2=-0.015155
ALIGN ego[02] partner[03] R2=0.920130 NMSE=0.079870 shuffled_R2=-0.021317
ALIGN ego[02] partner[04] R2=0.899044 NMSE=0.100956 shuffled_R2=-0.021750
ALIGN ego[03] partner[00] R2=0.879805 NMSE=0.120195 shuffled_R2=-0.023310
ALIGN ego[03] partner[01] R2=0.875650 NMSE=0.124350 shuffled_R2=-0.019299
ALIGN ego[03] partner[02] R2=0.921677 NMSE=0.078323 shuffled_R2=-0.015563
ALIGN ego[03] partner[03] R2=0.925925 NMSE=0.074075 shuffled_R2=-0.014709
ALIGN ego[03] partner[04] R2=0.907171 NMSE=0.092829 shuffled_R2=-0.016819
ALIGN ego[04] partner[00] R2=0.919778 NMSE=0.080222 shuffled_R2=-0.015124
ALIGN ego[04] partner[01] R2=0.872384 NMSE=0.127616 shuffled_R2=-0.017826
ALIGN ego[04] partner[02] R2=0.876994 NMSE=0.123006 shuffled_R2=-0.017521
ALIGN ego[04] partner[03] R2=0.722835 NMSE=0.277165 shuffled_R2=-0.031334
ALIGN ego[04] partner[04] R2=0.915023 NMSE=0.084977 shuffled_R2=-0.016050
Evaluating partner alignment group 2: method=pbt, prefix=checkpoints/eval_pools/pbt
LOADED: checkpoints/eval_pools/pbt/coord_ring/baseline_seed_0_step_62.msgpack
LOADED: checkpoints/eval_pools/pbt/coord_ring/baseline_seed_1_step_62.msgpack
LOADED: checkpoints/eval_pools/pbt/coord_ring/baseline_seed_2_step_62.msgpack
LOADED: checkpoints/eval_pools/pbt/coord_ring/baseline_seed_3_step_62.msgpack
LOADED: checkpoints/eval_pools/pbt/coord_ring/baseline_seed_4_step_62.msgpack
Using alignment rollout scale: ALIGN_PAIR_BATCH_SIZE=2, ALIGN_EVAL_NUM_EPISODES=128, ALIGN_EVAL_NUM_STEPS=400
ALIGN ego[00] partner[00] R2=0.803280 NMSE=0.196720 shuffled_R2=-0.016156
ALIGN ego[00] partner[01] R2=0.774182 NMSE=0.225818 shuffled_R2=-0.022170
ALIGN ego[00] partner[02] R2=0.828984 NMSE=0.171016 shuffled_R2=-0.017148
ALIGN ego[00] partner[03] R2=0.695124 NMSE=0.304876 shuffled_R2=-0.034086
ALIGN ego[00] partner[04] R2=0.720642 NMSE=0.279358 shuffled_R2=-0.017407
ALIGN ego[01] partner[00] R2=0.833127 NMSE=0.166873 shuffled_R2=-0.016962
ALIGN ego[01] partner[01] R2=0.834070 NMSE=0.165930 shuffled_R2=-0.014594
ALIGN ego[01] partner[02] R2=0.635188 NMSE=0.364812 shuffled_R2=-0.038818
ALIGN ego[01] partner[03] R2=0.739510 NMSE=0.260490 shuffled_R2=-0.024144
ALIGN ego[01] partner[04] R2=0.743372 NMSE=0.256628 shuffled_R2=-0.032840
ALIGN ego[02] partner[00] R2=0.843697 NMSE=0.156303 shuffled_R2=-0.015031
ALIGN ego[02] partner[01] R2=0.878481 NMSE=0.121519 shuffled_R2=-0.013425
ALIGN ego[02] partner[02] R2=0.719815 NMSE=0.280185 shuffled_R2=-0.046187
ALIGN ego[02] partner[03] R2=0.836902 NMSE=0.163098 shuffled_R2=-0.017726
ALIGN ego[02] partner[04] R2=0.825909 NMSE=0.174091 shuffled_R2=-0.016435
ALIGN ego[03] partner[00] R2=0.835029 NMSE=0.164971 shuffled_R2=-0.017177
ALIGN ego[03] partner[01] R2=0.825002 NMSE=0.174998 shuffled_R2=-0.016343
ALIGN ego[03] partner[02] R2=0.758949 NMSE=0.241051 shuffled_R2=-0.019258
ALIGN ego[03] partner[03] R2=0.822334 NMSE=0.177666 shuffled_R2=-0.020115
ALIGN ego[03] partner[04] R2=0.793355 NMSE=0.206645 shuffled_R2=-0.018199
ALIGN ego[04] partner[00] R2=0.813521 NMSE=0.186479 shuffled_R2=-0.017065
ALIGN ego[04] partner[01] R2=0.789286 NMSE=0.210714 shuffled_R2=-0.020661
ALIGN ego[04] partner[02] R2=0.799809 NMSE=0.200191 shuffled_R2=-0.019178
ALIGN ego[04] partner[03] R2=0.741164 NMSE=0.258836 shuffled_R2=-0.025736
ALIGN ego[04] partner[04] R2=0.802038 NMSE=0.197962 shuffled_R2=-0.016024
Evaluating partner alignment group 3: method=sp, prefix=checkpoints/eval_pools/sp
LOADED: checkpoints/eval_pools/sp/coord_ring/baseline_seed_0_step_220.msgpack
LOADED: checkpoints/eval_pools/sp/coord_ring/baseline_seed_1_step_220.msgpack
LOADED: checkpoints/eval_pools/sp/coord_ring/baseline_seed_2_step_220.msgpack
LOADED: checkpoints/eval_pools/sp/coord_ring/baseline_seed_3_step_220.msgpack
LOADED: checkpoints/eval_pools/sp/coord_ring/baseline_seed_4_step_220.msgpack
Using alignment rollout scale: ALIGN_PAIR_BATCH_SIZE=2, ALIGN_EVAL_NUM_EPISODES=128, ALIGN_EVAL_NUM_STEPS=400
ALIGN ego[00] partner[00] R2=0.868232 NMSE=0.131768 shuffled_R2=-0.015118
ALIGN ego[00] partner[01] R2=0.847358 NMSE=0.152642 shuffled_R2=-0.025215
ALIGN ego[00] partner[02] R2=0.857390 NMSE=0.142610 shuffled_R2=-0.022134
ALIGN ego[00] partner[03] R2=0.913321 NMSE=0.086679 shuffled_R2=-0.017871
ALIGN ego[00] partner[04] R2=0.902005 NMSE=0.097995 shuffled_R2=-0.014110
ALIGN ego[01] partner[00] R2=0.907178 NMSE=0.092822 shuffled_R2=-0.013491
ALIGN ego[01] partner[01] R2=0.902276 NMSE=0.097724 shuffled_R2=-0.015395
ALIGN ego[01] partner[02] R2=0.850974 NMSE=0.149026 shuffled_R2=-0.020915
ALIGN ego[01] partner[03] R2=0.822887 NMSE=0.177113 shuffled_R2=-0.022418
ALIGN ego[01] partner[04] R2=0.912713 NMSE=0.087287 shuffled_R2=-0.019463
ALIGN ego[02] partner[00] R2=0.920050 NMSE=0.079950 shuffled_R2=-0.014899
ALIGN ego[02] partner[01] R2=0.657904 NMSE=0.342096 shuffled_R2=-0.055625
ALIGN ego[02] partner[02] R2=0.894087 NMSE=0.105913 shuffled_R2=-0.016725
ALIGN ego[02] partner[03] R2=0.870556 NMSE=0.129444 shuffled_R2=-0.021811
ALIGN ego[02] partner[04] R2=0.943450 NMSE=0.056550 shuffled_R2=-0.017715
ALIGN ego[03] partner[00] R2=0.830680 NMSE=0.169320 shuffled_R2=-0.027257
ALIGN ego[03] partner[01] R2=0.886634 NMSE=0.113366 shuffled_R2=-0.017249
ALIGN ego[03] partner[02] R2=0.901439 NMSE=0.098561 shuffled_R2=-0.014930
ALIGN ego[03] partner[03] R2=0.790865 NMSE=0.209135 shuffled_R2=-0.031078
ALIGN ego[03] partner[04] R2=0.911938 NMSE=0.088062 shuffled_R2=-0.015276
ALIGN ego[04] partner[00] R2=0.856492 NMSE=0.143508 shuffled_R2=-0.022396
ALIGN ego[04] partner[01] R2=0.859881 NMSE=0.140119 shuffled_R2=-0.021390
ALIGN ego[04] partner[02] R2=0.855158 NMSE=0.144842 shuffled_R2=-0.022362
ALIGN ego[04] partner[03] R2=0.873803 NMSE=0.126197 shuffled_R2=-0.015400
ALIGN ego[04] partner[04] R2=0.782085 NMSE=0.217915 shuffled_R2=-0.031217
Average ego-to-partner alignment R2: 0.856808 +- 0.006393 SE over 100 ego-partner pairs
Average alignment normalized MSE: 0.143192 +- 0.006393 SE
Average shuffled-control alignment R2: -0.020260 +- 0.000786 SE
Saved alignment results to xp_partner_results/ph2v5_ablate_ego_vs_eval_pool_partner/coord_ring
Evaluating XP partner matrix for ego_method=ph2v4, layout=coord_ring
ego_prefix=checkpoints/ph2v4/, partner_pool_specs=e3t:checkpoints/eval_pools/e3t;mep_br:checkpoints/eval_pools/mep_br;pbt:checkpoints/eval_pools/pbt;sp:checkpoints/eval_pools/sp, result_name=ph2v4_ego_vs_eval_pool_partner, ego_perspective_transform=true
Importing submoduled environments...
Submoduled environments not found. Skipping import.
2026-07-01 07:05:09.542540: W external/xla/xla/service/gpu/autotuning/dot_search_space.cc:200] All configs were filtered out because none of them sufficiently match the hints. Maybe the hints set does not contain a good representative set of valid configs?Working around this by using the full hints set instead.
2026-07-01 07:05:10.674656: W external/xla/xla/service/gpu/autotuning/dot_search_space.cc:200] All configs were filtered out because none of them sufficiently match the hints. Maybe the hints set does not contain a good representative set of valid configs?Working around this by using the full hints set instead.
LOADED: checkpoints/ph2v4/coord_ring/baseline_seed_0_step_220.msgpack
LOADED: checkpoints/ph2v4/coord_ring/baseline_seed_1_step_220.msgpack
LOADED: checkpoints/ph2v4/coord_ring/baseline_seed_2_step_220.msgpack
LOADED: checkpoints/ph2v4/coord_ring/baseline_seed_3_step_220.msgpack
LOADED: checkpoints/ph2v4/coord_ring/baseline_seed_4_step_220.msgpack
Evaluating partner group 0: method=e3t, prefix=checkpoints/eval_pools/e3t
LOADED: checkpoints/eval_pools/e3t/coord_ring/baseline_seed_0_step_220.msgpack
LOADED: checkpoints/eval_pools/e3t/coord_ring/baseline_seed_1_step_220.msgpack
LOADED: checkpoints/eval_pools/e3t/coord_ring/baseline_seed_2_step_220.msgpack
LOADED: checkpoints/eval_pools/e3t/coord_ring/baseline_seed_3_step_220.msgpack
LOADED: checkpoints/eval_pools/e3t/coord_ring/baseline_seed_4_step_220.msgpack
Using XP rollout scale: XP_PAIR_BATCH_SIZE=32, EVAL_NUM_EPISODES=128, EVAL_NUM_STEPS=400
XP ego[00] partner[00] = 85.625
XP ego[00] partner[01] = 280.938
XP ego[00] partner[02] = 32.500
XP ego[00] partner[03] = 247.031
XP ego[00] partner[04] = 289.219
XP ego[01] partner[00] = 268.750
XP ego[01] partner[01] = 269.219
XP ego[01] partner[02] = 26.719
XP ego[01] partner[03] = 263.438
XP ego[01] partner[04] = 273.906
XP ego[02] partner[00] = 305.781
XP ego[02] partner[01] = 301.562
XP ego[02] partner[02] = 22.656
XP ego[02] partner[03] = 304.219
XP ego[02] partner[04] = 297.500
XP ego[03] partner[00] = 249.062
XP ego[03] partner[01] = 265.156
XP ego[03] partner[02] = 28.125
XP ego[03] partner[03] = 267.969
XP ego[03] partner[04] = 263.125
XP ego[04] partner[00] = 238.281
XP ego[04] partner[01] = 216.719
XP ego[04] partner[02] = 45.469
XP ego[04] partner[03] = 256.250
XP ego[04] partner[04] = 185.312
Evaluating partner group 1: method=mep_br, prefix=checkpoints/eval_pools/mep_br
LOADED: checkpoints/eval_pools/mep_br/coord_ring/baseline_seed_0_step_220.msgpack
LOADED: checkpoints/eval_pools/mep_br/coord_ring/baseline_seed_1_step_220.msgpack
LOADED: checkpoints/eval_pools/mep_br/coord_ring/baseline_seed_2_step_220.msgpack
LOADED: checkpoints/eval_pools/mep_br/coord_ring/baseline_seed_3_step_220.msgpack
LOADED: checkpoints/eval_pools/mep_br/coord_ring/baseline_seed_4_step_220.msgpack
Using XP rollout scale: XP_PAIR_BATCH_SIZE=32, EVAL_NUM_EPISODES=128, EVAL_NUM_STEPS=400
XP ego[00] partner[00] = 255.781
XP ego[00] partner[01] = 287.500
XP ego[00] partner[02] = 236.406
XP ego[00] partner[03] = 158.125
XP ego[00] partner[04] = 249.219
XP ego[01] partner[00] = 253.594
XP ego[01] partner[01] = 274.844
XP ego[01] partner[02] = 247.500
XP ego[01] partner[03] = 172.188
XP ego[01] partner[04] = 257.969
XP ego[02] partner[00] = 269.062
XP ego[02] partner[01] = 295.625
XP ego[02] partner[02] = 302.812
XP ego[02] partner[03] = 226.562
XP ego[02] partner[04] = 299.219
XP ego[03] partner[00] = 225.000
XP ego[03] partner[01] = 248.906
XP ego[03] partner[02] = 265.469
XP ego[03] partner[03] = 195.156
XP ego[03] partner[04] = 219.531
XP ego[04] partner[00] = 244.375
XP ego[04] partner[01] = 281.719
XP ego[04] partner[02] = 283.438
XP ego[04] partner[03] = 279.219
XP ego[04] partner[04] = 241.094
Evaluating partner group 2: method=pbt, prefix=checkpoints/eval_pools/pbt
LOADED: checkpoints/eval_pools/pbt/coord_ring/baseline_seed_0_step_62.msgpack
LOADED: checkpoints/eval_pools/pbt/coord_ring/baseline_seed_1_step_62.msgpack
LOADED: checkpoints/eval_pools/pbt/coord_ring/baseline_seed_2_step_62.msgpack
LOADED: checkpoints/eval_pools/pbt/coord_ring/baseline_seed_3_step_62.msgpack
LOADED: checkpoints/eval_pools/pbt/coord_ring/baseline_seed_4_step_62.msgpack
Using XP rollout scale: XP_PAIR_BATCH_SIZE=32, EVAL_NUM_EPISODES=128, EVAL_NUM_STEPS=400
XP ego[00] partner[00] = 294.375
XP ego[00] partner[01] = 290.625
XP ego[00] partner[02] = 279.219
XP ego[00] partner[03] = 283.125
XP ego[00] partner[04] = 293.906
XP ego[01] partner[00] = 274.688
XP ego[01] partner[01] = 273.438
XP ego[01] partner[02] = 271.719
XP ego[01] partner[03] = 264.531
XP ego[01] partner[04] = 274.062
XP ego[02] partner[00] = 300.469
XP ego[02] partner[01] = 271.719
XP ego[02] partner[02] = 253.281
XP ego[02] partner[03] = 238.438
XP ego[02] partner[04] = 299.062
XP ego[03] partner[00] = 260.156
XP ego[03] partner[01] = 266.719
XP ego[03] partner[02] = 261.719
XP ego[03] partner[03] = 272.656
XP ego[03] partner[04] = 260.938
XP ego[04] partner[00] = 131.562
XP ego[04] partner[01] = 126.250
XP ego[04] partner[02] = 148.125
XP ego[04] partner[03] = 127.969
XP ego[04] partner[04] = 196.406
Evaluating partner group 3: method=sp, prefix=checkpoints/eval_pools/sp
LOADED: checkpoints/eval_pools/sp/coord_ring/baseline_seed_0_step_220.msgpack
LOADED: checkpoints/eval_pools/sp/coord_ring/baseline_seed_1_step_220.msgpack
LOADED: checkpoints/eval_pools/sp/coord_ring/baseline_seed_2_step_220.msgpack
LOADED: checkpoints/eval_pools/sp/coord_ring/baseline_seed_3_step_220.msgpack
LOADED: checkpoints/eval_pools/sp/coord_ring/baseline_seed_4_step_220.msgpack
Using XP rollout scale: XP_PAIR_BATCH_SIZE=32, EVAL_NUM_EPISODES=128, EVAL_NUM_STEPS=400
XP ego[00] partner[00] = 284.375
XP ego[00] partner[01] = 287.500
XP ego[00] partner[02] = 272.344
XP ego[00] partner[03] = 286.875
XP ego[00] partner[04] = 276.719
XP ego[01] partner[00] = 270.938
XP ego[01] partner[01] = 267.656
XP ego[01] partner[02] = 263.750
XP ego[01] partner[03] = 265.312
XP ego[01] partner[04] = 264.688
XP ego[02] partner[00] = 296.875
XP ego[02] partner[01] = 272.344
XP ego[02] partner[02] = 258.438
XP ego[02] partner[03] = 294.688
XP ego[02] partner[04] = 284.219
XP ego[03] partner[00] = 265.781
XP ego[03] partner[01] = 263.125
XP ego[03] partner[02] = 261.875
XP ego[03] partner[03] = 242.031
XP ego[03] partner[04] = 263.438
XP ego[04] partner[00] = 124.688
XP ego[04] partner[01] = 174.531
XP ego[04] partner[02] = 115.156
XP ego[04] partner[03] = 183.594
XP ego[04] partner[04] = 218.125
Average ego-vs-partner performance: 240.291 +- 6.697 SE over 100 ordered pairs
Average diagonal performance: 166.156 +- 49.210 SE over 5 pairs
Average off-diagonal performance (only for square pools): nan +- nan SE over 0 ordered pairs
Saved XP results to xp_partner_results/ph2v4_ego_vs_eval_pool_partner/coord_ring
Saved XP heatmap to xp_partner_results/ph2v4_ego_vs_eval_pool_partner/coord_ring/xp_matrix.png
Evaluating partner alignment group 0: method=e3t, prefix=checkpoints/eval_pools/e3t
LOADED: checkpoints/eval_pools/e3t/coord_ring/baseline_seed_0_step_220.msgpack
LOADED: checkpoints/eval_pools/e3t/coord_ring/baseline_seed_1_step_220.msgpack
LOADED: checkpoints/eval_pools/e3t/coord_ring/baseline_seed_2_step_220.msgpack
LOADED: checkpoints/eval_pools/e3t/coord_ring/baseline_seed_3_step_220.msgpack
LOADED: checkpoints/eval_pools/e3t/coord_ring/baseline_seed_4_step_220.msgpack
Using alignment rollout scale: ALIGN_PAIR_BATCH_SIZE=2, ALIGN_EVAL_NUM_EPISODES=128, ALIGN_EVAL_NUM_STEPS=400
ALIGN ego[00] partner[00] R2=0.871336 NMSE=0.128664 shuffled_R2=-0.023091
ALIGN ego[00] partner[01] R2=0.836439 NMSE=0.163561 shuffled_R2=-0.018063
ALIGN ego[00] partner[02] R2=0.921166 NMSE=0.078834 shuffled_R2=-0.013845
ALIGN ego[00] partner[03] R2=0.875406 NMSE=0.124594 shuffled_R2=-0.016628
ALIGN ego[00] partner[04] R2=0.815864 NMSE=0.184136 shuffled_R2=-0.024029
ALIGN ego[01] partner[00] R2=0.846117 NMSE=0.153883 shuffled_R2=-0.024702
ALIGN ego[01] partner[01] R2=0.864861 NMSE=0.135139 shuffled_R2=-0.015575
ALIGN ego[01] partner[02] R2=0.915058 NMSE=0.084942 shuffled_R2=-0.020675
ALIGN ego[01] partner[03] R2=0.888314 NMSE=0.111686 shuffled_R2=-0.013337
ALIGN ego[01] partner[04] R2=0.885263 NMSE=0.114737 shuffled_R2=-0.016192
ALIGN ego[02] partner[00] R2=0.789826 NMSE=0.210174 shuffled_R2=-0.033106
ALIGN ego[02] partner[01] R2=0.867507 NMSE=0.132493 shuffled_R2=-0.018925
ALIGN ego[02] partner[02] R2=0.943754 NMSE=0.056246 shuffled_R2=-0.023970
ALIGN ego[02] partner[03] R2=0.887744 NMSE=0.112256 shuffled_R2=-0.020324
ALIGN ego[02] partner[04] R2=0.855418 NMSE=0.144582 shuffled_R2=-0.017360
ALIGN ego[03] partner[00] R2=0.905634 NMSE=0.094366 shuffled_R2=-0.016428
ALIGN ego[03] partner[01] R2=0.876134 NMSE=0.123866 shuffled_R2=-0.015898
ALIGN ego[03] partner[02] R2=0.840137 NMSE=0.159863 shuffled_R2=-0.037588
ALIGN ego[03] partner[03] R2=0.850520 NMSE=0.149480 shuffled_R2=-0.019239
ALIGN ego[03] partner[04] R2=0.898977 NMSE=0.101023 shuffled_R2=-0.014824
ALIGN ego[04] partner[00] R2=0.899243 NMSE=0.100757 shuffled_R2=-0.014644
ALIGN ego[04] partner[01] R2=0.865737 NMSE=0.134263 shuffled_R2=-0.017511
ALIGN ego[04] partner[02] R2=0.920721 NMSE=0.079279 shuffled_R2=-0.020063
ALIGN ego[04] partner[03] R2=0.870491 NMSE=0.129509 shuffled_R2=-0.016034
ALIGN ego[04] partner[04] R2=0.878913 NMSE=0.121087 shuffled_R2=-0.016366
Evaluating partner alignment group 1: method=mep_br, prefix=checkpoints/eval_pools/mep_br
LOADED: checkpoints/eval_pools/mep_br/coord_ring/baseline_seed_0_step_220.msgpack
LOADED: checkpoints/eval_pools/mep_br/coord_ring/baseline_seed_1_step_220.msgpack
LOADED: checkpoints/eval_pools/mep_br/coord_ring/baseline_seed_2_step_220.msgpack
LOADED: checkpoints/eval_pools/mep_br/coord_ring/baseline_seed_3_step_220.msgpack
LOADED: checkpoints/eval_pools/mep_br/coord_ring/baseline_seed_4_step_220.msgpack
Using alignment rollout scale: ALIGN_PAIR_BATCH_SIZE=2, ALIGN_EVAL_NUM_EPISODES=128, ALIGN_EVAL_NUM_STEPS=400
ALIGN ego[00] partner[00] R2=0.883038 NMSE=0.116962 shuffled_R2=-0.020537
ALIGN ego[00] partner[01] R2=0.877126 NMSE=0.122874 shuffled_R2=-0.017730
ALIGN ego[00] partner[02] R2=0.818848 NMSE=0.181152 shuffled_R2=-0.022650
ALIGN ego[00] partner[03] R2=0.914937 NMSE=0.085063 shuffled_R2=-0.017623
ALIGN ego[00] partner[04] R2=0.885292 NMSE=0.114708 shuffled_R2=-0.017296
ALIGN ego[01] partner[00] R2=0.885888 NMSE=0.114112 shuffled_R2=-0.016723
ALIGN ego[01] partner[01] R2=0.905357 NMSE=0.094643 shuffled_R2=-0.016326
ALIGN ego[01] partner[02] R2=0.877852 NMSE=0.122148 shuffled_R2=-0.016317
ALIGN ego[01] partner[03] R2=0.875805 NMSE=0.124195 shuffled_R2=-0.022818
ALIGN ego[01] partner[04] R2=0.881423 NMSE=0.118577 shuffled_R2=-0.022457
ALIGN ego[02] partner[00] R2=0.886101 NMSE=0.113899 shuffled_R2=-0.025115
ALIGN ego[02] partner[01] R2=0.929835 NMSE=0.070165 shuffled_R2=-0.016175
ALIGN ego[02] partner[02] R2=0.895728 NMSE=0.104272 shuffled_R2=-0.019292
ALIGN ego[02] partner[03] R2=0.936536 NMSE=0.063464 shuffled_R2=-0.026314
ALIGN ego[02] partner[04] R2=0.931346 NMSE=0.068654 shuffled_R2=-0.013360
ALIGN ego[03] partner[00] R2=0.855419 NMSE=0.144581 shuffled_R2=-0.029994
ALIGN ego[03] partner[01] R2=0.826401 NMSE=0.173599 shuffled_R2=-0.026763
ALIGN ego[03] partner[02] R2=0.876144 NMSE=0.123856 shuffled_R2=-0.015787
ALIGN ego[03] partner[03] R2=0.830276 NMSE=0.169724 shuffled_R2=-0.026884
ALIGN ego[03] partner[04] R2=0.892634 NMSE=0.107366 shuffled_R2=-0.019031
ALIGN ego[04] partner[00] R2=0.864406 NMSE=0.135594 shuffled_R2=-0.025412
ALIGN ego[04] partner[01] R2=0.902915 NMSE=0.097085 shuffled_R2=-0.017114
ALIGN ego[04] partner[02] R2=0.860025 NMSE=0.139975 shuffled_R2=-0.014668
ALIGN ego[04] partner[03] R2=0.912477 NMSE=0.087523 shuffled_R2=-0.016450
ALIGN ego[04] partner[04] R2=0.911084 NMSE=0.088916 shuffled_R2=-0.014566
Evaluating partner alignment group 2: method=pbt, prefix=checkpoints/eval_pools/pbt
LOADED: checkpoints/eval_pools/pbt/coord_ring/baseline_seed_0_step_62.msgpack
LOADED: checkpoints/eval_pools/pbt/coord_ring/baseline_seed_1_step_62.msgpack
LOADED: checkpoints/eval_pools/pbt/coord_ring/baseline_seed_2_step_62.msgpack
LOADED: checkpoints/eval_pools/pbt/coord_ring/baseline_seed_3_step_62.msgpack
LOADED: checkpoints/eval_pools/pbt/coord_ring/baseline_seed_4_step_62.msgpack
Using alignment rollout scale: ALIGN_PAIR_BATCH_SIZE=2, ALIGN_EVAL_NUM_EPISODES=128, ALIGN_EVAL_NUM_STEPS=400
ALIGN ego[00] partner[00] R2=0.825881 NMSE=0.174119 shuffled_R2=-0.015721
ALIGN ego[00] partner[01] R2=0.782701 NMSE=0.217299 shuffled_R2=-0.033574
ALIGN ego[00] partner[02] R2=0.808693 NMSE=0.191307 shuffled_R2=-0.019583
ALIGN ego[00] partner[03] R2=0.827535 NMSE=0.172465 shuffled_R2=-0.018195
ALIGN ego[00] partner[04] R2=0.738284 NMSE=0.261716 shuffled_R2=-0.017441
ALIGN ego[01] partner[00] R2=0.835662 NMSE=0.164338 shuffled_R2=-0.017913
ALIGN ego[01] partner[01] R2=0.850137 NMSE=0.149863 shuffled_R2=-0.014046
ALIGN ego[01] partner[02] R2=0.783874 NMSE=0.216126 shuffled_R2=-0.022144
ALIGN ego[01] partner[03] R2=0.752604 NMSE=0.247396 shuffled_R2=-0.023528
ALIGN ego[01] partner[04] R2=0.813112 NMSE=0.186888 shuffled_R2=-0.014953
ALIGN ego[02] partner[00] R2=0.807947 NMSE=0.192053 shuffled_R2=-0.014510
ALIGN ego[02] partner[01] R2=0.764372 NMSE=0.235628 shuffled_R2=-0.025050
ALIGN ego[02] partner[02] R2=0.803881 NMSE=0.196119 shuffled_R2=-0.015352
ALIGN ego[02] partner[03] R2=0.776105 NMSE=0.223895 shuffled_R2=-0.029868
ALIGN ego[02] partner[04] R2=0.797839 NMSE=0.202161 shuffled_R2=-0.016492
ALIGN ego[03] partner[00] R2=0.775298 NMSE=0.224702 shuffled_R2=-0.025021
ALIGN ego[03] partner[01] R2=0.858340 NMSE=0.141660 shuffled_R2=-0.017254
ALIGN ego[03] partner[02] R2=0.821746 NMSE=0.178254 shuffled_R2=-0.020574
ALIGN ego[03] partner[03] R2=0.775492 NMSE=0.224508 shuffled_R2=-0.023900
ALIGN ego[03] partner[04] R2=0.725038 NMSE=0.274962 shuffled_R2=-0.032579
ALIGN ego[04] partner[00] R2=0.848158 NMSE=0.151842 shuffled_R2=-0.019047
ALIGN ego[04] partner[01] R2=0.714524 NMSE=0.285476 shuffled_R2=-0.037343
ALIGN ego[04] partner[02] R2=0.797557 NMSE=0.202443 shuffled_R2=-0.021033
ALIGN ego[04] partner[03] R2=0.802902 NMSE=0.197098 shuffled_R2=-0.016069
ALIGN ego[04] partner[04] R2=0.771594 NMSE=0.228406 shuffled_R2=-0.015216
Evaluating partner alignment group 3: method=sp, prefix=checkpoints/eval_pools/sp
LOADED: checkpoints/eval_pools/sp/coord_ring/baseline_seed_0_step_220.msgpack
LOADED: checkpoints/eval_pools/sp/coord_ring/baseline_seed_1_step_220.msgpack
LOADED: checkpoints/eval_pools/sp/coord_ring/baseline_seed_2_step_220.msgpack
LOADED: checkpoints/eval_pools/sp/coord_ring/baseline_seed_3_step_220.msgpack
LOADED: checkpoints/eval_pools/sp/coord_ring/baseline_seed_4_step_220.msgpack
Using alignment rollout scale: ALIGN_PAIR_BATCH_SIZE=2, ALIGN_EVAL_NUM_EPISODES=128, ALIGN_EVAL_NUM_STEPS=400
ALIGN ego[00] partner[00] R2=0.797483 NMSE=0.202517 shuffled_R2=-0.029139
ALIGN ego[00] partner[01] R2=0.856987 NMSE=0.143013 shuffled_R2=-0.018215
ALIGN ego[00] partner[02] R2=0.903109 NMSE=0.096891 shuffled_R2=-0.015271
ALIGN ego[00] partner[03] R2=0.874548 NMSE=0.125452 shuffled_R2=-0.018455
ALIGN ego[00] partner[04] R2=0.727718 NMSE=0.272282 shuffled_R2=-0.043772
ALIGN ego[01] partner[00] R2=0.882358 NMSE=0.117642 shuffled_R2=-0.018037
ALIGN ego[01] partner[01] R2=0.908602 NMSE=0.091398 shuffled_R2=-0.018540
ALIGN ego[01] partner[02] R2=0.853991 NMSE=0.146009 shuffled_R2=-0.023962
ALIGN ego[01] partner[03] R2=0.877731 NMSE=0.122269 shuffled_R2=-0.013829
ALIGN ego[01] partner[04] R2=0.924687 NMSE=0.075313 shuffled_R2=-0.018939
ALIGN ego[02] partner[00] R2=0.797244 NMSE=0.202756 shuffled_R2=-0.048318
ALIGN ego[02] partner[01] R2=0.903174 NMSE=0.096826 shuffled_R2=-0.016707
ALIGN ego[02] partner[02] R2=0.890280 NMSE=0.109720 shuffled_R2=-0.014557
ALIGN ego[02] partner[03] R2=0.842903 NMSE=0.157097 shuffled_R2=-0.028499
ALIGN ego[02] partner[04] R2=0.950745 NMSE=0.049255 shuffled_R2=-0.014444
ALIGN ego[03] partner[00] R2=0.908151 NMSE=0.091849 shuffled_R2=-0.017127
ALIGN ego[03] partner[01] R2=0.838725 NMSE=0.161275 shuffled_R2=-0.023087
ALIGN ego[03] partner[02] R2=0.882986 NMSE=0.117014 shuffled_R2=-0.019693
ALIGN ego[03] partner[03] R2=0.898391 NMSE=0.101609 shuffled_R2=-0.018156
ALIGN ego[03] partner[04] R2=0.897010 NMSE=0.102990 shuffled_R2=-0.018816
ALIGN ego[04] partner[00] R2=0.912310 NMSE=0.087690 shuffled_R2=-0.013881
ALIGN ego[04] partner[01] R2=0.891448 NMSE=0.108552 shuffled_R2=-0.013640
ALIGN ego[04] partner[02] R2=0.857760 NMSE=0.142240 shuffled_R2=-0.021735
ALIGN ego[04] partner[03] R2=0.872176 NMSE=0.127824 shuffled_R2=-0.017806
ALIGN ego[04] partner[04] R2=0.824317 NMSE=0.175683 shuffled_R2=-0.026740
Average ego-to-partner alignment R2: 0.856216 +- 0.005227 SE over 100 ego-partner pairs
Average alignment normalized MSE: 0.143784 +- 0.005227 SE
Average shuffled-control alignment R2: -0.020436 +- 0.000649 SE
Saved alignment results to xp_partner_results/ph2v4_ego_vs_eval_pool_partner/coord_ring
Evaluating XP partner matrix for ego_method=ph2v4_ablate, layout=coord_ring
ego_prefix=checkpoints/ph2v4_ablate/, partner_pool_specs=e3t:checkpoints/eval_pools/e3t;mep_br:checkpoints/eval_pools/mep_br;pbt:checkpoints/eval_pools/pbt;sp:checkpoints/eval_pools/sp, result_name=ph2v4_ablate_ego_vs_eval_pool_partner, ego_perspective_transform=false
Importing submoduled environments...
Submoduled environments not found. Skipping import.
2026-07-01 07:08:48.105602: W external/xla/xla/service/gpu/autotuning/dot_search_space.cc:200] All configs were filtered out because none of them sufficiently match the hints. Maybe the hints set does not contain a good representative set of valid configs?Working around this by using the full hints set instead.
2026-07-01 07:08:49.283070: W external/xla/xla/service/gpu/autotuning/dot_search_space.cc:200] All configs were filtered out because none of them sufficiently match the hints. Maybe the hints set does not contain a good representative set of valid configs?Working around this by using the full hints set instead.
LOADED: checkpoints/ph2v4_ablate/coord_ring/baseline_seed_0_step_220.msgpack
LOADED: checkpoints/ph2v4_ablate/coord_ring/baseline_seed_1_step_220.msgpack
LOADED: checkpoints/ph2v4_ablate/coord_ring/baseline_seed_2_step_220.msgpack
LOADED: checkpoints/ph2v4_ablate/coord_ring/baseline_seed_3_step_220.msgpack
LOADED: checkpoints/ph2v4_ablate/coord_ring/baseline_seed_4_step_220.msgpack
Evaluating partner group 0: method=e3t, prefix=checkpoints/eval_pools/e3t
LOADED: checkpoints/eval_pools/e3t/coord_ring/baseline_seed_0_step_220.msgpack
LOADED: checkpoints/eval_pools/e3t/coord_ring/baseline_seed_1_step_220.msgpack
LOADED: checkpoints/eval_pools/e3t/coord_ring/baseline_seed_2_step_220.msgpack
LOADED: checkpoints/eval_pools/e3t/coord_ring/baseline_seed_3_step_220.msgpack
LOADED: checkpoints/eval_pools/e3t/coord_ring/baseline_seed_4_step_220.msgpack
Using XP rollout scale: XP_PAIR_BATCH_SIZE=32, EVAL_NUM_EPISODES=128, EVAL_NUM_STEPS=400
XP ego[00] partner[00] = 282.500
XP ego[00] partner[01] = 285.469
XP ego[00] partner[02] = 67.031
XP ego[00] partner[03] = 262.812
XP ego[00] partner[04] = 278.438
XP ego[01] partner[00] = 202.812
XP ego[01] partner[01] = 261.250
XP ego[01] partner[02] = 23.594
XP ego[01] partner[03] = 269.219
XP ego[01] partner[04] = 262.344
XP ego[02] partner[00] = 273.438
XP ego[02] partner[01] = 284.688
XP ego[02] partner[02] = 11.094
XP ego[02] partner[03] = 276.719
XP ego[02] partner[04] = 281.719
XP ego[03] partner[00] = 190.938
XP ego[03] partner[01] = 180.156
XP ego[03] partner[02] = 31.562
XP ego[03] partner[03] = 201.719
XP ego[03] partner[04] = 178.594
XP ego[04] partner[00] = 205.938
XP ego[04] partner[01] = 230.781
XP ego[04] partner[02] = 64.531
XP ego[04] partner[03] = 259.531
XP ego[04] partner[04] = 190.781
Evaluating partner group 1: method=mep_br, prefix=checkpoints/eval_pools/mep_br
LOADED: checkpoints/eval_pools/mep_br/coord_ring/baseline_seed_0_step_220.msgpack
LOADED: checkpoints/eval_pools/mep_br/coord_ring/baseline_seed_1_step_220.msgpack
LOADED: checkpoints/eval_pools/mep_br/coord_ring/baseline_seed_2_step_220.msgpack
LOADED: checkpoints/eval_pools/mep_br/coord_ring/baseline_seed_3_step_220.msgpack
LOADED: checkpoints/eval_pools/mep_br/coord_ring/baseline_seed_4_step_220.msgpack
Using XP rollout scale: XP_PAIR_BATCH_SIZE=32, EVAL_NUM_EPISODES=128, EVAL_NUM_STEPS=400
XP ego[00] partner[00] = 275.938
XP ego[00] partner[01] = 300.469
XP ego[00] partner[02] = 277.656
XP ego[00] partner[03] = 187.656
XP ego[00] partner[04] = 258.281
XP ego[01] partner[00] = 251.406
XP ego[01] partner[01] = 275.781
XP ego[01] partner[02] = 235.000
XP ego[01] partner[03] = 211.094
XP ego[01] partner[04] = 265.781
XP ego[02] partner[00] = 266.094
XP ego[02] partner[01] = 284.219
XP ego[02] partner[02] = 286.719
XP ego[02] partner[03] = 206.250
XP ego[02] partner[04] = 270.469
XP ego[03] partner[00] = 211.875
XP ego[03] partner[01] = 176.094
XP ego[03] partner[02] = 249.219
XP ego[03] partner[03] = 240.469
XP ego[03] partner[04] = 167.344
XP ego[04] partner[00] = 244.375
XP ego[04] partner[01] = 291.406
XP ego[04] partner[02] = 264.375
XP ego[04] partner[03] = 246.250
XP ego[04] partner[04] = 251.250
Evaluating partner group 2: method=pbt, prefix=checkpoints/eval_pools/pbt
LOADED: checkpoints/eval_pools/pbt/coord_ring/baseline_seed_0_step_62.msgpack
LOADED: checkpoints/eval_pools/pbt/coord_ring/baseline_seed_1_step_62.msgpack
LOADED: checkpoints/eval_pools/pbt/coord_ring/baseline_seed_2_step_62.msgpack
LOADED: checkpoints/eval_pools/pbt/coord_ring/baseline_seed_3_step_62.msgpack
LOADED: checkpoints/eval_pools/pbt/coord_ring/baseline_seed_4_step_62.msgpack
Using XP rollout scale: XP_PAIR_BATCH_SIZE=32, EVAL_NUM_EPISODES=128, EVAL_NUM_STEPS=400
XP ego[00] partner[00] = 291.719
XP ego[00] partner[01] = 278.594
XP ego[00] partner[02] = 261.875
XP ego[00] partner[03] = 278.125
XP ego[00] partner[04] = 287.812
XP ego[01] partner[00] = 259.531
XP ego[01] partner[01] = 283.281
XP ego[01] partner[02] = 274.688
XP ego[01] partner[03] = 272.500
XP ego[01] partner[04] = 283.594
XP ego[02] partner[00] = 290.781
XP ego[02] partner[01] = 270.156
XP ego[02] partner[02] = 249.375
XP ego[02] partner[03] = 258.750
XP ego[02] partner[04] = 270.469
XP ego[03] partner[00] = 195.312
XP ego[03] partner[01] = 188.125
XP ego[03] partner[02] = 195.469
XP ego[03] partner[03] = 201.406
XP ego[03] partner[04] = 185.625
XP ego[04] partner[00] = 187.812
XP ego[04] partner[01] = 192.969
XP ego[04] partner[02] = 174.844
XP ego[04] partner[03] = 240.312
XP ego[04] partner[04] = 214.844
Evaluating partner group 3: method=sp, prefix=checkpoints/eval_pools/sp
LOADED: checkpoints/eval_pools/sp/coord_ring/baseline_seed_0_step_220.msgpack
LOADED: checkpoints/eval_pools/sp/coord_ring/baseline_seed_1_step_220.msgpack
LOADED: checkpoints/eval_pools/sp/coord_ring/baseline_seed_2_step_220.msgpack
LOADED: checkpoints/eval_pools/sp/coord_ring/baseline_seed_3_step_220.msgpack
LOADED: checkpoints/eval_pools/sp/coord_ring/baseline_seed_4_step_220.msgpack
Using XP rollout scale: XP_PAIR_BATCH_SIZE=32, EVAL_NUM_EPISODES=128, EVAL_NUM_STEPS=400
XP ego[00] partner[00] = 285.156
XP ego[00] partner[01] = 287.031
XP ego[00] partner[02] = 274.688
XP ego[00] partner[03] = 279.688
XP ego[00] partner[04] = 242.188
XP ego[01] partner[00] = 261.719
XP ego[01] partner[01] = 275.312
XP ego[01] partner[02] = 253.438
XP ego[01] partner[03] = 278.438
XP ego[01] partner[04] = 262.188
XP ego[02] partner[00] = 269.688
XP ego[02] partner[01] = 274.375
XP ego[02] partner[02] = 264.219
XP ego[02] partner[03] = 249.688
XP ego[02] partner[04] = 256.250
XP ego[03] partner[00] = 185.781
XP ego[03] partner[01] = 198.281
XP ego[03] partner[02] = 255.625
XP ego[03] partner[03] = 212.344
XP ego[03] partner[04] = 231.406
XP ego[04] partner[00] = 241.719
XP ego[04] partner[01] = 195.469
XP ego[04] partner[02] = 64.531
XP ego[04] partner[03] = 245.312
XP ego[04] partner[04] = 254.219
Average ego-vs-partner performance: 234.398 +- 6.005 SE over 100 ordered pairs
Average diagonal performance: 189.469 +- 47.842 SE over 5 pairs
Average off-diagonal performance (only for square pools): nan +- nan SE over 0 ordered pairs
Saved XP results to xp_partner_results/ph2v4_ablate_ego_vs_eval_pool_partner/coord_ring
Saved XP heatmap to xp_partner_results/ph2v4_ablate_ego_vs_eval_pool_partner/coord_ring/xp_matrix.png
Evaluating partner alignment group 0: method=e3t, prefix=checkpoints/eval_pools/e3t
LOADED: checkpoints/eval_pools/e3t/coord_ring/baseline_seed_0_step_220.msgpack
LOADED: checkpoints/eval_pools/e3t/coord_ring/baseline_seed_1_step_220.msgpack
LOADED: checkpoints/eval_pools/e3t/coord_ring/baseline_seed_2_step_220.msgpack
LOADED: checkpoints/eval_pools/e3t/coord_ring/baseline_seed_3_step_220.msgpack
LOADED: checkpoints/eval_pools/e3t/coord_ring/baseline_seed_4_step_220.msgpack
Using alignment rollout scale: ALIGN_PAIR_BATCH_SIZE=2, ALIGN_EVAL_NUM_EPISODES=128, ALIGN_EVAL_NUM_STEPS=400
ALIGN ego[00] partner[00] R2=0.801190 NMSE=0.198810 shuffled_R2=-0.027886
ALIGN ego[00] partner[01] R2=0.869846 NMSE=0.130154 shuffled_R2=-0.017640
ALIGN ego[00] partner[02] R2=0.760704 NMSE=0.239296 shuffled_R2=-0.049274
ALIGN ego[00] partner[03] R2=0.850505 NMSE=0.149495 shuffled_R2=-0.018375
ALIGN ego[00] partner[04] R2=0.879986 NMSE=0.120014 shuffled_R2=-0.016437
ALIGN ego[01] partner[00] R2=0.930704 NMSE=0.069296 shuffled_R2=-0.018354
ALIGN ego[01] partner[01] R2=0.864903 NMSE=0.135097 shuffled_R2=-0.013169
ALIGN ego[01] partner[02] R2=0.861046 NMSE=0.138954 shuffled_R2=-0.032418
ALIGN ego[01] partner[03] R2=0.885807 NMSE=0.114193 shuffled_R2=-0.016939
ALIGN ego[01] partner[04] R2=0.898512 NMSE=0.101488 shuffled_R2=-0.016504
ALIGN ego[02] partner[00] R2=0.839274 NMSE=0.160726 shuffled_R2=-0.018531
ALIGN ego[02] partner[01] R2=0.922640 NMSE=0.077360 shuffled_R2=-0.013931
ALIGN ego[02] partner[02] R2=0.699806 NMSE=0.300194 shuffled_R2=-0.051718
ALIGN ego[02] partner[03] R2=0.859915 NMSE=0.140085 shuffled_R2=-0.016223
ALIGN ego[02] partner[04] R2=0.803967 NMSE=0.196033 shuffled_R2=-0.024749
ALIGN ego[03] partner[00] R2=0.945963 NMSE=0.054037 shuffled_R2=-0.012856
ALIGN ego[03] partner[01] R2=0.912338 NMSE=0.087662 shuffled_R2=-0.018317
ALIGN ego[03] partner[02] R2=0.927778 NMSE=0.072222 shuffled_R2=-0.031231
ALIGN ego[03] partner[03] R2=0.652011 NMSE=0.347989 shuffled_R2=-0.061777
ALIGN ego[03] partner[04] R2=0.897421 NMSE=0.102579 shuffled_R2=-0.017266
ALIGN ego[04] partner[00] R2=0.893216 NMSE=0.106784 shuffled_R2=-0.015735
ALIGN ego[04] partner[01] R2=0.866485 NMSE=0.133515 shuffled_R2=-0.013801
ALIGN ego[04] partner[02] R2=0.924721 NMSE=0.075279 shuffled_R2=-0.012768
ALIGN ego[04] partner[03] R2=0.841494 NMSE=0.158506 shuffled_R2=-0.014062
ALIGN ego[04] partner[04] R2=0.840334 NMSE=0.159666 shuffled_R2=-0.031738
Evaluating partner alignment group 1: method=mep_br, prefix=checkpoints/eval_pools/mep_br
LOADED: checkpoints/eval_pools/mep_br/coord_ring/baseline_seed_0_step_220.msgpack
LOADED: checkpoints/eval_pools/mep_br/coord_ring/baseline_seed_1_step_220.msgpack
LOADED: checkpoints/eval_pools/mep_br/coord_ring/baseline_seed_2_step_220.msgpack
LOADED: checkpoints/eval_pools/mep_br/coord_ring/baseline_seed_3_step_220.msgpack
LOADED: checkpoints/eval_pools/mep_br/coord_ring/baseline_seed_4_step_220.msgpack
Using alignment rollout scale: ALIGN_PAIR_BATCH_SIZE=2, ALIGN_EVAL_NUM_EPISODES=128, ALIGN_EVAL_NUM_STEPS=400
ALIGN ego[00] partner[00] R2=0.860247 NMSE=0.139753 shuffled_R2=-0.020989
ALIGN ego[00] partner[01] R2=0.855130 NMSE=0.144870 shuffled_R2=-0.028810
ALIGN ego[00] partner[02] R2=0.883901 NMSE=0.116099 shuffled_R2=-0.017476
ALIGN ego[00] partner[03] R2=0.899595 NMSE=0.100405 shuffled_R2=-0.026376
ALIGN ego[00] partner[04] R2=0.930124 NMSE=0.069876 shuffled_R2=-0.018118
ALIGN ego[01] partner[00] R2=0.886314 NMSE=0.113686 shuffled_R2=-0.015981
ALIGN ego[01] partner[01] R2=0.876660 NMSE=0.123340 shuffled_R2=-0.016572
ALIGN ego[01] partner[02] R2=0.884019 NMSE=0.115981 shuffled_R2=-0.016017
ALIGN ego[01] partner[03] R2=0.935923 NMSE=0.064077 shuffled_R2=-0.016317
ALIGN ego[01] partner[04] R2=0.877009 NMSE=0.122991 shuffled_R2=-0.020652
ALIGN ego[02] partner[00] R2=0.869050 NMSE=0.130950 shuffled_R2=-0.021702
ALIGN ego[02] partner[01] R2=0.885417 NMSE=0.114583 shuffled_R2=-0.018171
ALIGN ego[02] partner[02] R2=0.802397 NMSE=0.197603 shuffled_R2=-0.023991
ALIGN ego[02] partner[03] R2=0.921099 NMSE=0.078901 shuffled_R2=-0.017831
ALIGN ego[02] partner[04] R2=0.868286 NMSE=0.131714 shuffled_R2=-0.017849
ALIGN ego[03] partner[00] R2=0.729678 NMSE=0.270322 shuffled_R2=-0.050934
ALIGN ego[03] partner[01] R2=0.896675 NMSE=0.103325 shuffled_R2=-0.030032
ALIGN ego[03] partner[02] R2=0.864742 NMSE=0.135258 shuffled_R2=-0.032117
ALIGN ego[03] partner[03] R2=0.907153 NMSE=0.092847 shuffled_R2=-0.014619
ALIGN ego[03] partner[04] R2=0.731762 NMSE=0.268238 shuffled_R2=-0.054709
ALIGN ego[04] partner[00] R2=0.893995 NMSE=0.106005 shuffled_R2=-0.017782
ALIGN ego[04] partner[01] R2=0.895520 NMSE=0.104480 shuffled_R2=-0.017490
ALIGN ego[04] partner[02] R2=0.861624 NMSE=0.138376 shuffled_R2=-0.016237
ALIGN ego[04] partner[03] R2=0.888637 NMSE=0.111363 shuffled_R2=-0.020083
ALIGN ego[04] partner[04] R2=0.895744 NMSE=0.104256 shuffled_R2=-0.018463
Evaluating partner alignment group 2: method=pbt, prefix=checkpoints/eval_pools/pbt
LOADED: checkpoints/eval_pools/pbt/coord_ring/baseline_seed_0_step_62.msgpack
LOADED: checkpoints/eval_pools/pbt/coord_ring/baseline_seed_1_step_62.msgpack
LOADED: checkpoints/eval_pools/pbt/coord_ring/baseline_seed_2_step_62.msgpack
LOADED: checkpoints/eval_pools/pbt/coord_ring/baseline_seed_3_step_62.msgpack
LOADED: checkpoints/eval_pools/pbt/coord_ring/baseline_seed_4_step_62.msgpack
Using alignment rollout scale: ALIGN_PAIR_BATCH_SIZE=2, ALIGN_EVAL_NUM_EPISODES=128, ALIGN_EVAL_NUM_STEPS=400
ALIGN ego[00] partner[00] R2=0.718081 NMSE=0.281919 shuffled_R2=-0.048674
ALIGN ego[00] partner[01] R2=0.825194 NMSE=0.174806 shuffled_R2=-0.013753
ALIGN ego[00] partner[02] R2=0.748899 NMSE=0.251101 shuffled_R2=-0.021459
ALIGN ego[00] partner[03] R2=0.775293 NMSE=0.224707 shuffled_R2=-0.019951
ALIGN ego[00] partner[04] R2=0.706228 NMSE=0.293772 shuffled_R2=-0.023853
ALIGN ego[01] partner[00] R2=0.822057 NMSE=0.177943 shuffled_R2=-0.016071
ALIGN ego[01] partner[01] R2=0.832338 NMSE=0.167662 shuffled_R2=-0.015443
ALIGN ego[01] partner[02] R2=0.527900 NMSE=0.472100 shuffled_R2=-0.072411
ALIGN ego[01] partner[03] R2=0.751358 NMSE=0.248642 shuffled_R2=-0.023973
ALIGN ego[01] partner[04] R2=0.795344 NMSE=0.204656 shuffled_R2=-0.017043
ALIGN ego[02] partner[00] R2=0.789406 NMSE=0.210594 shuffled_R2=-0.017608
ALIGN ego[02] partner[01] R2=0.772956 NMSE=0.227044 shuffled_R2=-0.019225
ALIGN ego[02] partner[02] R2=0.782161 NMSE=0.217839 shuffled_R2=-0.016732
ALIGN ego[02] partner[03] R2=0.808167 NMSE=0.191833 shuffled_R2=-0.017121
ALIGN ego[02] partner[04] R2=0.798869 NMSE=0.201131 shuffled_R2=-0.019407
ALIGN ego[03] partner[00] R2=0.866775 NMSE=0.133225 shuffled_R2=-0.014544
ALIGN ego[03] partner[01] R2=0.700095 NMSE=0.299905 shuffled_R2=-0.064103
ALIGN ego[03] partner[02] R2=0.870676 NMSE=0.129324 shuffled_R2=-0.012368
ALIGN ego[03] partner[03] R2=0.811443 NMSE=0.188557 shuffled_R2=-0.026308
ALIGN ego[03] partner[04] R2=0.833769 NMSE=0.166231 shuffled_R2=-0.018276
ALIGN ego[04] partner[00] R2=0.843910 NMSE=0.156090 shuffled_R2=-0.011785
ALIGN ego[04] partner[01] R2=0.821892 NMSE=0.178108 shuffled_R2=-0.013070
ALIGN ego[04] partner[02] R2=0.781520 NMSE=0.218480 shuffled_R2=-0.021178
ALIGN ego[04] partner[03] R2=0.803270 NMSE=0.196730 shuffled_R2=-0.017540
ALIGN ego[04] partner[04] R2=0.642702 NMSE=0.357298 shuffled_R2=-0.030237
Evaluating partner alignment group 3: method=sp, prefix=checkpoints/eval_pools/sp
LOADED: checkpoints/eval_pools/sp/coord_ring/baseline_seed_0_step_220.msgpack
LOADED: checkpoints/eval_pools/sp/coord_ring/baseline_seed_1_step_220.msgpack
LOADED: checkpoints/eval_pools/sp/coord_ring/baseline_seed_2_step_220.msgpack
LOADED: checkpoints/eval_pools/sp/coord_ring/baseline_seed_3_step_220.msgpack
LOADED: checkpoints/eval_pools/sp/coord_ring/baseline_seed_4_step_220.msgpack
Using alignment rollout scale: ALIGN_PAIR_BATCH_SIZE=2, ALIGN_EVAL_NUM_EPISODES=128, ALIGN_EVAL_NUM_STEPS=400
ALIGN ego[00] partner[00] R2=0.766627 NMSE=0.233373 shuffled_R2=-0.031234
ALIGN ego[00] partner[01] R2=0.812582 NMSE=0.187418 shuffled_R2=-0.027764
ALIGN ego[00] partner[02] R2=0.881647 NMSE=0.118353 shuffled_R2=-0.021233
ALIGN ego[00] partner[03] R2=0.845336 NMSE=0.154664 shuffled_R2=-0.029637
ALIGN ego[00] partner[04] R2=0.906176 NMSE=0.093824 shuffled_R2=-0.019576
ALIGN ego[01] partner[00] R2=0.793642 NMSE=0.206358 shuffled_R2=-0.033644
ALIGN ego[01] partner[01] R2=0.930082 NMSE=0.069918 shuffled_R2=-0.015145
ALIGN ego[01] partner[02] R2=0.856997 NMSE=0.143003 shuffled_R2=-0.031496
ALIGN ego[01] partner[03] R2=0.913981 NMSE=0.086019 shuffled_R2=-0.016583
ALIGN ego[01] partner[04] R2=0.926532 NMSE=0.073468 shuffled_R2=-0.022749
ALIGN ego[02] partner[00] R2=0.902694 NMSE=0.097306 shuffled_R2=-0.016247
ALIGN ego[02] partner[01] R2=0.685267 NMSE=0.314733 shuffled_R2=-0.042147
ALIGN ego[02] partner[02] R2=0.818915 NMSE=0.181085 shuffled_R2=-0.024790
ALIGN ego[02] partner[03] R2=0.904019 NMSE=0.095981 shuffled_R2=-0.020036
ALIGN ego[02] partner[04] R2=0.919045 NMSE=0.080955 shuffled_R2=-0.016737
ALIGN ego[03] partner[00] R2=0.815137 NMSE=0.184863 shuffled_R2=-0.049457
ALIGN ego[03] partner[01] R2=0.797949 NMSE=0.202051 shuffled_R2=-0.033446
ALIGN ego[03] partner[02] R2=0.836596 NMSE=0.163404 shuffled_R2=-0.018301
ALIGN ego[03] partner[03] R2=0.899551 NMSE=0.100449 shuffled_R2=-0.014003
ALIGN ego[03] partner[04] R2=0.941290 NMSE=0.058710 shuffled_R2=-0.016107
ALIGN ego[04] partner[00] R2=0.887352 NMSE=0.112648 shuffled_R2=-0.016645
ALIGN ego[04] partner[01] R2=0.739228 NMSE=0.260772 shuffled_R2=-0.039953
ALIGN ego[04] partner[02] R2=0.879665 NMSE=0.120335 shuffled_R2=-0.026293
ALIGN ego[04] partner[03] R2=0.851524 NMSE=0.148476 shuffled_R2=-0.016619
ALIGN ego[04] partner[04] R2=0.899171 NMSE=0.100829 shuffled_R2=-0.017118
Average ego-to-partner alignment R2: 0.840726 +- 0.007478 SE over 100 ego-partner pairs
Average alignment normalized MSE: 0.159274 +- 0.007478 SE
Average shuffled-control alignment R2: -0.023601 +- 0.001215 SE
Saved alignment results to xp_partner_results/ph2v4_ablate_ego_vs_eval_pool_partner/coord_ring
Evaluating XP partner matrix for ego_method=sp, layout=coord_ring
ego_prefix=checkpoints/sp/, partner_pool_specs=e3t:checkpoints/eval_pools/e3t;mep_br:checkpoints/eval_pools/mep_br;pbt:checkpoints/eval_pools/pbt;sp:checkpoints/eval_pools/sp, result_name=sp_ego_vs_eval_pool_partner, ego_perspective_transform=true
Importing submoduled environments...
Submoduled environments not found. Skipping import.
2026-07-01 07:12:32.745426: W external/xla/xla/service/gpu/autotuning/dot_search_space.cc:200] All configs were filtered out because none of them sufficiently match the hints. Maybe the hints set does not contain a good representative set of valid configs?Working around this by using the full hints set instead.
2026-07-01 07:12:38.325000: W external/xla/xla/service/gpu/autotuning/dot_search_space.cc:200] All configs were filtered out because none of them sufficiently match the hints. Maybe the hints set does not contain a good representative set of valid configs?Working around this by using the full hints set instead.
LOADED: checkpoints/sp/coord_ring/baseline_seed_0_step_220.msgpack
LOADED: checkpoints/sp/coord_ring/baseline_seed_1_step_220.msgpack
LOADED: checkpoints/sp/coord_ring/baseline_seed_2_step_220.msgpack
LOADED: checkpoints/sp/coord_ring/baseline_seed_3_step_220.msgpack
LOADED: checkpoints/sp/coord_ring/baseline_seed_4_step_220.msgpack
Evaluating partner group 0: method=e3t, prefix=checkpoints/eval_pools/e3t
LOADED: checkpoints/eval_pools/e3t/coord_ring/baseline_seed_0_step_220.msgpack
LOADED: checkpoints/eval_pools/e3t/coord_ring/baseline_seed_1_step_220.msgpack
LOADED: checkpoints/eval_pools/e3t/coord_ring/baseline_seed_2_step_220.msgpack
LOADED: checkpoints/eval_pools/e3t/coord_ring/baseline_seed_3_step_220.msgpack
LOADED: checkpoints/eval_pools/e3t/coord_ring/baseline_seed_4_step_220.msgpack
Using XP rollout scale: XP_PAIR_BATCH_SIZE=32, EVAL_NUM_EPISODES=128, EVAL_NUM_STEPS=400
XP ego[00] partner[00] = 157.500
XP ego[00] partner[01] = 226.875
XP ego[00] partner[02] = 1.875
XP ego[00] partner[03] = 272.344
XP ego[00] partner[04] = 222.188
XP ego[01] partner[00] = 275.469
XP ego[01] partner[01] = 284.844
XP ego[01] partner[02] = 57.500
XP ego[01] partner[03] = 269.375
XP ego[01] partner[04] = 279.062
XP ego[02] partner[00] = 268.594
XP ego[02] partner[01] = 291.875
XP ego[02] partner[02] = 22.188
XP ego[02] partner[03] = 235.781
XP ego[02] partner[04] = 289.688
XP ego[03] partner[00] = 105.781
XP ego[03] partner[01] = 297.812
XP ego[03] partner[02] = 23.438
XP ego[03] partner[03] = 297.344
XP ego[03] partner[04] = 282.969
XP ego[04] partner[00] = 285.625
XP ego[04] partner[01] = 282.188
XP ego[04] partner[02] = 32.656
XP ego[04] partner[03] = 227.812
XP ego[04] partner[04] = 272.031
Evaluating partner group 1: method=mep_br, prefix=checkpoints/eval_pools/mep_br
LOADED: checkpoints/eval_pools/mep_br/coord_ring/baseline_seed_0_step_220.msgpack
LOADED: checkpoints/eval_pools/mep_br/coord_ring/baseline_seed_1_step_220.msgpack
LOADED: checkpoints/eval_pools/mep_br/coord_ring/baseline_seed_2_step_220.msgpack
LOADED: checkpoints/eval_pools/mep_br/coord_ring/baseline_seed_3_step_220.msgpack
LOADED: checkpoints/eval_pools/mep_br/coord_ring/baseline_seed_4_step_220.msgpack
Using XP rollout scale: XP_PAIR_BATCH_SIZE=32, EVAL_NUM_EPISODES=128, EVAL_NUM_STEPS=400
XP ego[00] partner[00] = 242.500
XP ego[00] partner[01] = 277.812
XP ego[00] partner[02] = 285.469
XP ego[00] partner[03] = 160.938
XP ego[00] partner[04] = 280.156
XP ego[01] partner[00] = 216.875
XP ego[01] partner[01] = 282.812
XP ego[01] partner[02] = 279.531
XP ego[01] partner[03] = 217.969
XP ego[01] partner[04] = 250.938
XP ego[02] partner[00] = 242.969
XP ego[02] partner[01] = 294.219
XP ego[02] partner[02] = 279.375
XP ego[02] partner[03] = 174.219
XP ego[02] partner[04] = 256.406
XP ego[03] partner[00] = 255.000
XP ego[03] partner[01] = 304.219
XP ego[03] partner[02] = 283.438
XP ego[03] partner[03] = 237.812
XP ego[03] partner[04] = 279.844
XP ego[04] partner[00] = 247.969
XP ego[04] partner[01] = 287.031
XP ego[04] partner[02] = 243.906
XP ego[04] partner[03] = 230.625
XP ego[04] partner[04] = 277.344
Evaluating partner group 2: method=pbt, prefix=checkpoints/eval_pools/pbt
LOADED: checkpoints/eval_pools/pbt/coord_ring/baseline_seed_0_step_62.msgpack
LOADED: checkpoints/eval_pools/pbt/coord_ring/baseline_seed_1_step_62.msgpack
LOADED: checkpoints/eval_pools/pbt/coord_ring/baseline_seed_2_step_62.msgpack
LOADED: checkpoints/eval_pools/pbt/coord_ring/baseline_seed_3_step_62.msgpack
LOADED: checkpoints/eval_pools/pbt/coord_ring/baseline_seed_4_step_62.msgpack
Using XP rollout scale: XP_PAIR_BATCH_SIZE=32, EVAL_NUM_EPISODES=128, EVAL_NUM_STEPS=400
XP ego[00] partner[00] = 289.688
XP ego[00] partner[01] = 234.688
XP ego[00] partner[02] = 267.031
XP ego[00] partner[03] = 238.125
XP ego[00] partner[04] = 272.969
XP ego[01] partner[00] = 307.344
XP ego[01] partner[01] = 295.625
XP ego[01] partner[02] = 270.000
XP ego[01] partner[03] = 277.656
XP ego[01] partner[04] = 280.312
XP ego[02] partner[00] = 312.969
XP ego[02] partner[01] = 298.750
XP ego[02] partner[02] = 302.500
XP ego[02] partner[03] = 270.625
XP ego[02] partner[04] = 313.906
XP ego[03] partner[00] = 303.438
XP ego[03] partner[01] = 293.281
XP ego[03] partner[02] = 280.000
XP ego[03] partner[03] = 268.750
XP ego[03] partner[04] = 302.031
XP ego[04] partner[00] = 290.156
XP ego[04] partner[01] = 266.875
XP ego[04] partner[02] = 283.594
XP ego[04] partner[03] = 248.281
XP ego[04] partner[04] = 283.125
Evaluating partner group 3: method=sp, prefix=checkpoints/eval_pools/sp
LOADED: checkpoints/eval_pools/sp/coord_ring/baseline_seed_0_step_220.msgpack
LOADED: checkpoints/eval_pools/sp/coord_ring/baseline_seed_1_step_220.msgpack
LOADED: checkpoints/eval_pools/sp/coord_ring/baseline_seed_2_step_220.msgpack
LOADED: checkpoints/eval_pools/sp/coord_ring/baseline_seed_3_step_220.msgpack
LOADED: checkpoints/eval_pools/sp/coord_ring/baseline_seed_4_step_220.msgpack
Using XP rollout scale: XP_PAIR_BATCH_SIZE=32, EVAL_NUM_EPISODES=128, EVAL_NUM_STEPS=400
XP ego[00] partner[00] = 280.469
XP ego[00] partner[01] = 291.094
XP ego[00] partner[02] = 273.438
XP ego[00] partner[03] = 197.500
XP ego[00] partner[04] = 290.000
XP ego[01] partner[00] = 289.844
XP ego[01] partner[01] = 283.906
XP ego[01] partner[02] = 281.875
XP ego[01] partner[03] = 289.844
XP ego[01] partner[04] = 271.719
XP ego[02] partner[00] = 304.375
XP ego[02] partner[01] = 284.375
XP ego[02] partner[02] = 258.281
XP ego[02] partner[03] = 290.938
XP ego[02] partner[04] = 285.312
XP ego[03] partner[00] = 301.875
XP ego[03] partner[01] = 281.562
XP ego[03] partner[02] = 277.188
XP ego[03] partner[03] = 298.906
XP ego[03] partner[04] = 279.219
XP ego[04] partner[00] = 278.125
XP ego[04] partner[01] = 269.219
XP ego[04] partner[02] = 268.281
XP ego[04] partner[03] = 291.406
XP ego[04] partner[04] = 282.031
Average ego-vs-partner performance: 257.047 +- 6.288 SE over 100 ordered pairs
Average diagonal performance: 206.781 +- 52.467 SE over 5 pairs
Average off-diagonal performance (only for square pools): nan +- nan SE over 0 ordered pairs
Saved XP results to xp_partner_results/sp_ego_vs_eval_pool_partner/coord_ring
Saved XP heatmap to xp_partner_results/sp_ego_vs_eval_pool_partner/coord_ring/xp_matrix.png
Evaluating partner alignment group 0: method=e3t, prefix=checkpoints/eval_pools/e3t
LOADED: checkpoints/eval_pools/e3t/coord_ring/baseline_seed_0_step_220.msgpack
LOADED: checkpoints/eval_pools/e3t/coord_ring/baseline_seed_1_step_220.msgpack
LOADED: checkpoints/eval_pools/e3t/coord_ring/baseline_seed_2_step_220.msgpack
LOADED: checkpoints/eval_pools/e3t/coord_ring/baseline_seed_3_step_220.msgpack
LOADED: checkpoints/eval_pools/e3t/coord_ring/baseline_seed_4_step_220.msgpack
Using alignment rollout scale: ALIGN_PAIR_BATCH_SIZE=2, ALIGN_EVAL_NUM_EPISODES=128, ALIGN_EVAL_NUM_STEPS=400
ALIGN ego[00] partner[00] R2=0.863618 NMSE=0.136382 shuffled_R2=-0.007730
ALIGN ego[00] partner[01] R2=0.835582 NMSE=0.164418 shuffled_R2=-0.011289
ALIGN ego[00] partner[02] R2=0.666887 NMSE=0.333113 shuffled_R2=-0.145633
ALIGN ego[00] partner[03] R2=0.852175 NMSE=0.147825 shuffled_R2=-0.007854
ALIGN ego[00] partner[04] R2=0.785804 NMSE=0.214196 shuffled_R2=-0.012215
ALIGN ego[01] partner[00] R2=0.817067 NMSE=0.182933 shuffled_R2=-0.009304
ALIGN ego[01] partner[01] R2=0.791371 NMSE=0.208629 shuffled_R2=-0.007450
ALIGN ego[01] partner[02] R2=0.893805 NMSE=0.106195 shuffled_R2=-0.010647
ALIGN ego[01] partner[03] R2=0.805642 NMSE=0.194358 shuffled_R2=-0.008071
ALIGN ego[01] partner[04] R2=0.852801 NMSE=0.147199 shuffled_R2=-0.006213
ALIGN ego[02] partner[00] R2=0.848545 NMSE=0.151455 shuffled_R2=-0.010575
ALIGN ego[02] partner[01] R2=0.810269 NMSE=0.189731 shuffled_R2=-0.007509
ALIGN ego[02] partner[02] R2=0.919091 NMSE=0.080909 shuffled_R2=-0.009670
ALIGN ego[02] partner[03] R2=0.850528 NMSE=0.149472 shuffled_R2=-0.008272
ALIGN ego[02] partner[04] R2=0.845215 NMSE=0.154785 shuffled_R2=-0.006976
ALIGN ego[03] partner[00] R2=0.852655 NMSE=0.147345 shuffled_R2=-0.012724
ALIGN ego[03] partner[01] R2=0.806493 NMSE=0.193507 shuffled_R2=-0.008127
ALIGN ego[03] partner[02] R2=0.892781 NMSE=0.107219 shuffled_R2=-0.010049
ALIGN ego[03] partner[03] R2=0.826817 NMSE=0.173183 shuffled_R2=-0.007627
ALIGN ego[03] partner[04] R2=0.810341 NMSE=0.189659 shuffled_R2=-0.007701
ALIGN ego[04] partner[00] R2=0.863163 NMSE=0.136837 shuffled_R2=-0.006473
ALIGN ego[04] partner[01] R2=0.822338 NMSE=0.177662 shuffled_R2=-0.007183
ALIGN ego[04] partner[02] R2=0.928044 NMSE=0.071956 shuffled_R2=-0.006165
ALIGN ego[04] partner[03] R2=0.787665 NMSE=0.212335 shuffled_R2=-0.015555
ALIGN ego[04] partner[04] R2=0.844941 NMSE=0.155059 shuffled_R2=-0.007403
Evaluating partner alignment group 1: method=mep_br, prefix=checkpoints/eval_pools/mep_br
LOADED: checkpoints/eval_pools/mep_br/coord_ring/baseline_seed_0_step_220.msgpack
LOADED: checkpoints/eval_pools/mep_br/coord_ring/baseline_seed_1_step_220.msgpack
LOADED: checkpoints/eval_pools/mep_br/coord_ring/baseline_seed_2_step_220.msgpack
LOADED: checkpoints/eval_pools/mep_br/coord_ring/baseline_seed_3_step_220.msgpack
LOADED: checkpoints/eval_pools/mep_br/coord_ring/baseline_seed_4_step_220.msgpack
Using alignment rollout scale: ALIGN_PAIR_BATCH_SIZE=2, ALIGN_EVAL_NUM_EPISODES=128, ALIGN_EVAL_NUM_STEPS=400
ALIGN ego[00] partner[00] R2=0.646605 NMSE=0.353395 shuffled_R2=-0.021899
ALIGN ego[00] partner[01] R2=0.842779 NMSE=0.157221 shuffled_R2=-0.007469
ALIGN ego[00] partner[02] R2=0.796255 NMSE=0.203745 shuffled_R2=-0.014492
ALIGN ego[00] partner[03] R2=0.901845 NMSE=0.098155 shuffled_R2=-0.008371
ALIGN ego[00] partner[04] R2=0.644688 NMSE=0.355312 shuffled_R2=-0.041034
ALIGN ego[01] partner[00] R2=0.873863 NMSE=0.126137 shuffled_R2=-0.006886
ALIGN ego[01] partner[01] R2=0.846854 NMSE=0.153146 shuffled_R2=-0.006024
ALIGN ego[01] partner[02] R2=0.833950 NMSE=0.166050 shuffled_R2=-0.007117
ALIGN ego[01] partner[03] R2=0.829620 NMSE=0.170380 shuffled_R2=-0.015468
ALIGN ego[01] partner[04] R2=0.818912 NMSE=0.181088 shuffled_R2=-0.015498
ALIGN ego[02] partner[00] R2=0.758950 NMSE=0.241050 shuffled_R2=-0.012801
ALIGN ego[02] partner[01] R2=0.845266 NMSE=0.154734 shuffled_R2=-0.007935
ALIGN ego[02] partner[02] R2=0.720096 NMSE=0.279904 shuffled_R2=-0.011240
ALIGN ego[02] partner[03] R2=0.822685 NMSE=0.177315 shuffled_R2=-0.018400
ALIGN ego[02] partner[04] R2=0.823816 NMSE=0.176184 shuffled_R2=-0.006749
ALIGN ego[03] partner[00] R2=0.862105 NMSE=0.137895 shuffled_R2=-0.008287
ALIGN ego[03] partner[01] R2=0.825397 NMSE=0.174603 shuffled_R2=-0.010169
ALIGN ego[03] partner[02] R2=0.857240 NMSE=0.142760 shuffled_R2=-0.006536
ALIGN ego[03] partner[03] R2=0.880453 NMSE=0.119547 shuffled_R2=-0.007643
ALIGN ego[03] partner[04] R2=0.786273 NMSE=0.213727 shuffled_R2=-0.016625
ALIGN ego[04] partner[00] R2=0.844081 NMSE=0.155919 shuffled_R2=-0.008539
ALIGN ego[04] partner[01] R2=0.819335 NMSE=0.180665 shuffled_R2=-0.008939
ALIGN ego[04] partner[02] R2=0.765031 NMSE=0.234969 shuffled_R2=-0.011501
ALIGN ego[04] partner[03] R2=0.895081 NMSE=0.104919 shuffled_R2=-0.007289
ALIGN ego[04] partner[04] R2=0.858523 NMSE=0.141477 shuffled_R2=-0.010033
Evaluating partner alignment group 2: method=pbt, prefix=checkpoints/eval_pools/pbt
LOADED: checkpoints/eval_pools/pbt/coord_ring/baseline_seed_0_step_62.msgpack
LOADED: checkpoints/eval_pools/pbt/coord_ring/baseline_seed_1_step_62.msgpack
LOADED: checkpoints/eval_pools/pbt/coord_ring/baseline_seed_2_step_62.msgpack
LOADED: checkpoints/eval_pools/pbt/coord_ring/baseline_seed_3_step_62.msgpack
LOADED: checkpoints/eval_pools/pbt/coord_ring/baseline_seed_4_step_62.msgpack
Using alignment rollout scale: ALIGN_PAIR_BATCH_SIZE=2, ALIGN_EVAL_NUM_EPISODES=128, ALIGN_EVAL_NUM_STEPS=400
ALIGN ego[00] partner[00] R2=0.731395 NMSE=0.268605 shuffled_R2=-0.007897
ALIGN ego[00] partner[01] R2=0.783763 NMSE=0.216237 shuffled_R2=-0.007257
ALIGN ego[00] partner[02] R2=0.400408 NMSE=0.599592 shuffled_R2=-0.022056
ALIGN ego[00] partner[03] R2=0.809677 NMSE=0.190323 shuffled_R2=-0.007857
ALIGN ego[00] partner[04] R2=0.704202 NMSE=0.295798 shuffled_R2=-0.008994
ALIGN ego[01] partner[00] R2=0.791826 NMSE=0.208174 shuffled_R2=-0.007407
ALIGN ego[01] partner[01] R2=0.708648 NMSE=0.291352 shuffled_R2=-0.010300
ALIGN ego[01] partner[02] R2=0.636841 NMSE=0.363159 shuffled_R2=-0.021565
ALIGN ego[01] partner[03] R2=0.759471 NMSE=0.240529 shuffled_R2=-0.007300
ALIGN ego[01] partner[04] R2=0.752742 NMSE=0.247258 shuffled_R2=-0.008353
ALIGN ego[02] partner[00] R2=0.793597 NMSE=0.206403 shuffled_R2=-0.006359
ALIGN ego[02] partner[01] R2=0.786880 NMSE=0.213120 shuffled_R2=-0.007623
ALIGN ego[02] partner[02] R2=0.673671 NMSE=0.326329 shuffled_R2=-0.017947
ALIGN ego[02] partner[03] R2=0.783039 NMSE=0.216961 shuffled_R2=-0.008649
ALIGN ego[02] partner[04] R2=0.779167 NMSE=0.220833 shuffled_R2=-0.008385
ALIGN ego[03] partner[00] R2=0.589070 NMSE=0.410930 shuffled_R2=-0.019452
ALIGN ego[03] partner[01] R2=0.664404 NMSE=0.335596 shuffled_R2=-0.017807
ALIGN ego[03] partner[02] R2=0.745517 NMSE=0.254483 shuffled_R2=-0.011400
ALIGN ego[03] partner[03] R2=0.758255 NMSE=0.241745 shuffled_R2=-0.008410
ALIGN ego[03] partner[04] R2=0.728144 NMSE=0.271856 shuffled_R2=-0.009255
ALIGN ego[04] partner[00] R2=0.734243 NMSE=0.265757 shuffled_R2=-0.008899
ALIGN ego[04] partner[01] R2=0.759829 NMSE=0.240171 shuffled_R2=-0.007377
ALIGN ego[04] partner[02] R2=0.686975 NMSE=0.313025 shuffled_R2=-0.009204
ALIGN ego[04] partner[03] R2=0.741145 NMSE=0.258855 shuffled_R2=-0.007798
ALIGN ego[04] partner[04] R2=0.706762 NMSE=0.293238 shuffled_R2=-0.007309
Evaluating partner alignment group 3: method=sp, prefix=checkpoints/eval_pools/sp
LOADED: checkpoints/eval_pools/sp/coord_ring/baseline_seed_0_step_220.msgpack
LOADED: checkpoints/eval_pools/sp/coord_ring/baseline_seed_1_step_220.msgpack
LOADED: checkpoints/eval_pools/sp/coord_ring/baseline_seed_2_step_220.msgpack
LOADED: checkpoints/eval_pools/sp/coord_ring/baseline_seed_3_step_220.msgpack
LOADED: checkpoints/eval_pools/sp/coord_ring/baseline_seed_4_step_220.msgpack
Using alignment rollout scale: ALIGN_PAIR_BATCH_SIZE=2, ALIGN_EVAL_NUM_EPISODES=128, ALIGN_EVAL_NUM_STEPS=400
ALIGN ego[00] partner[00] R2=0.826691 NMSE=0.173309 shuffled_R2=-0.007457
ALIGN ego[00] partner[01] R2=0.862246 NMSE=0.137754 shuffled_R2=-0.009157
ALIGN ego[00] partner[02] R2=0.847899 NMSE=0.152101 shuffled_R2=-0.010801
ALIGN ego[00] partner[03] R2=0.879648 NMSE=0.120352 shuffled_R2=-0.008928
ALIGN ego[00] partner[04] R2=0.704208 NMSE=0.295792 shuffled_R2=-0.025137
ALIGN ego[01] partner[00] R2=0.824407 NMSE=0.175593 shuffled_R2=-0.007308
ALIGN ego[01] partner[01] R2=0.826307 NMSE=0.173693 shuffled_R2=-0.009417
ALIGN ego[01] partner[02] R2=0.818650 NMSE=0.181350 shuffled_R2=-0.010861
ALIGN ego[01] partner[03] R2=0.866559 NMSE=0.133441 shuffled_R2=-0.006952
ALIGN ego[01] partner[04] R2=0.874842 NMSE=0.125158 shuffled_R2=-0.008107
ALIGN ego[02] partner[00] R2=0.852524 NMSE=0.147476 shuffled_R2=-0.007547
ALIGN ego[02] partner[01] R2=0.895005 NMSE=0.104995 shuffled_R2=-0.008014
ALIGN ego[02] partner[02] R2=0.869749 NMSE=0.130251 shuffled_R2=-0.007767
ALIGN ego[02] partner[03] R2=0.851192 NMSE=0.148808 shuffled_R2=-0.009187
ALIGN ego[02] partner[04] R2=0.917072 NMSE=0.082928 shuffled_R2=-0.008352
ALIGN ego[03] partner[00] R2=0.821955 NMSE=0.178045 shuffled_R2=-0.007652
ALIGN ego[03] partner[01] R2=0.865079 NMSE=0.134921 shuffled_R2=-0.007903
ALIGN ego[03] partner[02] R2=0.822426 NMSE=0.177574 shuffled_R2=-0.007128
ALIGN ego[03] partner[03] R2=0.795437 NMSE=0.204563 shuffled_R2=-0.007901
ALIGN ego[03] partner[04] R2=0.913906 NMSE=0.086094 shuffled_R2=-0.007331
ALIGN ego[04] partner[00] R2=0.850216 NMSE=0.149784 shuffled_R2=-0.009278
ALIGN ego[04] partner[01] R2=0.670792 NMSE=0.329208 shuffled_R2=-0.014167
ALIGN ego[04] partner[02] R2=0.797424 NMSE=0.202576 shuffled_R2=-0.009525
ALIGN ego[04] partner[03] R2=0.828443 NMSE=0.171557 shuffled_R2=-0.008440
ALIGN ego[04] partner[04] R2=0.871639 NMSE=0.128361 shuffled_R2=-0.006866
Average ego-to-partner alignment R2: 0.802373 +- 0.008098 SE over 100 ego-partner pairs
Average alignment normalized MSE: 0.197627 +- 0.008098 SE
Average shuffled-control alignment R2: -0.011514 +- 0.001444 SE
Saved alignment results to xp_partner_results/sp_ego_vs_eval_pool_partner/coord_ring
Evaluating XP partner matrix for ego_method=e3t, layout=coord_ring
ego_prefix=checkpoints/e3t/, partner_pool_specs=e3t:checkpoints/eval_pools/e3t;mep_br:checkpoints/eval_pools/mep_br;pbt:checkpoints/eval_pools/pbt;sp:checkpoints/eval_pools/sp, result_name=e3t_ego_vs_eval_pool_partner, ego_perspective_transform=true
Importing submoduled environments...
Submoduled environments not found. Skipping import.
2026-07-01 07:15:37.394883: W external/xla/xla/service/gpu/autotuning/dot_search_space.cc:200] All configs were filtered out because none of them sufficiently match the hints. Maybe the hints set does not contain a good representative set of valid configs?Working around this by using the full hints set instead.
2026-07-01 07:15:39.112883: W external/xla/xla/service/gpu/autotuning/dot_search_space.cc:200] All configs were filtered out because none of them sufficiently match the hints. Maybe the hints set does not contain a good representative set of valid configs?Working around this by using the full hints set instead.
LOADED: checkpoints/e3t/coord_ring/baseline_seed_0_step_2280.msgpack
LOADED: checkpoints/e3t/coord_ring/baseline_seed_1_step_2280.msgpack
LOADED: checkpoints/e3t/coord_ring/baseline_seed_2_step_2280.msgpack
LOADED: checkpoints/e3t/coord_ring/baseline_seed_3_step_2280.msgpack
LOADED: checkpoints/e3t/coord_ring/baseline_seed_4_step_2280.msgpack
Evaluating partner group 0: method=e3t, prefix=checkpoints/eval_pools/e3t
LOADED: checkpoints/eval_pools/e3t/coord_ring/baseline_seed_0_step_220.msgpack
LOADED: checkpoints/eval_pools/e3t/coord_ring/baseline_seed_1_step_220.msgpack
LOADED: checkpoints/eval_pools/e3t/coord_ring/baseline_seed_2_step_220.msgpack
LOADED: checkpoints/eval_pools/e3t/coord_ring/baseline_seed_3_step_220.msgpack
LOADED: checkpoints/eval_pools/e3t/coord_ring/baseline_seed_4_step_220.msgpack
Using XP rollout scale: XP_PAIR_BATCH_SIZE=32, EVAL_NUM_EPISODES=128, EVAL_NUM_STEPS=400
XP ego[00] partner[00] = 249.219
XP ego[00] partner[01] = 256.094
XP ego[00] partner[02] = 277.656
XP ego[00] partner[03] = 230.156
XP ego[00] partner[04] = 125.156
XP ego[01] partner[00] = 237.500
XP ego[01] partner[01] = 135.312
XP ego[01] partner[02] = 306.562
XP ego[01] partner[03] = 110.781
XP ego[01] partner[04] = 164.688
XP ego[02] partner[00] = 123.438
XP ego[02] partner[01] = 84.844
XP ego[02] partner[02] = 240.000
XP ego[02] partner[03] = 87.656
XP ego[02] partner[04] = 70.938
XP ego[03] partner[00] = 273.594
XP ego[03] partner[01] = 202.500
XP ego[03] partner[02] = 224.531
XP ego[03] partner[03] = 224.844
XP ego[03] partner[04] = 240.469
XP ego[04] partner[00] = 292.188
XP ego[04] partner[01] = 302.656
XP ego[04] partner[02] = 195.000
XP ego[04] partner[03] = 258.906
XP ego[04] partner[04] = 295.469
Evaluating partner group 1: method=mep_br, prefix=checkpoints/eval_pools/mep_br
LOADED: checkpoints/eval_pools/mep_br/coord_ring/baseline_seed_0_step_220.msgpack
LOADED: checkpoints/eval_pools/mep_br/coord_ring/baseline_seed_1_step_220.msgpack
LOADED: checkpoints/eval_pools/mep_br/coord_ring/baseline_seed_2_step_220.msgpack
LOADED: checkpoints/eval_pools/mep_br/coord_ring/baseline_seed_3_step_220.msgpack
LOADED: checkpoints/eval_pools/mep_br/coord_ring/baseline_seed_4_step_220.msgpack
Using XP rollout scale: XP_PAIR_BATCH_SIZE=32, EVAL_NUM_EPISODES=128, EVAL_NUM_STEPS=400
XP ego[00] partner[00] = 224.219
XP ego[00] partner[01] = 223.594
XP ego[00] partner[02] = 170.312
XP ego[00] partner[03] = 135.781
XP ego[00] partner[04] = 210.938
XP ego[01] partner[00] = 226.562
XP ego[01] partner[01] = 276.250
XP ego[01] partner[02] = 175.000
XP ego[01] partner[03] = 175.781
XP ego[01] partner[04] = 164.844
XP ego[02] partner[00] = 220.625
XP ego[02] partner[01] = 189.219
XP ego[02] partner[02] = 52.656
XP ego[02] partner[03] = 79.219
XP ego[02] partner[04] = 179.062
XP ego[03] partner[00] = 110.469
XP ego[03] partner[01] = 114.375
XP ego[03] partner[02] = 62.969
XP ego[03] partner[03] = 92.031
XP ego[03] partner[04] = 200.938
XP ego[04] partner[00] = 249.688
XP ego[04] partner[01] = 282.812
XP ego[04] partner[02] = 276.719
XP ego[04] partner[03] = 212.500
XP ego[04] partner[04] = 244.375
Evaluating partner group 2: method=pbt, prefix=checkpoints/eval_pools/pbt
LOADED: checkpoints/eval_pools/pbt/coord_ring/baseline_seed_0_step_62.msgpack
LOADED: checkpoints/eval_pools/pbt/coord_ring/baseline_seed_1_step_62.msgpack
LOADED: checkpoints/eval_pools/pbt/coord_ring/baseline_seed_2_step_62.msgpack
LOADED: checkpoints/eval_pools/pbt/coord_ring/baseline_seed_3_step_62.msgpack
LOADED: checkpoints/eval_pools/pbt/coord_ring/baseline_seed_4_step_62.msgpack
Using XP rollout scale: XP_PAIR_BATCH_SIZE=32, EVAL_NUM_EPISODES=128, EVAL_NUM_STEPS=400
XP ego[00] partner[00] = 252.344
XP ego[00] partner[01] = 243.594
XP ego[00] partner[02] = 226.875
XP ego[00] partner[03] = 254.844
XP ego[00] partner[04] = 255.156
XP ego[01] partner[00] = 242.656
XP ego[01] partner[01] = 174.688
XP ego[01] partner[02] = 174.688
XP ego[01] partner[03] = 214.375
XP ego[01] partner[04] = 226.719
XP ego[02] partner[00] = 100.938
XP ego[02] partner[01] = 120.000
XP ego[02] partner[02] = 90.000
XP ego[02] partner[03] = 108.438
XP ego[02] partner[04] = 166.719
XP ego[03] partner[00] = 141.250
XP ego[03] partner[01] = 182.812
XP ego[03] partner[02] = 190.469
XP ego[03] partner[03] = 159.062
XP ego[03] partner[04] = 160.312
XP ego[04] partner[00] = 242.188
XP ego[04] partner[01] = 162.656
XP ego[04] partner[02] = 127.812
XP ego[04] partner[03] = 120.000
XP ego[04] partner[04] = 234.688
Evaluating partner group 3: method=sp, prefix=checkpoints/eval_pools/sp
LOADED: checkpoints/eval_pools/sp/coord_ring/baseline_seed_0_step_220.msgpack
LOADED: checkpoints/eval_pools/sp/coord_ring/baseline_seed_1_step_220.msgpack
LOADED: checkpoints/eval_pools/sp/coord_ring/baseline_seed_2_step_220.msgpack
LOADED: checkpoints/eval_pools/sp/coord_ring/baseline_seed_3_step_220.msgpack
LOADED: checkpoints/eval_pools/sp/coord_ring/baseline_seed_4_step_220.msgpack
Using XP rollout scale: XP_PAIR_BATCH_SIZE=32, EVAL_NUM_EPISODES=128, EVAL_NUM_STEPS=400
XP ego[00] partner[00] = 188.438
XP ego[00] partner[01] = 203.750
XP ego[00] partner[02] = 112.812
XP ego[00] partner[03] = 245.938
XP ego[00] partner[04] = 252.500
XP ego[01] partner[00] = 204.531
XP ego[01] partner[01] = 165.938
XP ego[01] partner[02] = 140.000
XP ego[01] partner[03] = 150.469
XP ego[01] partner[04] = 183.281
XP ego[02] partner[00] = 120.000
XP ego[02] partner[01] = 125.000
XP ego[02] partner[02] = 88.438
XP ego[02] partner[03] = 123.906
XP ego[02] partner[04] = 145.156
XP ego[03] partner[00] = 129.219
XP ego[03] partner[01] = 236.094
XP ego[03] partner[02] = 175.938
XP ego[03] partner[03] = 224.844
XP ego[03] partner[04] = 172.344
XP ego[04] partner[00] = 261.875
XP ego[04] partner[01] = 222.344
XP ego[04] partner[02] = 207.812
XP ego[04] partner[03] = 170.781
XP ego[04] partner[04] = 152.344
Average ego-vs-partner performance: 187.381 +- 6.191 SE over 100 ordered pairs
Average diagonal performance: 228.969 +- 26.213 SE over 5 pairs
Average off-diagonal performance (only for square pools): nan +- nan SE over 0 ordered pairs
Saved XP results to xp_partner_results/e3t_ego_vs_eval_pool_partner/coord_ring
Saved XP heatmap to xp_partner_results/e3t_ego_vs_eval_pool_partner/coord_ring/xp_matrix.png
Evaluating partner alignment group 0: method=e3t, prefix=checkpoints/eval_pools/e3t
LOADED: checkpoints/eval_pools/e3t/coord_ring/baseline_seed_0_step_220.msgpack
LOADED: checkpoints/eval_pools/e3t/coord_ring/baseline_seed_1_step_220.msgpack
LOADED: checkpoints/eval_pools/e3t/coord_ring/baseline_seed_2_step_220.msgpack
LOADED: checkpoints/eval_pools/e3t/coord_ring/baseline_seed_3_step_220.msgpack
LOADED: checkpoints/eval_pools/e3t/coord_ring/baseline_seed_4_step_220.msgpack
Using alignment rollout scale: ALIGN_PAIR_BATCH_SIZE=2, ALIGN_EVAL_NUM_EPISODES=128, ALIGN_EVAL_NUM_STEPS=400
ALIGN ego[00] partner[00] R2=0.868665 NMSE=0.131335 shuffled_R2=-0.010218
ALIGN ego[00] partner[01] R2=0.840552 NMSE=0.159448 shuffled_R2=-0.011173
ALIGN ego[00] partner[02] R2=0.869471 NMSE=0.130529 shuffled_R2=-0.008203
ALIGN ego[00] partner[03] R2=0.845024 NMSE=0.154976 shuffled_R2=-0.010949
ALIGN ego[00] partner[04] R2=0.904576 NMSE=0.095424 shuffled_R2=-0.007482
ALIGN ego[01] partner[00] R2=0.877663 NMSE=0.122337 shuffled_R2=-0.009489
ALIGN ego[01] partner[01] R2=0.861053 NMSE=0.138947 shuffled_R2=-0.008870
ALIGN ego[01] partner[02] R2=0.851432 NMSE=0.148568 shuffled_R2=-0.014025
ALIGN ego[01] partner[03] R2=0.872855 NMSE=0.127145 shuffled_R2=-0.009552
ALIGN ego[01] partner[04] R2=0.844914 NMSE=0.155086 shuffled_R2=-0.007616
ALIGN ego[02] partner[00] R2=0.785154 NMSE=0.214846 shuffled_R2=-0.060086
ALIGN ego[02] partner[01] R2=0.864004 NMSE=0.135996 shuffled_R2=-0.008206
ALIGN ego[02] partner[02] R2=0.483404 NMSE=0.516596 shuffled_R2=-0.059640
ALIGN ego[02] partner[03] R2=0.902875 NMSE=0.097125 shuffled_R2=-0.008850
ALIGN ego[02] partner[04] R2=0.906277 NMSE=0.093723 shuffled_R2=-0.009839
ALIGN ego[03] partner[00] R2=0.927875 NMSE=0.072125 shuffled_R2=-0.007891
ALIGN ego[03] partner[01] R2=0.831908 NMSE=0.168092 shuffled_R2=-0.010474
ALIGN ego[03] partner[02] R2=0.905575 NMSE=0.094425 shuffled_R2=-0.010624
ALIGN ego[03] partner[03] R2=0.844730 NMSE=0.155270 shuffled_R2=-0.010205
ALIGN ego[03] partner[04] R2=0.883487 NMSE=0.116513 shuffled_R2=-0.006744
ALIGN ego[04] partner[00] R2=0.872407 NMSE=0.127593 shuffled_R2=-0.007494
ALIGN ego[04] partner[01] R2=0.871615 NMSE=0.128385 shuffled_R2=-0.008693
ALIGN ego[04] partner[02] R2=0.853697 NMSE=0.146303 shuffled_R2=-0.013826
ALIGN ego[04] partner[03] R2=0.888515 NMSE=0.111485 shuffled_R2=-0.006612
ALIGN ego[04] partner[04] R2=0.872845 NMSE=0.127155 shuffled_R2=-0.008046
Evaluating partner alignment group 1: method=mep_br, prefix=checkpoints/eval_pools/mep_br
LOADED: checkpoints/eval_pools/mep_br/coord_ring/baseline_seed_0_step_220.msgpack
LOADED: checkpoints/eval_pools/mep_br/coord_ring/baseline_seed_1_step_220.msgpack
LOADED: checkpoints/eval_pools/mep_br/coord_ring/baseline_seed_2_step_220.msgpack
LOADED: checkpoints/eval_pools/mep_br/coord_ring/baseline_seed_3_step_220.msgpack
LOADED: checkpoints/eval_pools/mep_br/coord_ring/baseline_seed_4_step_220.msgpack
Using alignment rollout scale: ALIGN_PAIR_BATCH_SIZE=2, ALIGN_EVAL_NUM_EPISODES=128, ALIGN_EVAL_NUM_STEPS=400
ALIGN ego[00] partner[00] R2=0.786649 NMSE=0.213351 shuffled_R2=-0.013298
ALIGN ego[00] partner[01] R2=0.829661 NMSE=0.170339 shuffled_R2=-0.007199
ALIGN ego[00] partner[02] R2=0.806016 NMSE=0.193984 shuffled_R2=-0.012440
ALIGN ego[00] partner[03] R2=0.862083 NMSE=0.137917 shuffled_R2=-0.015369
ALIGN ego[00] partner[04] R2=0.756153 NMSE=0.243847 shuffled_R2=-0.018143
ALIGN ego[01] partner[00] R2=0.796835 NMSE=0.203165 shuffled_R2=-0.010004
ALIGN ego[01] partner[01] R2=0.825659 NMSE=0.174341 shuffled_R2=-0.009730
ALIGN ego[01] partner[02] R2=0.774745 NMSE=0.225255 shuffled_R2=-0.012961
ALIGN ego[01] partner[03] R2=0.908573 NMSE=0.091427 shuffled_R2=-0.011509
ALIGN ego[01] partner[04] R2=0.756552 NMSE=0.243448 shuffled_R2=-0.036247
ALIGN ego[02] partner[00] R2=0.832846 NMSE=0.167154 shuffled_R2=-0.010440
ALIGN ego[02] partner[01] R2=0.891574 NMSE=0.108426 shuffled_R2=-0.006806
ALIGN ego[02] partner[02] R2=0.672505 NMSE=0.327495 shuffled_R2=-0.024423
ALIGN ego[02] partner[03] R2=0.917146 NMSE=0.082854 shuffled_R2=-0.008764
ALIGN ego[02] partner[04] R2=0.872169 NMSE=0.127831 shuffled_R2=-0.012981
ALIGN ego[03] partner[00] R2=0.898334 NMSE=0.101666 shuffled_R2=-0.007743
ALIGN ego[03] partner[01] R2=0.785563 NMSE=0.214437 shuffled_R2=-0.014688
ALIGN ego[03] partner[02] R2=0.865351 NMSE=0.134649 shuffled_R2=-0.008084
ALIGN ego[03] partner[03] R2=0.829212 NMSE=0.170788 shuffled_R2=-0.016612
ALIGN ego[03] partner[04] R2=0.738279 NMSE=0.261721 shuffled_R2=-0.020474
ALIGN ego[04] partner[00] R2=0.847286 NMSE=0.152714 shuffled_R2=-0.010263
ALIGN ego[04] partner[01] R2=0.839927 NMSE=0.160073 shuffled_R2=-0.013568
ALIGN ego[04] partner[02] R2=0.769808 NMSE=0.230192 shuffled_R2=-0.012705
ALIGN ego[04] partner[03] R2=0.809684 NMSE=0.190316 shuffled_R2=-0.030487
ALIGN ego[04] partner[04] R2=0.931144 NMSE=0.068856 shuffled_R2=-0.008172
Evaluating partner alignment group 2: method=pbt, prefix=checkpoints/eval_pools/pbt
LOADED: checkpoints/eval_pools/pbt/coord_ring/baseline_seed_0_step_62.msgpack
LOADED: checkpoints/eval_pools/pbt/coord_ring/baseline_seed_1_step_62.msgpack
LOADED: checkpoints/eval_pools/pbt/coord_ring/baseline_seed_2_step_62.msgpack
LOADED: checkpoints/eval_pools/pbt/coord_ring/baseline_seed_3_step_62.msgpack
LOADED: checkpoints/eval_pools/pbt/coord_ring/baseline_seed_4_step_62.msgpack
Using alignment rollout scale: ALIGN_PAIR_BATCH_SIZE=2, ALIGN_EVAL_NUM_EPISODES=128, ALIGN_EVAL_NUM_STEPS=400
ALIGN ego[00] partner[00] R2=0.770456 NMSE=0.229544 shuffled_R2=-0.007790
ALIGN ego[00] partner[01] R2=0.749787 NMSE=0.250213 shuffled_R2=-0.009371
ALIGN ego[00] partner[02] R2=0.757346 NMSE=0.242654 shuffled_R2=-0.012083
ALIGN ego[00] partner[03] R2=0.771251 NMSE=0.228749 shuffled_R2=-0.008278
ALIGN ego[00] partner[04] R2=0.700126 NMSE=0.299874 shuffled_R2=-0.008229
ALIGN ego[01] partner[00] R2=0.657946 NMSE=0.342054 shuffled_R2=-0.017136
ALIGN ego[01] partner[01] R2=0.719894 NMSE=0.280106 shuffled_R2=-0.011089
ALIGN ego[01] partner[02] R2=0.747749 NMSE=0.252251 shuffled_R2=-0.009917
ALIGN ego[01] partner[03] R2=0.696162 NMSE=0.303838 shuffled_R2=-0.010602
ALIGN ego[01] partner[04] R2=0.625652 NMSE=0.374348 shuffled_R2=-0.025469
ALIGN ego[02] partner[00] R2=0.801840 NMSE=0.198160 shuffled_R2=-0.007766
ALIGN ego[02] partner[01] R2=0.788916 NMSE=0.211084 shuffled_R2=-0.009099
ALIGN ego[02] partner[02] R2=0.805221 NMSE=0.194779 shuffled_R2=-0.009169
ALIGN ego[02] partner[03] R2=0.794449 NMSE=0.205551 shuffled_R2=-0.009473
ALIGN ego[02] partner[04] R2=0.790066 NMSE=0.209934 shuffled_R2=-0.007986
ALIGN ego[03] partner[00] R2=0.790917 NMSE=0.209083 shuffled_R2=-0.006722
ALIGN ego[03] partner[01] R2=0.789674 NMSE=0.210326 shuffled_R2=-0.008469
ALIGN ego[03] partner[02] R2=0.821191 NMSE=0.178809 shuffled_R2=-0.006567
ALIGN ego[03] partner[03] R2=0.737682 NMSE=0.262318 shuffled_R2=-0.016672
ALIGN ego[03] partner[04] R2=0.753452 NMSE=0.246548 shuffled_R2=-0.009949
ALIGN ego[04] partner[00] R2=0.585279 NMSE=0.414721 shuffled_R2=-0.027085
ALIGN ego[04] partner[01] R2=0.786411 NMSE=0.213589 shuffled_R2=-0.007104
ALIGN ego[04] partner[02] R2=0.750503 NMSE=0.249497 shuffled_R2=-0.010121
ALIGN ego[04] partner[03] R2=0.784974 NMSE=0.215026 shuffled_R2=-0.008076
ALIGN ego[04] partner[04] R2=0.726975 NMSE=0.273025 shuffled_R2=-0.009128
Evaluating partner alignment group 3: method=sp, prefix=checkpoints/eval_pools/sp
LOADED: checkpoints/eval_pools/sp/coord_ring/baseline_seed_0_step_220.msgpack
LOADED: checkpoints/eval_pools/sp/coord_ring/baseline_seed_1_step_220.msgpack
LOADED: checkpoints/eval_pools/sp/coord_ring/baseline_seed_2_step_220.msgpack
LOADED: checkpoints/eval_pools/sp/coord_ring/baseline_seed_3_step_220.msgpack
LOADED: checkpoints/eval_pools/sp/coord_ring/baseline_seed_4_step_220.msgpack
Using alignment rollout scale: ALIGN_PAIR_BATCH_SIZE=2, ALIGN_EVAL_NUM_EPISODES=128, ALIGN_EVAL_NUM_STEPS=400
ALIGN ego[00] partner[00] R2=0.894127 NMSE=0.105873 shuffled_R2=-0.006985
ALIGN ego[00] partner[01] R2=0.660159 NMSE=0.339841 shuffled_R2=-0.056310
ALIGN ego[00] partner[02] R2=0.842139 NMSE=0.157861 shuffled_R2=-0.010109
ALIGN ego[00] partner[03] R2=0.863509 NMSE=0.136491 shuffled_R2=-0.012351
ALIGN ego[00] partner[04] R2=0.905542 NMSE=0.094458 shuffled_R2=-0.008996
ALIGN ego[01] partner[00] R2=0.841788 NMSE=0.158212 shuffled_R2=-0.007827
ALIGN ego[01] partner[01] R2=0.873349 NMSE=0.126651 shuffled_R2=-0.008065
ALIGN ego[01] partner[02] R2=0.853796 NMSE=0.146204 shuffled_R2=-0.008274
ALIGN ego[01] partner[03] R2=0.839206 NMSE=0.160794 shuffled_R2=-0.011911
ALIGN ego[01] partner[04] R2=0.922817 NMSE=0.077183 shuffled_R2=-0.008087
ALIGN ego[02] partner[00] R2=0.908256 NMSE=0.091744 shuffled_R2=-0.007756
ALIGN ego[02] partner[01] R2=0.902509 NMSE=0.097491 shuffled_R2=-0.009279
ALIGN ego[02] partner[02] R2=0.914794 NMSE=0.085206 shuffled_R2=-0.008434
ALIGN ego[02] partner[03] R2=0.845398 NMSE=0.154602 shuffled_R2=-0.015458
ALIGN ego[02] partner[04] R2=0.950568 NMSE=0.049432 shuffled_R2=-0.007806
ALIGN ego[03] partner[00] R2=0.917563 NMSE=0.082437 shuffled_R2=-0.007457
ALIGN ego[03] partner[01] R2=0.851260 NMSE=0.148740 shuffled_R2=-0.008180
ALIGN ego[03] partner[02] R2=0.876178 NMSE=0.123822 shuffled_R2=-0.008499
ALIGN ego[03] partner[03] R2=0.848844 NMSE=0.151156 shuffled_R2=-0.007415
ALIGN ego[03] partner[04] R2=0.907061 NMSE=0.092939 shuffled_R2=-0.007419
ALIGN ego[04] partner[00] R2=0.868699 NMSE=0.131301 shuffled_R2=-0.008990
ALIGN ego[04] partner[01] R2=0.782574 NMSE=0.217426 shuffled_R2=-0.030897
ALIGN ego[04] partner[02] R2=0.775107 NMSE=0.224893 shuffled_R2=-0.018225
ALIGN ego[04] partner[03] R2=0.846210 NMSE=0.153790 shuffled_R2=-0.011338
ALIGN ego[04] partner[04] R2=0.926519 NMSE=0.073481 shuffled_R2=-0.010586
Average ego-to-partner alignment R2: 0.822562 +- 0.007980 SE over 100 ego-partner pairs
Average alignment normalized MSE: 0.177438 +- 0.007980 SE
Average shuffled-control alignment R2: -0.012679 +- 0.000978 SE
Saved alignment results to xp_partner_results/e3t_ego_vs_eval_pool_partner/coord_ring
Evaluating XP partner matrix for ego_method=mep_br, layout=coord_ring
ego_prefix=checkpoints/mep_br/, partner_pool_specs=e3t:checkpoints/eval_pools/e3t;mep_br:checkpoints/eval_pools/mep_br;pbt:checkpoints/eval_pools/pbt;sp:checkpoints/eval_pools/sp, result_name=mep_br_ego_vs_eval_pool_partner, ego_perspective_transform=true
Importing submoduled environments...
Submoduled environments not found. Skipping import.
2026-07-01 07:18:41.564680: W external/xla/xla/service/gpu/autotuning/dot_search_space.cc:200] All configs were filtered out because none of them sufficiently match the hints. Maybe the hints set does not contain a good representative set of valid configs?Working around this by using the full hints set instead.
2026-07-01 07:18:46.779967: W external/xla/xla/service/gpu/autotuning/dot_search_space.cc:200] All configs were filtered out because none of them sufficiently match the hints. Maybe the hints set does not contain a good representative set of valid configs?Working around this by using the full hints set instead.
LOADED: checkpoints/mep_br/coord_ring/baseline_seed_0_step_220.msgpack
LOADED: checkpoints/mep_br/coord_ring/baseline_seed_1_step_220.msgpack
LOADED: checkpoints/mep_br/coord_ring/baseline_seed_2_step_220.msgpack
LOADED: checkpoints/mep_br/coord_ring/baseline_seed_3_step_220.msgpack
LOADED: checkpoints/mep_br/coord_ring/baseline_seed_4_step_220.msgpack
Evaluating partner group 0: method=e3t, prefix=checkpoints/eval_pools/e3t
LOADED: checkpoints/eval_pools/e3t/coord_ring/baseline_seed_0_step_220.msgpack
LOADED: checkpoints/eval_pools/e3t/coord_ring/baseline_seed_1_step_220.msgpack
LOADED: checkpoints/eval_pools/e3t/coord_ring/baseline_seed_2_step_220.msgpack
LOADED: checkpoints/eval_pools/e3t/coord_ring/baseline_seed_3_step_220.msgpack
LOADED: checkpoints/eval_pools/e3t/coord_ring/baseline_seed_4_step_220.msgpack
Using XP rollout scale: XP_PAIR_BATCH_SIZE=32, EVAL_NUM_EPISODES=128, EVAL_NUM_STEPS=400
XP ego[00] partner[00] = 106.094
XP ego[00] partner[01] = 232.969
XP ego[00] partner[02] = 14.688
XP ego[00] partner[03] = 195.938
XP ego[00] partner[04] = 241.562
XP ego[01] partner[00] = 243.281
XP ego[01] partner[01] = 231.406
XP ego[01] partner[02] = 5.312
XP ego[01] partner[03] = 225.156
XP ego[01] partner[04] = 269.531
XP ego[02] partner[00] = 230.312
XP ego[02] partner[01] = 216.562
XP ego[02] partner[02] = 25.938
XP ego[02] partner[03] = 187.188
XP ego[02] partner[04] = 275.312
XP ego[03] partner[00] = 249.531
XP ego[03] partner[01] = 262.812
XP ego[03] partner[02] = 15.625
XP ego[03] partner[03] = 209.062
XP ego[03] partner[04] = 270.469
XP ego[04] partner[00] = 226.094
XP ego[04] partner[01] = 144.062
XP ego[04] partner[02] = 13.750
XP ego[04] partner[03] = 207.812
XP ego[04] partner[04] = 257.812
Evaluating partner group 1: method=mep_br, prefix=checkpoints/eval_pools/mep_br
LOADED: checkpoints/eval_pools/mep_br/coord_ring/baseline_seed_0_step_220.msgpack
LOADED: checkpoints/eval_pools/mep_br/coord_ring/baseline_seed_1_step_220.msgpack
LOADED: checkpoints/eval_pools/mep_br/coord_ring/baseline_seed_2_step_220.msgpack
LOADED: checkpoints/eval_pools/mep_br/coord_ring/baseline_seed_3_step_220.msgpack
LOADED: checkpoints/eval_pools/mep_br/coord_ring/baseline_seed_4_step_220.msgpack
Using XP rollout scale: XP_PAIR_BATCH_SIZE=32, EVAL_NUM_EPISODES=128, EVAL_NUM_STEPS=400
XP ego[00] partner[00] = 208.594
XP ego[00] partner[01] = 235.000
XP ego[00] partner[02] = 235.469
XP ego[00] partner[03] = 162.969
XP ego[00] partner[04] = 186.719
XP ego[01] partner[00] = 207.969
XP ego[01] partner[01] = 267.812
XP ego[01] partner[02] = 233.906
XP ego[01] partner[03] = 160.000
XP ego[01] partner[04] = 220.938
XP ego[02] partner[00] = 221.094
XP ego[02] partner[01] = 238.750
XP ego[02] partner[02] = 248.906
XP ego[02] partner[03] = 171.719
XP ego[02] partner[04] = 266.406
XP ego[03] partner[00] = 222.344
XP ego[03] partner[01] = 247.656
XP ego[03] partner[02] = 255.938
XP ego[03] partner[03] = 248.125
XP ego[03] partner[04] = 252.969
XP ego[04] partner[00] = 233.281
XP ego[04] partner[01] = 230.938
XP ego[04] partner[02] = 234.062
XP ego[04] partner[03] = 138.750
XP ego[04] partner[04] = 189.688
Evaluating partner group 2: method=pbt, prefix=checkpoints/eval_pools/pbt
LOADED: checkpoints/eval_pools/pbt/coord_ring/baseline_seed_0_step_62.msgpack
LOADED: checkpoints/eval_pools/pbt/coord_ring/baseline_seed_1_step_62.msgpack
LOADED: checkpoints/eval_pools/pbt/coord_ring/baseline_seed_2_step_62.msgpack
LOADED: checkpoints/eval_pools/pbt/coord_ring/baseline_seed_3_step_62.msgpack
LOADED: checkpoints/eval_pools/pbt/coord_ring/baseline_seed_4_step_62.msgpack
Using XP rollout scale: XP_PAIR_BATCH_SIZE=32, EVAL_NUM_EPISODES=128, EVAL_NUM_STEPS=400
XP ego[00] partner[00] = 258.438
XP ego[00] partner[01] = 268.594
XP ego[00] partner[02] = 267.500
XP ego[00] partner[03] = 242.969
XP ego[00] partner[04] = 270.000
XP ego[01] partner[00] = 273.750
XP ego[01] partner[01] = 270.312
XP ego[01] partner[02] = 270.469
XP ego[01] partner[03] = 260.781
XP ego[01] partner[04] = 289.688
XP ego[02] partner[00] = 287.500
XP ego[02] partner[01] = 265.000
XP ego[02] partner[02] = 285.469
XP ego[02] partner[03] = 259.688
XP ego[02] partner[04] = 290.312
XP ego[03] partner[00] = 287.500
XP ego[03] partner[01] = 249.531
XP ego[03] partner[02] = 263.906
XP ego[03] partner[03] = 272.656
XP ego[03] partner[04] = 284.531
XP ego[04] partner[00] = 274.531
XP ego[04] partner[01] = 271.562
XP ego[04] partner[02] = 255.156
XP ego[04] partner[03] = 244.062
XP ego[04] partner[04] = 263.281
Evaluating partner group 3: method=sp, prefix=checkpoints/eval_pools/sp
LOADED: checkpoints/eval_pools/sp/coord_ring/baseline_seed_0_step_220.msgpack
LOADED: checkpoints/eval_pools/sp/coord_ring/baseline_seed_1_step_220.msgpack
LOADED: checkpoints/eval_pools/sp/coord_ring/baseline_seed_2_step_220.msgpack
LOADED: checkpoints/eval_pools/sp/coord_ring/baseline_seed_3_step_220.msgpack
LOADED: checkpoints/eval_pools/sp/coord_ring/baseline_seed_4_step_220.msgpack
Using XP rollout scale: XP_PAIR_BATCH_SIZE=32, EVAL_NUM_EPISODES=128, EVAL_NUM_STEPS=400
XP ego[00] partner[00] = 233.438
XP ego[00] partner[01] = 198.125
XP ego[00] partner[02] = 212.188
XP ego[00] partner[03] = 236.875
XP ego[00] partner[04] = 141.094
XP ego[01] partner[00] = 274.688
XP ego[01] partner[01] = 239.531
XP ego[01] partner[02] = 239.219
XP ego[01] partner[03] = 272.656
XP ego[01] partner[04] = 150.625
XP ego[02] partner[00] = 274.688
XP ego[02] partner[01] = 284.531
XP ego[02] partner[02] = 252.656
XP ego[02] partner[03] = 233.281
XP ego[02] partner[04] = 272.969
XP ego[03] partner[00] = 275.000
XP ego[03] partner[01] = 260.312
XP ego[03] partner[02] = 256.406
XP ego[03] partner[03] = 207.344
XP ego[03] partner[04] = 250.938
XP ego[04] partner[00] = 263.125
XP ego[04] partner[01] = 236.094
XP ego[04] partner[02] = 231.094
XP ego[04] partner[03] = 251.719
XP ego[04] partner[04] = 186.562
Average ego-vs-partner performance: 227.406 +- 6.144 SE over 100 ordered pairs
Average diagonal performance: 166.062 +- 43.456 SE over 5 pairs
Average off-diagonal performance (only for square pools): nan +- nan SE over 0 ordered pairs
Saved XP results to xp_partner_results/mep_br_ego_vs_eval_pool_partner/coord_ring
Saved XP heatmap to xp_partner_results/mep_br_ego_vs_eval_pool_partner/coord_ring/xp_matrix.png
Evaluating partner alignment group 0: method=e3t, prefix=checkpoints/eval_pools/e3t
LOADED: checkpoints/eval_pools/e3t/coord_ring/baseline_seed_0_step_220.msgpack
LOADED: checkpoints/eval_pools/e3t/coord_ring/baseline_seed_1_step_220.msgpack
LOADED: checkpoints/eval_pools/e3t/coord_ring/baseline_seed_2_step_220.msgpack
LOADED: checkpoints/eval_pools/e3t/coord_ring/baseline_seed_3_step_220.msgpack
LOADED: checkpoints/eval_pools/e3t/coord_ring/baseline_seed_4_step_220.msgpack
Using alignment rollout scale: ALIGN_PAIR_BATCH_SIZE=2, ALIGN_EVAL_NUM_EPISODES=128, ALIGN_EVAL_NUM_STEPS=400
ALIGN ego[00] partner[00] R2=0.843603 NMSE=0.156397 shuffled_R2=-0.013697
ALIGN ego[00] partner[01] R2=0.695742 NMSE=0.304258 shuffled_R2=-0.017134
ALIGN ego[00] partner[02] R2=0.877185 NMSE=0.122815 shuffled_R2=-0.014272
ALIGN ego[00] partner[03] R2=0.856982 NMSE=0.143018 shuffled_R2=-0.007934
ALIGN ego[00] partner[04] R2=0.854419 NMSE=0.145581 shuffled_R2=-0.008036
ALIGN ego[01] partner[00] R2=0.838541 NMSE=0.161459 shuffled_R2=-0.007920
ALIGN ego[01] partner[01] R2=0.886678 NMSE=0.113322 shuffled_R2=-0.008151
ALIGN ego[01] partner[02] R2=0.923279 NMSE=0.076721 shuffled_R2=-0.008585
ALIGN ego[01] partner[03] R2=0.842027 NMSE=0.157973 shuffled_R2=-0.007011
ALIGN ego[01] partner[04] R2=0.858538 NMSE=0.141462 shuffled_R2=-0.007638
ALIGN ego[02] partner[00] R2=0.867159 NMSE=0.132841 shuffled_R2=-0.008137
ALIGN ego[02] partner[01] R2=0.831658 NMSE=0.168342 shuffled_R2=-0.008275
ALIGN ego[02] partner[02] R2=0.845472 NMSE=0.154528 shuffled_R2=-0.013176
ALIGN ego[02] partner[03] R2=0.863138 NMSE=0.136862 shuffled_R2=-0.006595
ALIGN ego[02] partner[04] R2=0.849964 NMSE=0.150036 shuffled_R2=-0.007519
ALIGN ego[03] partner[00] R2=0.859315 NMSE=0.140685 shuffled_R2=-0.009205
ALIGN ego[03] partner[01] R2=0.836480 NMSE=0.163520 shuffled_R2=-0.008260
ALIGN ego[03] partner[02] R2=0.898242 NMSE=0.101758 shuffled_R2=-0.009921
ALIGN ego[03] partner[03] R2=0.809114 NMSE=0.190886 shuffled_R2=-0.011678
ALIGN ego[03] partner[04] R2=0.855629 NMSE=0.144371 shuffled_R2=-0.006558
ALIGN ego[04] partner[00] R2=0.879330 NMSE=0.120670 shuffled_R2=-0.006824
ALIGN ego[04] partner[01] R2=0.802827 NMSE=0.197173 shuffled_R2=-0.008043
ALIGN ego[04] partner[02] R2=0.920690 NMSE=0.079310 shuffled_R2=-0.008367
ALIGN ego[04] partner[03] R2=0.827539 NMSE=0.172461 shuffled_R2=-0.006764
ALIGN ego[04] partner[04] R2=0.851827 NMSE=0.148173 shuffled_R2=-0.009543
Evaluating partner alignment group 1: method=mep_br, prefix=checkpoints/eval_pools/mep_br
LOADED: checkpoints/eval_pools/mep_br/coord_ring/baseline_seed_0_step_220.msgpack
LOADED: checkpoints/eval_pools/mep_br/coord_ring/baseline_seed_1_step_220.msgpack
LOADED: checkpoints/eval_pools/mep_br/coord_ring/baseline_seed_2_step_220.msgpack
LOADED: checkpoints/eval_pools/mep_br/coord_ring/baseline_seed_3_step_220.msgpack
LOADED: checkpoints/eval_pools/mep_br/coord_ring/baseline_seed_4_step_220.msgpack
Using alignment rollout scale: ALIGN_PAIR_BATCH_SIZE=2, ALIGN_EVAL_NUM_EPISODES=128, ALIGN_EVAL_NUM_STEPS=400
ALIGN ego[00] partner[00] R2=0.857281 NMSE=0.142719 shuffled_R2=-0.008397
ALIGN ego[00] partner[01] R2=0.884068 NMSE=0.115932 shuffled_R2=-0.009594
ALIGN ego[00] partner[02] R2=0.849802 NMSE=0.150198 shuffled_R2=-0.010173
ALIGN ego[00] partner[03] R2=0.901498 NMSE=0.098502 shuffled_R2=-0.008364
ALIGN ego[00] partner[04] R2=0.815937 NMSE=0.184063 shuffled_R2=-0.013912
ALIGN ego[01] partner[00] R2=0.833753 NMSE=0.166247 shuffled_R2=-0.007682
ALIGN ego[01] partner[01] R2=0.862565 NMSE=0.137435 shuffled_R2=-0.007626
ALIGN ego[01] partner[02] R2=0.819849 NMSE=0.180151 shuffled_R2=-0.009206
ALIGN ego[01] partner[03] R2=0.867640 NMSE=0.132360 shuffled_R2=-0.007771
ALIGN ego[01] partner[04] R2=0.817624 NMSE=0.182376 shuffled_R2=-0.010794
ALIGN ego[02] partner[00] R2=0.867777 NMSE=0.132223 shuffled_R2=-0.007734
ALIGN ego[02] partner[01] R2=0.835964 NMSE=0.164036 shuffled_R2=-0.007095
ALIGN ego[02] partner[02] R2=0.832529 NMSE=0.167471 shuffled_R2=-0.007702
ALIGN ego[02] partner[03] R2=0.878104 NMSE=0.121896 shuffled_R2=-0.007187
ALIGN ego[02] partner[04] R2=0.862376 NMSE=0.137624 shuffled_R2=-0.007348
ALIGN ego[03] partner[00] R2=0.851621 NMSE=0.148379 shuffled_R2=-0.009248
ALIGN ego[03] partner[01] R2=0.837686 NMSE=0.162314 shuffled_R2=-0.007095
ALIGN ego[03] partner[02] R2=0.679990 NMSE=0.320010 shuffled_R2=-0.014553
ALIGN ego[03] partner[03] R2=0.745862 NMSE=0.254138 shuffled_R2=-0.026699
ALIGN ego[03] partner[04] R2=0.898622 NMSE=0.101378 shuffled_R2=-0.007193
ALIGN ego[04] partner[00] R2=0.863808 NMSE=0.136192 shuffled_R2=-0.007811
ALIGN ego[04] partner[01] R2=0.868529 NMSE=0.131471 shuffled_R2=-0.007888
ALIGN ego[04] partner[02] R2=0.800877 NMSE=0.199123 shuffled_R2=-0.008370
ALIGN ego[04] partner[03] R2=0.814813 NMSE=0.185187 shuffled_R2=-0.007556
ALIGN ego[04] partner[04] R2=0.876107 NMSE=0.123893 shuffled_R2=-0.007431
Evaluating partner alignment group 2: method=pbt, prefix=checkpoints/eval_pools/pbt
LOADED: checkpoints/eval_pools/pbt/coord_ring/baseline_seed_0_step_62.msgpack
LOADED: checkpoints/eval_pools/pbt/coord_ring/baseline_seed_1_step_62.msgpack
LOADED: checkpoints/eval_pools/pbt/coord_ring/baseline_seed_2_step_62.msgpack
LOADED: checkpoints/eval_pools/pbt/coord_ring/baseline_seed_3_step_62.msgpack
LOADED: checkpoints/eval_pools/pbt/coord_ring/baseline_seed_4_step_62.msgpack
Using alignment rollout scale: ALIGN_PAIR_BATCH_SIZE=2, ALIGN_EVAL_NUM_EPISODES=128, ALIGN_EVAL_NUM_STEPS=400
ALIGN ego[00] partner[00] R2=0.763357 NMSE=0.236643 shuffled_R2=-0.007330
ALIGN ego[00] partner[01] R2=0.764650 NMSE=0.235350 shuffled_R2=-0.008961
ALIGN ego[00] partner[02] R2=0.771782 NMSE=0.228218 shuffled_R2=-0.007654
ALIGN ego[00] partner[03] R2=0.780001 NMSE=0.219999 shuffled_R2=-0.008929
ALIGN ego[00] partner[04] R2=0.709209 NMSE=0.290791 shuffled_R2=-0.008687
ALIGN ego[01] partner[00] R2=0.781445 NMSE=0.218555 shuffled_R2=-0.006956
ALIGN ego[01] partner[01] R2=0.733105 NMSE=0.266895 shuffled_R2=-0.007524
ALIGN ego[01] partner[02] R2=0.709796 NMSE=0.290204 shuffled_R2=-0.012257
ALIGN ego[01] partner[03] R2=0.746833 NMSE=0.253167 shuffled_R2=-0.007551
ALIGN ego[01] partner[04] R2=0.748273 NMSE=0.251727 shuffled_R2=-0.007554
ALIGN ego[02] partner[00] R2=0.741142 NMSE=0.258858 shuffled_R2=-0.008797
ALIGN ego[02] partner[01] R2=0.769321 NMSE=0.230679 shuffled_R2=-0.008850
ALIGN ego[02] partner[02] R2=0.754231 NMSE=0.245769 shuffled_R2=-0.007662
ALIGN ego[02] partner[03] R2=0.792792 NMSE=0.207208 shuffled_R2=-0.007163
ALIGN ego[02] partner[04] R2=0.774649 NMSE=0.225351 shuffled_R2=-0.007588
ALIGN ego[03] partner[00] R2=0.814167 NMSE=0.185833 shuffled_R2=-0.006845
ALIGN ego[03] partner[01] R2=0.813476 NMSE=0.186524 shuffled_R2=-0.008363
ALIGN ego[03] partner[02] R2=0.786939 NMSE=0.213061 shuffled_R2=-0.006576
ALIGN ego[03] partner[03] R2=0.715025 NMSE=0.284975 shuffled_R2=-0.014578
ALIGN ego[03] partner[04] R2=0.680479 NMSE=0.319521 shuffled_R2=-0.015146
ALIGN ego[04] partner[00] R2=0.716803 NMSE=0.283197 shuffled_R2=-0.009513
ALIGN ego[04] partner[01] R2=0.763481 NMSE=0.236519 shuffled_R2=-0.007828
ALIGN ego[04] partner[02] R2=0.726733 NMSE=0.273267 shuffled_R2=-0.009666
ALIGN ego[04] partner[03] R2=0.741157 NMSE=0.258843 shuffled_R2=-0.008180
ALIGN ego[04] partner[04] R2=0.741351 NMSE=0.258649 shuffled_R2=-0.006903
Evaluating partner alignment group 3: method=sp, prefix=checkpoints/eval_pools/sp
LOADED: checkpoints/eval_pools/sp/coord_ring/baseline_seed_0_step_220.msgpack
LOADED: checkpoints/eval_pools/sp/coord_ring/baseline_seed_1_step_220.msgpack
LOADED: checkpoints/eval_pools/sp/coord_ring/baseline_seed_2_step_220.msgpack
LOADED: checkpoints/eval_pools/sp/coord_ring/baseline_seed_3_step_220.msgpack
LOADED: checkpoints/eval_pools/sp/coord_ring/baseline_seed_4_step_220.msgpack
Using alignment rollout scale: ALIGN_PAIR_BATCH_SIZE=2, ALIGN_EVAL_NUM_EPISODES=128, ALIGN_EVAL_NUM_STEPS=400
ALIGN ego[00] partner[00] R2=0.831943 NMSE=0.168057 shuffled_R2=-0.012381
ALIGN ego[00] partner[01] R2=0.878845 NMSE=0.121155 shuffled_R2=-0.010220
ALIGN ego[00] partner[02] R2=0.832327 NMSE=0.167673 shuffled_R2=-0.009269
ALIGN ego[00] partner[03] R2=0.847139 NMSE=0.152861 shuffled_R2=-0.008100
ALIGN ego[00] partner[04] R2=0.887997 NMSE=0.112003 shuffled_R2=-0.012781
ALIGN ego[01] partner[00] R2=0.882070 NMSE=0.117930 shuffled_R2=-0.006887
ALIGN ego[01] partner[01] R2=0.888122 NMSE=0.111878 shuffled_R2=-0.007721
ALIGN ego[01] partner[02] R2=0.852739 NMSE=0.147261 shuffled_R2=-0.010315
ALIGN ego[01] partner[03] R2=0.851979 NMSE=0.148021 shuffled_R2=-0.010853
ALIGN ego[01] partner[04] R2=0.914394 NMSE=0.085606 shuffled_R2=-0.007080
ALIGN ego[02] partner[00] R2=0.767875 NMSE=0.232125 shuffled_R2=-0.018456
ALIGN ego[02] partner[01] R2=0.886965 NMSE=0.113035 shuffled_R2=-0.007454
ALIGN ego[02] partner[02] R2=0.869371 NMSE=0.130629 shuffled_R2=-0.008685
ALIGN ego[02] partner[03] R2=0.799546 NMSE=0.200454 shuffled_R2=-0.008540
ALIGN ego[02] partner[04] R2=0.923189 NMSE=0.076811 shuffled_R2=-0.008257
ALIGN ego[03] partner[00] R2=0.875924 NMSE=0.124076 shuffled_R2=-0.008692
ALIGN ego[03] partner[01] R2=0.898023 NMSE=0.101977 shuffled_R2=-0.010359
ALIGN ego[03] partner[02] R2=0.857320 NMSE=0.142680 shuffled_R2=-0.007982
ALIGN ego[03] partner[03] R2=0.833894 NMSE=0.166106 shuffled_R2=-0.011873
ALIGN ego[03] partner[04] R2=0.910823 NMSE=0.089177 shuffled_R2=-0.007126
ALIGN ego[04] partner[00] R2=0.807769 NMSE=0.192231 shuffled_R2=-0.012402
ALIGN ego[04] partner[01] R2=0.861605 NMSE=0.138395 shuffled_R2=-0.009771
ALIGN ego[04] partner[02] R2=0.803228 NMSE=0.196772 shuffled_R2=-0.012180
ALIGN ego[04] partner[03] R2=0.838519 NMSE=0.161481 shuffled_R2=-0.008073
ALIGN ego[04] partner[04] R2=0.897064 NMSE=0.102936 shuffled_R2=-0.008806
Average ego-to-partner alignment R2: 0.826389 +- 0.005898 SE over 100 ego-partner pairs
Average alignment normalized MSE: 0.173611 +- 0.005898 SE
Average shuffled-control alignment R2: -0.009250 +- 0.000297 SE
Saved alignment results to xp_partner_results/mep_br_ego_vs_eval_pool_partner/coord_ring
Evaluating XP partner matrix for ego_method=pbt, layout=coord_ring
ego_prefix=checkpoints/pbt/, partner_pool_specs=e3t:checkpoints/eval_pools/e3t;mep_br:checkpoints/eval_pools/mep_br;pbt:checkpoints/eval_pools/pbt;sp:checkpoints/eval_pools/sp, result_name=pbt_ego_vs_eval_pool_partner, ego_perspective_transform=true
Importing submoduled environments...
Submoduled environments not found. Skipping import.
2026-07-01 07:21:37.762928: W external/xla/xla/service/gpu/autotuning/dot_search_space.cc:200] All configs were filtered out because none of them sufficiently match the hints. Maybe the hints set does not contain a good representative set of valid configs?Working around this by using the full hints set instead.
2026-07-01 07:21:42.975292: W external/xla/xla/service/gpu/autotuning/dot_search_space.cc:200] All configs were filtered out because none of them sufficiently match the hints. Maybe the hints set does not contain a good representative set of valid configs?Working around this by using the full hints set instead.
LOADED: checkpoints/pbt/coord_ring/baseline_seed_0_step_62.msgpack
LOADED: checkpoints/pbt/coord_ring/baseline_seed_1_step_62.msgpack
LOADED: checkpoints/pbt/coord_ring/baseline_seed_2_step_62.msgpack
LOADED: checkpoints/pbt/coord_ring/baseline_seed_3_step_62.msgpack
LOADED: checkpoints/pbt/coord_ring/baseline_seed_4_step_62.msgpack
Evaluating partner group 0: method=e3t, prefix=checkpoints/eval_pools/e3t
LOADED: checkpoints/eval_pools/e3t/coord_ring/baseline_seed_0_step_220.msgpack
LOADED: checkpoints/eval_pools/e3t/coord_ring/baseline_seed_1_step_220.msgpack
LOADED: checkpoints/eval_pools/e3t/coord_ring/baseline_seed_2_step_220.msgpack
LOADED: checkpoints/eval_pools/e3t/coord_ring/baseline_seed_3_step_220.msgpack
LOADED: checkpoints/eval_pools/e3t/coord_ring/baseline_seed_4_step_220.msgpack
Using XP rollout scale: XP_PAIR_BATCH_SIZE=32, EVAL_NUM_EPISODES=128, EVAL_NUM_STEPS=400
XP ego[00] partner[00] = 108.281
XP ego[00] partner[01] = 259.219
XP ego[00] partner[02] = 48.438
XP ego[00] partner[03] = 220.469
XP ego[00] partner[04] = 269.688
XP ego[01] partner[00] = 116.250
XP ego[01] partner[01] = 287.188
XP ego[01] partner[02] = 24.062
XP ego[01] partner[03] = 251.875
XP ego[01] partner[04] = 278.125
XP ego[02] partner[00] = 219.062
XP ego[02] partner[01] = 294.844
XP ego[02] partner[02] = 49.844
XP ego[02] partner[03] = 287.656
XP ego[02] partner[04] = 281.094
XP ego[03] partner[00] = 247.812
XP ego[03] partner[01] = 288.594
XP ego[03] partner[02] = 40.312
XP ego[03] partner[03] = 263.125
XP ego[03] partner[04] = 285.625
XP ego[04] partner[00] = 225.781
XP ego[04] partner[01] = 278.281
XP ego[04] partner[02] = 20.469
XP ego[04] partner[03] = 260.469
XP ego[04] partner[04] = 288.438
Evaluating partner group 1: method=mep_br, prefix=checkpoints/eval_pools/mep_br
LOADED: checkpoints/eval_pools/mep_br/coord_ring/baseline_seed_0_step_220.msgpack
LOADED: checkpoints/eval_pools/mep_br/coord_ring/baseline_seed_1_step_220.msgpack
LOADED: checkpoints/eval_pools/mep_br/coord_ring/baseline_seed_2_step_220.msgpack
LOADED: checkpoints/eval_pools/mep_br/coord_ring/baseline_seed_3_step_220.msgpack
LOADED: checkpoints/eval_pools/mep_br/coord_ring/baseline_seed_4_step_220.msgpack
Using XP rollout scale: XP_PAIR_BATCH_SIZE=32, EVAL_NUM_EPISODES=128, EVAL_NUM_STEPS=400
XP ego[00] partner[00] = 236.875
XP ego[00] partner[01] = 287.188
XP ego[00] partner[02] = 280.156
XP ego[00] partner[03] = 142.812
XP ego[00] partner[04] = 235.781
XP ego[01] partner[00] = 247.344
XP ego[01] partner[01] = 292.031
XP ego[01] partner[02] = 256.406
XP ego[01] partner[03] = 192.344
XP ego[01] partner[04] = 255.312
XP ego[02] partner[00] = 245.156
XP ego[02] partner[01] = 293.281
XP ego[02] partner[02] = 274.531
XP ego[02] partner[03] = 182.969
XP ego[02] partner[04] = 266.719
XP ego[03] partner[00] = 261.250
XP ego[03] partner[01] = 291.250
XP ego[03] partner[02] = 274.844
XP ego[03] partner[03] = 155.156
XP ego[03] partner[04] = 253.438
XP ego[04] partner[00] = 224.844
XP ego[04] partner[01] = 290.156
XP ego[04] partner[02] = 277.969
XP ego[04] partner[03] = 278.281
XP ego[04] partner[04] = 255.781
Evaluating partner group 2: method=pbt, prefix=checkpoints/eval_pools/pbt
LOADED: checkpoints/eval_pools/pbt/coord_ring/baseline_seed_0_step_62.msgpack
LOADED: checkpoints/eval_pools/pbt/coord_ring/baseline_seed_1_step_62.msgpack
LOADED: checkpoints/eval_pools/pbt/coord_ring/baseline_seed_2_step_62.msgpack
LOADED: checkpoints/eval_pools/pbt/coord_ring/baseline_seed_3_step_62.msgpack
LOADED: checkpoints/eval_pools/pbt/coord_ring/baseline_seed_4_step_62.msgpack
Using XP rollout scale: XP_PAIR_BATCH_SIZE=32, EVAL_NUM_EPISODES=128, EVAL_NUM_STEPS=400
XP ego[00] partner[00] = 295.469
XP ego[00] partner[01] = 270.781
XP ego[00] partner[02] = 292.500
XP ego[00] partner[03] = 252.500
XP ego[00] partner[04] = 291.406
XP ego[01] partner[00] = 294.375
XP ego[01] partner[01] = 289.531
XP ego[01] partner[02] = 289.844
XP ego[01] partner[03] = 272.812
XP ego[01] partner[04] = 295.781
XP ego[02] partner[00] = 288.281
XP ego[02] partner[01] = 296.719
XP ego[02] partner[02] = 297.812
XP ego[02] partner[03] = 262.969
XP ego[02] partner[04] = 302.344
XP ego[03] partner[00] = 285.469
XP ego[03] partner[01] = 274.375
XP ego[03] partner[02] = 283.906
XP ego[03] partner[03] = 269.219
XP ego[03] partner[04] = 288.906
XP ego[04] partner[00] = 294.375
XP ego[04] partner[01] = 280.156
XP ego[04] partner[02] = 288.594
XP ego[04] partner[03] = 268.438
XP ego[04] partner[04] = 297.344
Evaluating partner group 3: method=sp, prefix=checkpoints/eval_pools/sp
LOADED: checkpoints/eval_pools/sp/coord_ring/baseline_seed_0_step_220.msgpack
LOADED: checkpoints/eval_pools/sp/coord_ring/baseline_seed_1_step_220.msgpack
LOADED: checkpoints/eval_pools/sp/coord_ring/baseline_seed_2_step_220.msgpack
LOADED: checkpoints/eval_pools/sp/coord_ring/baseline_seed_3_step_220.msgpack
LOADED: checkpoints/eval_pools/sp/coord_ring/baseline_seed_4_step_220.msgpack
Using XP rollout scale: XP_PAIR_BATCH_SIZE=32, EVAL_NUM_EPISODES=128, EVAL_NUM_STEPS=400
XP ego[00] partner[00] = 292.344
XP ego[00] partner[01] = 250.781
XP ego[00] partner[02] = 232.188
XP ego[00] partner[03] = 299.375
XP ego[00] partner[04] = 196.406
XP ego[01] partner[00] = 297.031
XP ego[01] partner[01] = 289.219
XP ego[01] partner[02] = 269.219
XP ego[01] partner[03] = 285.938
XP ego[01] partner[04] = 277.500
XP ego[02] partner[00] = 303.750
XP ego[02] partner[01] = 284.219
XP ego[02] partner[02] = 235.625
XP ego[02] partner[03] = 298.438
XP ego[02] partner[04] = 276.406
XP ego[03] partner[00] = 290.312
XP ego[03] partner[01] = 281.875
XP ego[03] partner[02] = 244.375
XP ego[03] partner[03] = 280.000
XP ego[03] partner[04] = 186.562
XP ego[04] partner[00] = 295.938
XP ego[04] partner[01] = 275.781
XP ego[04] partner[02] = 248.125
XP ego[04] partner[03] = 281.719
XP ego[04] partner[04] = 261.875
Average ego-vs-partner performance: 253.058 +- 6.268 SE over 100 ordered pairs
Average diagonal performance: 199.375 +- 50.182 SE over 5 pairs
Average off-diagonal performance (only for square pools): nan +- nan SE over 0 ordered pairs
Saved XP results to xp_partner_results/pbt_ego_vs_eval_pool_partner/coord_ring
Saved XP heatmap to xp_partner_results/pbt_ego_vs_eval_pool_partner/coord_ring/xp_matrix.png
Evaluating partner alignment group 0: method=e3t, prefix=checkpoints/eval_pools/e3t
LOADED: checkpoints/eval_pools/e3t/coord_ring/baseline_seed_0_step_220.msgpack
LOADED: checkpoints/eval_pools/e3t/coord_ring/baseline_seed_1_step_220.msgpack
LOADED: checkpoints/eval_pools/e3t/coord_ring/baseline_seed_2_step_220.msgpack
LOADED: checkpoints/eval_pools/e3t/coord_ring/baseline_seed_3_step_220.msgpack
LOADED: checkpoints/eval_pools/e3t/coord_ring/baseline_seed_4_step_220.msgpack
Using alignment rollout scale: ALIGN_PAIR_BATCH_SIZE=2, ALIGN_EVAL_NUM_EPISODES=128, ALIGN_EVAL_NUM_STEPS=400
ALIGN ego[00] partner[00] R2=0.874628 NMSE=0.125372 shuffled_R2=-0.007279
ALIGN ego[00] partner[01] R2=0.777928 NMSE=0.222072 shuffled_R2=-0.008673
ALIGN ego[00] partner[02] R2=0.904154 NMSE=0.095846 shuffled_R2=-0.010604
ALIGN ego[00] partner[03] R2=0.816857 NMSE=0.183143 shuffled_R2=-0.008679
ALIGN ego[00] partner[04] R2=0.830097 NMSE=0.169903 shuffled_R2=-0.008120
ALIGN ego[01] partner[00] R2=0.882238 NMSE=0.117762 shuffled_R2=-0.008291
ALIGN ego[01] partner[01] R2=0.789350 NMSE=0.210650 shuffled_R2=-0.007503
ALIGN ego[01] partner[02] R2=0.911412 NMSE=0.088588 shuffled_R2=-0.009258
ALIGN ego[01] partner[03] R2=0.825637 NMSE=0.174363 shuffled_R2=-0.007034
ALIGN ego[01] partner[04] R2=0.789238 NMSE=0.210762 shuffled_R2=-0.007796
ALIGN ego[02] partner[00] R2=0.773381 NMSE=0.226619 shuffled_R2=-0.011715
ALIGN ego[02] partner[01] R2=0.783919 NMSE=0.216081 shuffled_R2=-0.007860
ALIGN ego[02] partner[02] R2=0.889536 NMSE=0.110464 shuffled_R2=-0.008204
ALIGN ego[02] partner[03] R2=0.842296 NMSE=0.157704 shuffled_R2=-0.007142
ALIGN ego[02] partner[04] R2=0.840077 NMSE=0.159923 shuffled_R2=-0.007311
ALIGN ego[03] partner[00] R2=0.790007 NMSE=0.209993 shuffled_R2=-0.009839
ALIGN ego[03] partner[01] R2=0.768699 NMSE=0.231301 shuffled_R2=-0.007858
ALIGN ego[03] partner[02] R2=0.808888 NMSE=0.191112 shuffled_R2=-0.013958
ALIGN ego[03] partner[03] R2=0.830055 NMSE=0.169945 shuffled_R2=-0.007673
ALIGN ego[03] partner[04] R2=0.822267 NMSE=0.177733 shuffled_R2=-0.007558
ALIGN ego[04] partner[00] R2=0.762391 NMSE=0.237609 shuffled_R2=-0.011341
ALIGN ego[04] partner[01] R2=0.790527 NMSE=0.209473 shuffled_R2=-0.008711
ALIGN ego[04] partner[02] R2=0.887139 NMSE=0.112861 shuffled_R2=-0.008083
ALIGN ego[04] partner[03] R2=0.817698 NMSE=0.182302 shuffled_R2=-0.006679
ALIGN ego[04] partner[04] R2=0.796833 NMSE=0.203167 shuffled_R2=-0.009112
Evaluating partner alignment group 1: method=mep_br, prefix=checkpoints/eval_pools/mep_br
LOADED: checkpoints/eval_pools/mep_br/coord_ring/baseline_seed_0_step_220.msgpack
LOADED: checkpoints/eval_pools/mep_br/coord_ring/baseline_seed_1_step_220.msgpack
LOADED: checkpoints/eval_pools/mep_br/coord_ring/baseline_seed_2_step_220.msgpack
LOADED: checkpoints/eval_pools/mep_br/coord_ring/baseline_seed_3_step_220.msgpack
LOADED: checkpoints/eval_pools/mep_br/coord_ring/baseline_seed_4_step_220.msgpack
Using alignment rollout scale: ALIGN_PAIR_BATCH_SIZE=2, ALIGN_EVAL_NUM_EPISODES=128, ALIGN_EVAL_NUM_STEPS=400
ALIGN ego[00] partner[00] R2=0.781955 NMSE=0.218045 shuffled_R2=-0.009714
ALIGN ego[00] partner[01] R2=0.822378 NMSE=0.177622 shuffled_R2=-0.009164
ALIGN ego[00] partner[02] R2=0.783939 NMSE=0.216061 shuffled_R2=-0.009758
ALIGN ego[00] partner[03] R2=0.890321 NMSE=0.109679 shuffled_R2=-0.008368
ALIGN ego[00] partner[04] R2=0.813585 NMSE=0.186415 shuffled_R2=-0.008480
ALIGN ego[01] partner[00] R2=0.778584 NMSE=0.221416 shuffled_R2=-0.008511
ALIGN ego[01] partner[01] R2=0.856343 NMSE=0.143657 shuffled_R2=-0.007752
ALIGN ego[01] partner[02] R2=0.841747 NMSE=0.158253 shuffled_R2=-0.007288
ALIGN ego[01] partner[03] R2=0.867761 NMSE=0.132239 shuffled_R2=-0.012017
ALIGN ego[01] partner[04] R2=0.830665 NMSE=0.169335 shuffled_R2=-0.009336
ALIGN ego[02] partner[00] R2=0.843294 NMSE=0.156706 shuffled_R2=-0.006919
ALIGN ego[02] partner[01] R2=0.861586 NMSE=0.138414 shuffled_R2=-0.007525
ALIGN ego[02] partner[02] R2=0.720930 NMSE=0.279070 shuffled_R2=-0.008628
ALIGN ego[02] partner[03] R2=0.843060 NMSE=0.156940 shuffled_R2=-0.012335
ALIGN ego[02] partner[04] R2=0.836178 NMSE=0.163822 shuffled_R2=-0.007505
ALIGN ego[03] partner[00] R2=0.783483 NMSE=0.216517 shuffled_R2=-0.008016
ALIGN ego[03] partner[01] R2=0.773050 NMSE=0.226950 shuffled_R2=-0.012400
ALIGN ego[03] partner[02] R2=0.815101 NMSE=0.184899 shuffled_R2=-0.009001
ALIGN ego[03] partner[03] R2=0.895916 NMSE=0.104084 shuffled_R2=-0.010003
ALIGN ego[03] partner[04] R2=0.854553 NMSE=0.145447 shuffled_R2=-0.007819
ALIGN ego[04] partner[00] R2=0.812441 NMSE=0.187559 shuffled_R2=-0.007789
ALIGN ego[04] partner[01] R2=0.864249 NMSE=0.135751 shuffled_R2=-0.008143
ALIGN ego[04] partner[02] R2=0.746810 NMSE=0.253190 shuffled_R2=-0.008387
ALIGN ego[04] partner[03] R2=0.827315 NMSE=0.172685 shuffled_R2=-0.007846
ALIGN ego[04] partner[04] R2=0.801546 NMSE=0.198454 shuffled_R2=-0.008798
Evaluating partner alignment group 2: method=pbt, prefix=checkpoints/eval_pools/pbt
LOADED: checkpoints/eval_pools/pbt/coord_ring/baseline_seed_0_step_62.msgpack
LOADED: checkpoints/eval_pools/pbt/coord_ring/baseline_seed_1_step_62.msgpack
LOADED: checkpoints/eval_pools/pbt/coord_ring/baseline_seed_2_step_62.msgpack
LOADED: checkpoints/eval_pools/pbt/coord_ring/baseline_seed_3_step_62.msgpack
LOADED: checkpoints/eval_pools/pbt/coord_ring/baseline_seed_4_step_62.msgpack
Using alignment rollout scale: ALIGN_PAIR_BATCH_SIZE=2, ALIGN_EVAL_NUM_EPISODES=128, ALIGN_EVAL_NUM_STEPS=400
ALIGN ego[00] partner[00] R2=0.676430 NMSE=0.323570 shuffled_R2=-0.007710
ALIGN ego[00] partner[01] R2=0.743336 NMSE=0.256664 shuffled_R2=-0.008277
ALIGN ego[00] partner[02] R2=0.686001 NMSE=0.313999 shuffled_R2=-0.009247
ALIGN ego[00] partner[03] R2=0.739387 NMSE=0.260613 shuffled_R2=-0.008523
ALIGN ego[00] partner[04] R2=0.689956 NMSE=0.310044 shuffled_R2=-0.008157
ALIGN ego[01] partner[00] R2=0.723598 NMSE=0.276402 shuffled_R2=-0.007030
ALIGN ego[01] partner[01] R2=0.682424 NMSE=0.317576 shuffled_R2=-0.008377
ALIGN ego[01] partner[02] R2=0.588725 NMSE=0.411275 shuffled_R2=-0.013897
ALIGN ego[01] partner[03] R2=0.686568 NMSE=0.313432 shuffled_R2=-0.011205
ALIGN ego[01] partner[04] R2=0.704147 NMSE=0.295853 shuffled_R2=-0.007367
ALIGN ego[02] partner[00] R2=0.737781 NMSE=0.262219 shuffled_R2=-0.008344
ALIGN ego[02] partner[01] R2=0.708742 NMSE=0.291258 shuffled_R2=-0.006773
ALIGN ego[02] partner[02] R2=0.715390 NMSE=0.284610 shuffled_R2=-0.008431
ALIGN ego[02] partner[03] R2=0.705090 NMSE=0.294910 shuffled_R2=-0.008569
ALIGN ego[02] partner[04] R2=0.729449 NMSE=0.270551 shuffled_R2=-0.007282
ALIGN ego[03] partner[00] R2=0.633222 NMSE=0.366778 shuffled_R2=-0.011952
ALIGN ego[03] partner[01] R2=0.729518 NMSE=0.270482 shuffled_R2=-0.006303
ALIGN ego[03] partner[02] R2=0.644292 NMSE=0.355708 shuffled_R2=-0.006820
ALIGN ego[03] partner[03] R2=0.705599 NMSE=0.294401 shuffled_R2=-0.008318
ALIGN ego[03] partner[04] R2=0.635052 NMSE=0.364948 shuffled_R2=-0.010571
ALIGN ego[04] partner[00] R2=0.736899 NMSE=0.263101 shuffled_R2=-0.008519
ALIGN ego[04] partner[01] R2=0.736131 NMSE=0.263869 shuffled_R2=-0.006986
ALIGN ego[04] partner[02] R2=0.709719 NMSE=0.290281 shuffled_R2=-0.008520
ALIGN ego[04] partner[03] R2=0.698574 NMSE=0.301426 shuffled_R2=-0.010070
ALIGN ego[04] partner[04] R2=0.729870 NMSE=0.270130 shuffled_R2=-0.006975
Evaluating partner alignment group 3: method=sp, prefix=checkpoints/eval_pools/sp
LOADED: checkpoints/eval_pools/sp/coord_ring/baseline_seed_0_step_220.msgpack
LOADED: checkpoints/eval_pools/sp/coord_ring/baseline_seed_1_step_220.msgpack
LOADED: checkpoints/eval_pools/sp/coord_ring/baseline_seed_2_step_220.msgpack
LOADED: checkpoints/eval_pools/sp/coord_ring/baseline_seed_3_step_220.msgpack
LOADED: checkpoints/eval_pools/sp/coord_ring/baseline_seed_4_step_220.msgpack
Using alignment rollout scale: ALIGN_PAIR_BATCH_SIZE=2, ALIGN_EVAL_NUM_EPISODES=128, ALIGN_EVAL_NUM_STEPS=400
ALIGN ego[00] partner[00] R2=0.819954 NMSE=0.180046 shuffled_R2=-0.009481
ALIGN ego[00] partner[01] R2=0.835244 NMSE=0.164756 shuffled_R2=-0.009125
ALIGN ego[00] partner[02] R2=0.805359 NMSE=0.194641 shuffled_R2=-0.008983
ALIGN ego[00] partner[03] R2=0.820556 NMSE=0.179444 shuffled_R2=-0.007337
ALIGN ego[00] partner[04] R2=0.896997 NMSE=0.103003 shuffled_R2=-0.006663
ALIGN ego[01] partner[00] R2=0.837335 NMSE=0.162665 shuffled_R2=-0.007270
ALIGN ego[01] partner[01] R2=0.815342 NMSE=0.184658 shuffled_R2=-0.007509
ALIGN ego[01] partner[02] R2=0.763049 NMSE=0.236951 shuffled_R2=-0.008909
ALIGN ego[01] partner[03] R2=0.854885 NMSE=0.145115 shuffled_R2=-0.008586
ALIGN ego[01] partner[04] R2=0.865110 NMSE=0.134890 shuffled_R2=-0.010278
ALIGN ego[02] partner[00] R2=0.833631 NMSE=0.166369 shuffled_R2=-0.008623
ALIGN ego[02] partner[01] R2=0.815921 NMSE=0.184079 shuffled_R2=-0.010069
ALIGN ego[02] partner[02] R2=0.812618 NMSE=0.187382 shuffled_R2=-0.007239
ALIGN ego[02] partner[03] R2=0.808412 NMSE=0.191588 shuffled_R2=-0.010341
ALIGN ego[02] partner[04] R2=0.813187 NMSE=0.186813 shuffled_R2=-0.009567
ALIGN ego[03] partner[00] R2=0.806672 NMSE=0.193328 shuffled_R2=-0.008096
ALIGN ego[03] partner[01] R2=0.781311 NMSE=0.218689 shuffled_R2=-0.012300
ALIGN ego[03] partner[02] R2=0.796446 NMSE=0.203554 shuffled_R2=-0.006957
ALIGN ego[03] partner[03] R2=0.824860 NMSE=0.175140 shuffled_R2=-0.007908
ALIGN ego[03] partner[04] R2=0.880662 NMSE=0.119338 shuffled_R2=-0.009445
ALIGN ego[04] partner[00] R2=0.826545 NMSE=0.173455 shuffled_R2=-0.007941
ALIGN ego[04] partner[01] R2=0.832285 NMSE=0.167715 shuffled_R2=-0.006252
ALIGN ego[04] partner[02] R2=0.794942 NMSE=0.205058 shuffled_R2=-0.007528
ALIGN ego[04] partner[03] R2=0.775889 NMSE=0.224111 shuffled_R2=-0.011514
ALIGN ego[04] partner[04] R2=0.858122 NMSE=0.141878 shuffled_R2=-0.008663
Average ego-to-partner alignment R2: 0.792033 +- 0.006675 SE over 100 ego-partner pairs
Average alignment normalized MSE: 0.207967 +- 0.006675 SE
Average shuffled-control alignment R2: -0.008686 +- 0.000161 SE
Saved alignment results to xp_partner_results/pbt_ego_vs_eval_pool_partner/coord_ring
