Script directory: /mnt/iusers01/fatpou01/compsci01/n70579mp/scratch/tom/JaxMARL
Importing submoduled environments...
Submoduled environments not found. Skipping import.
wandb: [wandb.login()] Loaded credentials for https://api.wandb.ai from /mnt/iusers01/fatpou01/compsci01/n70579mp/.netrc.
wandb: W&B API key is configured. Use `wandb login --relogin` to force relogin
wandb: setting up run ce8w6vf7
wandb: Tracking run with wandb version 0.27.2
wandb: Run data is saved locally in /net/scratch/n70579mp/tom/JaxMARL/wandb/run-20260703_085431-ce8w6vf7
wandb: Run `wandb offline` to turn off syncing.
wandb: Syncing run lmpred005_obsfront_cpt_counter_circuit
wandb: ⭐️ View project at https://wandb.ai/maytusp/oc-extended
wandb: 🚀 View run at https://wandb.ai/maytusp/oc-extended/runs/ce8w6vf7
Update steps:  381.0
Warmup epochs:  19
Cosine epochs:  362.0
--> Saved seed 0 checkpoint at step 1 to checkpoints/lmpred005/counter_circuit/baseline_seed_0_step_1.msgpack
--> Saved seed 1 checkpoint at step 1 to checkpoints/lmpred005/counter_circuit/baseline_seed_1_step_1.msgpack
--> Saved seed 2 checkpoint at step 1 to checkpoints/lmpred005/counter_circuit/baseline_seed_2_step_1.msgpack
--> Saved seed 3 checkpoint at step 1 to checkpoints/lmpred005/counter_circuit/baseline_seed_3_step_1.msgpack
--> Saved seed 4 checkpoint at step 1 to checkpoints/lmpred005/counter_circuit/baseline_seed_4_step_1.msgpack
--> Saved seed 0 checkpoint at step 38 to checkpoints/lmpred005/counter_circuit/baseline_seed_0_step_38.msgpack
--> Saved seed 1 checkpoint at step 38 to checkpoints/lmpred005/counter_circuit/baseline_seed_1_step_38.msgpack
--> Saved seed 2 checkpoint at step 38 to checkpoints/lmpred005/counter_circuit/baseline_seed_2_step_38.msgpack
--> Saved seed 3 checkpoint at step 38 to checkpoints/lmpred005/counter_circuit/baseline_seed_3_step_38.msgpack
--> Saved seed 4 checkpoint at step 38 to checkpoints/lmpred005/counter_circuit/baseline_seed_4_step_38.msgpack
--> Saved seed 0 checkpoint at step 76 to checkpoints/lmpred005/counter_circuit/baseline_seed_0_step_76.msgpack
--> Saved seed 1 checkpoint at step 76 to checkpoints/lmpred005/counter_circuit/baseline_seed_1_step_76.msgpack
--> Saved seed 2 checkpoint at step 76 to checkpoints/lmpred005/counter_circuit/baseline_seed_2_step_76.msgpack
--> Saved seed 3 checkpoint at step 76 to checkpoints/lmpred005/counter_circuit/baseline_seed_3_step_76.msgpack
--> Saved seed 4 checkpoint at step 76 to checkpoints/lmpred005/counter_circuit/baseline_seed_4_step_76.msgpack
--> Saved seed 0 checkpoint at step 114 to checkpoints/lmpred005/counter_circuit/baseline_seed_0_step_114.msgpack
--> Saved seed 1 checkpoint at step 114 to checkpoints/lmpred005/counter_circuit/baseline_seed_1_step_114.msgpack
--> Saved seed 2 checkpoint at step 114 to checkpoints/lmpred005/counter_circuit/baseline_seed_2_step_114.msgpack
--> Saved seed 3 checkpoint at step 114 to checkpoints/lmpred005/counter_circuit/baseline_seed_3_step_114.msgpack
--> Saved seed 4 checkpoint at step 114 to checkpoints/lmpred005/counter_circuit/baseline_seed_4_step_114.msgpack
--> Saved seed 0 checkpoint at step 152 to checkpoints/lmpred005/counter_circuit/baseline_seed_0_step_152.msgpack
--> Saved seed 1 checkpoint at step 152 to checkpoints/lmpred005/counter_circuit/baseline_seed_1_step_152.msgpack
--> Saved seed 2 checkpoint at step 152 to checkpoints/lmpred005/counter_circuit/baseline_seed_2_step_152.msgpack
--> Saved seed 3 checkpoint at step 152 to checkpoints/lmpred005/counter_circuit/baseline_seed_3_step_152.msgpack
--> Saved seed 4 checkpoint at step 152 to checkpoints/lmpred005/counter_circuit/baseline_seed_4_step_152.msgpack
--> Saved seed 0 checkpoint at step 190 to checkpoints/lmpred005/counter_circuit/baseline_seed_0_step_190.msgpack
--> Saved seed 1 checkpoint at step 190 to checkpoints/lmpred005/counter_circuit/baseline_seed_1_step_190.msgpack
--> Saved seed 2 checkpoint at step 190 to checkpoints/lmpred005/counter_circuit/baseline_seed_2_step_190.msgpack
--> Saved seed 3 checkpoint at step 190 to checkpoints/lmpred005/counter_circuit/baseline_seed_3_step_190.msgpack
--> Saved seed 4 checkpoint at step 190 to checkpoints/lmpred005/counter_circuit/baseline_seed_4_step_190.msgpack
--> Saved seed 0 checkpoint at step 228 to checkpoints/lmpred005/counter_circuit/baseline_seed_0_step_228.msgpack
--> Saved seed 1 checkpoint at step 228 to checkpoints/lmpred005/counter_circuit/baseline_seed_1_step_228.msgpack
--> Saved seed 2 checkpoint at step 228 to checkpoints/lmpred005/counter_circuit/baseline_seed_2_step_228.msgpack
--> Saved seed 3 checkpoint at step 228 to checkpoints/lmpred005/counter_circuit/baseline_seed_3_step_228.msgpack
--> Saved seed 4 checkpoint at step 228 to checkpoints/lmpred005/counter_circuit/baseline_seed_4_step_228.msgpack
--> Saved seed 0 checkpoint at step 266 to checkpoints/lmpred005/counter_circuit/baseline_seed_0_step_266.msgpack
--> Saved seed 1 checkpoint at step 266 to checkpoints/lmpred005/counter_circuit/baseline_seed_1_step_266.msgpack
--> Saved seed 2 checkpoint at step 266 to checkpoints/lmpred005/counter_circuit/baseline_seed_2_step_266.msgpack
--> Saved seed 3 checkpoint at step 266 to checkpoints/lmpred005/counter_circuit/baseline_seed_3_step_266.msgpack
--> Saved seed 4 checkpoint at step 266 to checkpoints/lmpred005/counter_circuit/baseline_seed_4_step_266.msgpack
--> Saved seed 0 checkpoint at step 304 to checkpoints/lmpred005/counter_circuit/baseline_seed_0_step_304.msgpack
--> Saved seed 1 checkpoint at step 304 to checkpoints/lmpred005/counter_circuit/baseline_seed_1_step_304.msgpack
--> Saved seed 2 checkpoint at step 304 to checkpoints/lmpred005/counter_circuit/baseline_seed_2_step_304.msgpack
--> Saved seed 3 checkpoint at step 304 to checkpoints/lmpred005/counter_circuit/baseline_seed_3_step_304.msgpack
--> Saved seed 4 checkpoint at step 304 to checkpoints/lmpred005/counter_circuit/baseline_seed_4_step_304.msgpack
--> Saved seed 0 checkpoint at step 342 to checkpoints/lmpred005/counter_circuit/baseline_seed_0_step_342.msgpack
--> Saved seed 1 checkpoint at step 342 to checkpoints/lmpred005/counter_circuit/baseline_seed_1_step_342.msgpack
--> Saved seed 2 checkpoint at step 342 to checkpoints/lmpred005/counter_circuit/baseline_seed_2_step_342.msgpack
--> Saved seed 3 checkpoint at step 342 to checkpoints/lmpred005/counter_circuit/baseline_seed_3_step_342.msgpack
--> Saved seed 4 checkpoint at step 342 to checkpoints/lmpred005/counter_circuit/baseline_seed_4_step_342.msgpack
--> Saved seed 0 checkpoint at step 380 to checkpoints/lmpred005/counter_circuit/baseline_seed_0_step_380.msgpack
--> Saved seed 1 checkpoint at step 380 to checkpoints/lmpred005/counter_circuit/baseline_seed_1_step_380.msgpack
--> Saved seed 2 checkpoint at step 380 to checkpoints/lmpred005/counter_circuit/baseline_seed_2_step_380.msgpack
--> Saved seed 3 checkpoint at step 380 to checkpoints/lmpred005/counter_circuit/baseline_seed_3_step_380.msgpack
--> Saved seed 4 checkpoint at step 380 to checkpoints/lmpred005/counter_circuit/baseline_seed_4_step_380.msgpack
[1;34mwandb[0m: 
[1;34mwandb[0m: 🚀 View run [33mlmpred005_obsfront_cpt_counter_circuit[0m at: [34mhttps://wandb.ai/maytusp/oc-extended/runs/ce8w6vf7[0m
[1;34mwandb[0m: Find logs at: [1;35m../../../../../../../../net/scratch/n70579mp/tom/JaxMARL/wandb/run-20260703_085431-ce8w6vf7/logs[0m
Importing submoduled environments...
Submoduled environments not found. Skipping import.
wandb: [wandb.login()] Loaded credentials for https://api.wandb.ai from /mnt/iusers01/fatpou01/compsci01/n70579mp/.netrc.
wandb: Currently logged in as: maytusp to https://api.wandb.ai. Use `wandb login --relogin` to force relogin
wandb: setting up run cmzms728
wandb: Tracking run with wandb version 0.27.2
wandb: Run data is saved locally in /net/scratch/n70579mp/tom/JaxMARL/wandb/run-20260703_112405-cmzms728
wandb: Run `wandb offline` to turn off syncing.
wandb: Syncing run lmpred02_obsfront_cpt_counter_circuit
wandb: ⭐️ View project at https://wandb.ai/maytusp/oc-extended
wandb: 🚀 View run at https://wandb.ai/maytusp/oc-extended/runs/cmzms728
Update steps:  381.0
Warmup epochs:  19
Cosine epochs:  362.0
--> Saved seed 0 checkpoint at step 1 to checkpoints/lmpred02/counter_circuit/baseline_seed_0_step_1.msgpack
--> Saved seed 1 checkpoint at step 1 to checkpoints/lmpred02/counter_circuit/baseline_seed_1_step_1.msgpack
--> Saved seed 2 checkpoint at step 1 to checkpoints/lmpred02/counter_circuit/baseline_seed_2_step_1.msgpack
--> Saved seed 3 checkpoint at step 1 to checkpoints/lmpred02/counter_circuit/baseline_seed_3_step_1.msgpack
--> Saved seed 4 checkpoint at step 1 to checkpoints/lmpred02/counter_circuit/baseline_seed_4_step_1.msgpack
--> Saved seed 0 checkpoint at step 38 to checkpoints/lmpred02/counter_circuit/baseline_seed_0_step_38.msgpack
--> Saved seed 1 checkpoint at step 38 to checkpoints/lmpred02/counter_circuit/baseline_seed_1_step_38.msgpack
--> Saved seed 2 checkpoint at step 38 to checkpoints/lmpred02/counter_circuit/baseline_seed_2_step_38.msgpack
--> Saved seed 3 checkpoint at step 38 to checkpoints/lmpred02/counter_circuit/baseline_seed_3_step_38.msgpack
--> Saved seed 4 checkpoint at step 38 to checkpoints/lmpred02/counter_circuit/baseline_seed_4_step_38.msgpack
--> Saved seed 0 checkpoint at step 76 to checkpoints/lmpred02/counter_circuit/baseline_seed_0_step_76.msgpack
--> Saved seed 1 checkpoint at step 76 to checkpoints/lmpred02/counter_circuit/baseline_seed_1_step_76.msgpack
--> Saved seed 2 checkpoint at step 76 to checkpoints/lmpred02/counter_circuit/baseline_seed_2_step_76.msgpack
--> Saved seed 3 checkpoint at step 76 to checkpoints/lmpred02/counter_circuit/baseline_seed_3_step_76.msgpack
--> Saved seed 4 checkpoint at step 76 to checkpoints/lmpred02/counter_circuit/baseline_seed_4_step_76.msgpack
--> Saved seed 0 checkpoint at step 114 to checkpoints/lmpred02/counter_circuit/baseline_seed_0_step_114.msgpack
--> Saved seed 1 checkpoint at step 114 to checkpoints/lmpred02/counter_circuit/baseline_seed_1_step_114.msgpack
--> Saved seed 2 checkpoint at step 114 to checkpoints/lmpred02/counter_circuit/baseline_seed_2_step_114.msgpack
--> Saved seed 3 checkpoint at step 114 to checkpoints/lmpred02/counter_circuit/baseline_seed_3_step_114.msgpack
--> Saved seed 4 checkpoint at step 114 to checkpoints/lmpred02/counter_circuit/baseline_seed_4_step_114.msgpack
--> Saved seed 0 checkpoint at step 152 to checkpoints/lmpred02/counter_circuit/baseline_seed_0_step_152.msgpack
--> Saved seed 1 checkpoint at step 152 to checkpoints/lmpred02/counter_circuit/baseline_seed_1_step_152.msgpack
--> Saved seed 2 checkpoint at step 152 to checkpoints/lmpred02/counter_circuit/baseline_seed_2_step_152.msgpack
--> Saved seed 3 checkpoint at step 152 to checkpoints/lmpred02/counter_circuit/baseline_seed_3_step_152.msgpack
--> Saved seed 4 checkpoint at step 152 to checkpoints/lmpred02/counter_circuit/baseline_seed_4_step_152.msgpack
--> Saved seed 0 checkpoint at step 190 to checkpoints/lmpred02/counter_circuit/baseline_seed_0_step_190.msgpack
--> Saved seed 1 checkpoint at step 190 to checkpoints/lmpred02/counter_circuit/baseline_seed_1_step_190.msgpack
--> Saved seed 2 checkpoint at step 190 to checkpoints/lmpred02/counter_circuit/baseline_seed_2_step_190.msgpack
--> Saved seed 3 checkpoint at step 190 to checkpoints/lmpred02/counter_circuit/baseline_seed_3_step_190.msgpack
--> Saved seed 4 checkpoint at step 190 to checkpoints/lmpred02/counter_circuit/baseline_seed_4_step_190.msgpack
--> Saved seed 0 checkpoint at step 228 to checkpoints/lmpred02/counter_circuit/baseline_seed_0_step_228.msgpack
--> Saved seed 1 checkpoint at step 228 to checkpoints/lmpred02/counter_circuit/baseline_seed_1_step_228.msgpack
--> Saved seed 2 checkpoint at step 228 to checkpoints/lmpred02/counter_circuit/baseline_seed_2_step_228.msgpack
--> Saved seed 3 checkpoint at step 228 to checkpoints/lmpred02/counter_circuit/baseline_seed_3_step_228.msgpack
--> Saved seed 4 checkpoint at step 228 to checkpoints/lmpred02/counter_circuit/baseline_seed_4_step_228.msgpack
--> Saved seed 0 checkpoint at step 266 to checkpoints/lmpred02/counter_circuit/baseline_seed_0_step_266.msgpack
--> Saved seed 1 checkpoint at step 266 to checkpoints/lmpred02/counter_circuit/baseline_seed_1_step_266.msgpack
--> Saved seed 2 checkpoint at step 266 to checkpoints/lmpred02/counter_circuit/baseline_seed_2_step_266.msgpack
--> Saved seed 3 checkpoint at step 266 to checkpoints/lmpred02/counter_circuit/baseline_seed_3_step_266.msgpack
--> Saved seed 4 checkpoint at step 266 to checkpoints/lmpred02/counter_circuit/baseline_seed_4_step_266.msgpack
--> Saved seed 0 checkpoint at step 304 to checkpoints/lmpred02/counter_circuit/baseline_seed_0_step_304.msgpack
--> Saved seed 1 checkpoint at step 304 to checkpoints/lmpred02/counter_circuit/baseline_seed_1_step_304.msgpack
--> Saved seed 2 checkpoint at step 304 to checkpoints/lmpred02/counter_circuit/baseline_seed_2_step_304.msgpack
--> Saved seed 3 checkpoint at step 304 to checkpoints/lmpred02/counter_circuit/baseline_seed_3_step_304.msgpack
--> Saved seed 4 checkpoint at step 304 to checkpoints/lmpred02/counter_circuit/baseline_seed_4_step_304.msgpack
--> Saved seed 0 checkpoint at step 342 to checkpoints/lmpred02/counter_circuit/baseline_seed_0_step_342.msgpack
--> Saved seed 1 checkpoint at step 342 to checkpoints/lmpred02/counter_circuit/baseline_seed_1_step_342.msgpack
--> Saved seed 2 checkpoint at step 342 to checkpoints/lmpred02/counter_circuit/baseline_seed_2_step_342.msgpack
--> Saved seed 3 checkpoint at step 342 to checkpoints/lmpred02/counter_circuit/baseline_seed_3_step_342.msgpack
--> Saved seed 4 checkpoint at step 342 to checkpoints/lmpred02/counter_circuit/baseline_seed_4_step_342.msgpack
--> Saved seed 0 checkpoint at step 380 to checkpoints/lmpred02/counter_circuit/baseline_seed_0_step_380.msgpack
--> Saved seed 1 checkpoint at step 380 to checkpoints/lmpred02/counter_circuit/baseline_seed_1_step_380.msgpack
--> Saved seed 2 checkpoint at step 380 to checkpoints/lmpred02/counter_circuit/baseline_seed_2_step_380.msgpack
--> Saved seed 3 checkpoint at step 380 to checkpoints/lmpred02/counter_circuit/baseline_seed_3_step_380.msgpack
--> Saved seed 4 checkpoint at step 380 to checkpoints/lmpred02/counter_circuit/baseline_seed_4_step_380.msgpack
[1;34mwandb[0m: 
[1;34mwandb[0m: 🚀 View run [33mlmpred02_obsfront_cpt_counter_circuit[0m at: [34mhttps://wandb.ai/maytusp/oc-extended/runs/cmzms728[0m
[1;34mwandb[0m: Find logs at: [1;35m../../../../../../../../net/scratch/n70579mp/tom/JaxMARL/wandb/run-20260703_112405-cmzms728/logs[0m
Importing submoduled environments...
Submoduled environments not found. Skipping import.
wandb: [wandb.login()] Loaded credentials for https://api.wandb.ai from /mnt/iusers01/fatpou01/compsci01/n70579mp/.netrc.
wandb: Currently logged in as: maytusp to https://api.wandb.ai. Use `wandb login --relogin` to force relogin
wandb: setting up run kgc0imum
wandb: Tracking run with wandb version 0.27.2
wandb: Run data is saved locally in /net/scratch/n70579mp/tom/JaxMARL/wandb/run-20260703_135429-kgc0imum
wandb: Run `wandb offline` to turn off syncing.
wandb: Syncing run lmpred04_obsfront_cpt_counter_circuit
wandb: ⭐️ View project at https://wandb.ai/maytusp/oc-extended
wandb: 🚀 View run at https://wandb.ai/maytusp/oc-extended/runs/kgc0imum
Update steps:  381.0
Warmup epochs:  19
Cosine epochs:  362.0
--> Saved seed 0 checkpoint at step 1 to checkpoints/lmpred04/counter_circuit/baseline_seed_0_step_1.msgpack
--> Saved seed 1 checkpoint at step 1 to checkpoints/lmpred04/counter_circuit/baseline_seed_1_step_1.msgpack
--> Saved seed 2 checkpoint at step 1 to checkpoints/lmpred04/counter_circuit/baseline_seed_2_step_1.msgpack
--> Saved seed 3 checkpoint at step 1 to checkpoints/lmpred04/counter_circuit/baseline_seed_3_step_1.msgpack
--> Saved seed 4 checkpoint at step 1 to checkpoints/lmpred04/counter_circuit/baseline_seed_4_step_1.msgpack
--> Saved seed 0 checkpoint at step 38 to checkpoints/lmpred04/counter_circuit/baseline_seed_0_step_38.msgpack
--> Saved seed 1 checkpoint at step 38 to checkpoints/lmpred04/counter_circuit/baseline_seed_1_step_38.msgpack
--> Saved seed 2 checkpoint at step 38 to checkpoints/lmpred04/counter_circuit/baseline_seed_2_step_38.msgpack
--> Saved seed 3 checkpoint at step 38 to checkpoints/lmpred04/counter_circuit/baseline_seed_3_step_38.msgpack
--> Saved seed 4 checkpoint at step 38 to checkpoints/lmpred04/counter_circuit/baseline_seed_4_step_38.msgpack
--> Saved seed 0 checkpoint at step 76 to checkpoints/lmpred04/counter_circuit/baseline_seed_0_step_76.msgpack
--> Saved seed 1 checkpoint at step 76 to checkpoints/lmpred04/counter_circuit/baseline_seed_1_step_76.msgpack
--> Saved seed 2 checkpoint at step 76 to checkpoints/lmpred04/counter_circuit/baseline_seed_2_step_76.msgpack
--> Saved seed 3 checkpoint at step 76 to checkpoints/lmpred04/counter_circuit/baseline_seed_3_step_76.msgpack
--> Saved seed 4 checkpoint at step 76 to checkpoints/lmpred04/counter_circuit/baseline_seed_4_step_76.msgpack
--> Saved seed 0 checkpoint at step 114 to checkpoints/lmpred04/counter_circuit/baseline_seed_0_step_114.msgpack
--> Saved seed 1 checkpoint at step 114 to checkpoints/lmpred04/counter_circuit/baseline_seed_1_step_114.msgpack
--> Saved seed 2 checkpoint at step 114 to checkpoints/lmpred04/counter_circuit/baseline_seed_2_step_114.msgpack
--> Saved seed 3 checkpoint at step 114 to checkpoints/lmpred04/counter_circuit/baseline_seed_3_step_114.msgpack
--> Saved seed 4 checkpoint at step 114 to checkpoints/lmpred04/counter_circuit/baseline_seed_4_step_114.msgpack
--> Saved seed 0 checkpoint at step 152 to checkpoints/lmpred04/counter_circuit/baseline_seed_0_step_152.msgpack
--> Saved seed 1 checkpoint at step 152 to checkpoints/lmpred04/counter_circuit/baseline_seed_1_step_152.msgpack
--> Saved seed 2 checkpoint at step 152 to checkpoints/lmpred04/counter_circuit/baseline_seed_2_step_152.msgpack
--> Saved seed 3 checkpoint at step 152 to checkpoints/lmpred04/counter_circuit/baseline_seed_3_step_152.msgpack
--> Saved seed 4 checkpoint at step 152 to checkpoints/lmpred04/counter_circuit/baseline_seed_4_step_152.msgpack
--> Saved seed 0 checkpoint at step 190 to checkpoints/lmpred04/counter_circuit/baseline_seed_0_step_190.msgpack
--> Saved seed 1 checkpoint at step 190 to checkpoints/lmpred04/counter_circuit/baseline_seed_1_step_190.msgpack
--> Saved seed 2 checkpoint at step 190 to checkpoints/lmpred04/counter_circuit/baseline_seed_2_step_190.msgpack
--> Saved seed 3 checkpoint at step 190 to checkpoints/lmpred04/counter_circuit/baseline_seed_3_step_190.msgpack
--> Saved seed 4 checkpoint at step 190 to checkpoints/lmpred04/counter_circuit/baseline_seed_4_step_190.msgpack
--> Saved seed 0 checkpoint at step 228 to checkpoints/lmpred04/counter_circuit/baseline_seed_0_step_228.msgpack
--> Saved seed 1 checkpoint at step 228 to checkpoints/lmpred04/counter_circuit/baseline_seed_1_step_228.msgpack
--> Saved seed 2 checkpoint at step 228 to checkpoints/lmpred04/counter_circuit/baseline_seed_2_step_228.msgpack
--> Saved seed 3 checkpoint at step 228 to checkpoints/lmpred04/counter_circuit/baseline_seed_3_step_228.msgpack
--> Saved seed 4 checkpoint at step 228 to checkpoints/lmpred04/counter_circuit/baseline_seed_4_step_228.msgpack
--> Saved seed 0 checkpoint at step 266 to checkpoints/lmpred04/counter_circuit/baseline_seed_0_step_266.msgpack
--> Saved seed 1 checkpoint at step 266 to checkpoints/lmpred04/counter_circuit/baseline_seed_1_step_266.msgpack
--> Saved seed 2 checkpoint at step 266 to checkpoints/lmpred04/counter_circuit/baseline_seed_2_step_266.msgpack
--> Saved seed 3 checkpoint at step 266 to checkpoints/lmpred04/counter_circuit/baseline_seed_3_step_266.msgpack
--> Saved seed 4 checkpoint at step 266 to checkpoints/lmpred04/counter_circuit/baseline_seed_4_step_266.msgpack
--> Saved seed 0 checkpoint at step 304 to checkpoints/lmpred04/counter_circuit/baseline_seed_0_step_304.msgpack
--> Saved seed 1 checkpoint at step 304 to checkpoints/lmpred04/counter_circuit/baseline_seed_1_step_304.msgpack
--> Saved seed 2 checkpoint at step 304 to checkpoints/lmpred04/counter_circuit/baseline_seed_2_step_304.msgpack
--> Saved seed 3 checkpoint at step 304 to checkpoints/lmpred04/counter_circuit/baseline_seed_3_step_304.msgpack
--> Saved seed 4 checkpoint at step 304 to checkpoints/lmpred04/counter_circuit/baseline_seed_4_step_304.msgpack
--> Saved seed 0 checkpoint at step 342 to checkpoints/lmpred04/counter_circuit/baseline_seed_0_step_342.msgpack
--> Saved seed 1 checkpoint at step 342 to checkpoints/lmpred04/counter_circuit/baseline_seed_1_step_342.msgpack
--> Saved seed 2 checkpoint at step 342 to checkpoints/lmpred04/counter_circuit/baseline_seed_2_step_342.msgpack
--> Saved seed 3 checkpoint at step 342 to checkpoints/lmpred04/counter_circuit/baseline_seed_3_step_342.msgpack
--> Saved seed 4 checkpoint at step 342 to checkpoints/lmpred04/counter_circuit/baseline_seed_4_step_342.msgpack
--> Saved seed 0 checkpoint at step 380 to checkpoints/lmpred04/counter_circuit/baseline_seed_0_step_380.msgpack
--> Saved seed 1 checkpoint at step 380 to checkpoints/lmpred04/counter_circuit/baseline_seed_1_step_380.msgpack
--> Saved seed 2 checkpoint at step 380 to checkpoints/lmpred04/counter_circuit/baseline_seed_2_step_380.msgpack
--> Saved seed 3 checkpoint at step 380 to checkpoints/lmpred04/counter_circuit/baseline_seed_3_step_380.msgpack
--> Saved seed 4 checkpoint at step 380 to checkpoints/lmpred04/counter_circuit/baseline_seed_4_step_380.msgpack
[1;34mwandb[0m: 
[1;34mwandb[0m: 🚀 View run [33mlmpred04_obsfront_cpt_counter_circuit[0m at: [34mhttps://wandb.ai/maytusp/oc-extended/runs/kgc0imum[0m
[1;34mwandb[0m: Find logs at: [1;35m../../../../../../../../net/scratch/n70579mp/tom/JaxMARL/wandb/run-20260703_135429-kgc0imum/logs[0m
Importing submoduled environments...
Submoduled environments not found. Skipping import.
wandb: [wandb.login()] Loaded credentials for https://api.wandb.ai from /mnt/iusers01/fatpou01/compsci01/n70579mp/.netrc.
wandb: Currently logged in as: maytusp to https://api.wandb.ai. Use `wandb login --relogin` to force relogin
wandb: Tracking run with wandb version 0.27.2
wandb: Run data is saved locally in /net/scratch/n70579mp/tom/JaxMARL/wandb/run-20260703_162408-1ln3qk5a
wandb: Run `wandb offline` to turn off syncing.
wandb: Syncing run lmpred005_obsfront_cpt_coord_ring
wandb: ⭐️ View project at https://wandb.ai/maytusp/oc-extended
wandb: 🚀 View run at https://wandb.ai/maytusp/oc-extended/runs/1ln3qk5a
Update steps:  228.0
Warmup epochs:  11
Cosine epochs:  217.0
--> Saved seed 0 checkpoint at step 1 to checkpoints/lmpred005/coord_ring/baseline_seed_0_step_1.msgpack
--> Saved seed 1 checkpoint at step 1 to checkpoints/lmpred005/coord_ring/baseline_seed_1_step_1.msgpack
--> Saved seed 2 checkpoint at step 1 to checkpoints/lmpred005/coord_ring/baseline_seed_2_step_1.msgpack
--> Saved seed 3 checkpoint at step 1 to checkpoints/lmpred005/coord_ring/baseline_seed_3_step_1.msgpack
--> Saved seed 4 checkpoint at step 1 to checkpoints/lmpred005/coord_ring/baseline_seed_4_step_1.msgpack
--> Saved seed 0 checkpoint at step 22 to checkpoints/lmpred005/coord_ring/baseline_seed_0_step_22.msgpack
--> Saved seed 1 checkpoint at step 22 to checkpoints/lmpred005/coord_ring/baseline_seed_1_step_22.msgpack
--> Saved seed 2 checkpoint at step 22 to checkpoints/lmpred005/coord_ring/baseline_seed_2_step_22.msgpack
--> Saved seed 3 checkpoint at step 22 to checkpoints/lmpred005/coord_ring/baseline_seed_3_step_22.msgpack
--> Saved seed 4 checkpoint at step 22 to checkpoints/lmpred005/coord_ring/baseline_seed_4_step_22.msgpack
--> Saved seed 0 checkpoint at step 44 to checkpoints/lmpred005/coord_ring/baseline_seed_0_step_44.msgpack
--> Saved seed 1 checkpoint at step 44 to checkpoints/lmpred005/coord_ring/baseline_seed_1_step_44.msgpack
--> Saved seed 2 checkpoint at step 44 to checkpoints/lmpred005/coord_ring/baseline_seed_2_step_44.msgpack
--> Saved seed 3 checkpoint at step 44 to checkpoints/lmpred005/coord_ring/baseline_seed_3_step_44.msgpack
--> Saved seed 4 checkpoint at step 44 to checkpoints/lmpred005/coord_ring/baseline_seed_4_step_44.msgpack
--> Saved seed 0 checkpoint at step 66 to checkpoints/lmpred005/coord_ring/baseline_seed_0_step_66.msgpack
--> Saved seed 1 checkpoint at step 66 to checkpoints/lmpred005/coord_ring/baseline_seed_1_step_66.msgpack
--> Saved seed 2 checkpoint at step 66 to checkpoints/lmpred005/coord_ring/baseline_seed_2_step_66.msgpack
--> Saved seed 3 checkpoint at step 66 to checkpoints/lmpred005/coord_ring/baseline_seed_3_step_66.msgpack
--> Saved seed 4 checkpoint at step 66 to checkpoints/lmpred005/coord_ring/baseline_seed_4_step_66.msgpack
--> Saved seed 0 checkpoint at step 88 to checkpoints/lmpred005/coord_ring/baseline_seed_0_step_88.msgpack
--> Saved seed 1 checkpoint at step 88 to checkpoints/lmpred005/coord_ring/baseline_seed_1_step_88.msgpack
--> Saved seed 2 checkpoint at step 88 to checkpoints/lmpred005/coord_ring/baseline_seed_2_step_88.msgpack
--> Saved seed 3 checkpoint at step 88 to checkpoints/lmpred005/coord_ring/baseline_seed_3_step_88.msgpack
--> Saved seed 4 checkpoint at step 88 to checkpoints/lmpred005/coord_ring/baseline_seed_4_step_88.msgpack
--> Saved seed 0 checkpoint at step 110 to checkpoints/lmpred005/coord_ring/baseline_seed_0_step_110.msgpack
--> Saved seed 1 checkpoint at step 110 to checkpoints/lmpred005/coord_ring/baseline_seed_1_step_110.msgpack
--> Saved seed 2 checkpoint at step 110 to checkpoints/lmpred005/coord_ring/baseline_seed_2_step_110.msgpack
--> Saved seed 3 checkpoint at step 110 to checkpoints/lmpred005/coord_ring/baseline_seed_3_step_110.msgpack
--> Saved seed 4 checkpoint at step 110 to checkpoints/lmpred005/coord_ring/baseline_seed_4_step_110.msgpack
--> Saved seed 0 checkpoint at step 132 to checkpoints/lmpred005/coord_ring/baseline_seed_0_step_132.msgpack
--> Saved seed 1 checkpoint at step 132 to checkpoints/lmpred005/coord_ring/baseline_seed_1_step_132.msgpack
--> Saved seed 2 checkpoint at step 132 to checkpoints/lmpred005/coord_ring/baseline_seed_2_step_132.msgpack
--> Saved seed 3 checkpoint at step 132 to checkpoints/lmpred005/coord_ring/baseline_seed_3_step_132.msgpack
--> Saved seed 4 checkpoint at step 132 to checkpoints/lmpred005/coord_ring/baseline_seed_4_step_132.msgpack
--> Saved seed 0 checkpoint at step 154 to checkpoints/lmpred005/coord_ring/baseline_seed_0_step_154.msgpack
--> Saved seed 1 checkpoint at step 154 to checkpoints/lmpred005/coord_ring/baseline_seed_1_step_154.msgpack
--> Saved seed 2 checkpoint at step 154 to checkpoints/lmpred005/coord_ring/baseline_seed_2_step_154.msgpack
--> Saved seed 3 checkpoint at step 154 to checkpoints/lmpred005/coord_ring/baseline_seed_3_step_154.msgpack
--> Saved seed 4 checkpoint at step 154 to checkpoints/lmpred005/coord_ring/baseline_seed_4_step_154.msgpack
--> Saved seed 0 checkpoint at step 176 to checkpoints/lmpred005/coord_ring/baseline_seed_0_step_176.msgpack
--> Saved seed 1 checkpoint at step 176 to checkpoints/lmpred005/coord_ring/baseline_seed_1_step_176.msgpack
--> Saved seed 2 checkpoint at step 176 to checkpoints/lmpred005/coord_ring/baseline_seed_2_step_176.msgpack
--> Saved seed 3 checkpoint at step 176 to checkpoints/lmpred005/coord_ring/baseline_seed_3_step_176.msgpack
--> Saved seed 4 checkpoint at step 176 to checkpoints/lmpred005/coord_ring/baseline_seed_4_step_176.msgpack
--> Saved seed 0 checkpoint at step 198 to checkpoints/lmpred005/coord_ring/baseline_seed_0_step_198.msgpack
--> Saved seed 1 checkpoint at step 198 to checkpoints/lmpred005/coord_ring/baseline_seed_1_step_198.msgpack
--> Saved seed 2 checkpoint at step 198 to checkpoints/lmpred005/coord_ring/baseline_seed_2_step_198.msgpack
--> Saved seed 3 checkpoint at step 198 to checkpoints/lmpred005/coord_ring/baseline_seed_3_step_198.msgpack
--> Saved seed 4 checkpoint at step 198 to checkpoints/lmpred005/coord_ring/baseline_seed_4_step_198.msgpack
--> Saved seed 0 checkpoint at step 220 to checkpoints/lmpred005/coord_ring/baseline_seed_0_step_220.msgpack
--> Saved seed 1 checkpoint at step 220 to checkpoints/lmpred005/coord_ring/baseline_seed_1_step_220.msgpack
--> Saved seed 2 checkpoint at step 220 to checkpoints/lmpred005/coord_ring/baseline_seed_2_step_220.msgpack
--> Saved seed 3 checkpoint at step 220 to checkpoints/lmpred005/coord_ring/baseline_seed_3_step_220.msgpack
--> Saved seed 4 checkpoint at step 220 to checkpoints/lmpred005/coord_ring/baseline_seed_4_step_220.msgpack
[1;34mwandb[0m: 
[1;34mwandb[0m: 🚀 View run [33mlmpred005_obsfront_cpt_coord_ring[0m at: [34mhttps://wandb.ai/maytusp/oc-extended/runs/1ln3qk5a[0m
[1;34mwandb[0m: Find logs at: [1;35m../../../../../../../../net/scratch/n70579mp/tom/JaxMARL/wandb/run-20260703_162408-1ln3qk5a/logs[0m
Importing submoduled environments...
Submoduled environments not found. Skipping import.
wandb: [wandb.login()] Loaded credentials for https://api.wandb.ai from /mnt/iusers01/fatpou01/compsci01/n70579mp/.netrc.
wandb: Currently logged in as: maytusp to https://api.wandb.ai. Use `wandb login --relogin` to force relogin
wandb: Tracking run with wandb version 0.27.2
wandb: Run data is saved locally in /net/scratch/n70579mp/tom/JaxMARL/wandb/run-20260703_175408-n24g5gvv
wandb: Run `wandb offline` to turn off syncing.
wandb: Syncing run lmpred02_obsfront_cpt_coord_ring
wandb: ⭐️ View project at https://wandb.ai/maytusp/oc-extended
wandb: 🚀 View run at https://wandb.ai/maytusp/oc-extended/runs/n24g5gvv
Update steps:  228.0
Warmup epochs:  11
Cosine epochs:  217.0
--> Saved seed 0 checkpoint at step 1 to checkpoints/lmpred02/coord_ring/baseline_seed_0_step_1.msgpack
--> Saved seed 1 checkpoint at step 1 to checkpoints/lmpred02/coord_ring/baseline_seed_1_step_1.msgpack
--> Saved seed 2 checkpoint at step 1 to checkpoints/lmpred02/coord_ring/baseline_seed_2_step_1.msgpack
--> Saved seed 3 checkpoint at step 1 to checkpoints/lmpred02/coord_ring/baseline_seed_3_step_1.msgpack
--> Saved seed 4 checkpoint at step 1 to checkpoints/lmpred02/coord_ring/baseline_seed_4_step_1.msgpack
--> Saved seed 0 checkpoint at step 22 to checkpoints/lmpred02/coord_ring/baseline_seed_0_step_22.msgpack
--> Saved seed 1 checkpoint at step 22 to checkpoints/lmpred02/coord_ring/baseline_seed_1_step_22.msgpack
--> Saved seed 2 checkpoint at step 22 to checkpoints/lmpred02/coord_ring/baseline_seed_2_step_22.msgpack
--> Saved seed 3 checkpoint at step 22 to checkpoints/lmpred02/coord_ring/baseline_seed_3_step_22.msgpack
--> Saved seed 4 checkpoint at step 22 to checkpoints/lmpred02/coord_ring/baseline_seed_4_step_22.msgpack
--> Saved seed 0 checkpoint at step 44 to checkpoints/lmpred02/coord_ring/baseline_seed_0_step_44.msgpack
--> Saved seed 1 checkpoint at step 44 to checkpoints/lmpred02/coord_ring/baseline_seed_1_step_44.msgpack
--> Saved seed 2 checkpoint at step 44 to checkpoints/lmpred02/coord_ring/baseline_seed_2_step_44.msgpack
--> Saved seed 3 checkpoint at step 44 to checkpoints/lmpred02/coord_ring/baseline_seed_3_step_44.msgpack
--> Saved seed 4 checkpoint at step 44 to checkpoints/lmpred02/coord_ring/baseline_seed_4_step_44.msgpack
--> Saved seed 0 checkpoint at step 66 to checkpoints/lmpred02/coord_ring/baseline_seed_0_step_66.msgpack
--> Saved seed 1 checkpoint at step 66 to checkpoints/lmpred02/coord_ring/baseline_seed_1_step_66.msgpack
--> Saved seed 2 checkpoint at step 66 to checkpoints/lmpred02/coord_ring/baseline_seed_2_step_66.msgpack
--> Saved seed 3 checkpoint at step 66 to checkpoints/lmpred02/coord_ring/baseline_seed_3_step_66.msgpack
--> Saved seed 4 checkpoint at step 66 to checkpoints/lmpred02/coord_ring/baseline_seed_4_step_66.msgpack
--> Saved seed 0 checkpoint at step 88 to checkpoints/lmpred02/coord_ring/baseline_seed_0_step_88.msgpack
--> Saved seed 1 checkpoint at step 88 to checkpoints/lmpred02/coord_ring/baseline_seed_1_step_88.msgpack
--> Saved seed 2 checkpoint at step 88 to checkpoints/lmpred02/coord_ring/baseline_seed_2_step_88.msgpack
--> Saved seed 3 checkpoint at step 88 to checkpoints/lmpred02/coord_ring/baseline_seed_3_step_88.msgpack
--> Saved seed 4 checkpoint at step 88 to checkpoints/lmpred02/coord_ring/baseline_seed_4_step_88.msgpack
--> Saved seed 0 checkpoint at step 110 to checkpoints/lmpred02/coord_ring/baseline_seed_0_step_110.msgpack
--> Saved seed 1 checkpoint at step 110 to checkpoints/lmpred02/coord_ring/baseline_seed_1_step_110.msgpack
--> Saved seed 2 checkpoint at step 110 to checkpoints/lmpred02/coord_ring/baseline_seed_2_step_110.msgpack
--> Saved seed 3 checkpoint at step 110 to checkpoints/lmpred02/coord_ring/baseline_seed_3_step_110.msgpack
--> Saved seed 4 checkpoint at step 110 to checkpoints/lmpred02/coord_ring/baseline_seed_4_step_110.msgpack
--> Saved seed 0 checkpoint at step 132 to checkpoints/lmpred02/coord_ring/baseline_seed_0_step_132.msgpack
--> Saved seed 1 checkpoint at step 132 to checkpoints/lmpred02/coord_ring/baseline_seed_1_step_132.msgpack
--> Saved seed 2 checkpoint at step 132 to checkpoints/lmpred02/coord_ring/baseline_seed_2_step_132.msgpack
--> Saved seed 3 checkpoint at step 132 to checkpoints/lmpred02/coord_ring/baseline_seed_3_step_132.msgpack
--> Saved seed 4 checkpoint at step 132 to checkpoints/lmpred02/coord_ring/baseline_seed_4_step_132.msgpack
--> Saved seed 0 checkpoint at step 154 to checkpoints/lmpred02/coord_ring/baseline_seed_0_step_154.msgpack
--> Saved seed 1 checkpoint at step 154 to checkpoints/lmpred02/coord_ring/baseline_seed_1_step_154.msgpack
--> Saved seed 2 checkpoint at step 154 to checkpoints/lmpred02/coord_ring/baseline_seed_2_step_154.msgpack
--> Saved seed 3 checkpoint at step 154 to checkpoints/lmpred02/coord_ring/baseline_seed_3_step_154.msgpack
--> Saved seed 4 checkpoint at step 154 to checkpoints/lmpred02/coord_ring/baseline_seed_4_step_154.msgpack
--> Saved seed 0 checkpoint at step 176 to checkpoints/lmpred02/coord_ring/baseline_seed_0_step_176.msgpack
--> Saved seed 1 checkpoint at step 176 to checkpoints/lmpred02/coord_ring/baseline_seed_1_step_176.msgpack
--> Saved seed 2 checkpoint at step 176 to checkpoints/lmpred02/coord_ring/baseline_seed_2_step_176.msgpack
--> Saved seed 3 checkpoint at step 176 to checkpoints/lmpred02/coord_ring/baseline_seed_3_step_176.msgpack
--> Saved seed 4 checkpoint at step 176 to checkpoints/lmpred02/coord_ring/baseline_seed_4_step_176.msgpack
--> Saved seed 0 checkpoint at step 198 to checkpoints/lmpred02/coord_ring/baseline_seed_0_step_198.msgpack
--> Saved seed 1 checkpoint at step 198 to checkpoints/lmpred02/coord_ring/baseline_seed_1_step_198.msgpack
--> Saved seed 2 checkpoint at step 198 to checkpoints/lmpred02/coord_ring/baseline_seed_2_step_198.msgpack
--> Saved seed 3 checkpoint at step 198 to checkpoints/lmpred02/coord_ring/baseline_seed_3_step_198.msgpack
--> Saved seed 4 checkpoint at step 198 to checkpoints/lmpred02/coord_ring/baseline_seed_4_step_198.msgpack
--> Saved seed 0 checkpoint at step 220 to checkpoints/lmpred02/coord_ring/baseline_seed_0_step_220.msgpack
--> Saved seed 1 checkpoint at step 220 to checkpoints/lmpred02/coord_ring/baseline_seed_1_step_220.msgpack
--> Saved seed 2 checkpoint at step 220 to checkpoints/lmpred02/coord_ring/baseline_seed_2_step_220.msgpack
--> Saved seed 3 checkpoint at step 220 to checkpoints/lmpred02/coord_ring/baseline_seed_3_step_220.msgpack
--> Saved seed 4 checkpoint at step 220 to checkpoints/lmpred02/coord_ring/baseline_seed_4_step_220.msgpack
[1;34mwandb[0m: 
[1;34mwandb[0m: 🚀 View run [33mlmpred02_obsfront_cpt_coord_ring[0m at: [34mhttps://wandb.ai/maytusp/oc-extended/runs/n24g5gvv[0m
[1;34mwandb[0m: Find logs at: [1;35m../../../../../../../../net/scratch/n70579mp/tom/JaxMARL/wandb/run-20260703_175408-n24g5gvv/logs[0m
Importing submoduled environments...
Submoduled environments not found. Skipping import.
wandb: [wandb.login()] Loaded credentials for https://api.wandb.ai from /mnt/iusers01/fatpou01/compsci01/n70579mp/.netrc.
wandb: Currently logged in as: maytusp to https://api.wandb.ai. Use `wandb login --relogin` to force relogin
wandb: Tracking run with wandb version 0.27.2
wandb: Run data is saved locally in /net/scratch/n70579mp/tom/JaxMARL/wandb/run-20260703_192352-w1uan8ek
wandb: Run `wandb offline` to turn off syncing.
wandb: Syncing run lmpred04_obsfront_cpt_coord_ring
wandb: ⭐️ View project at https://wandb.ai/maytusp/oc-extended
wandb: 🚀 View run at https://wandb.ai/maytusp/oc-extended/runs/w1uan8ek
Update steps:  228.0
Warmup epochs:  11
Cosine epochs:  217.0
--> Saved seed 0 checkpoint at step 1 to checkpoints/lmpred04/coord_ring/baseline_seed_0_step_1.msgpack
--> Saved seed 1 checkpoint at step 1 to checkpoints/lmpred04/coord_ring/baseline_seed_1_step_1.msgpack
--> Saved seed 2 checkpoint at step 1 to checkpoints/lmpred04/coord_ring/baseline_seed_2_step_1.msgpack
--> Saved seed 3 checkpoint at step 1 to checkpoints/lmpred04/coord_ring/baseline_seed_3_step_1.msgpack
--> Saved seed 4 checkpoint at step 1 to checkpoints/lmpred04/coord_ring/baseline_seed_4_step_1.msgpack
--> Saved seed 0 checkpoint at step 22 to checkpoints/lmpred04/coord_ring/baseline_seed_0_step_22.msgpack
--> Saved seed 1 checkpoint at step 22 to checkpoints/lmpred04/coord_ring/baseline_seed_1_step_22.msgpack
--> Saved seed 2 checkpoint at step 22 to checkpoints/lmpred04/coord_ring/baseline_seed_2_step_22.msgpack
--> Saved seed 3 checkpoint at step 22 to checkpoints/lmpred04/coord_ring/baseline_seed_3_step_22.msgpack
--> Saved seed 4 checkpoint at step 22 to checkpoints/lmpred04/coord_ring/baseline_seed_4_step_22.msgpack
--> Saved seed 0 checkpoint at step 44 to checkpoints/lmpred04/coord_ring/baseline_seed_0_step_44.msgpack
--> Saved seed 1 checkpoint at step 44 to checkpoints/lmpred04/coord_ring/baseline_seed_1_step_44.msgpack
--> Saved seed 2 checkpoint at step 44 to checkpoints/lmpred04/coord_ring/baseline_seed_2_step_44.msgpack
--> Saved seed 3 checkpoint at step 44 to checkpoints/lmpred04/coord_ring/baseline_seed_3_step_44.msgpack
--> Saved seed 4 checkpoint at step 44 to checkpoints/lmpred04/coord_ring/baseline_seed_4_step_44.msgpack
--> Saved seed 0 checkpoint at step 66 to checkpoints/lmpred04/coord_ring/baseline_seed_0_step_66.msgpack
--> Saved seed 1 checkpoint at step 66 to checkpoints/lmpred04/coord_ring/baseline_seed_1_step_66.msgpack
--> Saved seed 2 checkpoint at step 66 to checkpoints/lmpred04/coord_ring/baseline_seed_2_step_66.msgpack
--> Saved seed 3 checkpoint at step 66 to checkpoints/lmpred04/coord_ring/baseline_seed_3_step_66.msgpack
--> Saved seed 4 checkpoint at step 66 to checkpoints/lmpred04/coord_ring/baseline_seed_4_step_66.msgpack
--> Saved seed 0 checkpoint at step 88 to checkpoints/lmpred04/coord_ring/baseline_seed_0_step_88.msgpack
--> Saved seed 1 checkpoint at step 88 to checkpoints/lmpred04/coord_ring/baseline_seed_1_step_88.msgpack
--> Saved seed 2 checkpoint at step 88 to checkpoints/lmpred04/coord_ring/baseline_seed_2_step_88.msgpack
--> Saved seed 3 checkpoint at step 88 to checkpoints/lmpred04/coord_ring/baseline_seed_3_step_88.msgpack
--> Saved seed 4 checkpoint at step 88 to checkpoints/lmpred04/coord_ring/baseline_seed_4_step_88.msgpack
--> Saved seed 0 checkpoint at step 110 to checkpoints/lmpred04/coord_ring/baseline_seed_0_step_110.msgpack
--> Saved seed 1 checkpoint at step 110 to checkpoints/lmpred04/coord_ring/baseline_seed_1_step_110.msgpack
--> Saved seed 2 checkpoint at step 110 to checkpoints/lmpred04/coord_ring/baseline_seed_2_step_110.msgpack
--> Saved seed 3 checkpoint at step 110 to checkpoints/lmpred04/coord_ring/baseline_seed_3_step_110.msgpack
--> Saved seed 4 checkpoint at step 110 to checkpoints/lmpred04/coord_ring/baseline_seed_4_step_110.msgpack
--> Saved seed 0 checkpoint at step 132 to checkpoints/lmpred04/coord_ring/baseline_seed_0_step_132.msgpack
--> Saved seed 1 checkpoint at step 132 to checkpoints/lmpred04/coord_ring/baseline_seed_1_step_132.msgpack
--> Saved seed 2 checkpoint at step 132 to checkpoints/lmpred04/coord_ring/baseline_seed_2_step_132.msgpack
--> Saved seed 3 checkpoint at step 132 to checkpoints/lmpred04/coord_ring/baseline_seed_3_step_132.msgpack
--> Saved seed 4 checkpoint at step 132 to checkpoints/lmpred04/coord_ring/baseline_seed_4_step_132.msgpack
--> Saved seed 0 checkpoint at step 154 to checkpoints/lmpred04/coord_ring/baseline_seed_0_step_154.msgpack
--> Saved seed 1 checkpoint at step 154 to checkpoints/lmpred04/coord_ring/baseline_seed_1_step_154.msgpack
--> Saved seed 2 checkpoint at step 154 to checkpoints/lmpred04/coord_ring/baseline_seed_2_step_154.msgpack
--> Saved seed 3 checkpoint at step 154 to checkpoints/lmpred04/coord_ring/baseline_seed_3_step_154.msgpack
--> Saved seed 4 checkpoint at step 154 to checkpoints/lmpred04/coord_ring/baseline_seed_4_step_154.msgpack
--> Saved seed 0 checkpoint at step 176 to checkpoints/lmpred04/coord_ring/baseline_seed_0_step_176.msgpack
--> Saved seed 1 checkpoint at step 176 to checkpoints/lmpred04/coord_ring/baseline_seed_1_step_176.msgpack
--> Saved seed 2 checkpoint at step 176 to checkpoints/lmpred04/coord_ring/baseline_seed_2_step_176.msgpack
--> Saved seed 3 checkpoint at step 176 to checkpoints/lmpred04/coord_ring/baseline_seed_3_step_176.msgpack
--> Saved seed 4 checkpoint at step 176 to checkpoints/lmpred04/coord_ring/baseline_seed_4_step_176.msgpack
--> Saved seed 0 checkpoint at step 198 to checkpoints/lmpred04/coord_ring/baseline_seed_0_step_198.msgpack
--> Saved seed 1 checkpoint at step 198 to checkpoints/lmpred04/coord_ring/baseline_seed_1_step_198.msgpack
--> Saved seed 2 checkpoint at step 198 to checkpoints/lmpred04/coord_ring/baseline_seed_2_step_198.msgpack
--> Saved seed 3 checkpoint at step 198 to checkpoints/lmpred04/coord_ring/baseline_seed_3_step_198.msgpack
--> Saved seed 4 checkpoint at step 198 to checkpoints/lmpred04/coord_ring/baseline_seed_4_step_198.msgpack
--> Saved seed 0 checkpoint at step 220 to checkpoints/lmpred04/coord_ring/baseline_seed_0_step_220.msgpack
--> Saved seed 1 checkpoint at step 220 to checkpoints/lmpred04/coord_ring/baseline_seed_1_step_220.msgpack
--> Saved seed 2 checkpoint at step 220 to checkpoints/lmpred04/coord_ring/baseline_seed_2_step_220.msgpack
--> Saved seed 3 checkpoint at step 220 to checkpoints/lmpred04/coord_ring/baseline_seed_3_step_220.msgpack
--> Saved seed 4 checkpoint at step 220 to checkpoints/lmpred04/coord_ring/baseline_seed_4_step_220.msgpack
[1;34mwandb[0m: 
[1;34mwandb[0m: 🚀 View run [33mlmpred04_obsfront_cpt_coord_ring[0m at: [34mhttps://wandb.ai/maytusp/oc-extended/runs/w1uan8ek[0m
[1;34mwandb[0m: Find logs at: [1;35m../../../../../../../../net/scratch/n70579mp/tom/JaxMARL/wandb/run-20260703_192352-w1uan8ek/logs[0m
Importing submoduled environments...
Submoduled environments not found. Skipping import.
wandb: [wandb.login()] Loaded credentials for https://api.wandb.ai from /mnt/iusers01/fatpou01/compsci01/n70579mp/.netrc.
wandb: Currently logged in as: maytusp to https://api.wandb.ai. Use `wandb login --relogin` to force relogin
wandb: Tracking run with wandb version 0.27.2
wandb: Run data is saved locally in /net/scratch/n70579mp/tom/JaxMARL/wandb/run-20260703_205215-r0mjd3ik
wandb: Run `wandb offline` to turn off syncing.
wandb: Syncing run lmpred005_obsfront_cpt_cramped_room5x5
wandb: ⭐️ View project at https://wandb.ai/maytusp/oc-extended
wandb: 🚀 View run at https://wandb.ai/maytusp/oc-extended/runs/r0mjd3ik
Update steps:  228.0
Warmup epochs:  11
Cosine epochs:  217.0
--> Saved seed 0 checkpoint at step 1 to checkpoints/lmpred005/cramped_room5x5/baseline_seed_0_step_1.msgpack
--> Saved seed 1 checkpoint at step 1 to checkpoints/lmpred005/cramped_room5x5/baseline_seed_1_step_1.msgpack
--> Saved seed 2 checkpoint at step 1 to checkpoints/lmpred005/cramped_room5x5/baseline_seed_2_step_1.msgpack
--> Saved seed 3 checkpoint at step 1 to checkpoints/lmpred005/cramped_room5x5/baseline_seed_3_step_1.msgpack
--> Saved seed 4 checkpoint at step 1 to checkpoints/lmpred005/cramped_room5x5/baseline_seed_4_step_1.msgpack
--> Saved seed 0 checkpoint at step 22 to checkpoints/lmpred005/cramped_room5x5/baseline_seed_0_step_22.msgpack
--> Saved seed 1 checkpoint at step 22 to checkpoints/lmpred005/cramped_room5x5/baseline_seed_1_step_22.msgpack
--> Saved seed 2 checkpoint at step 22 to checkpoints/lmpred005/cramped_room5x5/baseline_seed_2_step_22.msgpack
--> Saved seed 3 checkpoint at step 22 to checkpoints/lmpred005/cramped_room5x5/baseline_seed_3_step_22.msgpack
--> Saved seed 4 checkpoint at step 22 to checkpoints/lmpred005/cramped_room5x5/baseline_seed_4_step_22.msgpack
--> Saved seed 0 checkpoint at step 44 to checkpoints/lmpred005/cramped_room5x5/baseline_seed_0_step_44.msgpack
--> Saved seed 1 checkpoint at step 44 to checkpoints/lmpred005/cramped_room5x5/baseline_seed_1_step_44.msgpack
--> Saved seed 2 checkpoint at step 44 to checkpoints/lmpred005/cramped_room5x5/baseline_seed_2_step_44.msgpack
--> Saved seed 3 checkpoint at step 44 to checkpoints/lmpred005/cramped_room5x5/baseline_seed_3_step_44.msgpack
--> Saved seed 4 checkpoint at step 44 to checkpoints/lmpred005/cramped_room5x5/baseline_seed_4_step_44.msgpack
--> Saved seed 0 checkpoint at step 66 to checkpoints/lmpred005/cramped_room5x5/baseline_seed_0_step_66.msgpack
--> Saved seed 1 checkpoint at step 66 to checkpoints/lmpred005/cramped_room5x5/baseline_seed_1_step_66.msgpack
--> Saved seed 2 checkpoint at step 66 to checkpoints/lmpred005/cramped_room5x5/baseline_seed_2_step_66.msgpack
--> Saved seed 3 checkpoint at step 66 to checkpoints/lmpred005/cramped_room5x5/baseline_seed_3_step_66.msgpack
--> Saved seed 4 checkpoint at step 66 to checkpoints/lmpred005/cramped_room5x5/baseline_seed_4_step_66.msgpack
--> Saved seed 0 checkpoint at step 88 to checkpoints/lmpred005/cramped_room5x5/baseline_seed_0_step_88.msgpack
--> Saved seed 1 checkpoint at step 88 to checkpoints/lmpred005/cramped_room5x5/baseline_seed_1_step_88.msgpack
--> Saved seed 2 checkpoint at step 88 to checkpoints/lmpred005/cramped_room5x5/baseline_seed_2_step_88.msgpack
--> Saved seed 3 checkpoint at step 88 to checkpoints/lmpred005/cramped_room5x5/baseline_seed_3_step_88.msgpack
--> Saved seed 4 checkpoint at step 88 to checkpoints/lmpred005/cramped_room5x5/baseline_seed_4_step_88.msgpack
--> Saved seed 0 checkpoint at step 110 to checkpoints/lmpred005/cramped_room5x5/baseline_seed_0_step_110.msgpack
--> Saved seed 1 checkpoint at step 110 to checkpoints/lmpred005/cramped_room5x5/baseline_seed_1_step_110.msgpack
--> Saved seed 2 checkpoint at step 110 to checkpoints/lmpred005/cramped_room5x5/baseline_seed_2_step_110.msgpack
--> Saved seed 3 checkpoint at step 110 to checkpoints/lmpred005/cramped_room5x5/baseline_seed_3_step_110.msgpack
--> Saved seed 4 checkpoint at step 110 to checkpoints/lmpred005/cramped_room5x5/baseline_seed_4_step_110.msgpack
--> Saved seed 0 checkpoint at step 132 to checkpoints/lmpred005/cramped_room5x5/baseline_seed_0_step_132.msgpack
--> Saved seed 1 checkpoint at step 132 to checkpoints/lmpred005/cramped_room5x5/baseline_seed_1_step_132.msgpack
--> Saved seed 2 checkpoint at step 132 to checkpoints/lmpred005/cramped_room5x5/baseline_seed_2_step_132.msgpack
--> Saved seed 3 checkpoint at step 132 to checkpoints/lmpred005/cramped_room5x5/baseline_seed_3_step_132.msgpack
--> Saved seed 4 checkpoint at step 132 to checkpoints/lmpred005/cramped_room5x5/baseline_seed_4_step_132.msgpack
--> Saved seed 0 checkpoint at step 154 to checkpoints/lmpred005/cramped_room5x5/baseline_seed_0_step_154.msgpack
--> Saved seed 1 checkpoint at step 154 to checkpoints/lmpred005/cramped_room5x5/baseline_seed_1_step_154.msgpack
--> Saved seed 2 checkpoint at step 154 to checkpoints/lmpred005/cramped_room5x5/baseline_seed_2_step_154.msgpack
--> Saved seed 3 checkpoint at step 154 to checkpoints/lmpred005/cramped_room5x5/baseline_seed_3_step_154.msgpack
--> Saved seed 4 checkpoint at step 154 to checkpoints/lmpred005/cramped_room5x5/baseline_seed_4_step_154.msgpack
--> Saved seed 0 checkpoint at step 176 to checkpoints/lmpred005/cramped_room5x5/baseline_seed_0_step_176.msgpack
--> Saved seed 1 checkpoint at step 176 to checkpoints/lmpred005/cramped_room5x5/baseline_seed_1_step_176.msgpack
--> Saved seed 2 checkpoint at step 176 to checkpoints/lmpred005/cramped_room5x5/baseline_seed_2_step_176.msgpack
--> Saved seed 3 checkpoint at step 176 to checkpoints/lmpred005/cramped_room5x5/baseline_seed_3_step_176.msgpack
--> Saved seed 4 checkpoint at step 176 to checkpoints/lmpred005/cramped_room5x5/baseline_seed_4_step_176.msgpack
--> Saved seed 0 checkpoint at step 198 to checkpoints/lmpred005/cramped_room5x5/baseline_seed_0_step_198.msgpack
--> Saved seed 1 checkpoint at step 198 to checkpoints/lmpred005/cramped_room5x5/baseline_seed_1_step_198.msgpack
--> Saved seed 2 checkpoint at step 198 to checkpoints/lmpred005/cramped_room5x5/baseline_seed_2_step_198.msgpack
--> Saved seed 3 checkpoint at step 198 to checkpoints/lmpred005/cramped_room5x5/baseline_seed_3_step_198.msgpack
--> Saved seed 4 checkpoint at step 198 to checkpoints/lmpred005/cramped_room5x5/baseline_seed_4_step_198.msgpack
--> Saved seed 0 checkpoint at step 220 to checkpoints/lmpred005/cramped_room5x5/baseline_seed_0_step_220.msgpack
--> Saved seed 1 checkpoint at step 220 to checkpoints/lmpred005/cramped_room5x5/baseline_seed_1_step_220.msgpack
--> Saved seed 2 checkpoint at step 220 to checkpoints/lmpred005/cramped_room5x5/baseline_seed_2_step_220.msgpack
--> Saved seed 3 checkpoint at step 220 to checkpoints/lmpred005/cramped_room5x5/baseline_seed_3_step_220.msgpack
--> Saved seed 4 checkpoint at step 220 to checkpoints/lmpred005/cramped_room5x5/baseline_seed_4_step_220.msgpack
[1;34mwandb[0m: 
[1;34mwandb[0m: 🚀 View run [33mlmpred005_obsfront_cpt_cramped_room5x5[0m at: [34mhttps://wandb.ai/maytusp/oc-extended/runs/r0mjd3ik[0m
[1;34mwandb[0m: Find logs at: [1;35m../../../../../../../../net/scratch/n70579mp/tom/JaxMARL/wandb/run-20260703_205215-r0mjd3ik/logs[0m
Importing submoduled environments...
Submoduled environments not found. Skipping import.
wandb: [wandb.login()] Loaded credentials for https://api.wandb.ai from /mnt/iusers01/fatpou01/compsci01/n70579mp/.netrc.
wandb: Currently logged in as: maytusp to https://api.wandb.ai. Use `wandb login --relogin` to force relogin
wandb: Tracking run with wandb version 0.27.2
wandb: Run data is saved locally in /net/scratch/n70579mp/tom/JaxMARL/wandb/run-20260703_222155-tes5xgou
wandb: Run `wandb offline` to turn off syncing.
wandb: Syncing run lmpred02_obsfront_cpt_cramped_room5x5
wandb: ⭐️ View project at https://wandb.ai/maytusp/oc-extended
wandb: 🚀 View run at https://wandb.ai/maytusp/oc-extended/runs/tes5xgou
Update steps:  228.0
Warmup epochs:  11
Cosine epochs:  217.0
--> Saved seed 0 checkpoint at step 1 to checkpoints/lmpred02/cramped_room5x5/baseline_seed_0_step_1.msgpack
--> Saved seed 1 checkpoint at step 1 to checkpoints/lmpred02/cramped_room5x5/baseline_seed_1_step_1.msgpack
--> Saved seed 2 checkpoint at step 1 to checkpoints/lmpred02/cramped_room5x5/baseline_seed_2_step_1.msgpack
--> Saved seed 3 checkpoint at step 1 to checkpoints/lmpred02/cramped_room5x5/baseline_seed_3_step_1.msgpack
--> Saved seed 4 checkpoint at step 1 to checkpoints/lmpred02/cramped_room5x5/baseline_seed_4_step_1.msgpack
--> Saved seed 0 checkpoint at step 22 to checkpoints/lmpred02/cramped_room5x5/baseline_seed_0_step_22.msgpack
--> Saved seed 1 checkpoint at step 22 to checkpoints/lmpred02/cramped_room5x5/baseline_seed_1_step_22.msgpack
--> Saved seed 2 checkpoint at step 22 to checkpoints/lmpred02/cramped_room5x5/baseline_seed_2_step_22.msgpack
--> Saved seed 3 checkpoint at step 22 to checkpoints/lmpred02/cramped_room5x5/baseline_seed_3_step_22.msgpack
--> Saved seed 4 checkpoint at step 22 to checkpoints/lmpred02/cramped_room5x5/baseline_seed_4_step_22.msgpack
--> Saved seed 0 checkpoint at step 44 to checkpoints/lmpred02/cramped_room5x5/baseline_seed_0_step_44.msgpack
--> Saved seed 1 checkpoint at step 44 to checkpoints/lmpred02/cramped_room5x5/baseline_seed_1_step_44.msgpack
--> Saved seed 2 checkpoint at step 44 to checkpoints/lmpred02/cramped_room5x5/baseline_seed_2_step_44.msgpack
--> Saved seed 3 checkpoint at step 44 to checkpoints/lmpred02/cramped_room5x5/baseline_seed_3_step_44.msgpack
--> Saved seed 4 checkpoint at step 44 to checkpoints/lmpred02/cramped_room5x5/baseline_seed_4_step_44.msgpack
--> Saved seed 0 checkpoint at step 66 to checkpoints/lmpred02/cramped_room5x5/baseline_seed_0_step_66.msgpack
--> Saved seed 1 checkpoint at step 66 to checkpoints/lmpred02/cramped_room5x5/baseline_seed_1_step_66.msgpack
--> Saved seed 2 checkpoint at step 66 to checkpoints/lmpred02/cramped_room5x5/baseline_seed_2_step_66.msgpack
--> Saved seed 3 checkpoint at step 66 to checkpoints/lmpred02/cramped_room5x5/baseline_seed_3_step_66.msgpack
--> Saved seed 4 checkpoint at step 66 to checkpoints/lmpred02/cramped_room5x5/baseline_seed_4_step_66.msgpack
--> Saved seed 0 checkpoint at step 88 to checkpoints/lmpred02/cramped_room5x5/baseline_seed_0_step_88.msgpack
--> Saved seed 1 checkpoint at step 88 to checkpoints/lmpred02/cramped_room5x5/baseline_seed_1_step_88.msgpack
--> Saved seed 2 checkpoint at step 88 to checkpoints/lmpred02/cramped_room5x5/baseline_seed_2_step_88.msgpack
--> Saved seed 3 checkpoint at step 88 to checkpoints/lmpred02/cramped_room5x5/baseline_seed_3_step_88.msgpack
--> Saved seed 4 checkpoint at step 88 to checkpoints/lmpred02/cramped_room5x5/baseline_seed_4_step_88.msgpack
--> Saved seed 0 checkpoint at step 110 to checkpoints/lmpred02/cramped_room5x5/baseline_seed_0_step_110.msgpack
--> Saved seed 1 checkpoint at step 110 to checkpoints/lmpred02/cramped_room5x5/baseline_seed_1_step_110.msgpack
--> Saved seed 2 checkpoint at step 110 to checkpoints/lmpred02/cramped_room5x5/baseline_seed_2_step_110.msgpack
--> Saved seed 3 checkpoint at step 110 to checkpoints/lmpred02/cramped_room5x5/baseline_seed_3_step_110.msgpack
--> Saved seed 4 checkpoint at step 110 to checkpoints/lmpred02/cramped_room5x5/baseline_seed_4_step_110.msgpack
--> Saved seed 0 checkpoint at step 132 to checkpoints/lmpred02/cramped_room5x5/baseline_seed_0_step_132.msgpack
--> Saved seed 1 checkpoint at step 132 to checkpoints/lmpred02/cramped_room5x5/baseline_seed_1_step_132.msgpack
--> Saved seed 2 checkpoint at step 132 to checkpoints/lmpred02/cramped_room5x5/baseline_seed_2_step_132.msgpack
--> Saved seed 3 checkpoint at step 132 to checkpoints/lmpred02/cramped_room5x5/baseline_seed_3_step_132.msgpack
--> Saved seed 4 checkpoint at step 132 to checkpoints/lmpred02/cramped_room5x5/baseline_seed_4_step_132.msgpack
--> Saved seed 0 checkpoint at step 154 to checkpoints/lmpred02/cramped_room5x5/baseline_seed_0_step_154.msgpack
--> Saved seed 1 checkpoint at step 154 to checkpoints/lmpred02/cramped_room5x5/baseline_seed_1_step_154.msgpack
--> Saved seed 2 checkpoint at step 154 to checkpoints/lmpred02/cramped_room5x5/baseline_seed_2_step_154.msgpack
--> Saved seed 3 checkpoint at step 154 to checkpoints/lmpred02/cramped_room5x5/baseline_seed_3_step_154.msgpack
--> Saved seed 4 checkpoint at step 154 to checkpoints/lmpred02/cramped_room5x5/baseline_seed_4_step_154.msgpack
--> Saved seed 0 checkpoint at step 176 to checkpoints/lmpred02/cramped_room5x5/baseline_seed_0_step_176.msgpack
--> Saved seed 1 checkpoint at step 176 to checkpoints/lmpred02/cramped_room5x5/baseline_seed_1_step_176.msgpack
--> Saved seed 2 checkpoint at step 176 to checkpoints/lmpred02/cramped_room5x5/baseline_seed_2_step_176.msgpack
--> Saved seed 3 checkpoint at step 176 to checkpoints/lmpred02/cramped_room5x5/baseline_seed_3_step_176.msgpack
--> Saved seed 4 checkpoint at step 176 to checkpoints/lmpred02/cramped_room5x5/baseline_seed_4_step_176.msgpack
--> Saved seed 0 checkpoint at step 198 to checkpoints/lmpred02/cramped_room5x5/baseline_seed_0_step_198.msgpack
--> Saved seed 1 checkpoint at step 198 to checkpoints/lmpred02/cramped_room5x5/baseline_seed_1_step_198.msgpack
--> Saved seed 2 checkpoint at step 198 to checkpoints/lmpred02/cramped_room5x5/baseline_seed_2_step_198.msgpack
--> Saved seed 3 checkpoint at step 198 to checkpoints/lmpred02/cramped_room5x5/baseline_seed_3_step_198.msgpack
--> Saved seed 4 checkpoint at step 198 to checkpoints/lmpred02/cramped_room5x5/baseline_seed_4_step_198.msgpack
--> Saved seed 0 checkpoint at step 220 to checkpoints/lmpred02/cramped_room5x5/baseline_seed_0_step_220.msgpack
--> Saved seed 1 checkpoint at step 220 to checkpoints/lmpred02/cramped_room5x5/baseline_seed_1_step_220.msgpack
--> Saved seed 2 checkpoint at step 220 to checkpoints/lmpred02/cramped_room5x5/baseline_seed_2_step_220.msgpack
--> Saved seed 3 checkpoint at step 220 to checkpoints/lmpred02/cramped_room5x5/baseline_seed_3_step_220.msgpack
--> Saved seed 4 checkpoint at step 220 to checkpoints/lmpred02/cramped_room5x5/baseline_seed_4_step_220.msgpack
[1;34mwandb[0m: 
[1;34mwandb[0m: 🚀 View run [33mlmpred02_obsfront_cpt_cramped_room5x5[0m at: [34mhttps://wandb.ai/maytusp/oc-extended/runs/tes5xgou[0m
[1;34mwandb[0m: Find logs at: [1;35m../../../../../../../../net/scratch/n70579mp/tom/JaxMARL/wandb/run-20260703_222155-tes5xgou/logs[0m
Importing submoduled environments...
Submoduled environments not found. Skipping import.
wandb: [wandb.login()] Loaded credentials for https://api.wandb.ai from /mnt/iusers01/fatpou01/compsci01/n70579mp/.netrc.
wandb: Currently logged in as: maytusp to https://api.wandb.ai. Use `wandb login --relogin` to force relogin
wandb: Tracking run with wandb version 0.27.2
wandb: Run data is saved locally in /net/scratch/n70579mp/tom/JaxMARL/wandb/run-20260703_235146-1wtzt3kq
wandb: Run `wandb offline` to turn off syncing.
wandb: Syncing run lmpred04_obsfront_cpt_cramped_room5x5
wandb: ⭐️ View project at https://wandb.ai/maytusp/oc-extended
wandb: 🚀 View run at https://wandb.ai/maytusp/oc-extended/runs/1wtzt3kq
Update steps:  228.0
Warmup epochs:  11
Cosine epochs:  217.0
--> Saved seed 0 checkpoint at step 1 to checkpoints/lmpred04/cramped_room5x5/baseline_seed_0_step_1.msgpack
--> Saved seed 1 checkpoint at step 1 to checkpoints/lmpred04/cramped_room5x5/baseline_seed_1_step_1.msgpack
--> Saved seed 2 checkpoint at step 1 to checkpoints/lmpred04/cramped_room5x5/baseline_seed_2_step_1.msgpack
--> Saved seed 3 checkpoint at step 1 to checkpoints/lmpred04/cramped_room5x5/baseline_seed_3_step_1.msgpack
--> Saved seed 4 checkpoint at step 1 to checkpoints/lmpred04/cramped_room5x5/baseline_seed_4_step_1.msgpack
--> Saved seed 0 checkpoint at step 22 to checkpoints/lmpred04/cramped_room5x5/baseline_seed_0_step_22.msgpack
--> Saved seed 1 checkpoint at step 22 to checkpoints/lmpred04/cramped_room5x5/baseline_seed_1_step_22.msgpack
--> Saved seed 2 checkpoint at step 22 to checkpoints/lmpred04/cramped_room5x5/baseline_seed_2_step_22.msgpack
--> Saved seed 3 checkpoint at step 22 to checkpoints/lmpred04/cramped_room5x5/baseline_seed_3_step_22.msgpack
--> Saved seed 4 checkpoint at step 22 to checkpoints/lmpred04/cramped_room5x5/baseline_seed_4_step_22.msgpack
--> Saved seed 0 checkpoint at step 44 to checkpoints/lmpred04/cramped_room5x5/baseline_seed_0_step_44.msgpack
--> Saved seed 1 checkpoint at step 44 to checkpoints/lmpred04/cramped_room5x5/baseline_seed_1_step_44.msgpack
--> Saved seed 2 checkpoint at step 44 to checkpoints/lmpred04/cramped_room5x5/baseline_seed_2_step_44.msgpack
--> Saved seed 3 checkpoint at step 44 to checkpoints/lmpred04/cramped_room5x5/baseline_seed_3_step_44.msgpack
--> Saved seed 4 checkpoint at step 44 to checkpoints/lmpred04/cramped_room5x5/baseline_seed_4_step_44.msgpack
--> Saved seed 0 checkpoint at step 66 to checkpoints/lmpred04/cramped_room5x5/baseline_seed_0_step_66.msgpack
--> Saved seed 1 checkpoint at step 66 to checkpoints/lmpred04/cramped_room5x5/baseline_seed_1_step_66.msgpack
--> Saved seed 2 checkpoint at step 66 to checkpoints/lmpred04/cramped_room5x5/baseline_seed_2_step_66.msgpack
--> Saved seed 3 checkpoint at step 66 to checkpoints/lmpred04/cramped_room5x5/baseline_seed_3_step_66.msgpack
--> Saved seed 4 checkpoint at step 66 to checkpoints/lmpred04/cramped_room5x5/baseline_seed_4_step_66.msgpack
--> Saved seed 0 checkpoint at step 88 to checkpoints/lmpred04/cramped_room5x5/baseline_seed_0_step_88.msgpack
--> Saved seed 1 checkpoint at step 88 to checkpoints/lmpred04/cramped_room5x5/baseline_seed_1_step_88.msgpack
--> Saved seed 2 checkpoint at step 88 to checkpoints/lmpred04/cramped_room5x5/baseline_seed_2_step_88.msgpack
--> Saved seed 3 checkpoint at step 88 to checkpoints/lmpred04/cramped_room5x5/baseline_seed_3_step_88.msgpack
--> Saved seed 4 checkpoint at step 88 to checkpoints/lmpred04/cramped_room5x5/baseline_seed_4_step_88.msgpack
--> Saved seed 0 checkpoint at step 110 to checkpoints/lmpred04/cramped_room5x5/baseline_seed_0_step_110.msgpack
--> Saved seed 1 checkpoint at step 110 to checkpoints/lmpred04/cramped_room5x5/baseline_seed_1_step_110.msgpack
--> Saved seed 2 checkpoint at step 110 to checkpoints/lmpred04/cramped_room5x5/baseline_seed_2_step_110.msgpack
--> Saved seed 3 checkpoint at step 110 to checkpoints/lmpred04/cramped_room5x5/baseline_seed_3_step_110.msgpack
--> Saved seed 4 checkpoint at step 110 to checkpoints/lmpred04/cramped_room5x5/baseline_seed_4_step_110.msgpack
--> Saved seed 0 checkpoint at step 132 to checkpoints/lmpred04/cramped_room5x5/baseline_seed_0_step_132.msgpack
--> Saved seed 1 checkpoint at step 132 to checkpoints/lmpred04/cramped_room5x5/baseline_seed_1_step_132.msgpack
--> Saved seed 2 checkpoint at step 132 to checkpoints/lmpred04/cramped_room5x5/baseline_seed_2_step_132.msgpack
--> Saved seed 3 checkpoint at step 132 to checkpoints/lmpred04/cramped_room5x5/baseline_seed_3_step_132.msgpack
--> Saved seed 4 checkpoint at step 132 to checkpoints/lmpred04/cramped_room5x5/baseline_seed_4_step_132.msgpack
--> Saved seed 0 checkpoint at step 154 to checkpoints/lmpred04/cramped_room5x5/baseline_seed_0_step_154.msgpack
--> Saved seed 1 checkpoint at step 154 to checkpoints/lmpred04/cramped_room5x5/baseline_seed_1_step_154.msgpack
--> Saved seed 2 checkpoint at step 154 to checkpoints/lmpred04/cramped_room5x5/baseline_seed_2_step_154.msgpack
--> Saved seed 3 checkpoint at step 154 to checkpoints/lmpred04/cramped_room5x5/baseline_seed_3_step_154.msgpack
--> Saved seed 4 checkpoint at step 154 to checkpoints/lmpred04/cramped_room5x5/baseline_seed_4_step_154.msgpack
--> Saved seed 0 checkpoint at step 176 to checkpoints/lmpred04/cramped_room5x5/baseline_seed_0_step_176.msgpack
--> Saved seed 1 checkpoint at step 176 to checkpoints/lmpred04/cramped_room5x5/baseline_seed_1_step_176.msgpack
--> Saved seed 2 checkpoint at step 176 to checkpoints/lmpred04/cramped_room5x5/baseline_seed_2_step_176.msgpack
--> Saved seed 3 checkpoint at step 176 to checkpoints/lmpred04/cramped_room5x5/baseline_seed_3_step_176.msgpack
--> Saved seed 4 checkpoint at step 176 to checkpoints/lmpred04/cramped_room5x5/baseline_seed_4_step_176.msgpack
--> Saved seed 0 checkpoint at step 198 to checkpoints/lmpred04/cramped_room5x5/baseline_seed_0_step_198.msgpack
--> Saved seed 1 checkpoint at step 198 to checkpoints/lmpred04/cramped_room5x5/baseline_seed_1_step_198.msgpack
--> Saved seed 2 checkpoint at step 198 to checkpoints/lmpred04/cramped_room5x5/baseline_seed_2_step_198.msgpack
--> Saved seed 3 checkpoint at step 198 to checkpoints/lmpred04/cramped_room5x5/baseline_seed_3_step_198.msgpack
--> Saved seed 4 checkpoint at step 198 to checkpoints/lmpred04/cramped_room5x5/baseline_seed_4_step_198.msgpack
--> Saved seed 0 checkpoint at step 220 to checkpoints/lmpred04/cramped_room5x5/baseline_seed_0_step_220.msgpack
--> Saved seed 1 checkpoint at step 220 to checkpoints/lmpred04/cramped_room5x5/baseline_seed_1_step_220.msgpack
--> Saved seed 2 checkpoint at step 220 to checkpoints/lmpred04/cramped_room5x5/baseline_seed_2_step_220.msgpack
--> Saved seed 3 checkpoint at step 220 to checkpoints/lmpred04/cramped_room5x5/baseline_seed_3_step_220.msgpack
--> Saved seed 4 checkpoint at step 220 to checkpoints/lmpred04/cramped_room5x5/baseline_seed_4_step_220.msgpack
[1;34mwandb[0m: 
[1;34mwandb[0m: 🚀 View run [33mlmpred04_obsfront_cpt_cramped_room5x5[0m at: [34mhttps://wandb.ai/maytusp/oc-extended/runs/1wtzt3kq[0m
[1;34mwandb[0m: Find logs at: [1;35m../../../../../../../../net/scratch/n70579mp/tom/JaxMARL/wandb/run-20260703_235146-1wtzt3kq/logs[0m
Importing submoduled environments...
Submoduled environments not found. Skipping import.
wandb: [wandb.login()] Loaded credentials for https://api.wandb.ai from /mnt/iusers01/fatpou01/compsci01/n70579mp/.netrc.
wandb: Currently logged in as: maytusp to https://api.wandb.ai. Use `wandb login --relogin` to force relogin
wandb: Tracking run with wandb version 0.27.2
wandb: Run data is saved locally in /net/scratch/n70579mp/tom/JaxMARL/wandb/run-20260704_012141-nb3z3dy0
wandb: Run `wandb offline` to turn off syncing.
wandb: Syncing run lmpred005_obsfront_cpt_asymm_advantages
wandb: ⭐️ View project at https://wandb.ai/maytusp/oc-extended
wandb: 🚀 View run at https://wandb.ai/maytusp/oc-extended/runs/nb3z3dy0
Update steps:  228.0
Warmup epochs:  11
Cosine epochs:  217.0
--> Saved seed 0 checkpoint at step 1 to checkpoints/lmpred005/asymm_advantages/baseline_seed_0_step_1.msgpack
--> Saved seed 1 checkpoint at step 1 to checkpoints/lmpred005/asymm_advantages/baseline_seed_1_step_1.msgpack
--> Saved seed 2 checkpoint at step 1 to checkpoints/lmpred005/asymm_advantages/baseline_seed_2_step_1.msgpack
--> Saved seed 3 checkpoint at step 1 to checkpoints/lmpred005/asymm_advantages/baseline_seed_3_step_1.msgpack
--> Saved seed 4 checkpoint at step 1 to checkpoints/lmpred005/asymm_advantages/baseline_seed_4_step_1.msgpack
--> Saved seed 0 checkpoint at step 22 to checkpoints/lmpred005/asymm_advantages/baseline_seed_0_step_22.msgpack
--> Saved seed 1 checkpoint at step 22 to checkpoints/lmpred005/asymm_advantages/baseline_seed_1_step_22.msgpack
--> Saved seed 2 checkpoint at step 22 to checkpoints/lmpred005/asymm_advantages/baseline_seed_2_step_22.msgpack
--> Saved seed 3 checkpoint at step 22 to checkpoints/lmpred005/asymm_advantages/baseline_seed_3_step_22.msgpack
--> Saved seed 4 checkpoint at step 22 to checkpoints/lmpred005/asymm_advantages/baseline_seed_4_step_22.msgpack
--> Saved seed 0 checkpoint at step 44 to checkpoints/lmpred005/asymm_advantages/baseline_seed_0_step_44.msgpack
--> Saved seed 1 checkpoint at step 44 to checkpoints/lmpred005/asymm_advantages/baseline_seed_1_step_44.msgpack
--> Saved seed 2 checkpoint at step 44 to checkpoints/lmpred005/asymm_advantages/baseline_seed_2_step_44.msgpack
--> Saved seed 3 checkpoint at step 44 to checkpoints/lmpred005/asymm_advantages/baseline_seed_3_step_44.msgpack
--> Saved seed 4 checkpoint at step 44 to checkpoints/lmpred005/asymm_advantages/baseline_seed_4_step_44.msgpack
--> Saved seed 0 checkpoint at step 66 to checkpoints/lmpred005/asymm_advantages/baseline_seed_0_step_66.msgpack
--> Saved seed 1 checkpoint at step 66 to checkpoints/lmpred005/asymm_advantages/baseline_seed_1_step_66.msgpack
--> Saved seed 2 checkpoint at step 66 to checkpoints/lmpred005/asymm_advantages/baseline_seed_2_step_66.msgpack
--> Saved seed 3 checkpoint at step 66 to checkpoints/lmpred005/asymm_advantages/baseline_seed_3_step_66.msgpack
--> Saved seed 4 checkpoint at step 66 to checkpoints/lmpred005/asymm_advantages/baseline_seed_4_step_66.msgpack
--> Saved seed 0 checkpoint at step 88 to checkpoints/lmpred005/asymm_advantages/baseline_seed_0_step_88.msgpack
--> Saved seed 1 checkpoint at step 88 to checkpoints/lmpred005/asymm_advantages/baseline_seed_1_step_88.msgpack
--> Saved seed 2 checkpoint at step 88 to checkpoints/lmpred005/asymm_advantages/baseline_seed_2_step_88.msgpack
--> Saved seed 3 checkpoint at step 88 to checkpoints/lmpred005/asymm_advantages/baseline_seed_3_step_88.msgpack
--> Saved seed 4 checkpoint at step 88 to checkpoints/lmpred005/asymm_advantages/baseline_seed_4_step_88.msgpack
--> Saved seed 0 checkpoint at step 110 to checkpoints/lmpred005/asymm_advantages/baseline_seed_0_step_110.msgpack
--> Saved seed 1 checkpoint at step 110 to checkpoints/lmpred005/asymm_advantages/baseline_seed_1_step_110.msgpack
--> Saved seed 2 checkpoint at step 110 to checkpoints/lmpred005/asymm_advantages/baseline_seed_2_step_110.msgpack
--> Saved seed 3 checkpoint at step 110 to checkpoints/lmpred005/asymm_advantages/baseline_seed_3_step_110.msgpack
--> Saved seed 4 checkpoint at step 110 to checkpoints/lmpred005/asymm_advantages/baseline_seed_4_step_110.msgpack
--> Saved seed 0 checkpoint at step 132 to checkpoints/lmpred005/asymm_advantages/baseline_seed_0_step_132.msgpack
--> Saved seed 1 checkpoint at step 132 to checkpoints/lmpred005/asymm_advantages/baseline_seed_1_step_132.msgpack
--> Saved seed 2 checkpoint at step 132 to checkpoints/lmpred005/asymm_advantages/baseline_seed_2_step_132.msgpack
--> Saved seed 3 checkpoint at step 132 to checkpoints/lmpred005/asymm_advantages/baseline_seed_3_step_132.msgpack
--> Saved seed 4 checkpoint at step 132 to checkpoints/lmpred005/asymm_advantages/baseline_seed_4_step_132.msgpack
--> Saved seed 0 checkpoint at step 154 to checkpoints/lmpred005/asymm_advantages/baseline_seed_0_step_154.msgpack
--> Saved seed 1 checkpoint at step 154 to checkpoints/lmpred005/asymm_advantages/baseline_seed_1_step_154.msgpack
--> Saved seed 2 checkpoint at step 154 to checkpoints/lmpred005/asymm_advantages/baseline_seed_2_step_154.msgpack
--> Saved seed 3 checkpoint at step 154 to checkpoints/lmpred005/asymm_advantages/baseline_seed_3_step_154.msgpack
--> Saved seed 4 checkpoint at step 154 to checkpoints/lmpred005/asymm_advantages/baseline_seed_4_step_154.msgpack
--> Saved seed 0 checkpoint at step 176 to checkpoints/lmpred005/asymm_advantages/baseline_seed_0_step_176.msgpack
--> Saved seed 1 checkpoint at step 176 to checkpoints/lmpred005/asymm_advantages/baseline_seed_1_step_176.msgpack
--> Saved seed 2 checkpoint at step 176 to checkpoints/lmpred005/asymm_advantages/baseline_seed_2_step_176.msgpack
--> Saved seed 3 checkpoint at step 176 to checkpoints/lmpred005/asymm_advantages/baseline_seed_3_step_176.msgpack
--> Saved seed 4 checkpoint at step 176 to checkpoints/lmpred005/asymm_advantages/baseline_seed_4_step_176.msgpack
--> Saved seed 0 checkpoint at step 198 to checkpoints/lmpred005/asymm_advantages/baseline_seed_0_step_198.msgpack
--> Saved seed 1 checkpoint at step 198 to checkpoints/lmpred005/asymm_advantages/baseline_seed_1_step_198.msgpack
--> Saved seed 2 checkpoint at step 198 to checkpoints/lmpred005/asymm_advantages/baseline_seed_2_step_198.msgpack
--> Saved seed 3 checkpoint at step 198 to checkpoints/lmpred005/asymm_advantages/baseline_seed_3_step_198.msgpack
--> Saved seed 4 checkpoint at step 198 to checkpoints/lmpred005/asymm_advantages/baseline_seed_4_step_198.msgpack
--> Saved seed 0 checkpoint at step 220 to checkpoints/lmpred005/asymm_advantages/baseline_seed_0_step_220.msgpack
--> Saved seed 1 checkpoint at step 220 to checkpoints/lmpred005/asymm_advantages/baseline_seed_1_step_220.msgpack
--> Saved seed 2 checkpoint at step 220 to checkpoints/lmpred005/asymm_advantages/baseline_seed_2_step_220.msgpack
--> Saved seed 3 checkpoint at step 220 to checkpoints/lmpred005/asymm_advantages/baseline_seed_3_step_220.msgpack
--> Saved seed 4 checkpoint at step 220 to checkpoints/lmpred005/asymm_advantages/baseline_seed_4_step_220.msgpack
[1;34mwandb[0m: 
[1;34mwandb[0m: 🚀 View run [33mlmpred005_obsfront_cpt_asymm_advantages[0m at: [34mhttps://wandb.ai/maytusp/oc-extended/runs/nb3z3dy0[0m
[1;34mwandb[0m: Find logs at: [1;35m../../../../../../../../net/scratch/n70579mp/tom/JaxMARL/wandb/run-20260704_012141-nb3z3dy0/logs[0m
Importing submoduled environments...
Submoduled environments not found. Skipping import.
wandb: [wandb.login()] Loaded credentials for https://api.wandb.ai from /mnt/iusers01/fatpou01/compsci01/n70579mp/.netrc.
wandb: Currently logged in as: maytusp to https://api.wandb.ai. Use `wandb login --relogin` to force relogin
wandb: Tracking run with wandb version 0.27.2
wandb: Run data is saved locally in /net/scratch/n70579mp/tom/JaxMARL/wandb/run-20260704_025155-6hy5jcaw
wandb: Run `wandb offline` to turn off syncing.
wandb: Syncing run lmpred02_obsfront_cpt_asymm_advantages
wandb: ⭐️ View project at https://wandb.ai/maytusp/oc-extended
wandb: 🚀 View run at https://wandb.ai/maytusp/oc-extended/runs/6hy5jcaw
Update steps:  228.0
Warmup epochs:  11
Cosine epochs:  217.0
--> Saved seed 0 checkpoint at step 1 to checkpoints/lmpred02/asymm_advantages/baseline_seed_0_step_1.msgpack
--> Saved seed 1 checkpoint at step 1 to checkpoints/lmpred02/asymm_advantages/baseline_seed_1_step_1.msgpack
--> Saved seed 2 checkpoint at step 1 to checkpoints/lmpred02/asymm_advantages/baseline_seed_2_step_1.msgpack
--> Saved seed 3 checkpoint at step 1 to checkpoints/lmpred02/asymm_advantages/baseline_seed_3_step_1.msgpack
--> Saved seed 4 checkpoint at step 1 to checkpoints/lmpred02/asymm_advantages/baseline_seed_4_step_1.msgpack
--> Saved seed 0 checkpoint at step 22 to checkpoints/lmpred02/asymm_advantages/baseline_seed_0_step_22.msgpack
--> Saved seed 1 checkpoint at step 22 to checkpoints/lmpred02/asymm_advantages/baseline_seed_1_step_22.msgpack
--> Saved seed 2 checkpoint at step 22 to checkpoints/lmpred02/asymm_advantages/baseline_seed_2_step_22.msgpack
--> Saved seed 3 checkpoint at step 22 to checkpoints/lmpred02/asymm_advantages/baseline_seed_3_step_22.msgpack
--> Saved seed 4 checkpoint at step 22 to checkpoints/lmpred02/asymm_advantages/baseline_seed_4_step_22.msgpack
--> Saved seed 0 checkpoint at step 44 to checkpoints/lmpred02/asymm_advantages/baseline_seed_0_step_44.msgpack
--> Saved seed 1 checkpoint at step 44 to checkpoints/lmpred02/asymm_advantages/baseline_seed_1_step_44.msgpack
--> Saved seed 2 checkpoint at step 44 to checkpoints/lmpred02/asymm_advantages/baseline_seed_2_step_44.msgpack
--> Saved seed 3 checkpoint at step 44 to checkpoints/lmpred02/asymm_advantages/baseline_seed_3_step_44.msgpack
--> Saved seed 4 checkpoint at step 44 to checkpoints/lmpred02/asymm_advantages/baseline_seed_4_step_44.msgpack
--> Saved seed 0 checkpoint at step 66 to checkpoints/lmpred02/asymm_advantages/baseline_seed_0_step_66.msgpack
--> Saved seed 1 checkpoint at step 66 to checkpoints/lmpred02/asymm_advantages/baseline_seed_1_step_66.msgpack
--> Saved seed 2 checkpoint at step 66 to checkpoints/lmpred02/asymm_advantages/baseline_seed_2_step_66.msgpack
--> Saved seed 3 checkpoint at step 66 to checkpoints/lmpred02/asymm_advantages/baseline_seed_3_step_66.msgpack
--> Saved seed 4 checkpoint at step 66 to checkpoints/lmpred02/asymm_advantages/baseline_seed_4_step_66.msgpack
--> Saved seed 0 checkpoint at step 88 to checkpoints/lmpred02/asymm_advantages/baseline_seed_0_step_88.msgpack
--> Saved seed 1 checkpoint at step 88 to checkpoints/lmpred02/asymm_advantages/baseline_seed_1_step_88.msgpack
--> Saved seed 2 checkpoint at step 88 to checkpoints/lmpred02/asymm_advantages/baseline_seed_2_step_88.msgpack
--> Saved seed 3 checkpoint at step 88 to checkpoints/lmpred02/asymm_advantages/baseline_seed_3_step_88.msgpack
--> Saved seed 4 checkpoint at step 88 to checkpoints/lmpred02/asymm_advantages/baseline_seed_4_step_88.msgpack
--> Saved seed 0 checkpoint at step 110 to checkpoints/lmpred02/asymm_advantages/baseline_seed_0_step_110.msgpack
--> Saved seed 1 checkpoint at step 110 to checkpoints/lmpred02/asymm_advantages/baseline_seed_1_step_110.msgpack
--> Saved seed 2 checkpoint at step 110 to checkpoints/lmpred02/asymm_advantages/baseline_seed_2_step_110.msgpack
--> Saved seed 3 checkpoint at step 110 to checkpoints/lmpred02/asymm_advantages/baseline_seed_3_step_110.msgpack
--> Saved seed 4 checkpoint at step 110 to checkpoints/lmpred02/asymm_advantages/baseline_seed_4_step_110.msgpack
--> Saved seed 0 checkpoint at step 132 to checkpoints/lmpred02/asymm_advantages/baseline_seed_0_step_132.msgpack
--> Saved seed 1 checkpoint at step 132 to checkpoints/lmpred02/asymm_advantages/baseline_seed_1_step_132.msgpack
--> Saved seed 2 checkpoint at step 132 to checkpoints/lmpred02/asymm_advantages/baseline_seed_2_step_132.msgpack
--> Saved seed 3 checkpoint at step 132 to checkpoints/lmpred02/asymm_advantages/baseline_seed_3_step_132.msgpack
--> Saved seed 4 checkpoint at step 132 to checkpoints/lmpred02/asymm_advantages/baseline_seed_4_step_132.msgpack
--> Saved seed 0 checkpoint at step 154 to checkpoints/lmpred02/asymm_advantages/baseline_seed_0_step_154.msgpack
--> Saved seed 1 checkpoint at step 154 to checkpoints/lmpred02/asymm_advantages/baseline_seed_1_step_154.msgpack
--> Saved seed 2 checkpoint at step 154 to checkpoints/lmpred02/asymm_advantages/baseline_seed_2_step_154.msgpack
--> Saved seed 3 checkpoint at step 154 to checkpoints/lmpred02/asymm_advantages/baseline_seed_3_step_154.msgpack
--> Saved seed 4 checkpoint at step 154 to checkpoints/lmpred02/asymm_advantages/baseline_seed_4_step_154.msgpack
--> Saved seed 0 checkpoint at step 176 to checkpoints/lmpred02/asymm_advantages/baseline_seed_0_step_176.msgpack
--> Saved seed 1 checkpoint at step 176 to checkpoints/lmpred02/asymm_advantages/baseline_seed_1_step_176.msgpack
--> Saved seed 2 checkpoint at step 176 to checkpoints/lmpred02/asymm_advantages/baseline_seed_2_step_176.msgpack
--> Saved seed 3 checkpoint at step 176 to checkpoints/lmpred02/asymm_advantages/baseline_seed_3_step_176.msgpack
--> Saved seed 4 checkpoint at step 176 to checkpoints/lmpred02/asymm_advantages/baseline_seed_4_step_176.msgpack
--> Saved seed 0 checkpoint at step 198 to checkpoints/lmpred02/asymm_advantages/baseline_seed_0_step_198.msgpack
--> Saved seed 1 checkpoint at step 198 to checkpoints/lmpred02/asymm_advantages/baseline_seed_1_step_198.msgpack
--> Saved seed 2 checkpoint at step 198 to checkpoints/lmpred02/asymm_advantages/baseline_seed_2_step_198.msgpack
--> Saved seed 3 checkpoint at step 198 to checkpoints/lmpred02/asymm_advantages/baseline_seed_3_step_198.msgpack
--> Saved seed 4 checkpoint at step 198 to checkpoints/lmpred02/asymm_advantages/baseline_seed_4_step_198.msgpack
--> Saved seed 0 checkpoint at step 220 to checkpoints/lmpred02/asymm_advantages/baseline_seed_0_step_220.msgpack
--> Saved seed 1 checkpoint at step 220 to checkpoints/lmpred02/asymm_advantages/baseline_seed_1_step_220.msgpack
--> Saved seed 2 checkpoint at step 220 to checkpoints/lmpred02/asymm_advantages/baseline_seed_2_step_220.msgpack
--> Saved seed 3 checkpoint at step 220 to checkpoints/lmpred02/asymm_advantages/baseline_seed_3_step_220.msgpack
--> Saved seed 4 checkpoint at step 220 to checkpoints/lmpred02/asymm_advantages/baseline_seed_4_step_220.msgpack
[1;34mwandb[0m: 
[1;34mwandb[0m: 🚀 View run [33mlmpred02_obsfront_cpt_asymm_advantages[0m at: [34mhttps://wandb.ai/maytusp/oc-extended/runs/6hy5jcaw[0m
[1;34mwandb[0m: Find logs at: [1;35m../../../../../../../../net/scratch/n70579mp/tom/JaxMARL/wandb/run-20260704_025155-6hy5jcaw/logs[0m
Importing submoduled environments...
Submoduled environments not found. Skipping import.
wandb: [wandb.login()] Loaded credentials for https://api.wandb.ai from /mnt/iusers01/fatpou01/compsci01/n70579mp/.netrc.
wandb: Currently logged in as: maytusp to https://api.wandb.ai. Use `wandb login --relogin` to force relogin
wandb: Tracking run with wandb version 0.27.2
wandb: Run data is saved locally in /net/scratch/n70579mp/tom/JaxMARL/wandb/run-20260704_042219-isuhmo3j
wandb: Run `wandb offline` to turn off syncing.
wandb: Syncing run lmpred04_obsfront_cpt_asymm_advantages
wandb: ⭐️ View project at https://wandb.ai/maytusp/oc-extended
wandb: 🚀 View run at https://wandb.ai/maytusp/oc-extended/runs/isuhmo3j
Update steps:  228.0
Warmup epochs:  11
Cosine epochs:  217.0
--> Saved seed 0 checkpoint at step 1 to checkpoints/lmpred04/asymm_advantages/baseline_seed_0_step_1.msgpack
--> Saved seed 1 checkpoint at step 1 to checkpoints/lmpred04/asymm_advantages/baseline_seed_1_step_1.msgpack
--> Saved seed 2 checkpoint at step 1 to checkpoints/lmpred04/asymm_advantages/baseline_seed_2_step_1.msgpack
--> Saved seed 3 checkpoint at step 1 to checkpoints/lmpred04/asymm_advantages/baseline_seed_3_step_1.msgpack
--> Saved seed 4 checkpoint at step 1 to checkpoints/lmpred04/asymm_advantages/baseline_seed_4_step_1.msgpack
--> Saved seed 0 checkpoint at step 22 to checkpoints/lmpred04/asymm_advantages/baseline_seed_0_step_22.msgpack
--> Saved seed 1 checkpoint at step 22 to checkpoints/lmpred04/asymm_advantages/baseline_seed_1_step_22.msgpack
--> Saved seed 2 checkpoint at step 22 to checkpoints/lmpred04/asymm_advantages/baseline_seed_2_step_22.msgpack
--> Saved seed 3 checkpoint at step 22 to checkpoints/lmpred04/asymm_advantages/baseline_seed_3_step_22.msgpack
--> Saved seed 4 checkpoint at step 22 to checkpoints/lmpred04/asymm_advantages/baseline_seed_4_step_22.msgpack
--> Saved seed 0 checkpoint at step 44 to checkpoints/lmpred04/asymm_advantages/baseline_seed_0_step_44.msgpack
--> Saved seed 1 checkpoint at step 44 to checkpoints/lmpred04/asymm_advantages/baseline_seed_1_step_44.msgpack
--> Saved seed 2 checkpoint at step 44 to checkpoints/lmpred04/asymm_advantages/baseline_seed_2_step_44.msgpack
--> Saved seed 3 checkpoint at step 44 to checkpoints/lmpred04/asymm_advantages/baseline_seed_3_step_44.msgpack
--> Saved seed 4 checkpoint at step 44 to checkpoints/lmpred04/asymm_advantages/baseline_seed_4_step_44.msgpack
--> Saved seed 0 checkpoint at step 66 to checkpoints/lmpred04/asymm_advantages/baseline_seed_0_step_66.msgpack
--> Saved seed 1 checkpoint at step 66 to checkpoints/lmpred04/asymm_advantages/baseline_seed_1_step_66.msgpack
--> Saved seed 2 checkpoint at step 66 to checkpoints/lmpred04/asymm_advantages/baseline_seed_2_step_66.msgpack
--> Saved seed 3 checkpoint at step 66 to checkpoints/lmpred04/asymm_advantages/baseline_seed_3_step_66.msgpack
--> Saved seed 4 checkpoint at step 66 to checkpoints/lmpred04/asymm_advantages/baseline_seed_4_step_66.msgpack
--> Saved seed 0 checkpoint at step 88 to checkpoints/lmpred04/asymm_advantages/baseline_seed_0_step_88.msgpack
--> Saved seed 1 checkpoint at step 88 to checkpoints/lmpred04/asymm_advantages/baseline_seed_1_step_88.msgpack
--> Saved seed 2 checkpoint at step 88 to checkpoints/lmpred04/asymm_advantages/baseline_seed_2_step_88.msgpack
--> Saved seed 3 checkpoint at step 88 to checkpoints/lmpred04/asymm_advantages/baseline_seed_3_step_88.msgpack
--> Saved seed 4 checkpoint at step 88 to checkpoints/lmpred04/asymm_advantages/baseline_seed_4_step_88.msgpack
--> Saved seed 0 checkpoint at step 110 to checkpoints/lmpred04/asymm_advantages/baseline_seed_0_step_110.msgpack
--> Saved seed 1 checkpoint at step 110 to checkpoints/lmpred04/asymm_advantages/baseline_seed_1_step_110.msgpack
--> Saved seed 2 checkpoint at step 110 to checkpoints/lmpred04/asymm_advantages/baseline_seed_2_step_110.msgpack
--> Saved seed 3 checkpoint at step 110 to checkpoints/lmpred04/asymm_advantages/baseline_seed_3_step_110.msgpack
--> Saved seed 4 checkpoint at step 110 to checkpoints/lmpred04/asymm_advantages/baseline_seed_4_step_110.msgpack
--> Saved seed 0 checkpoint at step 132 to checkpoints/lmpred04/asymm_advantages/baseline_seed_0_step_132.msgpack
--> Saved seed 1 checkpoint at step 132 to checkpoints/lmpred04/asymm_advantages/baseline_seed_1_step_132.msgpack
--> Saved seed 2 checkpoint at step 132 to checkpoints/lmpred04/asymm_advantages/baseline_seed_2_step_132.msgpack
--> Saved seed 3 checkpoint at step 132 to checkpoints/lmpred04/asymm_advantages/baseline_seed_3_step_132.msgpack
--> Saved seed 4 checkpoint at step 132 to checkpoints/lmpred04/asymm_advantages/baseline_seed_4_step_132.msgpack
--> Saved seed 0 checkpoint at step 154 to checkpoints/lmpred04/asymm_advantages/baseline_seed_0_step_154.msgpack
--> Saved seed 1 checkpoint at step 154 to checkpoints/lmpred04/asymm_advantages/baseline_seed_1_step_154.msgpack
--> Saved seed 2 checkpoint at step 154 to checkpoints/lmpred04/asymm_advantages/baseline_seed_2_step_154.msgpack
--> Saved seed 3 checkpoint at step 154 to checkpoints/lmpred04/asymm_advantages/baseline_seed_3_step_154.msgpack
--> Saved seed 4 checkpoint at step 154 to checkpoints/lmpred04/asymm_advantages/baseline_seed_4_step_154.msgpack
--> Saved seed 0 checkpoint at step 176 to checkpoints/lmpred04/asymm_advantages/baseline_seed_0_step_176.msgpack
--> Saved seed 1 checkpoint at step 176 to checkpoints/lmpred04/asymm_advantages/baseline_seed_1_step_176.msgpack
--> Saved seed 2 checkpoint at step 176 to checkpoints/lmpred04/asymm_advantages/baseline_seed_2_step_176.msgpack
--> Saved seed 3 checkpoint at step 176 to checkpoints/lmpred04/asymm_advantages/baseline_seed_3_step_176.msgpack
--> Saved seed 4 checkpoint at step 176 to checkpoints/lmpred04/asymm_advantages/baseline_seed_4_step_176.msgpack
--> Saved seed 0 checkpoint at step 198 to checkpoints/lmpred04/asymm_advantages/baseline_seed_0_step_198.msgpack
--> Saved seed 1 checkpoint at step 198 to checkpoints/lmpred04/asymm_advantages/baseline_seed_1_step_198.msgpack
--> Saved seed 2 checkpoint at step 198 to checkpoints/lmpred04/asymm_advantages/baseline_seed_2_step_198.msgpack
--> Saved seed 3 checkpoint at step 198 to checkpoints/lmpred04/asymm_advantages/baseline_seed_3_step_198.msgpack
--> Saved seed 4 checkpoint at step 198 to checkpoints/lmpred04/asymm_advantages/baseline_seed_4_step_198.msgpack
--> Saved seed 0 checkpoint at step 220 to checkpoints/lmpred04/asymm_advantages/baseline_seed_0_step_220.msgpack
--> Saved seed 1 checkpoint at step 220 to checkpoints/lmpred04/asymm_advantages/baseline_seed_1_step_220.msgpack
--> Saved seed 2 checkpoint at step 220 to checkpoints/lmpred04/asymm_advantages/baseline_seed_2_step_220.msgpack
--> Saved seed 3 checkpoint at step 220 to checkpoints/lmpred04/asymm_advantages/baseline_seed_3_step_220.msgpack
--> Saved seed 4 checkpoint at step 220 to checkpoints/lmpred04/asymm_advantages/baseline_seed_4_step_220.msgpack
[1;34mwandb[0m: 
[1;34mwandb[0m: 🚀 View run [33mlmpred04_obsfront_cpt_asymm_advantages[0m at: [34mhttps://wandb.ai/maytusp/oc-extended/runs/isuhmo3j[0m
[1;34mwandb[0m: Find logs at: [1;35m../../../../../../../../net/scratch/n70579mp/tom/JaxMARL/wandb/run-20260704_042219-isuhmo3j/logs[0m
Importing submoduled environments...
Submoduled environments not found. Skipping import.
wandb: [wandb.login()] Loaded credentials for https://api.wandb.ai from /mnt/iusers01/fatpou01/compsci01/n70579mp/.netrc.
wandb: Currently logged in as: maytusp to https://api.wandb.ai. Use `wandb login --relogin` to force relogin
wandb: Tracking run with wandb version 0.27.2
wandb: Run data is saved locally in /net/scratch/n70579mp/tom/JaxMARL/wandb/run-20260704_055230-1bmperrv
wandb: Run `wandb offline` to turn off syncing.
wandb: Syncing run lmpred005_obsfront_cpt_forced_coord
wandb: ⭐️ View project at https://wandb.ai/maytusp/oc-extended
wandb: 🚀 View run at https://wandb.ai/maytusp/oc-extended/runs/1bmperrv
Update steps:  228.0
Warmup epochs:  11
Cosine epochs:  217.0
--> Saved seed 0 checkpoint at step 1 to checkpoints/lmpred005/forced_coord/baseline_seed_0_step_1.msgpack
--> Saved seed 1 checkpoint at step 1 to checkpoints/lmpred005/forced_coord/baseline_seed_1_step_1.msgpack
--> Saved seed 2 checkpoint at step 1 to checkpoints/lmpred005/forced_coord/baseline_seed_2_step_1.msgpack
--> Saved seed 3 checkpoint at step 1 to checkpoints/lmpred005/forced_coord/baseline_seed_3_step_1.msgpack
--> Saved seed 4 checkpoint at step 1 to checkpoints/lmpred005/forced_coord/baseline_seed_4_step_1.msgpack
--> Saved seed 0 checkpoint at step 22 to checkpoints/lmpred005/forced_coord/baseline_seed_0_step_22.msgpack
--> Saved seed 1 checkpoint at step 22 to checkpoints/lmpred005/forced_coord/baseline_seed_1_step_22.msgpack
--> Saved seed 2 checkpoint at step 22 to checkpoints/lmpred005/forced_coord/baseline_seed_2_step_22.msgpack
--> Saved seed 3 checkpoint at step 22 to checkpoints/lmpred005/forced_coord/baseline_seed_3_step_22.msgpack
--> Saved seed 4 checkpoint at step 22 to checkpoints/lmpred005/forced_coord/baseline_seed_4_step_22.msgpack
--> Saved seed 0 checkpoint at step 44 to checkpoints/lmpred005/forced_coord/baseline_seed_0_step_44.msgpack
--> Saved seed 1 checkpoint at step 44 to checkpoints/lmpred005/forced_coord/baseline_seed_1_step_44.msgpack
--> Saved seed 2 checkpoint at step 44 to checkpoints/lmpred005/forced_coord/baseline_seed_2_step_44.msgpack
--> Saved seed 3 checkpoint at step 44 to checkpoints/lmpred005/forced_coord/baseline_seed_3_step_44.msgpack
--> Saved seed 4 checkpoint at step 44 to checkpoints/lmpred005/forced_coord/baseline_seed_4_step_44.msgpack
--> Saved seed 0 checkpoint at step 66 to checkpoints/lmpred005/forced_coord/baseline_seed_0_step_66.msgpack
--> Saved seed 1 checkpoint at step 66 to checkpoints/lmpred005/forced_coord/baseline_seed_1_step_66.msgpack
--> Saved seed 2 checkpoint at step 66 to checkpoints/lmpred005/forced_coord/baseline_seed_2_step_66.msgpack
--> Saved seed 3 checkpoint at step 66 to checkpoints/lmpred005/forced_coord/baseline_seed_3_step_66.msgpack
--> Saved seed 4 checkpoint at step 66 to checkpoints/lmpred005/forced_coord/baseline_seed_4_step_66.msgpack
--> Saved seed 0 checkpoint at step 88 to checkpoints/lmpred005/forced_coord/baseline_seed_0_step_88.msgpack
--> Saved seed 1 checkpoint at step 88 to checkpoints/lmpred005/forced_coord/baseline_seed_1_step_88.msgpack
--> Saved seed 2 checkpoint at step 88 to checkpoints/lmpred005/forced_coord/baseline_seed_2_step_88.msgpack
--> Saved seed 3 checkpoint at step 88 to checkpoints/lmpred005/forced_coord/baseline_seed_3_step_88.msgpack
--> Saved seed 4 checkpoint at step 88 to checkpoints/lmpred005/forced_coord/baseline_seed_4_step_88.msgpack
--> Saved seed 0 checkpoint at step 110 to checkpoints/lmpred005/forced_coord/baseline_seed_0_step_110.msgpack
--> Saved seed 1 checkpoint at step 110 to checkpoints/lmpred005/forced_coord/baseline_seed_1_step_110.msgpack
--> Saved seed 2 checkpoint at step 110 to checkpoints/lmpred005/forced_coord/baseline_seed_2_step_110.msgpack
--> Saved seed 3 checkpoint at step 110 to checkpoints/lmpred005/forced_coord/baseline_seed_3_step_110.msgpack
--> Saved seed 4 checkpoint at step 110 to checkpoints/lmpred005/forced_coord/baseline_seed_4_step_110.msgpack
--> Saved seed 0 checkpoint at step 132 to checkpoints/lmpred005/forced_coord/baseline_seed_0_step_132.msgpack
--> Saved seed 1 checkpoint at step 132 to checkpoints/lmpred005/forced_coord/baseline_seed_1_step_132.msgpack
--> Saved seed 2 checkpoint at step 132 to checkpoints/lmpred005/forced_coord/baseline_seed_2_step_132.msgpack
--> Saved seed 3 checkpoint at step 132 to checkpoints/lmpred005/forced_coord/baseline_seed_3_step_132.msgpack
--> Saved seed 4 checkpoint at step 132 to checkpoints/lmpred005/forced_coord/baseline_seed_4_step_132.msgpack
--> Saved seed 0 checkpoint at step 154 to checkpoints/lmpred005/forced_coord/baseline_seed_0_step_154.msgpack
--> Saved seed 1 checkpoint at step 154 to checkpoints/lmpred005/forced_coord/baseline_seed_1_step_154.msgpack
--> Saved seed 2 checkpoint at step 154 to checkpoints/lmpred005/forced_coord/baseline_seed_2_step_154.msgpack
--> Saved seed 3 checkpoint at step 154 to checkpoints/lmpred005/forced_coord/baseline_seed_3_step_154.msgpack
--> Saved seed 4 checkpoint at step 154 to checkpoints/lmpred005/forced_coord/baseline_seed_4_step_154.msgpack
--> Saved seed 0 checkpoint at step 176 to checkpoints/lmpred005/forced_coord/baseline_seed_0_step_176.msgpack
--> Saved seed 1 checkpoint at step 176 to checkpoints/lmpred005/forced_coord/baseline_seed_1_step_176.msgpack
--> Saved seed 2 checkpoint at step 176 to checkpoints/lmpred005/forced_coord/baseline_seed_2_step_176.msgpack
--> Saved seed 3 checkpoint at step 176 to checkpoints/lmpred005/forced_coord/baseline_seed_3_step_176.msgpack
--> Saved seed 4 checkpoint at step 176 to checkpoints/lmpred005/forced_coord/baseline_seed_4_step_176.msgpack
--> Saved seed 0 checkpoint at step 198 to checkpoints/lmpred005/forced_coord/baseline_seed_0_step_198.msgpack
--> Saved seed 1 checkpoint at step 198 to checkpoints/lmpred005/forced_coord/baseline_seed_1_step_198.msgpack
--> Saved seed 2 checkpoint at step 198 to checkpoints/lmpred005/forced_coord/baseline_seed_2_step_198.msgpack
--> Saved seed 3 checkpoint at step 198 to checkpoints/lmpred005/forced_coord/baseline_seed_3_step_198.msgpack
--> Saved seed 4 checkpoint at step 198 to checkpoints/lmpred005/forced_coord/baseline_seed_4_step_198.msgpack
--> Saved seed 0 checkpoint at step 220 to checkpoints/lmpred005/forced_coord/baseline_seed_0_step_220.msgpack
--> Saved seed 1 checkpoint at step 220 to checkpoints/lmpred005/forced_coord/baseline_seed_1_step_220.msgpack
--> Saved seed 2 checkpoint at step 220 to checkpoints/lmpred005/forced_coord/baseline_seed_2_step_220.msgpack
--> Saved seed 3 checkpoint at step 220 to checkpoints/lmpred005/forced_coord/baseline_seed_3_step_220.msgpack
--> Saved seed 4 checkpoint at step 220 to checkpoints/lmpred005/forced_coord/baseline_seed_4_step_220.msgpack
[1;34mwandb[0m: 
[1;34mwandb[0m: 🚀 View run [33mlmpred005_obsfront_cpt_forced_coord[0m at: [34mhttps://wandb.ai/maytusp/oc-extended/runs/1bmperrv[0m
[1;34mwandb[0m: Find logs at: [1;35m../../../../../../../../net/scratch/n70579mp/tom/JaxMARL/wandb/run-20260704_055230-1bmperrv/logs[0m
Importing submoduled environments...
Submoduled environments not found. Skipping import.
wandb: [wandb.login()] Loaded credentials for https://api.wandb.ai from /mnt/iusers01/fatpou01/compsci01/n70579mp/.netrc.
wandb: Currently logged in as: maytusp to https://api.wandb.ai. Use `wandb login --relogin` to force relogin
wandb: Tracking run with wandb version 0.27.2
wandb: Run data is saved locally in /net/scratch/n70579mp/tom/JaxMARL/wandb/run-20260704_072403-ei9jwfp3
wandb: Run `wandb offline` to turn off syncing.
wandb: Syncing run lmpred02_obsfront_cpt_forced_coord
wandb: ⭐️ View project at https://wandb.ai/maytusp/oc-extended
wandb: 🚀 View run at https://wandb.ai/maytusp/oc-extended/runs/ei9jwfp3
Update steps:  228.0
Warmup epochs:  11
Cosine epochs:  217.0
--> Saved seed 0 checkpoint at step 1 to checkpoints/lmpred02/forced_coord/baseline_seed_0_step_1.msgpack
--> Saved seed 1 checkpoint at step 1 to checkpoints/lmpred02/forced_coord/baseline_seed_1_step_1.msgpack
--> Saved seed 2 checkpoint at step 1 to checkpoints/lmpred02/forced_coord/baseline_seed_2_step_1.msgpack
--> Saved seed 3 checkpoint at step 1 to checkpoints/lmpred02/forced_coord/baseline_seed_3_step_1.msgpack
--> Saved seed 4 checkpoint at step 1 to checkpoints/lmpred02/forced_coord/baseline_seed_4_step_1.msgpack
--> Saved seed 0 checkpoint at step 22 to checkpoints/lmpred02/forced_coord/baseline_seed_0_step_22.msgpack
--> Saved seed 1 checkpoint at step 22 to checkpoints/lmpred02/forced_coord/baseline_seed_1_step_22.msgpack
--> Saved seed 2 checkpoint at step 22 to checkpoints/lmpred02/forced_coord/baseline_seed_2_step_22.msgpack
--> Saved seed 3 checkpoint at step 22 to checkpoints/lmpred02/forced_coord/baseline_seed_3_step_22.msgpack
--> Saved seed 4 checkpoint at step 22 to checkpoints/lmpred02/forced_coord/baseline_seed_4_step_22.msgpack
--> Saved seed 0 checkpoint at step 44 to checkpoints/lmpred02/forced_coord/baseline_seed_0_step_44.msgpack
--> Saved seed 1 checkpoint at step 44 to checkpoints/lmpred02/forced_coord/baseline_seed_1_step_44.msgpack
--> Saved seed 2 checkpoint at step 44 to checkpoints/lmpred02/forced_coord/baseline_seed_2_step_44.msgpack
--> Saved seed 3 checkpoint at step 44 to checkpoints/lmpred02/forced_coord/baseline_seed_3_step_44.msgpack
--> Saved seed 4 checkpoint at step 44 to checkpoints/lmpred02/forced_coord/baseline_seed_4_step_44.msgpack
--> Saved seed 0 checkpoint at step 66 to checkpoints/lmpred02/forced_coord/baseline_seed_0_step_66.msgpack
--> Saved seed 1 checkpoint at step 66 to checkpoints/lmpred02/forced_coord/baseline_seed_1_step_66.msgpack
--> Saved seed 2 checkpoint at step 66 to checkpoints/lmpred02/forced_coord/baseline_seed_2_step_66.msgpack
--> Saved seed 3 checkpoint at step 66 to checkpoints/lmpred02/forced_coord/baseline_seed_3_step_66.msgpack
--> Saved seed 4 checkpoint at step 66 to checkpoints/lmpred02/forced_coord/baseline_seed_4_step_66.msgpack
--> Saved seed 0 checkpoint at step 88 to checkpoints/lmpred02/forced_coord/baseline_seed_0_step_88.msgpack
--> Saved seed 1 checkpoint at step 88 to checkpoints/lmpred02/forced_coord/baseline_seed_1_step_88.msgpack
--> Saved seed 2 checkpoint at step 88 to checkpoints/lmpred02/forced_coord/baseline_seed_2_step_88.msgpack
--> Saved seed 3 checkpoint at step 88 to checkpoints/lmpred02/forced_coord/baseline_seed_3_step_88.msgpack
--> Saved seed 4 checkpoint at step 88 to checkpoints/lmpred02/forced_coord/baseline_seed_4_step_88.msgpack
--> Saved seed 0 checkpoint at step 110 to checkpoints/lmpred02/forced_coord/baseline_seed_0_step_110.msgpack
--> Saved seed 1 checkpoint at step 110 to checkpoints/lmpred02/forced_coord/baseline_seed_1_step_110.msgpack
--> Saved seed 2 checkpoint at step 110 to checkpoints/lmpred02/forced_coord/baseline_seed_2_step_110.msgpack
--> Saved seed 3 checkpoint at step 110 to checkpoints/lmpred02/forced_coord/baseline_seed_3_step_110.msgpack
--> Saved seed 4 checkpoint at step 110 to checkpoints/lmpred02/forced_coord/baseline_seed_4_step_110.msgpack
--> Saved seed 0 checkpoint at step 132 to checkpoints/lmpred02/forced_coord/baseline_seed_0_step_132.msgpack
--> Saved seed 1 checkpoint at step 132 to checkpoints/lmpred02/forced_coord/baseline_seed_1_step_132.msgpack
--> Saved seed 2 checkpoint at step 132 to checkpoints/lmpred02/forced_coord/baseline_seed_2_step_132.msgpack
--> Saved seed 3 checkpoint at step 132 to checkpoints/lmpred02/forced_coord/baseline_seed_3_step_132.msgpack
--> Saved seed 4 checkpoint at step 132 to checkpoints/lmpred02/forced_coord/baseline_seed_4_step_132.msgpack
--> Saved seed 0 checkpoint at step 154 to checkpoints/lmpred02/forced_coord/baseline_seed_0_step_154.msgpack
--> Saved seed 1 checkpoint at step 154 to checkpoints/lmpred02/forced_coord/baseline_seed_1_step_154.msgpack
--> Saved seed 2 checkpoint at step 154 to checkpoints/lmpred02/forced_coord/baseline_seed_2_step_154.msgpack
--> Saved seed 3 checkpoint at step 154 to checkpoints/lmpred02/forced_coord/baseline_seed_3_step_154.msgpack
--> Saved seed 4 checkpoint at step 154 to checkpoints/lmpred02/forced_coord/baseline_seed_4_step_154.msgpack
--> Saved seed 0 checkpoint at step 176 to checkpoints/lmpred02/forced_coord/baseline_seed_0_step_176.msgpack
--> Saved seed 1 checkpoint at step 176 to checkpoints/lmpred02/forced_coord/baseline_seed_1_step_176.msgpack
--> Saved seed 2 checkpoint at step 176 to checkpoints/lmpred02/forced_coord/baseline_seed_2_step_176.msgpack
--> Saved seed 3 checkpoint at step 176 to checkpoints/lmpred02/forced_coord/baseline_seed_3_step_176.msgpack
--> Saved seed 4 checkpoint at step 176 to checkpoints/lmpred02/forced_coord/baseline_seed_4_step_176.msgpack
--> Saved seed 0 checkpoint at step 198 to checkpoints/lmpred02/forced_coord/baseline_seed_0_step_198.msgpack
--> Saved seed 1 checkpoint at step 198 to checkpoints/lmpred02/forced_coord/baseline_seed_1_step_198.msgpack
--> Saved seed 2 checkpoint at step 198 to checkpoints/lmpred02/forced_coord/baseline_seed_2_step_198.msgpack
--> Saved seed 3 checkpoint at step 198 to checkpoints/lmpred02/forced_coord/baseline_seed_3_step_198.msgpack
--> Saved seed 4 checkpoint at step 198 to checkpoints/lmpred02/forced_coord/baseline_seed_4_step_198.msgpack
--> Saved seed 0 checkpoint at step 220 to checkpoints/lmpred02/forced_coord/baseline_seed_0_step_220.msgpack
--> Saved seed 1 checkpoint at step 220 to checkpoints/lmpred02/forced_coord/baseline_seed_1_step_220.msgpack
--> Saved seed 2 checkpoint at step 220 to checkpoints/lmpred02/forced_coord/baseline_seed_2_step_220.msgpack
--> Saved seed 3 checkpoint at step 220 to checkpoints/lmpred02/forced_coord/baseline_seed_3_step_220.msgpack
--> Saved seed 4 checkpoint at step 220 to checkpoints/lmpred02/forced_coord/baseline_seed_4_step_220.msgpack
[1;34mwandb[0m: 
[1;34mwandb[0m: 🚀 View run [33mlmpred02_obsfront_cpt_forced_coord[0m at: [34mhttps://wandb.ai/maytusp/oc-extended/runs/ei9jwfp3[0m
[1;34mwandb[0m: Find logs at: [1;35m../../../../../../../../net/scratch/n70579mp/tom/JaxMARL/wandb/run-20260704_072403-ei9jwfp3/logs[0m
Importing submoduled environments...
Submoduled environments not found. Skipping import.
wandb: [wandb.login()] Loaded credentials for https://api.wandb.ai from /mnt/iusers01/fatpou01/compsci01/n70579mp/.netrc.
wandb: Currently logged in as: maytusp to https://api.wandb.ai. Use `wandb login --relogin` to force relogin
wandb: Tracking run with wandb version 0.27.2
wandb: Run data is saved locally in /net/scratch/n70579mp/tom/JaxMARL/wandb/run-20260704_085357-t9cb769g
wandb: Run `wandb offline` to turn off syncing.
wandb: Syncing run lmpred04_obsfront_cpt_forced_coord
wandb: ⭐️ View project at https://wandb.ai/maytusp/oc-extended
wandb: 🚀 View run at https://wandb.ai/maytusp/oc-extended/runs/t9cb769g
Update steps:  228.0
Warmup epochs:  11
Cosine epochs:  217.0
--> Saved seed 0 checkpoint at step 1 to checkpoints/lmpred04/forced_coord/baseline_seed_0_step_1.msgpack
--> Saved seed 1 checkpoint at step 1 to checkpoints/lmpred04/forced_coord/baseline_seed_1_step_1.msgpack
--> Saved seed 2 checkpoint at step 1 to checkpoints/lmpred04/forced_coord/baseline_seed_2_step_1.msgpack
--> Saved seed 3 checkpoint at step 1 to checkpoints/lmpred04/forced_coord/baseline_seed_3_step_1.msgpack
--> Saved seed 4 checkpoint at step 1 to checkpoints/lmpred04/forced_coord/baseline_seed_4_step_1.msgpack
--> Saved seed 0 checkpoint at step 22 to checkpoints/lmpred04/forced_coord/baseline_seed_0_step_22.msgpack
--> Saved seed 1 checkpoint at step 22 to checkpoints/lmpred04/forced_coord/baseline_seed_1_step_22.msgpack
--> Saved seed 2 checkpoint at step 22 to checkpoints/lmpred04/forced_coord/baseline_seed_2_step_22.msgpack
--> Saved seed 3 checkpoint at step 22 to checkpoints/lmpred04/forced_coord/baseline_seed_3_step_22.msgpack
--> Saved seed 4 checkpoint at step 22 to checkpoints/lmpred04/forced_coord/baseline_seed_4_step_22.msgpack
--> Saved seed 0 checkpoint at step 44 to checkpoints/lmpred04/forced_coord/baseline_seed_0_step_44.msgpack
--> Saved seed 1 checkpoint at step 44 to checkpoints/lmpred04/forced_coord/baseline_seed_1_step_44.msgpack
--> Saved seed 2 checkpoint at step 44 to checkpoints/lmpred04/forced_coord/baseline_seed_2_step_44.msgpack
--> Saved seed 3 checkpoint at step 44 to checkpoints/lmpred04/forced_coord/baseline_seed_3_step_44.msgpack
--> Saved seed 4 checkpoint at step 44 to checkpoints/lmpred04/forced_coord/baseline_seed_4_step_44.msgpack
--> Saved seed 0 checkpoint at step 66 to checkpoints/lmpred04/forced_coord/baseline_seed_0_step_66.msgpack
--> Saved seed 1 checkpoint at step 66 to checkpoints/lmpred04/forced_coord/baseline_seed_1_step_66.msgpack
--> Saved seed 2 checkpoint at step 66 to checkpoints/lmpred04/forced_coord/baseline_seed_2_step_66.msgpack
--> Saved seed 3 checkpoint at step 66 to checkpoints/lmpred04/forced_coord/baseline_seed_3_step_66.msgpack
--> Saved seed 4 checkpoint at step 66 to checkpoints/lmpred04/forced_coord/baseline_seed_4_step_66.msgpack
--> Saved seed 0 checkpoint at step 88 to checkpoints/lmpred04/forced_coord/baseline_seed_0_step_88.msgpack
--> Saved seed 1 checkpoint at step 88 to checkpoints/lmpred04/forced_coord/baseline_seed_1_step_88.msgpack
--> Saved seed 2 checkpoint at step 88 to checkpoints/lmpred04/forced_coord/baseline_seed_2_step_88.msgpack
--> Saved seed 3 checkpoint at step 88 to checkpoints/lmpred04/forced_coord/baseline_seed_3_step_88.msgpack
--> Saved seed 4 checkpoint at step 88 to checkpoints/lmpred04/forced_coord/baseline_seed_4_step_88.msgpack
--> Saved seed 0 checkpoint at step 110 to checkpoints/lmpred04/forced_coord/baseline_seed_0_step_110.msgpack
--> Saved seed 1 checkpoint at step 110 to checkpoints/lmpred04/forced_coord/baseline_seed_1_step_110.msgpack
--> Saved seed 2 checkpoint at step 110 to checkpoints/lmpred04/forced_coord/baseline_seed_2_step_110.msgpack
--> Saved seed 3 checkpoint at step 110 to checkpoints/lmpred04/forced_coord/baseline_seed_3_step_110.msgpack
--> Saved seed 4 checkpoint at step 110 to checkpoints/lmpred04/forced_coord/baseline_seed_4_step_110.msgpack
--> Saved seed 0 checkpoint at step 132 to checkpoints/lmpred04/forced_coord/baseline_seed_0_step_132.msgpack
--> Saved seed 1 checkpoint at step 132 to checkpoints/lmpred04/forced_coord/baseline_seed_1_step_132.msgpack
--> Saved seed 2 checkpoint at step 132 to checkpoints/lmpred04/forced_coord/baseline_seed_2_step_132.msgpack
--> Saved seed 3 checkpoint at step 132 to checkpoints/lmpred04/forced_coord/baseline_seed_3_step_132.msgpack
--> Saved seed 4 checkpoint at step 132 to checkpoints/lmpred04/forced_coord/baseline_seed_4_step_132.msgpack
--> Saved seed 0 checkpoint at step 154 to checkpoints/lmpred04/forced_coord/baseline_seed_0_step_154.msgpack
--> Saved seed 1 checkpoint at step 154 to checkpoints/lmpred04/forced_coord/baseline_seed_1_step_154.msgpack
--> Saved seed 2 checkpoint at step 154 to checkpoints/lmpred04/forced_coord/baseline_seed_2_step_154.msgpack
--> Saved seed 3 checkpoint at step 154 to checkpoints/lmpred04/forced_coord/baseline_seed_3_step_154.msgpack
--> Saved seed 4 checkpoint at step 154 to checkpoints/lmpred04/forced_coord/baseline_seed_4_step_154.msgpack
--> Saved seed 0 checkpoint at step 176 to checkpoints/lmpred04/forced_coord/baseline_seed_0_step_176.msgpack
--> Saved seed 1 checkpoint at step 176 to checkpoints/lmpred04/forced_coord/baseline_seed_1_step_176.msgpack
--> Saved seed 2 checkpoint at step 176 to checkpoints/lmpred04/forced_coord/baseline_seed_2_step_176.msgpack
--> Saved seed 3 checkpoint at step 176 to checkpoints/lmpred04/forced_coord/baseline_seed_3_step_176.msgpack
--> Saved seed 4 checkpoint at step 176 to checkpoints/lmpred04/forced_coord/baseline_seed_4_step_176.msgpack
--> Saved seed 0 checkpoint at step 198 to checkpoints/lmpred04/forced_coord/baseline_seed_0_step_198.msgpack
--> Saved seed 1 checkpoint at step 198 to checkpoints/lmpred04/forced_coord/baseline_seed_1_step_198.msgpack
--> Saved seed 2 checkpoint at step 198 to checkpoints/lmpred04/forced_coord/baseline_seed_2_step_198.msgpack
--> Saved seed 3 checkpoint at step 198 to checkpoints/lmpred04/forced_coord/baseline_seed_3_step_198.msgpack
--> Saved seed 4 checkpoint at step 198 to checkpoints/lmpred04/forced_coord/baseline_seed_4_step_198.msgpack
--> Saved seed 0 checkpoint at step 220 to checkpoints/lmpred04/forced_coord/baseline_seed_0_step_220.msgpack
--> Saved seed 1 checkpoint at step 220 to checkpoints/lmpred04/forced_coord/baseline_seed_1_step_220.msgpack
--> Saved seed 2 checkpoint at step 220 to checkpoints/lmpred04/forced_coord/baseline_seed_2_step_220.msgpack
--> Saved seed 3 checkpoint at step 220 to checkpoints/lmpred04/forced_coord/baseline_seed_3_step_220.msgpack
--> Saved seed 4 checkpoint at step 220 to checkpoints/lmpred04/forced_coord/baseline_seed_4_step_220.msgpack
[1;34mwandb[0m: 
[1;34mwandb[0m: 🚀 View run [33mlmpred04_obsfront_cpt_forced_coord[0m at: [34mhttps://wandb.ai/maytusp/oc-extended/runs/t9cb769g[0m
[1;34mwandb[0m: Find logs at: [1;35m../../../../../../../../net/scratch/n70579mp/tom/JaxMARL/wandb/run-20260704_085357-t9cb769g/logs[0m
Importing submoduled environments...
Submoduled environments not found. Skipping import.
wandb: [wandb.login()] Loaded credentials for https://api.wandb.ai from /mnt/iusers01/fatpou01/compsci01/n70579mp/.netrc.
wandb: Currently logged in as: maytusp to https://api.wandb.ai. Use `wandb login --relogin` to force relogin
wandb: Tracking run with wandb version 0.27.2
wandb: Run data is saved locally in /net/scratch/n70579mp/tom/JaxMARL/wandb/run-20260704_102347-rqis9gwa
wandb: Run `wandb offline` to turn off syncing.
wandb: Syncing run lmpred_no_self_pred_obsfront_cpt_counter_circuit
wandb: ⭐️ View project at https://wandb.ai/maytusp/oc-extended
wandb: 🚀 View run at https://wandb.ai/maytusp/oc-extended/runs/rqis9gwa
Update steps:  381.0
Warmup epochs:  19
Cosine epochs:  362.0
--> Saved seed 0 checkpoint at step 1 to checkpoints/lmpredV2_no_self_pred/counter_circuit/baseline_seed_0_step_1.msgpack
--> Saved seed 1 checkpoint at step 1 to checkpoints/lmpredV2_no_self_pred/counter_circuit/baseline_seed_1_step_1.msgpack
--> Saved seed 2 checkpoint at step 1 to checkpoints/lmpredV2_no_self_pred/counter_circuit/baseline_seed_2_step_1.msgpack
--> Saved seed 3 checkpoint at step 1 to checkpoints/lmpredV2_no_self_pred/counter_circuit/baseline_seed_3_step_1.msgpack
--> Saved seed 4 checkpoint at step 1 to checkpoints/lmpredV2_no_self_pred/counter_circuit/baseline_seed_4_step_1.msgpack
--> Saved seed 0 checkpoint at step 38 to checkpoints/lmpredV2_no_self_pred/counter_circuit/baseline_seed_0_step_38.msgpack
--> Saved seed 1 checkpoint at step 38 to checkpoints/lmpredV2_no_self_pred/counter_circuit/baseline_seed_1_step_38.msgpack
--> Saved seed 2 checkpoint at step 38 to checkpoints/lmpredV2_no_self_pred/counter_circuit/baseline_seed_2_step_38.msgpack
--> Saved seed 3 checkpoint at step 38 to checkpoints/lmpredV2_no_self_pred/counter_circuit/baseline_seed_3_step_38.msgpack
--> Saved seed 4 checkpoint at step 38 to checkpoints/lmpredV2_no_self_pred/counter_circuit/baseline_seed_4_step_38.msgpack
--> Saved seed 0 checkpoint at step 76 to checkpoints/lmpredV2_no_self_pred/counter_circuit/baseline_seed_0_step_76.msgpack
--> Saved seed 1 checkpoint at step 76 to checkpoints/lmpredV2_no_self_pred/counter_circuit/baseline_seed_1_step_76.msgpack
--> Saved seed 2 checkpoint at step 76 to checkpoints/lmpredV2_no_self_pred/counter_circuit/baseline_seed_2_step_76.msgpack
--> Saved seed 3 checkpoint at step 76 to checkpoints/lmpredV2_no_self_pred/counter_circuit/baseline_seed_3_step_76.msgpack
--> Saved seed 4 checkpoint at step 76 to checkpoints/lmpredV2_no_self_pred/counter_circuit/baseline_seed_4_step_76.msgpack
--> Saved seed 0 checkpoint at step 114 to checkpoints/lmpredV2_no_self_pred/counter_circuit/baseline_seed_0_step_114.msgpack
--> Saved seed 1 checkpoint at step 114 to checkpoints/lmpredV2_no_self_pred/counter_circuit/baseline_seed_1_step_114.msgpack
--> Saved seed 2 checkpoint at step 114 to checkpoints/lmpredV2_no_self_pred/counter_circuit/baseline_seed_2_step_114.msgpack
--> Saved seed 3 checkpoint at step 114 to checkpoints/lmpredV2_no_self_pred/counter_circuit/baseline_seed_3_step_114.msgpack
--> Saved seed 4 checkpoint at step 114 to checkpoints/lmpredV2_no_self_pred/counter_circuit/baseline_seed_4_step_114.msgpack
--> Saved seed 0 checkpoint at step 152 to checkpoints/lmpredV2_no_self_pred/counter_circuit/baseline_seed_0_step_152.msgpack
--> Saved seed 1 checkpoint at step 152 to checkpoints/lmpredV2_no_self_pred/counter_circuit/baseline_seed_1_step_152.msgpack
--> Saved seed 2 checkpoint at step 152 to checkpoints/lmpredV2_no_self_pred/counter_circuit/baseline_seed_2_step_152.msgpack
--> Saved seed 3 checkpoint at step 152 to checkpoints/lmpredV2_no_self_pred/counter_circuit/baseline_seed_3_step_152.msgpack
--> Saved seed 4 checkpoint at step 152 to checkpoints/lmpredV2_no_self_pred/counter_circuit/baseline_seed_4_step_152.msgpack
--> Saved seed 0 checkpoint at step 190 to checkpoints/lmpredV2_no_self_pred/counter_circuit/baseline_seed_0_step_190.msgpack
--> Saved seed 1 checkpoint at step 190 to checkpoints/lmpredV2_no_self_pred/counter_circuit/baseline_seed_1_step_190.msgpack
--> Saved seed 2 checkpoint at step 190 to checkpoints/lmpredV2_no_self_pred/counter_circuit/baseline_seed_2_step_190.msgpack
--> Saved seed 3 checkpoint at step 190 to checkpoints/lmpredV2_no_self_pred/counter_circuit/baseline_seed_3_step_190.msgpack
--> Saved seed 4 checkpoint at step 190 to checkpoints/lmpredV2_no_self_pred/counter_circuit/baseline_seed_4_step_190.msgpack
--> Saved seed 0 checkpoint at step 228 to checkpoints/lmpredV2_no_self_pred/counter_circuit/baseline_seed_0_step_228.msgpack
--> Saved seed 1 checkpoint at step 228 to checkpoints/lmpredV2_no_self_pred/counter_circuit/baseline_seed_1_step_228.msgpack
--> Saved seed 2 checkpoint at step 228 to checkpoints/lmpredV2_no_self_pred/counter_circuit/baseline_seed_2_step_228.msgpack
--> Saved seed 3 checkpoint at step 228 to checkpoints/lmpredV2_no_self_pred/counter_circuit/baseline_seed_3_step_228.msgpack
--> Saved seed 4 checkpoint at step 228 to checkpoints/lmpredV2_no_self_pred/counter_circuit/baseline_seed_4_step_228.msgpack
--> Saved seed 0 checkpoint at step 266 to checkpoints/lmpredV2_no_self_pred/counter_circuit/baseline_seed_0_step_266.msgpack
--> Saved seed 1 checkpoint at step 266 to checkpoints/lmpredV2_no_self_pred/counter_circuit/baseline_seed_1_step_266.msgpack
--> Saved seed 2 checkpoint at step 266 to checkpoints/lmpredV2_no_self_pred/counter_circuit/baseline_seed_2_step_266.msgpack
--> Saved seed 3 checkpoint at step 266 to checkpoints/lmpredV2_no_self_pred/counter_circuit/baseline_seed_3_step_266.msgpack
--> Saved seed 4 checkpoint at step 266 to checkpoints/lmpredV2_no_self_pred/counter_circuit/baseline_seed_4_step_266.msgpack
--> Saved seed 0 checkpoint at step 304 to checkpoints/lmpredV2_no_self_pred/counter_circuit/baseline_seed_0_step_304.msgpack
--> Saved seed 1 checkpoint at step 304 to checkpoints/lmpredV2_no_self_pred/counter_circuit/baseline_seed_1_step_304.msgpack
--> Saved seed 2 checkpoint at step 304 to checkpoints/lmpredV2_no_self_pred/counter_circuit/baseline_seed_2_step_304.msgpack
--> Saved seed 3 checkpoint at step 304 to checkpoints/lmpredV2_no_self_pred/counter_circuit/baseline_seed_3_step_304.msgpack
--> Saved seed 4 checkpoint at step 304 to checkpoints/lmpredV2_no_self_pred/counter_circuit/baseline_seed_4_step_304.msgpack
--> Saved seed 0 checkpoint at step 342 to checkpoints/lmpredV2_no_self_pred/counter_circuit/baseline_seed_0_step_342.msgpack
--> Saved seed 1 checkpoint at step 342 to checkpoints/lmpredV2_no_self_pred/counter_circuit/baseline_seed_1_step_342.msgpack
--> Saved seed 2 checkpoint at step 342 to checkpoints/lmpredV2_no_self_pred/counter_circuit/baseline_seed_2_step_342.msgpack
--> Saved seed 3 checkpoint at step 342 to checkpoints/lmpredV2_no_self_pred/counter_circuit/baseline_seed_3_step_342.msgpack
--> Saved seed 4 checkpoint at step 342 to checkpoints/lmpredV2_no_self_pred/counter_circuit/baseline_seed_4_step_342.msgpack
--> Saved seed 0 checkpoint at step 380 to checkpoints/lmpredV2_no_self_pred/counter_circuit/baseline_seed_0_step_380.msgpack
--> Saved seed 1 checkpoint at step 380 to checkpoints/lmpredV2_no_self_pred/counter_circuit/baseline_seed_1_step_380.msgpack
--> Saved seed 2 checkpoint at step 380 to checkpoints/lmpredV2_no_self_pred/counter_circuit/baseline_seed_2_step_380.msgpack
--> Saved seed 3 checkpoint at step 380 to checkpoints/lmpredV2_no_self_pred/counter_circuit/baseline_seed_3_step_380.msgpack
--> Saved seed 4 checkpoint at step 380 to checkpoints/lmpredV2_no_self_pred/counter_circuit/baseline_seed_4_step_380.msgpack
[1;34mwandb[0m: 
[1;34mwandb[0m: 🚀 View run [33mlmpred_no_self_pred_obsfront_cpt_counter_circuit[0m at: [34mhttps://wandb.ai/maytusp/oc-extended/runs/rqis9gwa[0m
[1;34mwandb[0m: Find logs at: [1;35m../../../../../../../../net/scratch/n70579mp/tom/JaxMARL/wandb/run-20260704_102347-rqis9gwa/logs[0m
Importing submoduled environments...
Submoduled environments not found. Skipping import.
wandb: [wandb.login()] Loaded credentials for https://api.wandb.ai from /mnt/iusers01/fatpou01/compsci01/n70579mp/.netrc.
wandb: Currently logged in as: maytusp to https://api.wandb.ai. Use `wandb login --relogin` to force relogin
wandb: Tracking run with wandb version 0.27.2
wandb: Run data is saved locally in /net/scratch/n70579mp/tom/JaxMARL/wandb/run-20260704_125256-0odoiv1e
wandb: Run `wandb offline` to turn off syncing.
wandb: Syncing run lmpred_no_self_pred_obsfront_cpt_coord_ring
wandb: ⭐️ View project at https://wandb.ai/maytusp/oc-extended
wandb: 🚀 View run at https://wandb.ai/maytusp/oc-extended/runs/0odoiv1e
Update steps:  228.0
Warmup epochs:  11
Cosine epochs:  217.0
--> Saved seed 0 checkpoint at step 1 to checkpoints/lmpredV2_no_self_pred/coord_ring/baseline_seed_0_step_1.msgpack
--> Saved seed 1 checkpoint at step 1 to checkpoints/lmpredV2_no_self_pred/coord_ring/baseline_seed_1_step_1.msgpack
--> Saved seed 2 checkpoint at step 1 to checkpoints/lmpredV2_no_self_pred/coord_ring/baseline_seed_2_step_1.msgpack
--> Saved seed 3 checkpoint at step 1 to checkpoints/lmpredV2_no_self_pred/coord_ring/baseline_seed_3_step_1.msgpack
--> Saved seed 4 checkpoint at step 1 to checkpoints/lmpredV2_no_self_pred/coord_ring/baseline_seed_4_step_1.msgpack
--> Saved seed 0 checkpoint at step 22 to checkpoints/lmpredV2_no_self_pred/coord_ring/baseline_seed_0_step_22.msgpack
--> Saved seed 1 checkpoint at step 22 to checkpoints/lmpredV2_no_self_pred/coord_ring/baseline_seed_1_step_22.msgpack
--> Saved seed 2 checkpoint at step 22 to checkpoints/lmpredV2_no_self_pred/coord_ring/baseline_seed_2_step_22.msgpack
--> Saved seed 3 checkpoint at step 22 to checkpoints/lmpredV2_no_self_pred/coord_ring/baseline_seed_3_step_22.msgpack
--> Saved seed 4 checkpoint at step 22 to checkpoints/lmpredV2_no_self_pred/coord_ring/baseline_seed_4_step_22.msgpack
--> Saved seed 0 checkpoint at step 44 to checkpoints/lmpredV2_no_self_pred/coord_ring/baseline_seed_0_step_44.msgpack
--> Saved seed 1 checkpoint at step 44 to checkpoints/lmpredV2_no_self_pred/coord_ring/baseline_seed_1_step_44.msgpack
--> Saved seed 2 checkpoint at step 44 to checkpoints/lmpredV2_no_self_pred/coord_ring/baseline_seed_2_step_44.msgpack
--> Saved seed 3 checkpoint at step 44 to checkpoints/lmpredV2_no_self_pred/coord_ring/baseline_seed_3_step_44.msgpack
--> Saved seed 4 checkpoint at step 44 to checkpoints/lmpredV2_no_self_pred/coord_ring/baseline_seed_4_step_44.msgpack
--> Saved seed 0 checkpoint at step 66 to checkpoints/lmpredV2_no_self_pred/coord_ring/baseline_seed_0_step_66.msgpack
--> Saved seed 1 checkpoint at step 66 to checkpoints/lmpredV2_no_self_pred/coord_ring/baseline_seed_1_step_66.msgpack
--> Saved seed 2 checkpoint at step 66 to checkpoints/lmpredV2_no_self_pred/coord_ring/baseline_seed_2_step_66.msgpack
--> Saved seed 3 checkpoint at step 66 to checkpoints/lmpredV2_no_self_pred/coord_ring/baseline_seed_3_step_66.msgpack
--> Saved seed 4 checkpoint at step 66 to checkpoints/lmpredV2_no_self_pred/coord_ring/baseline_seed_4_step_66.msgpack
--> Saved seed 0 checkpoint at step 88 to checkpoints/lmpredV2_no_self_pred/coord_ring/baseline_seed_0_step_88.msgpack
--> Saved seed 1 checkpoint at step 88 to checkpoints/lmpredV2_no_self_pred/coord_ring/baseline_seed_1_step_88.msgpack
--> Saved seed 2 checkpoint at step 88 to checkpoints/lmpredV2_no_self_pred/coord_ring/baseline_seed_2_step_88.msgpack
--> Saved seed 3 checkpoint at step 88 to checkpoints/lmpredV2_no_self_pred/coord_ring/baseline_seed_3_step_88.msgpack
--> Saved seed 4 checkpoint at step 88 to checkpoints/lmpredV2_no_self_pred/coord_ring/baseline_seed_4_step_88.msgpack
--> Saved seed 0 checkpoint at step 110 to checkpoints/lmpredV2_no_self_pred/coord_ring/baseline_seed_0_step_110.msgpack
--> Saved seed 1 checkpoint at step 110 to checkpoints/lmpredV2_no_self_pred/coord_ring/baseline_seed_1_step_110.msgpack
--> Saved seed 2 checkpoint at step 110 to checkpoints/lmpredV2_no_self_pred/coord_ring/baseline_seed_2_step_110.msgpack
--> Saved seed 3 checkpoint at step 110 to checkpoints/lmpredV2_no_self_pred/coord_ring/baseline_seed_3_step_110.msgpack
--> Saved seed 4 checkpoint at step 110 to checkpoints/lmpredV2_no_self_pred/coord_ring/baseline_seed_4_step_110.msgpack
--> Saved seed 0 checkpoint at step 132 to checkpoints/lmpredV2_no_self_pred/coord_ring/baseline_seed_0_step_132.msgpack
--> Saved seed 1 checkpoint at step 132 to checkpoints/lmpredV2_no_self_pred/coord_ring/baseline_seed_1_step_132.msgpack
--> Saved seed 2 checkpoint at step 132 to checkpoints/lmpredV2_no_self_pred/coord_ring/baseline_seed_2_step_132.msgpack
--> Saved seed 3 checkpoint at step 132 to checkpoints/lmpredV2_no_self_pred/coord_ring/baseline_seed_3_step_132.msgpack
--> Saved seed 4 checkpoint at step 132 to checkpoints/lmpredV2_no_self_pred/coord_ring/baseline_seed_4_step_132.msgpack
--> Saved seed 0 checkpoint at step 154 to checkpoints/lmpredV2_no_self_pred/coord_ring/baseline_seed_0_step_154.msgpack
--> Saved seed 1 checkpoint at step 154 to checkpoints/lmpredV2_no_self_pred/coord_ring/baseline_seed_1_step_154.msgpack
--> Saved seed 2 checkpoint at step 154 to checkpoints/lmpredV2_no_self_pred/coord_ring/baseline_seed_2_step_154.msgpack
--> Saved seed 3 checkpoint at step 154 to checkpoints/lmpredV2_no_self_pred/coord_ring/baseline_seed_3_step_154.msgpack
--> Saved seed 4 checkpoint at step 154 to checkpoints/lmpredV2_no_self_pred/coord_ring/baseline_seed_4_step_154.msgpack
--> Saved seed 0 checkpoint at step 176 to checkpoints/lmpredV2_no_self_pred/coord_ring/baseline_seed_0_step_176.msgpack
--> Saved seed 1 checkpoint at step 176 to checkpoints/lmpredV2_no_self_pred/coord_ring/baseline_seed_1_step_176.msgpack
--> Saved seed 2 checkpoint at step 176 to checkpoints/lmpredV2_no_self_pred/coord_ring/baseline_seed_2_step_176.msgpack
--> Saved seed 3 checkpoint at step 176 to checkpoints/lmpredV2_no_self_pred/coord_ring/baseline_seed_3_step_176.msgpack
--> Saved seed 4 checkpoint at step 176 to checkpoints/lmpredV2_no_self_pred/coord_ring/baseline_seed_4_step_176.msgpack
--> Saved seed 0 checkpoint at step 198 to checkpoints/lmpredV2_no_self_pred/coord_ring/baseline_seed_0_step_198.msgpack
--> Saved seed 1 checkpoint at step 198 to checkpoints/lmpredV2_no_self_pred/coord_ring/baseline_seed_1_step_198.msgpack
--> Saved seed 2 checkpoint at step 198 to checkpoints/lmpredV2_no_self_pred/coord_ring/baseline_seed_2_step_198.msgpack
--> Saved seed 3 checkpoint at step 198 to checkpoints/lmpredV2_no_self_pred/coord_ring/baseline_seed_3_step_198.msgpack
--> Saved seed 4 checkpoint at step 198 to checkpoints/lmpredV2_no_self_pred/coord_ring/baseline_seed_4_step_198.msgpack
--> Saved seed 0 checkpoint at step 220 to checkpoints/lmpredV2_no_self_pred/coord_ring/baseline_seed_0_step_220.msgpack
--> Saved seed 1 checkpoint at step 220 to checkpoints/lmpredV2_no_self_pred/coord_ring/baseline_seed_1_step_220.msgpack
--> Saved seed 2 checkpoint at step 220 to checkpoints/lmpredV2_no_self_pred/coord_ring/baseline_seed_2_step_220.msgpack
--> Saved seed 3 checkpoint at step 220 to checkpoints/lmpredV2_no_self_pred/coord_ring/baseline_seed_3_step_220.msgpack
--> Saved seed 4 checkpoint at step 220 to checkpoints/lmpredV2_no_self_pred/coord_ring/baseline_seed_4_step_220.msgpack
[1;34mwandb[0m: 
[1;34mwandb[0m: 🚀 View run [33mlmpred_no_self_pred_obsfront_cpt_coord_ring[0m at: [34mhttps://wandb.ai/maytusp/oc-extended/runs/0odoiv1e[0m
[1;34mwandb[0m: Find logs at: [1;35m../../../../../../../../net/scratch/n70579mp/tom/JaxMARL/wandb/run-20260704_125256-0odoiv1e/logs[0m
Importing submoduled environments...
Submoduled environments not found. Skipping import.
wandb: [wandb.login()] Loaded credentials for https://api.wandb.ai from /mnt/iusers01/fatpou01/compsci01/n70579mp/.netrc.
wandb: Currently logged in as: maytusp to https://api.wandb.ai. Use `wandb login --relogin` to force relogin
wandb: Tracking run with wandb version 0.27.2
wandb: Run data is saved locally in /net/scratch/n70579mp/tom/JaxMARL/wandb/run-20260704_142451-y8n3q4fu
wandb: Run `wandb offline` to turn off syncing.
wandb: Syncing run lmpred_no_self_pred_obsfront_cpt_cramped_room5x5
wandb: ⭐️ View project at https://wandb.ai/maytusp/oc-extended
wandb: 🚀 View run at https://wandb.ai/maytusp/oc-extended/runs/y8n3q4fu
Update steps:  228.0
Warmup epochs:  11
Cosine epochs:  217.0
--> Saved seed 0 checkpoint at step 1 to checkpoints/lmpredV2_no_self_pred/cramped_room5x5/baseline_seed_0_step_1.msgpack
--> Saved seed 1 checkpoint at step 1 to checkpoints/lmpredV2_no_self_pred/cramped_room5x5/baseline_seed_1_step_1.msgpack
--> Saved seed 2 checkpoint at step 1 to checkpoints/lmpredV2_no_self_pred/cramped_room5x5/baseline_seed_2_step_1.msgpack
--> Saved seed 3 checkpoint at step 1 to checkpoints/lmpredV2_no_self_pred/cramped_room5x5/baseline_seed_3_step_1.msgpack
--> Saved seed 4 checkpoint at step 1 to checkpoints/lmpredV2_no_self_pred/cramped_room5x5/baseline_seed_4_step_1.msgpack
--> Saved seed 0 checkpoint at step 22 to checkpoints/lmpredV2_no_self_pred/cramped_room5x5/baseline_seed_0_step_22.msgpack
--> Saved seed 1 checkpoint at step 22 to checkpoints/lmpredV2_no_self_pred/cramped_room5x5/baseline_seed_1_step_22.msgpack
--> Saved seed 2 checkpoint at step 22 to checkpoints/lmpredV2_no_self_pred/cramped_room5x5/baseline_seed_2_step_22.msgpack
--> Saved seed 3 checkpoint at step 22 to checkpoints/lmpredV2_no_self_pred/cramped_room5x5/baseline_seed_3_step_22.msgpack
--> Saved seed 4 checkpoint at step 22 to checkpoints/lmpredV2_no_self_pred/cramped_room5x5/baseline_seed_4_step_22.msgpack
--> Saved seed 0 checkpoint at step 44 to checkpoints/lmpredV2_no_self_pred/cramped_room5x5/baseline_seed_0_step_44.msgpack
--> Saved seed 1 checkpoint at step 44 to checkpoints/lmpredV2_no_self_pred/cramped_room5x5/baseline_seed_1_step_44.msgpack
--> Saved seed 2 checkpoint at step 44 to checkpoints/lmpredV2_no_self_pred/cramped_room5x5/baseline_seed_2_step_44.msgpack
--> Saved seed 3 checkpoint at step 44 to checkpoints/lmpredV2_no_self_pred/cramped_room5x5/baseline_seed_3_step_44.msgpack
--> Saved seed 4 checkpoint at step 44 to checkpoints/lmpredV2_no_self_pred/cramped_room5x5/baseline_seed_4_step_44.msgpack
--> Saved seed 0 checkpoint at step 66 to checkpoints/lmpredV2_no_self_pred/cramped_room5x5/baseline_seed_0_step_66.msgpack
--> Saved seed 1 checkpoint at step 66 to checkpoints/lmpredV2_no_self_pred/cramped_room5x5/baseline_seed_1_step_66.msgpack
--> Saved seed 2 checkpoint at step 66 to checkpoints/lmpredV2_no_self_pred/cramped_room5x5/baseline_seed_2_step_66.msgpack
--> Saved seed 3 checkpoint at step 66 to checkpoints/lmpredV2_no_self_pred/cramped_room5x5/baseline_seed_3_step_66.msgpack
--> Saved seed 4 checkpoint at step 66 to checkpoints/lmpredV2_no_self_pred/cramped_room5x5/baseline_seed_4_step_66.msgpack
--> Saved seed 0 checkpoint at step 88 to checkpoints/lmpredV2_no_self_pred/cramped_room5x5/baseline_seed_0_step_88.msgpack
--> Saved seed 1 checkpoint at step 88 to checkpoints/lmpredV2_no_self_pred/cramped_room5x5/baseline_seed_1_step_88.msgpack
--> Saved seed 2 checkpoint at step 88 to checkpoints/lmpredV2_no_self_pred/cramped_room5x5/baseline_seed_2_step_88.msgpack
--> Saved seed 3 checkpoint at step 88 to checkpoints/lmpredV2_no_self_pred/cramped_room5x5/baseline_seed_3_step_88.msgpack
--> Saved seed 4 checkpoint at step 88 to checkpoints/lmpredV2_no_self_pred/cramped_room5x5/baseline_seed_4_step_88.msgpack
--> Saved seed 0 checkpoint at step 110 to checkpoints/lmpredV2_no_self_pred/cramped_room5x5/baseline_seed_0_step_110.msgpack
--> Saved seed 1 checkpoint at step 110 to checkpoints/lmpredV2_no_self_pred/cramped_room5x5/baseline_seed_1_step_110.msgpack
--> Saved seed 2 checkpoint at step 110 to checkpoints/lmpredV2_no_self_pred/cramped_room5x5/baseline_seed_2_step_110.msgpack
--> Saved seed 3 checkpoint at step 110 to checkpoints/lmpredV2_no_self_pred/cramped_room5x5/baseline_seed_3_step_110.msgpack
--> Saved seed 4 checkpoint at step 110 to checkpoints/lmpredV2_no_self_pred/cramped_room5x5/baseline_seed_4_step_110.msgpack
--> Saved seed 0 checkpoint at step 132 to checkpoints/lmpredV2_no_self_pred/cramped_room5x5/baseline_seed_0_step_132.msgpack
--> Saved seed 1 checkpoint at step 132 to checkpoints/lmpredV2_no_self_pred/cramped_room5x5/baseline_seed_1_step_132.msgpack
--> Saved seed 2 checkpoint at step 132 to checkpoints/lmpredV2_no_self_pred/cramped_room5x5/baseline_seed_2_step_132.msgpack
--> Saved seed 3 checkpoint at step 132 to checkpoints/lmpredV2_no_self_pred/cramped_room5x5/baseline_seed_3_step_132.msgpack
--> Saved seed 4 checkpoint at step 132 to checkpoints/lmpredV2_no_self_pred/cramped_room5x5/baseline_seed_4_step_132.msgpack
--> Saved seed 0 checkpoint at step 154 to checkpoints/lmpredV2_no_self_pred/cramped_room5x5/baseline_seed_0_step_154.msgpack
--> Saved seed 1 checkpoint at step 154 to checkpoints/lmpredV2_no_self_pred/cramped_room5x5/baseline_seed_1_step_154.msgpack
--> Saved seed 2 checkpoint at step 154 to checkpoints/lmpredV2_no_self_pred/cramped_room5x5/baseline_seed_2_step_154.msgpack
--> Saved seed 3 checkpoint at step 154 to checkpoints/lmpredV2_no_self_pred/cramped_room5x5/baseline_seed_3_step_154.msgpack
--> Saved seed 4 checkpoint at step 154 to checkpoints/lmpredV2_no_self_pred/cramped_room5x5/baseline_seed_4_step_154.msgpack
--> Saved seed 0 checkpoint at step 176 to checkpoints/lmpredV2_no_self_pred/cramped_room5x5/baseline_seed_0_step_176.msgpack
--> Saved seed 1 checkpoint at step 176 to checkpoints/lmpredV2_no_self_pred/cramped_room5x5/baseline_seed_1_step_176.msgpack
--> Saved seed 2 checkpoint at step 176 to checkpoints/lmpredV2_no_self_pred/cramped_room5x5/baseline_seed_2_step_176.msgpack
--> Saved seed 3 checkpoint at step 176 to checkpoints/lmpredV2_no_self_pred/cramped_room5x5/baseline_seed_3_step_176.msgpack
--> Saved seed 4 checkpoint at step 176 to checkpoints/lmpredV2_no_self_pred/cramped_room5x5/baseline_seed_4_step_176.msgpack
--> Saved seed 0 checkpoint at step 198 to checkpoints/lmpredV2_no_self_pred/cramped_room5x5/baseline_seed_0_step_198.msgpack
--> Saved seed 1 checkpoint at step 198 to checkpoints/lmpredV2_no_self_pred/cramped_room5x5/baseline_seed_1_step_198.msgpack
--> Saved seed 2 checkpoint at step 198 to checkpoints/lmpredV2_no_self_pred/cramped_room5x5/baseline_seed_2_step_198.msgpack
--> Saved seed 3 checkpoint at step 198 to checkpoints/lmpredV2_no_self_pred/cramped_room5x5/baseline_seed_3_step_198.msgpack
--> Saved seed 4 checkpoint at step 198 to checkpoints/lmpredV2_no_self_pred/cramped_room5x5/baseline_seed_4_step_198.msgpack
--> Saved seed 0 checkpoint at step 220 to checkpoints/lmpredV2_no_self_pred/cramped_room5x5/baseline_seed_0_step_220.msgpack
--> Saved seed 1 checkpoint at step 220 to checkpoints/lmpredV2_no_self_pred/cramped_room5x5/baseline_seed_1_step_220.msgpack
--> Saved seed 2 checkpoint at step 220 to checkpoints/lmpredV2_no_self_pred/cramped_room5x5/baseline_seed_2_step_220.msgpack
--> Saved seed 3 checkpoint at step 220 to checkpoints/lmpredV2_no_self_pred/cramped_room5x5/baseline_seed_3_step_220.msgpack
--> Saved seed 4 checkpoint at step 220 to checkpoints/lmpredV2_no_self_pred/cramped_room5x5/baseline_seed_4_step_220.msgpack
[1;34mwandb[0m: 
[1;34mwandb[0m: 🚀 View run [33mlmpred_no_self_pred_obsfront_cpt_cramped_room5x5[0m at: [34mhttps://wandb.ai/maytusp/oc-extended/runs/y8n3q4fu[0m
[1;34mwandb[0m: Find logs at: [1;35m../../../../../../../../net/scratch/n70579mp/tom/JaxMARL/wandb/run-20260704_142451-y8n3q4fu/logs[0m
Importing submoduled environments...
Submoduled environments not found. Skipping import.
wandb: [wandb.login()] Loaded credentials for https://api.wandb.ai from /mnt/iusers01/fatpou01/compsci01/n70579mp/.netrc.
wandb: Currently logged in as: maytusp to https://api.wandb.ai. Use `wandb login --relogin` to force relogin
wandb: Tracking run with wandb version 0.27.2
wandb: Run data is saved locally in /net/scratch/n70579mp/tom/JaxMARL/wandb/run-20260704_155450-xnbwj61t
wandb: Run `wandb offline` to turn off syncing.
wandb: Syncing run lmpred_no_self_pred_obsfront_cpt_asymm_advantages
wandb: ⭐️ View project at https://wandb.ai/maytusp/oc-extended
wandb: 🚀 View run at https://wandb.ai/maytusp/oc-extended/runs/xnbwj61t
Update steps:  228.0
Warmup epochs:  11
Cosine epochs:  217.0
--> Saved seed 0 checkpoint at step 1 to checkpoints/lmpredV2_no_self_pred/asymm_advantages/baseline_seed_0_step_1.msgpack
--> Saved seed 1 checkpoint at step 1 to checkpoints/lmpredV2_no_self_pred/asymm_advantages/baseline_seed_1_step_1.msgpack
--> Saved seed 2 checkpoint at step 1 to checkpoints/lmpredV2_no_self_pred/asymm_advantages/baseline_seed_2_step_1.msgpack
--> Saved seed 3 checkpoint at step 1 to checkpoints/lmpredV2_no_self_pred/asymm_advantages/baseline_seed_3_step_1.msgpack
--> Saved seed 4 checkpoint at step 1 to checkpoints/lmpredV2_no_self_pred/asymm_advantages/baseline_seed_4_step_1.msgpack
--> Saved seed 0 checkpoint at step 22 to checkpoints/lmpredV2_no_self_pred/asymm_advantages/baseline_seed_0_step_22.msgpack
--> Saved seed 1 checkpoint at step 22 to checkpoints/lmpredV2_no_self_pred/asymm_advantages/baseline_seed_1_step_22.msgpack
--> Saved seed 2 checkpoint at step 22 to checkpoints/lmpredV2_no_self_pred/asymm_advantages/baseline_seed_2_step_22.msgpack
--> Saved seed 3 checkpoint at step 22 to checkpoints/lmpredV2_no_self_pred/asymm_advantages/baseline_seed_3_step_22.msgpack
--> Saved seed 4 checkpoint at step 22 to checkpoints/lmpredV2_no_self_pred/asymm_advantages/baseline_seed_4_step_22.msgpack
--> Saved seed 0 checkpoint at step 44 to checkpoints/lmpredV2_no_self_pred/asymm_advantages/baseline_seed_0_step_44.msgpack
--> Saved seed 1 checkpoint at step 44 to checkpoints/lmpredV2_no_self_pred/asymm_advantages/baseline_seed_1_step_44.msgpack
--> Saved seed 2 checkpoint at step 44 to checkpoints/lmpredV2_no_self_pred/asymm_advantages/baseline_seed_2_step_44.msgpack
--> Saved seed 3 checkpoint at step 44 to checkpoints/lmpredV2_no_self_pred/asymm_advantages/baseline_seed_3_step_44.msgpack
--> Saved seed 4 checkpoint at step 44 to checkpoints/lmpredV2_no_self_pred/asymm_advantages/baseline_seed_4_step_44.msgpack
--> Saved seed 0 checkpoint at step 66 to checkpoints/lmpredV2_no_self_pred/asymm_advantages/baseline_seed_0_step_66.msgpack
--> Saved seed 1 checkpoint at step 66 to checkpoints/lmpredV2_no_self_pred/asymm_advantages/baseline_seed_1_step_66.msgpack
--> Saved seed 2 checkpoint at step 66 to checkpoints/lmpredV2_no_self_pred/asymm_advantages/baseline_seed_2_step_66.msgpack
--> Saved seed 3 checkpoint at step 66 to checkpoints/lmpredV2_no_self_pred/asymm_advantages/baseline_seed_3_step_66.msgpack
--> Saved seed 4 checkpoint at step 66 to checkpoints/lmpredV2_no_self_pred/asymm_advantages/baseline_seed_4_step_66.msgpack
--> Saved seed 0 checkpoint at step 88 to checkpoints/lmpredV2_no_self_pred/asymm_advantages/baseline_seed_0_step_88.msgpack
--> Saved seed 1 checkpoint at step 88 to checkpoints/lmpredV2_no_self_pred/asymm_advantages/baseline_seed_1_step_88.msgpack
--> Saved seed 2 checkpoint at step 88 to checkpoints/lmpredV2_no_self_pred/asymm_advantages/baseline_seed_2_step_88.msgpack
--> Saved seed 3 checkpoint at step 88 to checkpoints/lmpredV2_no_self_pred/asymm_advantages/baseline_seed_3_step_88.msgpack
--> Saved seed 4 checkpoint at step 88 to checkpoints/lmpredV2_no_self_pred/asymm_advantages/baseline_seed_4_step_88.msgpack
--> Saved seed 0 checkpoint at step 110 to checkpoints/lmpredV2_no_self_pred/asymm_advantages/baseline_seed_0_step_110.msgpack
--> Saved seed 1 checkpoint at step 110 to checkpoints/lmpredV2_no_self_pred/asymm_advantages/baseline_seed_1_step_110.msgpack
--> Saved seed 2 checkpoint at step 110 to checkpoints/lmpredV2_no_self_pred/asymm_advantages/baseline_seed_2_step_110.msgpack
--> Saved seed 3 checkpoint at step 110 to checkpoints/lmpredV2_no_self_pred/asymm_advantages/baseline_seed_3_step_110.msgpack
--> Saved seed 4 checkpoint at step 110 to checkpoints/lmpredV2_no_self_pred/asymm_advantages/baseline_seed_4_step_110.msgpack
--> Saved seed 0 checkpoint at step 132 to checkpoints/lmpredV2_no_self_pred/asymm_advantages/baseline_seed_0_step_132.msgpack
--> Saved seed 1 checkpoint at step 132 to checkpoints/lmpredV2_no_self_pred/asymm_advantages/baseline_seed_1_step_132.msgpack
--> Saved seed 2 checkpoint at step 132 to checkpoints/lmpredV2_no_self_pred/asymm_advantages/baseline_seed_2_step_132.msgpack
--> Saved seed 3 checkpoint at step 132 to checkpoints/lmpredV2_no_self_pred/asymm_advantages/baseline_seed_3_step_132.msgpack
--> Saved seed 4 checkpoint at step 132 to checkpoints/lmpredV2_no_self_pred/asymm_advantages/baseline_seed_4_step_132.msgpack
--> Saved seed 0 checkpoint at step 154 to checkpoints/lmpredV2_no_self_pred/asymm_advantages/baseline_seed_0_step_154.msgpack
--> Saved seed 1 checkpoint at step 154 to checkpoints/lmpredV2_no_self_pred/asymm_advantages/baseline_seed_1_step_154.msgpack
--> Saved seed 2 checkpoint at step 154 to checkpoints/lmpredV2_no_self_pred/asymm_advantages/baseline_seed_2_step_154.msgpack
--> Saved seed 3 checkpoint at step 154 to checkpoints/lmpredV2_no_self_pred/asymm_advantages/baseline_seed_3_step_154.msgpack
--> Saved seed 4 checkpoint at step 154 to checkpoints/lmpredV2_no_self_pred/asymm_advantages/baseline_seed_4_step_154.msgpack
--> Saved seed 0 checkpoint at step 176 to checkpoints/lmpredV2_no_self_pred/asymm_advantages/baseline_seed_0_step_176.msgpack
--> Saved seed 1 checkpoint at step 176 to checkpoints/lmpredV2_no_self_pred/asymm_advantages/baseline_seed_1_step_176.msgpack
--> Saved seed 2 checkpoint at step 176 to checkpoints/lmpredV2_no_self_pred/asymm_advantages/baseline_seed_2_step_176.msgpack
--> Saved seed 3 checkpoint at step 176 to checkpoints/lmpredV2_no_self_pred/asymm_advantages/baseline_seed_3_step_176.msgpack
--> Saved seed 4 checkpoint at step 176 to checkpoints/lmpredV2_no_self_pred/asymm_advantages/baseline_seed_4_step_176.msgpack
--> Saved seed 0 checkpoint at step 198 to checkpoints/lmpredV2_no_self_pred/asymm_advantages/baseline_seed_0_step_198.msgpack
--> Saved seed 1 checkpoint at step 198 to checkpoints/lmpredV2_no_self_pred/asymm_advantages/baseline_seed_1_step_198.msgpack
--> Saved seed 2 checkpoint at step 198 to checkpoints/lmpredV2_no_self_pred/asymm_advantages/baseline_seed_2_step_198.msgpack
--> Saved seed 3 checkpoint at step 198 to checkpoints/lmpredV2_no_self_pred/asymm_advantages/baseline_seed_3_step_198.msgpack
--> Saved seed 4 checkpoint at step 198 to checkpoints/lmpredV2_no_self_pred/asymm_advantages/baseline_seed_4_step_198.msgpack
--> Saved seed 0 checkpoint at step 220 to checkpoints/lmpredV2_no_self_pred/asymm_advantages/baseline_seed_0_step_220.msgpack
--> Saved seed 1 checkpoint at step 220 to checkpoints/lmpredV2_no_self_pred/asymm_advantages/baseline_seed_1_step_220.msgpack
--> Saved seed 2 checkpoint at step 220 to checkpoints/lmpredV2_no_self_pred/asymm_advantages/baseline_seed_2_step_220.msgpack
--> Saved seed 3 checkpoint at step 220 to checkpoints/lmpredV2_no_self_pred/asymm_advantages/baseline_seed_3_step_220.msgpack
--> Saved seed 4 checkpoint at step 220 to checkpoints/lmpredV2_no_self_pred/asymm_advantages/baseline_seed_4_step_220.msgpack
[1;34mwandb[0m: 
[1;34mwandb[0m: 🚀 View run [33mlmpred_no_self_pred_obsfront_cpt_asymm_advantages[0m at: [34mhttps://wandb.ai/maytusp/oc-extended/runs/xnbwj61t[0m
[1;34mwandb[0m: Find logs at: [1;35m../../../../../../../../net/scratch/n70579mp/tom/JaxMARL/wandb/run-20260704_155450-xnbwj61t/logs[0m
Importing submoduled environments...
Submoduled environments not found. Skipping import.
wandb: [wandb.login()] Loaded credentials for https://api.wandb.ai from /mnt/iusers01/fatpou01/compsci01/n70579mp/.netrc.
wandb: Currently logged in as: maytusp to https://api.wandb.ai. Use `wandb login --relogin` to force relogin
wandb: Tracking run with wandb version 0.27.2
wandb: Run data is saved locally in /net/scratch/n70579mp/tom/JaxMARL/wandb/run-20260704_172508-n4xzdxik
wandb: Run `wandb offline` to turn off syncing.
wandb: Syncing run lmpred_no_self_pred_obsfront_cpt_forced_coord
wandb: ⭐️ View project at https://wandb.ai/maytusp/oc-extended
wandb: 🚀 View run at https://wandb.ai/maytusp/oc-extended/runs/n4xzdxik
Update steps:  228.0
Warmup epochs:  11
Cosine epochs:  217.0
--> Saved seed 0 checkpoint at step 1 to checkpoints/lmpredV2_no_self_pred/forced_coord/baseline_seed_0_step_1.msgpack
--> Saved seed 1 checkpoint at step 1 to checkpoints/lmpredV2_no_self_pred/forced_coord/baseline_seed_1_step_1.msgpack
--> Saved seed 2 checkpoint at step 1 to checkpoints/lmpredV2_no_self_pred/forced_coord/baseline_seed_2_step_1.msgpack
--> Saved seed 3 checkpoint at step 1 to checkpoints/lmpredV2_no_self_pred/forced_coord/baseline_seed_3_step_1.msgpack
--> Saved seed 4 checkpoint at step 1 to checkpoints/lmpredV2_no_self_pred/forced_coord/baseline_seed_4_step_1.msgpack
--> Saved seed 0 checkpoint at step 22 to checkpoints/lmpredV2_no_self_pred/forced_coord/baseline_seed_0_step_22.msgpack
--> Saved seed 1 checkpoint at step 22 to checkpoints/lmpredV2_no_self_pred/forced_coord/baseline_seed_1_step_22.msgpack
--> Saved seed 2 checkpoint at step 22 to checkpoints/lmpredV2_no_self_pred/forced_coord/baseline_seed_2_step_22.msgpack
--> Saved seed 3 checkpoint at step 22 to checkpoints/lmpredV2_no_self_pred/forced_coord/baseline_seed_3_step_22.msgpack
--> Saved seed 4 checkpoint at step 22 to checkpoints/lmpredV2_no_self_pred/forced_coord/baseline_seed_4_step_22.msgpack
--> Saved seed 0 checkpoint at step 44 to checkpoints/lmpredV2_no_self_pred/forced_coord/baseline_seed_0_step_44.msgpack
--> Saved seed 1 checkpoint at step 44 to checkpoints/lmpredV2_no_self_pred/forced_coord/baseline_seed_1_step_44.msgpack
--> Saved seed 2 checkpoint at step 44 to checkpoints/lmpredV2_no_self_pred/forced_coord/baseline_seed_2_step_44.msgpack
--> Saved seed 3 checkpoint at step 44 to checkpoints/lmpredV2_no_self_pred/forced_coord/baseline_seed_3_step_44.msgpack
--> Saved seed 4 checkpoint at step 44 to checkpoints/lmpredV2_no_self_pred/forced_coord/baseline_seed_4_step_44.msgpack
--> Saved seed 0 checkpoint at step 66 to checkpoints/lmpredV2_no_self_pred/forced_coord/baseline_seed_0_step_66.msgpack
--> Saved seed 1 checkpoint at step 66 to checkpoints/lmpredV2_no_self_pred/forced_coord/baseline_seed_1_step_66.msgpack
--> Saved seed 2 checkpoint at step 66 to checkpoints/lmpredV2_no_self_pred/forced_coord/baseline_seed_2_step_66.msgpack
--> Saved seed 3 checkpoint at step 66 to checkpoints/lmpredV2_no_self_pred/forced_coord/baseline_seed_3_step_66.msgpack
--> Saved seed 4 checkpoint at step 66 to checkpoints/lmpredV2_no_self_pred/forced_coord/baseline_seed_4_step_66.msgpack
--> Saved seed 0 checkpoint at step 88 to checkpoints/lmpredV2_no_self_pred/forced_coord/baseline_seed_0_step_88.msgpack
--> Saved seed 1 checkpoint at step 88 to checkpoints/lmpredV2_no_self_pred/forced_coord/baseline_seed_1_step_88.msgpack
--> Saved seed 2 checkpoint at step 88 to checkpoints/lmpredV2_no_self_pred/forced_coord/baseline_seed_2_step_88.msgpack
--> Saved seed 3 checkpoint at step 88 to checkpoints/lmpredV2_no_self_pred/forced_coord/baseline_seed_3_step_88.msgpack
--> Saved seed 4 checkpoint at step 88 to checkpoints/lmpredV2_no_self_pred/forced_coord/baseline_seed_4_step_88.msgpack
--> Saved seed 0 checkpoint at step 110 to checkpoints/lmpredV2_no_self_pred/forced_coord/baseline_seed_0_step_110.msgpack
--> Saved seed 1 checkpoint at step 110 to checkpoints/lmpredV2_no_self_pred/forced_coord/baseline_seed_1_step_110.msgpack
--> Saved seed 2 checkpoint at step 110 to checkpoints/lmpredV2_no_self_pred/forced_coord/baseline_seed_2_step_110.msgpack
--> Saved seed 3 checkpoint at step 110 to checkpoints/lmpredV2_no_self_pred/forced_coord/baseline_seed_3_step_110.msgpack
--> Saved seed 4 checkpoint at step 110 to checkpoints/lmpredV2_no_self_pred/forced_coord/baseline_seed_4_step_110.msgpack
--> Saved seed 0 checkpoint at step 132 to checkpoints/lmpredV2_no_self_pred/forced_coord/baseline_seed_0_step_132.msgpack
--> Saved seed 1 checkpoint at step 132 to checkpoints/lmpredV2_no_self_pred/forced_coord/baseline_seed_1_step_132.msgpack
--> Saved seed 2 checkpoint at step 132 to checkpoints/lmpredV2_no_self_pred/forced_coord/baseline_seed_2_step_132.msgpack
--> Saved seed 3 checkpoint at step 132 to checkpoints/lmpredV2_no_self_pred/forced_coord/baseline_seed_3_step_132.msgpack
--> Saved seed 4 checkpoint at step 132 to checkpoints/lmpredV2_no_self_pred/forced_coord/baseline_seed_4_step_132.msgpack
--> Saved seed 0 checkpoint at step 154 to checkpoints/lmpredV2_no_self_pred/forced_coord/baseline_seed_0_step_154.msgpack
--> Saved seed 1 checkpoint at step 154 to checkpoints/lmpredV2_no_self_pred/forced_coord/baseline_seed_1_step_154.msgpack
--> Saved seed 2 checkpoint at step 154 to checkpoints/lmpredV2_no_self_pred/forced_coord/baseline_seed_2_step_154.msgpack
--> Saved seed 3 checkpoint at step 154 to checkpoints/lmpredV2_no_self_pred/forced_coord/baseline_seed_3_step_154.msgpack
--> Saved seed 4 checkpoint at step 154 to checkpoints/lmpredV2_no_self_pred/forced_coord/baseline_seed_4_step_154.msgpack
--> Saved seed 0 checkpoint at step 176 to checkpoints/lmpredV2_no_self_pred/forced_coord/baseline_seed_0_step_176.msgpack
--> Saved seed 1 checkpoint at step 176 to checkpoints/lmpredV2_no_self_pred/forced_coord/baseline_seed_1_step_176.msgpack
--> Saved seed 2 checkpoint at step 176 to checkpoints/lmpredV2_no_self_pred/forced_coord/baseline_seed_2_step_176.msgpack
--> Saved seed 3 checkpoint at step 176 to checkpoints/lmpredV2_no_self_pred/forced_coord/baseline_seed_3_step_176.msgpack
--> Saved seed 4 checkpoint at step 176 to checkpoints/lmpredV2_no_self_pred/forced_coord/baseline_seed_4_step_176.msgpack
--> Saved seed 0 checkpoint at step 198 to checkpoints/lmpredV2_no_self_pred/forced_coord/baseline_seed_0_step_198.msgpack
--> Saved seed 1 checkpoint at step 198 to checkpoints/lmpredV2_no_self_pred/forced_coord/baseline_seed_1_step_198.msgpack
--> Saved seed 2 checkpoint at step 198 to checkpoints/lmpredV2_no_self_pred/forced_coord/baseline_seed_2_step_198.msgpack
--> Saved seed 3 checkpoint at step 198 to checkpoints/lmpredV2_no_self_pred/forced_coord/baseline_seed_3_step_198.msgpack
--> Saved seed 4 checkpoint at step 198 to checkpoints/lmpredV2_no_self_pred/forced_coord/baseline_seed_4_step_198.msgpack
--> Saved seed 0 checkpoint at step 220 to checkpoints/lmpredV2_no_self_pred/forced_coord/baseline_seed_0_step_220.msgpack
--> Saved seed 1 checkpoint at step 220 to checkpoints/lmpredV2_no_self_pred/forced_coord/baseline_seed_1_step_220.msgpack
--> Saved seed 2 checkpoint at step 220 to checkpoints/lmpredV2_no_self_pred/forced_coord/baseline_seed_2_step_220.msgpack
--> Saved seed 3 checkpoint at step 220 to checkpoints/lmpredV2_no_self_pred/forced_coord/baseline_seed_3_step_220.msgpack
--> Saved seed 4 checkpoint at step 220 to checkpoints/lmpredV2_no_self_pred/forced_coord/baseline_seed_4_step_220.msgpack
[1;34mwandb[0m: 
[1;34mwandb[0m: 🚀 View run [33mlmpred_no_self_pred_obsfront_cpt_forced_coord[0m at: [34mhttps://wandb.ai/maytusp/oc-extended/runs/n4xzdxik[0m
[1;34mwandb[0m: Find logs at: [1;35m../../../../../../../../net/scratch/n70579mp/tom/JaxMARL/wandb/run-20260704_172508-n4xzdxik/logs[0m
