Script directory: /mnt/iusers01/fatpou01/compsci01/n70579mp/scratch/tom/JaxMARL
Importing submoduled environments...
Submoduled environments not found. Skipping import.
wandb: [wandb.login()] Loaded credentials for https://api.wandb.ai from /mnt/iusers01/fatpou01/compsci01/n70579mp/.netrc.
wandb: Currently logged in as: maytusp to https://api.wandb.ai. Use `wandb login --relogin` to force relogin
wandb: setting up run r6ifuxdh
wandb: Tracking run with wandb version 0.27.2
wandb: Run data is saved locally in /net/scratch/n70579mp/tom/JaxMARL/wandb/run-20260703_085347-r6ifuxdh
wandb: Run `wandb offline` to turn off syncing.
wandb: Syncing run lmpred005_obsfront_sameinp_counter_circuit
wandb: ⭐️ View project at https://wandb.ai/maytusp/oc-extended
wandb: 🚀 View run at https://wandb.ai/maytusp/oc-extended/runs/r6ifuxdh
Update steps:  381.0
Warmup epochs:  19
Cosine epochs:  362.0
--> Saved seed 0 checkpoint at step 1 to checkpoints/lmpred005_ablate/counter_circuit/baseline_seed_0_step_1.msgpack
--> Saved seed 1 checkpoint at step 1 to checkpoints/lmpred005_ablate/counter_circuit/baseline_seed_1_step_1.msgpack
--> Saved seed 2 checkpoint at step 1 to checkpoints/lmpred005_ablate/counter_circuit/baseline_seed_2_step_1.msgpack
--> Saved seed 3 checkpoint at step 1 to checkpoints/lmpred005_ablate/counter_circuit/baseline_seed_3_step_1.msgpack
--> Saved seed 4 checkpoint at step 1 to checkpoints/lmpred005_ablate/counter_circuit/baseline_seed_4_step_1.msgpack
--> Saved seed 0 checkpoint at step 38 to checkpoints/lmpred005_ablate/counter_circuit/baseline_seed_0_step_38.msgpack
--> Saved seed 1 checkpoint at step 38 to checkpoints/lmpred005_ablate/counter_circuit/baseline_seed_1_step_38.msgpack
--> Saved seed 2 checkpoint at step 38 to checkpoints/lmpred005_ablate/counter_circuit/baseline_seed_2_step_38.msgpack
--> Saved seed 3 checkpoint at step 38 to checkpoints/lmpred005_ablate/counter_circuit/baseline_seed_3_step_38.msgpack
--> Saved seed 4 checkpoint at step 38 to checkpoints/lmpred005_ablate/counter_circuit/baseline_seed_4_step_38.msgpack
--> Saved seed 0 checkpoint at step 76 to checkpoints/lmpred005_ablate/counter_circuit/baseline_seed_0_step_76.msgpack
--> Saved seed 1 checkpoint at step 76 to checkpoints/lmpred005_ablate/counter_circuit/baseline_seed_1_step_76.msgpack
--> Saved seed 2 checkpoint at step 76 to checkpoints/lmpred005_ablate/counter_circuit/baseline_seed_2_step_76.msgpack
--> Saved seed 3 checkpoint at step 76 to checkpoints/lmpred005_ablate/counter_circuit/baseline_seed_3_step_76.msgpack
--> Saved seed 4 checkpoint at step 76 to checkpoints/lmpred005_ablate/counter_circuit/baseline_seed_4_step_76.msgpack
--> Saved seed 0 checkpoint at step 114 to checkpoints/lmpred005_ablate/counter_circuit/baseline_seed_0_step_114.msgpack
--> Saved seed 1 checkpoint at step 114 to checkpoints/lmpred005_ablate/counter_circuit/baseline_seed_1_step_114.msgpack
--> Saved seed 2 checkpoint at step 114 to checkpoints/lmpred005_ablate/counter_circuit/baseline_seed_2_step_114.msgpack
--> Saved seed 3 checkpoint at step 114 to checkpoints/lmpred005_ablate/counter_circuit/baseline_seed_3_step_114.msgpack
--> Saved seed 4 checkpoint at step 114 to checkpoints/lmpred005_ablate/counter_circuit/baseline_seed_4_step_114.msgpack
--> Saved seed 0 checkpoint at step 152 to checkpoints/lmpred005_ablate/counter_circuit/baseline_seed_0_step_152.msgpack
--> Saved seed 1 checkpoint at step 152 to checkpoints/lmpred005_ablate/counter_circuit/baseline_seed_1_step_152.msgpack
--> Saved seed 2 checkpoint at step 152 to checkpoints/lmpred005_ablate/counter_circuit/baseline_seed_2_step_152.msgpack
--> Saved seed 3 checkpoint at step 152 to checkpoints/lmpred005_ablate/counter_circuit/baseline_seed_3_step_152.msgpack
--> Saved seed 4 checkpoint at step 152 to checkpoints/lmpred005_ablate/counter_circuit/baseline_seed_4_step_152.msgpack
--> Saved seed 0 checkpoint at step 190 to checkpoints/lmpred005_ablate/counter_circuit/baseline_seed_0_step_190.msgpack
--> Saved seed 1 checkpoint at step 190 to checkpoints/lmpred005_ablate/counter_circuit/baseline_seed_1_step_190.msgpack
--> Saved seed 2 checkpoint at step 190 to checkpoints/lmpred005_ablate/counter_circuit/baseline_seed_2_step_190.msgpack
--> Saved seed 3 checkpoint at step 190 to checkpoints/lmpred005_ablate/counter_circuit/baseline_seed_3_step_190.msgpack
--> Saved seed 4 checkpoint at step 190 to checkpoints/lmpred005_ablate/counter_circuit/baseline_seed_4_step_190.msgpack
--> Saved seed 0 checkpoint at step 228 to checkpoints/lmpred005_ablate/counter_circuit/baseline_seed_0_step_228.msgpack
--> Saved seed 1 checkpoint at step 228 to checkpoints/lmpred005_ablate/counter_circuit/baseline_seed_1_step_228.msgpack
--> Saved seed 2 checkpoint at step 228 to checkpoints/lmpred005_ablate/counter_circuit/baseline_seed_2_step_228.msgpack
--> Saved seed 3 checkpoint at step 228 to checkpoints/lmpred005_ablate/counter_circuit/baseline_seed_3_step_228.msgpack
--> Saved seed 4 checkpoint at step 228 to checkpoints/lmpred005_ablate/counter_circuit/baseline_seed_4_step_228.msgpack
--> Saved seed 0 checkpoint at step 266 to checkpoints/lmpred005_ablate/counter_circuit/baseline_seed_0_step_266.msgpack
--> Saved seed 1 checkpoint at step 266 to checkpoints/lmpred005_ablate/counter_circuit/baseline_seed_1_step_266.msgpack
--> Saved seed 2 checkpoint at step 266 to checkpoints/lmpred005_ablate/counter_circuit/baseline_seed_2_step_266.msgpack
--> Saved seed 3 checkpoint at step 266 to checkpoints/lmpred005_ablate/counter_circuit/baseline_seed_3_step_266.msgpack
--> Saved seed 4 checkpoint at step 266 to checkpoints/lmpred005_ablate/counter_circuit/baseline_seed_4_step_266.msgpack
--> Saved seed 0 checkpoint at step 304 to checkpoints/lmpred005_ablate/counter_circuit/baseline_seed_0_step_304.msgpack
--> Saved seed 1 checkpoint at step 304 to checkpoints/lmpred005_ablate/counter_circuit/baseline_seed_1_step_304.msgpack
--> Saved seed 2 checkpoint at step 304 to checkpoints/lmpred005_ablate/counter_circuit/baseline_seed_2_step_304.msgpack
--> Saved seed 3 checkpoint at step 304 to checkpoints/lmpred005_ablate/counter_circuit/baseline_seed_3_step_304.msgpack
--> Saved seed 4 checkpoint at step 304 to checkpoints/lmpred005_ablate/counter_circuit/baseline_seed_4_step_304.msgpack
--> Saved seed 0 checkpoint at step 342 to checkpoints/lmpred005_ablate/counter_circuit/baseline_seed_0_step_342.msgpack
--> Saved seed 1 checkpoint at step 342 to checkpoints/lmpred005_ablate/counter_circuit/baseline_seed_1_step_342.msgpack
--> Saved seed 2 checkpoint at step 342 to checkpoints/lmpred005_ablate/counter_circuit/baseline_seed_2_step_342.msgpack
--> Saved seed 3 checkpoint at step 342 to checkpoints/lmpred005_ablate/counter_circuit/baseline_seed_3_step_342.msgpack
--> Saved seed 4 checkpoint at step 342 to checkpoints/lmpred005_ablate/counter_circuit/baseline_seed_4_step_342.msgpack
--> Saved seed 0 checkpoint at step 380 to checkpoints/lmpred005_ablate/counter_circuit/baseline_seed_0_step_380.msgpack
--> Saved seed 1 checkpoint at step 380 to checkpoints/lmpred005_ablate/counter_circuit/baseline_seed_1_step_380.msgpack
--> Saved seed 2 checkpoint at step 380 to checkpoints/lmpred005_ablate/counter_circuit/baseline_seed_2_step_380.msgpack
--> Saved seed 3 checkpoint at step 380 to checkpoints/lmpred005_ablate/counter_circuit/baseline_seed_3_step_380.msgpack
--> Saved seed 4 checkpoint at step 380 to checkpoints/lmpred005_ablate/counter_circuit/baseline_seed_4_step_380.msgpack
[1;34mwandb[0m: 
[1;34mwandb[0m: 🚀 View run [33mlmpred005_obsfront_sameinp_counter_circuit[0m at: [34mhttps://wandb.ai/maytusp/oc-extended/runs/r6ifuxdh[0m
[1;34mwandb[0m: Find logs at: [1;35m../../../../../../../../net/scratch/n70579mp/tom/JaxMARL/wandb/run-20260703_085347-r6ifuxdh/logs[0m
Importing submoduled environments...
Submoduled environments not found. Skipping import.
wandb: [wandb.login()] Loaded credentials for https://api.wandb.ai from /mnt/iusers01/fatpou01/compsci01/n70579mp/.netrc.
wandb: Currently logged in as: maytusp to https://api.wandb.ai. Use `wandb login --relogin` to force relogin
wandb: setting up run btcz6ks8
wandb: Tracking run with wandb version 0.27.2
wandb: Run data is saved locally in /net/scratch/n70579mp/tom/JaxMARL/wandb/run-20260703_112038-btcz6ks8
wandb: Run `wandb offline` to turn off syncing.
wandb: Syncing run lmpred02_obsfront_sameinp_counter_circuit
wandb: ⭐️ View project at https://wandb.ai/maytusp/oc-extended
wandb: 🚀 View run at https://wandb.ai/maytusp/oc-extended/runs/btcz6ks8
Update steps:  381.0
Warmup epochs:  19
Cosine epochs:  362.0
--> Saved seed 0 checkpoint at step 1 to checkpoints/lmpred02_ablate/counter_circuit/baseline_seed_0_step_1.msgpack
--> Saved seed 1 checkpoint at step 1 to checkpoints/lmpred02_ablate/counter_circuit/baseline_seed_1_step_1.msgpack
--> Saved seed 2 checkpoint at step 1 to checkpoints/lmpred02_ablate/counter_circuit/baseline_seed_2_step_1.msgpack
--> Saved seed 3 checkpoint at step 1 to checkpoints/lmpred02_ablate/counter_circuit/baseline_seed_3_step_1.msgpack
--> Saved seed 4 checkpoint at step 1 to checkpoints/lmpred02_ablate/counter_circuit/baseline_seed_4_step_1.msgpack
--> Saved seed 0 checkpoint at step 38 to checkpoints/lmpred02_ablate/counter_circuit/baseline_seed_0_step_38.msgpack
--> Saved seed 1 checkpoint at step 38 to checkpoints/lmpred02_ablate/counter_circuit/baseline_seed_1_step_38.msgpack
--> Saved seed 2 checkpoint at step 38 to checkpoints/lmpred02_ablate/counter_circuit/baseline_seed_2_step_38.msgpack
--> Saved seed 3 checkpoint at step 38 to checkpoints/lmpred02_ablate/counter_circuit/baseline_seed_3_step_38.msgpack
--> Saved seed 4 checkpoint at step 38 to checkpoints/lmpred02_ablate/counter_circuit/baseline_seed_4_step_38.msgpack
--> Saved seed 0 checkpoint at step 76 to checkpoints/lmpred02_ablate/counter_circuit/baseline_seed_0_step_76.msgpack
--> Saved seed 1 checkpoint at step 76 to checkpoints/lmpred02_ablate/counter_circuit/baseline_seed_1_step_76.msgpack
--> Saved seed 2 checkpoint at step 76 to checkpoints/lmpred02_ablate/counter_circuit/baseline_seed_2_step_76.msgpack
--> Saved seed 3 checkpoint at step 76 to checkpoints/lmpred02_ablate/counter_circuit/baseline_seed_3_step_76.msgpack
--> Saved seed 4 checkpoint at step 76 to checkpoints/lmpred02_ablate/counter_circuit/baseline_seed_4_step_76.msgpack
--> Saved seed 0 checkpoint at step 114 to checkpoints/lmpred02_ablate/counter_circuit/baseline_seed_0_step_114.msgpack
--> Saved seed 1 checkpoint at step 114 to checkpoints/lmpred02_ablate/counter_circuit/baseline_seed_1_step_114.msgpack
--> Saved seed 2 checkpoint at step 114 to checkpoints/lmpred02_ablate/counter_circuit/baseline_seed_2_step_114.msgpack
--> Saved seed 3 checkpoint at step 114 to checkpoints/lmpred02_ablate/counter_circuit/baseline_seed_3_step_114.msgpack
--> Saved seed 4 checkpoint at step 114 to checkpoints/lmpred02_ablate/counter_circuit/baseline_seed_4_step_114.msgpack
--> Saved seed 0 checkpoint at step 152 to checkpoints/lmpred02_ablate/counter_circuit/baseline_seed_0_step_152.msgpack
--> Saved seed 1 checkpoint at step 152 to checkpoints/lmpred02_ablate/counter_circuit/baseline_seed_1_step_152.msgpack
--> Saved seed 2 checkpoint at step 152 to checkpoints/lmpred02_ablate/counter_circuit/baseline_seed_2_step_152.msgpack
--> Saved seed 3 checkpoint at step 152 to checkpoints/lmpred02_ablate/counter_circuit/baseline_seed_3_step_152.msgpack
--> Saved seed 4 checkpoint at step 152 to checkpoints/lmpred02_ablate/counter_circuit/baseline_seed_4_step_152.msgpack
--> Saved seed 0 checkpoint at step 190 to checkpoints/lmpred02_ablate/counter_circuit/baseline_seed_0_step_190.msgpack
--> Saved seed 1 checkpoint at step 190 to checkpoints/lmpred02_ablate/counter_circuit/baseline_seed_1_step_190.msgpack
--> Saved seed 2 checkpoint at step 190 to checkpoints/lmpred02_ablate/counter_circuit/baseline_seed_2_step_190.msgpack
--> Saved seed 3 checkpoint at step 190 to checkpoints/lmpred02_ablate/counter_circuit/baseline_seed_3_step_190.msgpack
--> Saved seed 4 checkpoint at step 190 to checkpoints/lmpred02_ablate/counter_circuit/baseline_seed_4_step_190.msgpack
--> Saved seed 0 checkpoint at step 228 to checkpoints/lmpred02_ablate/counter_circuit/baseline_seed_0_step_228.msgpack
--> Saved seed 1 checkpoint at step 228 to checkpoints/lmpred02_ablate/counter_circuit/baseline_seed_1_step_228.msgpack
--> Saved seed 2 checkpoint at step 228 to checkpoints/lmpred02_ablate/counter_circuit/baseline_seed_2_step_228.msgpack
--> Saved seed 3 checkpoint at step 228 to checkpoints/lmpred02_ablate/counter_circuit/baseline_seed_3_step_228.msgpack
--> Saved seed 4 checkpoint at step 228 to checkpoints/lmpred02_ablate/counter_circuit/baseline_seed_4_step_228.msgpack
--> Saved seed 0 checkpoint at step 266 to checkpoints/lmpred02_ablate/counter_circuit/baseline_seed_0_step_266.msgpack
--> Saved seed 1 checkpoint at step 266 to checkpoints/lmpred02_ablate/counter_circuit/baseline_seed_1_step_266.msgpack
--> Saved seed 2 checkpoint at step 266 to checkpoints/lmpred02_ablate/counter_circuit/baseline_seed_2_step_266.msgpack
--> Saved seed 3 checkpoint at step 266 to checkpoints/lmpred02_ablate/counter_circuit/baseline_seed_3_step_266.msgpack
--> Saved seed 4 checkpoint at step 266 to checkpoints/lmpred02_ablate/counter_circuit/baseline_seed_4_step_266.msgpack
--> Saved seed 0 checkpoint at step 304 to checkpoints/lmpred02_ablate/counter_circuit/baseline_seed_0_step_304.msgpack
--> Saved seed 1 checkpoint at step 304 to checkpoints/lmpred02_ablate/counter_circuit/baseline_seed_1_step_304.msgpack
--> Saved seed 2 checkpoint at step 304 to checkpoints/lmpred02_ablate/counter_circuit/baseline_seed_2_step_304.msgpack
--> Saved seed 3 checkpoint at step 304 to checkpoints/lmpred02_ablate/counter_circuit/baseline_seed_3_step_304.msgpack
--> Saved seed 4 checkpoint at step 304 to checkpoints/lmpred02_ablate/counter_circuit/baseline_seed_4_step_304.msgpack
--> Saved seed 0 checkpoint at step 342 to checkpoints/lmpred02_ablate/counter_circuit/baseline_seed_0_step_342.msgpack
--> Saved seed 1 checkpoint at step 342 to checkpoints/lmpred02_ablate/counter_circuit/baseline_seed_1_step_342.msgpack
--> Saved seed 2 checkpoint at step 342 to checkpoints/lmpred02_ablate/counter_circuit/baseline_seed_2_step_342.msgpack
--> Saved seed 3 checkpoint at step 342 to checkpoints/lmpred02_ablate/counter_circuit/baseline_seed_3_step_342.msgpack
--> Saved seed 4 checkpoint at step 342 to checkpoints/lmpred02_ablate/counter_circuit/baseline_seed_4_step_342.msgpack
--> Saved seed 0 checkpoint at step 380 to checkpoints/lmpred02_ablate/counter_circuit/baseline_seed_0_step_380.msgpack
--> Saved seed 1 checkpoint at step 380 to checkpoints/lmpred02_ablate/counter_circuit/baseline_seed_1_step_380.msgpack
--> Saved seed 2 checkpoint at step 380 to checkpoints/lmpred02_ablate/counter_circuit/baseline_seed_2_step_380.msgpack
--> Saved seed 3 checkpoint at step 380 to checkpoints/lmpred02_ablate/counter_circuit/baseline_seed_3_step_380.msgpack
--> Saved seed 4 checkpoint at step 380 to checkpoints/lmpred02_ablate/counter_circuit/baseline_seed_4_step_380.msgpack
[1;34mwandb[0m: 
[1;34mwandb[0m: 🚀 View run [33mlmpred02_obsfront_sameinp_counter_circuit[0m at: [34mhttps://wandb.ai/maytusp/oc-extended/runs/btcz6ks8[0m
[1;34mwandb[0m: Find logs at: [1;35m../../../../../../../../net/scratch/n70579mp/tom/JaxMARL/wandb/run-20260703_112038-btcz6ks8/logs[0m
Importing submoduled environments...
Submoduled environments not found. Skipping import.
wandb: [wandb.login()] Loaded credentials for https://api.wandb.ai from /mnt/iusers01/fatpou01/compsci01/n70579mp/.netrc.
wandb: Currently logged in as: maytusp to https://api.wandb.ai. Use `wandb login --relogin` to force relogin
wandb: setting up run t3pf2tjd
wandb: Tracking run with wandb version 0.27.2
wandb: Run data is saved locally in /net/scratch/n70579mp/tom/JaxMARL/wandb/run-20260703_134716-t3pf2tjd
wandb: Run `wandb offline` to turn off syncing.
wandb: Syncing run lmpred04_obsfront_sameinp_counter_circuit
wandb: ⭐️ View project at https://wandb.ai/maytusp/oc-extended
wandb: 🚀 View run at https://wandb.ai/maytusp/oc-extended/runs/t3pf2tjd
Update steps:  381.0
Warmup epochs:  19
Cosine epochs:  362.0
--> Saved seed 0 checkpoint at step 1 to checkpoints/lmpred04_ablate/counter_circuit/baseline_seed_0_step_1.msgpack
--> Saved seed 1 checkpoint at step 1 to checkpoints/lmpred04_ablate/counter_circuit/baseline_seed_1_step_1.msgpack
--> Saved seed 2 checkpoint at step 1 to checkpoints/lmpred04_ablate/counter_circuit/baseline_seed_2_step_1.msgpack
--> Saved seed 3 checkpoint at step 1 to checkpoints/lmpred04_ablate/counter_circuit/baseline_seed_3_step_1.msgpack
--> Saved seed 4 checkpoint at step 1 to checkpoints/lmpred04_ablate/counter_circuit/baseline_seed_4_step_1.msgpack
--> Saved seed 0 checkpoint at step 38 to checkpoints/lmpred04_ablate/counter_circuit/baseline_seed_0_step_38.msgpack
--> Saved seed 1 checkpoint at step 38 to checkpoints/lmpred04_ablate/counter_circuit/baseline_seed_1_step_38.msgpack
--> Saved seed 2 checkpoint at step 38 to checkpoints/lmpred04_ablate/counter_circuit/baseline_seed_2_step_38.msgpack
--> Saved seed 3 checkpoint at step 38 to checkpoints/lmpred04_ablate/counter_circuit/baseline_seed_3_step_38.msgpack
--> Saved seed 4 checkpoint at step 38 to checkpoints/lmpred04_ablate/counter_circuit/baseline_seed_4_step_38.msgpack
--> Saved seed 0 checkpoint at step 76 to checkpoints/lmpred04_ablate/counter_circuit/baseline_seed_0_step_76.msgpack
--> Saved seed 1 checkpoint at step 76 to checkpoints/lmpred04_ablate/counter_circuit/baseline_seed_1_step_76.msgpack
--> Saved seed 2 checkpoint at step 76 to checkpoints/lmpred04_ablate/counter_circuit/baseline_seed_2_step_76.msgpack
--> Saved seed 3 checkpoint at step 76 to checkpoints/lmpred04_ablate/counter_circuit/baseline_seed_3_step_76.msgpack
--> Saved seed 4 checkpoint at step 76 to checkpoints/lmpred04_ablate/counter_circuit/baseline_seed_4_step_76.msgpack
--> Saved seed 0 checkpoint at step 114 to checkpoints/lmpred04_ablate/counter_circuit/baseline_seed_0_step_114.msgpack
--> Saved seed 1 checkpoint at step 114 to checkpoints/lmpred04_ablate/counter_circuit/baseline_seed_1_step_114.msgpack
--> Saved seed 2 checkpoint at step 114 to checkpoints/lmpred04_ablate/counter_circuit/baseline_seed_2_step_114.msgpack
--> Saved seed 3 checkpoint at step 114 to checkpoints/lmpred04_ablate/counter_circuit/baseline_seed_3_step_114.msgpack
--> Saved seed 4 checkpoint at step 114 to checkpoints/lmpred04_ablate/counter_circuit/baseline_seed_4_step_114.msgpack
--> Saved seed 0 checkpoint at step 152 to checkpoints/lmpred04_ablate/counter_circuit/baseline_seed_0_step_152.msgpack
--> Saved seed 1 checkpoint at step 152 to checkpoints/lmpred04_ablate/counter_circuit/baseline_seed_1_step_152.msgpack
--> Saved seed 2 checkpoint at step 152 to checkpoints/lmpred04_ablate/counter_circuit/baseline_seed_2_step_152.msgpack
--> Saved seed 3 checkpoint at step 152 to checkpoints/lmpred04_ablate/counter_circuit/baseline_seed_3_step_152.msgpack
--> Saved seed 4 checkpoint at step 152 to checkpoints/lmpred04_ablate/counter_circuit/baseline_seed_4_step_152.msgpack
--> Saved seed 0 checkpoint at step 190 to checkpoints/lmpred04_ablate/counter_circuit/baseline_seed_0_step_190.msgpack
--> Saved seed 1 checkpoint at step 190 to checkpoints/lmpred04_ablate/counter_circuit/baseline_seed_1_step_190.msgpack
--> Saved seed 2 checkpoint at step 190 to checkpoints/lmpred04_ablate/counter_circuit/baseline_seed_2_step_190.msgpack
--> Saved seed 3 checkpoint at step 190 to checkpoints/lmpred04_ablate/counter_circuit/baseline_seed_3_step_190.msgpack
--> Saved seed 4 checkpoint at step 190 to checkpoints/lmpred04_ablate/counter_circuit/baseline_seed_4_step_190.msgpack
--> Saved seed 0 checkpoint at step 228 to checkpoints/lmpred04_ablate/counter_circuit/baseline_seed_0_step_228.msgpack
--> Saved seed 1 checkpoint at step 228 to checkpoints/lmpred04_ablate/counter_circuit/baseline_seed_1_step_228.msgpack
--> Saved seed 2 checkpoint at step 228 to checkpoints/lmpred04_ablate/counter_circuit/baseline_seed_2_step_228.msgpack
--> Saved seed 3 checkpoint at step 228 to checkpoints/lmpred04_ablate/counter_circuit/baseline_seed_3_step_228.msgpack
--> Saved seed 4 checkpoint at step 228 to checkpoints/lmpred04_ablate/counter_circuit/baseline_seed_4_step_228.msgpack
--> Saved seed 0 checkpoint at step 266 to checkpoints/lmpred04_ablate/counter_circuit/baseline_seed_0_step_266.msgpack
--> Saved seed 1 checkpoint at step 266 to checkpoints/lmpred04_ablate/counter_circuit/baseline_seed_1_step_266.msgpack
--> Saved seed 2 checkpoint at step 266 to checkpoints/lmpred04_ablate/counter_circuit/baseline_seed_2_step_266.msgpack
--> Saved seed 3 checkpoint at step 266 to checkpoints/lmpred04_ablate/counter_circuit/baseline_seed_3_step_266.msgpack
--> Saved seed 4 checkpoint at step 266 to checkpoints/lmpred04_ablate/counter_circuit/baseline_seed_4_step_266.msgpack
--> Saved seed 0 checkpoint at step 304 to checkpoints/lmpred04_ablate/counter_circuit/baseline_seed_0_step_304.msgpack
--> Saved seed 1 checkpoint at step 304 to checkpoints/lmpred04_ablate/counter_circuit/baseline_seed_1_step_304.msgpack
--> Saved seed 2 checkpoint at step 304 to checkpoints/lmpred04_ablate/counter_circuit/baseline_seed_2_step_304.msgpack
--> Saved seed 3 checkpoint at step 304 to checkpoints/lmpred04_ablate/counter_circuit/baseline_seed_3_step_304.msgpack
--> Saved seed 4 checkpoint at step 304 to checkpoints/lmpred04_ablate/counter_circuit/baseline_seed_4_step_304.msgpack
--> Saved seed 0 checkpoint at step 342 to checkpoints/lmpred04_ablate/counter_circuit/baseline_seed_0_step_342.msgpack
--> Saved seed 1 checkpoint at step 342 to checkpoints/lmpred04_ablate/counter_circuit/baseline_seed_1_step_342.msgpack
--> Saved seed 2 checkpoint at step 342 to checkpoints/lmpred04_ablate/counter_circuit/baseline_seed_2_step_342.msgpack
--> Saved seed 3 checkpoint at step 342 to checkpoints/lmpred04_ablate/counter_circuit/baseline_seed_3_step_342.msgpack
--> Saved seed 4 checkpoint at step 342 to checkpoints/lmpred04_ablate/counter_circuit/baseline_seed_4_step_342.msgpack
--> Saved seed 0 checkpoint at step 380 to checkpoints/lmpred04_ablate/counter_circuit/baseline_seed_0_step_380.msgpack
--> Saved seed 1 checkpoint at step 380 to checkpoints/lmpred04_ablate/counter_circuit/baseline_seed_1_step_380.msgpack
--> Saved seed 2 checkpoint at step 380 to checkpoints/lmpred04_ablate/counter_circuit/baseline_seed_2_step_380.msgpack
--> Saved seed 3 checkpoint at step 380 to checkpoints/lmpred04_ablate/counter_circuit/baseline_seed_3_step_380.msgpack
--> Saved seed 4 checkpoint at step 380 to checkpoints/lmpred04_ablate/counter_circuit/baseline_seed_4_step_380.msgpack
[1;34mwandb[0m: 
[1;34mwandb[0m: 🚀 View run [33mlmpred04_obsfront_sameinp_counter_circuit[0m at: [34mhttps://wandb.ai/maytusp/oc-extended/runs/t3pf2tjd[0m
[1;34mwandb[0m: Find logs at: [1;35m../../../../../../../../net/scratch/n70579mp/tom/JaxMARL/wandb/run-20260703_134716-t3pf2tjd/logs[0m
Importing submoduled environments...
Submoduled environments not found. Skipping import.
wandb: [wandb.login()] Loaded credentials for https://api.wandb.ai from /mnt/iusers01/fatpou01/compsci01/n70579mp/.netrc.
wandb: Currently logged in as: maytusp to https://api.wandb.ai. Use `wandb login --relogin` to force relogin
wandb: setting up run 77oxc6cs
wandb: Tracking run with wandb version 0.27.2
wandb: Run data is saved locally in /net/scratch/n70579mp/tom/JaxMARL/wandb/run-20260703_161413-77oxc6cs
wandb: Run `wandb offline` to turn off syncing.
wandb: Syncing run lmpred005_obsfront_sameinp_coord_ring
wandb: ⭐️ View project at https://wandb.ai/maytusp/oc-extended
wandb: 🚀 View run at https://wandb.ai/maytusp/oc-extended/runs/77oxc6cs
Update steps:  228.0
Warmup epochs:  11
Cosine epochs:  217.0
--> Saved seed 0 checkpoint at step 1 to checkpoints/lmpred005_ablate/coord_ring/baseline_seed_0_step_1.msgpack
--> Saved seed 1 checkpoint at step 1 to checkpoints/lmpred005_ablate/coord_ring/baseline_seed_1_step_1.msgpack
--> Saved seed 2 checkpoint at step 1 to checkpoints/lmpred005_ablate/coord_ring/baseline_seed_2_step_1.msgpack
--> Saved seed 3 checkpoint at step 1 to checkpoints/lmpred005_ablate/coord_ring/baseline_seed_3_step_1.msgpack
--> Saved seed 4 checkpoint at step 1 to checkpoints/lmpred005_ablate/coord_ring/baseline_seed_4_step_1.msgpack
--> Saved seed 0 checkpoint at step 22 to checkpoints/lmpred005_ablate/coord_ring/baseline_seed_0_step_22.msgpack
--> Saved seed 1 checkpoint at step 22 to checkpoints/lmpred005_ablate/coord_ring/baseline_seed_1_step_22.msgpack
--> Saved seed 2 checkpoint at step 22 to checkpoints/lmpred005_ablate/coord_ring/baseline_seed_2_step_22.msgpack
--> Saved seed 3 checkpoint at step 22 to checkpoints/lmpred005_ablate/coord_ring/baseline_seed_3_step_22.msgpack
--> Saved seed 4 checkpoint at step 22 to checkpoints/lmpred005_ablate/coord_ring/baseline_seed_4_step_22.msgpack
--> Saved seed 0 checkpoint at step 44 to checkpoints/lmpred005_ablate/coord_ring/baseline_seed_0_step_44.msgpack
--> Saved seed 1 checkpoint at step 44 to checkpoints/lmpred005_ablate/coord_ring/baseline_seed_1_step_44.msgpack
--> Saved seed 2 checkpoint at step 44 to checkpoints/lmpred005_ablate/coord_ring/baseline_seed_2_step_44.msgpack
--> Saved seed 3 checkpoint at step 44 to checkpoints/lmpred005_ablate/coord_ring/baseline_seed_3_step_44.msgpack
--> Saved seed 4 checkpoint at step 44 to checkpoints/lmpred005_ablate/coord_ring/baseline_seed_4_step_44.msgpack
--> Saved seed 0 checkpoint at step 66 to checkpoints/lmpred005_ablate/coord_ring/baseline_seed_0_step_66.msgpack
--> Saved seed 1 checkpoint at step 66 to checkpoints/lmpred005_ablate/coord_ring/baseline_seed_1_step_66.msgpack
--> Saved seed 2 checkpoint at step 66 to checkpoints/lmpred005_ablate/coord_ring/baseline_seed_2_step_66.msgpack
--> Saved seed 3 checkpoint at step 66 to checkpoints/lmpred005_ablate/coord_ring/baseline_seed_3_step_66.msgpack
--> Saved seed 4 checkpoint at step 66 to checkpoints/lmpred005_ablate/coord_ring/baseline_seed_4_step_66.msgpack
--> Saved seed 0 checkpoint at step 88 to checkpoints/lmpred005_ablate/coord_ring/baseline_seed_0_step_88.msgpack
--> Saved seed 1 checkpoint at step 88 to checkpoints/lmpred005_ablate/coord_ring/baseline_seed_1_step_88.msgpack
--> Saved seed 2 checkpoint at step 88 to checkpoints/lmpred005_ablate/coord_ring/baseline_seed_2_step_88.msgpack
--> Saved seed 3 checkpoint at step 88 to checkpoints/lmpred005_ablate/coord_ring/baseline_seed_3_step_88.msgpack
--> Saved seed 4 checkpoint at step 88 to checkpoints/lmpred005_ablate/coord_ring/baseline_seed_4_step_88.msgpack
--> Saved seed 0 checkpoint at step 110 to checkpoints/lmpred005_ablate/coord_ring/baseline_seed_0_step_110.msgpack
--> Saved seed 1 checkpoint at step 110 to checkpoints/lmpred005_ablate/coord_ring/baseline_seed_1_step_110.msgpack
--> Saved seed 2 checkpoint at step 110 to checkpoints/lmpred005_ablate/coord_ring/baseline_seed_2_step_110.msgpack
--> Saved seed 3 checkpoint at step 110 to checkpoints/lmpred005_ablate/coord_ring/baseline_seed_3_step_110.msgpack
--> Saved seed 4 checkpoint at step 110 to checkpoints/lmpred005_ablate/coord_ring/baseline_seed_4_step_110.msgpack
--> Saved seed 0 checkpoint at step 132 to checkpoints/lmpred005_ablate/coord_ring/baseline_seed_0_step_132.msgpack
--> Saved seed 1 checkpoint at step 132 to checkpoints/lmpred005_ablate/coord_ring/baseline_seed_1_step_132.msgpack
--> Saved seed 2 checkpoint at step 132 to checkpoints/lmpred005_ablate/coord_ring/baseline_seed_2_step_132.msgpack
--> Saved seed 3 checkpoint at step 132 to checkpoints/lmpred005_ablate/coord_ring/baseline_seed_3_step_132.msgpack
--> Saved seed 4 checkpoint at step 132 to checkpoints/lmpred005_ablate/coord_ring/baseline_seed_4_step_132.msgpack
--> Saved seed 0 checkpoint at step 154 to checkpoints/lmpred005_ablate/coord_ring/baseline_seed_0_step_154.msgpack
--> Saved seed 1 checkpoint at step 154 to checkpoints/lmpred005_ablate/coord_ring/baseline_seed_1_step_154.msgpack
--> Saved seed 2 checkpoint at step 154 to checkpoints/lmpred005_ablate/coord_ring/baseline_seed_2_step_154.msgpack
--> Saved seed 3 checkpoint at step 154 to checkpoints/lmpred005_ablate/coord_ring/baseline_seed_3_step_154.msgpack
--> Saved seed 4 checkpoint at step 154 to checkpoints/lmpred005_ablate/coord_ring/baseline_seed_4_step_154.msgpack
--> Saved seed 0 checkpoint at step 176 to checkpoints/lmpred005_ablate/coord_ring/baseline_seed_0_step_176.msgpack
--> Saved seed 1 checkpoint at step 176 to checkpoints/lmpred005_ablate/coord_ring/baseline_seed_1_step_176.msgpack
--> Saved seed 2 checkpoint at step 176 to checkpoints/lmpred005_ablate/coord_ring/baseline_seed_2_step_176.msgpack
--> Saved seed 3 checkpoint at step 176 to checkpoints/lmpred005_ablate/coord_ring/baseline_seed_3_step_176.msgpack
--> Saved seed 4 checkpoint at step 176 to checkpoints/lmpred005_ablate/coord_ring/baseline_seed_4_step_176.msgpack
--> Saved seed 0 checkpoint at step 198 to checkpoints/lmpred005_ablate/coord_ring/baseline_seed_0_step_198.msgpack
--> Saved seed 1 checkpoint at step 198 to checkpoints/lmpred005_ablate/coord_ring/baseline_seed_1_step_198.msgpack
--> Saved seed 2 checkpoint at step 198 to checkpoints/lmpred005_ablate/coord_ring/baseline_seed_2_step_198.msgpack
--> Saved seed 3 checkpoint at step 198 to checkpoints/lmpred005_ablate/coord_ring/baseline_seed_3_step_198.msgpack
--> Saved seed 4 checkpoint at step 198 to checkpoints/lmpred005_ablate/coord_ring/baseline_seed_4_step_198.msgpack
--> Saved seed 0 checkpoint at step 220 to checkpoints/lmpred005_ablate/coord_ring/baseline_seed_0_step_220.msgpack
--> Saved seed 1 checkpoint at step 220 to checkpoints/lmpred005_ablate/coord_ring/baseline_seed_1_step_220.msgpack
--> Saved seed 2 checkpoint at step 220 to checkpoints/lmpred005_ablate/coord_ring/baseline_seed_2_step_220.msgpack
--> Saved seed 3 checkpoint at step 220 to checkpoints/lmpred005_ablate/coord_ring/baseline_seed_3_step_220.msgpack
--> Saved seed 4 checkpoint at step 220 to checkpoints/lmpred005_ablate/coord_ring/baseline_seed_4_step_220.msgpack
[1;34mwandb[0m: 
[1;34mwandb[0m: 🚀 View run [33mlmpred005_obsfront_sameinp_coord_ring[0m at: [34mhttps://wandb.ai/maytusp/oc-extended/runs/77oxc6cs[0m
[1;34mwandb[0m: Find logs at: [1;35m../../../../../../../../net/scratch/n70579mp/tom/JaxMARL/wandb/run-20260703_161413-77oxc6cs/logs[0m
Importing submoduled environments...
Submoduled environments not found. Skipping import.
wandb: [wandb.login()] Loaded credentials for https://api.wandb.ai from /mnt/iusers01/fatpou01/compsci01/n70579mp/.netrc.
wandb: Currently logged in as: maytusp to https://api.wandb.ai. Use `wandb login --relogin` to force relogin
wandb: setting up run 2k3vuls0
wandb: Tracking run with wandb version 0.27.2
wandb: Run data is saved locally in /net/scratch/n70579mp/tom/JaxMARL/wandb/run-20260703_174229-2k3vuls0
wandb: Run `wandb offline` to turn off syncing.
wandb: Syncing run lmpred02_obsfront_sameinp_coord_ring
wandb: ⭐️ View project at https://wandb.ai/maytusp/oc-extended
wandb: 🚀 View run at https://wandb.ai/maytusp/oc-extended/runs/2k3vuls0
Update steps:  228.0
Warmup epochs:  11
Cosine epochs:  217.0
--> Saved seed 0 checkpoint at step 1 to checkpoints/lmpred02_ablate/coord_ring/baseline_seed_0_step_1.msgpack
--> Saved seed 1 checkpoint at step 1 to checkpoints/lmpred02_ablate/coord_ring/baseline_seed_1_step_1.msgpack
--> Saved seed 2 checkpoint at step 1 to checkpoints/lmpred02_ablate/coord_ring/baseline_seed_2_step_1.msgpack
--> Saved seed 3 checkpoint at step 1 to checkpoints/lmpred02_ablate/coord_ring/baseline_seed_3_step_1.msgpack
--> Saved seed 4 checkpoint at step 1 to checkpoints/lmpred02_ablate/coord_ring/baseline_seed_4_step_1.msgpack
--> Saved seed 0 checkpoint at step 22 to checkpoints/lmpred02_ablate/coord_ring/baseline_seed_0_step_22.msgpack
--> Saved seed 1 checkpoint at step 22 to checkpoints/lmpred02_ablate/coord_ring/baseline_seed_1_step_22.msgpack
--> Saved seed 2 checkpoint at step 22 to checkpoints/lmpred02_ablate/coord_ring/baseline_seed_2_step_22.msgpack
--> Saved seed 3 checkpoint at step 22 to checkpoints/lmpred02_ablate/coord_ring/baseline_seed_3_step_22.msgpack
--> Saved seed 4 checkpoint at step 22 to checkpoints/lmpred02_ablate/coord_ring/baseline_seed_4_step_22.msgpack
--> Saved seed 0 checkpoint at step 44 to checkpoints/lmpred02_ablate/coord_ring/baseline_seed_0_step_44.msgpack
--> Saved seed 1 checkpoint at step 44 to checkpoints/lmpred02_ablate/coord_ring/baseline_seed_1_step_44.msgpack
--> Saved seed 2 checkpoint at step 44 to checkpoints/lmpred02_ablate/coord_ring/baseline_seed_2_step_44.msgpack
--> Saved seed 3 checkpoint at step 44 to checkpoints/lmpred02_ablate/coord_ring/baseline_seed_3_step_44.msgpack
--> Saved seed 4 checkpoint at step 44 to checkpoints/lmpred02_ablate/coord_ring/baseline_seed_4_step_44.msgpack
--> Saved seed 0 checkpoint at step 66 to checkpoints/lmpred02_ablate/coord_ring/baseline_seed_0_step_66.msgpack
--> Saved seed 1 checkpoint at step 66 to checkpoints/lmpred02_ablate/coord_ring/baseline_seed_1_step_66.msgpack
--> Saved seed 2 checkpoint at step 66 to checkpoints/lmpred02_ablate/coord_ring/baseline_seed_2_step_66.msgpack
--> Saved seed 3 checkpoint at step 66 to checkpoints/lmpred02_ablate/coord_ring/baseline_seed_3_step_66.msgpack
--> Saved seed 4 checkpoint at step 66 to checkpoints/lmpred02_ablate/coord_ring/baseline_seed_4_step_66.msgpack
--> Saved seed 0 checkpoint at step 88 to checkpoints/lmpred02_ablate/coord_ring/baseline_seed_0_step_88.msgpack
--> Saved seed 1 checkpoint at step 88 to checkpoints/lmpred02_ablate/coord_ring/baseline_seed_1_step_88.msgpack
--> Saved seed 2 checkpoint at step 88 to checkpoints/lmpred02_ablate/coord_ring/baseline_seed_2_step_88.msgpack
--> Saved seed 3 checkpoint at step 88 to checkpoints/lmpred02_ablate/coord_ring/baseline_seed_3_step_88.msgpack
--> Saved seed 4 checkpoint at step 88 to checkpoints/lmpred02_ablate/coord_ring/baseline_seed_4_step_88.msgpack
--> Saved seed 0 checkpoint at step 110 to checkpoints/lmpred02_ablate/coord_ring/baseline_seed_0_step_110.msgpack
--> Saved seed 1 checkpoint at step 110 to checkpoints/lmpred02_ablate/coord_ring/baseline_seed_1_step_110.msgpack
--> Saved seed 2 checkpoint at step 110 to checkpoints/lmpred02_ablate/coord_ring/baseline_seed_2_step_110.msgpack
--> Saved seed 3 checkpoint at step 110 to checkpoints/lmpred02_ablate/coord_ring/baseline_seed_3_step_110.msgpack
--> Saved seed 4 checkpoint at step 110 to checkpoints/lmpred02_ablate/coord_ring/baseline_seed_4_step_110.msgpack
--> Saved seed 0 checkpoint at step 132 to checkpoints/lmpred02_ablate/coord_ring/baseline_seed_0_step_132.msgpack
--> Saved seed 1 checkpoint at step 132 to checkpoints/lmpred02_ablate/coord_ring/baseline_seed_1_step_132.msgpack
--> Saved seed 2 checkpoint at step 132 to checkpoints/lmpred02_ablate/coord_ring/baseline_seed_2_step_132.msgpack
--> Saved seed 3 checkpoint at step 132 to checkpoints/lmpred02_ablate/coord_ring/baseline_seed_3_step_132.msgpack
--> Saved seed 4 checkpoint at step 132 to checkpoints/lmpred02_ablate/coord_ring/baseline_seed_4_step_132.msgpack
--> Saved seed 0 checkpoint at step 154 to checkpoints/lmpred02_ablate/coord_ring/baseline_seed_0_step_154.msgpack
--> Saved seed 1 checkpoint at step 154 to checkpoints/lmpred02_ablate/coord_ring/baseline_seed_1_step_154.msgpack
--> Saved seed 2 checkpoint at step 154 to checkpoints/lmpred02_ablate/coord_ring/baseline_seed_2_step_154.msgpack
--> Saved seed 3 checkpoint at step 154 to checkpoints/lmpred02_ablate/coord_ring/baseline_seed_3_step_154.msgpack
--> Saved seed 4 checkpoint at step 154 to checkpoints/lmpred02_ablate/coord_ring/baseline_seed_4_step_154.msgpack
--> Saved seed 0 checkpoint at step 176 to checkpoints/lmpred02_ablate/coord_ring/baseline_seed_0_step_176.msgpack
--> Saved seed 1 checkpoint at step 176 to checkpoints/lmpred02_ablate/coord_ring/baseline_seed_1_step_176.msgpack
--> Saved seed 2 checkpoint at step 176 to checkpoints/lmpred02_ablate/coord_ring/baseline_seed_2_step_176.msgpack
--> Saved seed 3 checkpoint at step 176 to checkpoints/lmpred02_ablate/coord_ring/baseline_seed_3_step_176.msgpack
--> Saved seed 4 checkpoint at step 176 to checkpoints/lmpred02_ablate/coord_ring/baseline_seed_4_step_176.msgpack
--> Saved seed 0 checkpoint at step 198 to checkpoints/lmpred02_ablate/coord_ring/baseline_seed_0_step_198.msgpack
--> Saved seed 1 checkpoint at step 198 to checkpoints/lmpred02_ablate/coord_ring/baseline_seed_1_step_198.msgpack
--> Saved seed 2 checkpoint at step 198 to checkpoints/lmpred02_ablate/coord_ring/baseline_seed_2_step_198.msgpack
--> Saved seed 3 checkpoint at step 198 to checkpoints/lmpred02_ablate/coord_ring/baseline_seed_3_step_198.msgpack
--> Saved seed 4 checkpoint at step 198 to checkpoints/lmpred02_ablate/coord_ring/baseline_seed_4_step_198.msgpack
--> Saved seed 0 checkpoint at step 220 to checkpoints/lmpred02_ablate/coord_ring/baseline_seed_0_step_220.msgpack
--> Saved seed 1 checkpoint at step 220 to checkpoints/lmpred02_ablate/coord_ring/baseline_seed_1_step_220.msgpack
--> Saved seed 2 checkpoint at step 220 to checkpoints/lmpred02_ablate/coord_ring/baseline_seed_2_step_220.msgpack
--> Saved seed 3 checkpoint at step 220 to checkpoints/lmpred02_ablate/coord_ring/baseline_seed_3_step_220.msgpack
--> Saved seed 4 checkpoint at step 220 to checkpoints/lmpred02_ablate/coord_ring/baseline_seed_4_step_220.msgpack
[1;34mwandb[0m: 
[1;34mwandb[0m: 🚀 View run [33mlmpred02_obsfront_sameinp_coord_ring[0m at: [34mhttps://wandb.ai/maytusp/oc-extended/runs/2k3vuls0[0m
[1;34mwandb[0m: Find logs at: [1;35m../../../../../../../../net/scratch/n70579mp/tom/JaxMARL/wandb/run-20260703_174229-2k3vuls0/logs[0m
Importing submoduled environments...
Submoduled environments not found. Skipping import.
wandb: [wandb.login()] Loaded credentials for https://api.wandb.ai from /mnt/iusers01/fatpou01/compsci01/n70579mp/.netrc.
wandb: Currently logged in as: maytusp to https://api.wandb.ai. Use `wandb login --relogin` to force relogin
wandb: setting up run q15fknji
wandb: Tracking run with wandb version 0.27.2
wandb: Run data is saved locally in /net/scratch/n70579mp/tom/JaxMARL/wandb/run-20260703_191036-q15fknji
wandb: Run `wandb offline` to turn off syncing.
wandb: Syncing run lmpred04_obsfront_sameinp_coord_ring
wandb: ⭐️ View project at https://wandb.ai/maytusp/oc-extended
wandb: 🚀 View run at https://wandb.ai/maytusp/oc-extended/runs/q15fknji
Update steps:  228.0
Warmup epochs:  11
Cosine epochs:  217.0
--> Saved seed 0 checkpoint at step 1 to checkpoints/lmpred04_ablate/coord_ring/baseline_seed_0_step_1.msgpack
--> Saved seed 1 checkpoint at step 1 to checkpoints/lmpred04_ablate/coord_ring/baseline_seed_1_step_1.msgpack
--> Saved seed 2 checkpoint at step 1 to checkpoints/lmpred04_ablate/coord_ring/baseline_seed_2_step_1.msgpack
--> Saved seed 3 checkpoint at step 1 to checkpoints/lmpred04_ablate/coord_ring/baseline_seed_3_step_1.msgpack
--> Saved seed 4 checkpoint at step 1 to checkpoints/lmpred04_ablate/coord_ring/baseline_seed_4_step_1.msgpack
--> Saved seed 0 checkpoint at step 22 to checkpoints/lmpred04_ablate/coord_ring/baseline_seed_0_step_22.msgpack
--> Saved seed 1 checkpoint at step 22 to checkpoints/lmpred04_ablate/coord_ring/baseline_seed_1_step_22.msgpack
--> Saved seed 2 checkpoint at step 22 to checkpoints/lmpred04_ablate/coord_ring/baseline_seed_2_step_22.msgpack
--> Saved seed 3 checkpoint at step 22 to checkpoints/lmpred04_ablate/coord_ring/baseline_seed_3_step_22.msgpack
--> Saved seed 4 checkpoint at step 22 to checkpoints/lmpred04_ablate/coord_ring/baseline_seed_4_step_22.msgpack
--> Saved seed 0 checkpoint at step 44 to checkpoints/lmpred04_ablate/coord_ring/baseline_seed_0_step_44.msgpack
--> Saved seed 1 checkpoint at step 44 to checkpoints/lmpred04_ablate/coord_ring/baseline_seed_1_step_44.msgpack
--> Saved seed 2 checkpoint at step 44 to checkpoints/lmpred04_ablate/coord_ring/baseline_seed_2_step_44.msgpack
--> Saved seed 3 checkpoint at step 44 to checkpoints/lmpred04_ablate/coord_ring/baseline_seed_3_step_44.msgpack
--> Saved seed 4 checkpoint at step 44 to checkpoints/lmpred04_ablate/coord_ring/baseline_seed_4_step_44.msgpack
--> Saved seed 0 checkpoint at step 66 to checkpoints/lmpred04_ablate/coord_ring/baseline_seed_0_step_66.msgpack
--> Saved seed 1 checkpoint at step 66 to checkpoints/lmpred04_ablate/coord_ring/baseline_seed_1_step_66.msgpack
--> Saved seed 2 checkpoint at step 66 to checkpoints/lmpred04_ablate/coord_ring/baseline_seed_2_step_66.msgpack
--> Saved seed 3 checkpoint at step 66 to checkpoints/lmpred04_ablate/coord_ring/baseline_seed_3_step_66.msgpack
--> Saved seed 4 checkpoint at step 66 to checkpoints/lmpred04_ablate/coord_ring/baseline_seed_4_step_66.msgpack
--> Saved seed 0 checkpoint at step 88 to checkpoints/lmpred04_ablate/coord_ring/baseline_seed_0_step_88.msgpack
--> Saved seed 1 checkpoint at step 88 to checkpoints/lmpred04_ablate/coord_ring/baseline_seed_1_step_88.msgpack
--> Saved seed 2 checkpoint at step 88 to checkpoints/lmpred04_ablate/coord_ring/baseline_seed_2_step_88.msgpack
--> Saved seed 3 checkpoint at step 88 to checkpoints/lmpred04_ablate/coord_ring/baseline_seed_3_step_88.msgpack
--> Saved seed 4 checkpoint at step 88 to checkpoints/lmpred04_ablate/coord_ring/baseline_seed_4_step_88.msgpack
--> Saved seed 0 checkpoint at step 110 to checkpoints/lmpred04_ablate/coord_ring/baseline_seed_0_step_110.msgpack
--> Saved seed 1 checkpoint at step 110 to checkpoints/lmpred04_ablate/coord_ring/baseline_seed_1_step_110.msgpack
--> Saved seed 2 checkpoint at step 110 to checkpoints/lmpred04_ablate/coord_ring/baseline_seed_2_step_110.msgpack
--> Saved seed 3 checkpoint at step 110 to checkpoints/lmpred04_ablate/coord_ring/baseline_seed_3_step_110.msgpack
--> Saved seed 4 checkpoint at step 110 to checkpoints/lmpred04_ablate/coord_ring/baseline_seed_4_step_110.msgpack
--> Saved seed 0 checkpoint at step 132 to checkpoints/lmpred04_ablate/coord_ring/baseline_seed_0_step_132.msgpack
--> Saved seed 1 checkpoint at step 132 to checkpoints/lmpred04_ablate/coord_ring/baseline_seed_1_step_132.msgpack
--> Saved seed 2 checkpoint at step 132 to checkpoints/lmpred04_ablate/coord_ring/baseline_seed_2_step_132.msgpack
--> Saved seed 3 checkpoint at step 132 to checkpoints/lmpred04_ablate/coord_ring/baseline_seed_3_step_132.msgpack
--> Saved seed 4 checkpoint at step 132 to checkpoints/lmpred04_ablate/coord_ring/baseline_seed_4_step_132.msgpack
--> Saved seed 0 checkpoint at step 154 to checkpoints/lmpred04_ablate/coord_ring/baseline_seed_0_step_154.msgpack
--> Saved seed 1 checkpoint at step 154 to checkpoints/lmpred04_ablate/coord_ring/baseline_seed_1_step_154.msgpack
--> Saved seed 2 checkpoint at step 154 to checkpoints/lmpred04_ablate/coord_ring/baseline_seed_2_step_154.msgpack
--> Saved seed 3 checkpoint at step 154 to checkpoints/lmpred04_ablate/coord_ring/baseline_seed_3_step_154.msgpack
--> Saved seed 4 checkpoint at step 154 to checkpoints/lmpred04_ablate/coord_ring/baseline_seed_4_step_154.msgpack
--> Saved seed 0 checkpoint at step 176 to checkpoints/lmpred04_ablate/coord_ring/baseline_seed_0_step_176.msgpack
--> Saved seed 1 checkpoint at step 176 to checkpoints/lmpred04_ablate/coord_ring/baseline_seed_1_step_176.msgpack
--> Saved seed 2 checkpoint at step 176 to checkpoints/lmpred04_ablate/coord_ring/baseline_seed_2_step_176.msgpack
--> Saved seed 3 checkpoint at step 176 to checkpoints/lmpred04_ablate/coord_ring/baseline_seed_3_step_176.msgpack
--> Saved seed 4 checkpoint at step 176 to checkpoints/lmpred04_ablate/coord_ring/baseline_seed_4_step_176.msgpack
--> Saved seed 0 checkpoint at step 198 to checkpoints/lmpred04_ablate/coord_ring/baseline_seed_0_step_198.msgpack
--> Saved seed 1 checkpoint at step 198 to checkpoints/lmpred04_ablate/coord_ring/baseline_seed_1_step_198.msgpack
--> Saved seed 2 checkpoint at step 198 to checkpoints/lmpred04_ablate/coord_ring/baseline_seed_2_step_198.msgpack
--> Saved seed 3 checkpoint at step 198 to checkpoints/lmpred04_ablate/coord_ring/baseline_seed_3_step_198.msgpack
--> Saved seed 4 checkpoint at step 198 to checkpoints/lmpred04_ablate/coord_ring/baseline_seed_4_step_198.msgpack
--> Saved seed 0 checkpoint at step 220 to checkpoints/lmpred04_ablate/coord_ring/baseline_seed_0_step_220.msgpack
--> Saved seed 1 checkpoint at step 220 to checkpoints/lmpred04_ablate/coord_ring/baseline_seed_1_step_220.msgpack
--> Saved seed 2 checkpoint at step 220 to checkpoints/lmpred04_ablate/coord_ring/baseline_seed_2_step_220.msgpack
--> Saved seed 3 checkpoint at step 220 to checkpoints/lmpred04_ablate/coord_ring/baseline_seed_3_step_220.msgpack
--> Saved seed 4 checkpoint at step 220 to checkpoints/lmpred04_ablate/coord_ring/baseline_seed_4_step_220.msgpack
[1;34mwandb[0m: 
[1;34mwandb[0m: 🚀 View run [33mlmpred04_obsfront_sameinp_coord_ring[0m at: [34mhttps://wandb.ai/maytusp/oc-extended/runs/q15fknji[0m
[1;34mwandb[0m: Find logs at: [1;35m../../../../../../../../net/scratch/n70579mp/tom/JaxMARL/wandb/run-20260703_191036-q15fknji/logs[0m
Importing submoduled environments...
Submoduled environments not found. Skipping import.
wandb: [wandb.login()] Loaded credentials for https://api.wandb.ai from /mnt/iusers01/fatpou01/compsci01/n70579mp/.netrc.
wandb: Currently logged in as: maytusp to https://api.wandb.ai. Use `wandb login --relogin` to force relogin
wandb: Tracking run with wandb version 0.27.2
wandb: Run data is saved locally in /net/scratch/n70579mp/tom/JaxMARL/wandb/run-20260703_203649-bkl2twxa
wandb: Run `wandb offline` to turn off syncing.
wandb: Syncing run lmpred005_obsfront_sameinp_cramped_room5x5
wandb: ⭐️ View project at https://wandb.ai/maytusp/oc-extended
wandb: 🚀 View run at https://wandb.ai/maytusp/oc-extended/runs/bkl2twxa
Update steps:  228.0
Warmup epochs:  11
Cosine epochs:  217.0
--> Saved seed 0 checkpoint at step 1 to checkpoints/lmpred005_ablate/cramped_room5x5/baseline_seed_0_step_1.msgpack
--> Saved seed 1 checkpoint at step 1 to checkpoints/lmpred005_ablate/cramped_room5x5/baseline_seed_1_step_1.msgpack
--> Saved seed 2 checkpoint at step 1 to checkpoints/lmpred005_ablate/cramped_room5x5/baseline_seed_2_step_1.msgpack
--> Saved seed 3 checkpoint at step 1 to checkpoints/lmpred005_ablate/cramped_room5x5/baseline_seed_3_step_1.msgpack
--> Saved seed 4 checkpoint at step 1 to checkpoints/lmpred005_ablate/cramped_room5x5/baseline_seed_4_step_1.msgpack
--> Saved seed 0 checkpoint at step 22 to checkpoints/lmpred005_ablate/cramped_room5x5/baseline_seed_0_step_22.msgpack
--> Saved seed 1 checkpoint at step 22 to checkpoints/lmpred005_ablate/cramped_room5x5/baseline_seed_1_step_22.msgpack
--> Saved seed 2 checkpoint at step 22 to checkpoints/lmpred005_ablate/cramped_room5x5/baseline_seed_2_step_22.msgpack
--> Saved seed 3 checkpoint at step 22 to checkpoints/lmpred005_ablate/cramped_room5x5/baseline_seed_3_step_22.msgpack
--> Saved seed 4 checkpoint at step 22 to checkpoints/lmpred005_ablate/cramped_room5x5/baseline_seed_4_step_22.msgpack
--> Saved seed 0 checkpoint at step 44 to checkpoints/lmpred005_ablate/cramped_room5x5/baseline_seed_0_step_44.msgpack
--> Saved seed 1 checkpoint at step 44 to checkpoints/lmpred005_ablate/cramped_room5x5/baseline_seed_1_step_44.msgpack
--> Saved seed 2 checkpoint at step 44 to checkpoints/lmpred005_ablate/cramped_room5x5/baseline_seed_2_step_44.msgpack
--> Saved seed 3 checkpoint at step 44 to checkpoints/lmpred005_ablate/cramped_room5x5/baseline_seed_3_step_44.msgpack
--> Saved seed 4 checkpoint at step 44 to checkpoints/lmpred005_ablate/cramped_room5x5/baseline_seed_4_step_44.msgpack
--> Saved seed 0 checkpoint at step 66 to checkpoints/lmpred005_ablate/cramped_room5x5/baseline_seed_0_step_66.msgpack
--> Saved seed 1 checkpoint at step 66 to checkpoints/lmpred005_ablate/cramped_room5x5/baseline_seed_1_step_66.msgpack
--> Saved seed 2 checkpoint at step 66 to checkpoints/lmpred005_ablate/cramped_room5x5/baseline_seed_2_step_66.msgpack
--> Saved seed 3 checkpoint at step 66 to checkpoints/lmpred005_ablate/cramped_room5x5/baseline_seed_3_step_66.msgpack
--> Saved seed 4 checkpoint at step 66 to checkpoints/lmpred005_ablate/cramped_room5x5/baseline_seed_4_step_66.msgpack
--> Saved seed 0 checkpoint at step 88 to checkpoints/lmpred005_ablate/cramped_room5x5/baseline_seed_0_step_88.msgpack
--> Saved seed 1 checkpoint at step 88 to checkpoints/lmpred005_ablate/cramped_room5x5/baseline_seed_1_step_88.msgpack
--> Saved seed 2 checkpoint at step 88 to checkpoints/lmpred005_ablate/cramped_room5x5/baseline_seed_2_step_88.msgpack
--> Saved seed 3 checkpoint at step 88 to checkpoints/lmpred005_ablate/cramped_room5x5/baseline_seed_3_step_88.msgpack
--> Saved seed 4 checkpoint at step 88 to checkpoints/lmpred005_ablate/cramped_room5x5/baseline_seed_4_step_88.msgpack
--> Saved seed 0 checkpoint at step 110 to checkpoints/lmpred005_ablate/cramped_room5x5/baseline_seed_0_step_110.msgpack
--> Saved seed 1 checkpoint at step 110 to checkpoints/lmpred005_ablate/cramped_room5x5/baseline_seed_1_step_110.msgpack
--> Saved seed 2 checkpoint at step 110 to checkpoints/lmpred005_ablate/cramped_room5x5/baseline_seed_2_step_110.msgpack
--> Saved seed 3 checkpoint at step 110 to checkpoints/lmpred005_ablate/cramped_room5x5/baseline_seed_3_step_110.msgpack
--> Saved seed 4 checkpoint at step 110 to checkpoints/lmpred005_ablate/cramped_room5x5/baseline_seed_4_step_110.msgpack
--> Saved seed 0 checkpoint at step 132 to checkpoints/lmpred005_ablate/cramped_room5x5/baseline_seed_0_step_132.msgpack
--> Saved seed 1 checkpoint at step 132 to checkpoints/lmpred005_ablate/cramped_room5x5/baseline_seed_1_step_132.msgpack
--> Saved seed 2 checkpoint at step 132 to checkpoints/lmpred005_ablate/cramped_room5x5/baseline_seed_2_step_132.msgpack
--> Saved seed 3 checkpoint at step 132 to checkpoints/lmpred005_ablate/cramped_room5x5/baseline_seed_3_step_132.msgpack
--> Saved seed 4 checkpoint at step 132 to checkpoints/lmpred005_ablate/cramped_room5x5/baseline_seed_4_step_132.msgpack
--> Saved seed 0 checkpoint at step 154 to checkpoints/lmpred005_ablate/cramped_room5x5/baseline_seed_0_step_154.msgpack
--> Saved seed 1 checkpoint at step 154 to checkpoints/lmpred005_ablate/cramped_room5x5/baseline_seed_1_step_154.msgpack
--> Saved seed 2 checkpoint at step 154 to checkpoints/lmpred005_ablate/cramped_room5x5/baseline_seed_2_step_154.msgpack
--> Saved seed 3 checkpoint at step 154 to checkpoints/lmpred005_ablate/cramped_room5x5/baseline_seed_3_step_154.msgpack
--> Saved seed 4 checkpoint at step 154 to checkpoints/lmpred005_ablate/cramped_room5x5/baseline_seed_4_step_154.msgpack
--> Saved seed 0 checkpoint at step 176 to checkpoints/lmpred005_ablate/cramped_room5x5/baseline_seed_0_step_176.msgpack
--> Saved seed 1 checkpoint at step 176 to checkpoints/lmpred005_ablate/cramped_room5x5/baseline_seed_1_step_176.msgpack
--> Saved seed 2 checkpoint at step 176 to checkpoints/lmpred005_ablate/cramped_room5x5/baseline_seed_2_step_176.msgpack
--> Saved seed 3 checkpoint at step 176 to checkpoints/lmpred005_ablate/cramped_room5x5/baseline_seed_3_step_176.msgpack
--> Saved seed 4 checkpoint at step 176 to checkpoints/lmpred005_ablate/cramped_room5x5/baseline_seed_4_step_176.msgpack
--> Saved seed 0 checkpoint at step 198 to checkpoints/lmpred005_ablate/cramped_room5x5/baseline_seed_0_step_198.msgpack
--> Saved seed 1 checkpoint at step 198 to checkpoints/lmpred005_ablate/cramped_room5x5/baseline_seed_1_step_198.msgpack
--> Saved seed 2 checkpoint at step 198 to checkpoints/lmpred005_ablate/cramped_room5x5/baseline_seed_2_step_198.msgpack
--> Saved seed 3 checkpoint at step 198 to checkpoints/lmpred005_ablate/cramped_room5x5/baseline_seed_3_step_198.msgpack
--> Saved seed 4 checkpoint at step 198 to checkpoints/lmpred005_ablate/cramped_room5x5/baseline_seed_4_step_198.msgpack
--> Saved seed 0 checkpoint at step 220 to checkpoints/lmpred005_ablate/cramped_room5x5/baseline_seed_0_step_220.msgpack
--> Saved seed 1 checkpoint at step 220 to checkpoints/lmpred005_ablate/cramped_room5x5/baseline_seed_1_step_220.msgpack
--> Saved seed 2 checkpoint at step 220 to checkpoints/lmpred005_ablate/cramped_room5x5/baseline_seed_2_step_220.msgpack
--> Saved seed 3 checkpoint at step 220 to checkpoints/lmpred005_ablate/cramped_room5x5/baseline_seed_3_step_220.msgpack
--> Saved seed 4 checkpoint at step 220 to checkpoints/lmpred005_ablate/cramped_room5x5/baseline_seed_4_step_220.msgpack
[1;34mwandb[0m: 
[1;34mwandb[0m: 🚀 View run [33mlmpred005_obsfront_sameinp_cramped_room5x5[0m at: [34mhttps://wandb.ai/maytusp/oc-extended/runs/bkl2twxa[0m
[1;34mwandb[0m: Find logs at: [1;35m../../../../../../../../net/scratch/n70579mp/tom/JaxMARL/wandb/run-20260703_203649-bkl2twxa/logs[0m
Importing submoduled environments...
Submoduled environments not found. Skipping import.
wandb: [wandb.login()] Loaded credentials for https://api.wandb.ai from /mnt/iusers01/fatpou01/compsci01/n70579mp/.netrc.
wandb: Currently logged in as: maytusp to https://api.wandb.ai. Use `wandb login --relogin` to force relogin
wandb: Tracking run with wandb version 0.27.2
wandb: Run data is saved locally in /net/scratch/n70579mp/tom/JaxMARL/wandb/run-20260703_220640-tjnkaeut
wandb: Run `wandb offline` to turn off syncing.
wandb: Syncing run lmpred02_obsfront_sameinp_cramped_room5x5
wandb: ⭐️ View project at https://wandb.ai/maytusp/oc-extended
wandb: 🚀 View run at https://wandb.ai/maytusp/oc-extended/runs/tjnkaeut
Update steps:  228.0
Warmup epochs:  11
Cosine epochs:  217.0
--> Saved seed 0 checkpoint at step 1 to checkpoints/lmpred02_ablate/cramped_room5x5/baseline_seed_0_step_1.msgpack
--> Saved seed 1 checkpoint at step 1 to checkpoints/lmpred02_ablate/cramped_room5x5/baseline_seed_1_step_1.msgpack
--> Saved seed 2 checkpoint at step 1 to checkpoints/lmpred02_ablate/cramped_room5x5/baseline_seed_2_step_1.msgpack
--> Saved seed 3 checkpoint at step 1 to checkpoints/lmpred02_ablate/cramped_room5x5/baseline_seed_3_step_1.msgpack
--> Saved seed 4 checkpoint at step 1 to checkpoints/lmpred02_ablate/cramped_room5x5/baseline_seed_4_step_1.msgpack
--> Saved seed 0 checkpoint at step 22 to checkpoints/lmpred02_ablate/cramped_room5x5/baseline_seed_0_step_22.msgpack
--> Saved seed 1 checkpoint at step 22 to checkpoints/lmpred02_ablate/cramped_room5x5/baseline_seed_1_step_22.msgpack
--> Saved seed 2 checkpoint at step 22 to checkpoints/lmpred02_ablate/cramped_room5x5/baseline_seed_2_step_22.msgpack
--> Saved seed 3 checkpoint at step 22 to checkpoints/lmpred02_ablate/cramped_room5x5/baseline_seed_3_step_22.msgpack
--> Saved seed 4 checkpoint at step 22 to checkpoints/lmpred02_ablate/cramped_room5x5/baseline_seed_4_step_22.msgpack
--> Saved seed 0 checkpoint at step 44 to checkpoints/lmpred02_ablate/cramped_room5x5/baseline_seed_0_step_44.msgpack
--> Saved seed 1 checkpoint at step 44 to checkpoints/lmpred02_ablate/cramped_room5x5/baseline_seed_1_step_44.msgpack
--> Saved seed 2 checkpoint at step 44 to checkpoints/lmpred02_ablate/cramped_room5x5/baseline_seed_2_step_44.msgpack
--> Saved seed 3 checkpoint at step 44 to checkpoints/lmpred02_ablate/cramped_room5x5/baseline_seed_3_step_44.msgpack
--> Saved seed 4 checkpoint at step 44 to checkpoints/lmpred02_ablate/cramped_room5x5/baseline_seed_4_step_44.msgpack
--> Saved seed 0 checkpoint at step 66 to checkpoints/lmpred02_ablate/cramped_room5x5/baseline_seed_0_step_66.msgpack
--> Saved seed 1 checkpoint at step 66 to checkpoints/lmpred02_ablate/cramped_room5x5/baseline_seed_1_step_66.msgpack
--> Saved seed 2 checkpoint at step 66 to checkpoints/lmpred02_ablate/cramped_room5x5/baseline_seed_2_step_66.msgpack
--> Saved seed 3 checkpoint at step 66 to checkpoints/lmpred02_ablate/cramped_room5x5/baseline_seed_3_step_66.msgpack
--> Saved seed 4 checkpoint at step 66 to checkpoints/lmpred02_ablate/cramped_room5x5/baseline_seed_4_step_66.msgpack
--> Saved seed 0 checkpoint at step 88 to checkpoints/lmpred02_ablate/cramped_room5x5/baseline_seed_0_step_88.msgpack
--> Saved seed 1 checkpoint at step 88 to checkpoints/lmpred02_ablate/cramped_room5x5/baseline_seed_1_step_88.msgpack
--> Saved seed 2 checkpoint at step 88 to checkpoints/lmpred02_ablate/cramped_room5x5/baseline_seed_2_step_88.msgpack
--> Saved seed 3 checkpoint at step 88 to checkpoints/lmpred02_ablate/cramped_room5x5/baseline_seed_3_step_88.msgpack
--> Saved seed 4 checkpoint at step 88 to checkpoints/lmpred02_ablate/cramped_room5x5/baseline_seed_4_step_88.msgpack
--> Saved seed 0 checkpoint at step 110 to checkpoints/lmpred02_ablate/cramped_room5x5/baseline_seed_0_step_110.msgpack
--> Saved seed 1 checkpoint at step 110 to checkpoints/lmpred02_ablate/cramped_room5x5/baseline_seed_1_step_110.msgpack
--> Saved seed 2 checkpoint at step 110 to checkpoints/lmpred02_ablate/cramped_room5x5/baseline_seed_2_step_110.msgpack
--> Saved seed 3 checkpoint at step 110 to checkpoints/lmpred02_ablate/cramped_room5x5/baseline_seed_3_step_110.msgpack
--> Saved seed 4 checkpoint at step 110 to checkpoints/lmpred02_ablate/cramped_room5x5/baseline_seed_4_step_110.msgpack
--> Saved seed 0 checkpoint at step 132 to checkpoints/lmpred02_ablate/cramped_room5x5/baseline_seed_0_step_132.msgpack
--> Saved seed 1 checkpoint at step 132 to checkpoints/lmpred02_ablate/cramped_room5x5/baseline_seed_1_step_132.msgpack
--> Saved seed 2 checkpoint at step 132 to checkpoints/lmpred02_ablate/cramped_room5x5/baseline_seed_2_step_132.msgpack
--> Saved seed 3 checkpoint at step 132 to checkpoints/lmpred02_ablate/cramped_room5x5/baseline_seed_3_step_132.msgpack
--> Saved seed 4 checkpoint at step 132 to checkpoints/lmpred02_ablate/cramped_room5x5/baseline_seed_4_step_132.msgpack
--> Saved seed 0 checkpoint at step 154 to checkpoints/lmpred02_ablate/cramped_room5x5/baseline_seed_0_step_154.msgpack
--> Saved seed 1 checkpoint at step 154 to checkpoints/lmpred02_ablate/cramped_room5x5/baseline_seed_1_step_154.msgpack
--> Saved seed 2 checkpoint at step 154 to checkpoints/lmpred02_ablate/cramped_room5x5/baseline_seed_2_step_154.msgpack
--> Saved seed 3 checkpoint at step 154 to checkpoints/lmpred02_ablate/cramped_room5x5/baseline_seed_3_step_154.msgpack
--> Saved seed 4 checkpoint at step 154 to checkpoints/lmpred02_ablate/cramped_room5x5/baseline_seed_4_step_154.msgpack
--> Saved seed 0 checkpoint at step 176 to checkpoints/lmpred02_ablate/cramped_room5x5/baseline_seed_0_step_176.msgpack
--> Saved seed 1 checkpoint at step 176 to checkpoints/lmpred02_ablate/cramped_room5x5/baseline_seed_1_step_176.msgpack
--> Saved seed 2 checkpoint at step 176 to checkpoints/lmpred02_ablate/cramped_room5x5/baseline_seed_2_step_176.msgpack
--> Saved seed 3 checkpoint at step 176 to checkpoints/lmpred02_ablate/cramped_room5x5/baseline_seed_3_step_176.msgpack
--> Saved seed 4 checkpoint at step 176 to checkpoints/lmpred02_ablate/cramped_room5x5/baseline_seed_4_step_176.msgpack
--> Saved seed 0 checkpoint at step 198 to checkpoints/lmpred02_ablate/cramped_room5x5/baseline_seed_0_step_198.msgpack
--> Saved seed 1 checkpoint at step 198 to checkpoints/lmpred02_ablate/cramped_room5x5/baseline_seed_1_step_198.msgpack
--> Saved seed 2 checkpoint at step 198 to checkpoints/lmpred02_ablate/cramped_room5x5/baseline_seed_2_step_198.msgpack
--> Saved seed 3 checkpoint at step 198 to checkpoints/lmpred02_ablate/cramped_room5x5/baseline_seed_3_step_198.msgpack
--> Saved seed 4 checkpoint at step 198 to checkpoints/lmpred02_ablate/cramped_room5x5/baseline_seed_4_step_198.msgpack
--> Saved seed 0 checkpoint at step 220 to checkpoints/lmpred02_ablate/cramped_room5x5/baseline_seed_0_step_220.msgpack
--> Saved seed 1 checkpoint at step 220 to checkpoints/lmpred02_ablate/cramped_room5x5/baseline_seed_1_step_220.msgpack
--> Saved seed 2 checkpoint at step 220 to checkpoints/lmpred02_ablate/cramped_room5x5/baseline_seed_2_step_220.msgpack
--> Saved seed 3 checkpoint at step 220 to checkpoints/lmpred02_ablate/cramped_room5x5/baseline_seed_3_step_220.msgpack
--> Saved seed 4 checkpoint at step 220 to checkpoints/lmpred02_ablate/cramped_room5x5/baseline_seed_4_step_220.msgpack
[1;34mwandb[0m: 
[1;34mwandb[0m: 🚀 View run [33mlmpred02_obsfront_sameinp_cramped_room5x5[0m at: [34mhttps://wandb.ai/maytusp/oc-extended/runs/tjnkaeut[0m
[1;34mwandb[0m: Find logs at: [1;35m../../../../../../../../net/scratch/n70579mp/tom/JaxMARL/wandb/run-20260703_220640-tjnkaeut/logs[0m
Importing submoduled environments...
Submoduled environments not found. Skipping import.
wandb: [wandb.login()] Loaded credentials for https://api.wandb.ai from /mnt/iusers01/fatpou01/compsci01/n70579mp/.netrc.
wandb: Currently logged in as: maytusp to https://api.wandb.ai. Use `wandb login --relogin` to force relogin
wandb: Tracking run with wandb version 0.27.2
wandb: Run data is saved locally in /net/scratch/n70579mp/tom/JaxMARL/wandb/run-20260703_233449-k263kedr
wandb: Run `wandb offline` to turn off syncing.
wandb: Syncing run lmpred04_obsfront_sameinp_cramped_room5x5
wandb: ⭐️ View project at https://wandb.ai/maytusp/oc-extended
wandb: 🚀 View run at https://wandb.ai/maytusp/oc-extended/runs/k263kedr
Update steps:  228.0
Warmup epochs:  11
Cosine epochs:  217.0
--> Saved seed 0 checkpoint at step 1 to checkpoints/lmpred04_ablate/cramped_room5x5/baseline_seed_0_step_1.msgpack
--> Saved seed 1 checkpoint at step 1 to checkpoints/lmpred04_ablate/cramped_room5x5/baseline_seed_1_step_1.msgpack
--> Saved seed 2 checkpoint at step 1 to checkpoints/lmpred04_ablate/cramped_room5x5/baseline_seed_2_step_1.msgpack
--> Saved seed 3 checkpoint at step 1 to checkpoints/lmpred04_ablate/cramped_room5x5/baseline_seed_3_step_1.msgpack
--> Saved seed 4 checkpoint at step 1 to checkpoints/lmpred04_ablate/cramped_room5x5/baseline_seed_4_step_1.msgpack
--> Saved seed 0 checkpoint at step 22 to checkpoints/lmpred04_ablate/cramped_room5x5/baseline_seed_0_step_22.msgpack
--> Saved seed 1 checkpoint at step 22 to checkpoints/lmpred04_ablate/cramped_room5x5/baseline_seed_1_step_22.msgpack
--> Saved seed 2 checkpoint at step 22 to checkpoints/lmpred04_ablate/cramped_room5x5/baseline_seed_2_step_22.msgpack
--> Saved seed 3 checkpoint at step 22 to checkpoints/lmpred04_ablate/cramped_room5x5/baseline_seed_3_step_22.msgpack
--> Saved seed 4 checkpoint at step 22 to checkpoints/lmpred04_ablate/cramped_room5x5/baseline_seed_4_step_22.msgpack
--> Saved seed 0 checkpoint at step 44 to checkpoints/lmpred04_ablate/cramped_room5x5/baseline_seed_0_step_44.msgpack
--> Saved seed 1 checkpoint at step 44 to checkpoints/lmpred04_ablate/cramped_room5x5/baseline_seed_1_step_44.msgpack
--> Saved seed 2 checkpoint at step 44 to checkpoints/lmpred04_ablate/cramped_room5x5/baseline_seed_2_step_44.msgpack
--> Saved seed 3 checkpoint at step 44 to checkpoints/lmpred04_ablate/cramped_room5x5/baseline_seed_3_step_44.msgpack
--> Saved seed 4 checkpoint at step 44 to checkpoints/lmpred04_ablate/cramped_room5x5/baseline_seed_4_step_44.msgpack
--> Saved seed 0 checkpoint at step 66 to checkpoints/lmpred04_ablate/cramped_room5x5/baseline_seed_0_step_66.msgpack
--> Saved seed 1 checkpoint at step 66 to checkpoints/lmpred04_ablate/cramped_room5x5/baseline_seed_1_step_66.msgpack
--> Saved seed 2 checkpoint at step 66 to checkpoints/lmpred04_ablate/cramped_room5x5/baseline_seed_2_step_66.msgpack
--> Saved seed 3 checkpoint at step 66 to checkpoints/lmpred04_ablate/cramped_room5x5/baseline_seed_3_step_66.msgpack
--> Saved seed 4 checkpoint at step 66 to checkpoints/lmpred04_ablate/cramped_room5x5/baseline_seed_4_step_66.msgpack
--> Saved seed 0 checkpoint at step 88 to checkpoints/lmpred04_ablate/cramped_room5x5/baseline_seed_0_step_88.msgpack
--> Saved seed 1 checkpoint at step 88 to checkpoints/lmpred04_ablate/cramped_room5x5/baseline_seed_1_step_88.msgpack
--> Saved seed 2 checkpoint at step 88 to checkpoints/lmpred04_ablate/cramped_room5x5/baseline_seed_2_step_88.msgpack
--> Saved seed 3 checkpoint at step 88 to checkpoints/lmpred04_ablate/cramped_room5x5/baseline_seed_3_step_88.msgpack
--> Saved seed 4 checkpoint at step 88 to checkpoints/lmpred04_ablate/cramped_room5x5/baseline_seed_4_step_88.msgpack
--> Saved seed 0 checkpoint at step 110 to checkpoints/lmpred04_ablate/cramped_room5x5/baseline_seed_0_step_110.msgpack
--> Saved seed 1 checkpoint at step 110 to checkpoints/lmpred04_ablate/cramped_room5x5/baseline_seed_1_step_110.msgpack
--> Saved seed 2 checkpoint at step 110 to checkpoints/lmpred04_ablate/cramped_room5x5/baseline_seed_2_step_110.msgpack
--> Saved seed 3 checkpoint at step 110 to checkpoints/lmpred04_ablate/cramped_room5x5/baseline_seed_3_step_110.msgpack
--> Saved seed 4 checkpoint at step 110 to checkpoints/lmpred04_ablate/cramped_room5x5/baseline_seed_4_step_110.msgpack
--> Saved seed 0 checkpoint at step 132 to checkpoints/lmpred04_ablate/cramped_room5x5/baseline_seed_0_step_132.msgpack
--> Saved seed 1 checkpoint at step 132 to checkpoints/lmpred04_ablate/cramped_room5x5/baseline_seed_1_step_132.msgpack
--> Saved seed 2 checkpoint at step 132 to checkpoints/lmpred04_ablate/cramped_room5x5/baseline_seed_2_step_132.msgpack
--> Saved seed 3 checkpoint at step 132 to checkpoints/lmpred04_ablate/cramped_room5x5/baseline_seed_3_step_132.msgpack
--> Saved seed 4 checkpoint at step 132 to checkpoints/lmpred04_ablate/cramped_room5x5/baseline_seed_4_step_132.msgpack
--> Saved seed 0 checkpoint at step 154 to checkpoints/lmpred04_ablate/cramped_room5x5/baseline_seed_0_step_154.msgpack
--> Saved seed 1 checkpoint at step 154 to checkpoints/lmpred04_ablate/cramped_room5x5/baseline_seed_1_step_154.msgpack
--> Saved seed 2 checkpoint at step 154 to checkpoints/lmpred04_ablate/cramped_room5x5/baseline_seed_2_step_154.msgpack
--> Saved seed 3 checkpoint at step 154 to checkpoints/lmpred04_ablate/cramped_room5x5/baseline_seed_3_step_154.msgpack
--> Saved seed 4 checkpoint at step 154 to checkpoints/lmpred04_ablate/cramped_room5x5/baseline_seed_4_step_154.msgpack
--> Saved seed 0 checkpoint at step 176 to checkpoints/lmpred04_ablate/cramped_room5x5/baseline_seed_0_step_176.msgpack
--> Saved seed 1 checkpoint at step 176 to checkpoints/lmpred04_ablate/cramped_room5x5/baseline_seed_1_step_176.msgpack
--> Saved seed 2 checkpoint at step 176 to checkpoints/lmpred04_ablate/cramped_room5x5/baseline_seed_2_step_176.msgpack
--> Saved seed 3 checkpoint at step 176 to checkpoints/lmpred04_ablate/cramped_room5x5/baseline_seed_3_step_176.msgpack
--> Saved seed 4 checkpoint at step 176 to checkpoints/lmpred04_ablate/cramped_room5x5/baseline_seed_4_step_176.msgpack
--> Saved seed 0 checkpoint at step 198 to checkpoints/lmpred04_ablate/cramped_room5x5/baseline_seed_0_step_198.msgpack
--> Saved seed 1 checkpoint at step 198 to checkpoints/lmpred04_ablate/cramped_room5x5/baseline_seed_1_step_198.msgpack
--> Saved seed 2 checkpoint at step 198 to checkpoints/lmpred04_ablate/cramped_room5x5/baseline_seed_2_step_198.msgpack
--> Saved seed 3 checkpoint at step 198 to checkpoints/lmpred04_ablate/cramped_room5x5/baseline_seed_3_step_198.msgpack
--> Saved seed 4 checkpoint at step 198 to checkpoints/lmpred04_ablate/cramped_room5x5/baseline_seed_4_step_198.msgpack
--> Saved seed 0 checkpoint at step 220 to checkpoints/lmpred04_ablate/cramped_room5x5/baseline_seed_0_step_220.msgpack
--> Saved seed 1 checkpoint at step 220 to checkpoints/lmpred04_ablate/cramped_room5x5/baseline_seed_1_step_220.msgpack
--> Saved seed 2 checkpoint at step 220 to checkpoints/lmpred04_ablate/cramped_room5x5/baseline_seed_2_step_220.msgpack
--> Saved seed 3 checkpoint at step 220 to checkpoints/lmpred04_ablate/cramped_room5x5/baseline_seed_3_step_220.msgpack
--> Saved seed 4 checkpoint at step 220 to checkpoints/lmpred04_ablate/cramped_room5x5/baseline_seed_4_step_220.msgpack
[1;34mwandb[0m: 
[1;34mwandb[0m: 🚀 View run [33mlmpred04_obsfront_sameinp_cramped_room5x5[0m at: [34mhttps://wandb.ai/maytusp/oc-extended/runs/k263kedr[0m
[1;34mwandb[0m: Find logs at: [1;35m../../../../../../../../net/scratch/n70579mp/tom/JaxMARL/wandb/run-20260703_233449-k263kedr/logs[0m
Importing submoduled environments...
Submoduled environments not found. Skipping import.
wandb: [wandb.login()] Loaded credentials for https://api.wandb.ai from /mnt/iusers01/fatpou01/compsci01/n70579mp/.netrc.
wandb: Currently logged in as: maytusp to https://api.wandb.ai. Use `wandb login --relogin` to force relogin
wandb: Tracking run with wandb version 0.27.2
wandb: Run data is saved locally in /net/scratch/n70579mp/tom/JaxMARL/wandb/run-20260704_010258-vbog53op
wandb: Run `wandb offline` to turn off syncing.
wandb: Syncing run lmpred005_obsfront_sameinp_asymm_advantages
wandb: ⭐️ View project at https://wandb.ai/maytusp/oc-extended
wandb: 🚀 View run at https://wandb.ai/maytusp/oc-extended/runs/vbog53op
Update steps:  228.0
Warmup epochs:  11
Cosine epochs:  217.0
--> Saved seed 0 checkpoint at step 1 to checkpoints/lmpred005_ablate/asymm_advantages/baseline_seed_0_step_1.msgpack
--> Saved seed 1 checkpoint at step 1 to checkpoints/lmpred005_ablate/asymm_advantages/baseline_seed_1_step_1.msgpack
--> Saved seed 2 checkpoint at step 1 to checkpoints/lmpred005_ablate/asymm_advantages/baseline_seed_2_step_1.msgpack
--> Saved seed 3 checkpoint at step 1 to checkpoints/lmpred005_ablate/asymm_advantages/baseline_seed_3_step_1.msgpack
--> Saved seed 4 checkpoint at step 1 to checkpoints/lmpred005_ablate/asymm_advantages/baseline_seed_4_step_1.msgpack
--> Saved seed 0 checkpoint at step 22 to checkpoints/lmpred005_ablate/asymm_advantages/baseline_seed_0_step_22.msgpack
--> Saved seed 1 checkpoint at step 22 to checkpoints/lmpred005_ablate/asymm_advantages/baseline_seed_1_step_22.msgpack
--> Saved seed 2 checkpoint at step 22 to checkpoints/lmpred005_ablate/asymm_advantages/baseline_seed_2_step_22.msgpack
--> Saved seed 3 checkpoint at step 22 to checkpoints/lmpred005_ablate/asymm_advantages/baseline_seed_3_step_22.msgpack
--> Saved seed 4 checkpoint at step 22 to checkpoints/lmpred005_ablate/asymm_advantages/baseline_seed_4_step_22.msgpack
--> Saved seed 0 checkpoint at step 44 to checkpoints/lmpred005_ablate/asymm_advantages/baseline_seed_0_step_44.msgpack
--> Saved seed 1 checkpoint at step 44 to checkpoints/lmpred005_ablate/asymm_advantages/baseline_seed_1_step_44.msgpack
--> Saved seed 2 checkpoint at step 44 to checkpoints/lmpred005_ablate/asymm_advantages/baseline_seed_2_step_44.msgpack
--> Saved seed 3 checkpoint at step 44 to checkpoints/lmpred005_ablate/asymm_advantages/baseline_seed_3_step_44.msgpack
--> Saved seed 4 checkpoint at step 44 to checkpoints/lmpred005_ablate/asymm_advantages/baseline_seed_4_step_44.msgpack
--> Saved seed 0 checkpoint at step 66 to checkpoints/lmpred005_ablate/asymm_advantages/baseline_seed_0_step_66.msgpack
--> Saved seed 1 checkpoint at step 66 to checkpoints/lmpred005_ablate/asymm_advantages/baseline_seed_1_step_66.msgpack
--> Saved seed 2 checkpoint at step 66 to checkpoints/lmpred005_ablate/asymm_advantages/baseline_seed_2_step_66.msgpack
--> Saved seed 3 checkpoint at step 66 to checkpoints/lmpred005_ablate/asymm_advantages/baseline_seed_3_step_66.msgpack
--> Saved seed 4 checkpoint at step 66 to checkpoints/lmpred005_ablate/asymm_advantages/baseline_seed_4_step_66.msgpack
--> Saved seed 0 checkpoint at step 88 to checkpoints/lmpred005_ablate/asymm_advantages/baseline_seed_0_step_88.msgpack
--> Saved seed 1 checkpoint at step 88 to checkpoints/lmpred005_ablate/asymm_advantages/baseline_seed_1_step_88.msgpack
--> Saved seed 2 checkpoint at step 88 to checkpoints/lmpred005_ablate/asymm_advantages/baseline_seed_2_step_88.msgpack
--> Saved seed 3 checkpoint at step 88 to checkpoints/lmpred005_ablate/asymm_advantages/baseline_seed_3_step_88.msgpack
--> Saved seed 4 checkpoint at step 88 to checkpoints/lmpred005_ablate/asymm_advantages/baseline_seed_4_step_88.msgpack
--> Saved seed 0 checkpoint at step 110 to checkpoints/lmpred005_ablate/asymm_advantages/baseline_seed_0_step_110.msgpack
--> Saved seed 1 checkpoint at step 110 to checkpoints/lmpred005_ablate/asymm_advantages/baseline_seed_1_step_110.msgpack
--> Saved seed 2 checkpoint at step 110 to checkpoints/lmpred005_ablate/asymm_advantages/baseline_seed_2_step_110.msgpack
--> Saved seed 3 checkpoint at step 110 to checkpoints/lmpred005_ablate/asymm_advantages/baseline_seed_3_step_110.msgpack
--> Saved seed 4 checkpoint at step 110 to checkpoints/lmpred005_ablate/asymm_advantages/baseline_seed_4_step_110.msgpack
--> Saved seed 0 checkpoint at step 132 to checkpoints/lmpred005_ablate/asymm_advantages/baseline_seed_0_step_132.msgpack
--> Saved seed 1 checkpoint at step 132 to checkpoints/lmpred005_ablate/asymm_advantages/baseline_seed_1_step_132.msgpack
--> Saved seed 2 checkpoint at step 132 to checkpoints/lmpred005_ablate/asymm_advantages/baseline_seed_2_step_132.msgpack
--> Saved seed 3 checkpoint at step 132 to checkpoints/lmpred005_ablate/asymm_advantages/baseline_seed_3_step_132.msgpack
--> Saved seed 4 checkpoint at step 132 to checkpoints/lmpred005_ablate/asymm_advantages/baseline_seed_4_step_132.msgpack
--> Saved seed 0 checkpoint at step 154 to checkpoints/lmpred005_ablate/asymm_advantages/baseline_seed_0_step_154.msgpack
--> Saved seed 1 checkpoint at step 154 to checkpoints/lmpred005_ablate/asymm_advantages/baseline_seed_1_step_154.msgpack
--> Saved seed 2 checkpoint at step 154 to checkpoints/lmpred005_ablate/asymm_advantages/baseline_seed_2_step_154.msgpack
--> Saved seed 3 checkpoint at step 154 to checkpoints/lmpred005_ablate/asymm_advantages/baseline_seed_3_step_154.msgpack
--> Saved seed 4 checkpoint at step 154 to checkpoints/lmpred005_ablate/asymm_advantages/baseline_seed_4_step_154.msgpack
--> Saved seed 0 checkpoint at step 176 to checkpoints/lmpred005_ablate/asymm_advantages/baseline_seed_0_step_176.msgpack
--> Saved seed 1 checkpoint at step 176 to checkpoints/lmpred005_ablate/asymm_advantages/baseline_seed_1_step_176.msgpack
--> Saved seed 2 checkpoint at step 176 to checkpoints/lmpred005_ablate/asymm_advantages/baseline_seed_2_step_176.msgpack
--> Saved seed 3 checkpoint at step 176 to checkpoints/lmpred005_ablate/asymm_advantages/baseline_seed_3_step_176.msgpack
--> Saved seed 4 checkpoint at step 176 to checkpoints/lmpred005_ablate/asymm_advantages/baseline_seed_4_step_176.msgpack
--> Saved seed 0 checkpoint at step 198 to checkpoints/lmpred005_ablate/asymm_advantages/baseline_seed_0_step_198.msgpack
--> Saved seed 1 checkpoint at step 198 to checkpoints/lmpred005_ablate/asymm_advantages/baseline_seed_1_step_198.msgpack
--> Saved seed 2 checkpoint at step 198 to checkpoints/lmpred005_ablate/asymm_advantages/baseline_seed_2_step_198.msgpack
--> Saved seed 3 checkpoint at step 198 to checkpoints/lmpred005_ablate/asymm_advantages/baseline_seed_3_step_198.msgpack
--> Saved seed 4 checkpoint at step 198 to checkpoints/lmpred005_ablate/asymm_advantages/baseline_seed_4_step_198.msgpack
--> Saved seed 0 checkpoint at step 220 to checkpoints/lmpred005_ablate/asymm_advantages/baseline_seed_0_step_220.msgpack
--> Saved seed 1 checkpoint at step 220 to checkpoints/lmpred005_ablate/asymm_advantages/baseline_seed_1_step_220.msgpack
--> Saved seed 2 checkpoint at step 220 to checkpoints/lmpred005_ablate/asymm_advantages/baseline_seed_2_step_220.msgpack
--> Saved seed 3 checkpoint at step 220 to checkpoints/lmpred005_ablate/asymm_advantages/baseline_seed_3_step_220.msgpack
--> Saved seed 4 checkpoint at step 220 to checkpoints/lmpred005_ablate/asymm_advantages/baseline_seed_4_step_220.msgpack
[1;34mwandb[0m: 
[1;34mwandb[0m: 🚀 View run [33mlmpred005_obsfront_sameinp_asymm_advantages[0m at: [34mhttps://wandb.ai/maytusp/oc-extended/runs/vbog53op[0m
[1;34mwandb[0m: Find logs at: [1;35m../../../../../../../../net/scratch/n70579mp/tom/JaxMARL/wandb/run-20260704_010258-vbog53op/logs[0m
Importing submoduled environments...
Submoduled environments not found. Skipping import.
wandb: [wandb.login()] Loaded credentials for https://api.wandb.ai from /mnt/iusers01/fatpou01/compsci01/n70579mp/.netrc.
wandb: Currently logged in as: maytusp to https://api.wandb.ai. Use `wandb login --relogin` to force relogin
wandb: Tracking run with wandb version 0.27.2
wandb: Run data is saved locally in /net/scratch/n70579mp/tom/JaxMARL/wandb/run-20260704_023108-wy6o78sb
wandb: Run `wandb offline` to turn off syncing.
wandb: Syncing run lmpred02_obsfront_sameinp_asymm_advantages
wandb: ⭐️ View project at https://wandb.ai/maytusp/oc-extended
wandb: 🚀 View run at https://wandb.ai/maytusp/oc-extended/runs/wy6o78sb
Update steps:  228.0
Warmup epochs:  11
Cosine epochs:  217.0
--> Saved seed 0 checkpoint at step 1 to checkpoints/lmpred02_ablate/asymm_advantages/baseline_seed_0_step_1.msgpack
--> Saved seed 1 checkpoint at step 1 to checkpoints/lmpred02_ablate/asymm_advantages/baseline_seed_1_step_1.msgpack
--> Saved seed 2 checkpoint at step 1 to checkpoints/lmpred02_ablate/asymm_advantages/baseline_seed_2_step_1.msgpack
--> Saved seed 3 checkpoint at step 1 to checkpoints/lmpred02_ablate/asymm_advantages/baseline_seed_3_step_1.msgpack
--> Saved seed 4 checkpoint at step 1 to checkpoints/lmpred02_ablate/asymm_advantages/baseline_seed_4_step_1.msgpack
--> Saved seed 0 checkpoint at step 22 to checkpoints/lmpred02_ablate/asymm_advantages/baseline_seed_0_step_22.msgpack
--> Saved seed 1 checkpoint at step 22 to checkpoints/lmpred02_ablate/asymm_advantages/baseline_seed_1_step_22.msgpack
--> Saved seed 2 checkpoint at step 22 to checkpoints/lmpred02_ablate/asymm_advantages/baseline_seed_2_step_22.msgpack
--> Saved seed 3 checkpoint at step 22 to checkpoints/lmpred02_ablate/asymm_advantages/baseline_seed_3_step_22.msgpack
--> Saved seed 4 checkpoint at step 22 to checkpoints/lmpred02_ablate/asymm_advantages/baseline_seed_4_step_22.msgpack
--> Saved seed 0 checkpoint at step 44 to checkpoints/lmpred02_ablate/asymm_advantages/baseline_seed_0_step_44.msgpack
--> Saved seed 1 checkpoint at step 44 to checkpoints/lmpred02_ablate/asymm_advantages/baseline_seed_1_step_44.msgpack
--> Saved seed 2 checkpoint at step 44 to checkpoints/lmpred02_ablate/asymm_advantages/baseline_seed_2_step_44.msgpack
--> Saved seed 3 checkpoint at step 44 to checkpoints/lmpred02_ablate/asymm_advantages/baseline_seed_3_step_44.msgpack
--> Saved seed 4 checkpoint at step 44 to checkpoints/lmpred02_ablate/asymm_advantages/baseline_seed_4_step_44.msgpack
--> Saved seed 0 checkpoint at step 66 to checkpoints/lmpred02_ablate/asymm_advantages/baseline_seed_0_step_66.msgpack
--> Saved seed 1 checkpoint at step 66 to checkpoints/lmpred02_ablate/asymm_advantages/baseline_seed_1_step_66.msgpack
--> Saved seed 2 checkpoint at step 66 to checkpoints/lmpred02_ablate/asymm_advantages/baseline_seed_2_step_66.msgpack
--> Saved seed 3 checkpoint at step 66 to checkpoints/lmpred02_ablate/asymm_advantages/baseline_seed_3_step_66.msgpack
--> Saved seed 4 checkpoint at step 66 to checkpoints/lmpred02_ablate/asymm_advantages/baseline_seed_4_step_66.msgpack
--> Saved seed 0 checkpoint at step 88 to checkpoints/lmpred02_ablate/asymm_advantages/baseline_seed_0_step_88.msgpack
--> Saved seed 1 checkpoint at step 88 to checkpoints/lmpred02_ablate/asymm_advantages/baseline_seed_1_step_88.msgpack
--> Saved seed 2 checkpoint at step 88 to checkpoints/lmpred02_ablate/asymm_advantages/baseline_seed_2_step_88.msgpack
--> Saved seed 3 checkpoint at step 88 to checkpoints/lmpred02_ablate/asymm_advantages/baseline_seed_3_step_88.msgpack
--> Saved seed 4 checkpoint at step 88 to checkpoints/lmpred02_ablate/asymm_advantages/baseline_seed_4_step_88.msgpack
--> Saved seed 0 checkpoint at step 110 to checkpoints/lmpred02_ablate/asymm_advantages/baseline_seed_0_step_110.msgpack
--> Saved seed 1 checkpoint at step 110 to checkpoints/lmpred02_ablate/asymm_advantages/baseline_seed_1_step_110.msgpack
--> Saved seed 2 checkpoint at step 110 to checkpoints/lmpred02_ablate/asymm_advantages/baseline_seed_2_step_110.msgpack
--> Saved seed 3 checkpoint at step 110 to checkpoints/lmpred02_ablate/asymm_advantages/baseline_seed_3_step_110.msgpack
--> Saved seed 4 checkpoint at step 110 to checkpoints/lmpred02_ablate/asymm_advantages/baseline_seed_4_step_110.msgpack
--> Saved seed 0 checkpoint at step 132 to checkpoints/lmpred02_ablate/asymm_advantages/baseline_seed_0_step_132.msgpack
--> Saved seed 1 checkpoint at step 132 to checkpoints/lmpred02_ablate/asymm_advantages/baseline_seed_1_step_132.msgpack
--> Saved seed 2 checkpoint at step 132 to checkpoints/lmpred02_ablate/asymm_advantages/baseline_seed_2_step_132.msgpack
--> Saved seed 3 checkpoint at step 132 to checkpoints/lmpred02_ablate/asymm_advantages/baseline_seed_3_step_132.msgpack
--> Saved seed 4 checkpoint at step 132 to checkpoints/lmpred02_ablate/asymm_advantages/baseline_seed_4_step_132.msgpack
--> Saved seed 0 checkpoint at step 154 to checkpoints/lmpred02_ablate/asymm_advantages/baseline_seed_0_step_154.msgpack
--> Saved seed 1 checkpoint at step 154 to checkpoints/lmpred02_ablate/asymm_advantages/baseline_seed_1_step_154.msgpack
--> Saved seed 2 checkpoint at step 154 to checkpoints/lmpred02_ablate/asymm_advantages/baseline_seed_2_step_154.msgpack
--> Saved seed 3 checkpoint at step 154 to checkpoints/lmpred02_ablate/asymm_advantages/baseline_seed_3_step_154.msgpack
--> Saved seed 4 checkpoint at step 154 to checkpoints/lmpred02_ablate/asymm_advantages/baseline_seed_4_step_154.msgpack
--> Saved seed 0 checkpoint at step 176 to checkpoints/lmpred02_ablate/asymm_advantages/baseline_seed_0_step_176.msgpack
--> Saved seed 1 checkpoint at step 176 to checkpoints/lmpred02_ablate/asymm_advantages/baseline_seed_1_step_176.msgpack
--> Saved seed 2 checkpoint at step 176 to checkpoints/lmpred02_ablate/asymm_advantages/baseline_seed_2_step_176.msgpack
--> Saved seed 3 checkpoint at step 176 to checkpoints/lmpred02_ablate/asymm_advantages/baseline_seed_3_step_176.msgpack
--> Saved seed 4 checkpoint at step 176 to checkpoints/lmpred02_ablate/asymm_advantages/baseline_seed_4_step_176.msgpack
--> Saved seed 0 checkpoint at step 198 to checkpoints/lmpred02_ablate/asymm_advantages/baseline_seed_0_step_198.msgpack
--> Saved seed 1 checkpoint at step 198 to checkpoints/lmpred02_ablate/asymm_advantages/baseline_seed_1_step_198.msgpack
--> Saved seed 2 checkpoint at step 198 to checkpoints/lmpred02_ablate/asymm_advantages/baseline_seed_2_step_198.msgpack
--> Saved seed 3 checkpoint at step 198 to checkpoints/lmpred02_ablate/asymm_advantages/baseline_seed_3_step_198.msgpack
--> Saved seed 4 checkpoint at step 198 to checkpoints/lmpred02_ablate/asymm_advantages/baseline_seed_4_step_198.msgpack
--> Saved seed 0 checkpoint at step 220 to checkpoints/lmpred02_ablate/asymm_advantages/baseline_seed_0_step_220.msgpack
--> Saved seed 1 checkpoint at step 220 to checkpoints/lmpred02_ablate/asymm_advantages/baseline_seed_1_step_220.msgpack
--> Saved seed 2 checkpoint at step 220 to checkpoints/lmpred02_ablate/asymm_advantages/baseline_seed_2_step_220.msgpack
--> Saved seed 3 checkpoint at step 220 to checkpoints/lmpred02_ablate/asymm_advantages/baseline_seed_3_step_220.msgpack
--> Saved seed 4 checkpoint at step 220 to checkpoints/lmpred02_ablate/asymm_advantages/baseline_seed_4_step_220.msgpack
[1;34mwandb[0m: 
[1;34mwandb[0m: 🚀 View run [33mlmpred02_obsfront_sameinp_asymm_advantages[0m at: [34mhttps://wandb.ai/maytusp/oc-extended/runs/wy6o78sb[0m
[1;34mwandb[0m: Find logs at: [1;35m../../../../../../../../net/scratch/n70579mp/tom/JaxMARL/wandb/run-20260704_023108-wy6o78sb/logs[0m
Importing submoduled environments...
Submoduled environments not found. Skipping import.
wandb: [wandb.login()] Loaded credentials for https://api.wandb.ai from /mnt/iusers01/fatpou01/compsci01/n70579mp/.netrc.
wandb: Currently logged in as: maytusp to https://api.wandb.ai. Use `wandb login --relogin` to force relogin
wandb: Tracking run with wandb version 0.27.2
wandb: Run data is saved locally in /net/scratch/n70579mp/tom/JaxMARL/wandb/run-20260704_035918-6a8t3fit
wandb: Run `wandb offline` to turn off syncing.
wandb: Syncing run lmpred04_obsfront_sameinp_asymm_advantages
wandb: ⭐️ View project at https://wandb.ai/maytusp/oc-extended
wandb: 🚀 View run at https://wandb.ai/maytusp/oc-extended/runs/6a8t3fit
Update steps:  228.0
Warmup epochs:  11
Cosine epochs:  217.0
--> Saved seed 0 checkpoint at step 1 to checkpoints/lmpred04_ablate/asymm_advantages/baseline_seed_0_step_1.msgpack
--> Saved seed 1 checkpoint at step 1 to checkpoints/lmpred04_ablate/asymm_advantages/baseline_seed_1_step_1.msgpack
--> Saved seed 2 checkpoint at step 1 to checkpoints/lmpred04_ablate/asymm_advantages/baseline_seed_2_step_1.msgpack
--> Saved seed 3 checkpoint at step 1 to checkpoints/lmpred04_ablate/asymm_advantages/baseline_seed_3_step_1.msgpack
--> Saved seed 4 checkpoint at step 1 to checkpoints/lmpred04_ablate/asymm_advantages/baseline_seed_4_step_1.msgpack
--> Saved seed 0 checkpoint at step 22 to checkpoints/lmpred04_ablate/asymm_advantages/baseline_seed_0_step_22.msgpack
--> Saved seed 1 checkpoint at step 22 to checkpoints/lmpred04_ablate/asymm_advantages/baseline_seed_1_step_22.msgpack
--> Saved seed 2 checkpoint at step 22 to checkpoints/lmpred04_ablate/asymm_advantages/baseline_seed_2_step_22.msgpack
--> Saved seed 3 checkpoint at step 22 to checkpoints/lmpred04_ablate/asymm_advantages/baseline_seed_3_step_22.msgpack
--> Saved seed 4 checkpoint at step 22 to checkpoints/lmpred04_ablate/asymm_advantages/baseline_seed_4_step_22.msgpack
--> Saved seed 0 checkpoint at step 44 to checkpoints/lmpred04_ablate/asymm_advantages/baseline_seed_0_step_44.msgpack
--> Saved seed 1 checkpoint at step 44 to checkpoints/lmpred04_ablate/asymm_advantages/baseline_seed_1_step_44.msgpack
--> Saved seed 2 checkpoint at step 44 to checkpoints/lmpred04_ablate/asymm_advantages/baseline_seed_2_step_44.msgpack
--> Saved seed 3 checkpoint at step 44 to checkpoints/lmpred04_ablate/asymm_advantages/baseline_seed_3_step_44.msgpack
--> Saved seed 4 checkpoint at step 44 to checkpoints/lmpred04_ablate/asymm_advantages/baseline_seed_4_step_44.msgpack
--> Saved seed 0 checkpoint at step 66 to checkpoints/lmpred04_ablate/asymm_advantages/baseline_seed_0_step_66.msgpack
--> Saved seed 1 checkpoint at step 66 to checkpoints/lmpred04_ablate/asymm_advantages/baseline_seed_1_step_66.msgpack
--> Saved seed 2 checkpoint at step 66 to checkpoints/lmpred04_ablate/asymm_advantages/baseline_seed_2_step_66.msgpack
--> Saved seed 3 checkpoint at step 66 to checkpoints/lmpred04_ablate/asymm_advantages/baseline_seed_3_step_66.msgpack
--> Saved seed 4 checkpoint at step 66 to checkpoints/lmpred04_ablate/asymm_advantages/baseline_seed_4_step_66.msgpack
--> Saved seed 0 checkpoint at step 88 to checkpoints/lmpred04_ablate/asymm_advantages/baseline_seed_0_step_88.msgpack
--> Saved seed 1 checkpoint at step 88 to checkpoints/lmpred04_ablate/asymm_advantages/baseline_seed_1_step_88.msgpack
--> Saved seed 2 checkpoint at step 88 to checkpoints/lmpred04_ablate/asymm_advantages/baseline_seed_2_step_88.msgpack
--> Saved seed 3 checkpoint at step 88 to checkpoints/lmpred04_ablate/asymm_advantages/baseline_seed_3_step_88.msgpack
--> Saved seed 4 checkpoint at step 88 to checkpoints/lmpred04_ablate/asymm_advantages/baseline_seed_4_step_88.msgpack
--> Saved seed 0 checkpoint at step 110 to checkpoints/lmpred04_ablate/asymm_advantages/baseline_seed_0_step_110.msgpack
--> Saved seed 1 checkpoint at step 110 to checkpoints/lmpred04_ablate/asymm_advantages/baseline_seed_1_step_110.msgpack
--> Saved seed 2 checkpoint at step 110 to checkpoints/lmpred04_ablate/asymm_advantages/baseline_seed_2_step_110.msgpack
--> Saved seed 3 checkpoint at step 110 to checkpoints/lmpred04_ablate/asymm_advantages/baseline_seed_3_step_110.msgpack
--> Saved seed 4 checkpoint at step 110 to checkpoints/lmpred04_ablate/asymm_advantages/baseline_seed_4_step_110.msgpack
--> Saved seed 0 checkpoint at step 132 to checkpoints/lmpred04_ablate/asymm_advantages/baseline_seed_0_step_132.msgpack
--> Saved seed 1 checkpoint at step 132 to checkpoints/lmpred04_ablate/asymm_advantages/baseline_seed_1_step_132.msgpack
--> Saved seed 2 checkpoint at step 132 to checkpoints/lmpred04_ablate/asymm_advantages/baseline_seed_2_step_132.msgpack
--> Saved seed 3 checkpoint at step 132 to checkpoints/lmpred04_ablate/asymm_advantages/baseline_seed_3_step_132.msgpack
--> Saved seed 4 checkpoint at step 132 to checkpoints/lmpred04_ablate/asymm_advantages/baseline_seed_4_step_132.msgpack
--> Saved seed 0 checkpoint at step 154 to checkpoints/lmpred04_ablate/asymm_advantages/baseline_seed_0_step_154.msgpack
--> Saved seed 1 checkpoint at step 154 to checkpoints/lmpred04_ablate/asymm_advantages/baseline_seed_1_step_154.msgpack
--> Saved seed 2 checkpoint at step 154 to checkpoints/lmpred04_ablate/asymm_advantages/baseline_seed_2_step_154.msgpack
--> Saved seed 3 checkpoint at step 154 to checkpoints/lmpred04_ablate/asymm_advantages/baseline_seed_3_step_154.msgpack
--> Saved seed 4 checkpoint at step 154 to checkpoints/lmpred04_ablate/asymm_advantages/baseline_seed_4_step_154.msgpack
--> Saved seed 0 checkpoint at step 176 to checkpoints/lmpred04_ablate/asymm_advantages/baseline_seed_0_step_176.msgpack
--> Saved seed 1 checkpoint at step 176 to checkpoints/lmpred04_ablate/asymm_advantages/baseline_seed_1_step_176.msgpack
--> Saved seed 2 checkpoint at step 176 to checkpoints/lmpred04_ablate/asymm_advantages/baseline_seed_2_step_176.msgpack
--> Saved seed 3 checkpoint at step 176 to checkpoints/lmpred04_ablate/asymm_advantages/baseline_seed_3_step_176.msgpack
--> Saved seed 4 checkpoint at step 176 to checkpoints/lmpred04_ablate/asymm_advantages/baseline_seed_4_step_176.msgpack
--> Saved seed 0 checkpoint at step 198 to checkpoints/lmpred04_ablate/asymm_advantages/baseline_seed_0_step_198.msgpack
--> Saved seed 1 checkpoint at step 198 to checkpoints/lmpred04_ablate/asymm_advantages/baseline_seed_1_step_198.msgpack
--> Saved seed 2 checkpoint at step 198 to checkpoints/lmpred04_ablate/asymm_advantages/baseline_seed_2_step_198.msgpack
--> Saved seed 3 checkpoint at step 198 to checkpoints/lmpred04_ablate/asymm_advantages/baseline_seed_3_step_198.msgpack
--> Saved seed 4 checkpoint at step 198 to checkpoints/lmpred04_ablate/asymm_advantages/baseline_seed_4_step_198.msgpack
--> Saved seed 0 checkpoint at step 220 to checkpoints/lmpred04_ablate/asymm_advantages/baseline_seed_0_step_220.msgpack
--> Saved seed 1 checkpoint at step 220 to checkpoints/lmpred04_ablate/asymm_advantages/baseline_seed_1_step_220.msgpack
--> Saved seed 2 checkpoint at step 220 to checkpoints/lmpred04_ablate/asymm_advantages/baseline_seed_2_step_220.msgpack
--> Saved seed 3 checkpoint at step 220 to checkpoints/lmpred04_ablate/asymm_advantages/baseline_seed_3_step_220.msgpack
--> Saved seed 4 checkpoint at step 220 to checkpoints/lmpred04_ablate/asymm_advantages/baseline_seed_4_step_220.msgpack
[1;34mwandb[0m: 
[1;34mwandb[0m: 🚀 View run [33mlmpred04_obsfront_sameinp_asymm_advantages[0m at: [34mhttps://wandb.ai/maytusp/oc-extended/runs/6a8t3fit[0m
[1;34mwandb[0m: Find logs at: [1;35m../../../../../../../../net/scratch/n70579mp/tom/JaxMARL/wandb/run-20260704_035918-6a8t3fit/logs[0m
Importing submoduled environments...
Submoduled environments not found. Skipping import.
wandb: [wandb.login()] Loaded credentials for https://api.wandb.ai from /mnt/iusers01/fatpou01/compsci01/n70579mp/.netrc.
wandb: Currently logged in as: maytusp to https://api.wandb.ai. Use `wandb login --relogin` to force relogin
wandb: setting up run pdi7f2r6
wandb: Tracking run with wandb version 0.27.2
wandb: Run data is saved locally in /net/scratch/n70579mp/tom/JaxMARL/wandb/run-20260704_052746-pdi7f2r6
wandb: Run `wandb offline` to turn off syncing.
wandb: Syncing run lmpred005_obsfront_sameinp_forced_coord
wandb: ⭐️ View project at https://wandb.ai/maytusp/oc-extended
wandb: 🚀 View run at https://wandb.ai/maytusp/oc-extended/runs/pdi7f2r6
Update steps:  228.0
Warmup epochs:  11
Cosine epochs:  217.0
--> Saved seed 0 checkpoint at step 1 to checkpoints/lmpred005_ablate/forced_coord/baseline_seed_0_step_1.msgpack
--> Saved seed 1 checkpoint at step 1 to checkpoints/lmpred005_ablate/forced_coord/baseline_seed_1_step_1.msgpack
--> Saved seed 2 checkpoint at step 1 to checkpoints/lmpred005_ablate/forced_coord/baseline_seed_2_step_1.msgpack
--> Saved seed 3 checkpoint at step 1 to checkpoints/lmpred005_ablate/forced_coord/baseline_seed_3_step_1.msgpack
--> Saved seed 4 checkpoint at step 1 to checkpoints/lmpred005_ablate/forced_coord/baseline_seed_4_step_1.msgpack
--> Saved seed 0 checkpoint at step 22 to checkpoints/lmpred005_ablate/forced_coord/baseline_seed_0_step_22.msgpack
--> Saved seed 1 checkpoint at step 22 to checkpoints/lmpred005_ablate/forced_coord/baseline_seed_1_step_22.msgpack
--> Saved seed 2 checkpoint at step 22 to checkpoints/lmpred005_ablate/forced_coord/baseline_seed_2_step_22.msgpack
--> Saved seed 3 checkpoint at step 22 to checkpoints/lmpred005_ablate/forced_coord/baseline_seed_3_step_22.msgpack
--> Saved seed 4 checkpoint at step 22 to checkpoints/lmpred005_ablate/forced_coord/baseline_seed_4_step_22.msgpack
--> Saved seed 0 checkpoint at step 44 to checkpoints/lmpred005_ablate/forced_coord/baseline_seed_0_step_44.msgpack
--> Saved seed 1 checkpoint at step 44 to checkpoints/lmpred005_ablate/forced_coord/baseline_seed_1_step_44.msgpack
--> Saved seed 2 checkpoint at step 44 to checkpoints/lmpred005_ablate/forced_coord/baseline_seed_2_step_44.msgpack
--> Saved seed 3 checkpoint at step 44 to checkpoints/lmpred005_ablate/forced_coord/baseline_seed_3_step_44.msgpack
--> Saved seed 4 checkpoint at step 44 to checkpoints/lmpred005_ablate/forced_coord/baseline_seed_4_step_44.msgpack
--> Saved seed 0 checkpoint at step 66 to checkpoints/lmpred005_ablate/forced_coord/baseline_seed_0_step_66.msgpack
--> Saved seed 1 checkpoint at step 66 to checkpoints/lmpred005_ablate/forced_coord/baseline_seed_1_step_66.msgpack
--> Saved seed 2 checkpoint at step 66 to checkpoints/lmpred005_ablate/forced_coord/baseline_seed_2_step_66.msgpack
--> Saved seed 3 checkpoint at step 66 to checkpoints/lmpred005_ablate/forced_coord/baseline_seed_3_step_66.msgpack
--> Saved seed 4 checkpoint at step 66 to checkpoints/lmpred005_ablate/forced_coord/baseline_seed_4_step_66.msgpack
--> Saved seed 0 checkpoint at step 88 to checkpoints/lmpred005_ablate/forced_coord/baseline_seed_0_step_88.msgpack
--> Saved seed 1 checkpoint at step 88 to checkpoints/lmpred005_ablate/forced_coord/baseline_seed_1_step_88.msgpack
--> Saved seed 2 checkpoint at step 88 to checkpoints/lmpred005_ablate/forced_coord/baseline_seed_2_step_88.msgpack
--> Saved seed 3 checkpoint at step 88 to checkpoints/lmpred005_ablate/forced_coord/baseline_seed_3_step_88.msgpack
--> Saved seed 4 checkpoint at step 88 to checkpoints/lmpred005_ablate/forced_coord/baseline_seed_4_step_88.msgpack
--> Saved seed 0 checkpoint at step 110 to checkpoints/lmpred005_ablate/forced_coord/baseline_seed_0_step_110.msgpack
--> Saved seed 1 checkpoint at step 110 to checkpoints/lmpred005_ablate/forced_coord/baseline_seed_1_step_110.msgpack
--> Saved seed 2 checkpoint at step 110 to checkpoints/lmpred005_ablate/forced_coord/baseline_seed_2_step_110.msgpack
--> Saved seed 3 checkpoint at step 110 to checkpoints/lmpred005_ablate/forced_coord/baseline_seed_3_step_110.msgpack
--> Saved seed 4 checkpoint at step 110 to checkpoints/lmpred005_ablate/forced_coord/baseline_seed_4_step_110.msgpack
--> Saved seed 0 checkpoint at step 132 to checkpoints/lmpred005_ablate/forced_coord/baseline_seed_0_step_132.msgpack
--> Saved seed 1 checkpoint at step 132 to checkpoints/lmpred005_ablate/forced_coord/baseline_seed_1_step_132.msgpack
--> Saved seed 2 checkpoint at step 132 to checkpoints/lmpred005_ablate/forced_coord/baseline_seed_2_step_132.msgpack
--> Saved seed 3 checkpoint at step 132 to checkpoints/lmpred005_ablate/forced_coord/baseline_seed_3_step_132.msgpack
--> Saved seed 4 checkpoint at step 132 to checkpoints/lmpred005_ablate/forced_coord/baseline_seed_4_step_132.msgpack
--> Saved seed 0 checkpoint at step 154 to checkpoints/lmpred005_ablate/forced_coord/baseline_seed_0_step_154.msgpack
--> Saved seed 1 checkpoint at step 154 to checkpoints/lmpred005_ablate/forced_coord/baseline_seed_1_step_154.msgpack
--> Saved seed 2 checkpoint at step 154 to checkpoints/lmpred005_ablate/forced_coord/baseline_seed_2_step_154.msgpack
--> Saved seed 3 checkpoint at step 154 to checkpoints/lmpred005_ablate/forced_coord/baseline_seed_3_step_154.msgpack
--> Saved seed 4 checkpoint at step 154 to checkpoints/lmpred005_ablate/forced_coord/baseline_seed_4_step_154.msgpack
--> Saved seed 0 checkpoint at step 176 to checkpoints/lmpred005_ablate/forced_coord/baseline_seed_0_step_176.msgpack
--> Saved seed 1 checkpoint at step 176 to checkpoints/lmpred005_ablate/forced_coord/baseline_seed_1_step_176.msgpack
--> Saved seed 2 checkpoint at step 176 to checkpoints/lmpred005_ablate/forced_coord/baseline_seed_2_step_176.msgpack
--> Saved seed 3 checkpoint at step 176 to checkpoints/lmpred005_ablate/forced_coord/baseline_seed_3_step_176.msgpack
--> Saved seed 4 checkpoint at step 176 to checkpoints/lmpred005_ablate/forced_coord/baseline_seed_4_step_176.msgpack
--> Saved seed 0 checkpoint at step 198 to checkpoints/lmpred005_ablate/forced_coord/baseline_seed_0_step_198.msgpack
--> Saved seed 1 checkpoint at step 198 to checkpoints/lmpred005_ablate/forced_coord/baseline_seed_1_step_198.msgpack
--> Saved seed 2 checkpoint at step 198 to checkpoints/lmpred005_ablate/forced_coord/baseline_seed_2_step_198.msgpack
--> Saved seed 3 checkpoint at step 198 to checkpoints/lmpred005_ablate/forced_coord/baseline_seed_3_step_198.msgpack
--> Saved seed 4 checkpoint at step 198 to checkpoints/lmpred005_ablate/forced_coord/baseline_seed_4_step_198.msgpack
--> Saved seed 0 checkpoint at step 220 to checkpoints/lmpred005_ablate/forced_coord/baseline_seed_0_step_220.msgpack
--> Saved seed 1 checkpoint at step 220 to checkpoints/lmpred005_ablate/forced_coord/baseline_seed_1_step_220.msgpack
--> Saved seed 2 checkpoint at step 220 to checkpoints/lmpred005_ablate/forced_coord/baseline_seed_2_step_220.msgpack
--> Saved seed 3 checkpoint at step 220 to checkpoints/lmpred005_ablate/forced_coord/baseline_seed_3_step_220.msgpack
--> Saved seed 4 checkpoint at step 220 to checkpoints/lmpred005_ablate/forced_coord/baseline_seed_4_step_220.msgpack
[1;34mwandb[0m: 
[1;34mwandb[0m: 🚀 View run [33mlmpred005_obsfront_sameinp_forced_coord[0m at: [34mhttps://wandb.ai/maytusp/oc-extended/runs/pdi7f2r6[0m
[1;34mwandb[0m: Find logs at: [1;35m../../../../../../../../net/scratch/n70579mp/tom/JaxMARL/wandb/run-20260704_052746-pdi7f2r6/logs[0m
Importing submoduled environments...
Submoduled environments not found. Skipping import.
wandb: [wandb.login()] Loaded credentials for https://api.wandb.ai from /mnt/iusers01/fatpou01/compsci01/n70579mp/.netrc.
wandb: Currently logged in as: maytusp to https://api.wandb.ai. Use `wandb login --relogin` to force relogin
wandb: Tracking run with wandb version 0.27.2
wandb: Run data is saved locally in /net/scratch/n70579mp/tom/JaxMARL/wandb/run-20260704_065601-ao9xow9v
wandb: Run `wandb offline` to turn off syncing.
wandb: Syncing run lmpred02_obsfront_sameinp_forced_coord
wandb: ⭐️ View project at https://wandb.ai/maytusp/oc-extended
wandb: 🚀 View run at https://wandb.ai/maytusp/oc-extended/runs/ao9xow9v
Update steps:  228.0
Warmup epochs:  11
Cosine epochs:  217.0
--> Saved seed 0 checkpoint at step 1 to checkpoints/lmpred02_ablate/forced_coord/baseline_seed_0_step_1.msgpack
--> Saved seed 1 checkpoint at step 1 to checkpoints/lmpred02_ablate/forced_coord/baseline_seed_1_step_1.msgpack
--> Saved seed 2 checkpoint at step 1 to checkpoints/lmpred02_ablate/forced_coord/baseline_seed_2_step_1.msgpack
--> Saved seed 3 checkpoint at step 1 to checkpoints/lmpred02_ablate/forced_coord/baseline_seed_3_step_1.msgpack
--> Saved seed 4 checkpoint at step 1 to checkpoints/lmpred02_ablate/forced_coord/baseline_seed_4_step_1.msgpack
--> Saved seed 0 checkpoint at step 22 to checkpoints/lmpred02_ablate/forced_coord/baseline_seed_0_step_22.msgpack
--> Saved seed 1 checkpoint at step 22 to checkpoints/lmpred02_ablate/forced_coord/baseline_seed_1_step_22.msgpack
--> Saved seed 2 checkpoint at step 22 to checkpoints/lmpred02_ablate/forced_coord/baseline_seed_2_step_22.msgpack
--> Saved seed 3 checkpoint at step 22 to checkpoints/lmpred02_ablate/forced_coord/baseline_seed_3_step_22.msgpack
--> Saved seed 4 checkpoint at step 22 to checkpoints/lmpred02_ablate/forced_coord/baseline_seed_4_step_22.msgpack
--> Saved seed 0 checkpoint at step 44 to checkpoints/lmpred02_ablate/forced_coord/baseline_seed_0_step_44.msgpack
--> Saved seed 1 checkpoint at step 44 to checkpoints/lmpred02_ablate/forced_coord/baseline_seed_1_step_44.msgpack
--> Saved seed 2 checkpoint at step 44 to checkpoints/lmpred02_ablate/forced_coord/baseline_seed_2_step_44.msgpack
--> Saved seed 3 checkpoint at step 44 to checkpoints/lmpred02_ablate/forced_coord/baseline_seed_3_step_44.msgpack
--> Saved seed 4 checkpoint at step 44 to checkpoints/lmpred02_ablate/forced_coord/baseline_seed_4_step_44.msgpack
--> Saved seed 0 checkpoint at step 66 to checkpoints/lmpred02_ablate/forced_coord/baseline_seed_0_step_66.msgpack
--> Saved seed 1 checkpoint at step 66 to checkpoints/lmpred02_ablate/forced_coord/baseline_seed_1_step_66.msgpack
--> Saved seed 2 checkpoint at step 66 to checkpoints/lmpred02_ablate/forced_coord/baseline_seed_2_step_66.msgpack
--> Saved seed 3 checkpoint at step 66 to checkpoints/lmpred02_ablate/forced_coord/baseline_seed_3_step_66.msgpack
--> Saved seed 4 checkpoint at step 66 to checkpoints/lmpred02_ablate/forced_coord/baseline_seed_4_step_66.msgpack
--> Saved seed 0 checkpoint at step 88 to checkpoints/lmpred02_ablate/forced_coord/baseline_seed_0_step_88.msgpack
--> Saved seed 1 checkpoint at step 88 to checkpoints/lmpred02_ablate/forced_coord/baseline_seed_1_step_88.msgpack
--> Saved seed 2 checkpoint at step 88 to checkpoints/lmpred02_ablate/forced_coord/baseline_seed_2_step_88.msgpack
--> Saved seed 3 checkpoint at step 88 to checkpoints/lmpred02_ablate/forced_coord/baseline_seed_3_step_88.msgpack
--> Saved seed 4 checkpoint at step 88 to checkpoints/lmpred02_ablate/forced_coord/baseline_seed_4_step_88.msgpack
--> Saved seed 0 checkpoint at step 110 to checkpoints/lmpred02_ablate/forced_coord/baseline_seed_0_step_110.msgpack
--> Saved seed 1 checkpoint at step 110 to checkpoints/lmpred02_ablate/forced_coord/baseline_seed_1_step_110.msgpack
--> Saved seed 2 checkpoint at step 110 to checkpoints/lmpred02_ablate/forced_coord/baseline_seed_2_step_110.msgpack
--> Saved seed 3 checkpoint at step 110 to checkpoints/lmpred02_ablate/forced_coord/baseline_seed_3_step_110.msgpack
--> Saved seed 4 checkpoint at step 110 to checkpoints/lmpred02_ablate/forced_coord/baseline_seed_4_step_110.msgpack
--> Saved seed 0 checkpoint at step 132 to checkpoints/lmpred02_ablate/forced_coord/baseline_seed_0_step_132.msgpack
--> Saved seed 1 checkpoint at step 132 to checkpoints/lmpred02_ablate/forced_coord/baseline_seed_1_step_132.msgpack
--> Saved seed 2 checkpoint at step 132 to checkpoints/lmpred02_ablate/forced_coord/baseline_seed_2_step_132.msgpack
--> Saved seed 3 checkpoint at step 132 to checkpoints/lmpred02_ablate/forced_coord/baseline_seed_3_step_132.msgpack
--> Saved seed 4 checkpoint at step 132 to checkpoints/lmpred02_ablate/forced_coord/baseline_seed_4_step_132.msgpack
--> Saved seed 0 checkpoint at step 154 to checkpoints/lmpred02_ablate/forced_coord/baseline_seed_0_step_154.msgpack
--> Saved seed 1 checkpoint at step 154 to checkpoints/lmpred02_ablate/forced_coord/baseline_seed_1_step_154.msgpack
--> Saved seed 2 checkpoint at step 154 to checkpoints/lmpred02_ablate/forced_coord/baseline_seed_2_step_154.msgpack
--> Saved seed 3 checkpoint at step 154 to checkpoints/lmpred02_ablate/forced_coord/baseline_seed_3_step_154.msgpack
--> Saved seed 4 checkpoint at step 154 to checkpoints/lmpred02_ablate/forced_coord/baseline_seed_4_step_154.msgpack
--> Saved seed 0 checkpoint at step 176 to checkpoints/lmpred02_ablate/forced_coord/baseline_seed_0_step_176.msgpack
--> Saved seed 1 checkpoint at step 176 to checkpoints/lmpred02_ablate/forced_coord/baseline_seed_1_step_176.msgpack
--> Saved seed 2 checkpoint at step 176 to checkpoints/lmpred02_ablate/forced_coord/baseline_seed_2_step_176.msgpack
--> Saved seed 3 checkpoint at step 176 to checkpoints/lmpred02_ablate/forced_coord/baseline_seed_3_step_176.msgpack
--> Saved seed 4 checkpoint at step 176 to checkpoints/lmpred02_ablate/forced_coord/baseline_seed_4_step_176.msgpack
--> Saved seed 0 checkpoint at step 198 to checkpoints/lmpred02_ablate/forced_coord/baseline_seed_0_step_198.msgpack
--> Saved seed 1 checkpoint at step 198 to checkpoints/lmpred02_ablate/forced_coord/baseline_seed_1_step_198.msgpack
--> Saved seed 2 checkpoint at step 198 to checkpoints/lmpred02_ablate/forced_coord/baseline_seed_2_step_198.msgpack
--> Saved seed 3 checkpoint at step 198 to checkpoints/lmpred02_ablate/forced_coord/baseline_seed_3_step_198.msgpack
--> Saved seed 4 checkpoint at step 198 to checkpoints/lmpred02_ablate/forced_coord/baseline_seed_4_step_198.msgpack
--> Saved seed 0 checkpoint at step 220 to checkpoints/lmpred02_ablate/forced_coord/baseline_seed_0_step_220.msgpack
--> Saved seed 1 checkpoint at step 220 to checkpoints/lmpred02_ablate/forced_coord/baseline_seed_1_step_220.msgpack
--> Saved seed 2 checkpoint at step 220 to checkpoints/lmpred02_ablate/forced_coord/baseline_seed_2_step_220.msgpack
--> Saved seed 3 checkpoint at step 220 to checkpoints/lmpred02_ablate/forced_coord/baseline_seed_3_step_220.msgpack
--> Saved seed 4 checkpoint at step 220 to checkpoints/lmpred02_ablate/forced_coord/baseline_seed_4_step_220.msgpack
[1;34mwandb[0m: 
[1;34mwandb[0m: 🚀 View run [33mlmpred02_obsfront_sameinp_forced_coord[0m at: [34mhttps://wandb.ai/maytusp/oc-extended/runs/ao9xow9v[0m
[1;34mwandb[0m: Find logs at: [1;35m../../../../../../../../net/scratch/n70579mp/tom/JaxMARL/wandb/run-20260704_065601-ao9xow9v/logs[0m
Importing submoduled environments...
Submoduled environments not found. Skipping import.
wandb: [wandb.login()] Loaded credentials for https://api.wandb.ai from /mnt/iusers01/fatpou01/compsci01/n70579mp/.netrc.
wandb: Currently logged in as: maytusp to https://api.wandb.ai. Use `wandb login --relogin` to force relogin
wandb: Tracking run with wandb version 0.27.2
wandb: Run data is saved locally in /net/scratch/n70579mp/tom/JaxMARL/wandb/run-20260704_082411-xgxhrfkj
wandb: Run `wandb offline` to turn off syncing.
wandb: Syncing run lmpred04_obsfront_sameinp_forced_coord
wandb: ⭐️ View project at https://wandb.ai/maytusp/oc-extended
wandb: 🚀 View run at https://wandb.ai/maytusp/oc-extended/runs/xgxhrfkj
Update steps:  228.0
Warmup epochs:  11
Cosine epochs:  217.0
--> Saved seed 0 checkpoint at step 1 to checkpoints/lmpred04_ablate/forced_coord/baseline_seed_0_step_1.msgpack
--> Saved seed 1 checkpoint at step 1 to checkpoints/lmpred04_ablate/forced_coord/baseline_seed_1_step_1.msgpack
--> Saved seed 2 checkpoint at step 1 to checkpoints/lmpred04_ablate/forced_coord/baseline_seed_2_step_1.msgpack
--> Saved seed 3 checkpoint at step 1 to checkpoints/lmpred04_ablate/forced_coord/baseline_seed_3_step_1.msgpack
--> Saved seed 4 checkpoint at step 1 to checkpoints/lmpred04_ablate/forced_coord/baseline_seed_4_step_1.msgpack
--> Saved seed 0 checkpoint at step 22 to checkpoints/lmpred04_ablate/forced_coord/baseline_seed_0_step_22.msgpack
--> Saved seed 1 checkpoint at step 22 to checkpoints/lmpred04_ablate/forced_coord/baseline_seed_1_step_22.msgpack
--> Saved seed 2 checkpoint at step 22 to checkpoints/lmpred04_ablate/forced_coord/baseline_seed_2_step_22.msgpack
--> Saved seed 3 checkpoint at step 22 to checkpoints/lmpred04_ablate/forced_coord/baseline_seed_3_step_22.msgpack
--> Saved seed 4 checkpoint at step 22 to checkpoints/lmpred04_ablate/forced_coord/baseline_seed_4_step_22.msgpack
--> Saved seed 0 checkpoint at step 44 to checkpoints/lmpred04_ablate/forced_coord/baseline_seed_0_step_44.msgpack
--> Saved seed 1 checkpoint at step 44 to checkpoints/lmpred04_ablate/forced_coord/baseline_seed_1_step_44.msgpack
--> Saved seed 2 checkpoint at step 44 to checkpoints/lmpred04_ablate/forced_coord/baseline_seed_2_step_44.msgpack
--> Saved seed 3 checkpoint at step 44 to checkpoints/lmpred04_ablate/forced_coord/baseline_seed_3_step_44.msgpack
--> Saved seed 4 checkpoint at step 44 to checkpoints/lmpred04_ablate/forced_coord/baseline_seed_4_step_44.msgpack
--> Saved seed 0 checkpoint at step 66 to checkpoints/lmpred04_ablate/forced_coord/baseline_seed_0_step_66.msgpack
--> Saved seed 1 checkpoint at step 66 to checkpoints/lmpred04_ablate/forced_coord/baseline_seed_1_step_66.msgpack
--> Saved seed 2 checkpoint at step 66 to checkpoints/lmpred04_ablate/forced_coord/baseline_seed_2_step_66.msgpack
--> Saved seed 3 checkpoint at step 66 to checkpoints/lmpred04_ablate/forced_coord/baseline_seed_3_step_66.msgpack
--> Saved seed 4 checkpoint at step 66 to checkpoints/lmpred04_ablate/forced_coord/baseline_seed_4_step_66.msgpack
--> Saved seed 0 checkpoint at step 88 to checkpoints/lmpred04_ablate/forced_coord/baseline_seed_0_step_88.msgpack
--> Saved seed 1 checkpoint at step 88 to checkpoints/lmpred04_ablate/forced_coord/baseline_seed_1_step_88.msgpack
--> Saved seed 2 checkpoint at step 88 to checkpoints/lmpred04_ablate/forced_coord/baseline_seed_2_step_88.msgpack
--> Saved seed 3 checkpoint at step 88 to checkpoints/lmpred04_ablate/forced_coord/baseline_seed_3_step_88.msgpack
--> Saved seed 4 checkpoint at step 88 to checkpoints/lmpred04_ablate/forced_coord/baseline_seed_4_step_88.msgpack
--> Saved seed 0 checkpoint at step 110 to checkpoints/lmpred04_ablate/forced_coord/baseline_seed_0_step_110.msgpack
--> Saved seed 1 checkpoint at step 110 to checkpoints/lmpred04_ablate/forced_coord/baseline_seed_1_step_110.msgpack
--> Saved seed 2 checkpoint at step 110 to checkpoints/lmpred04_ablate/forced_coord/baseline_seed_2_step_110.msgpack
--> Saved seed 3 checkpoint at step 110 to checkpoints/lmpred04_ablate/forced_coord/baseline_seed_3_step_110.msgpack
--> Saved seed 4 checkpoint at step 110 to checkpoints/lmpred04_ablate/forced_coord/baseline_seed_4_step_110.msgpack
--> Saved seed 0 checkpoint at step 132 to checkpoints/lmpred04_ablate/forced_coord/baseline_seed_0_step_132.msgpack
--> Saved seed 1 checkpoint at step 132 to checkpoints/lmpred04_ablate/forced_coord/baseline_seed_1_step_132.msgpack
--> Saved seed 2 checkpoint at step 132 to checkpoints/lmpred04_ablate/forced_coord/baseline_seed_2_step_132.msgpack
--> Saved seed 3 checkpoint at step 132 to checkpoints/lmpred04_ablate/forced_coord/baseline_seed_3_step_132.msgpack
--> Saved seed 4 checkpoint at step 132 to checkpoints/lmpred04_ablate/forced_coord/baseline_seed_4_step_132.msgpack
--> Saved seed 0 checkpoint at step 154 to checkpoints/lmpred04_ablate/forced_coord/baseline_seed_0_step_154.msgpack
--> Saved seed 1 checkpoint at step 154 to checkpoints/lmpred04_ablate/forced_coord/baseline_seed_1_step_154.msgpack
--> Saved seed 2 checkpoint at step 154 to checkpoints/lmpred04_ablate/forced_coord/baseline_seed_2_step_154.msgpack
--> Saved seed 3 checkpoint at step 154 to checkpoints/lmpred04_ablate/forced_coord/baseline_seed_3_step_154.msgpack
--> Saved seed 4 checkpoint at step 154 to checkpoints/lmpred04_ablate/forced_coord/baseline_seed_4_step_154.msgpack
--> Saved seed 0 checkpoint at step 176 to checkpoints/lmpred04_ablate/forced_coord/baseline_seed_0_step_176.msgpack
--> Saved seed 1 checkpoint at step 176 to checkpoints/lmpred04_ablate/forced_coord/baseline_seed_1_step_176.msgpack
--> Saved seed 2 checkpoint at step 176 to checkpoints/lmpred04_ablate/forced_coord/baseline_seed_2_step_176.msgpack
--> Saved seed 3 checkpoint at step 176 to checkpoints/lmpred04_ablate/forced_coord/baseline_seed_3_step_176.msgpack
--> Saved seed 4 checkpoint at step 176 to checkpoints/lmpred04_ablate/forced_coord/baseline_seed_4_step_176.msgpack
--> Saved seed 0 checkpoint at step 198 to checkpoints/lmpred04_ablate/forced_coord/baseline_seed_0_step_198.msgpack
--> Saved seed 1 checkpoint at step 198 to checkpoints/lmpred04_ablate/forced_coord/baseline_seed_1_step_198.msgpack
--> Saved seed 2 checkpoint at step 198 to checkpoints/lmpred04_ablate/forced_coord/baseline_seed_2_step_198.msgpack
--> Saved seed 3 checkpoint at step 198 to checkpoints/lmpred04_ablate/forced_coord/baseline_seed_3_step_198.msgpack
--> Saved seed 4 checkpoint at step 198 to checkpoints/lmpred04_ablate/forced_coord/baseline_seed_4_step_198.msgpack
--> Saved seed 0 checkpoint at step 220 to checkpoints/lmpred04_ablate/forced_coord/baseline_seed_0_step_220.msgpack
--> Saved seed 1 checkpoint at step 220 to checkpoints/lmpred04_ablate/forced_coord/baseline_seed_1_step_220.msgpack
--> Saved seed 2 checkpoint at step 220 to checkpoints/lmpred04_ablate/forced_coord/baseline_seed_2_step_220.msgpack
--> Saved seed 3 checkpoint at step 220 to checkpoints/lmpred04_ablate/forced_coord/baseline_seed_3_step_220.msgpack
--> Saved seed 4 checkpoint at step 220 to checkpoints/lmpred04_ablate/forced_coord/baseline_seed_4_step_220.msgpack
[1;34mwandb[0m: 
[1;34mwandb[0m: 🚀 View run [33mlmpred04_obsfront_sameinp_forced_coord[0m at: [34mhttps://wandb.ai/maytusp/oc-extended/runs/xgxhrfkj[0m
[1;34mwandb[0m: Find logs at: [1;35m../../../../../../../../net/scratch/n70579mp/tom/JaxMARL/wandb/run-20260704_082411-xgxhrfkj/logs[0m
Importing submoduled environments...
Submoduled environments not found. Skipping import.
wandb: [wandb.login()] Loaded credentials for https://api.wandb.ai from /mnt/iusers01/fatpou01/compsci01/n70579mp/.netrc.
wandb: Currently logged in as: maytusp to https://api.wandb.ai. Use `wandb login --relogin` to force relogin
wandb: Tracking run with wandb version 0.27.2
wandb: Run data is saved locally in /net/scratch/n70579mp/tom/JaxMARL/wandb/run-20260704_095022-r9cjs2zu
wandb: Run `wandb offline` to turn off syncing.
wandb: Syncing run lmpred_no_self_pred_obsfront_sameinp_counter_circuit
wandb: ⭐️ View project at https://wandb.ai/maytusp/oc-extended
wandb: 🚀 View run at https://wandb.ai/maytusp/oc-extended/runs/r9cjs2zu
Update steps:  381.0
Warmup epochs:  19
Cosine epochs:  362.0
--> Saved seed 0 checkpoint at step 1 to checkpoints/lmpredV2_ablate_no_self_pred/counter_circuit/baseline_seed_0_step_1.msgpack
--> Saved seed 1 checkpoint at step 1 to checkpoints/lmpredV2_ablate_no_self_pred/counter_circuit/baseline_seed_1_step_1.msgpack
--> Saved seed 2 checkpoint at step 1 to checkpoints/lmpredV2_ablate_no_self_pred/counter_circuit/baseline_seed_2_step_1.msgpack
--> Saved seed 3 checkpoint at step 1 to checkpoints/lmpredV2_ablate_no_self_pred/counter_circuit/baseline_seed_3_step_1.msgpack
--> Saved seed 4 checkpoint at step 1 to checkpoints/lmpredV2_ablate_no_self_pred/counter_circuit/baseline_seed_4_step_1.msgpack
--> Saved seed 0 checkpoint at step 38 to checkpoints/lmpredV2_ablate_no_self_pred/counter_circuit/baseline_seed_0_step_38.msgpack
--> Saved seed 1 checkpoint at step 38 to checkpoints/lmpredV2_ablate_no_self_pred/counter_circuit/baseline_seed_1_step_38.msgpack
--> Saved seed 2 checkpoint at step 38 to checkpoints/lmpredV2_ablate_no_self_pred/counter_circuit/baseline_seed_2_step_38.msgpack
--> Saved seed 3 checkpoint at step 38 to checkpoints/lmpredV2_ablate_no_self_pred/counter_circuit/baseline_seed_3_step_38.msgpack
--> Saved seed 4 checkpoint at step 38 to checkpoints/lmpredV2_ablate_no_self_pred/counter_circuit/baseline_seed_4_step_38.msgpack
--> Saved seed 0 checkpoint at step 76 to checkpoints/lmpredV2_ablate_no_self_pred/counter_circuit/baseline_seed_0_step_76.msgpack
--> Saved seed 1 checkpoint at step 76 to checkpoints/lmpredV2_ablate_no_self_pred/counter_circuit/baseline_seed_1_step_76.msgpack
--> Saved seed 2 checkpoint at step 76 to checkpoints/lmpredV2_ablate_no_self_pred/counter_circuit/baseline_seed_2_step_76.msgpack
--> Saved seed 3 checkpoint at step 76 to checkpoints/lmpredV2_ablate_no_self_pred/counter_circuit/baseline_seed_3_step_76.msgpack
--> Saved seed 4 checkpoint at step 76 to checkpoints/lmpredV2_ablate_no_self_pred/counter_circuit/baseline_seed_4_step_76.msgpack
--> Saved seed 0 checkpoint at step 114 to checkpoints/lmpredV2_ablate_no_self_pred/counter_circuit/baseline_seed_0_step_114.msgpack
--> Saved seed 1 checkpoint at step 114 to checkpoints/lmpredV2_ablate_no_self_pred/counter_circuit/baseline_seed_1_step_114.msgpack
--> Saved seed 2 checkpoint at step 114 to checkpoints/lmpredV2_ablate_no_self_pred/counter_circuit/baseline_seed_2_step_114.msgpack
--> Saved seed 3 checkpoint at step 114 to checkpoints/lmpredV2_ablate_no_self_pred/counter_circuit/baseline_seed_3_step_114.msgpack
--> Saved seed 4 checkpoint at step 114 to checkpoints/lmpredV2_ablate_no_self_pred/counter_circuit/baseline_seed_4_step_114.msgpack
--> Saved seed 0 checkpoint at step 152 to checkpoints/lmpredV2_ablate_no_self_pred/counter_circuit/baseline_seed_0_step_152.msgpack
--> Saved seed 1 checkpoint at step 152 to checkpoints/lmpredV2_ablate_no_self_pred/counter_circuit/baseline_seed_1_step_152.msgpack
--> Saved seed 2 checkpoint at step 152 to checkpoints/lmpredV2_ablate_no_self_pred/counter_circuit/baseline_seed_2_step_152.msgpack
--> Saved seed 3 checkpoint at step 152 to checkpoints/lmpredV2_ablate_no_self_pred/counter_circuit/baseline_seed_3_step_152.msgpack
--> Saved seed 4 checkpoint at step 152 to checkpoints/lmpredV2_ablate_no_self_pred/counter_circuit/baseline_seed_4_step_152.msgpack
--> Saved seed 0 checkpoint at step 190 to checkpoints/lmpredV2_ablate_no_self_pred/counter_circuit/baseline_seed_0_step_190.msgpack
--> Saved seed 1 checkpoint at step 190 to checkpoints/lmpredV2_ablate_no_self_pred/counter_circuit/baseline_seed_1_step_190.msgpack
--> Saved seed 2 checkpoint at step 190 to checkpoints/lmpredV2_ablate_no_self_pred/counter_circuit/baseline_seed_2_step_190.msgpack
--> Saved seed 3 checkpoint at step 190 to checkpoints/lmpredV2_ablate_no_self_pred/counter_circuit/baseline_seed_3_step_190.msgpack
--> Saved seed 4 checkpoint at step 190 to checkpoints/lmpredV2_ablate_no_self_pred/counter_circuit/baseline_seed_4_step_190.msgpack
--> Saved seed 0 checkpoint at step 228 to checkpoints/lmpredV2_ablate_no_self_pred/counter_circuit/baseline_seed_0_step_228.msgpack
--> Saved seed 1 checkpoint at step 228 to checkpoints/lmpredV2_ablate_no_self_pred/counter_circuit/baseline_seed_1_step_228.msgpack
--> Saved seed 2 checkpoint at step 228 to checkpoints/lmpredV2_ablate_no_self_pred/counter_circuit/baseline_seed_2_step_228.msgpack
--> Saved seed 3 checkpoint at step 228 to checkpoints/lmpredV2_ablate_no_self_pred/counter_circuit/baseline_seed_3_step_228.msgpack
--> Saved seed 4 checkpoint at step 228 to checkpoints/lmpredV2_ablate_no_self_pred/counter_circuit/baseline_seed_4_step_228.msgpack
--> Saved seed 0 checkpoint at step 266 to checkpoints/lmpredV2_ablate_no_self_pred/counter_circuit/baseline_seed_0_step_266.msgpack
--> Saved seed 1 checkpoint at step 266 to checkpoints/lmpredV2_ablate_no_self_pred/counter_circuit/baseline_seed_1_step_266.msgpack
--> Saved seed 2 checkpoint at step 266 to checkpoints/lmpredV2_ablate_no_self_pred/counter_circuit/baseline_seed_2_step_266.msgpack
--> Saved seed 3 checkpoint at step 266 to checkpoints/lmpredV2_ablate_no_self_pred/counter_circuit/baseline_seed_3_step_266.msgpack
--> Saved seed 4 checkpoint at step 266 to checkpoints/lmpredV2_ablate_no_self_pred/counter_circuit/baseline_seed_4_step_266.msgpack
--> Saved seed 0 checkpoint at step 304 to checkpoints/lmpredV2_ablate_no_self_pred/counter_circuit/baseline_seed_0_step_304.msgpack
--> Saved seed 1 checkpoint at step 304 to checkpoints/lmpredV2_ablate_no_self_pred/counter_circuit/baseline_seed_1_step_304.msgpack
--> Saved seed 2 checkpoint at step 304 to checkpoints/lmpredV2_ablate_no_self_pred/counter_circuit/baseline_seed_2_step_304.msgpack
--> Saved seed 3 checkpoint at step 304 to checkpoints/lmpredV2_ablate_no_self_pred/counter_circuit/baseline_seed_3_step_304.msgpack
--> Saved seed 4 checkpoint at step 304 to checkpoints/lmpredV2_ablate_no_self_pred/counter_circuit/baseline_seed_4_step_304.msgpack
--> Saved seed 0 checkpoint at step 342 to checkpoints/lmpredV2_ablate_no_self_pred/counter_circuit/baseline_seed_0_step_342.msgpack
--> Saved seed 1 checkpoint at step 342 to checkpoints/lmpredV2_ablate_no_self_pred/counter_circuit/baseline_seed_1_step_342.msgpack
--> Saved seed 2 checkpoint at step 342 to checkpoints/lmpredV2_ablate_no_self_pred/counter_circuit/baseline_seed_2_step_342.msgpack
--> Saved seed 3 checkpoint at step 342 to checkpoints/lmpredV2_ablate_no_self_pred/counter_circuit/baseline_seed_3_step_342.msgpack
--> Saved seed 4 checkpoint at step 342 to checkpoints/lmpredV2_ablate_no_self_pred/counter_circuit/baseline_seed_4_step_342.msgpack
--> Saved seed 0 checkpoint at step 380 to checkpoints/lmpredV2_ablate_no_self_pred/counter_circuit/baseline_seed_0_step_380.msgpack
--> Saved seed 1 checkpoint at step 380 to checkpoints/lmpredV2_ablate_no_self_pred/counter_circuit/baseline_seed_1_step_380.msgpack
--> Saved seed 2 checkpoint at step 380 to checkpoints/lmpredV2_ablate_no_self_pred/counter_circuit/baseline_seed_2_step_380.msgpack
--> Saved seed 3 checkpoint at step 380 to checkpoints/lmpredV2_ablate_no_self_pred/counter_circuit/baseline_seed_3_step_380.msgpack
--> Saved seed 4 checkpoint at step 380 to checkpoints/lmpredV2_ablate_no_self_pred/counter_circuit/baseline_seed_4_step_380.msgpack
[1;34mwandb[0m: 
[1;34mwandb[0m: 🚀 View run [33mlmpred_no_self_pred_obsfront_sameinp_counter_circuit[0m at: [34mhttps://wandb.ai/maytusp/oc-extended/runs/r9cjs2zu[0m
[1;34mwandb[0m: Find logs at: [1;35m../../../../../../../../net/scratch/n70579mp/tom/JaxMARL/wandb/run-20260704_095022-r9cjs2zu/logs[0m
Importing submoduled environments...
Submoduled environments not found. Skipping import.
wandb: [wandb.login()] Loaded credentials for https://api.wandb.ai from /mnt/iusers01/fatpou01/compsci01/n70579mp/.netrc.
wandb: Currently logged in as: maytusp to https://api.wandb.ai. Use `wandb login --relogin` to force relogin
wandb: Tracking run with wandb version 0.27.2
wandb: Run data is saved locally in /net/scratch/n70579mp/tom/JaxMARL/wandb/run-20260704_121341-9wzze80u
wandb: Run `wandb offline` to turn off syncing.
wandb: Syncing run lmpred_no_self_pred_obsfront_sameinp_coord_ring
wandb: ⭐️ View project at https://wandb.ai/maytusp/oc-extended
wandb: 🚀 View run at https://wandb.ai/maytusp/oc-extended/runs/9wzze80u
Update steps:  228.0
Warmup epochs:  11
Cosine epochs:  217.0
--> Saved seed 0 checkpoint at step 1 to checkpoints/lmpredV2_ablate_no_self_pred/coord_ring/baseline_seed_0_step_1.msgpack
--> Saved seed 1 checkpoint at step 1 to checkpoints/lmpredV2_ablate_no_self_pred/coord_ring/baseline_seed_1_step_1.msgpack
--> Saved seed 2 checkpoint at step 1 to checkpoints/lmpredV2_ablate_no_self_pred/coord_ring/baseline_seed_2_step_1.msgpack
--> Saved seed 3 checkpoint at step 1 to checkpoints/lmpredV2_ablate_no_self_pred/coord_ring/baseline_seed_3_step_1.msgpack
--> Saved seed 4 checkpoint at step 1 to checkpoints/lmpredV2_ablate_no_self_pred/coord_ring/baseline_seed_4_step_1.msgpack
--> Saved seed 0 checkpoint at step 22 to checkpoints/lmpredV2_ablate_no_self_pred/coord_ring/baseline_seed_0_step_22.msgpack
--> Saved seed 1 checkpoint at step 22 to checkpoints/lmpredV2_ablate_no_self_pred/coord_ring/baseline_seed_1_step_22.msgpack
--> Saved seed 2 checkpoint at step 22 to checkpoints/lmpredV2_ablate_no_self_pred/coord_ring/baseline_seed_2_step_22.msgpack
--> Saved seed 3 checkpoint at step 22 to checkpoints/lmpredV2_ablate_no_self_pred/coord_ring/baseline_seed_3_step_22.msgpack
--> Saved seed 4 checkpoint at step 22 to checkpoints/lmpredV2_ablate_no_self_pred/coord_ring/baseline_seed_4_step_22.msgpack
--> Saved seed 0 checkpoint at step 44 to checkpoints/lmpredV2_ablate_no_self_pred/coord_ring/baseline_seed_0_step_44.msgpack
--> Saved seed 1 checkpoint at step 44 to checkpoints/lmpredV2_ablate_no_self_pred/coord_ring/baseline_seed_1_step_44.msgpack
--> Saved seed 2 checkpoint at step 44 to checkpoints/lmpredV2_ablate_no_self_pred/coord_ring/baseline_seed_2_step_44.msgpack
--> Saved seed 3 checkpoint at step 44 to checkpoints/lmpredV2_ablate_no_self_pred/coord_ring/baseline_seed_3_step_44.msgpack
--> Saved seed 4 checkpoint at step 44 to checkpoints/lmpredV2_ablate_no_self_pred/coord_ring/baseline_seed_4_step_44.msgpack
--> Saved seed 0 checkpoint at step 66 to checkpoints/lmpredV2_ablate_no_self_pred/coord_ring/baseline_seed_0_step_66.msgpack
--> Saved seed 1 checkpoint at step 66 to checkpoints/lmpredV2_ablate_no_self_pred/coord_ring/baseline_seed_1_step_66.msgpack
--> Saved seed 2 checkpoint at step 66 to checkpoints/lmpredV2_ablate_no_self_pred/coord_ring/baseline_seed_2_step_66.msgpack
--> Saved seed 3 checkpoint at step 66 to checkpoints/lmpredV2_ablate_no_self_pred/coord_ring/baseline_seed_3_step_66.msgpack
--> Saved seed 4 checkpoint at step 66 to checkpoints/lmpredV2_ablate_no_self_pred/coord_ring/baseline_seed_4_step_66.msgpack
--> Saved seed 0 checkpoint at step 88 to checkpoints/lmpredV2_ablate_no_self_pred/coord_ring/baseline_seed_0_step_88.msgpack
--> Saved seed 1 checkpoint at step 88 to checkpoints/lmpredV2_ablate_no_self_pred/coord_ring/baseline_seed_1_step_88.msgpack
--> Saved seed 2 checkpoint at step 88 to checkpoints/lmpredV2_ablate_no_self_pred/coord_ring/baseline_seed_2_step_88.msgpack
--> Saved seed 3 checkpoint at step 88 to checkpoints/lmpredV2_ablate_no_self_pred/coord_ring/baseline_seed_3_step_88.msgpack
--> Saved seed 4 checkpoint at step 88 to checkpoints/lmpredV2_ablate_no_self_pred/coord_ring/baseline_seed_4_step_88.msgpack
--> Saved seed 0 checkpoint at step 110 to checkpoints/lmpredV2_ablate_no_self_pred/coord_ring/baseline_seed_0_step_110.msgpack
--> Saved seed 1 checkpoint at step 110 to checkpoints/lmpredV2_ablate_no_self_pred/coord_ring/baseline_seed_1_step_110.msgpack
--> Saved seed 2 checkpoint at step 110 to checkpoints/lmpredV2_ablate_no_self_pred/coord_ring/baseline_seed_2_step_110.msgpack
--> Saved seed 3 checkpoint at step 110 to checkpoints/lmpredV2_ablate_no_self_pred/coord_ring/baseline_seed_3_step_110.msgpack
--> Saved seed 4 checkpoint at step 110 to checkpoints/lmpredV2_ablate_no_self_pred/coord_ring/baseline_seed_4_step_110.msgpack
--> Saved seed 0 checkpoint at step 132 to checkpoints/lmpredV2_ablate_no_self_pred/coord_ring/baseline_seed_0_step_132.msgpack
--> Saved seed 1 checkpoint at step 132 to checkpoints/lmpredV2_ablate_no_self_pred/coord_ring/baseline_seed_1_step_132.msgpack
--> Saved seed 2 checkpoint at step 132 to checkpoints/lmpredV2_ablate_no_self_pred/coord_ring/baseline_seed_2_step_132.msgpack
--> Saved seed 3 checkpoint at step 132 to checkpoints/lmpredV2_ablate_no_self_pred/coord_ring/baseline_seed_3_step_132.msgpack
--> Saved seed 4 checkpoint at step 132 to checkpoints/lmpredV2_ablate_no_self_pred/coord_ring/baseline_seed_4_step_132.msgpack
--> Saved seed 0 checkpoint at step 154 to checkpoints/lmpredV2_ablate_no_self_pred/coord_ring/baseline_seed_0_step_154.msgpack
--> Saved seed 1 checkpoint at step 154 to checkpoints/lmpredV2_ablate_no_self_pred/coord_ring/baseline_seed_1_step_154.msgpack
--> Saved seed 2 checkpoint at step 154 to checkpoints/lmpredV2_ablate_no_self_pred/coord_ring/baseline_seed_2_step_154.msgpack
--> Saved seed 3 checkpoint at step 154 to checkpoints/lmpredV2_ablate_no_self_pred/coord_ring/baseline_seed_3_step_154.msgpack
--> Saved seed 4 checkpoint at step 154 to checkpoints/lmpredV2_ablate_no_self_pred/coord_ring/baseline_seed_4_step_154.msgpack
--> Saved seed 0 checkpoint at step 176 to checkpoints/lmpredV2_ablate_no_self_pred/coord_ring/baseline_seed_0_step_176.msgpack
--> Saved seed 1 checkpoint at step 176 to checkpoints/lmpredV2_ablate_no_self_pred/coord_ring/baseline_seed_1_step_176.msgpack
--> Saved seed 2 checkpoint at step 176 to checkpoints/lmpredV2_ablate_no_self_pred/coord_ring/baseline_seed_2_step_176.msgpack
--> Saved seed 3 checkpoint at step 176 to checkpoints/lmpredV2_ablate_no_self_pred/coord_ring/baseline_seed_3_step_176.msgpack
--> Saved seed 4 checkpoint at step 176 to checkpoints/lmpredV2_ablate_no_self_pred/coord_ring/baseline_seed_4_step_176.msgpack
--> Saved seed 0 checkpoint at step 198 to checkpoints/lmpredV2_ablate_no_self_pred/coord_ring/baseline_seed_0_step_198.msgpack
--> Saved seed 1 checkpoint at step 198 to checkpoints/lmpredV2_ablate_no_self_pred/coord_ring/baseline_seed_1_step_198.msgpack
--> Saved seed 2 checkpoint at step 198 to checkpoints/lmpredV2_ablate_no_self_pred/coord_ring/baseline_seed_2_step_198.msgpack
--> Saved seed 3 checkpoint at step 198 to checkpoints/lmpredV2_ablate_no_self_pred/coord_ring/baseline_seed_3_step_198.msgpack
--> Saved seed 4 checkpoint at step 198 to checkpoints/lmpredV2_ablate_no_self_pred/coord_ring/baseline_seed_4_step_198.msgpack
--> Saved seed 0 checkpoint at step 220 to checkpoints/lmpredV2_ablate_no_self_pred/coord_ring/baseline_seed_0_step_220.msgpack
--> Saved seed 1 checkpoint at step 220 to checkpoints/lmpredV2_ablate_no_self_pred/coord_ring/baseline_seed_1_step_220.msgpack
--> Saved seed 2 checkpoint at step 220 to checkpoints/lmpredV2_ablate_no_self_pred/coord_ring/baseline_seed_2_step_220.msgpack
--> Saved seed 3 checkpoint at step 220 to checkpoints/lmpredV2_ablate_no_self_pred/coord_ring/baseline_seed_3_step_220.msgpack
--> Saved seed 4 checkpoint at step 220 to checkpoints/lmpredV2_ablate_no_self_pred/coord_ring/baseline_seed_4_step_220.msgpack
[1;34mwandb[0m: 
[1;34mwandb[0m: 🚀 View run [33mlmpred_no_self_pred_obsfront_sameinp_coord_ring[0m at: [34mhttps://wandb.ai/maytusp/oc-extended/runs/9wzze80u[0m
[1;34mwandb[0m: Find logs at: [1;35m../../../../../../../../net/scratch/n70579mp/tom/JaxMARL/wandb/run-20260704_121341-9wzze80u/logs[0m
Importing submoduled environments...
Submoduled environments not found. Skipping import.
wandb: [wandb.login()] Loaded credentials for https://api.wandb.ai from /mnt/iusers01/fatpou01/compsci01/n70579mp/.netrc.
wandb: Currently logged in as: maytusp to https://api.wandb.ai. Use `wandb login --relogin` to force relogin
wandb: Tracking run with wandb version 0.27.2
wandb: Run data is saved locally in /net/scratch/n70579mp/tom/JaxMARL/wandb/run-20260704_133943-76ikfli6
wandb: Run `wandb offline` to turn off syncing.
wandb: Syncing run lmpred_no_self_pred_obsfront_sameinp_cramped_room5x5
wandb: ⭐️ View project at https://wandb.ai/maytusp/oc-extended
wandb: 🚀 View run at https://wandb.ai/maytusp/oc-extended/runs/76ikfli6
Update steps:  228.0
Warmup epochs:  11
Cosine epochs:  217.0
--> Saved seed 0 checkpoint at step 1 to checkpoints/lmpredV2_ablate_no_self_pred/cramped_room5x5/baseline_seed_0_step_1.msgpack
--> Saved seed 1 checkpoint at step 1 to checkpoints/lmpredV2_ablate_no_self_pred/cramped_room5x5/baseline_seed_1_step_1.msgpack
--> Saved seed 2 checkpoint at step 1 to checkpoints/lmpredV2_ablate_no_self_pred/cramped_room5x5/baseline_seed_2_step_1.msgpack
--> Saved seed 3 checkpoint at step 1 to checkpoints/lmpredV2_ablate_no_self_pred/cramped_room5x5/baseline_seed_3_step_1.msgpack
--> Saved seed 4 checkpoint at step 1 to checkpoints/lmpredV2_ablate_no_self_pred/cramped_room5x5/baseline_seed_4_step_1.msgpack
--> Saved seed 0 checkpoint at step 22 to checkpoints/lmpredV2_ablate_no_self_pred/cramped_room5x5/baseline_seed_0_step_22.msgpack
--> Saved seed 1 checkpoint at step 22 to checkpoints/lmpredV2_ablate_no_self_pred/cramped_room5x5/baseline_seed_1_step_22.msgpack
--> Saved seed 2 checkpoint at step 22 to checkpoints/lmpredV2_ablate_no_self_pred/cramped_room5x5/baseline_seed_2_step_22.msgpack
--> Saved seed 3 checkpoint at step 22 to checkpoints/lmpredV2_ablate_no_self_pred/cramped_room5x5/baseline_seed_3_step_22.msgpack
--> Saved seed 4 checkpoint at step 22 to checkpoints/lmpredV2_ablate_no_self_pred/cramped_room5x5/baseline_seed_4_step_22.msgpack
--> Saved seed 0 checkpoint at step 44 to checkpoints/lmpredV2_ablate_no_self_pred/cramped_room5x5/baseline_seed_0_step_44.msgpack
--> Saved seed 1 checkpoint at step 44 to checkpoints/lmpredV2_ablate_no_self_pred/cramped_room5x5/baseline_seed_1_step_44.msgpack
--> Saved seed 2 checkpoint at step 44 to checkpoints/lmpredV2_ablate_no_self_pred/cramped_room5x5/baseline_seed_2_step_44.msgpack
--> Saved seed 3 checkpoint at step 44 to checkpoints/lmpredV2_ablate_no_self_pred/cramped_room5x5/baseline_seed_3_step_44.msgpack
--> Saved seed 4 checkpoint at step 44 to checkpoints/lmpredV2_ablate_no_self_pred/cramped_room5x5/baseline_seed_4_step_44.msgpack
--> Saved seed 0 checkpoint at step 66 to checkpoints/lmpredV2_ablate_no_self_pred/cramped_room5x5/baseline_seed_0_step_66.msgpack
--> Saved seed 1 checkpoint at step 66 to checkpoints/lmpredV2_ablate_no_self_pred/cramped_room5x5/baseline_seed_1_step_66.msgpack
--> Saved seed 2 checkpoint at step 66 to checkpoints/lmpredV2_ablate_no_self_pred/cramped_room5x5/baseline_seed_2_step_66.msgpack
--> Saved seed 3 checkpoint at step 66 to checkpoints/lmpredV2_ablate_no_self_pred/cramped_room5x5/baseline_seed_3_step_66.msgpack
--> Saved seed 4 checkpoint at step 66 to checkpoints/lmpredV2_ablate_no_self_pred/cramped_room5x5/baseline_seed_4_step_66.msgpack
--> Saved seed 0 checkpoint at step 88 to checkpoints/lmpredV2_ablate_no_self_pred/cramped_room5x5/baseline_seed_0_step_88.msgpack
--> Saved seed 1 checkpoint at step 88 to checkpoints/lmpredV2_ablate_no_self_pred/cramped_room5x5/baseline_seed_1_step_88.msgpack
--> Saved seed 2 checkpoint at step 88 to checkpoints/lmpredV2_ablate_no_self_pred/cramped_room5x5/baseline_seed_2_step_88.msgpack
--> Saved seed 3 checkpoint at step 88 to checkpoints/lmpredV2_ablate_no_self_pred/cramped_room5x5/baseline_seed_3_step_88.msgpack
--> Saved seed 4 checkpoint at step 88 to checkpoints/lmpredV2_ablate_no_self_pred/cramped_room5x5/baseline_seed_4_step_88.msgpack
--> Saved seed 0 checkpoint at step 110 to checkpoints/lmpredV2_ablate_no_self_pred/cramped_room5x5/baseline_seed_0_step_110.msgpack
--> Saved seed 1 checkpoint at step 110 to checkpoints/lmpredV2_ablate_no_self_pred/cramped_room5x5/baseline_seed_1_step_110.msgpack
--> Saved seed 2 checkpoint at step 110 to checkpoints/lmpredV2_ablate_no_self_pred/cramped_room5x5/baseline_seed_2_step_110.msgpack
--> Saved seed 3 checkpoint at step 110 to checkpoints/lmpredV2_ablate_no_self_pred/cramped_room5x5/baseline_seed_3_step_110.msgpack
--> Saved seed 4 checkpoint at step 110 to checkpoints/lmpredV2_ablate_no_self_pred/cramped_room5x5/baseline_seed_4_step_110.msgpack
--> Saved seed 0 checkpoint at step 132 to checkpoints/lmpredV2_ablate_no_self_pred/cramped_room5x5/baseline_seed_0_step_132.msgpack
--> Saved seed 1 checkpoint at step 132 to checkpoints/lmpredV2_ablate_no_self_pred/cramped_room5x5/baseline_seed_1_step_132.msgpack
--> Saved seed 2 checkpoint at step 132 to checkpoints/lmpredV2_ablate_no_self_pred/cramped_room5x5/baseline_seed_2_step_132.msgpack
--> Saved seed 3 checkpoint at step 132 to checkpoints/lmpredV2_ablate_no_self_pred/cramped_room5x5/baseline_seed_3_step_132.msgpack
--> Saved seed 4 checkpoint at step 132 to checkpoints/lmpredV2_ablate_no_self_pred/cramped_room5x5/baseline_seed_4_step_132.msgpack
--> Saved seed 0 checkpoint at step 154 to checkpoints/lmpredV2_ablate_no_self_pred/cramped_room5x5/baseline_seed_0_step_154.msgpack
--> Saved seed 1 checkpoint at step 154 to checkpoints/lmpredV2_ablate_no_self_pred/cramped_room5x5/baseline_seed_1_step_154.msgpack
--> Saved seed 2 checkpoint at step 154 to checkpoints/lmpredV2_ablate_no_self_pred/cramped_room5x5/baseline_seed_2_step_154.msgpack
--> Saved seed 3 checkpoint at step 154 to checkpoints/lmpredV2_ablate_no_self_pred/cramped_room5x5/baseline_seed_3_step_154.msgpack
--> Saved seed 4 checkpoint at step 154 to checkpoints/lmpredV2_ablate_no_self_pred/cramped_room5x5/baseline_seed_4_step_154.msgpack
--> Saved seed 0 checkpoint at step 176 to checkpoints/lmpredV2_ablate_no_self_pred/cramped_room5x5/baseline_seed_0_step_176.msgpack
--> Saved seed 1 checkpoint at step 176 to checkpoints/lmpredV2_ablate_no_self_pred/cramped_room5x5/baseline_seed_1_step_176.msgpack
--> Saved seed 2 checkpoint at step 176 to checkpoints/lmpredV2_ablate_no_self_pred/cramped_room5x5/baseline_seed_2_step_176.msgpack
--> Saved seed 3 checkpoint at step 176 to checkpoints/lmpredV2_ablate_no_self_pred/cramped_room5x5/baseline_seed_3_step_176.msgpack
--> Saved seed 4 checkpoint at step 176 to checkpoints/lmpredV2_ablate_no_self_pred/cramped_room5x5/baseline_seed_4_step_176.msgpack
--> Saved seed 0 checkpoint at step 198 to checkpoints/lmpredV2_ablate_no_self_pred/cramped_room5x5/baseline_seed_0_step_198.msgpack
--> Saved seed 1 checkpoint at step 198 to checkpoints/lmpredV2_ablate_no_self_pred/cramped_room5x5/baseline_seed_1_step_198.msgpack
--> Saved seed 2 checkpoint at step 198 to checkpoints/lmpredV2_ablate_no_self_pred/cramped_room5x5/baseline_seed_2_step_198.msgpack
--> Saved seed 3 checkpoint at step 198 to checkpoints/lmpredV2_ablate_no_self_pred/cramped_room5x5/baseline_seed_3_step_198.msgpack
--> Saved seed 4 checkpoint at step 198 to checkpoints/lmpredV2_ablate_no_self_pred/cramped_room5x5/baseline_seed_4_step_198.msgpack
--> Saved seed 0 checkpoint at step 220 to checkpoints/lmpredV2_ablate_no_self_pred/cramped_room5x5/baseline_seed_0_step_220.msgpack
--> Saved seed 1 checkpoint at step 220 to checkpoints/lmpredV2_ablate_no_self_pred/cramped_room5x5/baseline_seed_1_step_220.msgpack
--> Saved seed 2 checkpoint at step 220 to checkpoints/lmpredV2_ablate_no_self_pred/cramped_room5x5/baseline_seed_2_step_220.msgpack
--> Saved seed 3 checkpoint at step 220 to checkpoints/lmpredV2_ablate_no_self_pred/cramped_room5x5/baseline_seed_3_step_220.msgpack
--> Saved seed 4 checkpoint at step 220 to checkpoints/lmpredV2_ablate_no_self_pred/cramped_room5x5/baseline_seed_4_step_220.msgpack
[1;34mwandb[0m: 
[1;34mwandb[0m: 🚀 View run [33mlmpred_no_self_pred_obsfront_sameinp_cramped_room5x5[0m at: [34mhttps://wandb.ai/maytusp/oc-extended/runs/76ikfli6[0m
[1;34mwandb[0m: Find logs at: [1;35m../../../../../../../../net/scratch/n70579mp/tom/JaxMARL/wandb/run-20260704_133943-76ikfli6/logs[0m
Importing submoduled environments...
Submoduled environments not found. Skipping import.
wandb: [wandb.login()] Loaded credentials for https://api.wandb.ai from /mnt/iusers01/fatpou01/compsci01/n70579mp/.netrc.
wandb: Currently logged in as: maytusp to https://api.wandb.ai. Use `wandb login --relogin` to force relogin
wandb: Tracking run with wandb version 0.27.2
wandb: Run data is saved locally in /net/scratch/n70579mp/tom/JaxMARL/wandb/run-20260704_150930-vjlzhsoe
wandb: Run `wandb offline` to turn off syncing.
wandb: Syncing run lmpred_no_self_pred_obsfront_sameinp_asymm_advantages
wandb: ⭐️ View project at https://wandb.ai/maytusp/oc-extended
wandb: 🚀 View run at https://wandb.ai/maytusp/oc-extended/runs/vjlzhsoe
Update steps:  228.0
Warmup epochs:  11
Cosine epochs:  217.0
--> Saved seed 0 checkpoint at step 1 to checkpoints/lmpredV2_ablate_no_self_pred/asymm_advantages/baseline_seed_0_step_1.msgpack
--> Saved seed 1 checkpoint at step 1 to checkpoints/lmpredV2_ablate_no_self_pred/asymm_advantages/baseline_seed_1_step_1.msgpack
--> Saved seed 2 checkpoint at step 1 to checkpoints/lmpredV2_ablate_no_self_pred/asymm_advantages/baseline_seed_2_step_1.msgpack
--> Saved seed 3 checkpoint at step 1 to checkpoints/lmpredV2_ablate_no_self_pred/asymm_advantages/baseline_seed_3_step_1.msgpack
--> Saved seed 4 checkpoint at step 1 to checkpoints/lmpredV2_ablate_no_self_pred/asymm_advantages/baseline_seed_4_step_1.msgpack
--> Saved seed 0 checkpoint at step 22 to checkpoints/lmpredV2_ablate_no_self_pred/asymm_advantages/baseline_seed_0_step_22.msgpack
--> Saved seed 1 checkpoint at step 22 to checkpoints/lmpredV2_ablate_no_self_pred/asymm_advantages/baseline_seed_1_step_22.msgpack
--> Saved seed 2 checkpoint at step 22 to checkpoints/lmpredV2_ablate_no_self_pred/asymm_advantages/baseline_seed_2_step_22.msgpack
--> Saved seed 3 checkpoint at step 22 to checkpoints/lmpredV2_ablate_no_self_pred/asymm_advantages/baseline_seed_3_step_22.msgpack
--> Saved seed 4 checkpoint at step 22 to checkpoints/lmpredV2_ablate_no_self_pred/asymm_advantages/baseline_seed_4_step_22.msgpack
--> Saved seed 0 checkpoint at step 44 to checkpoints/lmpredV2_ablate_no_self_pred/asymm_advantages/baseline_seed_0_step_44.msgpack
--> Saved seed 1 checkpoint at step 44 to checkpoints/lmpredV2_ablate_no_self_pred/asymm_advantages/baseline_seed_1_step_44.msgpack
--> Saved seed 2 checkpoint at step 44 to checkpoints/lmpredV2_ablate_no_self_pred/asymm_advantages/baseline_seed_2_step_44.msgpack
--> Saved seed 3 checkpoint at step 44 to checkpoints/lmpredV2_ablate_no_self_pred/asymm_advantages/baseline_seed_3_step_44.msgpack
--> Saved seed 4 checkpoint at step 44 to checkpoints/lmpredV2_ablate_no_self_pred/asymm_advantages/baseline_seed_4_step_44.msgpack
--> Saved seed 0 checkpoint at step 66 to checkpoints/lmpredV2_ablate_no_self_pred/asymm_advantages/baseline_seed_0_step_66.msgpack
--> Saved seed 1 checkpoint at step 66 to checkpoints/lmpredV2_ablate_no_self_pred/asymm_advantages/baseline_seed_1_step_66.msgpack
--> Saved seed 2 checkpoint at step 66 to checkpoints/lmpredV2_ablate_no_self_pred/asymm_advantages/baseline_seed_2_step_66.msgpack
--> Saved seed 3 checkpoint at step 66 to checkpoints/lmpredV2_ablate_no_self_pred/asymm_advantages/baseline_seed_3_step_66.msgpack
--> Saved seed 4 checkpoint at step 66 to checkpoints/lmpredV2_ablate_no_self_pred/asymm_advantages/baseline_seed_4_step_66.msgpack
--> Saved seed 0 checkpoint at step 88 to checkpoints/lmpredV2_ablate_no_self_pred/asymm_advantages/baseline_seed_0_step_88.msgpack
--> Saved seed 1 checkpoint at step 88 to checkpoints/lmpredV2_ablate_no_self_pred/asymm_advantages/baseline_seed_1_step_88.msgpack
--> Saved seed 2 checkpoint at step 88 to checkpoints/lmpredV2_ablate_no_self_pred/asymm_advantages/baseline_seed_2_step_88.msgpack
--> Saved seed 3 checkpoint at step 88 to checkpoints/lmpredV2_ablate_no_self_pred/asymm_advantages/baseline_seed_3_step_88.msgpack
--> Saved seed 4 checkpoint at step 88 to checkpoints/lmpredV2_ablate_no_self_pred/asymm_advantages/baseline_seed_4_step_88.msgpack
--> Saved seed 0 checkpoint at step 110 to checkpoints/lmpredV2_ablate_no_self_pred/asymm_advantages/baseline_seed_0_step_110.msgpack
--> Saved seed 1 checkpoint at step 110 to checkpoints/lmpredV2_ablate_no_self_pred/asymm_advantages/baseline_seed_1_step_110.msgpack
--> Saved seed 2 checkpoint at step 110 to checkpoints/lmpredV2_ablate_no_self_pred/asymm_advantages/baseline_seed_2_step_110.msgpack
--> Saved seed 3 checkpoint at step 110 to checkpoints/lmpredV2_ablate_no_self_pred/asymm_advantages/baseline_seed_3_step_110.msgpack
--> Saved seed 4 checkpoint at step 110 to checkpoints/lmpredV2_ablate_no_self_pred/asymm_advantages/baseline_seed_4_step_110.msgpack
--> Saved seed 0 checkpoint at step 132 to checkpoints/lmpredV2_ablate_no_self_pred/asymm_advantages/baseline_seed_0_step_132.msgpack
--> Saved seed 1 checkpoint at step 132 to checkpoints/lmpredV2_ablate_no_self_pred/asymm_advantages/baseline_seed_1_step_132.msgpack
--> Saved seed 2 checkpoint at step 132 to checkpoints/lmpredV2_ablate_no_self_pred/asymm_advantages/baseline_seed_2_step_132.msgpack
--> Saved seed 3 checkpoint at step 132 to checkpoints/lmpredV2_ablate_no_self_pred/asymm_advantages/baseline_seed_3_step_132.msgpack
--> Saved seed 4 checkpoint at step 132 to checkpoints/lmpredV2_ablate_no_self_pred/asymm_advantages/baseline_seed_4_step_132.msgpack
--> Saved seed 0 checkpoint at step 154 to checkpoints/lmpredV2_ablate_no_self_pred/asymm_advantages/baseline_seed_0_step_154.msgpack
--> Saved seed 1 checkpoint at step 154 to checkpoints/lmpredV2_ablate_no_self_pred/asymm_advantages/baseline_seed_1_step_154.msgpack
--> Saved seed 2 checkpoint at step 154 to checkpoints/lmpredV2_ablate_no_self_pred/asymm_advantages/baseline_seed_2_step_154.msgpack
--> Saved seed 3 checkpoint at step 154 to checkpoints/lmpredV2_ablate_no_self_pred/asymm_advantages/baseline_seed_3_step_154.msgpack
--> Saved seed 4 checkpoint at step 154 to checkpoints/lmpredV2_ablate_no_self_pred/asymm_advantages/baseline_seed_4_step_154.msgpack
--> Saved seed 0 checkpoint at step 176 to checkpoints/lmpredV2_ablate_no_self_pred/asymm_advantages/baseline_seed_0_step_176.msgpack
--> Saved seed 1 checkpoint at step 176 to checkpoints/lmpredV2_ablate_no_self_pred/asymm_advantages/baseline_seed_1_step_176.msgpack
--> Saved seed 2 checkpoint at step 176 to checkpoints/lmpredV2_ablate_no_self_pred/asymm_advantages/baseline_seed_2_step_176.msgpack
--> Saved seed 3 checkpoint at step 176 to checkpoints/lmpredV2_ablate_no_self_pred/asymm_advantages/baseline_seed_3_step_176.msgpack
--> Saved seed 4 checkpoint at step 176 to checkpoints/lmpredV2_ablate_no_self_pred/asymm_advantages/baseline_seed_4_step_176.msgpack
--> Saved seed 0 checkpoint at step 198 to checkpoints/lmpredV2_ablate_no_self_pred/asymm_advantages/baseline_seed_0_step_198.msgpack
--> Saved seed 1 checkpoint at step 198 to checkpoints/lmpredV2_ablate_no_self_pred/asymm_advantages/baseline_seed_1_step_198.msgpack
--> Saved seed 2 checkpoint at step 198 to checkpoints/lmpredV2_ablate_no_self_pred/asymm_advantages/baseline_seed_2_step_198.msgpack
--> Saved seed 3 checkpoint at step 198 to checkpoints/lmpredV2_ablate_no_self_pred/asymm_advantages/baseline_seed_3_step_198.msgpack
--> Saved seed 4 checkpoint at step 198 to checkpoints/lmpredV2_ablate_no_self_pred/asymm_advantages/baseline_seed_4_step_198.msgpack
--> Saved seed 0 checkpoint at step 220 to checkpoints/lmpredV2_ablate_no_self_pred/asymm_advantages/baseline_seed_0_step_220.msgpack
--> Saved seed 1 checkpoint at step 220 to checkpoints/lmpredV2_ablate_no_self_pred/asymm_advantages/baseline_seed_1_step_220.msgpack
--> Saved seed 2 checkpoint at step 220 to checkpoints/lmpredV2_ablate_no_self_pred/asymm_advantages/baseline_seed_2_step_220.msgpack
--> Saved seed 3 checkpoint at step 220 to checkpoints/lmpredV2_ablate_no_self_pred/asymm_advantages/baseline_seed_3_step_220.msgpack
--> Saved seed 4 checkpoint at step 220 to checkpoints/lmpredV2_ablate_no_self_pred/asymm_advantages/baseline_seed_4_step_220.msgpack
[1;34mwandb[0m: 
[1;34mwandb[0m: 🚀 View run [33mlmpred_no_self_pred_obsfront_sameinp_asymm_advantages[0m at: [34mhttps://wandb.ai/maytusp/oc-extended/runs/vjlzhsoe[0m
[1;34mwandb[0m: Find logs at: [1;35m../../../../../../../../net/scratch/n70579mp/tom/JaxMARL/wandb/run-20260704_150930-vjlzhsoe/logs[0m
Importing submoduled environments...
Submoduled environments not found. Skipping import.
wandb: [wandb.login()] Loaded credentials for https://api.wandb.ai from /mnt/iusers01/fatpou01/compsci01/n70579mp/.netrc.
wandb: Currently logged in as: maytusp to https://api.wandb.ai. Use `wandb login --relogin` to force relogin
wandb: setting up run 3gxq4u5l
wandb: Tracking run with wandb version 0.27.2
wandb: Run data is saved locally in /net/scratch/n70579mp/tom/JaxMARL/wandb/run-20260704_163800-3gxq4u5l
wandb: Run `wandb offline` to turn off syncing.
wandb: Syncing run lmpred_no_self_pred_obsfront_sameinp_forced_coord
wandb: ⭐️ View project at https://wandb.ai/maytusp/oc-extended
wandb: 🚀 View run at https://wandb.ai/maytusp/oc-extended/runs/3gxq4u5l
Update steps:  228.0
Warmup epochs:  11
Cosine epochs:  217.0
--> Saved seed 0 checkpoint at step 1 to checkpoints/lmpredV2_ablate_no_self_pred/forced_coord/baseline_seed_0_step_1.msgpack
--> Saved seed 1 checkpoint at step 1 to checkpoints/lmpredV2_ablate_no_self_pred/forced_coord/baseline_seed_1_step_1.msgpack
--> Saved seed 2 checkpoint at step 1 to checkpoints/lmpredV2_ablate_no_self_pred/forced_coord/baseline_seed_2_step_1.msgpack
--> Saved seed 3 checkpoint at step 1 to checkpoints/lmpredV2_ablate_no_self_pred/forced_coord/baseline_seed_3_step_1.msgpack
--> Saved seed 4 checkpoint at step 1 to checkpoints/lmpredV2_ablate_no_self_pred/forced_coord/baseline_seed_4_step_1.msgpack
--> Saved seed 0 checkpoint at step 22 to checkpoints/lmpredV2_ablate_no_self_pred/forced_coord/baseline_seed_0_step_22.msgpack
--> Saved seed 1 checkpoint at step 22 to checkpoints/lmpredV2_ablate_no_self_pred/forced_coord/baseline_seed_1_step_22.msgpack
--> Saved seed 2 checkpoint at step 22 to checkpoints/lmpredV2_ablate_no_self_pred/forced_coord/baseline_seed_2_step_22.msgpack
--> Saved seed 3 checkpoint at step 22 to checkpoints/lmpredV2_ablate_no_self_pred/forced_coord/baseline_seed_3_step_22.msgpack
--> Saved seed 4 checkpoint at step 22 to checkpoints/lmpredV2_ablate_no_self_pred/forced_coord/baseline_seed_4_step_22.msgpack
--> Saved seed 0 checkpoint at step 44 to checkpoints/lmpredV2_ablate_no_self_pred/forced_coord/baseline_seed_0_step_44.msgpack
--> Saved seed 1 checkpoint at step 44 to checkpoints/lmpredV2_ablate_no_self_pred/forced_coord/baseline_seed_1_step_44.msgpack
--> Saved seed 2 checkpoint at step 44 to checkpoints/lmpredV2_ablate_no_self_pred/forced_coord/baseline_seed_2_step_44.msgpack
--> Saved seed 3 checkpoint at step 44 to checkpoints/lmpredV2_ablate_no_self_pred/forced_coord/baseline_seed_3_step_44.msgpack
--> Saved seed 4 checkpoint at step 44 to checkpoints/lmpredV2_ablate_no_self_pred/forced_coord/baseline_seed_4_step_44.msgpack
--> Saved seed 0 checkpoint at step 66 to checkpoints/lmpredV2_ablate_no_self_pred/forced_coord/baseline_seed_0_step_66.msgpack
--> Saved seed 1 checkpoint at step 66 to checkpoints/lmpredV2_ablate_no_self_pred/forced_coord/baseline_seed_1_step_66.msgpack
--> Saved seed 2 checkpoint at step 66 to checkpoints/lmpredV2_ablate_no_self_pred/forced_coord/baseline_seed_2_step_66.msgpack
--> Saved seed 3 checkpoint at step 66 to checkpoints/lmpredV2_ablate_no_self_pred/forced_coord/baseline_seed_3_step_66.msgpack
--> Saved seed 4 checkpoint at step 66 to checkpoints/lmpredV2_ablate_no_self_pred/forced_coord/baseline_seed_4_step_66.msgpack
--> Saved seed 0 checkpoint at step 88 to checkpoints/lmpredV2_ablate_no_self_pred/forced_coord/baseline_seed_0_step_88.msgpack
--> Saved seed 1 checkpoint at step 88 to checkpoints/lmpredV2_ablate_no_self_pred/forced_coord/baseline_seed_1_step_88.msgpack
--> Saved seed 2 checkpoint at step 88 to checkpoints/lmpredV2_ablate_no_self_pred/forced_coord/baseline_seed_2_step_88.msgpack
--> Saved seed 3 checkpoint at step 88 to checkpoints/lmpredV2_ablate_no_self_pred/forced_coord/baseline_seed_3_step_88.msgpack
--> Saved seed 4 checkpoint at step 88 to checkpoints/lmpredV2_ablate_no_self_pred/forced_coord/baseline_seed_4_step_88.msgpack
--> Saved seed 0 checkpoint at step 110 to checkpoints/lmpredV2_ablate_no_self_pred/forced_coord/baseline_seed_0_step_110.msgpack
--> Saved seed 1 checkpoint at step 110 to checkpoints/lmpredV2_ablate_no_self_pred/forced_coord/baseline_seed_1_step_110.msgpack
--> Saved seed 2 checkpoint at step 110 to checkpoints/lmpredV2_ablate_no_self_pred/forced_coord/baseline_seed_2_step_110.msgpack
--> Saved seed 3 checkpoint at step 110 to checkpoints/lmpredV2_ablate_no_self_pred/forced_coord/baseline_seed_3_step_110.msgpack
--> Saved seed 4 checkpoint at step 110 to checkpoints/lmpredV2_ablate_no_self_pred/forced_coord/baseline_seed_4_step_110.msgpack
--> Saved seed 0 checkpoint at step 132 to checkpoints/lmpredV2_ablate_no_self_pred/forced_coord/baseline_seed_0_step_132.msgpack
--> Saved seed 1 checkpoint at step 132 to checkpoints/lmpredV2_ablate_no_self_pred/forced_coord/baseline_seed_1_step_132.msgpack
--> Saved seed 2 checkpoint at step 132 to checkpoints/lmpredV2_ablate_no_self_pred/forced_coord/baseline_seed_2_step_132.msgpack
--> Saved seed 3 checkpoint at step 132 to checkpoints/lmpredV2_ablate_no_self_pred/forced_coord/baseline_seed_3_step_132.msgpack
--> Saved seed 4 checkpoint at step 132 to checkpoints/lmpredV2_ablate_no_self_pred/forced_coord/baseline_seed_4_step_132.msgpack
--> Saved seed 0 checkpoint at step 154 to checkpoints/lmpredV2_ablate_no_self_pred/forced_coord/baseline_seed_0_step_154.msgpack
--> Saved seed 1 checkpoint at step 154 to checkpoints/lmpredV2_ablate_no_self_pred/forced_coord/baseline_seed_1_step_154.msgpack
--> Saved seed 2 checkpoint at step 154 to checkpoints/lmpredV2_ablate_no_self_pred/forced_coord/baseline_seed_2_step_154.msgpack
--> Saved seed 3 checkpoint at step 154 to checkpoints/lmpredV2_ablate_no_self_pred/forced_coord/baseline_seed_3_step_154.msgpack
--> Saved seed 4 checkpoint at step 154 to checkpoints/lmpredV2_ablate_no_self_pred/forced_coord/baseline_seed_4_step_154.msgpack
--> Saved seed 0 checkpoint at step 176 to checkpoints/lmpredV2_ablate_no_self_pred/forced_coord/baseline_seed_0_step_176.msgpack
--> Saved seed 1 checkpoint at step 176 to checkpoints/lmpredV2_ablate_no_self_pred/forced_coord/baseline_seed_1_step_176.msgpack
--> Saved seed 2 checkpoint at step 176 to checkpoints/lmpredV2_ablate_no_self_pred/forced_coord/baseline_seed_2_step_176.msgpack
--> Saved seed 3 checkpoint at step 176 to checkpoints/lmpredV2_ablate_no_self_pred/forced_coord/baseline_seed_3_step_176.msgpack
--> Saved seed 4 checkpoint at step 176 to checkpoints/lmpredV2_ablate_no_self_pred/forced_coord/baseline_seed_4_step_176.msgpack
--> Saved seed 0 checkpoint at step 198 to checkpoints/lmpredV2_ablate_no_self_pred/forced_coord/baseline_seed_0_step_198.msgpack
--> Saved seed 1 checkpoint at step 198 to checkpoints/lmpredV2_ablate_no_self_pred/forced_coord/baseline_seed_1_step_198.msgpack
--> Saved seed 2 checkpoint at step 198 to checkpoints/lmpredV2_ablate_no_self_pred/forced_coord/baseline_seed_2_step_198.msgpack
--> Saved seed 3 checkpoint at step 198 to checkpoints/lmpredV2_ablate_no_self_pred/forced_coord/baseline_seed_3_step_198.msgpack
--> Saved seed 4 checkpoint at step 198 to checkpoints/lmpredV2_ablate_no_self_pred/forced_coord/baseline_seed_4_step_198.msgpack
--> Saved seed 0 checkpoint at step 220 to checkpoints/lmpredV2_ablate_no_self_pred/forced_coord/baseline_seed_0_step_220.msgpack
--> Saved seed 1 checkpoint at step 220 to checkpoints/lmpredV2_ablate_no_self_pred/forced_coord/baseline_seed_1_step_220.msgpack
--> Saved seed 2 checkpoint at step 220 to checkpoints/lmpredV2_ablate_no_self_pred/forced_coord/baseline_seed_2_step_220.msgpack
--> Saved seed 3 checkpoint at step 220 to checkpoints/lmpredV2_ablate_no_self_pred/forced_coord/baseline_seed_3_step_220.msgpack
--> Saved seed 4 checkpoint at step 220 to checkpoints/lmpredV2_ablate_no_self_pred/forced_coord/baseline_seed_4_step_220.msgpack
[1;34mwandb[0m: 
[1;34mwandb[0m: 🚀 View run [33mlmpred_no_self_pred_obsfront_sameinp_forced_coord[0m at: [34mhttps://wandb.ai/maytusp/oc-extended/runs/3gxq4u5l[0m
[1;34mwandb[0m: Find logs at: [1;35m../../../../../../../../net/scratch/n70579mp/tom/JaxMARL/wandb/run-20260704_163800-3gxq4u5l/logs[0m
