Script directory: /mnt/iusers01/fatpou01/compsci01/n70579mp/scratch/tom/JaxMARL
Importing submoduled environments...
Submoduled environments not found. Skipping import.
wandb: [wandb.login()] Loaded credentials for https://api.wandb.ai from /mnt/iusers01/fatpou01/compsci01/n70579mp/.netrc.
wandb: W&B API key is configured. Use `wandb login --relogin` to force relogin
wandb: setting up run j8q7wgem
wandb: Tracking run with wandb version 0.27.2
wandb: Run data is saved locally in /net/scratch/n70579mp/tom/JaxMARL/wandb/run-20260703_085431-j8q7wgem
wandb: Run `wandb offline` to turn off syncing.
wandb: Syncing run lmpred005_gamma0_obsfront_cpt_counter_circuit
wandb: ⭐️ View project at https://wandb.ai/maytusp/oc-extended
wandb: 🚀 View run at https://wandb.ai/maytusp/oc-extended/runs/j8q7wgem
Update steps:  381.0
Warmup epochs:  19
Cosine epochs:  362.0
--> Saved seed 0 checkpoint at step 1 to checkpoints/lmpred005_gamma0/counter_circuit/baseline_seed_0_step_1.msgpack
--> Saved seed 1 checkpoint at step 1 to checkpoints/lmpred005_gamma0/counter_circuit/baseline_seed_1_step_1.msgpack
--> Saved seed 2 checkpoint at step 1 to checkpoints/lmpred005_gamma0/counter_circuit/baseline_seed_2_step_1.msgpack
--> Saved seed 3 checkpoint at step 1 to checkpoints/lmpred005_gamma0/counter_circuit/baseline_seed_3_step_1.msgpack
--> Saved seed 4 checkpoint at step 1 to checkpoints/lmpred005_gamma0/counter_circuit/baseline_seed_4_step_1.msgpack
--> Saved seed 0 checkpoint at step 38 to checkpoints/lmpred005_gamma0/counter_circuit/baseline_seed_0_step_38.msgpack
--> Saved seed 1 checkpoint at step 38 to checkpoints/lmpred005_gamma0/counter_circuit/baseline_seed_1_step_38.msgpack
--> Saved seed 2 checkpoint at step 38 to checkpoints/lmpred005_gamma0/counter_circuit/baseline_seed_2_step_38.msgpack
--> Saved seed 3 checkpoint at step 38 to checkpoints/lmpred005_gamma0/counter_circuit/baseline_seed_3_step_38.msgpack
--> Saved seed 4 checkpoint at step 38 to checkpoints/lmpred005_gamma0/counter_circuit/baseline_seed_4_step_38.msgpack
--> Saved seed 0 checkpoint at step 76 to checkpoints/lmpred005_gamma0/counter_circuit/baseline_seed_0_step_76.msgpack
--> Saved seed 1 checkpoint at step 76 to checkpoints/lmpred005_gamma0/counter_circuit/baseline_seed_1_step_76.msgpack
--> Saved seed 2 checkpoint at step 76 to checkpoints/lmpred005_gamma0/counter_circuit/baseline_seed_2_step_76.msgpack
--> Saved seed 3 checkpoint at step 76 to checkpoints/lmpred005_gamma0/counter_circuit/baseline_seed_3_step_76.msgpack
--> Saved seed 4 checkpoint at step 76 to checkpoints/lmpred005_gamma0/counter_circuit/baseline_seed_4_step_76.msgpack
--> Saved seed 0 checkpoint at step 114 to checkpoints/lmpred005_gamma0/counter_circuit/baseline_seed_0_step_114.msgpack
--> Saved seed 1 checkpoint at step 114 to checkpoints/lmpred005_gamma0/counter_circuit/baseline_seed_1_step_114.msgpack
--> Saved seed 2 checkpoint at step 114 to checkpoints/lmpred005_gamma0/counter_circuit/baseline_seed_2_step_114.msgpack
--> Saved seed 3 checkpoint at step 114 to checkpoints/lmpred005_gamma0/counter_circuit/baseline_seed_3_step_114.msgpack
--> Saved seed 4 checkpoint at step 114 to checkpoints/lmpred005_gamma0/counter_circuit/baseline_seed_4_step_114.msgpack
--> Saved seed 0 checkpoint at step 152 to checkpoints/lmpred005_gamma0/counter_circuit/baseline_seed_0_step_152.msgpack
--> Saved seed 1 checkpoint at step 152 to checkpoints/lmpred005_gamma0/counter_circuit/baseline_seed_1_step_152.msgpack
--> Saved seed 2 checkpoint at step 152 to checkpoints/lmpred005_gamma0/counter_circuit/baseline_seed_2_step_152.msgpack
--> Saved seed 3 checkpoint at step 152 to checkpoints/lmpred005_gamma0/counter_circuit/baseline_seed_3_step_152.msgpack
--> Saved seed 4 checkpoint at step 152 to checkpoints/lmpred005_gamma0/counter_circuit/baseline_seed_4_step_152.msgpack
--> Saved seed 0 checkpoint at step 190 to checkpoints/lmpred005_gamma0/counter_circuit/baseline_seed_0_step_190.msgpack
--> Saved seed 1 checkpoint at step 190 to checkpoints/lmpred005_gamma0/counter_circuit/baseline_seed_1_step_190.msgpack
--> Saved seed 2 checkpoint at step 190 to checkpoints/lmpred005_gamma0/counter_circuit/baseline_seed_2_step_190.msgpack
--> Saved seed 3 checkpoint at step 190 to checkpoints/lmpred005_gamma0/counter_circuit/baseline_seed_3_step_190.msgpack
--> Saved seed 4 checkpoint at step 190 to checkpoints/lmpred005_gamma0/counter_circuit/baseline_seed_4_step_190.msgpack
--> Saved seed 0 checkpoint at step 228 to checkpoints/lmpred005_gamma0/counter_circuit/baseline_seed_0_step_228.msgpack
--> Saved seed 1 checkpoint at step 228 to checkpoints/lmpred005_gamma0/counter_circuit/baseline_seed_1_step_228.msgpack
--> Saved seed 2 checkpoint at step 228 to checkpoints/lmpred005_gamma0/counter_circuit/baseline_seed_2_step_228.msgpack
--> Saved seed 3 checkpoint at step 228 to checkpoints/lmpred005_gamma0/counter_circuit/baseline_seed_3_step_228.msgpack
--> Saved seed 4 checkpoint at step 228 to checkpoints/lmpred005_gamma0/counter_circuit/baseline_seed_4_step_228.msgpack
--> Saved seed 0 checkpoint at step 266 to checkpoints/lmpred005_gamma0/counter_circuit/baseline_seed_0_step_266.msgpack
--> Saved seed 1 checkpoint at step 266 to checkpoints/lmpred005_gamma0/counter_circuit/baseline_seed_1_step_266.msgpack
--> Saved seed 2 checkpoint at step 266 to checkpoints/lmpred005_gamma0/counter_circuit/baseline_seed_2_step_266.msgpack
--> Saved seed 3 checkpoint at step 266 to checkpoints/lmpred005_gamma0/counter_circuit/baseline_seed_3_step_266.msgpack
--> Saved seed 4 checkpoint at step 266 to checkpoints/lmpred005_gamma0/counter_circuit/baseline_seed_4_step_266.msgpack
--> Saved seed 0 checkpoint at step 304 to checkpoints/lmpred005_gamma0/counter_circuit/baseline_seed_0_step_304.msgpack
--> Saved seed 1 checkpoint at step 304 to checkpoints/lmpred005_gamma0/counter_circuit/baseline_seed_1_step_304.msgpack
--> Saved seed 2 checkpoint at step 304 to checkpoints/lmpred005_gamma0/counter_circuit/baseline_seed_2_step_304.msgpack
--> Saved seed 3 checkpoint at step 304 to checkpoints/lmpred005_gamma0/counter_circuit/baseline_seed_3_step_304.msgpack
--> Saved seed 4 checkpoint at step 304 to checkpoints/lmpred005_gamma0/counter_circuit/baseline_seed_4_step_304.msgpack
--> Saved seed 0 checkpoint at step 342 to checkpoints/lmpred005_gamma0/counter_circuit/baseline_seed_0_step_342.msgpack
--> Saved seed 1 checkpoint at step 342 to checkpoints/lmpred005_gamma0/counter_circuit/baseline_seed_1_step_342.msgpack
--> Saved seed 2 checkpoint at step 342 to checkpoints/lmpred005_gamma0/counter_circuit/baseline_seed_2_step_342.msgpack
--> Saved seed 3 checkpoint at step 342 to checkpoints/lmpred005_gamma0/counter_circuit/baseline_seed_3_step_342.msgpack
--> Saved seed 4 checkpoint at step 342 to checkpoints/lmpred005_gamma0/counter_circuit/baseline_seed_4_step_342.msgpack
--> Saved seed 0 checkpoint at step 380 to checkpoints/lmpred005_gamma0/counter_circuit/baseline_seed_0_step_380.msgpack
--> Saved seed 1 checkpoint at step 380 to checkpoints/lmpred005_gamma0/counter_circuit/baseline_seed_1_step_380.msgpack
--> Saved seed 2 checkpoint at step 380 to checkpoints/lmpred005_gamma0/counter_circuit/baseline_seed_2_step_380.msgpack
--> Saved seed 3 checkpoint at step 380 to checkpoints/lmpred005_gamma0/counter_circuit/baseline_seed_3_step_380.msgpack
--> Saved seed 4 checkpoint at step 380 to checkpoints/lmpred005_gamma0/counter_circuit/baseline_seed_4_step_380.msgpack
[1;34mwandb[0m: 
[1;34mwandb[0m: 🚀 View run [33mlmpred005_gamma0_obsfront_cpt_counter_circuit[0m at: [34mhttps://wandb.ai/maytusp/oc-extended/runs/j8q7wgem[0m
[1;34mwandb[0m: Find logs at: [1;35m../../../../../../../../net/scratch/n70579mp/tom/JaxMARL/wandb/run-20260703_085431-j8q7wgem/logs[0m
Importing submoduled environments...
Submoduled environments not found. Skipping import.
wandb: [wandb.login()] Loaded credentials for https://api.wandb.ai from /mnt/iusers01/fatpou01/compsci01/n70579mp/.netrc.
wandb: Currently logged in as: maytusp to https://api.wandb.ai. Use `wandb login --relogin` to force relogin
wandb: Tracking run with wandb version 0.27.2
wandb: Run data is saved locally in /net/scratch/n70579mp/tom/JaxMARL/wandb/run-20260703_112227-es4a0lhf
wandb: Run `wandb offline` to turn off syncing.
wandb: Syncing run lmpred02_gamma0_obsfront_cpt_counter_circuit
wandb: ⭐️ View project at https://wandb.ai/maytusp/oc-extended
wandb: 🚀 View run at https://wandb.ai/maytusp/oc-extended/runs/es4a0lhf
Update steps:  381.0
Warmup epochs:  19
Cosine epochs:  362.0
--> Saved seed 0 checkpoint at step 1 to checkpoints/lmpred02_gamma0/counter_circuit/baseline_seed_0_step_1.msgpack
--> Saved seed 1 checkpoint at step 1 to checkpoints/lmpred02_gamma0/counter_circuit/baseline_seed_1_step_1.msgpack
--> Saved seed 2 checkpoint at step 1 to checkpoints/lmpred02_gamma0/counter_circuit/baseline_seed_2_step_1.msgpack
--> Saved seed 3 checkpoint at step 1 to checkpoints/lmpred02_gamma0/counter_circuit/baseline_seed_3_step_1.msgpack
--> Saved seed 4 checkpoint at step 1 to checkpoints/lmpred02_gamma0/counter_circuit/baseline_seed_4_step_1.msgpack
--> Saved seed 0 checkpoint at step 38 to checkpoints/lmpred02_gamma0/counter_circuit/baseline_seed_0_step_38.msgpack
--> Saved seed 1 checkpoint at step 38 to checkpoints/lmpred02_gamma0/counter_circuit/baseline_seed_1_step_38.msgpack
--> Saved seed 2 checkpoint at step 38 to checkpoints/lmpred02_gamma0/counter_circuit/baseline_seed_2_step_38.msgpack
--> Saved seed 3 checkpoint at step 38 to checkpoints/lmpred02_gamma0/counter_circuit/baseline_seed_3_step_38.msgpack
--> Saved seed 4 checkpoint at step 38 to checkpoints/lmpred02_gamma0/counter_circuit/baseline_seed_4_step_38.msgpack
--> Saved seed 0 checkpoint at step 76 to checkpoints/lmpred02_gamma0/counter_circuit/baseline_seed_0_step_76.msgpack
--> Saved seed 1 checkpoint at step 76 to checkpoints/lmpred02_gamma0/counter_circuit/baseline_seed_1_step_76.msgpack
--> Saved seed 2 checkpoint at step 76 to checkpoints/lmpred02_gamma0/counter_circuit/baseline_seed_2_step_76.msgpack
--> Saved seed 3 checkpoint at step 76 to checkpoints/lmpred02_gamma0/counter_circuit/baseline_seed_3_step_76.msgpack
--> Saved seed 4 checkpoint at step 76 to checkpoints/lmpred02_gamma0/counter_circuit/baseline_seed_4_step_76.msgpack
--> Saved seed 0 checkpoint at step 114 to checkpoints/lmpred02_gamma0/counter_circuit/baseline_seed_0_step_114.msgpack
--> Saved seed 1 checkpoint at step 114 to checkpoints/lmpred02_gamma0/counter_circuit/baseline_seed_1_step_114.msgpack
--> Saved seed 2 checkpoint at step 114 to checkpoints/lmpred02_gamma0/counter_circuit/baseline_seed_2_step_114.msgpack
--> Saved seed 3 checkpoint at step 114 to checkpoints/lmpred02_gamma0/counter_circuit/baseline_seed_3_step_114.msgpack
--> Saved seed 4 checkpoint at step 114 to checkpoints/lmpred02_gamma0/counter_circuit/baseline_seed_4_step_114.msgpack
--> Saved seed 0 checkpoint at step 152 to checkpoints/lmpred02_gamma0/counter_circuit/baseline_seed_0_step_152.msgpack
--> Saved seed 1 checkpoint at step 152 to checkpoints/lmpred02_gamma0/counter_circuit/baseline_seed_1_step_152.msgpack
--> Saved seed 2 checkpoint at step 152 to checkpoints/lmpred02_gamma0/counter_circuit/baseline_seed_2_step_152.msgpack
--> Saved seed 3 checkpoint at step 152 to checkpoints/lmpred02_gamma0/counter_circuit/baseline_seed_3_step_152.msgpack
--> Saved seed 4 checkpoint at step 152 to checkpoints/lmpred02_gamma0/counter_circuit/baseline_seed_4_step_152.msgpack
--> Saved seed 0 checkpoint at step 190 to checkpoints/lmpred02_gamma0/counter_circuit/baseline_seed_0_step_190.msgpack
--> Saved seed 1 checkpoint at step 190 to checkpoints/lmpred02_gamma0/counter_circuit/baseline_seed_1_step_190.msgpack
--> Saved seed 2 checkpoint at step 190 to checkpoints/lmpred02_gamma0/counter_circuit/baseline_seed_2_step_190.msgpack
--> Saved seed 3 checkpoint at step 190 to checkpoints/lmpred02_gamma0/counter_circuit/baseline_seed_3_step_190.msgpack
--> Saved seed 4 checkpoint at step 190 to checkpoints/lmpred02_gamma0/counter_circuit/baseline_seed_4_step_190.msgpack
--> Saved seed 0 checkpoint at step 228 to checkpoints/lmpred02_gamma0/counter_circuit/baseline_seed_0_step_228.msgpack
--> Saved seed 1 checkpoint at step 228 to checkpoints/lmpred02_gamma0/counter_circuit/baseline_seed_1_step_228.msgpack
--> Saved seed 2 checkpoint at step 228 to checkpoints/lmpred02_gamma0/counter_circuit/baseline_seed_2_step_228.msgpack
--> Saved seed 3 checkpoint at step 228 to checkpoints/lmpred02_gamma0/counter_circuit/baseline_seed_3_step_228.msgpack
--> Saved seed 4 checkpoint at step 228 to checkpoints/lmpred02_gamma0/counter_circuit/baseline_seed_4_step_228.msgpack
--> Saved seed 0 checkpoint at step 266 to checkpoints/lmpred02_gamma0/counter_circuit/baseline_seed_0_step_266.msgpack
--> Saved seed 1 checkpoint at step 266 to checkpoints/lmpred02_gamma0/counter_circuit/baseline_seed_1_step_266.msgpack
--> Saved seed 2 checkpoint at step 266 to checkpoints/lmpred02_gamma0/counter_circuit/baseline_seed_2_step_266.msgpack
--> Saved seed 3 checkpoint at step 266 to checkpoints/lmpred02_gamma0/counter_circuit/baseline_seed_3_step_266.msgpack
--> Saved seed 4 checkpoint at step 266 to checkpoints/lmpred02_gamma0/counter_circuit/baseline_seed_4_step_266.msgpack
--> Saved seed 0 checkpoint at step 304 to checkpoints/lmpred02_gamma0/counter_circuit/baseline_seed_0_step_304.msgpack
--> Saved seed 1 checkpoint at step 304 to checkpoints/lmpred02_gamma0/counter_circuit/baseline_seed_1_step_304.msgpack
--> Saved seed 2 checkpoint at step 304 to checkpoints/lmpred02_gamma0/counter_circuit/baseline_seed_2_step_304.msgpack
--> Saved seed 3 checkpoint at step 304 to checkpoints/lmpred02_gamma0/counter_circuit/baseline_seed_3_step_304.msgpack
--> Saved seed 4 checkpoint at step 304 to checkpoints/lmpred02_gamma0/counter_circuit/baseline_seed_4_step_304.msgpack
--> Saved seed 0 checkpoint at step 342 to checkpoints/lmpred02_gamma0/counter_circuit/baseline_seed_0_step_342.msgpack
--> Saved seed 1 checkpoint at step 342 to checkpoints/lmpred02_gamma0/counter_circuit/baseline_seed_1_step_342.msgpack
--> Saved seed 2 checkpoint at step 342 to checkpoints/lmpred02_gamma0/counter_circuit/baseline_seed_2_step_342.msgpack
--> Saved seed 3 checkpoint at step 342 to checkpoints/lmpred02_gamma0/counter_circuit/baseline_seed_3_step_342.msgpack
--> Saved seed 4 checkpoint at step 342 to checkpoints/lmpred02_gamma0/counter_circuit/baseline_seed_4_step_342.msgpack
--> Saved seed 0 checkpoint at step 380 to checkpoints/lmpred02_gamma0/counter_circuit/baseline_seed_0_step_380.msgpack
--> Saved seed 1 checkpoint at step 380 to checkpoints/lmpred02_gamma0/counter_circuit/baseline_seed_1_step_380.msgpack
--> Saved seed 2 checkpoint at step 380 to checkpoints/lmpred02_gamma0/counter_circuit/baseline_seed_2_step_380.msgpack
--> Saved seed 3 checkpoint at step 380 to checkpoints/lmpred02_gamma0/counter_circuit/baseline_seed_3_step_380.msgpack
--> Saved seed 4 checkpoint at step 380 to checkpoints/lmpred02_gamma0/counter_circuit/baseline_seed_4_step_380.msgpack
[1;34mwandb[0m: 
[1;34mwandb[0m: 🚀 View run [33mlmpred02_gamma0_obsfront_cpt_counter_circuit[0m at: [34mhttps://wandb.ai/maytusp/oc-extended/runs/es4a0lhf[0m
[1;34mwandb[0m: Find logs at: [1;35m../../../../../../../../net/scratch/n70579mp/tom/JaxMARL/wandb/run-20260703_112227-es4a0lhf/logs[0m
Importing submoduled environments...
Submoduled environments not found. Skipping import.
wandb: [wandb.login()] Loaded credentials for https://api.wandb.ai from /mnt/iusers01/fatpou01/compsci01/n70579mp/.netrc.
wandb: Currently logged in as: maytusp to https://api.wandb.ai. Use `wandb login --relogin` to force relogin
wandb: Tracking run with wandb version 0.27.2
wandb: Run data is saved locally in /net/scratch/n70579mp/tom/JaxMARL/wandb/run-20260703_134612-g2mkiunc
wandb: Run `wandb offline` to turn off syncing.
wandb: Syncing run lmpred04_gamma0_obsfront_cpt_counter_circuit
wandb: ⭐️ View project at https://wandb.ai/maytusp/oc-extended
wandb: 🚀 View run at https://wandb.ai/maytusp/oc-extended/runs/g2mkiunc
Update steps:  381.0
Warmup epochs:  19
Cosine epochs:  362.0
--> Saved seed 0 checkpoint at step 1 to checkpoints/lmpred04_gamma0/counter_circuit/baseline_seed_0_step_1.msgpack
--> Saved seed 1 checkpoint at step 1 to checkpoints/lmpred04_gamma0/counter_circuit/baseline_seed_1_step_1.msgpack
--> Saved seed 2 checkpoint at step 1 to checkpoints/lmpred04_gamma0/counter_circuit/baseline_seed_2_step_1.msgpack
--> Saved seed 3 checkpoint at step 1 to checkpoints/lmpred04_gamma0/counter_circuit/baseline_seed_3_step_1.msgpack
--> Saved seed 4 checkpoint at step 1 to checkpoints/lmpred04_gamma0/counter_circuit/baseline_seed_4_step_1.msgpack
--> Saved seed 0 checkpoint at step 38 to checkpoints/lmpred04_gamma0/counter_circuit/baseline_seed_0_step_38.msgpack
--> Saved seed 1 checkpoint at step 38 to checkpoints/lmpred04_gamma0/counter_circuit/baseline_seed_1_step_38.msgpack
--> Saved seed 2 checkpoint at step 38 to checkpoints/lmpred04_gamma0/counter_circuit/baseline_seed_2_step_38.msgpack
--> Saved seed 3 checkpoint at step 38 to checkpoints/lmpred04_gamma0/counter_circuit/baseline_seed_3_step_38.msgpack
--> Saved seed 4 checkpoint at step 38 to checkpoints/lmpred04_gamma0/counter_circuit/baseline_seed_4_step_38.msgpack
--> Saved seed 0 checkpoint at step 76 to checkpoints/lmpred04_gamma0/counter_circuit/baseline_seed_0_step_76.msgpack
--> Saved seed 1 checkpoint at step 76 to checkpoints/lmpred04_gamma0/counter_circuit/baseline_seed_1_step_76.msgpack
--> Saved seed 2 checkpoint at step 76 to checkpoints/lmpred04_gamma0/counter_circuit/baseline_seed_2_step_76.msgpack
--> Saved seed 3 checkpoint at step 76 to checkpoints/lmpred04_gamma0/counter_circuit/baseline_seed_3_step_76.msgpack
--> Saved seed 4 checkpoint at step 76 to checkpoints/lmpred04_gamma0/counter_circuit/baseline_seed_4_step_76.msgpack
--> Saved seed 0 checkpoint at step 114 to checkpoints/lmpred04_gamma0/counter_circuit/baseline_seed_0_step_114.msgpack
--> Saved seed 1 checkpoint at step 114 to checkpoints/lmpred04_gamma0/counter_circuit/baseline_seed_1_step_114.msgpack
--> Saved seed 2 checkpoint at step 114 to checkpoints/lmpred04_gamma0/counter_circuit/baseline_seed_2_step_114.msgpack
--> Saved seed 3 checkpoint at step 114 to checkpoints/lmpred04_gamma0/counter_circuit/baseline_seed_3_step_114.msgpack
--> Saved seed 4 checkpoint at step 114 to checkpoints/lmpred04_gamma0/counter_circuit/baseline_seed_4_step_114.msgpack
--> Saved seed 0 checkpoint at step 152 to checkpoints/lmpred04_gamma0/counter_circuit/baseline_seed_0_step_152.msgpack
--> Saved seed 1 checkpoint at step 152 to checkpoints/lmpred04_gamma0/counter_circuit/baseline_seed_1_step_152.msgpack
--> Saved seed 2 checkpoint at step 152 to checkpoints/lmpred04_gamma0/counter_circuit/baseline_seed_2_step_152.msgpack
--> Saved seed 3 checkpoint at step 152 to checkpoints/lmpred04_gamma0/counter_circuit/baseline_seed_3_step_152.msgpack
--> Saved seed 4 checkpoint at step 152 to checkpoints/lmpred04_gamma0/counter_circuit/baseline_seed_4_step_152.msgpack
--> Saved seed 0 checkpoint at step 190 to checkpoints/lmpred04_gamma0/counter_circuit/baseline_seed_0_step_190.msgpack
--> Saved seed 1 checkpoint at step 190 to checkpoints/lmpred04_gamma0/counter_circuit/baseline_seed_1_step_190.msgpack
--> Saved seed 2 checkpoint at step 190 to checkpoints/lmpred04_gamma0/counter_circuit/baseline_seed_2_step_190.msgpack
--> Saved seed 3 checkpoint at step 190 to checkpoints/lmpred04_gamma0/counter_circuit/baseline_seed_3_step_190.msgpack
--> Saved seed 4 checkpoint at step 190 to checkpoints/lmpred04_gamma0/counter_circuit/baseline_seed_4_step_190.msgpack
--> Saved seed 0 checkpoint at step 228 to checkpoints/lmpred04_gamma0/counter_circuit/baseline_seed_0_step_228.msgpack
--> Saved seed 1 checkpoint at step 228 to checkpoints/lmpred04_gamma0/counter_circuit/baseline_seed_1_step_228.msgpack
--> Saved seed 2 checkpoint at step 228 to checkpoints/lmpred04_gamma0/counter_circuit/baseline_seed_2_step_228.msgpack
--> Saved seed 3 checkpoint at step 228 to checkpoints/lmpred04_gamma0/counter_circuit/baseline_seed_3_step_228.msgpack
--> Saved seed 4 checkpoint at step 228 to checkpoints/lmpred04_gamma0/counter_circuit/baseline_seed_4_step_228.msgpack
--> Saved seed 0 checkpoint at step 266 to checkpoints/lmpred04_gamma0/counter_circuit/baseline_seed_0_step_266.msgpack
--> Saved seed 1 checkpoint at step 266 to checkpoints/lmpred04_gamma0/counter_circuit/baseline_seed_1_step_266.msgpack
--> Saved seed 2 checkpoint at step 266 to checkpoints/lmpred04_gamma0/counter_circuit/baseline_seed_2_step_266.msgpack
--> Saved seed 3 checkpoint at step 266 to checkpoints/lmpred04_gamma0/counter_circuit/baseline_seed_3_step_266.msgpack
--> Saved seed 4 checkpoint at step 266 to checkpoints/lmpred04_gamma0/counter_circuit/baseline_seed_4_step_266.msgpack
--> Saved seed 0 checkpoint at step 304 to checkpoints/lmpred04_gamma0/counter_circuit/baseline_seed_0_step_304.msgpack
--> Saved seed 1 checkpoint at step 304 to checkpoints/lmpred04_gamma0/counter_circuit/baseline_seed_1_step_304.msgpack
--> Saved seed 2 checkpoint at step 304 to checkpoints/lmpred04_gamma0/counter_circuit/baseline_seed_2_step_304.msgpack
--> Saved seed 3 checkpoint at step 304 to checkpoints/lmpred04_gamma0/counter_circuit/baseline_seed_3_step_304.msgpack
--> Saved seed 4 checkpoint at step 304 to checkpoints/lmpred04_gamma0/counter_circuit/baseline_seed_4_step_304.msgpack
--> Saved seed 0 checkpoint at step 342 to checkpoints/lmpred04_gamma0/counter_circuit/baseline_seed_0_step_342.msgpack
--> Saved seed 1 checkpoint at step 342 to checkpoints/lmpred04_gamma0/counter_circuit/baseline_seed_1_step_342.msgpack
--> Saved seed 2 checkpoint at step 342 to checkpoints/lmpred04_gamma0/counter_circuit/baseline_seed_2_step_342.msgpack
--> Saved seed 3 checkpoint at step 342 to checkpoints/lmpred04_gamma0/counter_circuit/baseline_seed_3_step_342.msgpack
--> Saved seed 4 checkpoint at step 342 to checkpoints/lmpred04_gamma0/counter_circuit/baseline_seed_4_step_342.msgpack
--> Saved seed 0 checkpoint at step 380 to checkpoints/lmpred04_gamma0/counter_circuit/baseline_seed_0_step_380.msgpack
--> Saved seed 1 checkpoint at step 380 to checkpoints/lmpred04_gamma0/counter_circuit/baseline_seed_1_step_380.msgpack
--> Saved seed 2 checkpoint at step 380 to checkpoints/lmpred04_gamma0/counter_circuit/baseline_seed_2_step_380.msgpack
--> Saved seed 3 checkpoint at step 380 to checkpoints/lmpred04_gamma0/counter_circuit/baseline_seed_3_step_380.msgpack
--> Saved seed 4 checkpoint at step 380 to checkpoints/lmpred04_gamma0/counter_circuit/baseline_seed_4_step_380.msgpack
[1;34mwandb[0m: 
[1;34mwandb[0m: 🚀 View run [33mlmpred04_gamma0_obsfront_cpt_counter_circuit[0m at: [34mhttps://wandb.ai/maytusp/oc-extended/runs/g2mkiunc[0m
[1;34mwandb[0m: Find logs at: [1;35m../../../../../../../../net/scratch/n70579mp/tom/JaxMARL/wandb/run-20260703_134612-g2mkiunc/logs[0m
Importing submoduled environments...
Submoduled environments not found. Skipping import.
wandb: [wandb.login()] Loaded credentials for https://api.wandb.ai from /mnt/iusers01/fatpou01/compsci01/n70579mp/.netrc.
wandb: Currently logged in as: maytusp to https://api.wandb.ai. Use `wandb login --relogin` to force relogin
wandb: setting up run 6zbeacgd
wandb: Tracking run with wandb version 0.27.2
wandb: Run data is saved locally in /net/scratch/n70579mp/tom/JaxMARL/wandb/run-20260703_161408-6zbeacgd
wandb: Run `wandb offline` to turn off syncing.
wandb: Syncing run lmpred005_gamma0_obsfront_cpt_coord_ring
wandb: ⭐️ View project at https://wandb.ai/maytusp/oc-extended
wandb: 🚀 View run at https://wandb.ai/maytusp/oc-extended/runs/6zbeacgd
Update steps:  228.0
Warmup epochs:  11
Cosine epochs:  217.0
--> Saved seed 0 checkpoint at step 1 to checkpoints/lmpred005_gamma0/coord_ring/baseline_seed_0_step_1.msgpack
--> Saved seed 1 checkpoint at step 1 to checkpoints/lmpred005_gamma0/coord_ring/baseline_seed_1_step_1.msgpack
--> Saved seed 2 checkpoint at step 1 to checkpoints/lmpred005_gamma0/coord_ring/baseline_seed_2_step_1.msgpack
--> Saved seed 3 checkpoint at step 1 to checkpoints/lmpred005_gamma0/coord_ring/baseline_seed_3_step_1.msgpack
--> Saved seed 4 checkpoint at step 1 to checkpoints/lmpred005_gamma0/coord_ring/baseline_seed_4_step_1.msgpack
--> Saved seed 0 checkpoint at step 22 to checkpoints/lmpred005_gamma0/coord_ring/baseline_seed_0_step_22.msgpack
--> Saved seed 1 checkpoint at step 22 to checkpoints/lmpred005_gamma0/coord_ring/baseline_seed_1_step_22.msgpack
--> Saved seed 2 checkpoint at step 22 to checkpoints/lmpred005_gamma0/coord_ring/baseline_seed_2_step_22.msgpack
--> Saved seed 3 checkpoint at step 22 to checkpoints/lmpred005_gamma0/coord_ring/baseline_seed_3_step_22.msgpack
--> Saved seed 4 checkpoint at step 22 to checkpoints/lmpred005_gamma0/coord_ring/baseline_seed_4_step_22.msgpack
--> Saved seed 0 checkpoint at step 44 to checkpoints/lmpred005_gamma0/coord_ring/baseline_seed_0_step_44.msgpack
--> Saved seed 1 checkpoint at step 44 to checkpoints/lmpred005_gamma0/coord_ring/baseline_seed_1_step_44.msgpack
--> Saved seed 2 checkpoint at step 44 to checkpoints/lmpred005_gamma0/coord_ring/baseline_seed_2_step_44.msgpack
--> Saved seed 3 checkpoint at step 44 to checkpoints/lmpred005_gamma0/coord_ring/baseline_seed_3_step_44.msgpack
--> Saved seed 4 checkpoint at step 44 to checkpoints/lmpred005_gamma0/coord_ring/baseline_seed_4_step_44.msgpack
--> Saved seed 0 checkpoint at step 66 to checkpoints/lmpred005_gamma0/coord_ring/baseline_seed_0_step_66.msgpack
--> Saved seed 1 checkpoint at step 66 to checkpoints/lmpred005_gamma0/coord_ring/baseline_seed_1_step_66.msgpack
--> Saved seed 2 checkpoint at step 66 to checkpoints/lmpred005_gamma0/coord_ring/baseline_seed_2_step_66.msgpack
--> Saved seed 3 checkpoint at step 66 to checkpoints/lmpred005_gamma0/coord_ring/baseline_seed_3_step_66.msgpack
--> Saved seed 4 checkpoint at step 66 to checkpoints/lmpred005_gamma0/coord_ring/baseline_seed_4_step_66.msgpack
--> Saved seed 0 checkpoint at step 88 to checkpoints/lmpred005_gamma0/coord_ring/baseline_seed_0_step_88.msgpack
--> Saved seed 1 checkpoint at step 88 to checkpoints/lmpred005_gamma0/coord_ring/baseline_seed_1_step_88.msgpack
--> Saved seed 2 checkpoint at step 88 to checkpoints/lmpred005_gamma0/coord_ring/baseline_seed_2_step_88.msgpack
--> Saved seed 3 checkpoint at step 88 to checkpoints/lmpred005_gamma0/coord_ring/baseline_seed_3_step_88.msgpack
--> Saved seed 4 checkpoint at step 88 to checkpoints/lmpred005_gamma0/coord_ring/baseline_seed_4_step_88.msgpack
--> Saved seed 0 checkpoint at step 110 to checkpoints/lmpred005_gamma0/coord_ring/baseline_seed_0_step_110.msgpack
--> Saved seed 1 checkpoint at step 110 to checkpoints/lmpred005_gamma0/coord_ring/baseline_seed_1_step_110.msgpack
--> Saved seed 2 checkpoint at step 110 to checkpoints/lmpred005_gamma0/coord_ring/baseline_seed_2_step_110.msgpack
--> Saved seed 3 checkpoint at step 110 to checkpoints/lmpred005_gamma0/coord_ring/baseline_seed_3_step_110.msgpack
--> Saved seed 4 checkpoint at step 110 to checkpoints/lmpred005_gamma0/coord_ring/baseline_seed_4_step_110.msgpack
--> Saved seed 0 checkpoint at step 132 to checkpoints/lmpred005_gamma0/coord_ring/baseline_seed_0_step_132.msgpack
--> Saved seed 1 checkpoint at step 132 to checkpoints/lmpred005_gamma0/coord_ring/baseline_seed_1_step_132.msgpack
--> Saved seed 2 checkpoint at step 132 to checkpoints/lmpred005_gamma0/coord_ring/baseline_seed_2_step_132.msgpack
--> Saved seed 3 checkpoint at step 132 to checkpoints/lmpred005_gamma0/coord_ring/baseline_seed_3_step_132.msgpack
--> Saved seed 4 checkpoint at step 132 to checkpoints/lmpred005_gamma0/coord_ring/baseline_seed_4_step_132.msgpack
--> Saved seed 0 checkpoint at step 154 to checkpoints/lmpred005_gamma0/coord_ring/baseline_seed_0_step_154.msgpack
--> Saved seed 1 checkpoint at step 154 to checkpoints/lmpred005_gamma0/coord_ring/baseline_seed_1_step_154.msgpack
--> Saved seed 2 checkpoint at step 154 to checkpoints/lmpred005_gamma0/coord_ring/baseline_seed_2_step_154.msgpack
--> Saved seed 3 checkpoint at step 154 to checkpoints/lmpred005_gamma0/coord_ring/baseline_seed_3_step_154.msgpack
--> Saved seed 4 checkpoint at step 154 to checkpoints/lmpred005_gamma0/coord_ring/baseline_seed_4_step_154.msgpack
--> Saved seed 0 checkpoint at step 176 to checkpoints/lmpred005_gamma0/coord_ring/baseline_seed_0_step_176.msgpack
--> Saved seed 1 checkpoint at step 176 to checkpoints/lmpred005_gamma0/coord_ring/baseline_seed_1_step_176.msgpack
--> Saved seed 2 checkpoint at step 176 to checkpoints/lmpred005_gamma0/coord_ring/baseline_seed_2_step_176.msgpack
--> Saved seed 3 checkpoint at step 176 to checkpoints/lmpred005_gamma0/coord_ring/baseline_seed_3_step_176.msgpack
--> Saved seed 4 checkpoint at step 176 to checkpoints/lmpred005_gamma0/coord_ring/baseline_seed_4_step_176.msgpack
--> Saved seed 0 checkpoint at step 198 to checkpoints/lmpred005_gamma0/coord_ring/baseline_seed_0_step_198.msgpack
--> Saved seed 1 checkpoint at step 198 to checkpoints/lmpred005_gamma0/coord_ring/baseline_seed_1_step_198.msgpack
--> Saved seed 2 checkpoint at step 198 to checkpoints/lmpred005_gamma0/coord_ring/baseline_seed_2_step_198.msgpack
--> Saved seed 3 checkpoint at step 198 to checkpoints/lmpred005_gamma0/coord_ring/baseline_seed_3_step_198.msgpack
--> Saved seed 4 checkpoint at step 198 to checkpoints/lmpred005_gamma0/coord_ring/baseline_seed_4_step_198.msgpack
--> Saved seed 0 checkpoint at step 220 to checkpoints/lmpred005_gamma0/coord_ring/baseline_seed_0_step_220.msgpack
--> Saved seed 1 checkpoint at step 220 to checkpoints/lmpred005_gamma0/coord_ring/baseline_seed_1_step_220.msgpack
--> Saved seed 2 checkpoint at step 220 to checkpoints/lmpred005_gamma0/coord_ring/baseline_seed_2_step_220.msgpack
--> Saved seed 3 checkpoint at step 220 to checkpoints/lmpred005_gamma0/coord_ring/baseline_seed_3_step_220.msgpack
--> Saved seed 4 checkpoint at step 220 to checkpoints/lmpred005_gamma0/coord_ring/baseline_seed_4_step_220.msgpack
[1;34mwandb[0m: 
[1;34mwandb[0m: 🚀 View run [33mlmpred005_gamma0_obsfront_cpt_coord_ring[0m at: [34mhttps://wandb.ai/maytusp/oc-extended/runs/6zbeacgd[0m
[1;34mwandb[0m: Find logs at: [1;35m../../../../../../../../net/scratch/n70579mp/tom/JaxMARL/wandb/run-20260703_161408-6zbeacgd/logs[0m
Importing submoduled environments...
Submoduled environments not found. Skipping import.
wandb: [wandb.login()] Loaded credentials for https://api.wandb.ai from /mnt/iusers01/fatpou01/compsci01/n70579mp/.netrc.
wandb: Currently logged in as: maytusp to https://api.wandb.ai. Use `wandb login --relogin` to force relogin
wandb: Tracking run with wandb version 0.27.2
wandb: Run data is saved locally in /net/scratch/n70579mp/tom/JaxMARL/wandb/run-20260703_174307-g247gkre
wandb: Run `wandb offline` to turn off syncing.
wandb: Syncing run lmpred02_gamma0_obsfront_cpt_coord_ring
wandb: ⭐️ View project at https://wandb.ai/maytusp/oc-extended
wandb: 🚀 View run at https://wandb.ai/maytusp/oc-extended/runs/g247gkre
Update steps:  228.0
Warmup epochs:  11
Cosine epochs:  217.0
--> Saved seed 0 checkpoint at step 1 to checkpoints/lmpred02_gamma0/coord_ring/baseline_seed_0_step_1.msgpack
--> Saved seed 1 checkpoint at step 1 to checkpoints/lmpred02_gamma0/coord_ring/baseline_seed_1_step_1.msgpack
--> Saved seed 2 checkpoint at step 1 to checkpoints/lmpred02_gamma0/coord_ring/baseline_seed_2_step_1.msgpack
--> Saved seed 3 checkpoint at step 1 to checkpoints/lmpred02_gamma0/coord_ring/baseline_seed_3_step_1.msgpack
--> Saved seed 4 checkpoint at step 1 to checkpoints/lmpred02_gamma0/coord_ring/baseline_seed_4_step_1.msgpack
--> Saved seed 0 checkpoint at step 22 to checkpoints/lmpred02_gamma0/coord_ring/baseline_seed_0_step_22.msgpack
--> Saved seed 1 checkpoint at step 22 to checkpoints/lmpred02_gamma0/coord_ring/baseline_seed_1_step_22.msgpack
--> Saved seed 2 checkpoint at step 22 to checkpoints/lmpred02_gamma0/coord_ring/baseline_seed_2_step_22.msgpack
--> Saved seed 3 checkpoint at step 22 to checkpoints/lmpred02_gamma0/coord_ring/baseline_seed_3_step_22.msgpack
--> Saved seed 4 checkpoint at step 22 to checkpoints/lmpred02_gamma0/coord_ring/baseline_seed_4_step_22.msgpack
--> Saved seed 0 checkpoint at step 44 to checkpoints/lmpred02_gamma0/coord_ring/baseline_seed_0_step_44.msgpack
--> Saved seed 1 checkpoint at step 44 to checkpoints/lmpred02_gamma0/coord_ring/baseline_seed_1_step_44.msgpack
--> Saved seed 2 checkpoint at step 44 to checkpoints/lmpred02_gamma0/coord_ring/baseline_seed_2_step_44.msgpack
--> Saved seed 3 checkpoint at step 44 to checkpoints/lmpred02_gamma0/coord_ring/baseline_seed_3_step_44.msgpack
--> Saved seed 4 checkpoint at step 44 to checkpoints/lmpred02_gamma0/coord_ring/baseline_seed_4_step_44.msgpack
--> Saved seed 0 checkpoint at step 66 to checkpoints/lmpred02_gamma0/coord_ring/baseline_seed_0_step_66.msgpack
--> Saved seed 1 checkpoint at step 66 to checkpoints/lmpred02_gamma0/coord_ring/baseline_seed_1_step_66.msgpack
--> Saved seed 2 checkpoint at step 66 to checkpoints/lmpred02_gamma0/coord_ring/baseline_seed_2_step_66.msgpack
--> Saved seed 3 checkpoint at step 66 to checkpoints/lmpred02_gamma0/coord_ring/baseline_seed_3_step_66.msgpack
--> Saved seed 4 checkpoint at step 66 to checkpoints/lmpred02_gamma0/coord_ring/baseline_seed_4_step_66.msgpack
--> Saved seed 0 checkpoint at step 88 to checkpoints/lmpred02_gamma0/coord_ring/baseline_seed_0_step_88.msgpack
--> Saved seed 1 checkpoint at step 88 to checkpoints/lmpred02_gamma0/coord_ring/baseline_seed_1_step_88.msgpack
--> Saved seed 2 checkpoint at step 88 to checkpoints/lmpred02_gamma0/coord_ring/baseline_seed_2_step_88.msgpack
--> Saved seed 3 checkpoint at step 88 to checkpoints/lmpred02_gamma0/coord_ring/baseline_seed_3_step_88.msgpack
--> Saved seed 4 checkpoint at step 88 to checkpoints/lmpred02_gamma0/coord_ring/baseline_seed_4_step_88.msgpack
--> Saved seed 0 checkpoint at step 110 to checkpoints/lmpred02_gamma0/coord_ring/baseline_seed_0_step_110.msgpack
--> Saved seed 1 checkpoint at step 110 to checkpoints/lmpred02_gamma0/coord_ring/baseline_seed_1_step_110.msgpack
--> Saved seed 2 checkpoint at step 110 to checkpoints/lmpred02_gamma0/coord_ring/baseline_seed_2_step_110.msgpack
--> Saved seed 3 checkpoint at step 110 to checkpoints/lmpred02_gamma0/coord_ring/baseline_seed_3_step_110.msgpack
--> Saved seed 4 checkpoint at step 110 to checkpoints/lmpred02_gamma0/coord_ring/baseline_seed_4_step_110.msgpack
--> Saved seed 0 checkpoint at step 132 to checkpoints/lmpred02_gamma0/coord_ring/baseline_seed_0_step_132.msgpack
--> Saved seed 1 checkpoint at step 132 to checkpoints/lmpred02_gamma0/coord_ring/baseline_seed_1_step_132.msgpack
--> Saved seed 2 checkpoint at step 132 to checkpoints/lmpred02_gamma0/coord_ring/baseline_seed_2_step_132.msgpack
--> Saved seed 3 checkpoint at step 132 to checkpoints/lmpred02_gamma0/coord_ring/baseline_seed_3_step_132.msgpack
--> Saved seed 4 checkpoint at step 132 to checkpoints/lmpred02_gamma0/coord_ring/baseline_seed_4_step_132.msgpack
--> Saved seed 0 checkpoint at step 154 to checkpoints/lmpred02_gamma0/coord_ring/baseline_seed_0_step_154.msgpack
--> Saved seed 1 checkpoint at step 154 to checkpoints/lmpred02_gamma0/coord_ring/baseline_seed_1_step_154.msgpack
--> Saved seed 2 checkpoint at step 154 to checkpoints/lmpred02_gamma0/coord_ring/baseline_seed_2_step_154.msgpack
--> Saved seed 3 checkpoint at step 154 to checkpoints/lmpred02_gamma0/coord_ring/baseline_seed_3_step_154.msgpack
--> Saved seed 4 checkpoint at step 154 to checkpoints/lmpred02_gamma0/coord_ring/baseline_seed_4_step_154.msgpack
--> Saved seed 0 checkpoint at step 176 to checkpoints/lmpred02_gamma0/coord_ring/baseline_seed_0_step_176.msgpack
--> Saved seed 1 checkpoint at step 176 to checkpoints/lmpred02_gamma0/coord_ring/baseline_seed_1_step_176.msgpack
--> Saved seed 2 checkpoint at step 176 to checkpoints/lmpred02_gamma0/coord_ring/baseline_seed_2_step_176.msgpack
--> Saved seed 3 checkpoint at step 176 to checkpoints/lmpred02_gamma0/coord_ring/baseline_seed_3_step_176.msgpack
--> Saved seed 4 checkpoint at step 176 to checkpoints/lmpred02_gamma0/coord_ring/baseline_seed_4_step_176.msgpack
--> Saved seed 0 checkpoint at step 198 to checkpoints/lmpred02_gamma0/coord_ring/baseline_seed_0_step_198.msgpack
--> Saved seed 1 checkpoint at step 198 to checkpoints/lmpred02_gamma0/coord_ring/baseline_seed_1_step_198.msgpack
--> Saved seed 2 checkpoint at step 198 to checkpoints/lmpred02_gamma0/coord_ring/baseline_seed_2_step_198.msgpack
--> Saved seed 3 checkpoint at step 198 to checkpoints/lmpred02_gamma0/coord_ring/baseline_seed_3_step_198.msgpack
--> Saved seed 4 checkpoint at step 198 to checkpoints/lmpred02_gamma0/coord_ring/baseline_seed_4_step_198.msgpack
--> Saved seed 0 checkpoint at step 220 to checkpoints/lmpred02_gamma0/coord_ring/baseline_seed_0_step_220.msgpack
--> Saved seed 1 checkpoint at step 220 to checkpoints/lmpred02_gamma0/coord_ring/baseline_seed_1_step_220.msgpack
--> Saved seed 2 checkpoint at step 220 to checkpoints/lmpred02_gamma0/coord_ring/baseline_seed_2_step_220.msgpack
--> Saved seed 3 checkpoint at step 220 to checkpoints/lmpred02_gamma0/coord_ring/baseline_seed_3_step_220.msgpack
--> Saved seed 4 checkpoint at step 220 to checkpoints/lmpred02_gamma0/coord_ring/baseline_seed_4_step_220.msgpack
[1;34mwandb[0m: 
[1;34mwandb[0m: 🚀 View run [33mlmpred02_gamma0_obsfront_cpt_coord_ring[0m at: [34mhttps://wandb.ai/maytusp/oc-extended/runs/g247gkre[0m
[1;34mwandb[0m: Find logs at: [1;35m../../../../../../../../net/scratch/n70579mp/tom/JaxMARL/wandb/run-20260703_174307-g247gkre/logs[0m
Importing submoduled environments...
Submoduled environments not found. Skipping import.
wandb: [wandb.login()] Loaded credentials for https://api.wandb.ai from /mnt/iusers01/fatpou01/compsci01/n70579mp/.netrc.
wandb: Currently logged in as: maytusp to https://api.wandb.ai. Use `wandb login --relogin` to force relogin
wandb: Tracking run with wandb version 0.27.2
wandb: Run data is saved locally in /net/scratch/n70579mp/tom/JaxMARL/wandb/run-20260703_191207-dq58lif4
wandb: Run `wandb offline` to turn off syncing.
wandb: Syncing run lmpred04_gamma0_obsfront_cpt_coord_ring
wandb: ⭐️ View project at https://wandb.ai/maytusp/oc-extended
wandb: 🚀 View run at https://wandb.ai/maytusp/oc-extended/runs/dq58lif4
Update steps:  228.0
Warmup epochs:  11
Cosine epochs:  217.0
--> Saved seed 0 checkpoint at step 1 to checkpoints/lmpred04_gamma0/coord_ring/baseline_seed_0_step_1.msgpack
--> Saved seed 1 checkpoint at step 1 to checkpoints/lmpred04_gamma0/coord_ring/baseline_seed_1_step_1.msgpack
--> Saved seed 2 checkpoint at step 1 to checkpoints/lmpred04_gamma0/coord_ring/baseline_seed_2_step_1.msgpack
--> Saved seed 3 checkpoint at step 1 to checkpoints/lmpred04_gamma0/coord_ring/baseline_seed_3_step_1.msgpack
--> Saved seed 4 checkpoint at step 1 to checkpoints/lmpred04_gamma0/coord_ring/baseline_seed_4_step_1.msgpack
--> Saved seed 0 checkpoint at step 22 to checkpoints/lmpred04_gamma0/coord_ring/baseline_seed_0_step_22.msgpack
--> Saved seed 1 checkpoint at step 22 to checkpoints/lmpred04_gamma0/coord_ring/baseline_seed_1_step_22.msgpack
--> Saved seed 2 checkpoint at step 22 to checkpoints/lmpred04_gamma0/coord_ring/baseline_seed_2_step_22.msgpack
--> Saved seed 3 checkpoint at step 22 to checkpoints/lmpred04_gamma0/coord_ring/baseline_seed_3_step_22.msgpack
--> Saved seed 4 checkpoint at step 22 to checkpoints/lmpred04_gamma0/coord_ring/baseline_seed_4_step_22.msgpack
--> Saved seed 0 checkpoint at step 44 to checkpoints/lmpred04_gamma0/coord_ring/baseline_seed_0_step_44.msgpack
--> Saved seed 1 checkpoint at step 44 to checkpoints/lmpred04_gamma0/coord_ring/baseline_seed_1_step_44.msgpack
--> Saved seed 2 checkpoint at step 44 to checkpoints/lmpred04_gamma0/coord_ring/baseline_seed_2_step_44.msgpack
--> Saved seed 3 checkpoint at step 44 to checkpoints/lmpred04_gamma0/coord_ring/baseline_seed_3_step_44.msgpack
--> Saved seed 4 checkpoint at step 44 to checkpoints/lmpred04_gamma0/coord_ring/baseline_seed_4_step_44.msgpack
--> Saved seed 0 checkpoint at step 66 to checkpoints/lmpred04_gamma0/coord_ring/baseline_seed_0_step_66.msgpack
--> Saved seed 1 checkpoint at step 66 to checkpoints/lmpred04_gamma0/coord_ring/baseline_seed_1_step_66.msgpack
--> Saved seed 2 checkpoint at step 66 to checkpoints/lmpred04_gamma0/coord_ring/baseline_seed_2_step_66.msgpack
--> Saved seed 3 checkpoint at step 66 to checkpoints/lmpred04_gamma0/coord_ring/baseline_seed_3_step_66.msgpack
--> Saved seed 4 checkpoint at step 66 to checkpoints/lmpred04_gamma0/coord_ring/baseline_seed_4_step_66.msgpack
--> Saved seed 0 checkpoint at step 88 to checkpoints/lmpred04_gamma0/coord_ring/baseline_seed_0_step_88.msgpack
--> Saved seed 1 checkpoint at step 88 to checkpoints/lmpred04_gamma0/coord_ring/baseline_seed_1_step_88.msgpack
--> Saved seed 2 checkpoint at step 88 to checkpoints/lmpred04_gamma0/coord_ring/baseline_seed_2_step_88.msgpack
--> Saved seed 3 checkpoint at step 88 to checkpoints/lmpred04_gamma0/coord_ring/baseline_seed_3_step_88.msgpack
--> Saved seed 4 checkpoint at step 88 to checkpoints/lmpred04_gamma0/coord_ring/baseline_seed_4_step_88.msgpack
--> Saved seed 0 checkpoint at step 110 to checkpoints/lmpred04_gamma0/coord_ring/baseline_seed_0_step_110.msgpack
--> Saved seed 1 checkpoint at step 110 to checkpoints/lmpred04_gamma0/coord_ring/baseline_seed_1_step_110.msgpack
--> Saved seed 2 checkpoint at step 110 to checkpoints/lmpred04_gamma0/coord_ring/baseline_seed_2_step_110.msgpack
--> Saved seed 3 checkpoint at step 110 to checkpoints/lmpred04_gamma0/coord_ring/baseline_seed_3_step_110.msgpack
--> Saved seed 4 checkpoint at step 110 to checkpoints/lmpred04_gamma0/coord_ring/baseline_seed_4_step_110.msgpack
--> Saved seed 0 checkpoint at step 132 to checkpoints/lmpred04_gamma0/coord_ring/baseline_seed_0_step_132.msgpack
--> Saved seed 1 checkpoint at step 132 to checkpoints/lmpred04_gamma0/coord_ring/baseline_seed_1_step_132.msgpack
--> Saved seed 2 checkpoint at step 132 to checkpoints/lmpred04_gamma0/coord_ring/baseline_seed_2_step_132.msgpack
--> Saved seed 3 checkpoint at step 132 to checkpoints/lmpred04_gamma0/coord_ring/baseline_seed_3_step_132.msgpack
--> Saved seed 4 checkpoint at step 132 to checkpoints/lmpred04_gamma0/coord_ring/baseline_seed_4_step_132.msgpack
--> Saved seed 0 checkpoint at step 154 to checkpoints/lmpred04_gamma0/coord_ring/baseline_seed_0_step_154.msgpack
--> Saved seed 1 checkpoint at step 154 to checkpoints/lmpred04_gamma0/coord_ring/baseline_seed_1_step_154.msgpack
--> Saved seed 2 checkpoint at step 154 to checkpoints/lmpred04_gamma0/coord_ring/baseline_seed_2_step_154.msgpack
--> Saved seed 3 checkpoint at step 154 to checkpoints/lmpred04_gamma0/coord_ring/baseline_seed_3_step_154.msgpack
--> Saved seed 4 checkpoint at step 154 to checkpoints/lmpred04_gamma0/coord_ring/baseline_seed_4_step_154.msgpack
--> Saved seed 0 checkpoint at step 176 to checkpoints/lmpred04_gamma0/coord_ring/baseline_seed_0_step_176.msgpack
--> Saved seed 1 checkpoint at step 176 to checkpoints/lmpred04_gamma0/coord_ring/baseline_seed_1_step_176.msgpack
--> Saved seed 2 checkpoint at step 176 to checkpoints/lmpred04_gamma0/coord_ring/baseline_seed_2_step_176.msgpack
--> Saved seed 3 checkpoint at step 176 to checkpoints/lmpred04_gamma0/coord_ring/baseline_seed_3_step_176.msgpack
--> Saved seed 4 checkpoint at step 176 to checkpoints/lmpred04_gamma0/coord_ring/baseline_seed_4_step_176.msgpack
--> Saved seed 0 checkpoint at step 198 to checkpoints/lmpred04_gamma0/coord_ring/baseline_seed_0_step_198.msgpack
--> Saved seed 1 checkpoint at step 198 to checkpoints/lmpred04_gamma0/coord_ring/baseline_seed_1_step_198.msgpack
--> Saved seed 2 checkpoint at step 198 to checkpoints/lmpred04_gamma0/coord_ring/baseline_seed_2_step_198.msgpack
--> Saved seed 3 checkpoint at step 198 to checkpoints/lmpred04_gamma0/coord_ring/baseline_seed_3_step_198.msgpack
--> Saved seed 4 checkpoint at step 198 to checkpoints/lmpred04_gamma0/coord_ring/baseline_seed_4_step_198.msgpack
--> Saved seed 0 checkpoint at step 220 to checkpoints/lmpred04_gamma0/coord_ring/baseline_seed_0_step_220.msgpack
--> Saved seed 1 checkpoint at step 220 to checkpoints/lmpred04_gamma0/coord_ring/baseline_seed_1_step_220.msgpack
--> Saved seed 2 checkpoint at step 220 to checkpoints/lmpred04_gamma0/coord_ring/baseline_seed_2_step_220.msgpack
--> Saved seed 3 checkpoint at step 220 to checkpoints/lmpred04_gamma0/coord_ring/baseline_seed_3_step_220.msgpack
--> Saved seed 4 checkpoint at step 220 to checkpoints/lmpred04_gamma0/coord_ring/baseline_seed_4_step_220.msgpack
[1;34mwandb[0m: 
[1;34mwandb[0m: 🚀 View run [33mlmpred04_gamma0_obsfront_cpt_coord_ring[0m at: [34mhttps://wandb.ai/maytusp/oc-extended/runs/dq58lif4[0m
[1;34mwandb[0m: Find logs at: [1;35m../../../../../../../../net/scratch/n70579mp/tom/JaxMARL/wandb/run-20260703_191207-dq58lif4/logs[0m
Importing submoduled environments...
Submoduled environments not found. Skipping import.
wandb: [wandb.login()] Loaded credentials for https://api.wandb.ai from /mnt/iusers01/fatpou01/compsci01/n70579mp/.netrc.
wandb: Currently logged in as: maytusp to https://api.wandb.ai. Use `wandb login --relogin` to force relogin
wandb: Tracking run with wandb version 0.27.2
wandb: Run data is saved locally in /net/scratch/n70579mp/tom/JaxMARL/wandb/run-20260703_203950-wgdszfbh
wandb: Run `wandb offline` to turn off syncing.
wandb: Syncing run lmpred005_gamma0_obsfront_cpt_cramped_room5x5
wandb: ⭐️ View project at https://wandb.ai/maytusp/oc-extended
wandb: 🚀 View run at https://wandb.ai/maytusp/oc-extended/runs/wgdszfbh
Update steps:  228.0
Warmup epochs:  11
Cosine epochs:  217.0
--> Saved seed 0 checkpoint at step 1 to checkpoints/lmpred005_gamma0/cramped_room5x5/baseline_seed_0_step_1.msgpack
--> Saved seed 1 checkpoint at step 1 to checkpoints/lmpred005_gamma0/cramped_room5x5/baseline_seed_1_step_1.msgpack
--> Saved seed 2 checkpoint at step 1 to checkpoints/lmpred005_gamma0/cramped_room5x5/baseline_seed_2_step_1.msgpack
--> Saved seed 3 checkpoint at step 1 to checkpoints/lmpred005_gamma0/cramped_room5x5/baseline_seed_3_step_1.msgpack
--> Saved seed 4 checkpoint at step 1 to checkpoints/lmpred005_gamma0/cramped_room5x5/baseline_seed_4_step_1.msgpack
--> Saved seed 0 checkpoint at step 22 to checkpoints/lmpred005_gamma0/cramped_room5x5/baseline_seed_0_step_22.msgpack
--> Saved seed 1 checkpoint at step 22 to checkpoints/lmpred005_gamma0/cramped_room5x5/baseline_seed_1_step_22.msgpack
--> Saved seed 2 checkpoint at step 22 to checkpoints/lmpred005_gamma0/cramped_room5x5/baseline_seed_2_step_22.msgpack
--> Saved seed 3 checkpoint at step 22 to checkpoints/lmpred005_gamma0/cramped_room5x5/baseline_seed_3_step_22.msgpack
--> Saved seed 4 checkpoint at step 22 to checkpoints/lmpred005_gamma0/cramped_room5x5/baseline_seed_4_step_22.msgpack
--> Saved seed 0 checkpoint at step 44 to checkpoints/lmpred005_gamma0/cramped_room5x5/baseline_seed_0_step_44.msgpack
--> Saved seed 1 checkpoint at step 44 to checkpoints/lmpred005_gamma0/cramped_room5x5/baseline_seed_1_step_44.msgpack
--> Saved seed 2 checkpoint at step 44 to checkpoints/lmpred005_gamma0/cramped_room5x5/baseline_seed_2_step_44.msgpack
--> Saved seed 3 checkpoint at step 44 to checkpoints/lmpred005_gamma0/cramped_room5x5/baseline_seed_3_step_44.msgpack
--> Saved seed 4 checkpoint at step 44 to checkpoints/lmpred005_gamma0/cramped_room5x5/baseline_seed_4_step_44.msgpack
--> Saved seed 0 checkpoint at step 66 to checkpoints/lmpred005_gamma0/cramped_room5x5/baseline_seed_0_step_66.msgpack
--> Saved seed 1 checkpoint at step 66 to checkpoints/lmpred005_gamma0/cramped_room5x5/baseline_seed_1_step_66.msgpack
--> Saved seed 2 checkpoint at step 66 to checkpoints/lmpred005_gamma0/cramped_room5x5/baseline_seed_2_step_66.msgpack
--> Saved seed 3 checkpoint at step 66 to checkpoints/lmpred005_gamma0/cramped_room5x5/baseline_seed_3_step_66.msgpack
--> Saved seed 4 checkpoint at step 66 to checkpoints/lmpred005_gamma0/cramped_room5x5/baseline_seed_4_step_66.msgpack
--> Saved seed 0 checkpoint at step 88 to checkpoints/lmpred005_gamma0/cramped_room5x5/baseline_seed_0_step_88.msgpack
--> Saved seed 1 checkpoint at step 88 to checkpoints/lmpred005_gamma0/cramped_room5x5/baseline_seed_1_step_88.msgpack
--> Saved seed 2 checkpoint at step 88 to checkpoints/lmpred005_gamma0/cramped_room5x5/baseline_seed_2_step_88.msgpack
--> Saved seed 3 checkpoint at step 88 to checkpoints/lmpred005_gamma0/cramped_room5x5/baseline_seed_3_step_88.msgpack
--> Saved seed 4 checkpoint at step 88 to checkpoints/lmpred005_gamma0/cramped_room5x5/baseline_seed_4_step_88.msgpack
--> Saved seed 0 checkpoint at step 110 to checkpoints/lmpred005_gamma0/cramped_room5x5/baseline_seed_0_step_110.msgpack
--> Saved seed 1 checkpoint at step 110 to checkpoints/lmpred005_gamma0/cramped_room5x5/baseline_seed_1_step_110.msgpack
--> Saved seed 2 checkpoint at step 110 to checkpoints/lmpred005_gamma0/cramped_room5x5/baseline_seed_2_step_110.msgpack
--> Saved seed 3 checkpoint at step 110 to checkpoints/lmpred005_gamma0/cramped_room5x5/baseline_seed_3_step_110.msgpack
--> Saved seed 4 checkpoint at step 110 to checkpoints/lmpred005_gamma0/cramped_room5x5/baseline_seed_4_step_110.msgpack
--> Saved seed 0 checkpoint at step 132 to checkpoints/lmpred005_gamma0/cramped_room5x5/baseline_seed_0_step_132.msgpack
--> Saved seed 1 checkpoint at step 132 to checkpoints/lmpred005_gamma0/cramped_room5x5/baseline_seed_1_step_132.msgpack
--> Saved seed 2 checkpoint at step 132 to checkpoints/lmpred005_gamma0/cramped_room5x5/baseline_seed_2_step_132.msgpack
--> Saved seed 3 checkpoint at step 132 to checkpoints/lmpred005_gamma0/cramped_room5x5/baseline_seed_3_step_132.msgpack
--> Saved seed 4 checkpoint at step 132 to checkpoints/lmpred005_gamma0/cramped_room5x5/baseline_seed_4_step_132.msgpack
--> Saved seed 0 checkpoint at step 154 to checkpoints/lmpred005_gamma0/cramped_room5x5/baseline_seed_0_step_154.msgpack
--> Saved seed 1 checkpoint at step 154 to checkpoints/lmpred005_gamma0/cramped_room5x5/baseline_seed_1_step_154.msgpack
--> Saved seed 2 checkpoint at step 154 to checkpoints/lmpred005_gamma0/cramped_room5x5/baseline_seed_2_step_154.msgpack
--> Saved seed 3 checkpoint at step 154 to checkpoints/lmpred005_gamma0/cramped_room5x5/baseline_seed_3_step_154.msgpack
--> Saved seed 4 checkpoint at step 154 to checkpoints/lmpred005_gamma0/cramped_room5x5/baseline_seed_4_step_154.msgpack
--> Saved seed 0 checkpoint at step 176 to checkpoints/lmpred005_gamma0/cramped_room5x5/baseline_seed_0_step_176.msgpack
--> Saved seed 1 checkpoint at step 176 to checkpoints/lmpred005_gamma0/cramped_room5x5/baseline_seed_1_step_176.msgpack
--> Saved seed 2 checkpoint at step 176 to checkpoints/lmpred005_gamma0/cramped_room5x5/baseline_seed_2_step_176.msgpack
--> Saved seed 3 checkpoint at step 176 to checkpoints/lmpred005_gamma0/cramped_room5x5/baseline_seed_3_step_176.msgpack
--> Saved seed 4 checkpoint at step 176 to checkpoints/lmpred005_gamma0/cramped_room5x5/baseline_seed_4_step_176.msgpack
--> Saved seed 0 checkpoint at step 198 to checkpoints/lmpred005_gamma0/cramped_room5x5/baseline_seed_0_step_198.msgpack
--> Saved seed 1 checkpoint at step 198 to checkpoints/lmpred005_gamma0/cramped_room5x5/baseline_seed_1_step_198.msgpack
--> Saved seed 2 checkpoint at step 198 to checkpoints/lmpred005_gamma0/cramped_room5x5/baseline_seed_2_step_198.msgpack
--> Saved seed 3 checkpoint at step 198 to checkpoints/lmpred005_gamma0/cramped_room5x5/baseline_seed_3_step_198.msgpack
--> Saved seed 4 checkpoint at step 198 to checkpoints/lmpred005_gamma0/cramped_room5x5/baseline_seed_4_step_198.msgpack
--> Saved seed 0 checkpoint at step 220 to checkpoints/lmpred005_gamma0/cramped_room5x5/baseline_seed_0_step_220.msgpack
--> Saved seed 1 checkpoint at step 220 to checkpoints/lmpred005_gamma0/cramped_room5x5/baseline_seed_1_step_220.msgpack
--> Saved seed 2 checkpoint at step 220 to checkpoints/lmpred005_gamma0/cramped_room5x5/baseline_seed_2_step_220.msgpack
--> Saved seed 3 checkpoint at step 220 to checkpoints/lmpred005_gamma0/cramped_room5x5/baseline_seed_3_step_220.msgpack
--> Saved seed 4 checkpoint at step 220 to checkpoints/lmpred005_gamma0/cramped_room5x5/baseline_seed_4_step_220.msgpack
[1;34mwandb[0m: 
[1;34mwandb[0m: 🚀 View run [33mlmpred005_gamma0_obsfront_cpt_cramped_room5x5[0m at: [34mhttps://wandb.ai/maytusp/oc-extended/runs/wgdszfbh[0m
[1;34mwandb[0m: Find logs at: [1;35m../../../../../../../../net/scratch/n70579mp/tom/JaxMARL/wandb/run-20260703_203950-wgdszfbh/logs[0m
Importing submoduled environments...
Submoduled environments not found. Skipping import.
wandb: [wandb.login()] Loaded credentials for https://api.wandb.ai from /mnt/iusers01/fatpou01/compsci01/n70579mp/.netrc.
wandb: Currently logged in as: maytusp to https://api.wandb.ai. Use `wandb login --relogin` to force relogin
wandb: Tracking run with wandb version 0.27.2
wandb: Run data is saved locally in /net/scratch/n70579mp/tom/JaxMARL/wandb/run-20260703_220847-3i9avodl
wandb: Run `wandb offline` to turn off syncing.
wandb: Syncing run lmpred02_gamma0_obsfront_cpt_cramped_room5x5
wandb: ⭐️ View project at https://wandb.ai/maytusp/oc-extended
wandb: 🚀 View run at https://wandb.ai/maytusp/oc-extended/runs/3i9avodl
Update steps:  228.0
Warmup epochs:  11
Cosine epochs:  217.0
--> Saved seed 0 checkpoint at step 1 to checkpoints/lmpred02_gamma0/cramped_room5x5/baseline_seed_0_step_1.msgpack
--> Saved seed 1 checkpoint at step 1 to checkpoints/lmpred02_gamma0/cramped_room5x5/baseline_seed_1_step_1.msgpack
--> Saved seed 2 checkpoint at step 1 to checkpoints/lmpred02_gamma0/cramped_room5x5/baseline_seed_2_step_1.msgpack
--> Saved seed 3 checkpoint at step 1 to checkpoints/lmpred02_gamma0/cramped_room5x5/baseline_seed_3_step_1.msgpack
--> Saved seed 4 checkpoint at step 1 to checkpoints/lmpred02_gamma0/cramped_room5x5/baseline_seed_4_step_1.msgpack
--> Saved seed 0 checkpoint at step 22 to checkpoints/lmpred02_gamma0/cramped_room5x5/baseline_seed_0_step_22.msgpack
--> Saved seed 1 checkpoint at step 22 to checkpoints/lmpred02_gamma0/cramped_room5x5/baseline_seed_1_step_22.msgpack
--> Saved seed 2 checkpoint at step 22 to checkpoints/lmpred02_gamma0/cramped_room5x5/baseline_seed_2_step_22.msgpack
--> Saved seed 3 checkpoint at step 22 to checkpoints/lmpred02_gamma0/cramped_room5x5/baseline_seed_3_step_22.msgpack
--> Saved seed 4 checkpoint at step 22 to checkpoints/lmpred02_gamma0/cramped_room5x5/baseline_seed_4_step_22.msgpack
--> Saved seed 0 checkpoint at step 44 to checkpoints/lmpred02_gamma0/cramped_room5x5/baseline_seed_0_step_44.msgpack
--> Saved seed 1 checkpoint at step 44 to checkpoints/lmpred02_gamma0/cramped_room5x5/baseline_seed_1_step_44.msgpack
--> Saved seed 2 checkpoint at step 44 to checkpoints/lmpred02_gamma0/cramped_room5x5/baseline_seed_2_step_44.msgpack
--> Saved seed 3 checkpoint at step 44 to checkpoints/lmpred02_gamma0/cramped_room5x5/baseline_seed_3_step_44.msgpack
--> Saved seed 4 checkpoint at step 44 to checkpoints/lmpred02_gamma0/cramped_room5x5/baseline_seed_4_step_44.msgpack
--> Saved seed 0 checkpoint at step 66 to checkpoints/lmpred02_gamma0/cramped_room5x5/baseline_seed_0_step_66.msgpack
--> Saved seed 1 checkpoint at step 66 to checkpoints/lmpred02_gamma0/cramped_room5x5/baseline_seed_1_step_66.msgpack
--> Saved seed 2 checkpoint at step 66 to checkpoints/lmpred02_gamma0/cramped_room5x5/baseline_seed_2_step_66.msgpack
--> Saved seed 3 checkpoint at step 66 to checkpoints/lmpred02_gamma0/cramped_room5x5/baseline_seed_3_step_66.msgpack
--> Saved seed 4 checkpoint at step 66 to checkpoints/lmpred02_gamma0/cramped_room5x5/baseline_seed_4_step_66.msgpack
--> Saved seed 0 checkpoint at step 88 to checkpoints/lmpred02_gamma0/cramped_room5x5/baseline_seed_0_step_88.msgpack
--> Saved seed 1 checkpoint at step 88 to checkpoints/lmpred02_gamma0/cramped_room5x5/baseline_seed_1_step_88.msgpack
--> Saved seed 2 checkpoint at step 88 to checkpoints/lmpred02_gamma0/cramped_room5x5/baseline_seed_2_step_88.msgpack
--> Saved seed 3 checkpoint at step 88 to checkpoints/lmpred02_gamma0/cramped_room5x5/baseline_seed_3_step_88.msgpack
--> Saved seed 4 checkpoint at step 88 to checkpoints/lmpred02_gamma0/cramped_room5x5/baseline_seed_4_step_88.msgpack
--> Saved seed 0 checkpoint at step 110 to checkpoints/lmpred02_gamma0/cramped_room5x5/baseline_seed_0_step_110.msgpack
--> Saved seed 1 checkpoint at step 110 to checkpoints/lmpred02_gamma0/cramped_room5x5/baseline_seed_1_step_110.msgpack
--> Saved seed 2 checkpoint at step 110 to checkpoints/lmpred02_gamma0/cramped_room5x5/baseline_seed_2_step_110.msgpack
--> Saved seed 3 checkpoint at step 110 to checkpoints/lmpred02_gamma0/cramped_room5x5/baseline_seed_3_step_110.msgpack
--> Saved seed 4 checkpoint at step 110 to checkpoints/lmpred02_gamma0/cramped_room5x5/baseline_seed_4_step_110.msgpack
--> Saved seed 0 checkpoint at step 132 to checkpoints/lmpred02_gamma0/cramped_room5x5/baseline_seed_0_step_132.msgpack
--> Saved seed 1 checkpoint at step 132 to checkpoints/lmpred02_gamma0/cramped_room5x5/baseline_seed_1_step_132.msgpack
--> Saved seed 2 checkpoint at step 132 to checkpoints/lmpred02_gamma0/cramped_room5x5/baseline_seed_2_step_132.msgpack
--> Saved seed 3 checkpoint at step 132 to checkpoints/lmpred02_gamma0/cramped_room5x5/baseline_seed_3_step_132.msgpack
--> Saved seed 4 checkpoint at step 132 to checkpoints/lmpred02_gamma0/cramped_room5x5/baseline_seed_4_step_132.msgpack
--> Saved seed 0 checkpoint at step 154 to checkpoints/lmpred02_gamma0/cramped_room5x5/baseline_seed_0_step_154.msgpack
--> Saved seed 1 checkpoint at step 154 to checkpoints/lmpred02_gamma0/cramped_room5x5/baseline_seed_1_step_154.msgpack
--> Saved seed 2 checkpoint at step 154 to checkpoints/lmpred02_gamma0/cramped_room5x5/baseline_seed_2_step_154.msgpack
--> Saved seed 3 checkpoint at step 154 to checkpoints/lmpred02_gamma0/cramped_room5x5/baseline_seed_3_step_154.msgpack
--> Saved seed 4 checkpoint at step 154 to checkpoints/lmpred02_gamma0/cramped_room5x5/baseline_seed_4_step_154.msgpack
--> Saved seed 0 checkpoint at step 176 to checkpoints/lmpred02_gamma0/cramped_room5x5/baseline_seed_0_step_176.msgpack
--> Saved seed 1 checkpoint at step 176 to checkpoints/lmpred02_gamma0/cramped_room5x5/baseline_seed_1_step_176.msgpack
--> Saved seed 2 checkpoint at step 176 to checkpoints/lmpred02_gamma0/cramped_room5x5/baseline_seed_2_step_176.msgpack
--> Saved seed 3 checkpoint at step 176 to checkpoints/lmpred02_gamma0/cramped_room5x5/baseline_seed_3_step_176.msgpack
--> Saved seed 4 checkpoint at step 176 to checkpoints/lmpred02_gamma0/cramped_room5x5/baseline_seed_4_step_176.msgpack
--> Saved seed 0 checkpoint at step 198 to checkpoints/lmpred02_gamma0/cramped_room5x5/baseline_seed_0_step_198.msgpack
--> Saved seed 1 checkpoint at step 198 to checkpoints/lmpred02_gamma0/cramped_room5x5/baseline_seed_1_step_198.msgpack
--> Saved seed 2 checkpoint at step 198 to checkpoints/lmpred02_gamma0/cramped_room5x5/baseline_seed_2_step_198.msgpack
--> Saved seed 3 checkpoint at step 198 to checkpoints/lmpred02_gamma0/cramped_room5x5/baseline_seed_3_step_198.msgpack
--> Saved seed 4 checkpoint at step 198 to checkpoints/lmpred02_gamma0/cramped_room5x5/baseline_seed_4_step_198.msgpack
--> Saved seed 0 checkpoint at step 220 to checkpoints/lmpred02_gamma0/cramped_room5x5/baseline_seed_0_step_220.msgpack
--> Saved seed 1 checkpoint at step 220 to checkpoints/lmpred02_gamma0/cramped_room5x5/baseline_seed_1_step_220.msgpack
--> Saved seed 2 checkpoint at step 220 to checkpoints/lmpred02_gamma0/cramped_room5x5/baseline_seed_2_step_220.msgpack
--> Saved seed 3 checkpoint at step 220 to checkpoints/lmpred02_gamma0/cramped_room5x5/baseline_seed_3_step_220.msgpack
--> Saved seed 4 checkpoint at step 220 to checkpoints/lmpred02_gamma0/cramped_room5x5/baseline_seed_4_step_220.msgpack
[1;34mwandb[0m: 
[1;34mwandb[0m: 🚀 View run [33mlmpred02_gamma0_obsfront_cpt_cramped_room5x5[0m at: [34mhttps://wandb.ai/maytusp/oc-extended/runs/3i9avodl[0m
[1;34mwandb[0m: Find logs at: [1;35m../../../../../../../../net/scratch/n70579mp/tom/JaxMARL/wandb/run-20260703_220847-3i9avodl/logs[0m
Importing submoduled environments...
Submoduled environments not found. Skipping import.
wandb: [wandb.login()] Loaded credentials for https://api.wandb.ai from /mnt/iusers01/fatpou01/compsci01/n70579mp/.netrc.
wandb: Currently logged in as: maytusp to https://api.wandb.ai. Use `wandb login --relogin` to force relogin
wandb: Tracking run with wandb version 0.27.2
wandb: Run data is saved locally in /net/scratch/n70579mp/tom/JaxMARL/wandb/run-20260703_233605-3e9i28y2
wandb: Run `wandb offline` to turn off syncing.
wandb: Syncing run lmpred04_gamma0_obsfront_cpt_cramped_room5x5
wandb: ⭐️ View project at https://wandb.ai/maytusp/oc-extended
wandb: 🚀 View run at https://wandb.ai/maytusp/oc-extended/runs/3e9i28y2
Update steps:  228.0
Warmup epochs:  11
Cosine epochs:  217.0
--> Saved seed 0 checkpoint at step 1 to checkpoints/lmpred04_gamma0/cramped_room5x5/baseline_seed_0_step_1.msgpack
--> Saved seed 1 checkpoint at step 1 to checkpoints/lmpred04_gamma0/cramped_room5x5/baseline_seed_1_step_1.msgpack
--> Saved seed 2 checkpoint at step 1 to checkpoints/lmpred04_gamma0/cramped_room5x5/baseline_seed_2_step_1.msgpack
--> Saved seed 3 checkpoint at step 1 to checkpoints/lmpred04_gamma0/cramped_room5x5/baseline_seed_3_step_1.msgpack
--> Saved seed 4 checkpoint at step 1 to checkpoints/lmpred04_gamma0/cramped_room5x5/baseline_seed_4_step_1.msgpack
--> Saved seed 0 checkpoint at step 22 to checkpoints/lmpred04_gamma0/cramped_room5x5/baseline_seed_0_step_22.msgpack
--> Saved seed 1 checkpoint at step 22 to checkpoints/lmpred04_gamma0/cramped_room5x5/baseline_seed_1_step_22.msgpack
--> Saved seed 2 checkpoint at step 22 to checkpoints/lmpred04_gamma0/cramped_room5x5/baseline_seed_2_step_22.msgpack
--> Saved seed 3 checkpoint at step 22 to checkpoints/lmpred04_gamma0/cramped_room5x5/baseline_seed_3_step_22.msgpack
--> Saved seed 4 checkpoint at step 22 to checkpoints/lmpred04_gamma0/cramped_room5x5/baseline_seed_4_step_22.msgpack
--> Saved seed 0 checkpoint at step 44 to checkpoints/lmpred04_gamma0/cramped_room5x5/baseline_seed_0_step_44.msgpack
--> Saved seed 1 checkpoint at step 44 to checkpoints/lmpred04_gamma0/cramped_room5x5/baseline_seed_1_step_44.msgpack
--> Saved seed 2 checkpoint at step 44 to checkpoints/lmpred04_gamma0/cramped_room5x5/baseline_seed_2_step_44.msgpack
--> Saved seed 3 checkpoint at step 44 to checkpoints/lmpred04_gamma0/cramped_room5x5/baseline_seed_3_step_44.msgpack
--> Saved seed 4 checkpoint at step 44 to checkpoints/lmpred04_gamma0/cramped_room5x5/baseline_seed_4_step_44.msgpack
--> Saved seed 0 checkpoint at step 66 to checkpoints/lmpred04_gamma0/cramped_room5x5/baseline_seed_0_step_66.msgpack
--> Saved seed 1 checkpoint at step 66 to checkpoints/lmpred04_gamma0/cramped_room5x5/baseline_seed_1_step_66.msgpack
--> Saved seed 2 checkpoint at step 66 to checkpoints/lmpred04_gamma0/cramped_room5x5/baseline_seed_2_step_66.msgpack
--> Saved seed 3 checkpoint at step 66 to checkpoints/lmpred04_gamma0/cramped_room5x5/baseline_seed_3_step_66.msgpack
--> Saved seed 4 checkpoint at step 66 to checkpoints/lmpred04_gamma0/cramped_room5x5/baseline_seed_4_step_66.msgpack
--> Saved seed 0 checkpoint at step 88 to checkpoints/lmpred04_gamma0/cramped_room5x5/baseline_seed_0_step_88.msgpack
--> Saved seed 1 checkpoint at step 88 to checkpoints/lmpred04_gamma0/cramped_room5x5/baseline_seed_1_step_88.msgpack
--> Saved seed 2 checkpoint at step 88 to checkpoints/lmpred04_gamma0/cramped_room5x5/baseline_seed_2_step_88.msgpack
--> Saved seed 3 checkpoint at step 88 to checkpoints/lmpred04_gamma0/cramped_room5x5/baseline_seed_3_step_88.msgpack
--> Saved seed 4 checkpoint at step 88 to checkpoints/lmpred04_gamma0/cramped_room5x5/baseline_seed_4_step_88.msgpack
--> Saved seed 0 checkpoint at step 110 to checkpoints/lmpred04_gamma0/cramped_room5x5/baseline_seed_0_step_110.msgpack
--> Saved seed 1 checkpoint at step 110 to checkpoints/lmpred04_gamma0/cramped_room5x5/baseline_seed_1_step_110.msgpack
--> Saved seed 2 checkpoint at step 110 to checkpoints/lmpred04_gamma0/cramped_room5x5/baseline_seed_2_step_110.msgpack
--> Saved seed 3 checkpoint at step 110 to checkpoints/lmpred04_gamma0/cramped_room5x5/baseline_seed_3_step_110.msgpack
--> Saved seed 4 checkpoint at step 110 to checkpoints/lmpred04_gamma0/cramped_room5x5/baseline_seed_4_step_110.msgpack
--> Saved seed 0 checkpoint at step 132 to checkpoints/lmpred04_gamma0/cramped_room5x5/baseline_seed_0_step_132.msgpack
--> Saved seed 1 checkpoint at step 132 to checkpoints/lmpred04_gamma0/cramped_room5x5/baseline_seed_1_step_132.msgpack
--> Saved seed 2 checkpoint at step 132 to checkpoints/lmpred04_gamma0/cramped_room5x5/baseline_seed_2_step_132.msgpack
--> Saved seed 3 checkpoint at step 132 to checkpoints/lmpred04_gamma0/cramped_room5x5/baseline_seed_3_step_132.msgpack
--> Saved seed 4 checkpoint at step 132 to checkpoints/lmpred04_gamma0/cramped_room5x5/baseline_seed_4_step_132.msgpack
--> Saved seed 0 checkpoint at step 154 to checkpoints/lmpred04_gamma0/cramped_room5x5/baseline_seed_0_step_154.msgpack
--> Saved seed 1 checkpoint at step 154 to checkpoints/lmpred04_gamma0/cramped_room5x5/baseline_seed_1_step_154.msgpack
--> Saved seed 2 checkpoint at step 154 to checkpoints/lmpred04_gamma0/cramped_room5x5/baseline_seed_2_step_154.msgpack
--> Saved seed 3 checkpoint at step 154 to checkpoints/lmpred04_gamma0/cramped_room5x5/baseline_seed_3_step_154.msgpack
--> Saved seed 4 checkpoint at step 154 to checkpoints/lmpred04_gamma0/cramped_room5x5/baseline_seed_4_step_154.msgpack
--> Saved seed 0 checkpoint at step 176 to checkpoints/lmpred04_gamma0/cramped_room5x5/baseline_seed_0_step_176.msgpack
--> Saved seed 1 checkpoint at step 176 to checkpoints/lmpred04_gamma0/cramped_room5x5/baseline_seed_1_step_176.msgpack
--> Saved seed 2 checkpoint at step 176 to checkpoints/lmpred04_gamma0/cramped_room5x5/baseline_seed_2_step_176.msgpack
--> Saved seed 3 checkpoint at step 176 to checkpoints/lmpred04_gamma0/cramped_room5x5/baseline_seed_3_step_176.msgpack
--> Saved seed 4 checkpoint at step 176 to checkpoints/lmpred04_gamma0/cramped_room5x5/baseline_seed_4_step_176.msgpack
--> Saved seed 0 checkpoint at step 198 to checkpoints/lmpred04_gamma0/cramped_room5x5/baseline_seed_0_step_198.msgpack
--> Saved seed 1 checkpoint at step 198 to checkpoints/lmpred04_gamma0/cramped_room5x5/baseline_seed_1_step_198.msgpack
--> Saved seed 2 checkpoint at step 198 to checkpoints/lmpred04_gamma0/cramped_room5x5/baseline_seed_2_step_198.msgpack
--> Saved seed 3 checkpoint at step 198 to checkpoints/lmpred04_gamma0/cramped_room5x5/baseline_seed_3_step_198.msgpack
--> Saved seed 4 checkpoint at step 198 to checkpoints/lmpred04_gamma0/cramped_room5x5/baseline_seed_4_step_198.msgpack
--> Saved seed 0 checkpoint at step 220 to checkpoints/lmpred04_gamma0/cramped_room5x5/baseline_seed_0_step_220.msgpack
--> Saved seed 1 checkpoint at step 220 to checkpoints/lmpred04_gamma0/cramped_room5x5/baseline_seed_1_step_220.msgpack
--> Saved seed 2 checkpoint at step 220 to checkpoints/lmpred04_gamma0/cramped_room5x5/baseline_seed_2_step_220.msgpack
--> Saved seed 3 checkpoint at step 220 to checkpoints/lmpred04_gamma0/cramped_room5x5/baseline_seed_3_step_220.msgpack
--> Saved seed 4 checkpoint at step 220 to checkpoints/lmpred04_gamma0/cramped_room5x5/baseline_seed_4_step_220.msgpack
[1;34mwandb[0m: 
[1;34mwandb[0m: 🚀 View run [33mlmpred04_gamma0_obsfront_cpt_cramped_room5x5[0m at: [34mhttps://wandb.ai/maytusp/oc-extended/runs/3e9i28y2[0m
[1;34mwandb[0m: Find logs at: [1;35m../../../../../../../../net/scratch/n70579mp/tom/JaxMARL/wandb/run-20260703_233605-3e9i28y2/logs[0m
Importing submoduled environments...
Submoduled environments not found. Skipping import.
wandb: [wandb.login()] Loaded credentials for https://api.wandb.ai from /mnt/iusers01/fatpou01/compsci01/n70579mp/.netrc.
wandb: Currently logged in as: maytusp to https://api.wandb.ai. Use `wandb login --relogin` to force relogin
wandb: Tracking run with wandb version 0.27.2
wandb: Run data is saved locally in /net/scratch/n70579mp/tom/JaxMARL/wandb/run-20260704_010533-nhvf5qg5
wandb: Run `wandb offline` to turn off syncing.
wandb: Syncing run lmpred005_gamma0_obsfront_cpt_asymm_advantages
wandb: ⭐️ View project at https://wandb.ai/maytusp/oc-extended
wandb: 🚀 View run at https://wandb.ai/maytusp/oc-extended/runs/nhvf5qg5
Update steps:  228.0
Warmup epochs:  11
Cosine epochs:  217.0
--> Saved seed 0 checkpoint at step 1 to checkpoints/lmpred005_gamma0/asymm_advantages/baseline_seed_0_step_1.msgpack
--> Saved seed 1 checkpoint at step 1 to checkpoints/lmpred005_gamma0/asymm_advantages/baseline_seed_1_step_1.msgpack
--> Saved seed 2 checkpoint at step 1 to checkpoints/lmpred005_gamma0/asymm_advantages/baseline_seed_2_step_1.msgpack
--> Saved seed 3 checkpoint at step 1 to checkpoints/lmpred005_gamma0/asymm_advantages/baseline_seed_3_step_1.msgpack
--> Saved seed 4 checkpoint at step 1 to checkpoints/lmpred005_gamma0/asymm_advantages/baseline_seed_4_step_1.msgpack
--> Saved seed 0 checkpoint at step 22 to checkpoints/lmpred005_gamma0/asymm_advantages/baseline_seed_0_step_22.msgpack
--> Saved seed 1 checkpoint at step 22 to checkpoints/lmpred005_gamma0/asymm_advantages/baseline_seed_1_step_22.msgpack
--> Saved seed 2 checkpoint at step 22 to checkpoints/lmpred005_gamma0/asymm_advantages/baseline_seed_2_step_22.msgpack
--> Saved seed 3 checkpoint at step 22 to checkpoints/lmpred005_gamma0/asymm_advantages/baseline_seed_3_step_22.msgpack
--> Saved seed 4 checkpoint at step 22 to checkpoints/lmpred005_gamma0/asymm_advantages/baseline_seed_4_step_22.msgpack
--> Saved seed 0 checkpoint at step 44 to checkpoints/lmpred005_gamma0/asymm_advantages/baseline_seed_0_step_44.msgpack
--> Saved seed 1 checkpoint at step 44 to checkpoints/lmpred005_gamma0/asymm_advantages/baseline_seed_1_step_44.msgpack
--> Saved seed 2 checkpoint at step 44 to checkpoints/lmpred005_gamma0/asymm_advantages/baseline_seed_2_step_44.msgpack
--> Saved seed 3 checkpoint at step 44 to checkpoints/lmpred005_gamma0/asymm_advantages/baseline_seed_3_step_44.msgpack
--> Saved seed 4 checkpoint at step 44 to checkpoints/lmpred005_gamma0/asymm_advantages/baseline_seed_4_step_44.msgpack
--> Saved seed 0 checkpoint at step 66 to checkpoints/lmpred005_gamma0/asymm_advantages/baseline_seed_0_step_66.msgpack
--> Saved seed 1 checkpoint at step 66 to checkpoints/lmpred005_gamma0/asymm_advantages/baseline_seed_1_step_66.msgpack
--> Saved seed 2 checkpoint at step 66 to checkpoints/lmpred005_gamma0/asymm_advantages/baseline_seed_2_step_66.msgpack
--> Saved seed 3 checkpoint at step 66 to checkpoints/lmpred005_gamma0/asymm_advantages/baseline_seed_3_step_66.msgpack
--> Saved seed 4 checkpoint at step 66 to checkpoints/lmpred005_gamma0/asymm_advantages/baseline_seed_4_step_66.msgpack
--> Saved seed 0 checkpoint at step 88 to checkpoints/lmpred005_gamma0/asymm_advantages/baseline_seed_0_step_88.msgpack
--> Saved seed 1 checkpoint at step 88 to checkpoints/lmpred005_gamma0/asymm_advantages/baseline_seed_1_step_88.msgpack
--> Saved seed 2 checkpoint at step 88 to checkpoints/lmpred005_gamma0/asymm_advantages/baseline_seed_2_step_88.msgpack
--> Saved seed 3 checkpoint at step 88 to checkpoints/lmpred005_gamma0/asymm_advantages/baseline_seed_3_step_88.msgpack
--> Saved seed 4 checkpoint at step 88 to checkpoints/lmpred005_gamma0/asymm_advantages/baseline_seed_4_step_88.msgpack
--> Saved seed 0 checkpoint at step 110 to checkpoints/lmpred005_gamma0/asymm_advantages/baseline_seed_0_step_110.msgpack
--> Saved seed 1 checkpoint at step 110 to checkpoints/lmpred005_gamma0/asymm_advantages/baseline_seed_1_step_110.msgpack
--> Saved seed 2 checkpoint at step 110 to checkpoints/lmpred005_gamma0/asymm_advantages/baseline_seed_2_step_110.msgpack
--> Saved seed 3 checkpoint at step 110 to checkpoints/lmpred005_gamma0/asymm_advantages/baseline_seed_3_step_110.msgpack
--> Saved seed 4 checkpoint at step 110 to checkpoints/lmpred005_gamma0/asymm_advantages/baseline_seed_4_step_110.msgpack
--> Saved seed 0 checkpoint at step 132 to checkpoints/lmpred005_gamma0/asymm_advantages/baseline_seed_0_step_132.msgpack
--> Saved seed 1 checkpoint at step 132 to checkpoints/lmpred005_gamma0/asymm_advantages/baseline_seed_1_step_132.msgpack
--> Saved seed 2 checkpoint at step 132 to checkpoints/lmpred005_gamma0/asymm_advantages/baseline_seed_2_step_132.msgpack
--> Saved seed 3 checkpoint at step 132 to checkpoints/lmpred005_gamma0/asymm_advantages/baseline_seed_3_step_132.msgpack
--> Saved seed 4 checkpoint at step 132 to checkpoints/lmpred005_gamma0/asymm_advantages/baseline_seed_4_step_132.msgpack
--> Saved seed 0 checkpoint at step 154 to checkpoints/lmpred005_gamma0/asymm_advantages/baseline_seed_0_step_154.msgpack
--> Saved seed 1 checkpoint at step 154 to checkpoints/lmpred005_gamma0/asymm_advantages/baseline_seed_1_step_154.msgpack
--> Saved seed 2 checkpoint at step 154 to checkpoints/lmpred005_gamma0/asymm_advantages/baseline_seed_2_step_154.msgpack
--> Saved seed 3 checkpoint at step 154 to checkpoints/lmpred005_gamma0/asymm_advantages/baseline_seed_3_step_154.msgpack
--> Saved seed 4 checkpoint at step 154 to checkpoints/lmpred005_gamma0/asymm_advantages/baseline_seed_4_step_154.msgpack
--> Saved seed 0 checkpoint at step 176 to checkpoints/lmpred005_gamma0/asymm_advantages/baseline_seed_0_step_176.msgpack
--> Saved seed 1 checkpoint at step 176 to checkpoints/lmpred005_gamma0/asymm_advantages/baseline_seed_1_step_176.msgpack
--> Saved seed 2 checkpoint at step 176 to checkpoints/lmpred005_gamma0/asymm_advantages/baseline_seed_2_step_176.msgpack
--> Saved seed 3 checkpoint at step 176 to checkpoints/lmpred005_gamma0/asymm_advantages/baseline_seed_3_step_176.msgpack
--> Saved seed 4 checkpoint at step 176 to checkpoints/lmpred005_gamma0/asymm_advantages/baseline_seed_4_step_176.msgpack
--> Saved seed 0 checkpoint at step 198 to checkpoints/lmpred005_gamma0/asymm_advantages/baseline_seed_0_step_198.msgpack
--> Saved seed 1 checkpoint at step 198 to checkpoints/lmpred005_gamma0/asymm_advantages/baseline_seed_1_step_198.msgpack
--> Saved seed 2 checkpoint at step 198 to checkpoints/lmpred005_gamma0/asymm_advantages/baseline_seed_2_step_198.msgpack
--> Saved seed 3 checkpoint at step 198 to checkpoints/lmpred005_gamma0/asymm_advantages/baseline_seed_3_step_198.msgpack
--> Saved seed 4 checkpoint at step 198 to checkpoints/lmpred005_gamma0/asymm_advantages/baseline_seed_4_step_198.msgpack
--> Saved seed 0 checkpoint at step 220 to checkpoints/lmpred005_gamma0/asymm_advantages/baseline_seed_0_step_220.msgpack
--> Saved seed 1 checkpoint at step 220 to checkpoints/lmpred005_gamma0/asymm_advantages/baseline_seed_1_step_220.msgpack
--> Saved seed 2 checkpoint at step 220 to checkpoints/lmpred005_gamma0/asymm_advantages/baseline_seed_2_step_220.msgpack
--> Saved seed 3 checkpoint at step 220 to checkpoints/lmpred005_gamma0/asymm_advantages/baseline_seed_3_step_220.msgpack
--> Saved seed 4 checkpoint at step 220 to checkpoints/lmpred005_gamma0/asymm_advantages/baseline_seed_4_step_220.msgpack
[1;34mwandb[0m: 
[1;34mwandb[0m: 🚀 View run [33mlmpred005_gamma0_obsfront_cpt_asymm_advantages[0m at: [34mhttps://wandb.ai/maytusp/oc-extended/runs/nhvf5qg5[0m
[1;34mwandb[0m: Find logs at: [1;35m../../../../../../../../net/scratch/n70579mp/tom/JaxMARL/wandb/run-20260704_010533-nhvf5qg5/logs[0m
Importing submoduled environments...
Submoduled environments not found. Skipping import.
wandb: [wandb.login()] Loaded credentials for https://api.wandb.ai from /mnt/iusers01/fatpou01/compsci01/n70579mp/.netrc.
wandb: Currently logged in as: maytusp to https://api.wandb.ai. Use `wandb login --relogin` to force relogin
wandb: Tracking run with wandb version 0.27.2
wandb: Run data is saved locally in /net/scratch/n70579mp/tom/JaxMARL/wandb/run-20260704_023158-wclet8wq
wandb: Run `wandb offline` to turn off syncing.
wandb: Syncing run lmpred02_gamma0_obsfront_cpt_asymm_advantages
wandb: ⭐️ View project at https://wandb.ai/maytusp/oc-extended
wandb: 🚀 View run at https://wandb.ai/maytusp/oc-extended/runs/wclet8wq
Update steps:  228.0
Warmup epochs:  11
Cosine epochs:  217.0
--> Saved seed 0 checkpoint at step 1 to checkpoints/lmpred02_gamma0/asymm_advantages/baseline_seed_0_step_1.msgpack
--> Saved seed 1 checkpoint at step 1 to checkpoints/lmpred02_gamma0/asymm_advantages/baseline_seed_1_step_1.msgpack
--> Saved seed 2 checkpoint at step 1 to checkpoints/lmpred02_gamma0/asymm_advantages/baseline_seed_2_step_1.msgpack
--> Saved seed 3 checkpoint at step 1 to checkpoints/lmpred02_gamma0/asymm_advantages/baseline_seed_3_step_1.msgpack
--> Saved seed 4 checkpoint at step 1 to checkpoints/lmpred02_gamma0/asymm_advantages/baseline_seed_4_step_1.msgpack
--> Saved seed 0 checkpoint at step 22 to checkpoints/lmpred02_gamma0/asymm_advantages/baseline_seed_0_step_22.msgpack
--> Saved seed 1 checkpoint at step 22 to checkpoints/lmpred02_gamma0/asymm_advantages/baseline_seed_1_step_22.msgpack
--> Saved seed 2 checkpoint at step 22 to checkpoints/lmpred02_gamma0/asymm_advantages/baseline_seed_2_step_22.msgpack
--> Saved seed 3 checkpoint at step 22 to checkpoints/lmpred02_gamma0/asymm_advantages/baseline_seed_3_step_22.msgpack
--> Saved seed 4 checkpoint at step 22 to checkpoints/lmpred02_gamma0/asymm_advantages/baseline_seed_4_step_22.msgpack
--> Saved seed 0 checkpoint at step 44 to checkpoints/lmpred02_gamma0/asymm_advantages/baseline_seed_0_step_44.msgpack
--> Saved seed 1 checkpoint at step 44 to checkpoints/lmpred02_gamma0/asymm_advantages/baseline_seed_1_step_44.msgpack
--> Saved seed 2 checkpoint at step 44 to checkpoints/lmpred02_gamma0/asymm_advantages/baseline_seed_2_step_44.msgpack
--> Saved seed 3 checkpoint at step 44 to checkpoints/lmpred02_gamma0/asymm_advantages/baseline_seed_3_step_44.msgpack
--> Saved seed 4 checkpoint at step 44 to checkpoints/lmpred02_gamma0/asymm_advantages/baseline_seed_4_step_44.msgpack
--> Saved seed 0 checkpoint at step 66 to checkpoints/lmpred02_gamma0/asymm_advantages/baseline_seed_0_step_66.msgpack
--> Saved seed 1 checkpoint at step 66 to checkpoints/lmpred02_gamma0/asymm_advantages/baseline_seed_1_step_66.msgpack
--> Saved seed 2 checkpoint at step 66 to checkpoints/lmpred02_gamma0/asymm_advantages/baseline_seed_2_step_66.msgpack
--> Saved seed 3 checkpoint at step 66 to checkpoints/lmpred02_gamma0/asymm_advantages/baseline_seed_3_step_66.msgpack
--> Saved seed 4 checkpoint at step 66 to checkpoints/lmpred02_gamma0/asymm_advantages/baseline_seed_4_step_66.msgpack
--> Saved seed 0 checkpoint at step 88 to checkpoints/lmpred02_gamma0/asymm_advantages/baseline_seed_0_step_88.msgpack
--> Saved seed 1 checkpoint at step 88 to checkpoints/lmpred02_gamma0/asymm_advantages/baseline_seed_1_step_88.msgpack
--> Saved seed 2 checkpoint at step 88 to checkpoints/lmpred02_gamma0/asymm_advantages/baseline_seed_2_step_88.msgpack
--> Saved seed 3 checkpoint at step 88 to checkpoints/lmpred02_gamma0/asymm_advantages/baseline_seed_3_step_88.msgpack
--> Saved seed 4 checkpoint at step 88 to checkpoints/lmpred02_gamma0/asymm_advantages/baseline_seed_4_step_88.msgpack
--> Saved seed 0 checkpoint at step 110 to checkpoints/lmpred02_gamma0/asymm_advantages/baseline_seed_0_step_110.msgpack
--> Saved seed 1 checkpoint at step 110 to checkpoints/lmpred02_gamma0/asymm_advantages/baseline_seed_1_step_110.msgpack
--> Saved seed 2 checkpoint at step 110 to checkpoints/lmpred02_gamma0/asymm_advantages/baseline_seed_2_step_110.msgpack
--> Saved seed 3 checkpoint at step 110 to checkpoints/lmpred02_gamma0/asymm_advantages/baseline_seed_3_step_110.msgpack
--> Saved seed 4 checkpoint at step 110 to checkpoints/lmpred02_gamma0/asymm_advantages/baseline_seed_4_step_110.msgpack
--> Saved seed 0 checkpoint at step 132 to checkpoints/lmpred02_gamma0/asymm_advantages/baseline_seed_0_step_132.msgpack
--> Saved seed 1 checkpoint at step 132 to checkpoints/lmpred02_gamma0/asymm_advantages/baseline_seed_1_step_132.msgpack
--> Saved seed 2 checkpoint at step 132 to checkpoints/lmpred02_gamma0/asymm_advantages/baseline_seed_2_step_132.msgpack
--> Saved seed 3 checkpoint at step 132 to checkpoints/lmpred02_gamma0/asymm_advantages/baseline_seed_3_step_132.msgpack
--> Saved seed 4 checkpoint at step 132 to checkpoints/lmpred02_gamma0/asymm_advantages/baseline_seed_4_step_132.msgpack
--> Saved seed 0 checkpoint at step 154 to checkpoints/lmpred02_gamma0/asymm_advantages/baseline_seed_0_step_154.msgpack
--> Saved seed 1 checkpoint at step 154 to checkpoints/lmpred02_gamma0/asymm_advantages/baseline_seed_1_step_154.msgpack
--> Saved seed 2 checkpoint at step 154 to checkpoints/lmpred02_gamma0/asymm_advantages/baseline_seed_2_step_154.msgpack
--> Saved seed 3 checkpoint at step 154 to checkpoints/lmpred02_gamma0/asymm_advantages/baseline_seed_3_step_154.msgpack
--> Saved seed 4 checkpoint at step 154 to checkpoints/lmpred02_gamma0/asymm_advantages/baseline_seed_4_step_154.msgpack
--> Saved seed 0 checkpoint at step 176 to checkpoints/lmpred02_gamma0/asymm_advantages/baseline_seed_0_step_176.msgpack
--> Saved seed 1 checkpoint at step 176 to checkpoints/lmpred02_gamma0/asymm_advantages/baseline_seed_1_step_176.msgpack
--> Saved seed 2 checkpoint at step 176 to checkpoints/lmpred02_gamma0/asymm_advantages/baseline_seed_2_step_176.msgpack
--> Saved seed 3 checkpoint at step 176 to checkpoints/lmpred02_gamma0/asymm_advantages/baseline_seed_3_step_176.msgpack
--> Saved seed 4 checkpoint at step 176 to checkpoints/lmpred02_gamma0/asymm_advantages/baseline_seed_4_step_176.msgpack
--> Saved seed 0 checkpoint at step 198 to checkpoints/lmpred02_gamma0/asymm_advantages/baseline_seed_0_step_198.msgpack
--> Saved seed 1 checkpoint at step 198 to checkpoints/lmpred02_gamma0/asymm_advantages/baseline_seed_1_step_198.msgpack
--> Saved seed 2 checkpoint at step 198 to checkpoints/lmpred02_gamma0/asymm_advantages/baseline_seed_2_step_198.msgpack
--> Saved seed 3 checkpoint at step 198 to checkpoints/lmpred02_gamma0/asymm_advantages/baseline_seed_3_step_198.msgpack
--> Saved seed 4 checkpoint at step 198 to checkpoints/lmpred02_gamma0/asymm_advantages/baseline_seed_4_step_198.msgpack
--> Saved seed 0 checkpoint at step 220 to checkpoints/lmpred02_gamma0/asymm_advantages/baseline_seed_0_step_220.msgpack
--> Saved seed 1 checkpoint at step 220 to checkpoints/lmpred02_gamma0/asymm_advantages/baseline_seed_1_step_220.msgpack
--> Saved seed 2 checkpoint at step 220 to checkpoints/lmpred02_gamma0/asymm_advantages/baseline_seed_2_step_220.msgpack
--> Saved seed 3 checkpoint at step 220 to checkpoints/lmpred02_gamma0/asymm_advantages/baseline_seed_3_step_220.msgpack
--> Saved seed 4 checkpoint at step 220 to checkpoints/lmpred02_gamma0/asymm_advantages/baseline_seed_4_step_220.msgpack
[1;34mwandb[0m: 
[1;34mwandb[0m: 🚀 View run [33mlmpred02_gamma0_obsfront_cpt_asymm_advantages[0m at: [34mhttps://wandb.ai/maytusp/oc-extended/runs/wclet8wq[0m
[1;34mwandb[0m: Find logs at: [1;35m../../../../../../../../net/scratch/n70579mp/tom/JaxMARL/wandb/run-20260704_023158-wclet8wq/logs[0m
Importing submoduled environments...
Submoduled environments not found. Skipping import.
wandb: [wandb.login()] Loaded credentials for https://api.wandb.ai from /mnt/iusers01/fatpou01/compsci01/n70579mp/.netrc.
wandb: Currently logged in as: maytusp to https://api.wandb.ai. Use `wandb login --relogin` to force relogin
wandb: Tracking run with wandb version 0.27.2
wandb: Run data is saved locally in /net/scratch/n70579mp/tom/JaxMARL/wandb/run-20260704_040029-20r2aaoe
wandb: Run `wandb offline` to turn off syncing.
wandb: Syncing run lmpred04_gamma0_obsfront_cpt_asymm_advantages
wandb: ⭐️ View project at https://wandb.ai/maytusp/oc-extended
wandb: 🚀 View run at https://wandb.ai/maytusp/oc-extended/runs/20r2aaoe
Update steps:  228.0
Warmup epochs:  11
Cosine epochs:  217.0
--> Saved seed 0 checkpoint at step 1 to checkpoints/lmpred04_gamma0/asymm_advantages/baseline_seed_0_step_1.msgpack
--> Saved seed 1 checkpoint at step 1 to checkpoints/lmpred04_gamma0/asymm_advantages/baseline_seed_1_step_1.msgpack
--> Saved seed 2 checkpoint at step 1 to checkpoints/lmpred04_gamma0/asymm_advantages/baseline_seed_2_step_1.msgpack
--> Saved seed 3 checkpoint at step 1 to checkpoints/lmpred04_gamma0/asymm_advantages/baseline_seed_3_step_1.msgpack
--> Saved seed 4 checkpoint at step 1 to checkpoints/lmpred04_gamma0/asymm_advantages/baseline_seed_4_step_1.msgpack
--> Saved seed 0 checkpoint at step 22 to checkpoints/lmpred04_gamma0/asymm_advantages/baseline_seed_0_step_22.msgpack
--> Saved seed 1 checkpoint at step 22 to checkpoints/lmpred04_gamma0/asymm_advantages/baseline_seed_1_step_22.msgpack
--> Saved seed 2 checkpoint at step 22 to checkpoints/lmpred04_gamma0/asymm_advantages/baseline_seed_2_step_22.msgpack
--> Saved seed 3 checkpoint at step 22 to checkpoints/lmpred04_gamma0/asymm_advantages/baseline_seed_3_step_22.msgpack
--> Saved seed 4 checkpoint at step 22 to checkpoints/lmpred04_gamma0/asymm_advantages/baseline_seed_4_step_22.msgpack
--> Saved seed 0 checkpoint at step 44 to checkpoints/lmpred04_gamma0/asymm_advantages/baseline_seed_0_step_44.msgpack
--> Saved seed 1 checkpoint at step 44 to checkpoints/lmpred04_gamma0/asymm_advantages/baseline_seed_1_step_44.msgpack
--> Saved seed 2 checkpoint at step 44 to checkpoints/lmpred04_gamma0/asymm_advantages/baseline_seed_2_step_44.msgpack
--> Saved seed 3 checkpoint at step 44 to checkpoints/lmpred04_gamma0/asymm_advantages/baseline_seed_3_step_44.msgpack
--> Saved seed 4 checkpoint at step 44 to checkpoints/lmpred04_gamma0/asymm_advantages/baseline_seed_4_step_44.msgpack
--> Saved seed 0 checkpoint at step 66 to checkpoints/lmpred04_gamma0/asymm_advantages/baseline_seed_0_step_66.msgpack
--> Saved seed 1 checkpoint at step 66 to checkpoints/lmpred04_gamma0/asymm_advantages/baseline_seed_1_step_66.msgpack
--> Saved seed 2 checkpoint at step 66 to checkpoints/lmpred04_gamma0/asymm_advantages/baseline_seed_2_step_66.msgpack
--> Saved seed 3 checkpoint at step 66 to checkpoints/lmpred04_gamma0/asymm_advantages/baseline_seed_3_step_66.msgpack
--> Saved seed 4 checkpoint at step 66 to checkpoints/lmpred04_gamma0/asymm_advantages/baseline_seed_4_step_66.msgpack
--> Saved seed 0 checkpoint at step 88 to checkpoints/lmpred04_gamma0/asymm_advantages/baseline_seed_0_step_88.msgpack
--> Saved seed 1 checkpoint at step 88 to checkpoints/lmpred04_gamma0/asymm_advantages/baseline_seed_1_step_88.msgpack
--> Saved seed 2 checkpoint at step 88 to checkpoints/lmpred04_gamma0/asymm_advantages/baseline_seed_2_step_88.msgpack
--> Saved seed 3 checkpoint at step 88 to checkpoints/lmpred04_gamma0/asymm_advantages/baseline_seed_3_step_88.msgpack
--> Saved seed 4 checkpoint at step 88 to checkpoints/lmpred04_gamma0/asymm_advantages/baseline_seed_4_step_88.msgpack
--> Saved seed 0 checkpoint at step 110 to checkpoints/lmpred04_gamma0/asymm_advantages/baseline_seed_0_step_110.msgpack
--> Saved seed 1 checkpoint at step 110 to checkpoints/lmpred04_gamma0/asymm_advantages/baseline_seed_1_step_110.msgpack
--> Saved seed 2 checkpoint at step 110 to checkpoints/lmpred04_gamma0/asymm_advantages/baseline_seed_2_step_110.msgpack
--> Saved seed 3 checkpoint at step 110 to checkpoints/lmpred04_gamma0/asymm_advantages/baseline_seed_3_step_110.msgpack
--> Saved seed 4 checkpoint at step 110 to checkpoints/lmpred04_gamma0/asymm_advantages/baseline_seed_4_step_110.msgpack
--> Saved seed 0 checkpoint at step 132 to checkpoints/lmpred04_gamma0/asymm_advantages/baseline_seed_0_step_132.msgpack
--> Saved seed 1 checkpoint at step 132 to checkpoints/lmpred04_gamma0/asymm_advantages/baseline_seed_1_step_132.msgpack
--> Saved seed 2 checkpoint at step 132 to checkpoints/lmpred04_gamma0/asymm_advantages/baseline_seed_2_step_132.msgpack
--> Saved seed 3 checkpoint at step 132 to checkpoints/lmpred04_gamma0/asymm_advantages/baseline_seed_3_step_132.msgpack
--> Saved seed 4 checkpoint at step 132 to checkpoints/lmpred04_gamma0/asymm_advantages/baseline_seed_4_step_132.msgpack
--> Saved seed 0 checkpoint at step 154 to checkpoints/lmpred04_gamma0/asymm_advantages/baseline_seed_0_step_154.msgpack
--> Saved seed 1 checkpoint at step 154 to checkpoints/lmpred04_gamma0/asymm_advantages/baseline_seed_1_step_154.msgpack
--> Saved seed 2 checkpoint at step 154 to checkpoints/lmpred04_gamma0/asymm_advantages/baseline_seed_2_step_154.msgpack
--> Saved seed 3 checkpoint at step 154 to checkpoints/lmpred04_gamma0/asymm_advantages/baseline_seed_3_step_154.msgpack
--> Saved seed 4 checkpoint at step 154 to checkpoints/lmpred04_gamma0/asymm_advantages/baseline_seed_4_step_154.msgpack
--> Saved seed 0 checkpoint at step 176 to checkpoints/lmpred04_gamma0/asymm_advantages/baseline_seed_0_step_176.msgpack
--> Saved seed 1 checkpoint at step 176 to checkpoints/lmpred04_gamma0/asymm_advantages/baseline_seed_1_step_176.msgpack
--> Saved seed 2 checkpoint at step 176 to checkpoints/lmpred04_gamma0/asymm_advantages/baseline_seed_2_step_176.msgpack
--> Saved seed 3 checkpoint at step 176 to checkpoints/lmpred04_gamma0/asymm_advantages/baseline_seed_3_step_176.msgpack
--> Saved seed 4 checkpoint at step 176 to checkpoints/lmpred04_gamma0/asymm_advantages/baseline_seed_4_step_176.msgpack
--> Saved seed 0 checkpoint at step 198 to checkpoints/lmpred04_gamma0/asymm_advantages/baseline_seed_0_step_198.msgpack
--> Saved seed 1 checkpoint at step 198 to checkpoints/lmpred04_gamma0/asymm_advantages/baseline_seed_1_step_198.msgpack
--> Saved seed 2 checkpoint at step 198 to checkpoints/lmpred04_gamma0/asymm_advantages/baseline_seed_2_step_198.msgpack
--> Saved seed 3 checkpoint at step 198 to checkpoints/lmpred04_gamma0/asymm_advantages/baseline_seed_3_step_198.msgpack
--> Saved seed 4 checkpoint at step 198 to checkpoints/lmpred04_gamma0/asymm_advantages/baseline_seed_4_step_198.msgpack
--> Saved seed 0 checkpoint at step 220 to checkpoints/lmpred04_gamma0/asymm_advantages/baseline_seed_0_step_220.msgpack
--> Saved seed 1 checkpoint at step 220 to checkpoints/lmpred04_gamma0/asymm_advantages/baseline_seed_1_step_220.msgpack
--> Saved seed 2 checkpoint at step 220 to checkpoints/lmpred04_gamma0/asymm_advantages/baseline_seed_2_step_220.msgpack
--> Saved seed 3 checkpoint at step 220 to checkpoints/lmpred04_gamma0/asymm_advantages/baseline_seed_3_step_220.msgpack
--> Saved seed 4 checkpoint at step 220 to checkpoints/lmpred04_gamma0/asymm_advantages/baseline_seed_4_step_220.msgpack
[1;34mwandb[0m: 
[1;34mwandb[0m: 🚀 View run [33mlmpred04_gamma0_obsfront_cpt_asymm_advantages[0m at: [34mhttps://wandb.ai/maytusp/oc-extended/runs/20r2aaoe[0m
[1;34mwandb[0m: Find logs at: [1;35m../../../../../../../../net/scratch/n70579mp/tom/JaxMARL/wandb/run-20260704_040029-20r2aaoe/logs[0m
Importing submoduled environments...
Submoduled environments not found. Skipping import.
wandb: [wandb.login()] Loaded credentials for https://api.wandb.ai from /mnt/iusers01/fatpou01/compsci01/n70579mp/.netrc.
wandb: Currently logged in as: maytusp to https://api.wandb.ai. Use `wandb login --relogin` to force relogin
wandb: Tracking run with wandb version 0.27.2
wandb: Run data is saved locally in /net/scratch/n70579mp/tom/JaxMARL/wandb/run-20260704_052856-cs15d15i
wandb: Run `wandb offline` to turn off syncing.
wandb: Syncing run lmpred005_gamma0_obsfront_cpt_forced_coord
wandb: ⭐️ View project at https://wandb.ai/maytusp/oc-extended
wandb: 🚀 View run at https://wandb.ai/maytusp/oc-extended/runs/cs15d15i
Update steps:  228.0
Warmup epochs:  11
Cosine epochs:  217.0
--> Saved seed 0 checkpoint at step 1 to checkpoints/lmpred005_gamma0/forced_coord/baseline_seed_0_step_1.msgpack
--> Saved seed 1 checkpoint at step 1 to checkpoints/lmpred005_gamma0/forced_coord/baseline_seed_1_step_1.msgpack
--> Saved seed 2 checkpoint at step 1 to checkpoints/lmpred005_gamma0/forced_coord/baseline_seed_2_step_1.msgpack
--> Saved seed 3 checkpoint at step 1 to checkpoints/lmpred005_gamma0/forced_coord/baseline_seed_3_step_1.msgpack
--> Saved seed 4 checkpoint at step 1 to checkpoints/lmpred005_gamma0/forced_coord/baseline_seed_4_step_1.msgpack
--> Saved seed 0 checkpoint at step 22 to checkpoints/lmpred005_gamma0/forced_coord/baseline_seed_0_step_22.msgpack
--> Saved seed 1 checkpoint at step 22 to checkpoints/lmpred005_gamma0/forced_coord/baseline_seed_1_step_22.msgpack
--> Saved seed 2 checkpoint at step 22 to checkpoints/lmpred005_gamma0/forced_coord/baseline_seed_2_step_22.msgpack
--> Saved seed 3 checkpoint at step 22 to checkpoints/lmpred005_gamma0/forced_coord/baseline_seed_3_step_22.msgpack
--> Saved seed 4 checkpoint at step 22 to checkpoints/lmpred005_gamma0/forced_coord/baseline_seed_4_step_22.msgpack
--> Saved seed 0 checkpoint at step 44 to checkpoints/lmpred005_gamma0/forced_coord/baseline_seed_0_step_44.msgpack
--> Saved seed 1 checkpoint at step 44 to checkpoints/lmpred005_gamma0/forced_coord/baseline_seed_1_step_44.msgpack
--> Saved seed 2 checkpoint at step 44 to checkpoints/lmpred005_gamma0/forced_coord/baseline_seed_2_step_44.msgpack
--> Saved seed 3 checkpoint at step 44 to checkpoints/lmpred005_gamma0/forced_coord/baseline_seed_3_step_44.msgpack
--> Saved seed 4 checkpoint at step 44 to checkpoints/lmpred005_gamma0/forced_coord/baseline_seed_4_step_44.msgpack
--> Saved seed 0 checkpoint at step 66 to checkpoints/lmpred005_gamma0/forced_coord/baseline_seed_0_step_66.msgpack
--> Saved seed 1 checkpoint at step 66 to checkpoints/lmpred005_gamma0/forced_coord/baseline_seed_1_step_66.msgpack
--> Saved seed 2 checkpoint at step 66 to checkpoints/lmpred005_gamma0/forced_coord/baseline_seed_2_step_66.msgpack
--> Saved seed 3 checkpoint at step 66 to checkpoints/lmpred005_gamma0/forced_coord/baseline_seed_3_step_66.msgpack
--> Saved seed 4 checkpoint at step 66 to checkpoints/lmpred005_gamma0/forced_coord/baseline_seed_4_step_66.msgpack
--> Saved seed 0 checkpoint at step 88 to checkpoints/lmpred005_gamma0/forced_coord/baseline_seed_0_step_88.msgpack
--> Saved seed 1 checkpoint at step 88 to checkpoints/lmpred005_gamma0/forced_coord/baseline_seed_1_step_88.msgpack
--> Saved seed 2 checkpoint at step 88 to checkpoints/lmpred005_gamma0/forced_coord/baseline_seed_2_step_88.msgpack
--> Saved seed 3 checkpoint at step 88 to checkpoints/lmpred005_gamma0/forced_coord/baseline_seed_3_step_88.msgpack
--> Saved seed 4 checkpoint at step 88 to checkpoints/lmpred005_gamma0/forced_coord/baseline_seed_4_step_88.msgpack
--> Saved seed 0 checkpoint at step 110 to checkpoints/lmpred005_gamma0/forced_coord/baseline_seed_0_step_110.msgpack
--> Saved seed 1 checkpoint at step 110 to checkpoints/lmpred005_gamma0/forced_coord/baseline_seed_1_step_110.msgpack
--> Saved seed 2 checkpoint at step 110 to checkpoints/lmpred005_gamma0/forced_coord/baseline_seed_2_step_110.msgpack
--> Saved seed 3 checkpoint at step 110 to checkpoints/lmpred005_gamma0/forced_coord/baseline_seed_3_step_110.msgpack
--> Saved seed 4 checkpoint at step 110 to checkpoints/lmpred005_gamma0/forced_coord/baseline_seed_4_step_110.msgpack
--> Saved seed 0 checkpoint at step 132 to checkpoints/lmpred005_gamma0/forced_coord/baseline_seed_0_step_132.msgpack
--> Saved seed 1 checkpoint at step 132 to checkpoints/lmpred005_gamma0/forced_coord/baseline_seed_1_step_132.msgpack
--> Saved seed 2 checkpoint at step 132 to checkpoints/lmpred005_gamma0/forced_coord/baseline_seed_2_step_132.msgpack
--> Saved seed 3 checkpoint at step 132 to checkpoints/lmpred005_gamma0/forced_coord/baseline_seed_3_step_132.msgpack
--> Saved seed 4 checkpoint at step 132 to checkpoints/lmpred005_gamma0/forced_coord/baseline_seed_4_step_132.msgpack
--> Saved seed 0 checkpoint at step 154 to checkpoints/lmpred005_gamma0/forced_coord/baseline_seed_0_step_154.msgpack
--> Saved seed 1 checkpoint at step 154 to checkpoints/lmpred005_gamma0/forced_coord/baseline_seed_1_step_154.msgpack
--> Saved seed 2 checkpoint at step 154 to checkpoints/lmpred005_gamma0/forced_coord/baseline_seed_2_step_154.msgpack
--> Saved seed 3 checkpoint at step 154 to checkpoints/lmpred005_gamma0/forced_coord/baseline_seed_3_step_154.msgpack
--> Saved seed 4 checkpoint at step 154 to checkpoints/lmpred005_gamma0/forced_coord/baseline_seed_4_step_154.msgpack
--> Saved seed 0 checkpoint at step 176 to checkpoints/lmpred005_gamma0/forced_coord/baseline_seed_0_step_176.msgpack
--> Saved seed 1 checkpoint at step 176 to checkpoints/lmpred005_gamma0/forced_coord/baseline_seed_1_step_176.msgpack
--> Saved seed 2 checkpoint at step 176 to checkpoints/lmpred005_gamma0/forced_coord/baseline_seed_2_step_176.msgpack
--> Saved seed 3 checkpoint at step 176 to checkpoints/lmpred005_gamma0/forced_coord/baseline_seed_3_step_176.msgpack
--> Saved seed 4 checkpoint at step 176 to checkpoints/lmpred005_gamma0/forced_coord/baseline_seed_4_step_176.msgpack
--> Saved seed 0 checkpoint at step 198 to checkpoints/lmpred005_gamma0/forced_coord/baseline_seed_0_step_198.msgpack
--> Saved seed 1 checkpoint at step 198 to checkpoints/lmpred005_gamma0/forced_coord/baseline_seed_1_step_198.msgpack
--> Saved seed 2 checkpoint at step 198 to checkpoints/lmpred005_gamma0/forced_coord/baseline_seed_2_step_198.msgpack
--> Saved seed 3 checkpoint at step 198 to checkpoints/lmpred005_gamma0/forced_coord/baseline_seed_3_step_198.msgpack
--> Saved seed 4 checkpoint at step 198 to checkpoints/lmpred005_gamma0/forced_coord/baseline_seed_4_step_198.msgpack
--> Saved seed 0 checkpoint at step 220 to checkpoints/lmpred005_gamma0/forced_coord/baseline_seed_0_step_220.msgpack
--> Saved seed 1 checkpoint at step 220 to checkpoints/lmpred005_gamma0/forced_coord/baseline_seed_1_step_220.msgpack
--> Saved seed 2 checkpoint at step 220 to checkpoints/lmpred005_gamma0/forced_coord/baseline_seed_2_step_220.msgpack
--> Saved seed 3 checkpoint at step 220 to checkpoints/lmpred005_gamma0/forced_coord/baseline_seed_3_step_220.msgpack
--> Saved seed 4 checkpoint at step 220 to checkpoints/lmpred005_gamma0/forced_coord/baseline_seed_4_step_220.msgpack
[1;34mwandb[0m: 
[1;34mwandb[0m: 🚀 View run [33mlmpred005_gamma0_obsfront_cpt_forced_coord[0m at: [34mhttps://wandb.ai/maytusp/oc-extended/runs/cs15d15i[0m
[1;34mwandb[0m: Find logs at: [1;35m../../../../../../../../net/scratch/n70579mp/tom/JaxMARL/wandb/run-20260704_052856-cs15d15i/logs[0m
Importing submoduled environments...
Submoduled environments not found. Skipping import.
wandb: [wandb.login()] Loaded credentials for https://api.wandb.ai from /mnt/iusers01/fatpou01/compsci01/n70579mp/.netrc.
wandb: Currently logged in as: maytusp to https://api.wandb.ai. Use `wandb login --relogin` to force relogin
wandb: Tracking run with wandb version 0.27.2
wandb: Run data is saved locally in /net/scratch/n70579mp/tom/JaxMARL/wandb/run-20260704_065804-j21a0n7x
wandb: Run `wandb offline` to turn off syncing.
wandb: Syncing run lmpred02_gamma0_obsfront_cpt_forced_coord
wandb: ⭐️ View project at https://wandb.ai/maytusp/oc-extended
wandb: 🚀 View run at https://wandb.ai/maytusp/oc-extended/runs/j21a0n7x
Update steps:  228.0
Warmup epochs:  11
Cosine epochs:  217.0
--> Saved seed 0 checkpoint at step 1 to checkpoints/lmpred02_gamma0/forced_coord/baseline_seed_0_step_1.msgpack
--> Saved seed 1 checkpoint at step 1 to checkpoints/lmpred02_gamma0/forced_coord/baseline_seed_1_step_1.msgpack
--> Saved seed 2 checkpoint at step 1 to checkpoints/lmpred02_gamma0/forced_coord/baseline_seed_2_step_1.msgpack
--> Saved seed 3 checkpoint at step 1 to checkpoints/lmpred02_gamma0/forced_coord/baseline_seed_3_step_1.msgpack
--> Saved seed 4 checkpoint at step 1 to checkpoints/lmpred02_gamma0/forced_coord/baseline_seed_4_step_1.msgpack
--> Saved seed 0 checkpoint at step 22 to checkpoints/lmpred02_gamma0/forced_coord/baseline_seed_0_step_22.msgpack
--> Saved seed 1 checkpoint at step 22 to checkpoints/lmpred02_gamma0/forced_coord/baseline_seed_1_step_22.msgpack
--> Saved seed 2 checkpoint at step 22 to checkpoints/lmpred02_gamma0/forced_coord/baseline_seed_2_step_22.msgpack
--> Saved seed 3 checkpoint at step 22 to checkpoints/lmpred02_gamma0/forced_coord/baseline_seed_3_step_22.msgpack
--> Saved seed 4 checkpoint at step 22 to checkpoints/lmpred02_gamma0/forced_coord/baseline_seed_4_step_22.msgpack
--> Saved seed 0 checkpoint at step 44 to checkpoints/lmpred02_gamma0/forced_coord/baseline_seed_0_step_44.msgpack
--> Saved seed 1 checkpoint at step 44 to checkpoints/lmpred02_gamma0/forced_coord/baseline_seed_1_step_44.msgpack
--> Saved seed 2 checkpoint at step 44 to checkpoints/lmpred02_gamma0/forced_coord/baseline_seed_2_step_44.msgpack
--> Saved seed 3 checkpoint at step 44 to checkpoints/lmpred02_gamma0/forced_coord/baseline_seed_3_step_44.msgpack
--> Saved seed 4 checkpoint at step 44 to checkpoints/lmpred02_gamma0/forced_coord/baseline_seed_4_step_44.msgpack
--> Saved seed 0 checkpoint at step 66 to checkpoints/lmpred02_gamma0/forced_coord/baseline_seed_0_step_66.msgpack
--> Saved seed 1 checkpoint at step 66 to checkpoints/lmpred02_gamma0/forced_coord/baseline_seed_1_step_66.msgpack
--> Saved seed 2 checkpoint at step 66 to checkpoints/lmpred02_gamma0/forced_coord/baseline_seed_2_step_66.msgpack
--> Saved seed 3 checkpoint at step 66 to checkpoints/lmpred02_gamma0/forced_coord/baseline_seed_3_step_66.msgpack
--> Saved seed 4 checkpoint at step 66 to checkpoints/lmpred02_gamma0/forced_coord/baseline_seed_4_step_66.msgpack
--> Saved seed 0 checkpoint at step 88 to checkpoints/lmpred02_gamma0/forced_coord/baseline_seed_0_step_88.msgpack
--> Saved seed 1 checkpoint at step 88 to checkpoints/lmpred02_gamma0/forced_coord/baseline_seed_1_step_88.msgpack
--> Saved seed 2 checkpoint at step 88 to checkpoints/lmpred02_gamma0/forced_coord/baseline_seed_2_step_88.msgpack
--> Saved seed 3 checkpoint at step 88 to checkpoints/lmpred02_gamma0/forced_coord/baseline_seed_3_step_88.msgpack
--> Saved seed 4 checkpoint at step 88 to checkpoints/lmpred02_gamma0/forced_coord/baseline_seed_4_step_88.msgpack
--> Saved seed 0 checkpoint at step 110 to checkpoints/lmpred02_gamma0/forced_coord/baseline_seed_0_step_110.msgpack
--> Saved seed 1 checkpoint at step 110 to checkpoints/lmpred02_gamma0/forced_coord/baseline_seed_1_step_110.msgpack
--> Saved seed 2 checkpoint at step 110 to checkpoints/lmpred02_gamma0/forced_coord/baseline_seed_2_step_110.msgpack
--> Saved seed 3 checkpoint at step 110 to checkpoints/lmpred02_gamma0/forced_coord/baseline_seed_3_step_110.msgpack
--> Saved seed 4 checkpoint at step 110 to checkpoints/lmpred02_gamma0/forced_coord/baseline_seed_4_step_110.msgpack
--> Saved seed 0 checkpoint at step 132 to checkpoints/lmpred02_gamma0/forced_coord/baseline_seed_0_step_132.msgpack
--> Saved seed 1 checkpoint at step 132 to checkpoints/lmpred02_gamma0/forced_coord/baseline_seed_1_step_132.msgpack
--> Saved seed 2 checkpoint at step 132 to checkpoints/lmpred02_gamma0/forced_coord/baseline_seed_2_step_132.msgpack
--> Saved seed 3 checkpoint at step 132 to checkpoints/lmpred02_gamma0/forced_coord/baseline_seed_3_step_132.msgpack
--> Saved seed 4 checkpoint at step 132 to checkpoints/lmpred02_gamma0/forced_coord/baseline_seed_4_step_132.msgpack
--> Saved seed 0 checkpoint at step 154 to checkpoints/lmpred02_gamma0/forced_coord/baseline_seed_0_step_154.msgpack
--> Saved seed 1 checkpoint at step 154 to checkpoints/lmpred02_gamma0/forced_coord/baseline_seed_1_step_154.msgpack
--> Saved seed 2 checkpoint at step 154 to checkpoints/lmpred02_gamma0/forced_coord/baseline_seed_2_step_154.msgpack
--> Saved seed 3 checkpoint at step 154 to checkpoints/lmpred02_gamma0/forced_coord/baseline_seed_3_step_154.msgpack
--> Saved seed 4 checkpoint at step 154 to checkpoints/lmpred02_gamma0/forced_coord/baseline_seed_4_step_154.msgpack
--> Saved seed 0 checkpoint at step 176 to checkpoints/lmpred02_gamma0/forced_coord/baseline_seed_0_step_176.msgpack
--> Saved seed 1 checkpoint at step 176 to checkpoints/lmpred02_gamma0/forced_coord/baseline_seed_1_step_176.msgpack
--> Saved seed 2 checkpoint at step 176 to checkpoints/lmpred02_gamma0/forced_coord/baseline_seed_2_step_176.msgpack
--> Saved seed 3 checkpoint at step 176 to checkpoints/lmpred02_gamma0/forced_coord/baseline_seed_3_step_176.msgpack
--> Saved seed 4 checkpoint at step 176 to checkpoints/lmpred02_gamma0/forced_coord/baseline_seed_4_step_176.msgpack
--> Saved seed 0 checkpoint at step 198 to checkpoints/lmpred02_gamma0/forced_coord/baseline_seed_0_step_198.msgpack
--> Saved seed 1 checkpoint at step 198 to checkpoints/lmpred02_gamma0/forced_coord/baseline_seed_1_step_198.msgpack
--> Saved seed 2 checkpoint at step 198 to checkpoints/lmpred02_gamma0/forced_coord/baseline_seed_2_step_198.msgpack
--> Saved seed 3 checkpoint at step 198 to checkpoints/lmpred02_gamma0/forced_coord/baseline_seed_3_step_198.msgpack
--> Saved seed 4 checkpoint at step 198 to checkpoints/lmpred02_gamma0/forced_coord/baseline_seed_4_step_198.msgpack
--> Saved seed 0 checkpoint at step 220 to checkpoints/lmpred02_gamma0/forced_coord/baseline_seed_0_step_220.msgpack
--> Saved seed 1 checkpoint at step 220 to checkpoints/lmpred02_gamma0/forced_coord/baseline_seed_1_step_220.msgpack
--> Saved seed 2 checkpoint at step 220 to checkpoints/lmpred02_gamma0/forced_coord/baseline_seed_2_step_220.msgpack
--> Saved seed 3 checkpoint at step 220 to checkpoints/lmpred02_gamma0/forced_coord/baseline_seed_3_step_220.msgpack
--> Saved seed 4 checkpoint at step 220 to checkpoints/lmpred02_gamma0/forced_coord/baseline_seed_4_step_220.msgpack
[1;34mwandb[0m: 
[1;34mwandb[0m: 🚀 View run [33mlmpred02_gamma0_obsfront_cpt_forced_coord[0m at: [34mhttps://wandb.ai/maytusp/oc-extended/runs/j21a0n7x[0m
[1;34mwandb[0m: Find logs at: [1;35m../../../../../../../../net/scratch/n70579mp/tom/JaxMARL/wandb/run-20260704_065804-j21a0n7x/logs[0m
Importing submoduled environments...
Submoduled environments not found. Skipping import.
wandb: [wandb.login()] Loaded credentials for https://api.wandb.ai from /mnt/iusers01/fatpou01/compsci01/n70579mp/.netrc.
wandb: Currently logged in as: maytusp to https://api.wandb.ai. Use `wandb login --relogin` to force relogin
wandb: setting up run l2szw8dh
wandb: Tracking run with wandb version 0.27.2
wandb: Run data is saved locally in /net/scratch/n70579mp/tom/JaxMARL/wandb/run-20260704_082915-l2szw8dh
wandb: Run `wandb offline` to turn off syncing.
wandb: Syncing run lmpred04_gamma0_obsfront_cpt_forced_coord
wandb: ⭐️ View project at https://wandb.ai/maytusp/oc-extended
wandb: 🚀 View run at https://wandb.ai/maytusp/oc-extended/runs/l2szw8dh
Update steps:  228.0
Warmup epochs:  11
Cosine epochs:  217.0
--> Saved seed 0 checkpoint at step 1 to checkpoints/lmpred04_gamma0/forced_coord/baseline_seed_0_step_1.msgpack
--> Saved seed 1 checkpoint at step 1 to checkpoints/lmpred04_gamma0/forced_coord/baseline_seed_1_step_1.msgpack
--> Saved seed 2 checkpoint at step 1 to checkpoints/lmpred04_gamma0/forced_coord/baseline_seed_2_step_1.msgpack
--> Saved seed 3 checkpoint at step 1 to checkpoints/lmpred04_gamma0/forced_coord/baseline_seed_3_step_1.msgpack
--> Saved seed 4 checkpoint at step 1 to checkpoints/lmpred04_gamma0/forced_coord/baseline_seed_4_step_1.msgpack
--> Saved seed 0 checkpoint at step 22 to checkpoints/lmpred04_gamma0/forced_coord/baseline_seed_0_step_22.msgpack
--> Saved seed 1 checkpoint at step 22 to checkpoints/lmpred04_gamma0/forced_coord/baseline_seed_1_step_22.msgpack
--> Saved seed 2 checkpoint at step 22 to checkpoints/lmpred04_gamma0/forced_coord/baseline_seed_2_step_22.msgpack
--> Saved seed 3 checkpoint at step 22 to checkpoints/lmpred04_gamma0/forced_coord/baseline_seed_3_step_22.msgpack
--> Saved seed 4 checkpoint at step 22 to checkpoints/lmpred04_gamma0/forced_coord/baseline_seed_4_step_22.msgpack
--> Saved seed 0 checkpoint at step 44 to checkpoints/lmpred04_gamma0/forced_coord/baseline_seed_0_step_44.msgpack
--> Saved seed 1 checkpoint at step 44 to checkpoints/lmpred04_gamma0/forced_coord/baseline_seed_1_step_44.msgpack
--> Saved seed 2 checkpoint at step 44 to checkpoints/lmpred04_gamma0/forced_coord/baseline_seed_2_step_44.msgpack
--> Saved seed 3 checkpoint at step 44 to checkpoints/lmpred04_gamma0/forced_coord/baseline_seed_3_step_44.msgpack
--> Saved seed 4 checkpoint at step 44 to checkpoints/lmpred04_gamma0/forced_coord/baseline_seed_4_step_44.msgpack
--> Saved seed 0 checkpoint at step 66 to checkpoints/lmpred04_gamma0/forced_coord/baseline_seed_0_step_66.msgpack
--> Saved seed 1 checkpoint at step 66 to checkpoints/lmpred04_gamma0/forced_coord/baseline_seed_1_step_66.msgpack
--> Saved seed 2 checkpoint at step 66 to checkpoints/lmpred04_gamma0/forced_coord/baseline_seed_2_step_66.msgpack
--> Saved seed 3 checkpoint at step 66 to checkpoints/lmpred04_gamma0/forced_coord/baseline_seed_3_step_66.msgpack
--> Saved seed 4 checkpoint at step 66 to checkpoints/lmpred04_gamma0/forced_coord/baseline_seed_4_step_66.msgpack
--> Saved seed 0 checkpoint at step 88 to checkpoints/lmpred04_gamma0/forced_coord/baseline_seed_0_step_88.msgpack
--> Saved seed 1 checkpoint at step 88 to checkpoints/lmpred04_gamma0/forced_coord/baseline_seed_1_step_88.msgpack
--> Saved seed 2 checkpoint at step 88 to checkpoints/lmpred04_gamma0/forced_coord/baseline_seed_2_step_88.msgpack
--> Saved seed 3 checkpoint at step 88 to checkpoints/lmpred04_gamma0/forced_coord/baseline_seed_3_step_88.msgpack
--> Saved seed 4 checkpoint at step 88 to checkpoints/lmpred04_gamma0/forced_coord/baseline_seed_4_step_88.msgpack
--> Saved seed 0 checkpoint at step 110 to checkpoints/lmpred04_gamma0/forced_coord/baseline_seed_0_step_110.msgpack
--> Saved seed 1 checkpoint at step 110 to checkpoints/lmpred04_gamma0/forced_coord/baseline_seed_1_step_110.msgpack
--> Saved seed 2 checkpoint at step 110 to checkpoints/lmpred04_gamma0/forced_coord/baseline_seed_2_step_110.msgpack
--> Saved seed 3 checkpoint at step 110 to checkpoints/lmpred04_gamma0/forced_coord/baseline_seed_3_step_110.msgpack
--> Saved seed 4 checkpoint at step 110 to checkpoints/lmpred04_gamma0/forced_coord/baseline_seed_4_step_110.msgpack
--> Saved seed 0 checkpoint at step 132 to checkpoints/lmpred04_gamma0/forced_coord/baseline_seed_0_step_132.msgpack
--> Saved seed 1 checkpoint at step 132 to checkpoints/lmpred04_gamma0/forced_coord/baseline_seed_1_step_132.msgpack
--> Saved seed 2 checkpoint at step 132 to checkpoints/lmpred04_gamma0/forced_coord/baseline_seed_2_step_132.msgpack
--> Saved seed 3 checkpoint at step 132 to checkpoints/lmpred04_gamma0/forced_coord/baseline_seed_3_step_132.msgpack
--> Saved seed 4 checkpoint at step 132 to checkpoints/lmpred04_gamma0/forced_coord/baseline_seed_4_step_132.msgpack
--> Saved seed 0 checkpoint at step 154 to checkpoints/lmpred04_gamma0/forced_coord/baseline_seed_0_step_154.msgpack
--> Saved seed 1 checkpoint at step 154 to checkpoints/lmpred04_gamma0/forced_coord/baseline_seed_1_step_154.msgpack
--> Saved seed 2 checkpoint at step 154 to checkpoints/lmpred04_gamma0/forced_coord/baseline_seed_2_step_154.msgpack
--> Saved seed 3 checkpoint at step 154 to checkpoints/lmpred04_gamma0/forced_coord/baseline_seed_3_step_154.msgpack
--> Saved seed 4 checkpoint at step 154 to checkpoints/lmpred04_gamma0/forced_coord/baseline_seed_4_step_154.msgpack
--> Saved seed 0 checkpoint at step 176 to checkpoints/lmpred04_gamma0/forced_coord/baseline_seed_0_step_176.msgpack
--> Saved seed 1 checkpoint at step 176 to checkpoints/lmpred04_gamma0/forced_coord/baseline_seed_1_step_176.msgpack
--> Saved seed 2 checkpoint at step 176 to checkpoints/lmpred04_gamma0/forced_coord/baseline_seed_2_step_176.msgpack
--> Saved seed 3 checkpoint at step 176 to checkpoints/lmpred04_gamma0/forced_coord/baseline_seed_3_step_176.msgpack
--> Saved seed 4 checkpoint at step 176 to checkpoints/lmpred04_gamma0/forced_coord/baseline_seed_4_step_176.msgpack
--> Saved seed 0 checkpoint at step 198 to checkpoints/lmpred04_gamma0/forced_coord/baseline_seed_0_step_198.msgpack
--> Saved seed 1 checkpoint at step 198 to checkpoints/lmpred04_gamma0/forced_coord/baseline_seed_1_step_198.msgpack
--> Saved seed 2 checkpoint at step 198 to checkpoints/lmpred04_gamma0/forced_coord/baseline_seed_2_step_198.msgpack
--> Saved seed 3 checkpoint at step 198 to checkpoints/lmpred04_gamma0/forced_coord/baseline_seed_3_step_198.msgpack
--> Saved seed 4 checkpoint at step 198 to checkpoints/lmpred04_gamma0/forced_coord/baseline_seed_4_step_198.msgpack
--> Saved seed 0 checkpoint at step 220 to checkpoints/lmpred04_gamma0/forced_coord/baseline_seed_0_step_220.msgpack
--> Saved seed 1 checkpoint at step 220 to checkpoints/lmpred04_gamma0/forced_coord/baseline_seed_1_step_220.msgpack
--> Saved seed 2 checkpoint at step 220 to checkpoints/lmpred04_gamma0/forced_coord/baseline_seed_2_step_220.msgpack
--> Saved seed 3 checkpoint at step 220 to checkpoints/lmpred04_gamma0/forced_coord/baseline_seed_3_step_220.msgpack
--> Saved seed 4 checkpoint at step 220 to checkpoints/lmpred04_gamma0/forced_coord/baseline_seed_4_step_220.msgpack
[1;34mwandb[0m: 
[1;34mwandb[0m: 🚀 View run [33mlmpred04_gamma0_obsfront_cpt_forced_coord[0m at: [34mhttps://wandb.ai/maytusp/oc-extended/runs/l2szw8dh[0m
[1;34mwandb[0m: Find logs at: [1;35m../../../../../../../../net/scratch/n70579mp/tom/JaxMARL/wandb/run-20260704_082915-l2szw8dh/logs[0m
Importing submoduled environments...
Submoduled environments not found. Skipping import.
wandb: [wandb.login()] Loaded credentials for https://api.wandb.ai from /mnt/iusers01/fatpou01/compsci01/n70579mp/.netrc.
wandb: Currently logged in as: maytusp to https://api.wandb.ai. Use `wandb login --relogin` to force relogin
wandb: Tracking run with wandb version 0.27.2
wandb: Run data is saved locally in /net/scratch/n70579mp/tom/JaxMARL/wandb/run-20260704_095817-ju90gz8a
wandb: Run `wandb offline` to turn off syncing.
wandb: Syncing run lmpred005_gamma0_obsfront_sameinp_counter_circuit
wandb: ⭐️ View project at https://wandb.ai/maytusp/oc-extended
wandb: 🚀 View run at https://wandb.ai/maytusp/oc-extended/runs/ju90gz8a
Update steps:  381.0
Warmup epochs:  19
Cosine epochs:  362.0
--> Saved seed 0 checkpoint at step 1 to checkpoints/lmpred005_gamma0_ablate/counter_circuit/baseline_seed_0_step_1.msgpack
--> Saved seed 1 checkpoint at step 1 to checkpoints/lmpred005_gamma0_ablate/counter_circuit/baseline_seed_1_step_1.msgpack
--> Saved seed 2 checkpoint at step 1 to checkpoints/lmpred005_gamma0_ablate/counter_circuit/baseline_seed_2_step_1.msgpack
--> Saved seed 3 checkpoint at step 1 to checkpoints/lmpred005_gamma0_ablate/counter_circuit/baseline_seed_3_step_1.msgpack
--> Saved seed 4 checkpoint at step 1 to checkpoints/lmpred005_gamma0_ablate/counter_circuit/baseline_seed_4_step_1.msgpack
--> Saved seed 0 checkpoint at step 38 to checkpoints/lmpred005_gamma0_ablate/counter_circuit/baseline_seed_0_step_38.msgpack
--> Saved seed 1 checkpoint at step 38 to checkpoints/lmpred005_gamma0_ablate/counter_circuit/baseline_seed_1_step_38.msgpack
--> Saved seed 2 checkpoint at step 38 to checkpoints/lmpred005_gamma0_ablate/counter_circuit/baseline_seed_2_step_38.msgpack
--> Saved seed 3 checkpoint at step 38 to checkpoints/lmpred005_gamma0_ablate/counter_circuit/baseline_seed_3_step_38.msgpack
--> Saved seed 4 checkpoint at step 38 to checkpoints/lmpred005_gamma0_ablate/counter_circuit/baseline_seed_4_step_38.msgpack
--> Saved seed 0 checkpoint at step 76 to checkpoints/lmpred005_gamma0_ablate/counter_circuit/baseline_seed_0_step_76.msgpack
--> Saved seed 1 checkpoint at step 76 to checkpoints/lmpred005_gamma0_ablate/counter_circuit/baseline_seed_1_step_76.msgpack
--> Saved seed 2 checkpoint at step 76 to checkpoints/lmpred005_gamma0_ablate/counter_circuit/baseline_seed_2_step_76.msgpack
--> Saved seed 3 checkpoint at step 76 to checkpoints/lmpred005_gamma0_ablate/counter_circuit/baseline_seed_3_step_76.msgpack
--> Saved seed 4 checkpoint at step 76 to checkpoints/lmpred005_gamma0_ablate/counter_circuit/baseline_seed_4_step_76.msgpack
--> Saved seed 0 checkpoint at step 114 to checkpoints/lmpred005_gamma0_ablate/counter_circuit/baseline_seed_0_step_114.msgpack
--> Saved seed 1 checkpoint at step 114 to checkpoints/lmpred005_gamma0_ablate/counter_circuit/baseline_seed_1_step_114.msgpack
--> Saved seed 2 checkpoint at step 114 to checkpoints/lmpred005_gamma0_ablate/counter_circuit/baseline_seed_2_step_114.msgpack
--> Saved seed 3 checkpoint at step 114 to checkpoints/lmpred005_gamma0_ablate/counter_circuit/baseline_seed_3_step_114.msgpack
--> Saved seed 4 checkpoint at step 114 to checkpoints/lmpred005_gamma0_ablate/counter_circuit/baseline_seed_4_step_114.msgpack
--> Saved seed 0 checkpoint at step 152 to checkpoints/lmpred005_gamma0_ablate/counter_circuit/baseline_seed_0_step_152.msgpack
--> Saved seed 1 checkpoint at step 152 to checkpoints/lmpred005_gamma0_ablate/counter_circuit/baseline_seed_1_step_152.msgpack
--> Saved seed 2 checkpoint at step 152 to checkpoints/lmpred005_gamma0_ablate/counter_circuit/baseline_seed_2_step_152.msgpack
--> Saved seed 3 checkpoint at step 152 to checkpoints/lmpred005_gamma0_ablate/counter_circuit/baseline_seed_3_step_152.msgpack
--> Saved seed 4 checkpoint at step 152 to checkpoints/lmpred005_gamma0_ablate/counter_circuit/baseline_seed_4_step_152.msgpack
--> Saved seed 0 checkpoint at step 190 to checkpoints/lmpred005_gamma0_ablate/counter_circuit/baseline_seed_0_step_190.msgpack
--> Saved seed 1 checkpoint at step 190 to checkpoints/lmpred005_gamma0_ablate/counter_circuit/baseline_seed_1_step_190.msgpack
--> Saved seed 2 checkpoint at step 190 to checkpoints/lmpred005_gamma0_ablate/counter_circuit/baseline_seed_2_step_190.msgpack
--> Saved seed 3 checkpoint at step 190 to checkpoints/lmpred005_gamma0_ablate/counter_circuit/baseline_seed_3_step_190.msgpack
--> Saved seed 4 checkpoint at step 190 to checkpoints/lmpred005_gamma0_ablate/counter_circuit/baseline_seed_4_step_190.msgpack
--> Saved seed 0 checkpoint at step 228 to checkpoints/lmpred005_gamma0_ablate/counter_circuit/baseline_seed_0_step_228.msgpack
--> Saved seed 1 checkpoint at step 228 to checkpoints/lmpred005_gamma0_ablate/counter_circuit/baseline_seed_1_step_228.msgpack
--> Saved seed 2 checkpoint at step 228 to checkpoints/lmpred005_gamma0_ablate/counter_circuit/baseline_seed_2_step_228.msgpack
--> Saved seed 3 checkpoint at step 228 to checkpoints/lmpred005_gamma0_ablate/counter_circuit/baseline_seed_3_step_228.msgpack
--> Saved seed 4 checkpoint at step 228 to checkpoints/lmpred005_gamma0_ablate/counter_circuit/baseline_seed_4_step_228.msgpack
--> Saved seed 0 checkpoint at step 266 to checkpoints/lmpred005_gamma0_ablate/counter_circuit/baseline_seed_0_step_266.msgpack
--> Saved seed 1 checkpoint at step 266 to checkpoints/lmpred005_gamma0_ablate/counter_circuit/baseline_seed_1_step_266.msgpack
--> Saved seed 2 checkpoint at step 266 to checkpoints/lmpred005_gamma0_ablate/counter_circuit/baseline_seed_2_step_266.msgpack
--> Saved seed 3 checkpoint at step 266 to checkpoints/lmpred005_gamma0_ablate/counter_circuit/baseline_seed_3_step_266.msgpack
--> Saved seed 4 checkpoint at step 266 to checkpoints/lmpred005_gamma0_ablate/counter_circuit/baseline_seed_4_step_266.msgpack
--> Saved seed 0 checkpoint at step 304 to checkpoints/lmpred005_gamma0_ablate/counter_circuit/baseline_seed_0_step_304.msgpack
--> Saved seed 1 checkpoint at step 304 to checkpoints/lmpred005_gamma0_ablate/counter_circuit/baseline_seed_1_step_304.msgpack
--> Saved seed 2 checkpoint at step 304 to checkpoints/lmpred005_gamma0_ablate/counter_circuit/baseline_seed_2_step_304.msgpack
--> Saved seed 3 checkpoint at step 304 to checkpoints/lmpred005_gamma0_ablate/counter_circuit/baseline_seed_3_step_304.msgpack
--> Saved seed 4 checkpoint at step 304 to checkpoints/lmpred005_gamma0_ablate/counter_circuit/baseline_seed_4_step_304.msgpack
--> Saved seed 0 checkpoint at step 342 to checkpoints/lmpred005_gamma0_ablate/counter_circuit/baseline_seed_0_step_342.msgpack
--> Saved seed 1 checkpoint at step 342 to checkpoints/lmpred005_gamma0_ablate/counter_circuit/baseline_seed_1_step_342.msgpack
--> Saved seed 2 checkpoint at step 342 to checkpoints/lmpred005_gamma0_ablate/counter_circuit/baseline_seed_2_step_342.msgpack
--> Saved seed 3 checkpoint at step 342 to checkpoints/lmpred005_gamma0_ablate/counter_circuit/baseline_seed_3_step_342.msgpack
--> Saved seed 4 checkpoint at step 342 to checkpoints/lmpred005_gamma0_ablate/counter_circuit/baseline_seed_4_step_342.msgpack
--> Saved seed 0 checkpoint at step 380 to checkpoints/lmpred005_gamma0_ablate/counter_circuit/baseline_seed_0_step_380.msgpack
--> Saved seed 1 checkpoint at step 380 to checkpoints/lmpred005_gamma0_ablate/counter_circuit/baseline_seed_1_step_380.msgpack
--> Saved seed 2 checkpoint at step 380 to checkpoints/lmpred005_gamma0_ablate/counter_circuit/baseline_seed_2_step_380.msgpack
--> Saved seed 3 checkpoint at step 380 to checkpoints/lmpred005_gamma0_ablate/counter_circuit/baseline_seed_3_step_380.msgpack
--> Saved seed 4 checkpoint at step 380 to checkpoints/lmpred005_gamma0_ablate/counter_circuit/baseline_seed_4_step_380.msgpack
[1;34mwandb[0m: 
[1;34mwandb[0m: 🚀 View run [33mlmpred005_gamma0_obsfront_sameinp_counter_circuit[0m at: [34mhttps://wandb.ai/maytusp/oc-extended/runs/ju90gz8a[0m
[1;34mwandb[0m: Find logs at: [1;35m../../../../../../../../net/scratch/n70579mp/tom/JaxMARL/wandb/run-20260704_095817-ju90gz8a/logs[0m
Importing submoduled environments...
Submoduled environments not found. Skipping import.
wandb: [wandb.login()] Loaded credentials for https://api.wandb.ai from /mnt/iusers01/fatpou01/compsci01/n70579mp/.netrc.
wandb: Currently logged in as: maytusp to https://api.wandb.ai. Use `wandb login --relogin` to force relogin
wandb: Tracking run with wandb version 0.27.2
wandb: Run data is saved locally in /net/scratch/n70579mp/tom/JaxMARL/wandb/run-20260704_121923-60tki27a
wandb: Run `wandb offline` to turn off syncing.
wandb: Syncing run lmpred02_gamma0_obsfront_sameinp_counter_circuit
wandb: ⭐️ View project at https://wandb.ai/maytusp/oc-extended
wandb: 🚀 View run at https://wandb.ai/maytusp/oc-extended/runs/60tki27a
Update steps:  381.0
Warmup epochs:  19
Cosine epochs:  362.0
--> Saved seed 0 checkpoint at step 1 to checkpoints/lmpred02_gamma0_ablate/counter_circuit/baseline_seed_0_step_1.msgpack
--> Saved seed 1 checkpoint at step 1 to checkpoints/lmpred02_gamma0_ablate/counter_circuit/baseline_seed_1_step_1.msgpack
--> Saved seed 2 checkpoint at step 1 to checkpoints/lmpred02_gamma0_ablate/counter_circuit/baseline_seed_2_step_1.msgpack
--> Saved seed 3 checkpoint at step 1 to checkpoints/lmpred02_gamma0_ablate/counter_circuit/baseline_seed_3_step_1.msgpack
--> Saved seed 4 checkpoint at step 1 to checkpoints/lmpred02_gamma0_ablate/counter_circuit/baseline_seed_4_step_1.msgpack
--> Saved seed 0 checkpoint at step 38 to checkpoints/lmpred02_gamma0_ablate/counter_circuit/baseline_seed_0_step_38.msgpack
--> Saved seed 1 checkpoint at step 38 to checkpoints/lmpred02_gamma0_ablate/counter_circuit/baseline_seed_1_step_38.msgpack
--> Saved seed 2 checkpoint at step 38 to checkpoints/lmpred02_gamma0_ablate/counter_circuit/baseline_seed_2_step_38.msgpack
--> Saved seed 3 checkpoint at step 38 to checkpoints/lmpred02_gamma0_ablate/counter_circuit/baseline_seed_3_step_38.msgpack
--> Saved seed 4 checkpoint at step 38 to checkpoints/lmpred02_gamma0_ablate/counter_circuit/baseline_seed_4_step_38.msgpack
--> Saved seed 0 checkpoint at step 76 to checkpoints/lmpred02_gamma0_ablate/counter_circuit/baseline_seed_0_step_76.msgpack
--> Saved seed 1 checkpoint at step 76 to checkpoints/lmpred02_gamma0_ablate/counter_circuit/baseline_seed_1_step_76.msgpack
--> Saved seed 2 checkpoint at step 76 to checkpoints/lmpred02_gamma0_ablate/counter_circuit/baseline_seed_2_step_76.msgpack
--> Saved seed 3 checkpoint at step 76 to checkpoints/lmpred02_gamma0_ablate/counter_circuit/baseline_seed_3_step_76.msgpack
--> Saved seed 4 checkpoint at step 76 to checkpoints/lmpred02_gamma0_ablate/counter_circuit/baseline_seed_4_step_76.msgpack
--> Saved seed 0 checkpoint at step 114 to checkpoints/lmpred02_gamma0_ablate/counter_circuit/baseline_seed_0_step_114.msgpack
--> Saved seed 1 checkpoint at step 114 to checkpoints/lmpred02_gamma0_ablate/counter_circuit/baseline_seed_1_step_114.msgpack
--> Saved seed 2 checkpoint at step 114 to checkpoints/lmpred02_gamma0_ablate/counter_circuit/baseline_seed_2_step_114.msgpack
--> Saved seed 3 checkpoint at step 114 to checkpoints/lmpred02_gamma0_ablate/counter_circuit/baseline_seed_3_step_114.msgpack
--> Saved seed 4 checkpoint at step 114 to checkpoints/lmpred02_gamma0_ablate/counter_circuit/baseline_seed_4_step_114.msgpack
--> Saved seed 0 checkpoint at step 152 to checkpoints/lmpred02_gamma0_ablate/counter_circuit/baseline_seed_0_step_152.msgpack
--> Saved seed 1 checkpoint at step 152 to checkpoints/lmpred02_gamma0_ablate/counter_circuit/baseline_seed_1_step_152.msgpack
--> Saved seed 2 checkpoint at step 152 to checkpoints/lmpred02_gamma0_ablate/counter_circuit/baseline_seed_2_step_152.msgpack
--> Saved seed 3 checkpoint at step 152 to checkpoints/lmpred02_gamma0_ablate/counter_circuit/baseline_seed_3_step_152.msgpack
--> Saved seed 4 checkpoint at step 152 to checkpoints/lmpred02_gamma0_ablate/counter_circuit/baseline_seed_4_step_152.msgpack
--> Saved seed 0 checkpoint at step 190 to checkpoints/lmpred02_gamma0_ablate/counter_circuit/baseline_seed_0_step_190.msgpack
--> Saved seed 1 checkpoint at step 190 to checkpoints/lmpred02_gamma0_ablate/counter_circuit/baseline_seed_1_step_190.msgpack
--> Saved seed 2 checkpoint at step 190 to checkpoints/lmpred02_gamma0_ablate/counter_circuit/baseline_seed_2_step_190.msgpack
--> Saved seed 3 checkpoint at step 190 to checkpoints/lmpred02_gamma0_ablate/counter_circuit/baseline_seed_3_step_190.msgpack
--> Saved seed 4 checkpoint at step 190 to checkpoints/lmpred02_gamma0_ablate/counter_circuit/baseline_seed_4_step_190.msgpack
--> Saved seed 0 checkpoint at step 228 to checkpoints/lmpred02_gamma0_ablate/counter_circuit/baseline_seed_0_step_228.msgpack
--> Saved seed 1 checkpoint at step 228 to checkpoints/lmpred02_gamma0_ablate/counter_circuit/baseline_seed_1_step_228.msgpack
--> Saved seed 2 checkpoint at step 228 to checkpoints/lmpred02_gamma0_ablate/counter_circuit/baseline_seed_2_step_228.msgpack
--> Saved seed 3 checkpoint at step 228 to checkpoints/lmpred02_gamma0_ablate/counter_circuit/baseline_seed_3_step_228.msgpack
--> Saved seed 4 checkpoint at step 228 to checkpoints/lmpred02_gamma0_ablate/counter_circuit/baseline_seed_4_step_228.msgpack
--> Saved seed 0 checkpoint at step 266 to checkpoints/lmpred02_gamma0_ablate/counter_circuit/baseline_seed_0_step_266.msgpack
--> Saved seed 1 checkpoint at step 266 to checkpoints/lmpred02_gamma0_ablate/counter_circuit/baseline_seed_1_step_266.msgpack
--> Saved seed 2 checkpoint at step 266 to checkpoints/lmpred02_gamma0_ablate/counter_circuit/baseline_seed_2_step_266.msgpack
--> Saved seed 3 checkpoint at step 266 to checkpoints/lmpred02_gamma0_ablate/counter_circuit/baseline_seed_3_step_266.msgpack
--> Saved seed 4 checkpoint at step 266 to checkpoints/lmpred02_gamma0_ablate/counter_circuit/baseline_seed_4_step_266.msgpack
--> Saved seed 0 checkpoint at step 304 to checkpoints/lmpred02_gamma0_ablate/counter_circuit/baseline_seed_0_step_304.msgpack
--> Saved seed 1 checkpoint at step 304 to checkpoints/lmpred02_gamma0_ablate/counter_circuit/baseline_seed_1_step_304.msgpack
--> Saved seed 2 checkpoint at step 304 to checkpoints/lmpred02_gamma0_ablate/counter_circuit/baseline_seed_2_step_304.msgpack
--> Saved seed 3 checkpoint at step 304 to checkpoints/lmpred02_gamma0_ablate/counter_circuit/baseline_seed_3_step_304.msgpack
--> Saved seed 4 checkpoint at step 304 to checkpoints/lmpred02_gamma0_ablate/counter_circuit/baseline_seed_4_step_304.msgpack
--> Saved seed 0 checkpoint at step 342 to checkpoints/lmpred02_gamma0_ablate/counter_circuit/baseline_seed_0_step_342.msgpack
--> Saved seed 1 checkpoint at step 342 to checkpoints/lmpred02_gamma0_ablate/counter_circuit/baseline_seed_1_step_342.msgpack
--> Saved seed 2 checkpoint at step 342 to checkpoints/lmpred02_gamma0_ablate/counter_circuit/baseline_seed_2_step_342.msgpack
--> Saved seed 3 checkpoint at step 342 to checkpoints/lmpred02_gamma0_ablate/counter_circuit/baseline_seed_3_step_342.msgpack
--> Saved seed 4 checkpoint at step 342 to checkpoints/lmpred02_gamma0_ablate/counter_circuit/baseline_seed_4_step_342.msgpack
--> Saved seed 0 checkpoint at step 380 to checkpoints/lmpred02_gamma0_ablate/counter_circuit/baseline_seed_0_step_380.msgpack
--> Saved seed 1 checkpoint at step 380 to checkpoints/lmpred02_gamma0_ablate/counter_circuit/baseline_seed_1_step_380.msgpack
--> Saved seed 2 checkpoint at step 380 to checkpoints/lmpred02_gamma0_ablate/counter_circuit/baseline_seed_2_step_380.msgpack
--> Saved seed 3 checkpoint at step 380 to checkpoints/lmpred02_gamma0_ablate/counter_circuit/baseline_seed_3_step_380.msgpack
--> Saved seed 4 checkpoint at step 380 to checkpoints/lmpred02_gamma0_ablate/counter_circuit/baseline_seed_4_step_380.msgpack
[1;34mwandb[0m: 
[1;34mwandb[0m: 🚀 View run [33mlmpred02_gamma0_obsfront_sameinp_counter_circuit[0m at: [34mhttps://wandb.ai/maytusp/oc-extended/runs/60tki27a[0m
[1;34mwandb[0m: Find logs at: [1;35m../../../../../../../../net/scratch/n70579mp/tom/JaxMARL/wandb/run-20260704_121923-60tki27a/logs[0m
Importing submoduled environments...
Submoduled environments not found. Skipping import.
wandb: [wandb.login()] Loaded credentials for https://api.wandb.ai from /mnt/iusers01/fatpou01/compsci01/n70579mp/.netrc.
wandb: Currently logged in as: maytusp to https://api.wandb.ai. Use `wandb login --relogin` to force relogin
wandb: Tracking run with wandb version 0.27.2
wandb: Run data is saved locally in /net/scratch/n70579mp/tom/JaxMARL/wandb/run-20260704_144027-o8qhtk59
wandb: Run `wandb offline` to turn off syncing.
wandb: Syncing run lmpred04_gamma0_obsfront_sameinp_counter_circuit
wandb: ⭐️ View project at https://wandb.ai/maytusp/oc-extended
wandb: 🚀 View run at https://wandb.ai/maytusp/oc-extended/runs/o8qhtk59
Update steps:  381.0
Warmup epochs:  19
Cosine epochs:  362.0
--> Saved seed 0 checkpoint at step 1 to checkpoints/lmpred04_gamma0_ablate/counter_circuit/baseline_seed_0_step_1.msgpack
--> Saved seed 1 checkpoint at step 1 to checkpoints/lmpred04_gamma0_ablate/counter_circuit/baseline_seed_1_step_1.msgpack
--> Saved seed 2 checkpoint at step 1 to checkpoints/lmpred04_gamma0_ablate/counter_circuit/baseline_seed_2_step_1.msgpack
--> Saved seed 3 checkpoint at step 1 to checkpoints/lmpred04_gamma0_ablate/counter_circuit/baseline_seed_3_step_1.msgpack
--> Saved seed 4 checkpoint at step 1 to checkpoints/lmpred04_gamma0_ablate/counter_circuit/baseline_seed_4_step_1.msgpack
--> Saved seed 0 checkpoint at step 38 to checkpoints/lmpred04_gamma0_ablate/counter_circuit/baseline_seed_0_step_38.msgpack
--> Saved seed 1 checkpoint at step 38 to checkpoints/lmpred04_gamma0_ablate/counter_circuit/baseline_seed_1_step_38.msgpack
--> Saved seed 2 checkpoint at step 38 to checkpoints/lmpred04_gamma0_ablate/counter_circuit/baseline_seed_2_step_38.msgpack
--> Saved seed 3 checkpoint at step 38 to checkpoints/lmpred04_gamma0_ablate/counter_circuit/baseline_seed_3_step_38.msgpack
--> Saved seed 4 checkpoint at step 38 to checkpoints/lmpred04_gamma0_ablate/counter_circuit/baseline_seed_4_step_38.msgpack
--> Saved seed 0 checkpoint at step 76 to checkpoints/lmpred04_gamma0_ablate/counter_circuit/baseline_seed_0_step_76.msgpack
--> Saved seed 1 checkpoint at step 76 to checkpoints/lmpred04_gamma0_ablate/counter_circuit/baseline_seed_1_step_76.msgpack
--> Saved seed 2 checkpoint at step 76 to checkpoints/lmpred04_gamma0_ablate/counter_circuit/baseline_seed_2_step_76.msgpack
--> Saved seed 3 checkpoint at step 76 to checkpoints/lmpred04_gamma0_ablate/counter_circuit/baseline_seed_3_step_76.msgpack
--> Saved seed 4 checkpoint at step 76 to checkpoints/lmpred04_gamma0_ablate/counter_circuit/baseline_seed_4_step_76.msgpack
--> Saved seed 0 checkpoint at step 114 to checkpoints/lmpred04_gamma0_ablate/counter_circuit/baseline_seed_0_step_114.msgpack
--> Saved seed 1 checkpoint at step 114 to checkpoints/lmpred04_gamma0_ablate/counter_circuit/baseline_seed_1_step_114.msgpack
--> Saved seed 2 checkpoint at step 114 to checkpoints/lmpred04_gamma0_ablate/counter_circuit/baseline_seed_2_step_114.msgpack
--> Saved seed 3 checkpoint at step 114 to checkpoints/lmpred04_gamma0_ablate/counter_circuit/baseline_seed_3_step_114.msgpack
--> Saved seed 4 checkpoint at step 114 to checkpoints/lmpred04_gamma0_ablate/counter_circuit/baseline_seed_4_step_114.msgpack
--> Saved seed 0 checkpoint at step 152 to checkpoints/lmpred04_gamma0_ablate/counter_circuit/baseline_seed_0_step_152.msgpack
--> Saved seed 1 checkpoint at step 152 to checkpoints/lmpred04_gamma0_ablate/counter_circuit/baseline_seed_1_step_152.msgpack
--> Saved seed 2 checkpoint at step 152 to checkpoints/lmpred04_gamma0_ablate/counter_circuit/baseline_seed_2_step_152.msgpack
--> Saved seed 3 checkpoint at step 152 to checkpoints/lmpred04_gamma0_ablate/counter_circuit/baseline_seed_3_step_152.msgpack
--> Saved seed 4 checkpoint at step 152 to checkpoints/lmpred04_gamma0_ablate/counter_circuit/baseline_seed_4_step_152.msgpack
--> Saved seed 0 checkpoint at step 190 to checkpoints/lmpred04_gamma0_ablate/counter_circuit/baseline_seed_0_step_190.msgpack
--> Saved seed 1 checkpoint at step 190 to checkpoints/lmpred04_gamma0_ablate/counter_circuit/baseline_seed_1_step_190.msgpack
--> Saved seed 2 checkpoint at step 190 to checkpoints/lmpred04_gamma0_ablate/counter_circuit/baseline_seed_2_step_190.msgpack
--> Saved seed 3 checkpoint at step 190 to checkpoints/lmpred04_gamma0_ablate/counter_circuit/baseline_seed_3_step_190.msgpack
--> Saved seed 4 checkpoint at step 190 to checkpoints/lmpred04_gamma0_ablate/counter_circuit/baseline_seed_4_step_190.msgpack
--> Saved seed 0 checkpoint at step 228 to checkpoints/lmpred04_gamma0_ablate/counter_circuit/baseline_seed_0_step_228.msgpack
--> Saved seed 1 checkpoint at step 228 to checkpoints/lmpred04_gamma0_ablate/counter_circuit/baseline_seed_1_step_228.msgpack
--> Saved seed 2 checkpoint at step 228 to checkpoints/lmpred04_gamma0_ablate/counter_circuit/baseline_seed_2_step_228.msgpack
--> Saved seed 3 checkpoint at step 228 to checkpoints/lmpred04_gamma0_ablate/counter_circuit/baseline_seed_3_step_228.msgpack
--> Saved seed 4 checkpoint at step 228 to checkpoints/lmpred04_gamma0_ablate/counter_circuit/baseline_seed_4_step_228.msgpack
--> Saved seed 0 checkpoint at step 266 to checkpoints/lmpred04_gamma0_ablate/counter_circuit/baseline_seed_0_step_266.msgpack
--> Saved seed 1 checkpoint at step 266 to checkpoints/lmpred04_gamma0_ablate/counter_circuit/baseline_seed_1_step_266.msgpack
--> Saved seed 2 checkpoint at step 266 to checkpoints/lmpred04_gamma0_ablate/counter_circuit/baseline_seed_2_step_266.msgpack
--> Saved seed 3 checkpoint at step 266 to checkpoints/lmpred04_gamma0_ablate/counter_circuit/baseline_seed_3_step_266.msgpack
--> Saved seed 4 checkpoint at step 266 to checkpoints/lmpred04_gamma0_ablate/counter_circuit/baseline_seed_4_step_266.msgpack
--> Saved seed 0 checkpoint at step 304 to checkpoints/lmpred04_gamma0_ablate/counter_circuit/baseline_seed_0_step_304.msgpack
--> Saved seed 1 checkpoint at step 304 to checkpoints/lmpred04_gamma0_ablate/counter_circuit/baseline_seed_1_step_304.msgpack
--> Saved seed 2 checkpoint at step 304 to checkpoints/lmpred04_gamma0_ablate/counter_circuit/baseline_seed_2_step_304.msgpack
--> Saved seed 3 checkpoint at step 304 to checkpoints/lmpred04_gamma0_ablate/counter_circuit/baseline_seed_3_step_304.msgpack
--> Saved seed 4 checkpoint at step 304 to checkpoints/lmpred04_gamma0_ablate/counter_circuit/baseline_seed_4_step_304.msgpack
--> Saved seed 0 checkpoint at step 342 to checkpoints/lmpred04_gamma0_ablate/counter_circuit/baseline_seed_0_step_342.msgpack
--> Saved seed 1 checkpoint at step 342 to checkpoints/lmpred04_gamma0_ablate/counter_circuit/baseline_seed_1_step_342.msgpack
--> Saved seed 2 checkpoint at step 342 to checkpoints/lmpred04_gamma0_ablate/counter_circuit/baseline_seed_2_step_342.msgpack
--> Saved seed 3 checkpoint at step 342 to checkpoints/lmpred04_gamma0_ablate/counter_circuit/baseline_seed_3_step_342.msgpack
--> Saved seed 4 checkpoint at step 342 to checkpoints/lmpred04_gamma0_ablate/counter_circuit/baseline_seed_4_step_342.msgpack
--> Saved seed 0 checkpoint at step 380 to checkpoints/lmpred04_gamma0_ablate/counter_circuit/baseline_seed_0_step_380.msgpack
--> Saved seed 1 checkpoint at step 380 to checkpoints/lmpred04_gamma0_ablate/counter_circuit/baseline_seed_1_step_380.msgpack
--> Saved seed 2 checkpoint at step 380 to checkpoints/lmpred04_gamma0_ablate/counter_circuit/baseline_seed_2_step_380.msgpack
--> Saved seed 3 checkpoint at step 380 to checkpoints/lmpred04_gamma0_ablate/counter_circuit/baseline_seed_3_step_380.msgpack
--> Saved seed 4 checkpoint at step 380 to checkpoints/lmpred04_gamma0_ablate/counter_circuit/baseline_seed_4_step_380.msgpack
[1;34mwandb[0m: 
[1;34mwandb[0m: 🚀 View run [33mlmpred04_gamma0_obsfront_sameinp_counter_circuit[0m at: [34mhttps://wandb.ai/maytusp/oc-extended/runs/o8qhtk59[0m
[1;34mwandb[0m: Find logs at: [1;35m../../../../../../../../net/scratch/n70579mp/tom/JaxMARL/wandb/run-20260704_144027-o8qhtk59/logs[0m
Importing submoduled environments...
Submoduled environments not found. Skipping import.
wandb: [wandb.login()] Loaded credentials for https://api.wandb.ai from /mnt/iusers01/fatpou01/compsci01/n70579mp/.netrc.
wandb: Currently logged in as: maytusp to https://api.wandb.ai. Use `wandb login --relogin` to force relogin
wandb: setting up run h3pfp6th
wandb: Tracking run with wandb version 0.27.2
wandb: Run data is saved locally in /net/scratch/n70579mp/tom/JaxMARL/wandb/run-20260704_170534-h3pfp6th
wandb: Run `wandb offline` to turn off syncing.
wandb: Syncing run lmpred005_gamma0_obsfront_sameinp_coord_ring
wandb: ⭐️ View project at https://wandb.ai/maytusp/oc-extended
wandb: 🚀 View run at https://wandb.ai/maytusp/oc-extended/runs/h3pfp6th
Update steps:  228.0
Warmup epochs:  11
Cosine epochs:  217.0
--> Saved seed 0 checkpoint at step 1 to checkpoints/lmpred005_gamma0_ablate/coord_ring/baseline_seed_0_step_1.msgpack
--> Saved seed 1 checkpoint at step 1 to checkpoints/lmpred005_gamma0_ablate/coord_ring/baseline_seed_1_step_1.msgpack
--> Saved seed 2 checkpoint at step 1 to checkpoints/lmpred005_gamma0_ablate/coord_ring/baseline_seed_2_step_1.msgpack
--> Saved seed 3 checkpoint at step 1 to checkpoints/lmpred005_gamma0_ablate/coord_ring/baseline_seed_3_step_1.msgpack
--> Saved seed 4 checkpoint at step 1 to checkpoints/lmpred005_gamma0_ablate/coord_ring/baseline_seed_4_step_1.msgpack
--> Saved seed 0 checkpoint at step 22 to checkpoints/lmpred005_gamma0_ablate/coord_ring/baseline_seed_0_step_22.msgpack
--> Saved seed 1 checkpoint at step 22 to checkpoints/lmpred005_gamma0_ablate/coord_ring/baseline_seed_1_step_22.msgpack
--> Saved seed 2 checkpoint at step 22 to checkpoints/lmpred005_gamma0_ablate/coord_ring/baseline_seed_2_step_22.msgpack
--> Saved seed 3 checkpoint at step 22 to checkpoints/lmpred005_gamma0_ablate/coord_ring/baseline_seed_3_step_22.msgpack
--> Saved seed 4 checkpoint at step 22 to checkpoints/lmpred005_gamma0_ablate/coord_ring/baseline_seed_4_step_22.msgpack
--> Saved seed 0 checkpoint at step 44 to checkpoints/lmpred005_gamma0_ablate/coord_ring/baseline_seed_0_step_44.msgpack
--> Saved seed 1 checkpoint at step 44 to checkpoints/lmpred005_gamma0_ablate/coord_ring/baseline_seed_1_step_44.msgpack
--> Saved seed 2 checkpoint at step 44 to checkpoints/lmpred005_gamma0_ablate/coord_ring/baseline_seed_2_step_44.msgpack
--> Saved seed 3 checkpoint at step 44 to checkpoints/lmpred005_gamma0_ablate/coord_ring/baseline_seed_3_step_44.msgpack
--> Saved seed 4 checkpoint at step 44 to checkpoints/lmpred005_gamma0_ablate/coord_ring/baseline_seed_4_step_44.msgpack
--> Saved seed 0 checkpoint at step 66 to checkpoints/lmpred005_gamma0_ablate/coord_ring/baseline_seed_0_step_66.msgpack
--> Saved seed 1 checkpoint at step 66 to checkpoints/lmpred005_gamma0_ablate/coord_ring/baseline_seed_1_step_66.msgpack
--> Saved seed 2 checkpoint at step 66 to checkpoints/lmpred005_gamma0_ablate/coord_ring/baseline_seed_2_step_66.msgpack
--> Saved seed 3 checkpoint at step 66 to checkpoints/lmpred005_gamma0_ablate/coord_ring/baseline_seed_3_step_66.msgpack
--> Saved seed 4 checkpoint at step 66 to checkpoints/lmpred005_gamma0_ablate/coord_ring/baseline_seed_4_step_66.msgpack
--> Saved seed 0 checkpoint at step 88 to checkpoints/lmpred005_gamma0_ablate/coord_ring/baseline_seed_0_step_88.msgpack
--> Saved seed 1 checkpoint at step 88 to checkpoints/lmpred005_gamma0_ablate/coord_ring/baseline_seed_1_step_88.msgpack
--> Saved seed 2 checkpoint at step 88 to checkpoints/lmpred005_gamma0_ablate/coord_ring/baseline_seed_2_step_88.msgpack
--> Saved seed 3 checkpoint at step 88 to checkpoints/lmpred005_gamma0_ablate/coord_ring/baseline_seed_3_step_88.msgpack
--> Saved seed 4 checkpoint at step 88 to checkpoints/lmpred005_gamma0_ablate/coord_ring/baseline_seed_4_step_88.msgpack
--> Saved seed 0 checkpoint at step 110 to checkpoints/lmpred005_gamma0_ablate/coord_ring/baseline_seed_0_step_110.msgpack
--> Saved seed 1 checkpoint at step 110 to checkpoints/lmpred005_gamma0_ablate/coord_ring/baseline_seed_1_step_110.msgpack
--> Saved seed 2 checkpoint at step 110 to checkpoints/lmpred005_gamma0_ablate/coord_ring/baseline_seed_2_step_110.msgpack
--> Saved seed 3 checkpoint at step 110 to checkpoints/lmpred005_gamma0_ablate/coord_ring/baseline_seed_3_step_110.msgpack
--> Saved seed 4 checkpoint at step 110 to checkpoints/lmpred005_gamma0_ablate/coord_ring/baseline_seed_4_step_110.msgpack
--> Saved seed 0 checkpoint at step 132 to checkpoints/lmpred005_gamma0_ablate/coord_ring/baseline_seed_0_step_132.msgpack
--> Saved seed 1 checkpoint at step 132 to checkpoints/lmpred005_gamma0_ablate/coord_ring/baseline_seed_1_step_132.msgpack
--> Saved seed 2 checkpoint at step 132 to checkpoints/lmpred005_gamma0_ablate/coord_ring/baseline_seed_2_step_132.msgpack
--> Saved seed 3 checkpoint at step 132 to checkpoints/lmpred005_gamma0_ablate/coord_ring/baseline_seed_3_step_132.msgpack
--> Saved seed 4 checkpoint at step 132 to checkpoints/lmpred005_gamma0_ablate/coord_ring/baseline_seed_4_step_132.msgpack
--> Saved seed 0 checkpoint at step 154 to checkpoints/lmpred005_gamma0_ablate/coord_ring/baseline_seed_0_step_154.msgpack
--> Saved seed 1 checkpoint at step 154 to checkpoints/lmpred005_gamma0_ablate/coord_ring/baseline_seed_1_step_154.msgpack
--> Saved seed 2 checkpoint at step 154 to checkpoints/lmpred005_gamma0_ablate/coord_ring/baseline_seed_2_step_154.msgpack
--> Saved seed 3 checkpoint at step 154 to checkpoints/lmpred005_gamma0_ablate/coord_ring/baseline_seed_3_step_154.msgpack
--> Saved seed 4 checkpoint at step 154 to checkpoints/lmpred005_gamma0_ablate/coord_ring/baseline_seed_4_step_154.msgpack
--> Saved seed 0 checkpoint at step 176 to checkpoints/lmpred005_gamma0_ablate/coord_ring/baseline_seed_0_step_176.msgpack
--> Saved seed 1 checkpoint at step 176 to checkpoints/lmpred005_gamma0_ablate/coord_ring/baseline_seed_1_step_176.msgpack
--> Saved seed 2 checkpoint at step 176 to checkpoints/lmpred005_gamma0_ablate/coord_ring/baseline_seed_2_step_176.msgpack
--> Saved seed 3 checkpoint at step 176 to checkpoints/lmpred005_gamma0_ablate/coord_ring/baseline_seed_3_step_176.msgpack
--> Saved seed 4 checkpoint at step 176 to checkpoints/lmpred005_gamma0_ablate/coord_ring/baseline_seed_4_step_176.msgpack
--> Saved seed 0 checkpoint at step 198 to checkpoints/lmpred005_gamma0_ablate/coord_ring/baseline_seed_0_step_198.msgpack
--> Saved seed 1 checkpoint at step 198 to checkpoints/lmpred005_gamma0_ablate/coord_ring/baseline_seed_1_step_198.msgpack
--> Saved seed 2 checkpoint at step 198 to checkpoints/lmpred005_gamma0_ablate/coord_ring/baseline_seed_2_step_198.msgpack
--> Saved seed 3 checkpoint at step 198 to checkpoints/lmpred005_gamma0_ablate/coord_ring/baseline_seed_3_step_198.msgpack
--> Saved seed 4 checkpoint at step 198 to checkpoints/lmpred005_gamma0_ablate/coord_ring/baseline_seed_4_step_198.msgpack
--> Saved seed 0 checkpoint at step 220 to checkpoints/lmpred005_gamma0_ablate/coord_ring/baseline_seed_0_step_220.msgpack
--> Saved seed 1 checkpoint at step 220 to checkpoints/lmpred005_gamma0_ablate/coord_ring/baseline_seed_1_step_220.msgpack
--> Saved seed 2 checkpoint at step 220 to checkpoints/lmpred005_gamma0_ablate/coord_ring/baseline_seed_2_step_220.msgpack
--> Saved seed 3 checkpoint at step 220 to checkpoints/lmpred005_gamma0_ablate/coord_ring/baseline_seed_3_step_220.msgpack
--> Saved seed 4 checkpoint at step 220 to checkpoints/lmpred005_gamma0_ablate/coord_ring/baseline_seed_4_step_220.msgpack
[1;34mwandb[0m: 
[1;34mwandb[0m: 🚀 View run [33mlmpred005_gamma0_obsfront_sameinp_coord_ring[0m at: [34mhttps://wandb.ai/maytusp/oc-extended/runs/h3pfp6th[0m
[1;34mwandb[0m: Find logs at: [1;35m../../../../../../../../net/scratch/n70579mp/tom/JaxMARL/wandb/run-20260704_170534-h3pfp6th/logs[0m
Importing submoduled environments...
Submoduled environments not found. Skipping import.
wandb: [wandb.login()] Loaded credentials for https://api.wandb.ai from /mnt/iusers01/fatpou01/compsci01/n70579mp/.netrc.
wandb: Currently logged in as: maytusp to https://api.wandb.ai. Use `wandb login --relogin` to force relogin
wandb: Tracking run with wandb version 0.27.2
wandb: Run data is saved locally in /net/scratch/n70579mp/tom/JaxMARL/wandb/run-20260704_183140-0d4hz5ou
wandb: Run `wandb offline` to turn off syncing.
wandb: Syncing run lmpred02_gamma0_obsfront_sameinp_coord_ring
wandb: ⭐️ View project at https://wandb.ai/maytusp/oc-extended
wandb: 🚀 View run at https://wandb.ai/maytusp/oc-extended/runs/0d4hz5ou
Update steps:  228.0
Warmup epochs:  11
Cosine epochs:  217.0
--> Saved seed 0 checkpoint at step 1 to checkpoints/lmpred02_gamma0_ablate/coord_ring/baseline_seed_0_step_1.msgpack
--> Saved seed 1 checkpoint at step 1 to checkpoints/lmpred02_gamma0_ablate/coord_ring/baseline_seed_1_step_1.msgpack
--> Saved seed 2 checkpoint at step 1 to checkpoints/lmpred02_gamma0_ablate/coord_ring/baseline_seed_2_step_1.msgpack
--> Saved seed 3 checkpoint at step 1 to checkpoints/lmpred02_gamma0_ablate/coord_ring/baseline_seed_3_step_1.msgpack
--> Saved seed 4 checkpoint at step 1 to checkpoints/lmpred02_gamma0_ablate/coord_ring/baseline_seed_4_step_1.msgpack
--> Saved seed 0 checkpoint at step 22 to checkpoints/lmpred02_gamma0_ablate/coord_ring/baseline_seed_0_step_22.msgpack
--> Saved seed 1 checkpoint at step 22 to checkpoints/lmpred02_gamma0_ablate/coord_ring/baseline_seed_1_step_22.msgpack
--> Saved seed 2 checkpoint at step 22 to checkpoints/lmpred02_gamma0_ablate/coord_ring/baseline_seed_2_step_22.msgpack
--> Saved seed 3 checkpoint at step 22 to checkpoints/lmpred02_gamma0_ablate/coord_ring/baseline_seed_3_step_22.msgpack
--> Saved seed 4 checkpoint at step 22 to checkpoints/lmpred02_gamma0_ablate/coord_ring/baseline_seed_4_step_22.msgpack
--> Saved seed 0 checkpoint at step 44 to checkpoints/lmpred02_gamma0_ablate/coord_ring/baseline_seed_0_step_44.msgpack
--> Saved seed 1 checkpoint at step 44 to checkpoints/lmpred02_gamma0_ablate/coord_ring/baseline_seed_1_step_44.msgpack
--> Saved seed 2 checkpoint at step 44 to checkpoints/lmpred02_gamma0_ablate/coord_ring/baseline_seed_2_step_44.msgpack
--> Saved seed 3 checkpoint at step 44 to checkpoints/lmpred02_gamma0_ablate/coord_ring/baseline_seed_3_step_44.msgpack
--> Saved seed 4 checkpoint at step 44 to checkpoints/lmpred02_gamma0_ablate/coord_ring/baseline_seed_4_step_44.msgpack
--> Saved seed 0 checkpoint at step 66 to checkpoints/lmpred02_gamma0_ablate/coord_ring/baseline_seed_0_step_66.msgpack
--> Saved seed 1 checkpoint at step 66 to checkpoints/lmpred02_gamma0_ablate/coord_ring/baseline_seed_1_step_66.msgpack
--> Saved seed 2 checkpoint at step 66 to checkpoints/lmpred02_gamma0_ablate/coord_ring/baseline_seed_2_step_66.msgpack
--> Saved seed 3 checkpoint at step 66 to checkpoints/lmpred02_gamma0_ablate/coord_ring/baseline_seed_3_step_66.msgpack
--> Saved seed 4 checkpoint at step 66 to checkpoints/lmpred02_gamma0_ablate/coord_ring/baseline_seed_4_step_66.msgpack
--> Saved seed 0 checkpoint at step 88 to checkpoints/lmpred02_gamma0_ablate/coord_ring/baseline_seed_0_step_88.msgpack
--> Saved seed 1 checkpoint at step 88 to checkpoints/lmpred02_gamma0_ablate/coord_ring/baseline_seed_1_step_88.msgpack
--> Saved seed 2 checkpoint at step 88 to checkpoints/lmpred02_gamma0_ablate/coord_ring/baseline_seed_2_step_88.msgpack
--> Saved seed 3 checkpoint at step 88 to checkpoints/lmpred02_gamma0_ablate/coord_ring/baseline_seed_3_step_88.msgpack
--> Saved seed 4 checkpoint at step 88 to checkpoints/lmpred02_gamma0_ablate/coord_ring/baseline_seed_4_step_88.msgpack
--> Saved seed 0 checkpoint at step 110 to checkpoints/lmpred02_gamma0_ablate/coord_ring/baseline_seed_0_step_110.msgpack
--> Saved seed 1 checkpoint at step 110 to checkpoints/lmpred02_gamma0_ablate/coord_ring/baseline_seed_1_step_110.msgpack
--> Saved seed 2 checkpoint at step 110 to checkpoints/lmpred02_gamma0_ablate/coord_ring/baseline_seed_2_step_110.msgpack
--> Saved seed 3 checkpoint at step 110 to checkpoints/lmpred02_gamma0_ablate/coord_ring/baseline_seed_3_step_110.msgpack
--> Saved seed 4 checkpoint at step 110 to checkpoints/lmpred02_gamma0_ablate/coord_ring/baseline_seed_4_step_110.msgpack
--> Saved seed 0 checkpoint at step 132 to checkpoints/lmpred02_gamma0_ablate/coord_ring/baseline_seed_0_step_132.msgpack
--> Saved seed 1 checkpoint at step 132 to checkpoints/lmpred02_gamma0_ablate/coord_ring/baseline_seed_1_step_132.msgpack
--> Saved seed 2 checkpoint at step 132 to checkpoints/lmpred02_gamma0_ablate/coord_ring/baseline_seed_2_step_132.msgpack
--> Saved seed 3 checkpoint at step 132 to checkpoints/lmpred02_gamma0_ablate/coord_ring/baseline_seed_3_step_132.msgpack
--> Saved seed 4 checkpoint at step 132 to checkpoints/lmpred02_gamma0_ablate/coord_ring/baseline_seed_4_step_132.msgpack
--> Saved seed 0 checkpoint at step 154 to checkpoints/lmpred02_gamma0_ablate/coord_ring/baseline_seed_0_step_154.msgpack
--> Saved seed 1 checkpoint at step 154 to checkpoints/lmpred02_gamma0_ablate/coord_ring/baseline_seed_1_step_154.msgpack
--> Saved seed 2 checkpoint at step 154 to checkpoints/lmpred02_gamma0_ablate/coord_ring/baseline_seed_2_step_154.msgpack
--> Saved seed 3 checkpoint at step 154 to checkpoints/lmpred02_gamma0_ablate/coord_ring/baseline_seed_3_step_154.msgpack
--> Saved seed 4 checkpoint at step 154 to checkpoints/lmpred02_gamma0_ablate/coord_ring/baseline_seed_4_step_154.msgpack
--> Saved seed 0 checkpoint at step 176 to checkpoints/lmpred02_gamma0_ablate/coord_ring/baseline_seed_0_step_176.msgpack
--> Saved seed 1 checkpoint at step 176 to checkpoints/lmpred02_gamma0_ablate/coord_ring/baseline_seed_1_step_176.msgpack
--> Saved seed 2 checkpoint at step 176 to checkpoints/lmpred02_gamma0_ablate/coord_ring/baseline_seed_2_step_176.msgpack
--> Saved seed 3 checkpoint at step 176 to checkpoints/lmpred02_gamma0_ablate/coord_ring/baseline_seed_3_step_176.msgpack
--> Saved seed 4 checkpoint at step 176 to checkpoints/lmpred02_gamma0_ablate/coord_ring/baseline_seed_4_step_176.msgpack
--> Saved seed 0 checkpoint at step 198 to checkpoints/lmpred02_gamma0_ablate/coord_ring/baseline_seed_0_step_198.msgpack
--> Saved seed 1 checkpoint at step 198 to checkpoints/lmpred02_gamma0_ablate/coord_ring/baseline_seed_1_step_198.msgpack
--> Saved seed 2 checkpoint at step 198 to checkpoints/lmpred02_gamma0_ablate/coord_ring/baseline_seed_2_step_198.msgpack
--> Saved seed 3 checkpoint at step 198 to checkpoints/lmpred02_gamma0_ablate/coord_ring/baseline_seed_3_step_198.msgpack
--> Saved seed 4 checkpoint at step 198 to checkpoints/lmpred02_gamma0_ablate/coord_ring/baseline_seed_4_step_198.msgpack
--> Saved seed 0 checkpoint at step 220 to checkpoints/lmpred02_gamma0_ablate/coord_ring/baseline_seed_0_step_220.msgpack
--> Saved seed 1 checkpoint at step 220 to checkpoints/lmpred02_gamma0_ablate/coord_ring/baseline_seed_1_step_220.msgpack
--> Saved seed 2 checkpoint at step 220 to checkpoints/lmpred02_gamma0_ablate/coord_ring/baseline_seed_2_step_220.msgpack
--> Saved seed 3 checkpoint at step 220 to checkpoints/lmpred02_gamma0_ablate/coord_ring/baseline_seed_3_step_220.msgpack
--> Saved seed 4 checkpoint at step 220 to checkpoints/lmpred02_gamma0_ablate/coord_ring/baseline_seed_4_step_220.msgpack
[1;34mwandb[0m: 
[1;34mwandb[0m: 🚀 View run [33mlmpred02_gamma0_obsfront_sameinp_coord_ring[0m at: [34mhttps://wandb.ai/maytusp/oc-extended/runs/0d4hz5ou[0m
[1;34mwandb[0m: Find logs at: [1;35m../../../../../../../../net/scratch/n70579mp/tom/JaxMARL/wandb/run-20260704_183140-0d4hz5ou/logs[0m
Importing submoduled environments...
Submoduled environments not found. Skipping import.
wandb: [wandb.login()] Loaded credentials for https://api.wandb.ai from /mnt/iusers01/fatpou01/compsci01/n70579mp/.netrc.
wandb: Currently logged in as: maytusp to https://api.wandb.ai. Use `wandb login --relogin` to force relogin
wandb: Tracking run with wandb version 0.27.2
wandb: Run data is saved locally in /net/scratch/n70579mp/tom/JaxMARL/wandb/run-20260704_195910-77b68pyc
wandb: Run `wandb offline` to turn off syncing.
wandb: Syncing run lmpred04_gamma0_obsfront_sameinp_coord_ring
wandb: ⭐️ View project at https://wandb.ai/maytusp/oc-extended
wandb: 🚀 View run at https://wandb.ai/maytusp/oc-extended/runs/77b68pyc
Update steps:  228.0
Warmup epochs:  11
Cosine epochs:  217.0
--> Saved seed 0 checkpoint at step 1 to checkpoints/lmpred04_gamma0_ablate/coord_ring/baseline_seed_0_step_1.msgpack
--> Saved seed 1 checkpoint at step 1 to checkpoints/lmpred04_gamma0_ablate/coord_ring/baseline_seed_1_step_1.msgpack
--> Saved seed 2 checkpoint at step 1 to checkpoints/lmpred04_gamma0_ablate/coord_ring/baseline_seed_2_step_1.msgpack
--> Saved seed 3 checkpoint at step 1 to checkpoints/lmpred04_gamma0_ablate/coord_ring/baseline_seed_3_step_1.msgpack
--> Saved seed 4 checkpoint at step 1 to checkpoints/lmpred04_gamma0_ablate/coord_ring/baseline_seed_4_step_1.msgpack
--> Saved seed 0 checkpoint at step 22 to checkpoints/lmpred04_gamma0_ablate/coord_ring/baseline_seed_0_step_22.msgpack
--> Saved seed 1 checkpoint at step 22 to checkpoints/lmpred04_gamma0_ablate/coord_ring/baseline_seed_1_step_22.msgpack
--> Saved seed 2 checkpoint at step 22 to checkpoints/lmpred04_gamma0_ablate/coord_ring/baseline_seed_2_step_22.msgpack
--> Saved seed 3 checkpoint at step 22 to checkpoints/lmpred04_gamma0_ablate/coord_ring/baseline_seed_3_step_22.msgpack
--> Saved seed 4 checkpoint at step 22 to checkpoints/lmpred04_gamma0_ablate/coord_ring/baseline_seed_4_step_22.msgpack
--> Saved seed 0 checkpoint at step 44 to checkpoints/lmpred04_gamma0_ablate/coord_ring/baseline_seed_0_step_44.msgpack
--> Saved seed 1 checkpoint at step 44 to checkpoints/lmpred04_gamma0_ablate/coord_ring/baseline_seed_1_step_44.msgpack
--> Saved seed 2 checkpoint at step 44 to checkpoints/lmpred04_gamma0_ablate/coord_ring/baseline_seed_2_step_44.msgpack
--> Saved seed 3 checkpoint at step 44 to checkpoints/lmpred04_gamma0_ablate/coord_ring/baseline_seed_3_step_44.msgpack
--> Saved seed 4 checkpoint at step 44 to checkpoints/lmpred04_gamma0_ablate/coord_ring/baseline_seed_4_step_44.msgpack
--> Saved seed 0 checkpoint at step 66 to checkpoints/lmpred04_gamma0_ablate/coord_ring/baseline_seed_0_step_66.msgpack
--> Saved seed 1 checkpoint at step 66 to checkpoints/lmpred04_gamma0_ablate/coord_ring/baseline_seed_1_step_66.msgpack
--> Saved seed 2 checkpoint at step 66 to checkpoints/lmpred04_gamma0_ablate/coord_ring/baseline_seed_2_step_66.msgpack
--> Saved seed 3 checkpoint at step 66 to checkpoints/lmpred04_gamma0_ablate/coord_ring/baseline_seed_3_step_66.msgpack
--> Saved seed 4 checkpoint at step 66 to checkpoints/lmpred04_gamma0_ablate/coord_ring/baseline_seed_4_step_66.msgpack
--> Saved seed 0 checkpoint at step 88 to checkpoints/lmpred04_gamma0_ablate/coord_ring/baseline_seed_0_step_88.msgpack
--> Saved seed 1 checkpoint at step 88 to checkpoints/lmpred04_gamma0_ablate/coord_ring/baseline_seed_1_step_88.msgpack
--> Saved seed 2 checkpoint at step 88 to checkpoints/lmpred04_gamma0_ablate/coord_ring/baseline_seed_2_step_88.msgpack
--> Saved seed 3 checkpoint at step 88 to checkpoints/lmpred04_gamma0_ablate/coord_ring/baseline_seed_3_step_88.msgpack
--> Saved seed 4 checkpoint at step 88 to checkpoints/lmpred04_gamma0_ablate/coord_ring/baseline_seed_4_step_88.msgpack
--> Saved seed 0 checkpoint at step 110 to checkpoints/lmpred04_gamma0_ablate/coord_ring/baseline_seed_0_step_110.msgpack
--> Saved seed 1 checkpoint at step 110 to checkpoints/lmpred04_gamma0_ablate/coord_ring/baseline_seed_1_step_110.msgpack
--> Saved seed 2 checkpoint at step 110 to checkpoints/lmpred04_gamma0_ablate/coord_ring/baseline_seed_2_step_110.msgpack
--> Saved seed 3 checkpoint at step 110 to checkpoints/lmpred04_gamma0_ablate/coord_ring/baseline_seed_3_step_110.msgpack
--> Saved seed 4 checkpoint at step 110 to checkpoints/lmpred04_gamma0_ablate/coord_ring/baseline_seed_4_step_110.msgpack
--> Saved seed 0 checkpoint at step 132 to checkpoints/lmpred04_gamma0_ablate/coord_ring/baseline_seed_0_step_132.msgpack
--> Saved seed 1 checkpoint at step 132 to checkpoints/lmpred04_gamma0_ablate/coord_ring/baseline_seed_1_step_132.msgpack
--> Saved seed 2 checkpoint at step 132 to checkpoints/lmpred04_gamma0_ablate/coord_ring/baseline_seed_2_step_132.msgpack
--> Saved seed 3 checkpoint at step 132 to checkpoints/lmpred04_gamma0_ablate/coord_ring/baseline_seed_3_step_132.msgpack
--> Saved seed 4 checkpoint at step 132 to checkpoints/lmpred04_gamma0_ablate/coord_ring/baseline_seed_4_step_132.msgpack
--> Saved seed 0 checkpoint at step 154 to checkpoints/lmpred04_gamma0_ablate/coord_ring/baseline_seed_0_step_154.msgpack
--> Saved seed 1 checkpoint at step 154 to checkpoints/lmpred04_gamma0_ablate/coord_ring/baseline_seed_1_step_154.msgpack
--> Saved seed 2 checkpoint at step 154 to checkpoints/lmpred04_gamma0_ablate/coord_ring/baseline_seed_2_step_154.msgpack
--> Saved seed 3 checkpoint at step 154 to checkpoints/lmpred04_gamma0_ablate/coord_ring/baseline_seed_3_step_154.msgpack
--> Saved seed 4 checkpoint at step 154 to checkpoints/lmpred04_gamma0_ablate/coord_ring/baseline_seed_4_step_154.msgpack
--> Saved seed 0 checkpoint at step 176 to checkpoints/lmpred04_gamma0_ablate/coord_ring/baseline_seed_0_step_176.msgpack
--> Saved seed 1 checkpoint at step 176 to checkpoints/lmpred04_gamma0_ablate/coord_ring/baseline_seed_1_step_176.msgpack
--> Saved seed 2 checkpoint at step 176 to checkpoints/lmpred04_gamma0_ablate/coord_ring/baseline_seed_2_step_176.msgpack
--> Saved seed 3 checkpoint at step 176 to checkpoints/lmpred04_gamma0_ablate/coord_ring/baseline_seed_3_step_176.msgpack
--> Saved seed 4 checkpoint at step 176 to checkpoints/lmpred04_gamma0_ablate/coord_ring/baseline_seed_4_step_176.msgpack
--> Saved seed 0 checkpoint at step 198 to checkpoints/lmpred04_gamma0_ablate/coord_ring/baseline_seed_0_step_198.msgpack
--> Saved seed 1 checkpoint at step 198 to checkpoints/lmpred04_gamma0_ablate/coord_ring/baseline_seed_1_step_198.msgpack
--> Saved seed 2 checkpoint at step 198 to checkpoints/lmpred04_gamma0_ablate/coord_ring/baseline_seed_2_step_198.msgpack
--> Saved seed 3 checkpoint at step 198 to checkpoints/lmpred04_gamma0_ablate/coord_ring/baseline_seed_3_step_198.msgpack
--> Saved seed 4 checkpoint at step 198 to checkpoints/lmpred04_gamma0_ablate/coord_ring/baseline_seed_4_step_198.msgpack
--> Saved seed 0 checkpoint at step 220 to checkpoints/lmpred04_gamma0_ablate/coord_ring/baseline_seed_0_step_220.msgpack
--> Saved seed 1 checkpoint at step 220 to checkpoints/lmpred04_gamma0_ablate/coord_ring/baseline_seed_1_step_220.msgpack
--> Saved seed 2 checkpoint at step 220 to checkpoints/lmpred04_gamma0_ablate/coord_ring/baseline_seed_2_step_220.msgpack
--> Saved seed 3 checkpoint at step 220 to checkpoints/lmpred04_gamma0_ablate/coord_ring/baseline_seed_3_step_220.msgpack
--> Saved seed 4 checkpoint at step 220 to checkpoints/lmpred04_gamma0_ablate/coord_ring/baseline_seed_4_step_220.msgpack
[1;34mwandb[0m: 
[1;34mwandb[0m: 🚀 View run [33mlmpred04_gamma0_obsfront_sameinp_coord_ring[0m at: [34mhttps://wandb.ai/maytusp/oc-extended/runs/77b68pyc[0m
[1;34mwandb[0m: Find logs at: [1;35m../../../../../../../../net/scratch/n70579mp/tom/JaxMARL/wandb/run-20260704_195910-77b68pyc/logs[0m
Importing submoduled environments...
Submoduled environments not found. Skipping import.
wandb: [wandb.login()] Loaded credentials for https://api.wandb.ai from /mnt/iusers01/fatpou01/compsci01/n70579mp/.netrc.
wandb: Currently logged in as: maytusp to https://api.wandb.ai. Use `wandb login --relogin` to force relogin
wandb: Tracking run with wandb version 0.27.2
wandb: Run data is saved locally in /net/scratch/n70579mp/tom/JaxMARL/wandb/run-20260704_212639-54vrmwr4
wandb: Run `wandb offline` to turn off syncing.
wandb: Syncing run lmpred005_gamma0_obsfront_sameinp_cramped_room5x5
wandb: ⭐️ View project at https://wandb.ai/maytusp/oc-extended
wandb: 🚀 View run at https://wandb.ai/maytusp/oc-extended/runs/54vrmwr4
Update steps:  228.0
Warmup epochs:  11
Cosine epochs:  217.0
--> Saved seed 0 checkpoint at step 1 to checkpoints/lmpred005_gamma0_ablate/cramped_room5x5/baseline_seed_0_step_1.msgpack
--> Saved seed 1 checkpoint at step 1 to checkpoints/lmpred005_gamma0_ablate/cramped_room5x5/baseline_seed_1_step_1.msgpack
--> Saved seed 2 checkpoint at step 1 to checkpoints/lmpred005_gamma0_ablate/cramped_room5x5/baseline_seed_2_step_1.msgpack
--> Saved seed 3 checkpoint at step 1 to checkpoints/lmpred005_gamma0_ablate/cramped_room5x5/baseline_seed_3_step_1.msgpack
--> Saved seed 4 checkpoint at step 1 to checkpoints/lmpred005_gamma0_ablate/cramped_room5x5/baseline_seed_4_step_1.msgpack
--> Saved seed 0 checkpoint at step 22 to checkpoints/lmpred005_gamma0_ablate/cramped_room5x5/baseline_seed_0_step_22.msgpack
--> Saved seed 1 checkpoint at step 22 to checkpoints/lmpred005_gamma0_ablate/cramped_room5x5/baseline_seed_1_step_22.msgpack
--> Saved seed 2 checkpoint at step 22 to checkpoints/lmpred005_gamma0_ablate/cramped_room5x5/baseline_seed_2_step_22.msgpack
--> Saved seed 3 checkpoint at step 22 to checkpoints/lmpred005_gamma0_ablate/cramped_room5x5/baseline_seed_3_step_22.msgpack
--> Saved seed 4 checkpoint at step 22 to checkpoints/lmpred005_gamma0_ablate/cramped_room5x5/baseline_seed_4_step_22.msgpack
--> Saved seed 0 checkpoint at step 44 to checkpoints/lmpred005_gamma0_ablate/cramped_room5x5/baseline_seed_0_step_44.msgpack
--> Saved seed 1 checkpoint at step 44 to checkpoints/lmpred005_gamma0_ablate/cramped_room5x5/baseline_seed_1_step_44.msgpack
--> Saved seed 2 checkpoint at step 44 to checkpoints/lmpred005_gamma0_ablate/cramped_room5x5/baseline_seed_2_step_44.msgpack
--> Saved seed 3 checkpoint at step 44 to checkpoints/lmpred005_gamma0_ablate/cramped_room5x5/baseline_seed_3_step_44.msgpack
--> Saved seed 4 checkpoint at step 44 to checkpoints/lmpred005_gamma0_ablate/cramped_room5x5/baseline_seed_4_step_44.msgpack
--> Saved seed 0 checkpoint at step 66 to checkpoints/lmpred005_gamma0_ablate/cramped_room5x5/baseline_seed_0_step_66.msgpack
--> Saved seed 1 checkpoint at step 66 to checkpoints/lmpred005_gamma0_ablate/cramped_room5x5/baseline_seed_1_step_66.msgpack
--> Saved seed 2 checkpoint at step 66 to checkpoints/lmpred005_gamma0_ablate/cramped_room5x5/baseline_seed_2_step_66.msgpack
--> Saved seed 3 checkpoint at step 66 to checkpoints/lmpred005_gamma0_ablate/cramped_room5x5/baseline_seed_3_step_66.msgpack
--> Saved seed 4 checkpoint at step 66 to checkpoints/lmpred005_gamma0_ablate/cramped_room5x5/baseline_seed_4_step_66.msgpack
--> Saved seed 0 checkpoint at step 88 to checkpoints/lmpred005_gamma0_ablate/cramped_room5x5/baseline_seed_0_step_88.msgpack
--> Saved seed 1 checkpoint at step 88 to checkpoints/lmpred005_gamma0_ablate/cramped_room5x5/baseline_seed_1_step_88.msgpack
--> Saved seed 2 checkpoint at step 88 to checkpoints/lmpred005_gamma0_ablate/cramped_room5x5/baseline_seed_2_step_88.msgpack
--> Saved seed 3 checkpoint at step 88 to checkpoints/lmpred005_gamma0_ablate/cramped_room5x5/baseline_seed_3_step_88.msgpack
--> Saved seed 4 checkpoint at step 88 to checkpoints/lmpred005_gamma0_ablate/cramped_room5x5/baseline_seed_4_step_88.msgpack
--> Saved seed 0 checkpoint at step 110 to checkpoints/lmpred005_gamma0_ablate/cramped_room5x5/baseline_seed_0_step_110.msgpack
--> Saved seed 1 checkpoint at step 110 to checkpoints/lmpred005_gamma0_ablate/cramped_room5x5/baseline_seed_1_step_110.msgpack
--> Saved seed 2 checkpoint at step 110 to checkpoints/lmpred005_gamma0_ablate/cramped_room5x5/baseline_seed_2_step_110.msgpack
--> Saved seed 3 checkpoint at step 110 to checkpoints/lmpred005_gamma0_ablate/cramped_room5x5/baseline_seed_3_step_110.msgpack
--> Saved seed 4 checkpoint at step 110 to checkpoints/lmpred005_gamma0_ablate/cramped_room5x5/baseline_seed_4_step_110.msgpack
--> Saved seed 0 checkpoint at step 132 to checkpoints/lmpred005_gamma0_ablate/cramped_room5x5/baseline_seed_0_step_132.msgpack
--> Saved seed 1 checkpoint at step 132 to checkpoints/lmpred005_gamma0_ablate/cramped_room5x5/baseline_seed_1_step_132.msgpack
--> Saved seed 2 checkpoint at step 132 to checkpoints/lmpred005_gamma0_ablate/cramped_room5x5/baseline_seed_2_step_132.msgpack
--> Saved seed 3 checkpoint at step 132 to checkpoints/lmpred005_gamma0_ablate/cramped_room5x5/baseline_seed_3_step_132.msgpack
--> Saved seed 4 checkpoint at step 132 to checkpoints/lmpred005_gamma0_ablate/cramped_room5x5/baseline_seed_4_step_132.msgpack
--> Saved seed 0 checkpoint at step 154 to checkpoints/lmpred005_gamma0_ablate/cramped_room5x5/baseline_seed_0_step_154.msgpack
--> Saved seed 1 checkpoint at step 154 to checkpoints/lmpred005_gamma0_ablate/cramped_room5x5/baseline_seed_1_step_154.msgpack
--> Saved seed 2 checkpoint at step 154 to checkpoints/lmpred005_gamma0_ablate/cramped_room5x5/baseline_seed_2_step_154.msgpack
--> Saved seed 3 checkpoint at step 154 to checkpoints/lmpred005_gamma0_ablate/cramped_room5x5/baseline_seed_3_step_154.msgpack
--> Saved seed 4 checkpoint at step 154 to checkpoints/lmpred005_gamma0_ablate/cramped_room5x5/baseline_seed_4_step_154.msgpack
--> Saved seed 0 checkpoint at step 176 to checkpoints/lmpred005_gamma0_ablate/cramped_room5x5/baseline_seed_0_step_176.msgpack
--> Saved seed 1 checkpoint at step 176 to checkpoints/lmpred005_gamma0_ablate/cramped_room5x5/baseline_seed_1_step_176.msgpack
--> Saved seed 2 checkpoint at step 176 to checkpoints/lmpred005_gamma0_ablate/cramped_room5x5/baseline_seed_2_step_176.msgpack
--> Saved seed 3 checkpoint at step 176 to checkpoints/lmpred005_gamma0_ablate/cramped_room5x5/baseline_seed_3_step_176.msgpack
--> Saved seed 4 checkpoint at step 176 to checkpoints/lmpred005_gamma0_ablate/cramped_room5x5/baseline_seed_4_step_176.msgpack
--> Saved seed 0 checkpoint at step 198 to checkpoints/lmpred005_gamma0_ablate/cramped_room5x5/baseline_seed_0_step_198.msgpack
--> Saved seed 1 checkpoint at step 198 to checkpoints/lmpred005_gamma0_ablate/cramped_room5x5/baseline_seed_1_step_198.msgpack
--> Saved seed 2 checkpoint at step 198 to checkpoints/lmpred005_gamma0_ablate/cramped_room5x5/baseline_seed_2_step_198.msgpack
--> Saved seed 3 checkpoint at step 198 to checkpoints/lmpred005_gamma0_ablate/cramped_room5x5/baseline_seed_3_step_198.msgpack
--> Saved seed 4 checkpoint at step 198 to checkpoints/lmpred005_gamma0_ablate/cramped_room5x5/baseline_seed_4_step_198.msgpack
--> Saved seed 0 checkpoint at step 220 to checkpoints/lmpred005_gamma0_ablate/cramped_room5x5/baseline_seed_0_step_220.msgpack
--> Saved seed 1 checkpoint at step 220 to checkpoints/lmpred005_gamma0_ablate/cramped_room5x5/baseline_seed_1_step_220.msgpack
--> Saved seed 2 checkpoint at step 220 to checkpoints/lmpred005_gamma0_ablate/cramped_room5x5/baseline_seed_2_step_220.msgpack
--> Saved seed 3 checkpoint at step 220 to checkpoints/lmpred005_gamma0_ablate/cramped_room5x5/baseline_seed_3_step_220.msgpack
--> Saved seed 4 checkpoint at step 220 to checkpoints/lmpred005_gamma0_ablate/cramped_room5x5/baseline_seed_4_step_220.msgpack
[1;34mwandb[0m: 
[1;34mwandb[0m: 🚀 View run [33mlmpred005_gamma0_obsfront_sameinp_cramped_room5x5[0m at: [34mhttps://wandb.ai/maytusp/oc-extended/runs/54vrmwr4[0m
[1;34mwandb[0m: Find logs at: [1;35m../../../../../../../../net/scratch/n70579mp/tom/JaxMARL/wandb/run-20260704_212639-54vrmwr4/logs[0m
Importing submoduled environments...
Submoduled environments not found. Skipping import.
wandb: [wandb.login()] Loaded credentials for https://api.wandb.ai from /mnt/iusers01/fatpou01/compsci01/n70579mp/.netrc.
wandb: Currently logged in as: maytusp to https://api.wandb.ai. Use `wandb login --relogin` to force relogin
wandb: setting up run cgjnl1ut
wandb: Tracking run with wandb version 0.27.2
wandb: Run data is saved locally in /net/scratch/n70579mp/tom/JaxMARL/wandb/run-20260704_225245-cgjnl1ut
wandb: Run `wandb offline` to turn off syncing.
wandb: Syncing run lmpred02_gamma0_obsfront_sameinp_cramped_room5x5
wandb: ⭐️ View project at https://wandb.ai/maytusp/oc-extended
wandb: 🚀 View run at https://wandb.ai/maytusp/oc-extended/runs/cgjnl1ut
Update steps:  228.0
Warmup epochs:  11
Cosine epochs:  217.0
--> Saved seed 0 checkpoint at step 1 to checkpoints/lmpred02_gamma0_ablate/cramped_room5x5/baseline_seed_0_step_1.msgpack
--> Saved seed 1 checkpoint at step 1 to checkpoints/lmpred02_gamma0_ablate/cramped_room5x5/baseline_seed_1_step_1.msgpack
--> Saved seed 2 checkpoint at step 1 to checkpoints/lmpred02_gamma0_ablate/cramped_room5x5/baseline_seed_2_step_1.msgpack
--> Saved seed 3 checkpoint at step 1 to checkpoints/lmpred02_gamma0_ablate/cramped_room5x5/baseline_seed_3_step_1.msgpack
--> Saved seed 4 checkpoint at step 1 to checkpoints/lmpred02_gamma0_ablate/cramped_room5x5/baseline_seed_4_step_1.msgpack
--> Saved seed 0 checkpoint at step 22 to checkpoints/lmpred02_gamma0_ablate/cramped_room5x5/baseline_seed_0_step_22.msgpack
--> Saved seed 1 checkpoint at step 22 to checkpoints/lmpred02_gamma0_ablate/cramped_room5x5/baseline_seed_1_step_22.msgpack
--> Saved seed 2 checkpoint at step 22 to checkpoints/lmpred02_gamma0_ablate/cramped_room5x5/baseline_seed_2_step_22.msgpack
--> Saved seed 3 checkpoint at step 22 to checkpoints/lmpred02_gamma0_ablate/cramped_room5x5/baseline_seed_3_step_22.msgpack
--> Saved seed 4 checkpoint at step 22 to checkpoints/lmpred02_gamma0_ablate/cramped_room5x5/baseline_seed_4_step_22.msgpack
--> Saved seed 0 checkpoint at step 44 to checkpoints/lmpred02_gamma0_ablate/cramped_room5x5/baseline_seed_0_step_44.msgpack
--> Saved seed 1 checkpoint at step 44 to checkpoints/lmpred02_gamma0_ablate/cramped_room5x5/baseline_seed_1_step_44.msgpack
--> Saved seed 2 checkpoint at step 44 to checkpoints/lmpred02_gamma0_ablate/cramped_room5x5/baseline_seed_2_step_44.msgpack
--> Saved seed 3 checkpoint at step 44 to checkpoints/lmpred02_gamma0_ablate/cramped_room5x5/baseline_seed_3_step_44.msgpack
--> Saved seed 4 checkpoint at step 44 to checkpoints/lmpred02_gamma0_ablate/cramped_room5x5/baseline_seed_4_step_44.msgpack
--> Saved seed 0 checkpoint at step 66 to checkpoints/lmpred02_gamma0_ablate/cramped_room5x5/baseline_seed_0_step_66.msgpack
--> Saved seed 1 checkpoint at step 66 to checkpoints/lmpred02_gamma0_ablate/cramped_room5x5/baseline_seed_1_step_66.msgpack
--> Saved seed 2 checkpoint at step 66 to checkpoints/lmpred02_gamma0_ablate/cramped_room5x5/baseline_seed_2_step_66.msgpack
--> Saved seed 3 checkpoint at step 66 to checkpoints/lmpred02_gamma0_ablate/cramped_room5x5/baseline_seed_3_step_66.msgpack
--> Saved seed 4 checkpoint at step 66 to checkpoints/lmpred02_gamma0_ablate/cramped_room5x5/baseline_seed_4_step_66.msgpack
--> Saved seed 0 checkpoint at step 88 to checkpoints/lmpred02_gamma0_ablate/cramped_room5x5/baseline_seed_0_step_88.msgpack
--> Saved seed 1 checkpoint at step 88 to checkpoints/lmpred02_gamma0_ablate/cramped_room5x5/baseline_seed_1_step_88.msgpack
--> Saved seed 2 checkpoint at step 88 to checkpoints/lmpred02_gamma0_ablate/cramped_room5x5/baseline_seed_2_step_88.msgpack
--> Saved seed 3 checkpoint at step 88 to checkpoints/lmpred02_gamma0_ablate/cramped_room5x5/baseline_seed_3_step_88.msgpack
--> Saved seed 4 checkpoint at step 88 to checkpoints/lmpred02_gamma0_ablate/cramped_room5x5/baseline_seed_4_step_88.msgpack
--> Saved seed 0 checkpoint at step 110 to checkpoints/lmpred02_gamma0_ablate/cramped_room5x5/baseline_seed_0_step_110.msgpack
--> Saved seed 1 checkpoint at step 110 to checkpoints/lmpred02_gamma0_ablate/cramped_room5x5/baseline_seed_1_step_110.msgpack
--> Saved seed 2 checkpoint at step 110 to checkpoints/lmpred02_gamma0_ablate/cramped_room5x5/baseline_seed_2_step_110.msgpack
--> Saved seed 3 checkpoint at step 110 to checkpoints/lmpred02_gamma0_ablate/cramped_room5x5/baseline_seed_3_step_110.msgpack
--> Saved seed 4 checkpoint at step 110 to checkpoints/lmpred02_gamma0_ablate/cramped_room5x5/baseline_seed_4_step_110.msgpack
--> Saved seed 0 checkpoint at step 132 to checkpoints/lmpred02_gamma0_ablate/cramped_room5x5/baseline_seed_0_step_132.msgpack
--> Saved seed 1 checkpoint at step 132 to checkpoints/lmpred02_gamma0_ablate/cramped_room5x5/baseline_seed_1_step_132.msgpack
--> Saved seed 2 checkpoint at step 132 to checkpoints/lmpred02_gamma0_ablate/cramped_room5x5/baseline_seed_2_step_132.msgpack
--> Saved seed 3 checkpoint at step 132 to checkpoints/lmpred02_gamma0_ablate/cramped_room5x5/baseline_seed_3_step_132.msgpack
--> Saved seed 4 checkpoint at step 132 to checkpoints/lmpred02_gamma0_ablate/cramped_room5x5/baseline_seed_4_step_132.msgpack
--> Saved seed 0 checkpoint at step 154 to checkpoints/lmpred02_gamma0_ablate/cramped_room5x5/baseline_seed_0_step_154.msgpack
--> Saved seed 1 checkpoint at step 154 to checkpoints/lmpred02_gamma0_ablate/cramped_room5x5/baseline_seed_1_step_154.msgpack
--> Saved seed 2 checkpoint at step 154 to checkpoints/lmpred02_gamma0_ablate/cramped_room5x5/baseline_seed_2_step_154.msgpack
--> Saved seed 3 checkpoint at step 154 to checkpoints/lmpred02_gamma0_ablate/cramped_room5x5/baseline_seed_3_step_154.msgpack
--> Saved seed 4 checkpoint at step 154 to checkpoints/lmpred02_gamma0_ablate/cramped_room5x5/baseline_seed_4_step_154.msgpack
--> Saved seed 0 checkpoint at step 176 to checkpoints/lmpred02_gamma0_ablate/cramped_room5x5/baseline_seed_0_step_176.msgpack
--> Saved seed 1 checkpoint at step 176 to checkpoints/lmpred02_gamma0_ablate/cramped_room5x5/baseline_seed_1_step_176.msgpack
--> Saved seed 2 checkpoint at step 176 to checkpoints/lmpred02_gamma0_ablate/cramped_room5x5/baseline_seed_2_step_176.msgpack
--> Saved seed 3 checkpoint at step 176 to checkpoints/lmpred02_gamma0_ablate/cramped_room5x5/baseline_seed_3_step_176.msgpack
--> Saved seed 4 checkpoint at step 176 to checkpoints/lmpred02_gamma0_ablate/cramped_room5x5/baseline_seed_4_step_176.msgpack
--> Saved seed 0 checkpoint at step 198 to checkpoints/lmpred02_gamma0_ablate/cramped_room5x5/baseline_seed_0_step_198.msgpack
--> Saved seed 1 checkpoint at step 198 to checkpoints/lmpred02_gamma0_ablate/cramped_room5x5/baseline_seed_1_step_198.msgpack
--> Saved seed 2 checkpoint at step 198 to checkpoints/lmpred02_gamma0_ablate/cramped_room5x5/baseline_seed_2_step_198.msgpack
--> Saved seed 3 checkpoint at step 198 to checkpoints/lmpred02_gamma0_ablate/cramped_room5x5/baseline_seed_3_step_198.msgpack
--> Saved seed 4 checkpoint at step 198 to checkpoints/lmpred02_gamma0_ablate/cramped_room5x5/baseline_seed_4_step_198.msgpack
--> Saved seed 0 checkpoint at step 220 to checkpoints/lmpred02_gamma0_ablate/cramped_room5x5/baseline_seed_0_step_220.msgpack
--> Saved seed 1 checkpoint at step 220 to checkpoints/lmpred02_gamma0_ablate/cramped_room5x5/baseline_seed_1_step_220.msgpack
--> Saved seed 2 checkpoint at step 220 to checkpoints/lmpred02_gamma0_ablate/cramped_room5x5/baseline_seed_2_step_220.msgpack
--> Saved seed 3 checkpoint at step 220 to checkpoints/lmpred02_gamma0_ablate/cramped_room5x5/baseline_seed_3_step_220.msgpack
--> Saved seed 4 checkpoint at step 220 to checkpoints/lmpred02_gamma0_ablate/cramped_room5x5/baseline_seed_4_step_220.msgpack
[1;34mwandb[0m: 
[1;34mwandb[0m: 🚀 View run [33mlmpred02_gamma0_obsfront_sameinp_cramped_room5x5[0m at: [34mhttps://wandb.ai/maytusp/oc-extended/runs/cgjnl1ut[0m
[1;34mwandb[0m: Find logs at: [1;35m../../../../../../../../net/scratch/n70579mp/tom/JaxMARL/wandb/run-20260704_225245-cgjnl1ut/logs[0m
Importing submoduled environments...
Submoduled environments not found. Skipping import.
wandb: [wandb.login()] Loaded credentials for https://api.wandb.ai from /mnt/iusers01/fatpou01/compsci01/n70579mp/.netrc.
wandb: Currently logged in as: maytusp to https://api.wandb.ai. Use `wandb login --relogin` to force relogin
wandb: Tracking run with wandb version 0.27.2
wandb: Run data is saved locally in /net/scratch/n70579mp/tom/JaxMARL/wandb/run-20260705_002009-y1fril69
wandb: Run `wandb offline` to turn off syncing.
wandb: Syncing run lmpred04_gamma0_obsfront_sameinp_cramped_room5x5
wandb: ⭐️ View project at https://wandb.ai/maytusp/oc-extended
wandb: 🚀 View run at https://wandb.ai/maytusp/oc-extended/runs/y1fril69
Update steps:  228.0
Warmup epochs:  11
Cosine epochs:  217.0
--> Saved seed 0 checkpoint at step 1 to checkpoints/lmpred04_gamma0_ablate/cramped_room5x5/baseline_seed_0_step_1.msgpack
--> Saved seed 1 checkpoint at step 1 to checkpoints/lmpred04_gamma0_ablate/cramped_room5x5/baseline_seed_1_step_1.msgpack
--> Saved seed 2 checkpoint at step 1 to checkpoints/lmpred04_gamma0_ablate/cramped_room5x5/baseline_seed_2_step_1.msgpack
--> Saved seed 3 checkpoint at step 1 to checkpoints/lmpred04_gamma0_ablate/cramped_room5x5/baseline_seed_3_step_1.msgpack
--> Saved seed 4 checkpoint at step 1 to checkpoints/lmpred04_gamma0_ablate/cramped_room5x5/baseline_seed_4_step_1.msgpack
--> Saved seed 0 checkpoint at step 22 to checkpoints/lmpred04_gamma0_ablate/cramped_room5x5/baseline_seed_0_step_22.msgpack
--> Saved seed 1 checkpoint at step 22 to checkpoints/lmpred04_gamma0_ablate/cramped_room5x5/baseline_seed_1_step_22.msgpack
--> Saved seed 2 checkpoint at step 22 to checkpoints/lmpred04_gamma0_ablate/cramped_room5x5/baseline_seed_2_step_22.msgpack
--> Saved seed 3 checkpoint at step 22 to checkpoints/lmpred04_gamma0_ablate/cramped_room5x5/baseline_seed_3_step_22.msgpack
--> Saved seed 4 checkpoint at step 22 to checkpoints/lmpred04_gamma0_ablate/cramped_room5x5/baseline_seed_4_step_22.msgpack
--> Saved seed 0 checkpoint at step 44 to checkpoints/lmpred04_gamma0_ablate/cramped_room5x5/baseline_seed_0_step_44.msgpack
--> Saved seed 1 checkpoint at step 44 to checkpoints/lmpred04_gamma0_ablate/cramped_room5x5/baseline_seed_1_step_44.msgpack
--> Saved seed 2 checkpoint at step 44 to checkpoints/lmpred04_gamma0_ablate/cramped_room5x5/baseline_seed_2_step_44.msgpack
--> Saved seed 3 checkpoint at step 44 to checkpoints/lmpred04_gamma0_ablate/cramped_room5x5/baseline_seed_3_step_44.msgpack
--> Saved seed 4 checkpoint at step 44 to checkpoints/lmpred04_gamma0_ablate/cramped_room5x5/baseline_seed_4_step_44.msgpack
--> Saved seed 0 checkpoint at step 66 to checkpoints/lmpred04_gamma0_ablate/cramped_room5x5/baseline_seed_0_step_66.msgpack
--> Saved seed 1 checkpoint at step 66 to checkpoints/lmpred04_gamma0_ablate/cramped_room5x5/baseline_seed_1_step_66.msgpack
--> Saved seed 2 checkpoint at step 66 to checkpoints/lmpred04_gamma0_ablate/cramped_room5x5/baseline_seed_2_step_66.msgpack
--> Saved seed 3 checkpoint at step 66 to checkpoints/lmpred04_gamma0_ablate/cramped_room5x5/baseline_seed_3_step_66.msgpack
--> Saved seed 4 checkpoint at step 66 to checkpoints/lmpred04_gamma0_ablate/cramped_room5x5/baseline_seed_4_step_66.msgpack
--> Saved seed 0 checkpoint at step 88 to checkpoints/lmpred04_gamma0_ablate/cramped_room5x5/baseline_seed_0_step_88.msgpack
--> Saved seed 1 checkpoint at step 88 to checkpoints/lmpred04_gamma0_ablate/cramped_room5x5/baseline_seed_1_step_88.msgpack
--> Saved seed 2 checkpoint at step 88 to checkpoints/lmpred04_gamma0_ablate/cramped_room5x5/baseline_seed_2_step_88.msgpack
--> Saved seed 3 checkpoint at step 88 to checkpoints/lmpred04_gamma0_ablate/cramped_room5x5/baseline_seed_3_step_88.msgpack
--> Saved seed 4 checkpoint at step 88 to checkpoints/lmpred04_gamma0_ablate/cramped_room5x5/baseline_seed_4_step_88.msgpack
--> Saved seed 0 checkpoint at step 110 to checkpoints/lmpred04_gamma0_ablate/cramped_room5x5/baseline_seed_0_step_110.msgpack
--> Saved seed 1 checkpoint at step 110 to checkpoints/lmpred04_gamma0_ablate/cramped_room5x5/baseline_seed_1_step_110.msgpack
--> Saved seed 2 checkpoint at step 110 to checkpoints/lmpred04_gamma0_ablate/cramped_room5x5/baseline_seed_2_step_110.msgpack
--> Saved seed 3 checkpoint at step 110 to checkpoints/lmpred04_gamma0_ablate/cramped_room5x5/baseline_seed_3_step_110.msgpack
--> Saved seed 4 checkpoint at step 110 to checkpoints/lmpred04_gamma0_ablate/cramped_room5x5/baseline_seed_4_step_110.msgpack
--> Saved seed 0 checkpoint at step 132 to checkpoints/lmpred04_gamma0_ablate/cramped_room5x5/baseline_seed_0_step_132.msgpack
--> Saved seed 1 checkpoint at step 132 to checkpoints/lmpred04_gamma0_ablate/cramped_room5x5/baseline_seed_1_step_132.msgpack
--> Saved seed 2 checkpoint at step 132 to checkpoints/lmpred04_gamma0_ablate/cramped_room5x5/baseline_seed_2_step_132.msgpack
--> Saved seed 3 checkpoint at step 132 to checkpoints/lmpred04_gamma0_ablate/cramped_room5x5/baseline_seed_3_step_132.msgpack
--> Saved seed 4 checkpoint at step 132 to checkpoints/lmpred04_gamma0_ablate/cramped_room5x5/baseline_seed_4_step_132.msgpack
--> Saved seed 0 checkpoint at step 154 to checkpoints/lmpred04_gamma0_ablate/cramped_room5x5/baseline_seed_0_step_154.msgpack
--> Saved seed 1 checkpoint at step 154 to checkpoints/lmpred04_gamma0_ablate/cramped_room5x5/baseline_seed_1_step_154.msgpack
--> Saved seed 2 checkpoint at step 154 to checkpoints/lmpred04_gamma0_ablate/cramped_room5x5/baseline_seed_2_step_154.msgpack
--> Saved seed 3 checkpoint at step 154 to checkpoints/lmpred04_gamma0_ablate/cramped_room5x5/baseline_seed_3_step_154.msgpack
--> Saved seed 4 checkpoint at step 154 to checkpoints/lmpred04_gamma0_ablate/cramped_room5x5/baseline_seed_4_step_154.msgpack
--> Saved seed 0 checkpoint at step 176 to checkpoints/lmpred04_gamma0_ablate/cramped_room5x5/baseline_seed_0_step_176.msgpack
--> Saved seed 1 checkpoint at step 176 to checkpoints/lmpred04_gamma0_ablate/cramped_room5x5/baseline_seed_1_step_176.msgpack
--> Saved seed 2 checkpoint at step 176 to checkpoints/lmpred04_gamma0_ablate/cramped_room5x5/baseline_seed_2_step_176.msgpack
--> Saved seed 3 checkpoint at step 176 to checkpoints/lmpred04_gamma0_ablate/cramped_room5x5/baseline_seed_3_step_176.msgpack
--> Saved seed 4 checkpoint at step 176 to checkpoints/lmpred04_gamma0_ablate/cramped_room5x5/baseline_seed_4_step_176.msgpack
--> Saved seed 0 checkpoint at step 198 to checkpoints/lmpred04_gamma0_ablate/cramped_room5x5/baseline_seed_0_step_198.msgpack
--> Saved seed 1 checkpoint at step 198 to checkpoints/lmpred04_gamma0_ablate/cramped_room5x5/baseline_seed_1_step_198.msgpack
--> Saved seed 2 checkpoint at step 198 to checkpoints/lmpred04_gamma0_ablate/cramped_room5x5/baseline_seed_2_step_198.msgpack
--> Saved seed 3 checkpoint at step 198 to checkpoints/lmpred04_gamma0_ablate/cramped_room5x5/baseline_seed_3_step_198.msgpack
--> Saved seed 4 checkpoint at step 198 to checkpoints/lmpred04_gamma0_ablate/cramped_room5x5/baseline_seed_4_step_198.msgpack
--> Saved seed 0 checkpoint at step 220 to checkpoints/lmpred04_gamma0_ablate/cramped_room5x5/baseline_seed_0_step_220.msgpack
--> Saved seed 1 checkpoint at step 220 to checkpoints/lmpred04_gamma0_ablate/cramped_room5x5/baseline_seed_1_step_220.msgpack
--> Saved seed 2 checkpoint at step 220 to checkpoints/lmpred04_gamma0_ablate/cramped_room5x5/baseline_seed_2_step_220.msgpack
--> Saved seed 3 checkpoint at step 220 to checkpoints/lmpred04_gamma0_ablate/cramped_room5x5/baseline_seed_3_step_220.msgpack
--> Saved seed 4 checkpoint at step 220 to checkpoints/lmpred04_gamma0_ablate/cramped_room5x5/baseline_seed_4_step_220.msgpack
[1;34mwandb[0m: 
[1;34mwandb[0m: 🚀 View run [33mlmpred04_gamma0_obsfront_sameinp_cramped_room5x5[0m at: [34mhttps://wandb.ai/maytusp/oc-extended/runs/y1fril69[0m
[1;34mwandb[0m: Find logs at: [1;35m../../../../../../../../net/scratch/n70579mp/tom/JaxMARL/wandb/run-20260705_002009-y1fril69/logs[0m
Importing submoduled environments...
Submoduled environments not found. Skipping import.
wandb: [wandb.login()] Loaded credentials for https://api.wandb.ai from /mnt/iusers01/fatpou01/compsci01/n70579mp/.netrc.
wandb: Currently logged in as: maytusp to https://api.wandb.ai. Use `wandb login --relogin` to force relogin
wandb: setting up run 9tourvts
wandb: Tracking run with wandb version 0.27.2
wandb: Run data is saved locally in /net/scratch/n70579mp/tom/JaxMARL/wandb/run-20260705_014757-9tourvts
wandb: Run `wandb offline` to turn off syncing.
wandb: Syncing run lmpred005_gamma0_obsfront_sameinp_asymm_advantages
wandb: ⭐️ View project at https://wandb.ai/maytusp/oc-extended
wandb: 🚀 View run at https://wandb.ai/maytusp/oc-extended/runs/9tourvts
Update steps:  228.0
Warmup epochs:  11
Cosine epochs:  217.0
--> Saved seed 0 checkpoint at step 1 to checkpoints/lmpred005_gamma0_ablate/asymm_advantages/baseline_seed_0_step_1.msgpack
--> Saved seed 1 checkpoint at step 1 to checkpoints/lmpred005_gamma0_ablate/asymm_advantages/baseline_seed_1_step_1.msgpack
--> Saved seed 2 checkpoint at step 1 to checkpoints/lmpred005_gamma0_ablate/asymm_advantages/baseline_seed_2_step_1.msgpack
--> Saved seed 3 checkpoint at step 1 to checkpoints/lmpred005_gamma0_ablate/asymm_advantages/baseline_seed_3_step_1.msgpack
--> Saved seed 4 checkpoint at step 1 to checkpoints/lmpred005_gamma0_ablate/asymm_advantages/baseline_seed_4_step_1.msgpack
--> Saved seed 0 checkpoint at step 22 to checkpoints/lmpred005_gamma0_ablate/asymm_advantages/baseline_seed_0_step_22.msgpack
--> Saved seed 1 checkpoint at step 22 to checkpoints/lmpred005_gamma0_ablate/asymm_advantages/baseline_seed_1_step_22.msgpack
--> Saved seed 2 checkpoint at step 22 to checkpoints/lmpred005_gamma0_ablate/asymm_advantages/baseline_seed_2_step_22.msgpack
--> Saved seed 3 checkpoint at step 22 to checkpoints/lmpred005_gamma0_ablate/asymm_advantages/baseline_seed_3_step_22.msgpack
--> Saved seed 4 checkpoint at step 22 to checkpoints/lmpred005_gamma0_ablate/asymm_advantages/baseline_seed_4_step_22.msgpack
--> Saved seed 0 checkpoint at step 44 to checkpoints/lmpred005_gamma0_ablate/asymm_advantages/baseline_seed_0_step_44.msgpack
--> Saved seed 1 checkpoint at step 44 to checkpoints/lmpred005_gamma0_ablate/asymm_advantages/baseline_seed_1_step_44.msgpack
--> Saved seed 2 checkpoint at step 44 to checkpoints/lmpred005_gamma0_ablate/asymm_advantages/baseline_seed_2_step_44.msgpack
--> Saved seed 3 checkpoint at step 44 to checkpoints/lmpred005_gamma0_ablate/asymm_advantages/baseline_seed_3_step_44.msgpack
--> Saved seed 4 checkpoint at step 44 to checkpoints/lmpred005_gamma0_ablate/asymm_advantages/baseline_seed_4_step_44.msgpack
--> Saved seed 0 checkpoint at step 66 to checkpoints/lmpred005_gamma0_ablate/asymm_advantages/baseline_seed_0_step_66.msgpack
--> Saved seed 1 checkpoint at step 66 to checkpoints/lmpred005_gamma0_ablate/asymm_advantages/baseline_seed_1_step_66.msgpack
--> Saved seed 2 checkpoint at step 66 to checkpoints/lmpred005_gamma0_ablate/asymm_advantages/baseline_seed_2_step_66.msgpack
--> Saved seed 3 checkpoint at step 66 to checkpoints/lmpred005_gamma0_ablate/asymm_advantages/baseline_seed_3_step_66.msgpack
--> Saved seed 4 checkpoint at step 66 to checkpoints/lmpred005_gamma0_ablate/asymm_advantages/baseline_seed_4_step_66.msgpack
--> Saved seed 0 checkpoint at step 88 to checkpoints/lmpred005_gamma0_ablate/asymm_advantages/baseline_seed_0_step_88.msgpack
--> Saved seed 1 checkpoint at step 88 to checkpoints/lmpred005_gamma0_ablate/asymm_advantages/baseline_seed_1_step_88.msgpack
--> Saved seed 2 checkpoint at step 88 to checkpoints/lmpred005_gamma0_ablate/asymm_advantages/baseline_seed_2_step_88.msgpack
--> Saved seed 3 checkpoint at step 88 to checkpoints/lmpred005_gamma0_ablate/asymm_advantages/baseline_seed_3_step_88.msgpack
--> Saved seed 4 checkpoint at step 88 to checkpoints/lmpred005_gamma0_ablate/asymm_advantages/baseline_seed_4_step_88.msgpack
--> Saved seed 0 checkpoint at step 110 to checkpoints/lmpred005_gamma0_ablate/asymm_advantages/baseline_seed_0_step_110.msgpack
--> Saved seed 1 checkpoint at step 110 to checkpoints/lmpred005_gamma0_ablate/asymm_advantages/baseline_seed_1_step_110.msgpack
--> Saved seed 2 checkpoint at step 110 to checkpoints/lmpred005_gamma0_ablate/asymm_advantages/baseline_seed_2_step_110.msgpack
--> Saved seed 3 checkpoint at step 110 to checkpoints/lmpred005_gamma0_ablate/asymm_advantages/baseline_seed_3_step_110.msgpack
--> Saved seed 4 checkpoint at step 110 to checkpoints/lmpred005_gamma0_ablate/asymm_advantages/baseline_seed_4_step_110.msgpack
--> Saved seed 0 checkpoint at step 132 to checkpoints/lmpred005_gamma0_ablate/asymm_advantages/baseline_seed_0_step_132.msgpack
--> Saved seed 1 checkpoint at step 132 to checkpoints/lmpred005_gamma0_ablate/asymm_advantages/baseline_seed_1_step_132.msgpack
--> Saved seed 2 checkpoint at step 132 to checkpoints/lmpred005_gamma0_ablate/asymm_advantages/baseline_seed_2_step_132.msgpack
--> Saved seed 3 checkpoint at step 132 to checkpoints/lmpred005_gamma0_ablate/asymm_advantages/baseline_seed_3_step_132.msgpack
--> Saved seed 4 checkpoint at step 132 to checkpoints/lmpred005_gamma0_ablate/asymm_advantages/baseline_seed_4_step_132.msgpack
--> Saved seed 0 checkpoint at step 154 to checkpoints/lmpred005_gamma0_ablate/asymm_advantages/baseline_seed_0_step_154.msgpack
--> Saved seed 1 checkpoint at step 154 to checkpoints/lmpred005_gamma0_ablate/asymm_advantages/baseline_seed_1_step_154.msgpack
--> Saved seed 2 checkpoint at step 154 to checkpoints/lmpred005_gamma0_ablate/asymm_advantages/baseline_seed_2_step_154.msgpack
--> Saved seed 3 checkpoint at step 154 to checkpoints/lmpred005_gamma0_ablate/asymm_advantages/baseline_seed_3_step_154.msgpack
--> Saved seed 4 checkpoint at step 154 to checkpoints/lmpred005_gamma0_ablate/asymm_advantages/baseline_seed_4_step_154.msgpack
--> Saved seed 0 checkpoint at step 176 to checkpoints/lmpred005_gamma0_ablate/asymm_advantages/baseline_seed_0_step_176.msgpack
--> Saved seed 1 checkpoint at step 176 to checkpoints/lmpred005_gamma0_ablate/asymm_advantages/baseline_seed_1_step_176.msgpack
--> Saved seed 2 checkpoint at step 176 to checkpoints/lmpred005_gamma0_ablate/asymm_advantages/baseline_seed_2_step_176.msgpack
--> Saved seed 3 checkpoint at step 176 to checkpoints/lmpred005_gamma0_ablate/asymm_advantages/baseline_seed_3_step_176.msgpack
--> Saved seed 4 checkpoint at step 176 to checkpoints/lmpred005_gamma0_ablate/asymm_advantages/baseline_seed_4_step_176.msgpack
--> Saved seed 0 checkpoint at step 198 to checkpoints/lmpred005_gamma0_ablate/asymm_advantages/baseline_seed_0_step_198.msgpack
--> Saved seed 1 checkpoint at step 198 to checkpoints/lmpred005_gamma0_ablate/asymm_advantages/baseline_seed_1_step_198.msgpack
--> Saved seed 2 checkpoint at step 198 to checkpoints/lmpred005_gamma0_ablate/asymm_advantages/baseline_seed_2_step_198.msgpack
--> Saved seed 3 checkpoint at step 198 to checkpoints/lmpred005_gamma0_ablate/asymm_advantages/baseline_seed_3_step_198.msgpack
--> Saved seed 4 checkpoint at step 198 to checkpoints/lmpred005_gamma0_ablate/asymm_advantages/baseline_seed_4_step_198.msgpack
--> Saved seed 0 checkpoint at step 220 to checkpoints/lmpred005_gamma0_ablate/asymm_advantages/baseline_seed_0_step_220.msgpack
--> Saved seed 1 checkpoint at step 220 to checkpoints/lmpred005_gamma0_ablate/asymm_advantages/baseline_seed_1_step_220.msgpack
--> Saved seed 2 checkpoint at step 220 to checkpoints/lmpred005_gamma0_ablate/asymm_advantages/baseline_seed_2_step_220.msgpack
--> Saved seed 3 checkpoint at step 220 to checkpoints/lmpred005_gamma0_ablate/asymm_advantages/baseline_seed_3_step_220.msgpack
--> Saved seed 4 checkpoint at step 220 to checkpoints/lmpred005_gamma0_ablate/asymm_advantages/baseline_seed_4_step_220.msgpack
[1;34mwandb[0m: 
[1;34mwandb[0m: 🚀 View run [33mlmpred005_gamma0_obsfront_sameinp_asymm_advantages[0m at: [34mhttps://wandb.ai/maytusp/oc-extended/runs/9tourvts[0m
[1;34mwandb[0m: Find logs at: [1;35m../../../../../../../../net/scratch/n70579mp/tom/JaxMARL/wandb/run-20260705_014757-9tourvts/logs[0m
Importing submoduled environments...
Submoduled environments not found. Skipping import.
wandb: [wandb.login()] Loaded credentials for https://api.wandb.ai from /mnt/iusers01/fatpou01/compsci01/n70579mp/.netrc.
wandb: Currently logged in as: maytusp to https://api.wandb.ai. Use `wandb login --relogin` to force relogin
wandb: setting up run bo1p5s54
wandb: Tracking run with wandb version 0.27.2
wandb: Run data is saved locally in /net/scratch/n70579mp/tom/JaxMARL/wandb/run-20260705_031243-bo1p5s54
wandb: Run `wandb offline` to turn off syncing.
wandb: Syncing run lmpred02_gamma0_obsfront_sameinp_asymm_advantages
wandb: ⭐️ View project at https://wandb.ai/maytusp/oc-extended
wandb: 🚀 View run at https://wandb.ai/maytusp/oc-extended/runs/bo1p5s54
Update steps:  228.0
Warmup epochs:  11
Cosine epochs:  217.0
--> Saved seed 0 checkpoint at step 1 to checkpoints/lmpred02_gamma0_ablate/asymm_advantages/baseline_seed_0_step_1.msgpack
--> Saved seed 1 checkpoint at step 1 to checkpoints/lmpred02_gamma0_ablate/asymm_advantages/baseline_seed_1_step_1.msgpack
--> Saved seed 2 checkpoint at step 1 to checkpoints/lmpred02_gamma0_ablate/asymm_advantages/baseline_seed_2_step_1.msgpack
--> Saved seed 3 checkpoint at step 1 to checkpoints/lmpred02_gamma0_ablate/asymm_advantages/baseline_seed_3_step_1.msgpack
--> Saved seed 4 checkpoint at step 1 to checkpoints/lmpred02_gamma0_ablate/asymm_advantages/baseline_seed_4_step_1.msgpack
--> Saved seed 0 checkpoint at step 22 to checkpoints/lmpred02_gamma0_ablate/asymm_advantages/baseline_seed_0_step_22.msgpack
--> Saved seed 1 checkpoint at step 22 to checkpoints/lmpred02_gamma0_ablate/asymm_advantages/baseline_seed_1_step_22.msgpack
--> Saved seed 2 checkpoint at step 22 to checkpoints/lmpred02_gamma0_ablate/asymm_advantages/baseline_seed_2_step_22.msgpack
--> Saved seed 3 checkpoint at step 22 to checkpoints/lmpred02_gamma0_ablate/asymm_advantages/baseline_seed_3_step_22.msgpack
--> Saved seed 4 checkpoint at step 22 to checkpoints/lmpred02_gamma0_ablate/asymm_advantages/baseline_seed_4_step_22.msgpack
--> Saved seed 0 checkpoint at step 44 to checkpoints/lmpred02_gamma0_ablate/asymm_advantages/baseline_seed_0_step_44.msgpack
--> Saved seed 1 checkpoint at step 44 to checkpoints/lmpred02_gamma0_ablate/asymm_advantages/baseline_seed_1_step_44.msgpack
--> Saved seed 2 checkpoint at step 44 to checkpoints/lmpred02_gamma0_ablate/asymm_advantages/baseline_seed_2_step_44.msgpack
--> Saved seed 3 checkpoint at step 44 to checkpoints/lmpred02_gamma0_ablate/asymm_advantages/baseline_seed_3_step_44.msgpack
--> Saved seed 4 checkpoint at step 44 to checkpoints/lmpred02_gamma0_ablate/asymm_advantages/baseline_seed_4_step_44.msgpack
--> Saved seed 0 checkpoint at step 66 to checkpoints/lmpred02_gamma0_ablate/asymm_advantages/baseline_seed_0_step_66.msgpack
--> Saved seed 1 checkpoint at step 66 to checkpoints/lmpred02_gamma0_ablate/asymm_advantages/baseline_seed_1_step_66.msgpack
--> Saved seed 2 checkpoint at step 66 to checkpoints/lmpred02_gamma0_ablate/asymm_advantages/baseline_seed_2_step_66.msgpack
--> Saved seed 3 checkpoint at step 66 to checkpoints/lmpred02_gamma0_ablate/asymm_advantages/baseline_seed_3_step_66.msgpack
--> Saved seed 4 checkpoint at step 66 to checkpoints/lmpred02_gamma0_ablate/asymm_advantages/baseline_seed_4_step_66.msgpack
--> Saved seed 0 checkpoint at step 88 to checkpoints/lmpred02_gamma0_ablate/asymm_advantages/baseline_seed_0_step_88.msgpack
--> Saved seed 1 checkpoint at step 88 to checkpoints/lmpred02_gamma0_ablate/asymm_advantages/baseline_seed_1_step_88.msgpack
--> Saved seed 2 checkpoint at step 88 to checkpoints/lmpred02_gamma0_ablate/asymm_advantages/baseline_seed_2_step_88.msgpack
--> Saved seed 3 checkpoint at step 88 to checkpoints/lmpred02_gamma0_ablate/asymm_advantages/baseline_seed_3_step_88.msgpack
--> Saved seed 4 checkpoint at step 88 to checkpoints/lmpred02_gamma0_ablate/asymm_advantages/baseline_seed_4_step_88.msgpack
--> Saved seed 0 checkpoint at step 110 to checkpoints/lmpred02_gamma0_ablate/asymm_advantages/baseline_seed_0_step_110.msgpack
--> Saved seed 1 checkpoint at step 110 to checkpoints/lmpred02_gamma0_ablate/asymm_advantages/baseline_seed_1_step_110.msgpack
--> Saved seed 2 checkpoint at step 110 to checkpoints/lmpred02_gamma0_ablate/asymm_advantages/baseline_seed_2_step_110.msgpack
--> Saved seed 3 checkpoint at step 110 to checkpoints/lmpred02_gamma0_ablate/asymm_advantages/baseline_seed_3_step_110.msgpack
--> Saved seed 4 checkpoint at step 110 to checkpoints/lmpred02_gamma0_ablate/asymm_advantages/baseline_seed_4_step_110.msgpack
--> Saved seed 0 checkpoint at step 132 to checkpoints/lmpred02_gamma0_ablate/asymm_advantages/baseline_seed_0_step_132.msgpack
--> Saved seed 1 checkpoint at step 132 to checkpoints/lmpred02_gamma0_ablate/asymm_advantages/baseline_seed_1_step_132.msgpack
--> Saved seed 2 checkpoint at step 132 to checkpoints/lmpred02_gamma0_ablate/asymm_advantages/baseline_seed_2_step_132.msgpack
--> Saved seed 3 checkpoint at step 132 to checkpoints/lmpred02_gamma0_ablate/asymm_advantages/baseline_seed_3_step_132.msgpack
--> Saved seed 4 checkpoint at step 132 to checkpoints/lmpred02_gamma0_ablate/asymm_advantages/baseline_seed_4_step_132.msgpack
--> Saved seed 0 checkpoint at step 154 to checkpoints/lmpred02_gamma0_ablate/asymm_advantages/baseline_seed_0_step_154.msgpack
--> Saved seed 1 checkpoint at step 154 to checkpoints/lmpred02_gamma0_ablate/asymm_advantages/baseline_seed_1_step_154.msgpack
--> Saved seed 2 checkpoint at step 154 to checkpoints/lmpred02_gamma0_ablate/asymm_advantages/baseline_seed_2_step_154.msgpack
--> Saved seed 3 checkpoint at step 154 to checkpoints/lmpred02_gamma0_ablate/asymm_advantages/baseline_seed_3_step_154.msgpack
--> Saved seed 4 checkpoint at step 154 to checkpoints/lmpred02_gamma0_ablate/asymm_advantages/baseline_seed_4_step_154.msgpack
--> Saved seed 0 checkpoint at step 176 to checkpoints/lmpred02_gamma0_ablate/asymm_advantages/baseline_seed_0_step_176.msgpack
--> Saved seed 1 checkpoint at step 176 to checkpoints/lmpred02_gamma0_ablate/asymm_advantages/baseline_seed_1_step_176.msgpack
--> Saved seed 2 checkpoint at step 176 to checkpoints/lmpred02_gamma0_ablate/asymm_advantages/baseline_seed_2_step_176.msgpack
--> Saved seed 3 checkpoint at step 176 to checkpoints/lmpred02_gamma0_ablate/asymm_advantages/baseline_seed_3_step_176.msgpack
--> Saved seed 4 checkpoint at step 176 to checkpoints/lmpred02_gamma0_ablate/asymm_advantages/baseline_seed_4_step_176.msgpack
--> Saved seed 0 checkpoint at step 198 to checkpoints/lmpred02_gamma0_ablate/asymm_advantages/baseline_seed_0_step_198.msgpack
--> Saved seed 1 checkpoint at step 198 to checkpoints/lmpred02_gamma0_ablate/asymm_advantages/baseline_seed_1_step_198.msgpack
--> Saved seed 2 checkpoint at step 198 to checkpoints/lmpred02_gamma0_ablate/asymm_advantages/baseline_seed_2_step_198.msgpack
--> Saved seed 3 checkpoint at step 198 to checkpoints/lmpred02_gamma0_ablate/asymm_advantages/baseline_seed_3_step_198.msgpack
--> Saved seed 4 checkpoint at step 198 to checkpoints/lmpred02_gamma0_ablate/asymm_advantages/baseline_seed_4_step_198.msgpack
--> Saved seed 0 checkpoint at step 220 to checkpoints/lmpred02_gamma0_ablate/asymm_advantages/baseline_seed_0_step_220.msgpack
--> Saved seed 1 checkpoint at step 220 to checkpoints/lmpred02_gamma0_ablate/asymm_advantages/baseline_seed_1_step_220.msgpack
--> Saved seed 2 checkpoint at step 220 to checkpoints/lmpred02_gamma0_ablate/asymm_advantages/baseline_seed_2_step_220.msgpack
--> Saved seed 3 checkpoint at step 220 to checkpoints/lmpred02_gamma0_ablate/asymm_advantages/baseline_seed_3_step_220.msgpack
--> Saved seed 4 checkpoint at step 220 to checkpoints/lmpred02_gamma0_ablate/asymm_advantages/baseline_seed_4_step_220.msgpack
[1;34mwandb[0m: 
[1;34mwandb[0m: 🚀 View run [33mlmpred02_gamma0_obsfront_sameinp_asymm_advantages[0m at: [34mhttps://wandb.ai/maytusp/oc-extended/runs/bo1p5s54[0m
[1;34mwandb[0m: Find logs at: [1;35m../../../../../../../../net/scratch/n70579mp/tom/JaxMARL/wandb/run-20260705_031243-bo1p5s54/logs[0m
Importing submoduled environments...
Submoduled environments not found. Skipping import.
wandb: [wandb.login()] Loaded credentials for https://api.wandb.ai from /mnt/iusers01/fatpou01/compsci01/n70579mp/.netrc.
wandb: Currently logged in as: maytusp to https://api.wandb.ai. Use `wandb login --relogin` to force relogin
wandb: Tracking run with wandb version 0.27.2
wandb: Run data is saved locally in /net/scratch/n70579mp/tom/JaxMARL/wandb/run-20260705_043957-a0zai6n6
wandb: Run `wandb offline` to turn off syncing.
wandb: Syncing run lmpred04_gamma0_obsfront_sameinp_asymm_advantages
wandb: ⭐️ View project at https://wandb.ai/maytusp/oc-extended
wandb: 🚀 View run at https://wandb.ai/maytusp/oc-extended/runs/a0zai6n6
Update steps:  228.0
Warmup epochs:  11
Cosine epochs:  217.0
--> Saved seed 0 checkpoint at step 1 to checkpoints/lmpred04_gamma0_ablate/asymm_advantages/baseline_seed_0_step_1.msgpack
--> Saved seed 1 checkpoint at step 1 to checkpoints/lmpred04_gamma0_ablate/asymm_advantages/baseline_seed_1_step_1.msgpack
--> Saved seed 2 checkpoint at step 1 to checkpoints/lmpred04_gamma0_ablate/asymm_advantages/baseline_seed_2_step_1.msgpack
--> Saved seed 3 checkpoint at step 1 to checkpoints/lmpred04_gamma0_ablate/asymm_advantages/baseline_seed_3_step_1.msgpack
--> Saved seed 4 checkpoint at step 1 to checkpoints/lmpred04_gamma0_ablate/asymm_advantages/baseline_seed_4_step_1.msgpack
--> Saved seed 0 checkpoint at step 22 to checkpoints/lmpred04_gamma0_ablate/asymm_advantages/baseline_seed_0_step_22.msgpack
--> Saved seed 1 checkpoint at step 22 to checkpoints/lmpred04_gamma0_ablate/asymm_advantages/baseline_seed_1_step_22.msgpack
--> Saved seed 2 checkpoint at step 22 to checkpoints/lmpred04_gamma0_ablate/asymm_advantages/baseline_seed_2_step_22.msgpack
--> Saved seed 3 checkpoint at step 22 to checkpoints/lmpred04_gamma0_ablate/asymm_advantages/baseline_seed_3_step_22.msgpack
--> Saved seed 4 checkpoint at step 22 to checkpoints/lmpred04_gamma0_ablate/asymm_advantages/baseline_seed_4_step_22.msgpack
--> Saved seed 0 checkpoint at step 44 to checkpoints/lmpred04_gamma0_ablate/asymm_advantages/baseline_seed_0_step_44.msgpack
--> Saved seed 1 checkpoint at step 44 to checkpoints/lmpred04_gamma0_ablate/asymm_advantages/baseline_seed_1_step_44.msgpack
--> Saved seed 2 checkpoint at step 44 to checkpoints/lmpred04_gamma0_ablate/asymm_advantages/baseline_seed_2_step_44.msgpack
--> Saved seed 3 checkpoint at step 44 to checkpoints/lmpred04_gamma0_ablate/asymm_advantages/baseline_seed_3_step_44.msgpack
--> Saved seed 4 checkpoint at step 44 to checkpoints/lmpred04_gamma0_ablate/asymm_advantages/baseline_seed_4_step_44.msgpack
--> Saved seed 0 checkpoint at step 66 to checkpoints/lmpred04_gamma0_ablate/asymm_advantages/baseline_seed_0_step_66.msgpack
--> Saved seed 1 checkpoint at step 66 to checkpoints/lmpred04_gamma0_ablate/asymm_advantages/baseline_seed_1_step_66.msgpack
--> Saved seed 2 checkpoint at step 66 to checkpoints/lmpred04_gamma0_ablate/asymm_advantages/baseline_seed_2_step_66.msgpack
--> Saved seed 3 checkpoint at step 66 to checkpoints/lmpred04_gamma0_ablate/asymm_advantages/baseline_seed_3_step_66.msgpack
--> Saved seed 4 checkpoint at step 66 to checkpoints/lmpred04_gamma0_ablate/asymm_advantages/baseline_seed_4_step_66.msgpack
--> Saved seed 0 checkpoint at step 88 to checkpoints/lmpred04_gamma0_ablate/asymm_advantages/baseline_seed_0_step_88.msgpack
--> Saved seed 1 checkpoint at step 88 to checkpoints/lmpred04_gamma0_ablate/asymm_advantages/baseline_seed_1_step_88.msgpack
--> Saved seed 2 checkpoint at step 88 to checkpoints/lmpred04_gamma0_ablate/asymm_advantages/baseline_seed_2_step_88.msgpack
--> Saved seed 3 checkpoint at step 88 to checkpoints/lmpred04_gamma0_ablate/asymm_advantages/baseline_seed_3_step_88.msgpack
--> Saved seed 4 checkpoint at step 88 to checkpoints/lmpred04_gamma0_ablate/asymm_advantages/baseline_seed_4_step_88.msgpack
--> Saved seed 0 checkpoint at step 110 to checkpoints/lmpred04_gamma0_ablate/asymm_advantages/baseline_seed_0_step_110.msgpack
--> Saved seed 1 checkpoint at step 110 to checkpoints/lmpred04_gamma0_ablate/asymm_advantages/baseline_seed_1_step_110.msgpack
--> Saved seed 2 checkpoint at step 110 to checkpoints/lmpred04_gamma0_ablate/asymm_advantages/baseline_seed_2_step_110.msgpack
--> Saved seed 3 checkpoint at step 110 to checkpoints/lmpred04_gamma0_ablate/asymm_advantages/baseline_seed_3_step_110.msgpack
--> Saved seed 4 checkpoint at step 110 to checkpoints/lmpred04_gamma0_ablate/asymm_advantages/baseline_seed_4_step_110.msgpack
--> Saved seed 0 checkpoint at step 132 to checkpoints/lmpred04_gamma0_ablate/asymm_advantages/baseline_seed_0_step_132.msgpack
--> Saved seed 1 checkpoint at step 132 to checkpoints/lmpred04_gamma0_ablate/asymm_advantages/baseline_seed_1_step_132.msgpack
--> Saved seed 2 checkpoint at step 132 to checkpoints/lmpred04_gamma0_ablate/asymm_advantages/baseline_seed_2_step_132.msgpack
--> Saved seed 3 checkpoint at step 132 to checkpoints/lmpred04_gamma0_ablate/asymm_advantages/baseline_seed_3_step_132.msgpack
--> Saved seed 4 checkpoint at step 132 to checkpoints/lmpred04_gamma0_ablate/asymm_advantages/baseline_seed_4_step_132.msgpack
--> Saved seed 0 checkpoint at step 154 to checkpoints/lmpred04_gamma0_ablate/asymm_advantages/baseline_seed_0_step_154.msgpack
--> Saved seed 1 checkpoint at step 154 to checkpoints/lmpred04_gamma0_ablate/asymm_advantages/baseline_seed_1_step_154.msgpack
--> Saved seed 2 checkpoint at step 154 to checkpoints/lmpred04_gamma0_ablate/asymm_advantages/baseline_seed_2_step_154.msgpack
--> Saved seed 3 checkpoint at step 154 to checkpoints/lmpred04_gamma0_ablate/asymm_advantages/baseline_seed_3_step_154.msgpack
--> Saved seed 4 checkpoint at step 154 to checkpoints/lmpred04_gamma0_ablate/asymm_advantages/baseline_seed_4_step_154.msgpack
--> Saved seed 0 checkpoint at step 176 to checkpoints/lmpred04_gamma0_ablate/asymm_advantages/baseline_seed_0_step_176.msgpack
--> Saved seed 1 checkpoint at step 176 to checkpoints/lmpred04_gamma0_ablate/asymm_advantages/baseline_seed_1_step_176.msgpack
--> Saved seed 2 checkpoint at step 176 to checkpoints/lmpred04_gamma0_ablate/asymm_advantages/baseline_seed_2_step_176.msgpack
--> Saved seed 3 checkpoint at step 176 to checkpoints/lmpred04_gamma0_ablate/asymm_advantages/baseline_seed_3_step_176.msgpack
--> Saved seed 4 checkpoint at step 176 to checkpoints/lmpred04_gamma0_ablate/asymm_advantages/baseline_seed_4_step_176.msgpack
--> Saved seed 0 checkpoint at step 198 to checkpoints/lmpred04_gamma0_ablate/asymm_advantages/baseline_seed_0_step_198.msgpack
--> Saved seed 1 checkpoint at step 198 to checkpoints/lmpred04_gamma0_ablate/asymm_advantages/baseline_seed_1_step_198.msgpack
--> Saved seed 2 checkpoint at step 198 to checkpoints/lmpred04_gamma0_ablate/asymm_advantages/baseline_seed_2_step_198.msgpack
--> Saved seed 3 checkpoint at step 198 to checkpoints/lmpred04_gamma0_ablate/asymm_advantages/baseline_seed_3_step_198.msgpack
--> Saved seed 4 checkpoint at step 198 to checkpoints/lmpred04_gamma0_ablate/asymm_advantages/baseline_seed_4_step_198.msgpack
--> Saved seed 0 checkpoint at step 220 to checkpoints/lmpred04_gamma0_ablate/asymm_advantages/baseline_seed_0_step_220.msgpack
--> Saved seed 1 checkpoint at step 220 to checkpoints/lmpred04_gamma0_ablate/asymm_advantages/baseline_seed_1_step_220.msgpack
--> Saved seed 2 checkpoint at step 220 to checkpoints/lmpred04_gamma0_ablate/asymm_advantages/baseline_seed_2_step_220.msgpack
--> Saved seed 3 checkpoint at step 220 to checkpoints/lmpred04_gamma0_ablate/asymm_advantages/baseline_seed_3_step_220.msgpack
--> Saved seed 4 checkpoint at step 220 to checkpoints/lmpred04_gamma0_ablate/asymm_advantages/baseline_seed_4_step_220.msgpack
[1;34mwandb[0m: 
[1;34mwandb[0m: 🚀 View run [33mlmpred04_gamma0_obsfront_sameinp_asymm_advantages[0m at: [34mhttps://wandb.ai/maytusp/oc-extended/runs/a0zai6n6[0m
[1;34mwandb[0m: Find logs at: [1;35m../../../../../../../../net/scratch/n70579mp/tom/JaxMARL/wandb/run-20260705_043957-a0zai6n6/logs[0m
Importing submoduled environments...
Submoduled environments not found. Skipping import.
wandb: [wandb.login()] Loaded credentials for https://api.wandb.ai from /mnt/iusers01/fatpou01/compsci01/n70579mp/.netrc.
wandb: Currently logged in as: maytusp to https://api.wandb.ai. Use `wandb login --relogin` to force relogin
wandb: Tracking run with wandb version 0.27.2
wandb: Run data is saved locally in /net/scratch/n70579mp/tom/JaxMARL/wandb/run-20260705_060654-x0v3s7n0
wandb: Run `wandb offline` to turn off syncing.
wandb: Syncing run lmpred005_gamma0_obsfront_sameinp_forced_coord
wandb: ⭐️ View project at https://wandb.ai/maytusp/oc-extended
wandb: 🚀 View run at https://wandb.ai/maytusp/oc-extended/runs/x0v3s7n0
Update steps:  228.0
Warmup epochs:  11
Cosine epochs:  217.0
--> Saved seed 0 checkpoint at step 1 to checkpoints/lmpred005_gamma0_ablate/forced_coord/baseline_seed_0_step_1.msgpack
--> Saved seed 1 checkpoint at step 1 to checkpoints/lmpred005_gamma0_ablate/forced_coord/baseline_seed_1_step_1.msgpack
--> Saved seed 2 checkpoint at step 1 to checkpoints/lmpred005_gamma0_ablate/forced_coord/baseline_seed_2_step_1.msgpack
--> Saved seed 3 checkpoint at step 1 to checkpoints/lmpred005_gamma0_ablate/forced_coord/baseline_seed_3_step_1.msgpack
--> Saved seed 4 checkpoint at step 1 to checkpoints/lmpred005_gamma0_ablate/forced_coord/baseline_seed_4_step_1.msgpack
--> Saved seed 0 checkpoint at step 22 to checkpoints/lmpred005_gamma0_ablate/forced_coord/baseline_seed_0_step_22.msgpack
--> Saved seed 1 checkpoint at step 22 to checkpoints/lmpred005_gamma0_ablate/forced_coord/baseline_seed_1_step_22.msgpack
--> Saved seed 2 checkpoint at step 22 to checkpoints/lmpred005_gamma0_ablate/forced_coord/baseline_seed_2_step_22.msgpack
--> Saved seed 3 checkpoint at step 22 to checkpoints/lmpred005_gamma0_ablate/forced_coord/baseline_seed_3_step_22.msgpack
--> Saved seed 4 checkpoint at step 22 to checkpoints/lmpred005_gamma0_ablate/forced_coord/baseline_seed_4_step_22.msgpack
--> Saved seed 0 checkpoint at step 44 to checkpoints/lmpred005_gamma0_ablate/forced_coord/baseline_seed_0_step_44.msgpack
--> Saved seed 1 checkpoint at step 44 to checkpoints/lmpred005_gamma0_ablate/forced_coord/baseline_seed_1_step_44.msgpack
--> Saved seed 2 checkpoint at step 44 to checkpoints/lmpred005_gamma0_ablate/forced_coord/baseline_seed_2_step_44.msgpack
--> Saved seed 3 checkpoint at step 44 to checkpoints/lmpred005_gamma0_ablate/forced_coord/baseline_seed_3_step_44.msgpack
--> Saved seed 4 checkpoint at step 44 to checkpoints/lmpred005_gamma0_ablate/forced_coord/baseline_seed_4_step_44.msgpack
--> Saved seed 0 checkpoint at step 66 to checkpoints/lmpred005_gamma0_ablate/forced_coord/baseline_seed_0_step_66.msgpack
--> Saved seed 1 checkpoint at step 66 to checkpoints/lmpred005_gamma0_ablate/forced_coord/baseline_seed_1_step_66.msgpack
--> Saved seed 2 checkpoint at step 66 to checkpoints/lmpred005_gamma0_ablate/forced_coord/baseline_seed_2_step_66.msgpack
--> Saved seed 3 checkpoint at step 66 to checkpoints/lmpred005_gamma0_ablate/forced_coord/baseline_seed_3_step_66.msgpack
--> Saved seed 4 checkpoint at step 66 to checkpoints/lmpred005_gamma0_ablate/forced_coord/baseline_seed_4_step_66.msgpack
--> Saved seed 0 checkpoint at step 88 to checkpoints/lmpred005_gamma0_ablate/forced_coord/baseline_seed_0_step_88.msgpack
--> Saved seed 1 checkpoint at step 88 to checkpoints/lmpred005_gamma0_ablate/forced_coord/baseline_seed_1_step_88.msgpack
--> Saved seed 2 checkpoint at step 88 to checkpoints/lmpred005_gamma0_ablate/forced_coord/baseline_seed_2_step_88.msgpack
--> Saved seed 3 checkpoint at step 88 to checkpoints/lmpred005_gamma0_ablate/forced_coord/baseline_seed_3_step_88.msgpack
--> Saved seed 4 checkpoint at step 88 to checkpoints/lmpred005_gamma0_ablate/forced_coord/baseline_seed_4_step_88.msgpack
--> Saved seed 0 checkpoint at step 110 to checkpoints/lmpred005_gamma0_ablate/forced_coord/baseline_seed_0_step_110.msgpack
--> Saved seed 1 checkpoint at step 110 to checkpoints/lmpred005_gamma0_ablate/forced_coord/baseline_seed_1_step_110.msgpack
--> Saved seed 2 checkpoint at step 110 to checkpoints/lmpred005_gamma0_ablate/forced_coord/baseline_seed_2_step_110.msgpack
--> Saved seed 3 checkpoint at step 110 to checkpoints/lmpred005_gamma0_ablate/forced_coord/baseline_seed_3_step_110.msgpack
--> Saved seed 4 checkpoint at step 110 to checkpoints/lmpred005_gamma0_ablate/forced_coord/baseline_seed_4_step_110.msgpack
--> Saved seed 0 checkpoint at step 132 to checkpoints/lmpred005_gamma0_ablate/forced_coord/baseline_seed_0_step_132.msgpack
--> Saved seed 1 checkpoint at step 132 to checkpoints/lmpred005_gamma0_ablate/forced_coord/baseline_seed_1_step_132.msgpack
--> Saved seed 2 checkpoint at step 132 to checkpoints/lmpred005_gamma0_ablate/forced_coord/baseline_seed_2_step_132.msgpack
--> Saved seed 3 checkpoint at step 132 to checkpoints/lmpred005_gamma0_ablate/forced_coord/baseline_seed_3_step_132.msgpack
--> Saved seed 4 checkpoint at step 132 to checkpoints/lmpred005_gamma0_ablate/forced_coord/baseline_seed_4_step_132.msgpack
--> Saved seed 0 checkpoint at step 154 to checkpoints/lmpred005_gamma0_ablate/forced_coord/baseline_seed_0_step_154.msgpack
--> Saved seed 1 checkpoint at step 154 to checkpoints/lmpred005_gamma0_ablate/forced_coord/baseline_seed_1_step_154.msgpack
--> Saved seed 2 checkpoint at step 154 to checkpoints/lmpred005_gamma0_ablate/forced_coord/baseline_seed_2_step_154.msgpack
--> Saved seed 3 checkpoint at step 154 to checkpoints/lmpred005_gamma0_ablate/forced_coord/baseline_seed_3_step_154.msgpack
--> Saved seed 4 checkpoint at step 154 to checkpoints/lmpred005_gamma0_ablate/forced_coord/baseline_seed_4_step_154.msgpack
--> Saved seed 0 checkpoint at step 176 to checkpoints/lmpred005_gamma0_ablate/forced_coord/baseline_seed_0_step_176.msgpack
--> Saved seed 1 checkpoint at step 176 to checkpoints/lmpred005_gamma0_ablate/forced_coord/baseline_seed_1_step_176.msgpack
--> Saved seed 2 checkpoint at step 176 to checkpoints/lmpred005_gamma0_ablate/forced_coord/baseline_seed_2_step_176.msgpack
--> Saved seed 3 checkpoint at step 176 to checkpoints/lmpred005_gamma0_ablate/forced_coord/baseline_seed_3_step_176.msgpack
--> Saved seed 4 checkpoint at step 176 to checkpoints/lmpred005_gamma0_ablate/forced_coord/baseline_seed_4_step_176.msgpack
--> Saved seed 0 checkpoint at step 198 to checkpoints/lmpred005_gamma0_ablate/forced_coord/baseline_seed_0_step_198.msgpack
--> Saved seed 1 checkpoint at step 198 to checkpoints/lmpred005_gamma0_ablate/forced_coord/baseline_seed_1_step_198.msgpack
--> Saved seed 2 checkpoint at step 198 to checkpoints/lmpred005_gamma0_ablate/forced_coord/baseline_seed_2_step_198.msgpack
--> Saved seed 3 checkpoint at step 198 to checkpoints/lmpred005_gamma0_ablate/forced_coord/baseline_seed_3_step_198.msgpack
--> Saved seed 4 checkpoint at step 198 to checkpoints/lmpred005_gamma0_ablate/forced_coord/baseline_seed_4_step_198.msgpack
--> Saved seed 0 checkpoint at step 220 to checkpoints/lmpred005_gamma0_ablate/forced_coord/baseline_seed_0_step_220.msgpack
--> Saved seed 1 checkpoint at step 220 to checkpoints/lmpred005_gamma0_ablate/forced_coord/baseline_seed_1_step_220.msgpack
--> Saved seed 2 checkpoint at step 220 to checkpoints/lmpred005_gamma0_ablate/forced_coord/baseline_seed_2_step_220.msgpack
--> Saved seed 3 checkpoint at step 220 to checkpoints/lmpred005_gamma0_ablate/forced_coord/baseline_seed_3_step_220.msgpack
--> Saved seed 4 checkpoint at step 220 to checkpoints/lmpred005_gamma0_ablate/forced_coord/baseline_seed_4_step_220.msgpack
[1;34mwandb[0m: 
[1;34mwandb[0m: 🚀 View run [33mlmpred005_gamma0_obsfront_sameinp_forced_coord[0m at: [34mhttps://wandb.ai/maytusp/oc-extended/runs/x0v3s7n0[0m
[1;34mwandb[0m: Find logs at: [1;35m../../../../../../../../net/scratch/n70579mp/tom/JaxMARL/wandb/run-20260705_060654-x0v3s7n0/logs[0m
Importing submoduled environments...
Submoduled environments not found. Skipping import.
wandb: [wandb.login()] Loaded credentials for https://api.wandb.ai from /mnt/iusers01/fatpou01/compsci01/n70579mp/.netrc.
wandb: Currently logged in as: maytusp to https://api.wandb.ai. Use `wandb login --relogin` to force relogin
wandb: Tracking run with wandb version 0.27.2
wandb: Run data is saved locally in /net/scratch/n70579mp/tom/JaxMARL/wandb/run-20260705_073428-5oxk3qer
wandb: Run `wandb offline` to turn off syncing.
wandb: Syncing run lmpred02_gamma0_obsfront_sameinp_forced_coord
wandb: ⭐️ View project at https://wandb.ai/maytusp/oc-extended
wandb: 🚀 View run at https://wandb.ai/maytusp/oc-extended/runs/5oxk3qer
[2026-07-05T08:53:26.035] error: *** JOB 16712916 ON node882 CANCELLED AT 2026-07-05T08:53:26 DUE TO TIME LIMIT ***
