Script directory: /mnt/iusers01/fatpou01/compsci01/n70579mp/scratch/tom/JaxMARL
Running ZSC evaluation: within-method generalisation with SP diagonal and XP off-diagonal performance.
Evaluating ZSC for method=lmpredV2_ablate_no_self_pred, layout=cramped_room5x5, prefix=checkpoints/lmpredV2_ablate_no_self_pred/, result_name=lmpredV2_ablate_no_self_pred, perspective_transform=false
Importing submoduled environments...
Submoduled environments not found. Skipping import.
LOADED: checkpoints/lmpredV2_ablate_no_self_pred/cramped_room5x5/baseline_seed_0_step_220.msgpack
LOADED: checkpoints/lmpredV2_ablate_no_self_pred/cramped_room5x5/baseline_seed_1_step_220.msgpack
LOADED: checkpoints/lmpredV2_ablate_no_self_pred/cramped_room5x5/baseline_seed_2_step_220.msgpack
LOADED: checkpoints/lmpredV2_ablate_no_self_pred/cramped_room5x5/baseline_seed_3_step_220.msgpack
LOADED: checkpoints/lmpredV2_ablate_no_self_pred/cramped_room5x5/baseline_seed_4_step_220.msgpack
ZSC[00, 00] = 235.220
ZSC[00, 01] = 228.934
ZSC[00, 02] = 221.808
ZSC[00, 03] = 209.230
ZSC[00, 04] = 217.830
ZSC[01, 00] = 229.167
ZSC[01, 01] = 230.366
ZSC[01, 02] = 238.044
ZSC[01, 03] = 232.550
ZSC[01, 04] = 219.270
ZSC[02, 00] = 223.056
ZSC[02, 01] = 238.412
ZSC[02, 02] = 244.339
ZSC[02, 03] = 203.539
ZSC[02, 04] = 230.873
ZSC[03, 00] = 209.673
ZSC[03, 01] = 233.425
ZSC[03, 02] = 205.145
ZSC[03, 03] = 227.112
ZSC[03, 04] = 227.737
ZSC[04, 00] = 217.702
ZSC[04, 01] = 219.364
ZSC[04, 02] = 230.564
ZSC[04, 03] = 228.308
ZSC[04, 04] = 225.244
Average SP performance (diagonal/self-copy): 232.456 +- 3.419 SE over 5 pairs
Average XP performance (off-diagonal/excluding self): 223.232 +- 2.325 SE over 20 ordered pairs
Saved ZSC results to zsc_results/lmpredV2_ablate_no_self_pred/cramped_room5x5
Saved ZSC heatmap to zsc_results/lmpredV2_ablate_no_self_pred/cramped_room5x5/xp_matrix.png
Using alignment rollout scale: ALIGN_PAIR_BATCH_SIZE=1, ALIGN_EVAL_NUM_EPISODES=128, ALIGN_EVAL_NUM_STEPS=400
ALIGN ego[00] partner[00] R2=0.896148 NMSE=0.103852 shuffled_R2=-0.026027
ALIGN ego[00] partner[01] R2=0.894779 NMSE=0.105221 shuffled_R2=-0.020357
ALIGN ego[00] partner[02] R2=0.920487 NMSE=0.079513 shuffled_R2=-0.019211
ALIGN ego[00] partner[03] R2=0.870347 NMSE=0.129653 shuffled_R2=-0.029132
ALIGN ego[00] partner[04] R2=0.952503 NMSE=0.047497 shuffled_R2=-0.016312
ALIGN ego[01] partner[00] R2=0.758242 NMSE=0.241758 shuffled_R2=-0.039246
ALIGN ego[01] partner[01] R2=0.941259 NMSE=0.058741 shuffled_R2=-0.015867
ALIGN ego[01] partner[02] R2=0.824706 NMSE=0.175294 shuffled_R2=-0.034987
ALIGN ego[01] partner[03] R2=0.932044 NMSE=0.067956 shuffled_R2=-0.017568
ALIGN ego[01] partner[04] R2=0.939404 NMSE=0.060596 shuffled_R2=-0.016863
ALIGN ego[02] partner[00] R2=0.921057 NMSE=0.078943 shuffled_R2=-0.014133
ALIGN ego[02] partner[01] R2=0.937828 NMSE=0.062172 shuffled_R2=-0.015103
ALIGN ego[02] partner[02] R2=0.911846 NMSE=0.088154 shuffled_R2=-0.017883
ALIGN ego[02] partner[03] R2=0.923247 NMSE=0.076753 shuffled_R2=-0.019694
ALIGN ego[02] partner[04] R2=0.928418 NMSE=0.071582 shuffled_R2=-0.017414
ALIGN ego[03] partner[00] R2=0.767571 NMSE=0.232429 shuffled_R2=-0.050485
ALIGN ego[03] partner[01] R2=0.870976 NMSE=0.129024 shuffled_R2=-0.033606
ALIGN ego[03] partner[02] R2=0.853318 NMSE=0.146682 shuffled_R2=-0.035246
ALIGN ego[03] partner[03] R2=0.930858 NMSE=0.069142 shuffled_R2=-0.018679
ALIGN ego[03] partner[04] R2=0.929515 NMSE=0.070485 shuffled_R2=-0.016221
ALIGN ego[04] partner[00] R2=0.938326 NMSE=0.061674 shuffled_R2=-0.015010
ALIGN ego[04] partner[01] R2=0.944280 NMSE=0.055720 shuffled_R2=-0.017006
ALIGN ego[04] partner[02] R2=0.761023 NMSE=0.238977 shuffled_R2=-0.090722
ALIGN ego[04] partner[03] R2=0.925191 NMSE=0.074809 shuffled_R2=-0.016184
ALIGN ego[04] partner[04] R2=0.922261 NMSE=0.077739 shuffled_R2=-0.017518
Average ego-to-partner alignment R2: 0.895825 +- 0.011785 SE over 25 ego-partner pairs
Average alignment normalized MSE: 0.104175 +- 0.011785 SE
Average shuffled-control alignment R2: -0.025219 +- 0.003309 SE
Saved alignment results to zsc_results/lmpredV2_ablate_no_self_pred/cramped_room5x5
Evaluating ZSC for method=lmpredV2_ablate_no_self_pred, layout=counter_circuit, prefix=checkpoints/lmpredV2_ablate_no_self_pred/, result_name=lmpredV2_ablate_no_self_pred, perspective_transform=false
Importing submoduled environments...
Submoduled environments not found. Skipping import.
LOADED: checkpoints/lmpredV2_ablate_no_self_pred/counter_circuit/baseline_seed_0_step_380.msgpack
LOADED: checkpoints/lmpredV2_ablate_no_self_pred/counter_circuit/baseline_seed_1_step_380.msgpack
LOADED: checkpoints/lmpredV2_ablate_no_self_pred/counter_circuit/baseline_seed_2_step_380.msgpack
LOADED: checkpoints/lmpredV2_ablate_no_self_pred/counter_circuit/baseline_seed_3_step_380.msgpack
LOADED: checkpoints/lmpredV2_ablate_no_self_pred/counter_circuit/baseline_seed_4_step_380.msgpack
ZSC[00, 00] = 236.694
ZSC[00, 01] = 228.625
ZSC[00, 02] = 224.470
ZSC[00, 03] = 189.289
ZSC[00, 04] = 221.620
ZSC[01, 00] = 228.172
ZSC[01, 01] = 235.444
ZSC[01, 02] = 204.637
ZSC[01, 03] = 195.455
ZSC[01, 04] = 209.862
ZSC[02, 00] = 222.205
ZSC[02, 01] = 146.939
ZSC[02, 02] = 228.883
ZSC[02, 03] = 220.003
ZSC[02, 04] = 211.323
ZSC[03, 00] = 187.802
ZSC[03, 01] = 171.447
ZSC[03, 02] = 221.645
ZSC[03, 03] = 210.069
ZSC[03, 04] = 188.098
ZSC[04, 00] = 225.628
ZSC[04, 01] = 208.723
ZSC[04, 02] = 209.625
ZSC[04, 03] = 191.139
ZSC[04, 04] = 231.173
Average SP performance (diagonal/self-copy): 228.452 +- 4.808 SE over 5 pairs
Average XP performance (off-diagonal/excluding self): 205.335 +- 4.779 SE over 20 ordered pairs
Saved ZSC results to zsc_results/lmpredV2_ablate_no_self_pred/counter_circuit
Saved ZSC heatmap to zsc_results/lmpredV2_ablate_no_self_pred/counter_circuit/xp_matrix.png
Using alignment rollout scale: ALIGN_PAIR_BATCH_SIZE=1, ALIGN_EVAL_NUM_EPISODES=128, ALIGN_EVAL_NUM_STEPS=400
ALIGN ego[00] partner[00] R2=0.820653 NMSE=0.179347 shuffled_R2=-0.020443
ALIGN ego[00] partner[01] R2=0.819787 NMSE=0.180213 shuffled_R2=-0.014538
ALIGN ego[00] partner[02] R2=0.685830 NMSE=0.314170 shuffled_R2=-0.039059
ALIGN ego[00] partner[03] R2=0.765307 NMSE=0.234693 shuffled_R2=-0.022420
ALIGN ego[00] partner[04] R2=0.731257 NMSE=0.268743 shuffled_R2=-0.036485
ALIGN ego[01] partner[00] R2=0.750613 NMSE=0.249387 shuffled_R2=-0.023421
ALIGN ego[01] partner[01] R2=0.821587 NMSE=0.178413 shuffled_R2=-0.020258
ALIGN ego[01] partner[02] R2=0.816157 NMSE=0.183843 shuffled_R2=-0.019515
ALIGN ego[01] partner[03] R2=0.813224 NMSE=0.186776 shuffled_R2=-0.014083
ALIGN ego[01] partner[04] R2=0.854897 NMSE=0.145103 shuffled_R2=-0.014582
ALIGN ego[02] partner[00] R2=0.797084 NMSE=0.202916 shuffled_R2=-0.017461
ALIGN ego[02] partner[01] R2=0.876591 NMSE=0.123409 shuffled_R2=-0.014540
ALIGN ego[02] partner[02] R2=0.806036 NMSE=0.193964 shuffled_R2=-0.014536
ALIGN ego[02] partner[03] R2=0.828020 NMSE=0.171980 shuffled_R2=-0.015671
ALIGN ego[02] partner[04] R2=0.862300 NMSE=0.137700 shuffled_R2=-0.022921
ALIGN ego[03] partner[00] R2=0.829173 NMSE=0.170827 shuffled_R2=-0.017945
ALIGN ego[03] partner[01] R2=0.757782 NMSE=0.242218 shuffled_R2=-0.032491
ALIGN ego[03] partner[02] R2=0.828446 NMSE=0.171554 shuffled_R2=-0.015872
ALIGN ego[03] partner[03] R2=0.647870 NMSE=0.352130 shuffled_R2=-0.030303
ALIGN ego[03] partner[04] R2=0.882662 NMSE=0.117338 shuffled_R2=-0.014094
ALIGN ego[04] partner[00] R2=0.880258 NMSE=0.119742 shuffled_R2=-0.018520
ALIGN ego[04] partner[01] R2=0.775007 NMSE=0.224993 shuffled_R2=-0.022456
ALIGN ego[04] partner[02] R2=0.865508 NMSE=0.134492 shuffled_R2=-0.016824
ALIGN ego[04] partner[03] R2=0.829701 NMSE=0.170299 shuffled_R2=-0.026554
ALIGN ego[04] partner[04] R2=0.861365 NMSE=0.138635 shuffled_R2=-0.015457
Average ego-to-partner alignment R2: 0.808285 +- 0.011862 SE over 25 ego-partner pairs
Average alignment normalized MSE: 0.191715 +- 0.011862 SE
Average shuffled-control alignment R2: -0.020818 +- 0.001428 SE
Saved alignment results to zsc_results/lmpredV2_ablate_no_self_pred/counter_circuit
Evaluating ZSC for method=lmpredV2_ablate_no_self_pred, layout=coord_ring, prefix=checkpoints/lmpredV2_ablate_no_self_pred/, result_name=lmpredV2_ablate_no_self_pred, perspective_transform=false
Importing submoduled environments...
Submoduled environments not found. Skipping import.
LOADED: checkpoints/lmpredV2_ablate_no_self_pred/coord_ring/baseline_seed_0_step_220.msgpack
LOADED: checkpoints/lmpredV2_ablate_no_self_pred/coord_ring/baseline_seed_1_step_220.msgpack
LOADED: checkpoints/lmpredV2_ablate_no_self_pred/coord_ring/baseline_seed_2_step_220.msgpack
LOADED: checkpoints/lmpredV2_ablate_no_self_pred/coord_ring/baseline_seed_3_step_220.msgpack
LOADED: checkpoints/lmpredV2_ablate_no_self_pred/coord_ring/baseline_seed_4_step_220.msgpack
ZSC[00, 00] = 268.708
ZSC[00, 01] = 275.100
ZSC[00, 02] = 95.792
ZSC[00, 03] = 207.612
ZSC[00, 04] = 219.914
ZSC[01, 00] = 275.091
ZSC[01, 01] = 308.161
ZSC[01, 02] = 121.269
ZSC[01, 03] = 313.066
ZSC[01, 04] = 253.787
ZSC[02, 00] = 97.403
ZSC[02, 01] = 121.552
ZSC[02, 02] = 199.697
ZSC[02, 03] = 50.359
ZSC[02, 04] = 294.977
ZSC[03, 00] = 210.928
ZSC[03, 01] = 314.372
ZSC[03, 02] = 49.848
ZSC[03, 03] = 318.075
ZSC[03, 04] = 204.725
ZSC[04, 00] = 219.741
ZSC[04, 01] = 254.703
ZSC[04, 02] = 289.795
ZSC[04, 03] = 204.433
ZSC[04, 04] = 325.552
Average SP performance (diagonal/self-copy): 284.038 +- 23.251 SE over 5 pairs
Average XP performance (off-diagonal/excluding self): 203.723 +- 19.161 SE over 20 ordered pairs
Saved ZSC results to zsc_results/lmpredV2_ablate_no_self_pred/coord_ring
Saved ZSC heatmap to zsc_results/lmpredV2_ablate_no_self_pred/coord_ring/xp_matrix.png
Using alignment rollout scale: ALIGN_PAIR_BATCH_SIZE=1, ALIGN_EVAL_NUM_EPISODES=128, ALIGN_EVAL_NUM_STEPS=400
ALIGN ego[00] partner[00] R2=0.564182 NMSE=0.435818 shuffled_R2=-0.091849
ALIGN ego[00] partner[01] R2=0.801304 NMSE=0.198696 shuffled_R2=-0.050368
ALIGN ego[00] partner[02] R2=0.855972 NMSE=0.144028 shuffled_R2=-0.018977
ALIGN ego[00] partner[03] R2=0.828361 NMSE=0.171639 shuffled_R2=-0.028932
ALIGN ego[00] partner[04] R2=0.772807 NMSE=0.227193 shuffled_R2=-0.020990
ALIGN ego[01] partner[00] R2=0.873718 NMSE=0.126282 shuffled_R2=-0.019688
ALIGN ego[01] partner[01] R2=0.678090 NMSE=0.321910 shuffled_R2=-0.046443
ALIGN ego[01] partner[02] R2=0.901467 NMSE=0.098533 shuffled_R2=-0.014778
ALIGN ego[01] partner[03] R2=0.891624 NMSE=0.108376 shuffled_R2=-0.021984
ALIGN ego[01] partner[04] R2=0.884640 NMSE=0.115360 shuffled_R2=-0.015350
ALIGN ego[02] partner[00] R2=0.868794 NMSE=0.131206 shuffled_R2=-0.013343
ALIGN ego[02] partner[01] R2=0.856180 NMSE=0.143820 shuffled_R2=-0.020714
ALIGN ego[02] partner[02] R2=0.929150 NMSE=0.070850 shuffled_R2=-0.019702
ALIGN ego[02] partner[03] R2=0.769120 NMSE=0.230880 shuffled_R2=-0.031538
ALIGN ego[02] partner[04] R2=0.854289 NMSE=0.145711 shuffled_R2=-0.028089
ALIGN ego[03] partner[00] R2=0.903240 NMSE=0.096760 shuffled_R2=-0.014849
ALIGN ego[03] partner[01] R2=0.894020 NMSE=0.105980 shuffled_R2=-0.018846
ALIGN ego[03] partner[02] R2=0.678444 NMSE=0.321556 shuffled_R2=-0.041366
ALIGN ego[03] partner[03] R2=0.933576 NMSE=0.066424 shuffled_R2=-0.015379
ALIGN ego[03] partner[04] R2=0.783132 NMSE=0.216868 shuffled_R2=-0.020690
ALIGN ego[04] partner[00] R2=0.778674 NMSE=0.221326 shuffled_R2=-0.022515
ALIGN ego[04] partner[01] R2=0.879473 NMSE=0.120527 shuffled_R2=-0.017423
ALIGN ego[04] partner[02] R2=0.900036 NMSE=0.099964 shuffled_R2=-0.024303
ALIGN ego[04] partner[03] R2=0.840503 NMSE=0.159497 shuffled_R2=-0.014724
ALIGN ego[04] partner[04] R2=0.908246 NMSE=0.091754 shuffled_R2=-0.018711
Average ego-to-partner alignment R2: 0.833162 +- 0.017793 SE over 25 ego-partner pairs
Average alignment normalized MSE: 0.166838 +- 0.017793 SE
Average shuffled-control alignment R2: -0.026062 +- 0.003369 SE
Saved alignment results to zsc_results/lmpredV2_ablate_no_self_pred/coord_ring
Evaluating ZSC for method=lmpredV2_ablate_no_self_pred, layout=asymm_advantages, prefix=checkpoints/lmpredV2_ablate_no_self_pred/, result_name=lmpredV2_ablate_no_self_pred, perspective_transform=false
Importing submoduled environments...
Submoduled environments not found. Skipping import.
LOADED: checkpoints/lmpredV2_ablate_no_self_pred/asymm_advantages/baseline_seed_0_step_220.msgpack
LOADED: checkpoints/lmpredV2_ablate_no_self_pred/asymm_advantages/baseline_seed_1_step_220.msgpack
LOADED: checkpoints/lmpredV2_ablate_no_self_pred/asymm_advantages/baseline_seed_2_step_220.msgpack
LOADED: checkpoints/lmpredV2_ablate_no_self_pred/asymm_advantages/baseline_seed_3_step_220.msgpack
LOADED: checkpoints/lmpredV2_ablate_no_self_pred/asymm_advantages/baseline_seed_4_step_220.msgpack
ZSC[00, 00] = 492.641
ZSC[00, 01] = 448.905
ZSC[00, 02] = 317.173
ZSC[00, 03] = 465.587
ZSC[00, 04] = 388.798
ZSC[01, 00] = 490.155
ZSC[01, 01] = 453.083
ZSC[01, 02] = 301.747
ZSC[01, 03] = 469.762
ZSC[01, 04] = 415.064
ZSC[02, 00] = 214.206
ZSC[02, 01] = 232.945
ZSC[02, 02] = 416.812
ZSC[02, 03] = 202.028
ZSC[02, 04] = 203.191
ZSC[03, 00] = 472.750
ZSC[03, 01] = 456.948
ZSC[03, 02] = 343.711
ZSC[03, 03] = 457.869
ZSC[03, 04] = 411.994
ZSC[04, 00] = 476.136
ZSC[04, 01] = 443.105
ZSC[04, 02] = 292.137
ZSC[04, 03] = 465.200
ZSC[04, 04] = 405.661
Average SP performance (diagonal/self-copy): 445.213 +- 15.560 SE over 5 pairs
Average XP performance (off-diagonal/excluding self): 375.577 +- 22.963 SE over 20 ordered pairs
Saved ZSC results to zsc_results/lmpredV2_ablate_no_self_pred/asymm_advantages
Saved ZSC heatmap to zsc_results/lmpredV2_ablate_no_self_pred/asymm_advantages/xp_matrix.png
Using alignment rollout scale: ALIGN_PAIR_BATCH_SIZE=1, ALIGN_EVAL_NUM_EPISODES=128, ALIGN_EVAL_NUM_STEPS=400
ALIGN ego[00] partner[00] R2=0.944149 NMSE=0.055851 shuffled_R2=-0.016375
ALIGN ego[00] partner[01] R2=0.940498 NMSE=0.059502 shuffled_R2=-0.021295
ALIGN ego[00] partner[02] R2=0.859485 NMSE=0.140515 shuffled_R2=-0.021380
ALIGN ego[00] partner[03] R2=0.927338 NMSE=0.072662 shuffled_R2=-0.018449
ALIGN ego[00] partner[04] R2=0.931995 NMSE=0.068005 shuffled_R2=-0.017135
ALIGN ego[01] partner[00] R2=0.957883 NMSE=0.042117 shuffled_R2=-0.021004
ALIGN ego[01] partner[01] R2=0.959230 NMSE=0.040770 shuffled_R2=-0.017779
ALIGN ego[01] partner[02] R2=0.939034 NMSE=0.060966 shuffled_R2=-0.014852
ALIGN ego[01] partner[03] R2=0.959132 NMSE=0.040868 shuffled_R2=-0.016916
ALIGN ego[01] partner[04] R2=0.961500 NMSE=0.038500 shuffled_R2=-0.019955
ALIGN ego[02] partner[00] R2=0.914631 NMSE=0.085369 shuffled_R2=-0.016806
ALIGN ego[02] partner[01] R2=0.876522 NMSE=0.123478 shuffled_R2=-0.028754
ALIGN ego[02] partner[02] R2=0.893439 NMSE=0.106561 shuffled_R2=-0.020289
ALIGN ego[02] partner[03] R2=0.942893 NMSE=0.057107 shuffled_R2=-0.020295
ALIGN ego[02] partner[04] R2=0.953332 NMSE=0.046668 shuffled_R2=-0.019377
ALIGN ego[03] partner[00] R2=0.921949 NMSE=0.078051 shuffled_R2=-0.014381
ALIGN ego[03] partner[01] R2=0.907735 NMSE=0.092265 shuffled_R2=-0.016539
ALIGN ego[03] partner[02] R2=0.857266 NMSE=0.142734 shuffled_R2=-0.016725
ALIGN ego[03] partner[03] R2=0.836475 NMSE=0.163525 shuffled_R2=-0.032556
ALIGN ego[03] partner[04] R2=0.793667 NMSE=0.206333 shuffled_R2=-0.052974
ALIGN ego[04] partner[00] R2=0.942679 NMSE=0.057321 shuffled_R2=-0.023104
ALIGN ego[04] partner[01] R2=0.958854 NMSE=0.041146 shuffled_R2=-0.016057
ALIGN ego[04] partner[02] R2=0.935941 NMSE=0.064059 shuffled_R2=-0.018613
ALIGN ego[04] partner[03] R2=0.959371 NMSE=0.040629 shuffled_R2=-0.018439
ALIGN ego[04] partner[04] R2=0.952123 NMSE=0.047877 shuffled_R2=-0.016328
Average ego-to-partner alignment R2: 0.921085 +- 0.008904 SE over 25 ego-partner pairs
Average alignment normalized MSE: 0.078915 +- 0.008904 SE
Average shuffled-control alignment R2: -0.020655 +- 0.001575 SE
Saved alignment results to zsc_results/lmpredV2_ablate_no_self_pred/asymm_advantages
Evaluating ZSC for method=lmpredV2_ablate_no_self_pred, layout=forced_coord, prefix=checkpoints/lmpredV2_ablate_no_self_pred/, result_name=lmpredV2_ablate_no_self_pred, perspective_transform=false
Importing submoduled environments...
Submoduled environments not found. Skipping import.
LOADED: checkpoints/lmpredV2_ablate_no_self_pred/forced_coord/baseline_seed_0_step_220.msgpack
LOADED: checkpoints/lmpredV2_ablate_no_self_pred/forced_coord/baseline_seed_1_step_220.msgpack
LOADED: checkpoints/lmpredV2_ablate_no_self_pred/forced_coord/baseline_seed_2_step_220.msgpack
LOADED: checkpoints/lmpredV2_ablate_no_self_pred/forced_coord/baseline_seed_3_step_220.msgpack
LOADED: checkpoints/lmpredV2_ablate_no_self_pred/forced_coord/baseline_seed_4_step_220.msgpack
ZSC[00, 00] = 295.383
ZSC[00, 01] = 200.455
ZSC[00, 02] = 268.788
ZSC[00, 03] = 206.120
ZSC[00, 04] = 230.744
ZSC[01, 00] = 222.066
ZSC[01, 01] = 294.525
ZSC[01, 02] = 31.497
ZSC[01, 03] = 297.939
ZSC[01, 04] = 195.977
ZSC[02, 00] = 260.438
ZSC[02, 01] = 254.780
ZSC[02, 02] = 276.642
ZSC[02, 03] = 218.183
ZSC[02, 04] = 182.900
ZSC[03, 00] = 7.334
ZSC[03, 01] = 203.398
ZSC[03, 02] = 199.250
ZSC[03, 03] = 292.413
ZSC[03, 04] = 261.552
ZSC[04, 00] = 286.544
ZSC[04, 01] = 235.492
ZSC[04, 02] = 257.177
ZSC[04, 03] = 292.353
ZSC[04, 04] = 315.825
Average SP performance (diagonal/self-copy): 294.957 +- 6.236 SE over 5 pairs
Average XP performance (off-diagonal/excluding self): 215.649 +- 16.862 SE over 20 ordered pairs
Saved ZSC results to zsc_results/lmpredV2_ablate_no_self_pred/forced_coord
Saved ZSC heatmap to zsc_results/lmpredV2_ablate_no_self_pred/forced_coord/xp_matrix.png
Using alignment rollout scale: ALIGN_PAIR_BATCH_SIZE=1, ALIGN_EVAL_NUM_EPISODES=128, ALIGN_EVAL_NUM_STEPS=400
ALIGN ego[00] partner[00] R2=0.935244 NMSE=0.064756 shuffled_R2=-0.014493
ALIGN ego[00] partner[01] R2=0.920212 NMSE=0.079788 shuffled_R2=-0.016282
ALIGN ego[00] partner[02] R2=0.911281 NMSE=0.088719 shuffled_R2=-0.015370
ALIGN ego[00] partner[03] R2=0.878033 NMSE=0.121967 shuffled_R2=-0.016640
ALIGN ego[00] partner[04] R2=0.932622 NMSE=0.067378 shuffled_R2=-0.015657
ALIGN ego[01] partner[00] R2=0.971195 NMSE=0.028805 shuffled_R2=-0.016708
ALIGN ego[01] partner[01] R2=0.936769 NMSE=0.063231 shuffled_R2=-0.015034
ALIGN ego[01] partner[02] R2=0.958299 NMSE=0.041701 shuffled_R2=-0.017550
ALIGN ego[01] partner[03] R2=0.950052 NMSE=0.049948 shuffled_R2=-0.017165
ALIGN ego[01] partner[04] R2=0.947228 NMSE=0.052772 shuffled_R2=-0.016824
ALIGN ego[02] partner[00] R2=0.941516 NMSE=0.058484 shuffled_R2=-0.016276
ALIGN ego[02] partner[01] R2=0.899587 NMSE=0.100413 shuffled_R2=-0.015024
ALIGN ego[02] partner[02] R2=0.943419 NMSE=0.056581 shuffled_R2=-0.015824
ALIGN ego[02] partner[03] R2=0.906229 NMSE=0.093771 shuffled_R2=-0.017318
ALIGN ego[02] partner[04] R2=0.964472 NMSE=0.035528 shuffled_R2=-0.014951
ALIGN ego[03] partner[00] R2=0.939096 NMSE=0.060904 shuffled_R2=-0.027284
ALIGN ego[03] partner[01] R2=0.884757 NMSE=0.115243 shuffled_R2=-0.014336
ALIGN ego[03] partner[02] R2=0.908051 NMSE=0.091949 shuffled_R2=-0.015431
ALIGN ego[03] partner[03] R2=0.908142 NMSE=0.091858 shuffled_R2=-0.014125
ALIGN ego[03] partner[04] R2=0.898607 NMSE=0.101393 shuffled_R2=-0.027329
ALIGN ego[04] partner[00] R2=0.968350 NMSE=0.031650 shuffled_R2=-0.013785
ALIGN ego[04] partner[01] R2=0.873360 NMSE=0.126640 shuffled_R2=-0.013829
ALIGN ego[04] partner[02] R2=0.923814 NMSE=0.076186 shuffled_R2=-0.015388
ALIGN ego[04] partner[03] R2=0.911709 NMSE=0.088291 shuffled_R2=-0.017370
ALIGN ego[04] partner[04] R2=0.964415 NMSE=0.035585 shuffled_R2=-0.018864
Average ego-to-partner alignment R2: 0.927058 +- 0.005702 SE over 25 ego-partner pairs
Average alignment normalized MSE: 0.072942 +- 0.005702 SE
Average shuffled-control alignment R2: -0.016754 +- 0.000685 SE
Saved alignment results to zsc_results/lmpredV2_ablate_no_self_pred/forced_coord
Evaluating ZSC for method=lmpredV2_no_self_pred, layout=cramped_room5x5, prefix=checkpoints/lmpredV2_no_self_pred/, result_name=lmpredV2_no_self_pred, perspective_transform=true
Importing submoduled environments...
Submoduled environments not found. Skipping import.
LOADED: checkpoints/lmpredV2_no_self_pred/cramped_room5x5/baseline_seed_0_step_220.msgpack
LOADED: checkpoints/lmpredV2_no_self_pred/cramped_room5x5/baseline_seed_1_step_220.msgpack
LOADED: checkpoints/lmpredV2_no_self_pred/cramped_room5x5/baseline_seed_2_step_220.msgpack
LOADED: checkpoints/lmpredV2_no_self_pred/cramped_room5x5/baseline_seed_3_step_220.msgpack
LOADED: checkpoints/lmpredV2_no_self_pred/cramped_room5x5/baseline_seed_4_step_220.msgpack
ZSC[00, 00] = 229.188
ZSC[00, 01] = 237.005
ZSC[00, 02] = 190.359
ZSC[00, 03] = 218.623
ZSC[00, 04] = 231.136
ZSC[01, 00] = 236.683
ZSC[01, 01] = 221.756
ZSC[01, 02] = 236.173
ZSC[01, 03] = 212.789
ZSC[01, 04] = 220.136
ZSC[02, 00] = 191.067
ZSC[02, 01] = 235.830
ZSC[02, 02] = 236.175
ZSC[02, 03] = 220.495
ZSC[02, 04] = 215.356
ZSC[03, 00] = 217.711
ZSC[03, 01] = 212.755
ZSC[03, 02] = 220.759
ZSC[03, 03] = 212.708
ZSC[03, 04] = 222.848
ZSC[04, 00] = 231.109
ZSC[04, 01] = 219.911
ZSC[04, 02] = 216.231
ZSC[04, 03] = 222.630
ZSC[04, 04] = 232.905
Average SP performance (diagonal/self-copy): 226.546 +- 4.210 SE over 5 pairs
Average XP performance (off-diagonal/excluding self): 220.480 +- 2.903 SE over 20 ordered pairs
Saved ZSC results to zsc_results/lmpredV2_no_self_pred/cramped_room5x5
Saved ZSC heatmap to zsc_results/lmpredV2_no_self_pred/cramped_room5x5/xp_matrix.png
Using alignment rollout scale: ALIGN_PAIR_BATCH_SIZE=1, ALIGN_EVAL_NUM_EPISODES=128, ALIGN_EVAL_NUM_STEPS=400
ALIGN ego[00] partner[00] R2=0.958102 NMSE=0.041898 shuffled_R2=-0.015043
ALIGN ego[00] partner[01] R2=0.808947 NMSE=0.191053 shuffled_R2=-0.058510
ALIGN ego[00] partner[02] R2=0.837661 NMSE=0.162339 shuffled_R2=-0.067385
ALIGN ego[00] partner[03] R2=0.898943 NMSE=0.101057 shuffled_R2=-0.022823
ALIGN ego[00] partner[04] R2=0.935638 NMSE=0.064362 shuffled_R2=-0.018441
ALIGN ego[01] partner[00] R2=0.938642 NMSE=0.061358 shuffled_R2=-0.018326
ALIGN ego[01] partner[01] R2=0.934832 NMSE=0.065168 shuffled_R2=-0.017811
ALIGN ego[01] partner[02] R2=0.931913 NMSE=0.068087 shuffled_R2=-0.018993
ALIGN ego[01] partner[03] R2=0.897337 NMSE=0.102663 shuffled_R2=-0.021933
ALIGN ego[01] partner[04] R2=0.878306 NMSE=0.121694 shuffled_R2=-0.043330
ALIGN ego[02] partner[00] R2=0.929865 NMSE=0.070135 shuffled_R2=-0.022076
ALIGN ego[02] partner[01] R2=0.949053 NMSE=0.050947 shuffled_R2=-0.014783
ALIGN ego[02] partner[02] R2=0.917463 NMSE=0.082537 shuffled_R2=-0.018890
ALIGN ego[02] partner[03] R2=0.882602 NMSE=0.117398 shuffled_R2=-0.022089
ALIGN ego[02] partner[04] R2=0.830641 NMSE=0.169359 shuffled_R2=-0.032358
ALIGN ego[03] partner[00] R2=0.875789 NMSE=0.124211 shuffled_R2=-0.023916
ALIGN ego[03] partner[01] R2=0.902610 NMSE=0.097390 shuffled_R2=-0.020845
ALIGN ego[03] partner[02] R2=0.913841 NMSE=0.086159 shuffled_R2=-0.016066
ALIGN ego[03] partner[03] R2=0.851456 NMSE=0.148544 shuffled_R2=-0.028564
ALIGN ego[03] partner[04] R2=0.861300 NMSE=0.138700 shuffled_R2=-0.027782
ALIGN ego[04] partner[00] R2=0.941289 NMSE=0.058711 shuffled_R2=-0.021111
ALIGN ego[04] partner[01] R2=0.948972 NMSE=0.051028 shuffled_R2=-0.014353
ALIGN ego[04] partner[02] R2=0.925602 NMSE=0.074398 shuffled_R2=-0.018018
ALIGN ego[04] partner[03] R2=0.895857 NMSE=0.104143 shuffled_R2=-0.023579
ALIGN ego[04] partner[04] R2=0.937810 NMSE=0.062190 shuffled_R2=-0.015313
Average ego-to-partner alignment R2: 0.903379 +- 0.008196 SE over 25 ego-partner pairs
Average alignment normalized MSE: 0.096621 +- 0.008196 SE
Average shuffled-control alignment R2: -0.024894 +- 0.002629 SE
Saved alignment results to zsc_results/lmpredV2_no_self_pred/cramped_room5x5
Evaluating ZSC for method=lmpredV2_no_self_pred, layout=counter_circuit, prefix=checkpoints/lmpredV2_no_self_pred/, result_name=lmpredV2_no_self_pred, perspective_transform=true
Importing submoduled environments...
Submoduled environments not found. Skipping import.
LOADED: checkpoints/lmpredV2_no_self_pred/counter_circuit/baseline_seed_0_step_380.msgpack
LOADED: checkpoints/lmpredV2_no_self_pred/counter_circuit/baseline_seed_1_step_380.msgpack
LOADED: checkpoints/lmpredV2_no_self_pred/counter_circuit/baseline_seed_2_step_380.msgpack
LOADED: checkpoints/lmpredV2_no_self_pred/counter_circuit/baseline_seed_3_step_380.msgpack
LOADED: checkpoints/lmpredV2_no_self_pred/counter_circuit/baseline_seed_4_step_380.msgpack
ZSC[00, 00] = 223.242
ZSC[00, 01] = 129.545
ZSC[00, 02] = 178.995
ZSC[00, 03] = 91.380
ZSC[00, 04] = 192.581
ZSC[01, 00] = 131.141
ZSC[01, 01] = 149.802
ZSC[01, 02] = 209.053
ZSC[01, 03] = 111.044
ZSC[01, 04] = 156.542
ZSC[02, 00] = 175.264
ZSC[02, 01] = 197.470
ZSC[02, 02] = 252.792
ZSC[02, 03] = 174.566
ZSC[02, 04] = 178.730
ZSC[03, 00] = 90.636
ZSC[03, 01] = 110.459
ZSC[03, 02] = 174.236
ZSC[03, 03] = 206.516
ZSC[03, 04] = 124.791
ZSC[04, 00] = 192.158
ZSC[04, 01] = 156.417
ZSC[04, 02] = 177.586
ZSC[04, 03] = 124.839
ZSC[04, 04] = 159.037
Average SP performance (diagonal/self-copy): 198.278 +- 19.433 SE over 5 pairs
Average XP performance (off-diagonal/excluding self): 153.872 +- 8.185 SE over 20 ordered pairs
Saved ZSC results to zsc_results/lmpredV2_no_self_pred/counter_circuit
Saved ZSC heatmap to zsc_results/lmpredV2_no_self_pred/counter_circuit/xp_matrix.png
Using alignment rollout scale: ALIGN_PAIR_BATCH_SIZE=1, ALIGN_EVAL_NUM_EPISODES=128, ALIGN_EVAL_NUM_STEPS=400
ALIGN ego[00] partner[00] R2=0.836435 NMSE=0.163565 shuffled_R2=-0.018359
ALIGN ego[00] partner[01] R2=0.794842 NMSE=0.205158 shuffled_R2=-0.019495
ALIGN ego[00] partner[02] R2=0.798056 NMSE=0.201944 shuffled_R2=-0.023086
ALIGN ego[00] partner[03] R2=0.780526 NMSE=0.219474 shuffled_R2=-0.027227
ALIGN ego[00] partner[04] R2=0.753398 NMSE=0.246602 shuffled_R2=-0.020720
ALIGN ego[01] partner[00] R2=0.805922 NMSE=0.194078 shuffled_R2=-0.018342
ALIGN ego[01] partner[01] R2=0.754235 NMSE=0.245765 shuffled_R2=-0.018099
ALIGN ego[01] partner[02] R2=0.676018 NMSE=0.323982 shuffled_R2=-0.026013
ALIGN ego[01] partner[03] R2=0.790463 NMSE=0.209537 shuffled_R2=-0.019405
ALIGN ego[01] partner[04] R2=0.868040 NMSE=0.131960 shuffled_R2=-0.014112
ALIGN ego[02] partner[00] R2=0.805305 NMSE=0.194695 shuffled_R2=-0.017442
ALIGN ego[02] partner[01] R2=0.816058 NMSE=0.183942 shuffled_R2=-0.016413
ALIGN ego[02] partner[02] R2=0.871663 NMSE=0.128337 shuffled_R2=-0.014769
ALIGN ego[02] partner[03] R2=0.800129 NMSE=0.199871 shuffled_R2=-0.018122
ALIGN ego[02] partner[04] R2=0.817854 NMSE=0.182146 shuffled_R2=-0.022649
ALIGN ego[03] partner[00] R2=0.710579 NMSE=0.289421 shuffled_R2=-0.030771
ALIGN ego[03] partner[01] R2=0.794453 NMSE=0.205547 shuffled_R2=-0.017197
ALIGN ego[03] partner[02] R2=0.680036 NMSE=0.319964 shuffled_R2=-0.021565
ALIGN ego[03] partner[03] R2=0.811629 NMSE=0.188371 shuffled_R2=-0.015168
ALIGN ego[03] partner[04] R2=0.862531 NMSE=0.137469 shuffled_R2=-0.014475
ALIGN ego[04] partner[00] R2=0.809421 NMSE=0.190579 shuffled_R2=-0.014478
ALIGN ego[04] partner[01] R2=0.808171 NMSE=0.191829 shuffled_R2=-0.016526
ALIGN ego[04] partner[02] R2=0.833706 NMSE=0.166294 shuffled_R2=-0.015321
ALIGN ego[04] partner[03] R2=0.850918 NMSE=0.149082 shuffled_R2=-0.013808
ALIGN ego[04] partner[04] R2=0.857896 NMSE=0.142104 shuffled_R2=-0.017548
Average ego-to-partner alignment R2: 0.799531 +- 0.010453 SE over 25 ego-partner pairs
Average alignment normalized MSE: 0.200469 +- 0.010453 SE
Average shuffled-control alignment R2: -0.018844 +- 0.000871 SE
Saved alignment results to zsc_results/lmpredV2_no_self_pred/counter_circuit
Evaluating ZSC for method=lmpredV2_no_self_pred, layout=coord_ring, prefix=checkpoints/lmpredV2_no_self_pred/, result_name=lmpredV2_no_self_pred, perspective_transform=true
Importing submoduled environments...
Submoduled environments not found. Skipping import.
LOADED: checkpoints/lmpredV2_no_self_pred/coord_ring/baseline_seed_0_step_220.msgpack
LOADED: checkpoints/lmpredV2_no_self_pred/coord_ring/baseline_seed_1_step_220.msgpack
LOADED: checkpoints/lmpredV2_no_self_pred/coord_ring/baseline_seed_2_step_220.msgpack
LOADED: checkpoints/lmpredV2_no_self_pred/coord_ring/baseline_seed_3_step_220.msgpack
LOADED: checkpoints/lmpredV2_no_self_pred/coord_ring/baseline_seed_4_step_220.msgpack
ZSC[00, 00] = 310.027
ZSC[00, 01] = 294.945
ZSC[00, 02] = 249.175
ZSC[00, 03] = 260.898
ZSC[00, 04] = 284.764
ZSC[01, 00] = 294.642
ZSC[01, 01] = 335.681
ZSC[01, 02] = 220.177
ZSC[01, 03] = 287.534
ZSC[01, 04] = 257.594
ZSC[02, 00] = 246.111
ZSC[02, 01] = 220.487
ZSC[02, 02] = 196.684
ZSC[02, 03] = 242.641
ZSC[02, 04] = 215.878
ZSC[03, 00] = 260.567
ZSC[03, 01] = 284.948
ZSC[03, 02] = 243.252
ZSC[03, 03] = 274.434
ZSC[03, 04] = 258.305
ZSC[04, 00] = 284.423
ZSC[04, 01] = 257.337
ZSC[04, 02] = 217.269
ZSC[04, 03] = 257.986
ZSC[04, 04] = 274.609
Average SP performance (diagonal/self-copy): 278.287 +- 23.440 SE over 5 pairs
Average XP performance (off-diagonal/excluding self): 256.947 +- 5.771 SE over 20 ordered pairs
Saved ZSC results to zsc_results/lmpredV2_no_self_pred/coord_ring
Saved ZSC heatmap to zsc_results/lmpredV2_no_self_pred/coord_ring/xp_matrix.png
Using alignment rollout scale: ALIGN_PAIR_BATCH_SIZE=1, ALIGN_EVAL_NUM_EPISODES=128, ALIGN_EVAL_NUM_STEPS=400
ALIGN ego[00] partner[00] R2=0.919300 NMSE=0.080700 shuffled_R2=-0.016483
ALIGN ego[00] partner[01] R2=0.600706 NMSE=0.399294 shuffled_R2=-0.032220
ALIGN ego[00] partner[02] R2=0.874111 NMSE=0.125889 shuffled_R2=-0.017920
ALIGN ego[00] partner[03] R2=0.809935 NMSE=0.190065 shuffled_R2=-0.017832
ALIGN ego[00] partner[04] R2=0.857106 NMSE=0.142894 shuffled_R2=-0.024662
ALIGN ego[01] partner[00] R2=0.804242 NMSE=0.195758 shuffled_R2=-0.024889
ALIGN ego[01] partner[01] R2=0.893273 NMSE=0.106727 shuffled_R2=-0.019607
ALIGN ego[01] partner[02] R2=0.720861 NMSE=0.279139 shuffled_R2=-0.056747
ALIGN ego[01] partner[03] R2=0.811488 NMSE=0.188512 shuffled_R2=-0.038802
ALIGN ego[01] partner[04] R2=0.688380 NMSE=0.311620 shuffled_R2=-0.040403
ALIGN ego[02] partner[00] R2=0.879781 NMSE=0.120219 shuffled_R2=-0.018196
ALIGN ego[02] partner[01] R2=0.883211 NMSE=0.116789 shuffled_R2=-0.016196
ALIGN ego[02] partner[02] R2=0.898299 NMSE=0.101701 shuffled_R2=-0.014309
ALIGN ego[02] partner[03] R2=0.779296 NMSE=0.220704 shuffled_R2=-0.020392
ALIGN ego[02] partner[04] R2=0.779653 NMSE=0.220347 shuffled_R2=-0.022055
ALIGN ego[03] partner[00] R2=0.799794 NMSE=0.200206 shuffled_R2=-0.018644
ALIGN ego[03] partner[01] R2=0.905877 NMSE=0.094123 shuffled_R2=-0.020072
ALIGN ego[03] partner[02] R2=0.809667 NMSE=0.190333 shuffled_R2=-0.019108
ALIGN ego[03] partner[03] R2=0.853358 NMSE=0.146642 shuffled_R2=-0.026940
ALIGN ego[03] partner[04] R2=0.698263 NMSE=0.301737 shuffled_R2=-0.024975
ALIGN ego[04] partner[00] R2=0.908318 NMSE=0.091682 shuffled_R2=-0.013684
ALIGN ego[04] partner[01] R2=0.884320 NMSE=0.115680 shuffled_R2=-0.014635
ALIGN ego[04] partner[02] R2=0.871111 NMSE=0.128889 shuffled_R2=-0.016854
ALIGN ego[04] partner[03] R2=0.730533 NMSE=0.269467 shuffled_R2=-0.034460
ALIGN ego[04] partner[04] R2=0.910580 NMSE=0.089420 shuffled_R2=-0.016659
Average ego-to-partner alignment R2: 0.822859 +- 0.016661 SE over 25 ego-partner pairs
Average alignment normalized MSE: 0.177141 +- 0.016661 SE
Average shuffled-control alignment R2: -0.023470 +- 0.002027 SE
Saved alignment results to zsc_results/lmpredV2_no_self_pred/coord_ring
Evaluating ZSC for method=lmpredV2_no_self_pred, layout=asymm_advantages, prefix=checkpoints/lmpredV2_no_self_pred/, result_name=lmpredV2_no_self_pred, perspective_transform=true
Importing submoduled environments...
Submoduled environments not found. Skipping import.
LOADED: checkpoints/lmpredV2_no_self_pred/asymm_advantages/baseline_seed_0_step_220.msgpack
LOADED: checkpoints/lmpredV2_no_self_pred/asymm_advantages/baseline_seed_1_step_220.msgpack
LOADED: checkpoints/lmpredV2_no_self_pred/asymm_advantages/baseline_seed_2_step_220.msgpack
LOADED: checkpoints/lmpredV2_no_self_pred/asymm_advantages/baseline_seed_3_step_220.msgpack
LOADED: checkpoints/lmpredV2_no_self_pred/asymm_advantages/baseline_seed_4_step_220.msgpack
ZSC[00, 00] = 477.839
ZSC[00, 01] = 500.000
ZSC[00, 02] = 428.603
ZSC[00, 03] = 498.842
ZSC[00, 04] = 415.073
ZSC[01, 00] = 390.520
ZSC[01, 01] = 422.375
ZSC[01, 02] = 371.062
ZSC[01, 03] = 415.273
ZSC[01, 04] = 347.408
ZSC[02, 00] = 463.042
ZSC[02, 01] = 476.806
ZSC[02, 02] = 434.602
ZSC[02, 03] = 476.547
ZSC[02, 04] = 440.750
ZSC[03, 00] = 424.052
ZSC[03, 01] = 466.453
ZSC[03, 02] = 393.466
ZSC[03, 03] = 461.680
ZSC[03, 04] = 398.278
ZSC[04, 00] = 442.431
ZSC[04, 01] = 440.677
ZSC[04, 02] = 418.959
ZSC[04, 03] = 448.144
ZSC[04, 04] = 409.378
Average SP performance (diagonal/self-copy): 441.175 +- 12.594 SE over 5 pairs
Average XP performance (off-diagonal/excluding self): 432.819 +- 9.143 SE over 20 ordered pairs
Saved ZSC results to zsc_results/lmpredV2_no_self_pred/asymm_advantages
Saved ZSC heatmap to zsc_results/lmpredV2_no_self_pred/asymm_advantages/xp_matrix.png
Using alignment rollout scale: ALIGN_PAIR_BATCH_SIZE=1, ALIGN_EVAL_NUM_EPISODES=128, ALIGN_EVAL_NUM_STEPS=400
ALIGN ego[00] partner[00] R2=0.923591 NMSE=0.076409 shuffled_R2=-0.017271
ALIGN ego[00] partner[01] R2=0.952837 NMSE=0.047163 shuffled_R2=-0.015944
ALIGN ego[00] partner[02] R2=0.915410 NMSE=0.084590 shuffled_R2=-0.027319
ALIGN ego[00] partner[03] R2=0.939090 NMSE=0.060910 shuffled_R2=-0.017784
ALIGN ego[00] partner[04] R2=0.933248 NMSE=0.066752 shuffled_R2=-0.017842
ALIGN ego[01] partner[00] R2=0.927427 NMSE=0.072573 shuffled_R2=-0.020997
ALIGN ego[01] partner[01] R2=0.960355 NMSE=0.039645 shuffled_R2=-0.017495
ALIGN ego[01] partner[02] R2=0.881747 NMSE=0.118253 shuffled_R2=-0.015786
ALIGN ego[01] partner[03] R2=0.926034 NMSE=0.073966 shuffled_R2=-0.024710
ALIGN ego[01] partner[04] R2=0.944244 NMSE=0.055756 shuffled_R2=-0.016711
ALIGN ego[02] partner[00] R2=0.900843 NMSE=0.099157 shuffled_R2=-0.018563
ALIGN ego[02] partner[01] R2=0.917668 NMSE=0.082332 shuffled_R2=-0.014965
ALIGN ego[02] partner[02] R2=0.876295 NMSE=0.123705 shuffled_R2=-0.020781
ALIGN ego[02] partner[03] R2=0.881315 NMSE=0.118685 shuffled_R2=-0.020769
ALIGN ego[02] partner[04] R2=0.909508 NMSE=0.090492 shuffled_R2=-0.014997
ALIGN ego[03] partner[00] R2=0.940194 NMSE=0.059806 shuffled_R2=-0.021059
ALIGN ego[03] partner[01] R2=0.945355 NMSE=0.054645 shuffled_R2=-0.017007
ALIGN ego[03] partner[02] R2=0.655437 NMSE=0.344563 shuffled_R2=-0.027144
ALIGN ego[03] partner[03] R2=0.927720 NMSE=0.072280 shuffled_R2=-0.022397
ALIGN ego[03] partner[04] R2=0.581937 NMSE=0.418063 shuffled_R2=-0.119151
ALIGN ego[04] partner[00] R2=0.820979 NMSE=0.179021 shuffled_R2=-0.025745
ALIGN ego[04] partner[01] R2=0.922135 NMSE=0.077865 shuffled_R2=-0.016726
ALIGN ego[04] partner[02] R2=0.848723 NMSE=0.151277 shuffled_R2=-0.021154
ALIGN ego[04] partner[03] R2=0.864927 NMSE=0.135073 shuffled_R2=-0.023218
ALIGN ego[04] partner[04] R2=0.930417 NMSE=0.069583 shuffled_R2=-0.016124
Average ego-to-partner alignment R2: 0.889097 +- 0.017742 SE over 25 ego-partner pairs
Average alignment normalized MSE: 0.110903 +- 0.017742 SE
Average shuffled-control alignment R2: -0.023666 +- 0.004048 SE
Saved alignment results to zsc_results/lmpredV2_no_self_pred/asymm_advantages
Evaluating ZSC for method=lmpredV2_no_self_pred, layout=forced_coord, prefix=checkpoints/lmpredV2_no_self_pred/, result_name=lmpredV2_no_self_pred, perspective_transform=true
Importing submoduled environments...
Submoduled environments not found. Skipping import.
LOADED: checkpoints/lmpredV2_no_self_pred/forced_coord/baseline_seed_0_step_220.msgpack
LOADED: checkpoints/lmpredV2_no_self_pred/forced_coord/baseline_seed_1_step_220.msgpack
LOADED: checkpoints/lmpredV2_no_self_pred/forced_coord/baseline_seed_2_step_220.msgpack
LOADED: checkpoints/lmpredV2_no_self_pred/forced_coord/baseline_seed_3_step_220.msgpack
LOADED: checkpoints/lmpredV2_no_self_pred/forced_coord/baseline_seed_4_step_220.msgpack
ZSC[00, 00] = 283.103
ZSC[00, 01] = 232.631
ZSC[00, 02] = 256.650
ZSC[00, 03] = 248.894
ZSC[00, 04] = 201.955
ZSC[01, 00] = 13.666
ZSC[01, 01] = 306.450
ZSC[01, 02] = 1.411
ZSC[01, 03] = 1.466
ZSC[01, 04] = 89.941
ZSC[02, 00] = 248.014
ZSC[02, 01] = 32.411
ZSC[02, 02] = 260.370
ZSC[02, 03] = 130.300
ZSC[02, 04] = 248.825
ZSC[03, 00] = 24.331
ZSC[03, 01] = 177.091
ZSC[03, 02] = 15.405
ZSC[03, 03] = 308.902
ZSC[03, 04] = 276.617
ZSC[04, 00] = 175.444
ZSC[04, 01] = 117.577
ZSC[04, 02] = 95.134
ZSC[04, 03] = 211.573
ZSC[04, 04] = 313.803
Average SP performance (diagonal/self-copy): 294.526 +- 10.044 SE over 5 pairs
Average XP performance (off-diagonal/excluding self): 139.967 +- 22.229 SE over 20 ordered pairs
Saved ZSC results to zsc_results/lmpredV2_no_self_pred/forced_coord
Saved ZSC heatmap to zsc_results/lmpredV2_no_self_pred/forced_coord/xp_matrix.png
Using alignment rollout scale: ALIGN_PAIR_BATCH_SIZE=1, ALIGN_EVAL_NUM_EPISODES=128, ALIGN_EVAL_NUM_STEPS=400
ALIGN ego[00] partner[00] R2=0.944823 NMSE=0.055177 shuffled_R2=-0.014717
ALIGN ego[00] partner[01] R2=0.949635 NMSE=0.050365 shuffled_R2=-0.016519
ALIGN ego[00] partner[02] R2=0.933832 NMSE=0.066168 shuffled_R2=-0.016013
ALIGN ego[00] partner[03] R2=0.924987 NMSE=0.075013 shuffled_R2=-0.015872
ALIGN ego[00] partner[04] R2=0.967878 NMSE=0.032122 shuffled_R2=-0.015687
ALIGN ego[01] partner[00] R2=0.923834 NMSE=0.076166 shuffled_R2=-0.032282
ALIGN ego[01] partner[01] R2=0.943524 NMSE=0.056476 shuffled_R2=-0.014723
ALIGN ego[01] partner[02] R2=0.750135 NMSE=0.249865 shuffled_R2=-0.065507
ALIGN ego[01] partner[03] R2=0.941181 NMSE=0.058819 shuffled_R2=-0.025308
ALIGN ego[01] partner[04] R2=0.944730 NMSE=0.055270 shuffled_R2=-0.019854
ALIGN ego[02] partner[00] R2=0.921161 NMSE=0.078839 shuffled_R2=-0.015441
ALIGN ego[02] partner[01] R2=0.829921 NMSE=0.170079 shuffled_R2=-0.055746
ALIGN ego[02] partner[02] R2=0.793138 NMSE=0.206862 shuffled_R2=-0.034651
ALIGN ego[02] partner[03] R2=0.890080 NMSE=0.109920 shuffled_R2=-0.025860
ALIGN ego[02] partner[04] R2=0.935883 NMSE=0.064117 shuffled_R2=-0.015045
ALIGN ego[03] partner[00] R2=0.922148 NMSE=0.077852 shuffled_R2=-0.020981
ALIGN ego[03] partner[01] R2=0.903498 NMSE=0.096502 shuffled_R2=-0.014301
ALIGN ego[03] partner[02] R2=0.946441 NMSE=0.053559 shuffled_R2=-0.018728
ALIGN ego[03] partner[03] R2=0.933265 NMSE=0.066735 shuffled_R2=-0.015814
ALIGN ego[03] partner[04] R2=0.941165 NMSE=0.058835 shuffled_R2=-0.016991
ALIGN ego[04] partner[00] R2=0.924927 NMSE=0.075073 shuffled_R2=-0.013421
ALIGN ego[04] partner[01] R2=0.958981 NMSE=0.041019 shuffled_R2=-0.013725
ALIGN ego[04] partner[02] R2=0.910937 NMSE=0.089063 shuffled_R2=-0.014293
ALIGN ego[04] partner[03] R2=0.927915 NMSE=0.072085 shuffled_R2=-0.014306
ALIGN ego[04] partner[04] R2=0.939763 NMSE=0.060237 shuffled_R2=-0.016505
Average ego-to-partner alignment R2: 0.916151 +- 0.010259 SE over 25 ego-partner pairs
Average alignment normalized MSE: 0.083849 +- 0.010259 SE
Average shuffled-control alignment R2: -0.021692 +- 0.002611 SE
Saved alignment results to zsc_results/lmpredV2_no_self_pred/forced_coord
Evaluating ZSC for method=lmpredV202, layout=cramped_room5x5, prefix=checkpoints/lmpredV202/, result_name=lmpredV202, perspective_transform=true
Importing submoduled environments...
Submoduled environments not found. Skipping import.
LOADED: checkpoints/lmpredV202/cramped_room5x5/baseline_seed_0_step_220.msgpack
LOADED: checkpoints/lmpredV202/cramped_room5x5/baseline_seed_1_step_220.msgpack
LOADED: checkpoints/lmpredV202/cramped_room5x5/baseline_seed_2_step_220.msgpack
LOADED: checkpoints/lmpredV202/cramped_room5x5/baseline_seed_3_step_220.msgpack
LOADED: checkpoints/lmpredV202/cramped_room5x5/baseline_seed_4_step_220.msgpack
ZSC[00, 00] = 240.364
ZSC[00, 01] = 236.039
ZSC[00, 02] = 236.891
ZSC[00, 03] = 237.095
ZSC[00, 04] = 242.002
ZSC[01, 00] = 236.105
ZSC[01, 01] = 236.675
ZSC[01, 02] = 232.230
ZSC[01, 03] = 216.553
ZSC[01, 04] = 237.584
ZSC[02, 00] = 237.266
ZSC[02, 01] = 232.189
ZSC[02, 02] = 245.502
ZSC[02, 03] = 219.011
ZSC[02, 04] = 236.962
ZSC[03, 00] = 237.387
ZSC[03, 01] = 216.056
ZSC[03, 02] = 220.652
ZSC[03, 03] = 244.650
ZSC[03, 04] = 232.097
ZSC[04, 00] = 241.953
ZSC[04, 01] = 237.589
ZSC[04, 02] = 236.720
ZSC[04, 03] = 232.223
ZSC[04, 04] = 213.637
Average SP performance (diagonal/self-copy): 236.166 +- 5.850 SE over 5 pairs
Average XP performance (off-diagonal/excluding self): 232.730 +- 1.798 SE over 20 ordered pairs
Saved ZSC results to zsc_results/lmpredV202/cramped_room5x5
Saved ZSC heatmap to zsc_results/lmpredV202/cramped_room5x5/xp_matrix.png
Using alignment rollout scale: ALIGN_PAIR_BATCH_SIZE=1, ALIGN_EVAL_NUM_EPISODES=128, ALIGN_EVAL_NUM_STEPS=400
ALIGN ego[00] partner[00] R2=0.828259 NMSE=0.171741 shuffled_R2=-0.032593
ALIGN ego[00] partner[01] R2=0.927941 NMSE=0.072059 shuffled_R2=-0.017425
ALIGN ego[00] partner[02] R2=0.937291 NMSE=0.062709 shuffled_R2=-0.015580
ALIGN ego[00] partner[03] R2=0.908825 NMSE=0.091175 shuffled_R2=-0.020638
ALIGN ego[00] partner[04] R2=0.866706 NMSE=0.133294 shuffled_R2=-0.058152
ALIGN ego[01] partner[00] R2=0.931405 NMSE=0.068595 shuffled_R2=-0.015847
ALIGN ego[01] partner[01] R2=0.931116 NMSE=0.068884 shuffled_R2=-0.019395
ALIGN ego[01] partner[02] R2=0.911586 NMSE=0.088414 shuffled_R2=-0.015314
ALIGN ego[01] partner[03] R2=0.924820 NMSE=0.075180 shuffled_R2=-0.017880
ALIGN ego[01] partner[04] R2=0.940449 NMSE=0.059551 shuffled_R2=-0.017432
ALIGN ego[02] partner[00] R2=0.825214 NMSE=0.174786 shuffled_R2=-0.072848
ALIGN ego[02] partner[01] R2=0.870350 NMSE=0.129650 shuffled_R2=-0.035152
ALIGN ego[02] partner[02] R2=0.945261 NMSE=0.054739 shuffled_R2=-0.013465
ALIGN ego[02] partner[03] R2=0.943832 NMSE=0.056168 shuffled_R2=-0.018686
ALIGN ego[02] partner[04] R2=0.940685 NMSE=0.059315 shuffled_R2=-0.016061
ALIGN ego[03] partner[00] R2=0.934106 NMSE=0.065894 shuffled_R2=-0.014845
ALIGN ego[03] partner[01] R2=0.952539 NMSE=0.047461 shuffled_R2=-0.015752
ALIGN ego[03] partner[02] R2=0.906456 NMSE=0.093544 shuffled_R2=-0.021141
ALIGN ego[03] partner[03] R2=0.946993 NMSE=0.053007 shuffled_R2=-0.014832
ALIGN ego[03] partner[04] R2=0.940244 NMSE=0.059756 shuffled_R2=-0.015834
ALIGN ego[04] partner[00] R2=0.933150 NMSE=0.066850 shuffled_R2=-0.017947
ALIGN ego[04] partner[01] R2=0.927648 NMSE=0.072352 shuffled_R2=-0.020336
ALIGN ego[04] partner[02] R2=0.920014 NMSE=0.079986 shuffled_R2=-0.020231
ALIGN ego[04] partner[03] R2=0.929167 NMSE=0.070833 shuffled_R2=-0.014980
ALIGN ego[04] partner[04] R2=0.846956 NMSE=0.153044 shuffled_R2=-0.050299
Average ego-to-partner alignment R2: 0.914840 +- 0.007434 SE over 25 ego-partner pairs
Average alignment normalized MSE: 0.085160 +- 0.007434 SE
Average shuffled-control alignment R2: -0.023707 +- 0.003019 SE
Saved alignment results to zsc_results/lmpredV202/cramped_room5x5
Evaluating ZSC for method=lmpredV202, layout=counter_circuit, prefix=checkpoints/lmpredV202/, result_name=lmpredV202, perspective_transform=true
Importing submoduled environments...
Submoduled environments not found. Skipping import.
LOADED: checkpoints/lmpredV202/counter_circuit/baseline_seed_0_step_380.msgpack
LOADED: checkpoints/lmpredV202/counter_circuit/baseline_seed_1_step_380.msgpack
LOADED: checkpoints/lmpredV202/counter_circuit/baseline_seed_2_step_380.msgpack
LOADED: checkpoints/lmpredV202/counter_circuit/baseline_seed_3_step_380.msgpack
LOADED: checkpoints/lmpredV202/counter_circuit/baseline_seed_4_step_380.msgpack
ZSC[00, 00] = 194.077
ZSC[00, 01] = 178.350
ZSC[00, 02] = 157.886
ZSC[00, 03] = 120.709
ZSC[00, 04] = 190.470
ZSC[01, 00] = 179.087
ZSC[01, 01] = 245.283
ZSC[01, 02] = 215.587
ZSC[01, 03] = 195.483
ZSC[01, 04] = 171.250
ZSC[02, 00] = 157.462
ZSC[02, 01] = 217.678
ZSC[02, 02] = 230.231
ZSC[02, 03] = 160.145
ZSC[02, 04] = 153.595
ZSC[03, 00] = 120.119
ZSC[03, 01] = 194.800
ZSC[03, 02] = 155.613
ZSC[03, 03] = 220.741
ZSC[03, 04] = 83.603
ZSC[04, 00] = 190.272
ZSC[04, 01] = 170.745
ZSC[04, 02] = 154.014
ZSC[04, 03] = 83.133
ZSC[04, 04] = 185.903
Average SP performance (diagonal/self-copy): 215.247 +- 11.104 SE over 5 pairs
Average XP performance (off-diagonal/excluding self): 162.500 +- 8.357 SE over 20 ordered pairs
Saved ZSC results to zsc_results/lmpredV202/counter_circuit
Saved ZSC heatmap to zsc_results/lmpredV202/counter_circuit/xp_matrix.png
Using alignment rollout scale: ALIGN_PAIR_BATCH_SIZE=1, ALIGN_EVAL_NUM_EPISODES=128, ALIGN_EVAL_NUM_STEPS=400
ALIGN ego[00] partner[00] R2=0.734685 NMSE=0.265315 shuffled_R2=-0.021958
ALIGN ego[00] partner[01] R2=0.745004 NMSE=0.254996 shuffled_R2=-0.020225
ALIGN ego[00] partner[02] R2=0.723228 NMSE=0.276772 shuffled_R2=-0.021255
ALIGN ego[00] partner[03] R2=0.647875 NMSE=0.352125 shuffled_R2=-0.036241
ALIGN ego[00] partner[04] R2=0.808330 NMSE=0.191670 shuffled_R2=-0.022871
ALIGN ego[01] partner[00] R2=0.744206 NMSE=0.255794 shuffled_R2=-0.020938
ALIGN ego[01] partner[01] R2=0.852835 NMSE=0.147165 shuffled_R2=-0.016654
ALIGN ego[01] partner[02] R2=0.803784 NMSE=0.196216 shuffled_R2=-0.016773
ALIGN ego[01] partner[03] R2=0.761017 NMSE=0.238983 shuffled_R2=-0.023783
ALIGN ego[01] partner[04] R2=0.754247 NMSE=0.245753 shuffled_R2=-0.015546
ALIGN ego[02] partner[00] R2=0.826612 NMSE=0.173388 shuffled_R2=-0.015308
ALIGN ego[02] partner[01] R2=0.797345 NMSE=0.202655 shuffled_R2=-0.016692
ALIGN ego[02] partner[02] R2=0.825488 NMSE=0.174512 shuffled_R2=-0.017592
ALIGN ego[02] partner[03] R2=0.816749 NMSE=0.183251 shuffled_R2=-0.016528
ALIGN ego[02] partner[04] R2=0.755540 NMSE=0.244460 shuffled_R2=-0.018493
ALIGN ego[03] partner[00] R2=0.782337 NMSE=0.217663 shuffled_R2=-0.018561
ALIGN ego[03] partner[01] R2=0.841482 NMSE=0.158518 shuffled_R2=-0.017714
ALIGN ego[03] partner[02] R2=0.793753 NMSE=0.206247 shuffled_R2=-0.018342
ALIGN ego[03] partner[03] R2=0.822317 NMSE=0.177683 shuffled_R2=-0.016099
ALIGN ego[03] partner[04] R2=0.804840 NMSE=0.195160 shuffled_R2=-0.018069
ALIGN ego[04] partner[00] R2=0.717138 NMSE=0.282862 shuffled_R2=-0.020391
ALIGN ego[04] partner[01] R2=0.785198 NMSE=0.214802 shuffled_R2=-0.014846
ALIGN ego[04] partner[02] R2=0.758066 NMSE=0.241934 shuffled_R2=-0.016244
ALIGN ego[04] partner[03] R2=0.773048 NMSE=0.226952 shuffled_R2=-0.019436
ALIGN ego[04] partner[04] R2=0.819758 NMSE=0.180242 shuffled_R2=-0.014028
Average ego-to-partner alignment R2: 0.779795 +- 0.009300 SE over 25 ego-partner pairs
Average alignment normalized MSE: 0.220205 +- 0.009300 SE
Average shuffled-control alignment R2: -0.018984 +- 0.000882 SE
Saved alignment results to zsc_results/lmpredV202/counter_circuit
Evaluating ZSC for method=lmpredV202, layout=coord_ring, prefix=checkpoints/lmpredV202/, result_name=lmpredV202, perspective_transform=true
Importing submoduled environments...
Submoduled environments not found. Skipping import.
LOADED: checkpoints/lmpredV202/coord_ring/baseline_seed_0_step_220.msgpack
LOADED: checkpoints/lmpredV202/coord_ring/baseline_seed_1_step_220.msgpack
LOADED: checkpoints/lmpredV202/coord_ring/baseline_seed_2_step_220.msgpack
LOADED: checkpoints/lmpredV202/coord_ring/baseline_seed_3_step_220.msgpack
LOADED: checkpoints/lmpredV202/coord_ring/baseline_seed_4_step_220.msgpack
ZSC[00, 00] = 263.314
ZSC[00, 01] = 263.944
ZSC[00, 02] = 263.966
ZSC[00, 03] = 265.234
ZSC[00, 04] = 239.305
ZSC[01, 00] = 263.466
ZSC[01, 01] = 257.295
ZSC[01, 02] = 264.844
ZSC[01, 03] = 284.992
ZSC[01, 04] = 302.997
ZSC[02, 00] = 263.934
ZSC[02, 01] = 264.992
ZSC[02, 02] = 278.234
ZSC[02, 03] = 272.661
ZSC[02, 04] = 281.894
ZSC[03, 00] = 266.048
ZSC[03, 01] = 285.130
ZSC[03, 02] = 272.686
ZSC[03, 03] = 289.114
ZSC[03, 04] = 295.483
ZSC[04, 00] = 238.519
ZSC[04, 01] = 302.413
ZSC[04, 02] = 281.703
ZSC[04, 03] = 295.686
ZSC[04, 04] = 304.939
Average SP performance (diagonal/self-copy): 278.579 +- 8.637 SE over 5 pairs
Average XP performance (off-diagonal/excluding self): 273.495 +- 4.015 SE over 20 ordered pairs
Saved ZSC results to zsc_results/lmpredV202/coord_ring
Saved ZSC heatmap to zsc_results/lmpredV202/coord_ring/xp_matrix.png
Using alignment rollout scale: ALIGN_PAIR_BATCH_SIZE=1, ALIGN_EVAL_NUM_EPISODES=128, ALIGN_EVAL_NUM_STEPS=400
ALIGN ego[00] partner[00] R2=0.859971 NMSE=0.140029 shuffled_R2=-0.014771
ALIGN ego[00] partner[01] R2=0.752464 NMSE=0.247536 shuffled_R2=-0.018994
ALIGN ego[00] partner[02] R2=0.786469 NMSE=0.213531 shuffled_R2=-0.025219
ALIGN ego[00] partner[03] R2=0.776461 NMSE=0.223539 shuffled_R2=-0.022597
ALIGN ego[00] partner[04] R2=0.829892 NMSE=0.170108 shuffled_R2=-0.017995
ALIGN ego[01] partner[00] R2=0.812839 NMSE=0.187161 shuffled_R2=-0.023525
ALIGN ego[01] partner[01] R2=0.856057 NMSE=0.143943 shuffled_R2=-0.018945
ALIGN ego[01] partner[02] R2=0.869828 NMSE=0.130172 shuffled_R2=-0.013030
ALIGN ego[01] partner[03] R2=0.842862 NMSE=0.157138 shuffled_R2=-0.020029
ALIGN ego[01] partner[04] R2=0.878521 NMSE=0.121479 shuffled_R2=-0.014711
ALIGN ego[02] partner[00] R2=0.849571 NMSE=0.150429 shuffled_R2=-0.014850
ALIGN ego[02] partner[01] R2=0.835906 NMSE=0.164094 shuffled_R2=-0.024122
ALIGN ego[02] partner[02] R2=0.888517 NMSE=0.111483 shuffled_R2=-0.015986
ALIGN ego[02] partner[03] R2=0.879465 NMSE=0.120535 shuffled_R2=-0.016340
ALIGN ego[02] partner[04] R2=0.835010 NMSE=0.164990 shuffled_R2=-0.017321
ALIGN ego[03] partner[00] R2=0.896232 NMSE=0.103768 shuffled_R2=-0.014050
ALIGN ego[03] partner[01] R2=0.846351 NMSE=0.153649 shuffled_R2=-0.018261
ALIGN ego[03] partner[02] R2=0.897251 NMSE=0.102749 shuffled_R2=-0.015028
ALIGN ego[03] partner[03] R2=0.851797 NMSE=0.148203 shuffled_R2=-0.016012
ALIGN ego[03] partner[04] R2=0.869587 NMSE=0.130413 shuffled_R2=-0.014925
ALIGN ego[04] partner[00] R2=0.899699 NMSE=0.100301 shuffled_R2=-0.012915
ALIGN ego[04] partner[01] R2=0.870665 NMSE=0.129335 shuffled_R2=-0.013650
ALIGN ego[04] partner[02] R2=0.867941 NMSE=0.132059 shuffled_R2=-0.015764
ALIGN ego[04] partner[03] R2=0.881126 NMSE=0.118874 shuffled_R2=-0.015277
ALIGN ego[04] partner[04] R2=0.849374 NMSE=0.150626 shuffled_R2=-0.015121
Average ego-to-partner alignment R2: 0.851354 +- 0.007508 SE over 25 ego-partner pairs
Average alignment normalized MSE: 0.148646 +- 0.007508 SE
Average shuffled-control alignment R2: -0.017178 +- 0.000703 SE
Saved alignment results to zsc_results/lmpredV202/coord_ring
Evaluating ZSC for method=lmpredV202, layout=asymm_advantages, prefix=checkpoints/lmpredV202/, result_name=lmpredV202, perspective_transform=true
Importing submoduled environments...
Submoduled environments not found. Skipping import.
LOADED: checkpoints/lmpredV202/asymm_advantages/baseline_seed_0_step_220.msgpack
LOADED: checkpoints/lmpredV202/asymm_advantages/baseline_seed_1_step_220.msgpack
LOADED: checkpoints/lmpredV202/asymm_advantages/baseline_seed_2_step_220.msgpack
LOADED: checkpoints/lmpredV202/asymm_advantages/baseline_seed_3_step_220.msgpack
LOADED: checkpoints/lmpredV202/asymm_advantages/baseline_seed_4_step_220.msgpack
ZSC[00, 00] = 472.811
ZSC[00, 01] = 454.291
ZSC[00, 02] = 497.000
ZSC[00, 03] = 481.309
ZSC[00, 04] = 455.548
ZSC[01, 00] = 463.792
ZSC[01, 01] = 447.478
ZSC[01, 02] = 497.641
ZSC[01, 03] = 478.939
ZSC[01, 04] = 453.398
ZSC[02, 00] = 473.303
ZSC[02, 01] = 445.291
ZSC[02, 02] = 499.409
ZSC[02, 03] = 473.995
ZSC[02, 04] = 447.811
ZSC[03, 00] = 370.306
ZSC[03, 01] = 354.337
ZSC[03, 02] = 383.761
ZSC[03, 03] = 372.562
ZSC[03, 04] = 358.919
ZSC[04, 00] = 478.478
ZSC[04, 01] = 459.181
ZSC[04, 02] = 502.878
ZSC[04, 03] = 476.481
ZSC[04, 04] = 471.142
Average SP performance (diagonal/self-copy): 452.681 +- 21.651 SE over 5 pairs
Average XP performance (off-diagonal/excluding self): 450.333 +- 10.294 SE over 20 ordered pairs
Saved ZSC results to zsc_results/lmpredV202/asymm_advantages
Saved ZSC heatmap to zsc_results/lmpredV202/asymm_advantages/xp_matrix.png
Using alignment rollout scale: ALIGN_PAIR_BATCH_SIZE=1, ALIGN_EVAL_NUM_EPISODES=128, ALIGN_EVAL_NUM_STEPS=400
ALIGN ego[00] partner[00] R2=0.928603 NMSE=0.071397 shuffled_R2=-0.020821
ALIGN ego[00] partner[01] R2=0.942149 NMSE=0.057851 shuffled_R2=-0.015703
ALIGN ego[00] partner[02] R2=0.954781 NMSE=0.045219 shuffled_R2=-0.024410
ALIGN ego[00] partner[03] R2=0.960718 NMSE=0.039282 shuffled_R2=-0.018415
ALIGN ego[00] partner[04] R2=0.906864 NMSE=0.093136 shuffled_R2=-0.028350
ALIGN ego[01] partner[00] R2=0.944818 NMSE=0.055182 shuffled_R2=-0.021641
ALIGN ego[01] partner[01] R2=0.943894 NMSE=0.056106 shuffled_R2=-0.018755
ALIGN ego[01] partner[02] R2=0.964012 NMSE=0.035988 shuffled_R2=-0.018334
ALIGN ego[01] partner[03] R2=0.969019 NMSE=0.030981 shuffled_R2=-0.020935
ALIGN ego[01] partner[04] R2=0.482309 NMSE=0.517691 shuffled_R2=-0.314936
ALIGN ego[02] partner[00] R2=0.906491 NMSE=0.093509 shuffled_R2=-0.032993
ALIGN ego[02] partner[01] R2=0.901220 NMSE=0.098780 shuffled_R2=-0.014625
ALIGN ego[02] partner[02] R2=0.957237 NMSE=0.042763 shuffled_R2=-0.018923
ALIGN ego[02] partner[03] R2=0.947774 NMSE=0.052226 shuffled_R2=-0.015581
ALIGN ego[02] partner[04] R2=0.893342 NMSE=0.106658 shuffled_R2=-0.016009
ALIGN ego[03] partner[00] R2=0.932191 NMSE=0.067809 shuffled_R2=-0.014912
ALIGN ego[03] partner[01] R2=0.911608 NMSE=0.088392 shuffled_R2=-0.018855
ALIGN ego[03] partner[02] R2=0.943740 NMSE=0.056260 shuffled_R2=-0.015717
ALIGN ego[03] partner[03] R2=0.956803 NMSE=0.043197 shuffled_R2=-0.023351
ALIGN ego[03] partner[04] R2=0.906226 NMSE=0.093774 shuffled_R2=-0.017238
ALIGN ego[04] partner[00] R2=0.849398 NMSE=0.150602 shuffled_R2=-0.024835
ALIGN ego[04] partner[01] R2=0.924267 NMSE=0.075733 shuffled_R2=-0.018239
ALIGN ego[04] partner[02] R2=0.925587 NMSE=0.074413 shuffled_R2=-0.016476
ALIGN ego[04] partner[03] R2=0.939721 NMSE=0.060279 shuffled_R2=-0.016089
ALIGN ego[04] partner[04] R2=0.928003 NMSE=0.071997 shuffled_R2=-0.020690
Average ego-to-partner alignment R2: 0.912831 +- 0.018737 SE over 25 ego-partner pairs
Average alignment normalized MSE: 0.087169 +- 0.018737 SE
Average shuffled-control alignment R2: -0.031473 +- 0.011844 SE
Saved alignment results to zsc_results/lmpredV202/asymm_advantages
Evaluating ZSC for method=lmpredV202, layout=forced_coord, prefix=checkpoints/lmpredV202/, result_name=lmpredV202, perspective_transform=true
Importing submoduled environments...
Submoduled environments not found. Skipping import.
LOADED: checkpoints/lmpredV202/forced_coord/baseline_seed_0_step_220.msgpack
LOADED: checkpoints/lmpredV202/forced_coord/baseline_seed_1_step_220.msgpack
LOADED: checkpoints/lmpredV202/forced_coord/baseline_seed_2_step_220.msgpack
LOADED: checkpoints/lmpredV202/forced_coord/baseline_seed_3_step_220.msgpack
LOADED: checkpoints/lmpredV202/forced_coord/baseline_seed_4_step_220.msgpack
ZSC[00, 00] = 318.995
ZSC[00, 01] = 73.278
ZSC[00, 02] = 276.447
ZSC[00, 03] = 30.438
ZSC[00, 04] = 164.295
ZSC[01, 00] = 284.425
ZSC[01, 01] = 316.609
ZSC[01, 02] = 250.841
ZSC[01, 03] = 30.883
ZSC[01, 04] = 278.337
ZSC[02, 00] = 320.000
ZSC[02, 01] = 180.106
ZSC[02, 02] = 280.000
ZSC[02, 03] = 281.856
ZSC[02, 04] = 152.208
ZSC[03, 00] = 249.948
ZSC[03, 01] = 32.831
ZSC[03, 02] = 228.089
ZSC[03, 03] = 297.303
ZSC[03, 04] = 114.017
ZSC[04, 00] = 37.294
ZSC[04, 01] = 116.486
ZSC[04, 02] = 141.639
ZSC[04, 03] = 87.245
ZSC[04, 04] = 257.575
Average SP performance (diagonal/self-copy): 294.097 +- 11.553 SE over 5 pairs
Average XP performance (off-diagonal/excluding self): 166.533 +- 22.121 SE over 20 ordered pairs
Saved ZSC results to zsc_results/lmpredV202/forced_coord
Saved ZSC heatmap to zsc_results/lmpredV202/forced_coord/xp_matrix.png
Using alignment rollout scale: ALIGN_PAIR_BATCH_SIZE=1, ALIGN_EVAL_NUM_EPISODES=128, ALIGN_EVAL_NUM_STEPS=400
ALIGN ego[00] partner[00] R2=0.945112 NMSE=0.054888 shuffled_R2=-0.018546
ALIGN ego[00] partner[01] R2=0.934633 NMSE=0.065367 shuffled_R2=-0.015177
ALIGN ego[00] partner[02] R2=0.971929 NMSE=0.028071 shuffled_R2=-0.014775
ALIGN ego[00] partner[03] R2=0.916574 NMSE=0.083426 shuffled_R2=-0.028446
ALIGN ego[00] partner[04] R2=0.910845 NMSE=0.089155 shuffled_R2=-0.016699
ALIGN ego[01] partner[00] R2=0.930225 NMSE=0.069775 shuffled_R2=-0.014624
ALIGN ego[01] partner[01] R2=0.965508 NMSE=0.034492 shuffled_R2=-0.017130
ALIGN ego[01] partner[02] R2=0.953198 NMSE=0.046802 shuffled_R2=-0.014014
ALIGN ego[01] partner[03] R2=0.976002 NMSE=0.023998 shuffled_R2=-0.020898
ALIGN ego[01] partner[04] R2=0.979586 NMSE=0.020414 shuffled_R2=-0.017901
ALIGN ego[02] partner[00] R2=0.940271 NMSE=0.059729 shuffled_R2=-0.020208
ALIGN ego[02] partner[01] R2=0.882352 NMSE=0.117648 shuffled_R2=-0.017264
ALIGN ego[02] partner[02] R2=0.958361 NMSE=0.041639 shuffled_R2=-0.016955
ALIGN ego[02] partner[03] R2=0.923805 NMSE=0.076195 shuffled_R2=-0.016806
ALIGN ego[02] partner[04] R2=0.938365 NMSE=0.061635 shuffled_R2=-0.015624
ALIGN ego[03] partner[00] R2=0.957296 NMSE=0.042704 shuffled_R2=-0.015263
ALIGN ego[03] partner[01] R2=0.935785 NMSE=0.064215 shuffled_R2=-0.013228
ALIGN ego[03] partner[02] R2=0.970424 NMSE=0.029576 shuffled_R2=-0.015924
ALIGN ego[03] partner[03] R2=0.955724 NMSE=0.044276 shuffled_R2=-0.021034
ALIGN ego[03] partner[04] R2=0.950573 NMSE=0.049427 shuffled_R2=-0.015468
ALIGN ego[04] partner[00] R2=0.954890 NMSE=0.045110 shuffled_R2=-0.011933
ALIGN ego[04] partner[01] R2=0.929080 NMSE=0.070920 shuffled_R2=-0.012957
ALIGN ego[04] partner[02] R2=0.939918 NMSE=0.060082 shuffled_R2=-0.014736
ALIGN ego[04] partner[03] R2=0.939375 NMSE=0.060625 shuffled_R2=-0.021643
ALIGN ego[04] partner[04] R2=0.956144 NMSE=0.043856 shuffled_R2=-0.018515
Average ego-to-partner alignment R2: 0.944639 +- 0.004444 SE over 25 ego-partner pairs
Average alignment normalized MSE: 0.055361 +- 0.004444 SE
Average shuffled-control alignment R2: -0.017031 +- 0.000698 SE
Saved alignment results to zsc_results/lmpredV202/forced_coord
Evaluating ZSC for method=lmpredV202_ablate, layout=cramped_room5x5, prefix=checkpoints/lmpredV202_ablate/, result_name=lmpredV202_ablate, perspective_transform=false
Importing submoduled environments...
Submoduled environments not found. Skipping import.
LOADED: checkpoints/lmpredV202_ablate/cramped_room5x5/baseline_seed_0_step_220.msgpack
LOADED: checkpoints/lmpredV202_ablate/cramped_room5x5/baseline_seed_1_step_220.msgpack
LOADED: checkpoints/lmpredV202_ablate/cramped_room5x5/baseline_seed_2_step_220.msgpack
LOADED: checkpoints/lmpredV202_ablate/cramped_room5x5/baseline_seed_3_step_220.msgpack
LOADED: checkpoints/lmpredV202_ablate/cramped_room5x5/baseline_seed_4_step_220.msgpack
ZSC[00, 00] = 211.317
ZSC[00, 01] = 125.537
ZSC[00, 02] = 189.688
ZSC[00, 03] = 196.933
ZSC[00, 04] = 167.377
ZSC[01, 00] = 124.984
ZSC[01, 01] = 237.803
ZSC[01, 02] = 206.378
ZSC[01, 03] = 77.198
ZSC[01, 04] = 110.559
ZSC[02, 00] = 189.489
ZSC[02, 01] = 206.078
ZSC[02, 02] = 237.542
ZSC[02, 03] = 229.569
ZSC[02, 04] = 186.686
ZSC[03, 00] = 196.308
ZSC[03, 01] = 75.875
ZSC[03, 02] = 228.836
ZSC[03, 03] = 246.628
ZSC[03, 04] = 208.850
ZSC[04, 00] = 168.459
ZSC[04, 01] = 111.848
ZSC[04, 02] = 186.478
ZSC[04, 03] = 209.530
ZSC[04, 04] = 194.620
Average SP performance (diagonal/self-copy): 225.582 +- 9.740 SE over 5 pairs
Average XP performance (off-diagonal/excluding self): 169.833 +- 10.741 SE over 20 ordered pairs
Saved ZSC results to zsc_results/lmpredV202_ablate/cramped_room5x5
Saved ZSC heatmap to zsc_results/lmpredV202_ablate/cramped_room5x5/xp_matrix.png
Using alignment rollout scale: ALIGN_PAIR_BATCH_SIZE=1, ALIGN_EVAL_NUM_EPISODES=128, ALIGN_EVAL_NUM_STEPS=400
ALIGN ego[00] partner[00] R2=0.909385 NMSE=0.090615 shuffled_R2=-0.024368
ALIGN ego[00] partner[01] R2=0.854026 NMSE=0.145974 shuffled_R2=-0.049086
ALIGN ego[00] partner[02] R2=0.900798 NMSE=0.099202 shuffled_R2=-0.036032
ALIGN ego[00] partner[03] R2=0.938665 NMSE=0.061335 shuffled_R2=-0.024032
ALIGN ego[00] partner[04] R2=0.938479 NMSE=0.061521 shuffled_R2=-0.014826
ALIGN ego[01] partner[00] R2=0.916595 NMSE=0.083405 shuffled_R2=-0.019344
ALIGN ego[01] partner[01] R2=0.949853 NMSE=0.050147 shuffled_R2=-0.013811
ALIGN ego[01] partner[02] R2=0.750999 NMSE=0.249001 shuffled_R2=-0.144816
ALIGN ego[01] partner[03] R2=0.903789 NMSE=0.096211 shuffled_R2=-0.024944
ALIGN ego[01] partner[04] R2=0.929348 NMSE=0.070652 shuffled_R2=-0.020554
ALIGN ego[02] partner[00] R2=0.632258 NMSE=0.367742 shuffled_R2=-0.156226
ALIGN ego[02] partner[01] R2=0.939329 NMSE=0.060671 shuffled_R2=-0.025097
ALIGN ego[02] partner[02] R2=0.951306 NMSE=0.048694 shuffled_R2=-0.019572
ALIGN ego[02] partner[03] R2=0.577748 NMSE=0.422252 shuffled_R2=-0.186265
ALIGN ego[02] partner[04] R2=0.919208 NMSE=0.080792 shuffled_R2=-0.015707
ALIGN ego[03] partner[00] R2=0.771260 NMSE=0.228740 shuffled_R2=-0.034161
ALIGN ego[03] partner[01] R2=0.878391 NMSE=0.121609 shuffled_R2=-0.033084
ALIGN ego[03] partner[02] R2=0.949326 NMSE=0.050674 shuffled_R2=-0.016336
ALIGN ego[03] partner[03] R2=0.937794 NMSE=0.062206 shuffled_R2=-0.021726
ALIGN ego[03] partner[04] R2=0.884737 NMSE=0.115263 shuffled_R2=-0.018217
ALIGN ego[04] partner[00] R2=0.868267 NMSE=0.131733 shuffled_R2=-0.024543
ALIGN ego[04] partner[01] R2=0.931266 NMSE=0.068734 shuffled_R2=-0.020056
ALIGN ego[04] partner[02] R2=0.892348 NMSE=0.107652 shuffled_R2=-0.027453
ALIGN ego[04] partner[03] R2=0.915969 NMSE=0.084031 shuffled_R2=-0.017427
ALIGN ego[04] partner[04] R2=0.884113 NMSE=0.115887 shuffled_R2=-0.014269
Average ego-to-partner alignment R2: 0.877010 +- 0.019217 SE over 25 ego-partner pairs
Average alignment normalized MSE: 0.122990 +- 0.019217 SE
Average shuffled-control alignment R2: -0.040078 +- 0.009441 SE
Saved alignment results to zsc_results/lmpredV202_ablate/cramped_room5x5
Evaluating ZSC for method=lmpredV202_ablate, layout=counter_circuit, prefix=checkpoints/lmpredV202_ablate/, result_name=lmpredV202_ablate, perspective_transform=false
Importing submoduled environments...
Submoduled environments not found. Skipping import.
LOADED: checkpoints/lmpredV202_ablate/counter_circuit/baseline_seed_0_step_380.msgpack
LOADED: checkpoints/lmpredV202_ablate/counter_circuit/baseline_seed_1_step_380.msgpack
LOADED: checkpoints/lmpredV202_ablate/counter_circuit/baseline_seed_2_step_380.msgpack
LOADED: checkpoints/lmpredV202_ablate/counter_circuit/baseline_seed_3_step_380.msgpack
LOADED: checkpoints/lmpredV202_ablate/counter_circuit/baseline_seed_4_step_380.msgpack
ZSC[00, 00] = 146.441
ZSC[00, 01] = 108.225
ZSC[00, 02] = 186.708
ZSC[00, 03] = 141.650
ZSC[00, 04] = 155.108
ZSC[01, 00] = 107.737
ZSC[01, 01] = 166.345
ZSC[01, 02] = 175.614
ZSC[01, 03] = 180.594
ZSC[01, 04] = 155.945
ZSC[02, 00] = 187.494
ZSC[02, 01] = 175.628
ZSC[02, 02] = 251.912
ZSC[02, 03] = 177.770
ZSC[02, 04] = 218.683
ZSC[03, 00] = 138.961
ZSC[03, 01] = 180.550
ZSC[03, 02] = 176.622
ZSC[03, 03] = 190.186
ZSC[03, 04] = 192.394
ZSC[04, 00] = 156.930
ZSC[04, 01] = 156.377
ZSC[04, 02] = 213.227
ZSC[04, 03] = 193.323
ZSC[04, 04] = 240.544
Average SP performance (diagonal/self-copy): 199.086 +- 20.533 SE over 5 pairs
Average XP performance (off-diagonal/excluding self): 168.977 +- 6.584 SE over 20 ordered pairs
Saved ZSC results to zsc_results/lmpredV202_ablate/counter_circuit
Saved ZSC heatmap to zsc_results/lmpredV202_ablate/counter_circuit/xp_matrix.png
Using alignment rollout scale: ALIGN_PAIR_BATCH_SIZE=1, ALIGN_EVAL_NUM_EPISODES=128, ALIGN_EVAL_NUM_STEPS=400
ALIGN ego[00] partner[00] R2=0.701185 NMSE=0.298815 shuffled_R2=-0.024869
ALIGN ego[00] partner[01] R2=0.846793 NMSE=0.153207 shuffled_R2=-0.016656
ALIGN ego[00] partner[02] R2=0.744111 NMSE=0.255889 shuffled_R2=-0.023395
ALIGN ego[00] partner[03] R2=0.750976 NMSE=0.249024 shuffled_R2=-0.017235
ALIGN ego[00] partner[04] R2=0.712011 NMSE=0.287989 shuffled_R2=-0.035766
ALIGN ego[01] partner[00] R2=0.784606 NMSE=0.215394 shuffled_R2=-0.017301
ALIGN ego[01] partner[01] R2=0.835722 NMSE=0.164278 shuffled_R2=-0.014298
ALIGN ego[01] partner[02] R2=0.739961 NMSE=0.260039 shuffled_R2=-0.021783
ALIGN ego[01] partner[03] R2=0.740378 NMSE=0.259622 shuffled_R2=-0.020828
ALIGN ego[01] partner[04] R2=0.701664 NMSE=0.298336 shuffled_R2=-0.018948
ALIGN ego[02] partner[00] R2=0.824289 NMSE=0.175711 shuffled_R2=-0.016219
ALIGN ego[02] partner[01] R2=0.776895 NMSE=0.223105 shuffled_R2=-0.018020
ALIGN ego[02] partner[02] R2=0.785020 NMSE=0.214980 shuffled_R2=-0.016471
ALIGN ego[02] partner[03] R2=0.749217 NMSE=0.250783 shuffled_R2=-0.017226
ALIGN ego[02] partner[04] R2=0.816084 NMSE=0.183916 shuffled_R2=-0.014408
ALIGN ego[03] partner[00] R2=0.737833 NMSE=0.262167 shuffled_R2=-0.018353
ALIGN ego[03] partner[01] R2=0.796441 NMSE=0.203559 shuffled_R2=-0.018332
ALIGN ego[03] partner[02] R2=0.612473 NMSE=0.387527 shuffled_R2=-0.036687
ALIGN ego[03] partner[03] R2=0.805387 NMSE=0.194613 shuffled_R2=-0.019595
ALIGN ego[03] partner[04] R2=0.727189 NMSE=0.272811 shuffled_R2=-0.016903
ALIGN ego[04] partner[00] R2=0.836259 NMSE=0.163741 shuffled_R2=-0.017792
ALIGN ego[04] partner[01] R2=0.784457 NMSE=0.215543 shuffled_R2=-0.013930
ALIGN ego[04] partner[02] R2=0.805975 NMSE=0.194025 shuffled_R2=-0.015742
ALIGN ego[04] partner[03] R2=0.708270 NMSE=0.291730 shuffled_R2=-0.018403
ALIGN ego[04] partner[04] R2=0.849658 NMSE=0.150342 shuffled_R2=-0.016395
Average ego-to-partner alignment R2: 0.766914 +- 0.011345 SE over 25 ego-partner pairs
Average alignment normalized MSE: 0.233086 +- 0.011345 SE
Average shuffled-control alignment R2: -0.019422 +- 0.001139 SE
Saved alignment results to zsc_results/lmpredV202_ablate/counter_circuit
Evaluating ZSC for method=lmpredV202_ablate, layout=coord_ring, prefix=checkpoints/lmpredV202_ablate/, result_name=lmpredV202_ablate, perspective_transform=false
Importing submoduled environments...
Submoduled environments not found. Skipping import.
LOADED: checkpoints/lmpredV202_ablate/coord_ring/baseline_seed_0_step_220.msgpack
LOADED: checkpoints/lmpredV202_ablate/coord_ring/baseline_seed_1_step_220.msgpack
LOADED: checkpoints/lmpredV202_ablate/coord_ring/baseline_seed_2_step_220.msgpack
LOADED: checkpoints/lmpredV202_ablate/coord_ring/baseline_seed_3_step_220.msgpack
LOADED: checkpoints/lmpredV202_ablate/coord_ring/baseline_seed_4_step_220.msgpack
ZSC[00, 00] = 276.892
ZSC[00, 01] = 278.212
ZSC[00, 02] = 104.981
ZSC[00, 03] = 287.034
ZSC[00, 04] = 290.941
ZSC[01, 00] = 277.962
ZSC[01, 01] = 335.758
ZSC[01, 02] = 303.019
ZSC[01, 03] = 263.294
ZSC[01, 04] = 277.344
ZSC[02, 00] = 106.025
ZSC[02, 01] = 305.019
ZSC[02, 02] = 282.883
ZSC[02, 03] = 122.642
ZSC[02, 04] = 118.511
ZSC[03, 00] = 287.370
ZSC[03, 01] = 263.042
ZSC[03, 02] = 122.072
ZSC[03, 03] = 287.959
ZSC[03, 04] = 281.175
ZSC[04, 00] = 290.206
ZSC[04, 01] = 277.348
ZSC[04, 02] = 118.967
ZSC[04, 03] = 281.830
ZSC[04, 04] = 294.752
Average SP performance (diagonal/self-copy): 295.649 +- 10.449 SE over 5 pairs
Average XP performance (off-diagonal/excluding self): 232.850 +- 17.787 SE over 20 ordered pairs
Saved ZSC results to zsc_results/lmpredV202_ablate/coord_ring
Saved ZSC heatmap to zsc_results/lmpredV202_ablate/coord_ring/xp_matrix.png
Using alignment rollout scale: ALIGN_PAIR_BATCH_SIZE=1, ALIGN_EVAL_NUM_EPISODES=128, ALIGN_EVAL_NUM_STEPS=400
ALIGN ego[00] partner[00] R2=0.831483 NMSE=0.168517 shuffled_R2=-0.025758
ALIGN ego[00] partner[01] R2=0.863300 NMSE=0.136700 shuffled_R2=-0.016996
ALIGN ego[00] partner[02] R2=0.869050 NMSE=0.130950 shuffled_R2=-0.024283
ALIGN ego[00] partner[03] R2=0.835644 NMSE=0.164356 shuffled_R2=-0.020953
ALIGN ego[00] partner[04] R2=0.680727 NMSE=0.319273 shuffled_R2=-0.049630
ALIGN ego[01] partner[00] R2=0.889229 NMSE=0.110771 shuffled_R2=-0.016890
ALIGN ego[01] partner[01] R2=0.926108 NMSE=0.073892 shuffled_R2=-0.013632
ALIGN ego[01] partner[02] R2=0.893267 NMSE=0.106733 shuffled_R2=-0.014013
ALIGN ego[01] partner[03] R2=0.886499 NMSE=0.113501 shuffled_R2=-0.019921
ALIGN ego[01] partner[04] R2=0.943599 NMSE=0.056401 shuffled_R2=-0.014412
ALIGN ego[02] partner[00] R2=0.862229 NMSE=0.137771 shuffled_R2=-0.018112
ALIGN ego[02] partner[01] R2=0.869548 NMSE=0.130452 shuffled_R2=-0.015634
ALIGN ego[02] partner[02] R2=0.907674 NMSE=0.092326 shuffled_R2=-0.016751
ALIGN ego[02] partner[03] R2=0.863533 NMSE=0.136467 shuffled_R2=-0.018331
ALIGN ego[02] partner[04] R2=0.883667 NMSE=0.116333 shuffled_R2=-0.013888
ALIGN ego[03] partner[00] R2=0.894809 NMSE=0.105191 shuffled_R2=-0.013727
ALIGN ego[03] partner[01] R2=0.892279 NMSE=0.107721 shuffled_R2=-0.016139
ALIGN ego[03] partner[02] R2=0.899597 NMSE=0.100403 shuffled_R2=-0.014188
ALIGN ego[03] partner[03] R2=0.903982 NMSE=0.096018 shuffled_R2=-0.016547
ALIGN ego[03] partner[04] R2=0.907143 NMSE=0.092857 shuffled_R2=-0.014929
ALIGN ego[04] partner[00] R2=0.840913 NMSE=0.159087 shuffled_R2=-0.016604
ALIGN ego[04] partner[01] R2=0.905211 NMSE=0.094789 shuffled_R2=-0.016059
ALIGN ego[04] partner[02] R2=0.886584 NMSE=0.113416 shuffled_R2=-0.014453
ALIGN ego[04] partner[03] R2=0.743497 NMSE=0.256503 shuffled_R2=-0.027220
ALIGN ego[04] partner[04] R2=0.865249 NMSE=0.134751 shuffled_R2=-0.015508
Average ego-to-partner alignment R2: 0.869793 +- 0.011023 SE over 25 ego-partner pairs
Average alignment normalized MSE: 0.130207 +- 0.011023 SE
Average shuffled-control alignment R2: -0.018583 +- 0.001492 SE
Saved alignment results to zsc_results/lmpredV202_ablate/coord_ring
Evaluating ZSC for method=lmpredV202_ablate, layout=asymm_advantages, prefix=checkpoints/lmpredV202_ablate/, result_name=lmpredV202_ablate, perspective_transform=false
Importing submoduled environments...
Submoduled environments not found. Skipping import.
LOADED: checkpoints/lmpredV202_ablate/asymm_advantages/baseline_seed_0_step_220.msgpack
LOADED: checkpoints/lmpredV202_ablate/asymm_advantages/baseline_seed_1_step_220.msgpack
LOADED: checkpoints/lmpredV202_ablate/asymm_advantages/baseline_seed_2_step_220.msgpack
LOADED: checkpoints/lmpredV202_ablate/asymm_advantages/baseline_seed_3_step_220.msgpack
LOADED: checkpoints/lmpredV202_ablate/asymm_advantages/baseline_seed_4_step_220.msgpack
ZSC[00, 00] = 489.803
ZSC[00, 01] = 458.734
ZSC[00, 02] = 421.225
ZSC[00, 03] = 494.684
ZSC[00, 04] = 484.017
ZSC[01, 00] = 489.089
ZSC[01, 01] = 457.955
ZSC[01, 02] = 391.553
ZSC[01, 03] = 495.067
ZSC[01, 04] = 477.328
ZSC[02, 00] = 467.686
ZSC[02, 01] = 436.319
ZSC[02, 02] = 397.413
ZSC[02, 03] = 449.544
ZSC[02, 04] = 436.162
ZSC[03, 00] = 489.794
ZSC[03, 01] = 458.578
ZSC[03, 02] = 414.714
ZSC[03, 03] = 495.384
ZSC[03, 04] = 480.884
ZSC[04, 00] = 470.891
ZSC[04, 01] = 446.308
ZSC[04, 02] = 411.952
ZSC[04, 03] = 478.131
ZSC[04, 04] = 456.983
Average SP performance (diagonal/self-copy): 459.507 +- 17.421 SE over 5 pairs
Average XP performance (off-diagonal/excluding self): 457.633 +- 6.854 SE over 20 ordered pairs
Saved ZSC results to zsc_results/lmpredV202_ablate/asymm_advantages
Saved ZSC heatmap to zsc_results/lmpredV202_ablate/asymm_advantages/xp_matrix.png
Using alignment rollout scale: ALIGN_PAIR_BATCH_SIZE=1, ALIGN_EVAL_NUM_EPISODES=128, ALIGN_EVAL_NUM_STEPS=400
ALIGN ego[00] partner[00] R2=0.955008 NMSE=0.044992 shuffled_R2=-0.020233
ALIGN ego[00] partner[01] R2=0.920658 NMSE=0.079342 shuffled_R2=-0.024711
ALIGN ego[00] partner[02] R2=0.774284 NMSE=0.225716 shuffled_R2=-0.034180
ALIGN ego[00] partner[03] R2=0.809973 NMSE=0.190027 shuffled_R2=-0.020770
ALIGN ego[00] partner[04] R2=0.955660 NMSE=0.044340 shuffled_R2=-0.015537
ALIGN ego[01] partner[00] R2=0.966072 NMSE=0.033928 shuffled_R2=-0.017789
ALIGN ego[01] partner[01] R2=0.940962 NMSE=0.059038 shuffled_R2=-0.020902
ALIGN ego[01] partner[02] R2=0.753011 NMSE=0.246989 shuffled_R2=-0.050900
ALIGN ego[01] partner[03] R2=0.836444 NMSE=0.163556 shuffled_R2=-0.021169
ALIGN ego[01] partner[04] R2=0.931265 NMSE=0.068735 shuffled_R2=-0.022482
ALIGN ego[02] partner[00] R2=0.909270 NMSE=0.090730 shuffled_R2=-0.047600
ALIGN ego[02] partner[01] R2=0.929523 NMSE=0.070477 shuffled_R2=-0.017047
ALIGN ego[02] partner[02] R2=0.728921 NMSE=0.271079 shuffled_R2=-0.037729
ALIGN ego[02] partner[03] R2=0.781544 NMSE=0.218456 shuffled_R2=-0.026394
ALIGN ego[02] partner[04] R2=0.861904 NMSE=0.138096 shuffled_R2=-0.039546
ALIGN ego[03] partner[00] R2=0.939340 NMSE=0.060660 shuffled_R2=-0.022277
ALIGN ego[03] partner[01] R2=0.913734 NMSE=0.086266 shuffled_R2=-0.019237
ALIGN ego[03] partner[02] R2=0.804421 NMSE=0.195579 shuffled_R2=-0.018789
ALIGN ego[03] partner[03] R2=0.759469 NMSE=0.240531 shuffled_R2=-0.021081
ALIGN ego[03] partner[04] R2=0.876015 NMSE=0.123985 shuffled_R2=-0.026484
ALIGN ego[04] partner[00] R2=0.855872 NMSE=0.144128 shuffled_R2=-0.035669
ALIGN ego[04] partner[01] R2=0.934038 NMSE=0.065962 shuffled_R2=-0.018306
ALIGN ego[04] partner[02] R2=0.821345 NMSE=0.178655 shuffled_R2=-0.023002
ALIGN ego[04] partner[03] R2=0.807463 NMSE=0.192537 shuffled_R2=-0.018207
ALIGN ego[04] partner[04] R2=0.889580 NMSE=0.110420 shuffled_R2=-0.034046
Average ego-to-partner alignment R2: 0.866231 +- 0.014690 SE over 25 ego-partner pairs
Average alignment normalized MSE: 0.133769 +- 0.014690 SE
Average shuffled-control alignment R2: -0.026163 +- 0.001949 SE
Saved alignment results to zsc_results/lmpredV202_ablate/asymm_advantages
Evaluating ZSC for method=lmpredV202_ablate, layout=forced_coord, prefix=checkpoints/lmpredV202_ablate/, result_name=lmpredV202_ablate, perspective_transform=false
Importing submoduled environments...
Submoduled environments not found. Skipping import.
LOADED: checkpoints/lmpredV202_ablate/forced_coord/baseline_seed_0_step_220.msgpack
LOADED: checkpoints/lmpredV202_ablate/forced_coord/baseline_seed_1_step_220.msgpack
LOADED: checkpoints/lmpredV202_ablate/forced_coord/baseline_seed_2_step_220.msgpack
LOADED: checkpoints/lmpredV202_ablate/forced_coord/baseline_seed_3_step_220.msgpack
LOADED: checkpoints/lmpredV202_ablate/forced_coord/baseline_seed_4_step_220.msgpack
ZSC[00, 00] = 289.458
ZSC[00, 01] = 0.128
ZSC[00, 02] = 212.778
ZSC[00, 03] = 0.000
ZSC[00, 04] = 8.794
ZSC[01, 00] = 238.208
ZSC[01, 01] = 301.483
ZSC[01, 02] = 166.166
ZSC[01, 03] = 290.069
ZSC[01, 04] = 307.156
ZSC[02, 00] = 206.814
ZSC[02, 01] = 18.444
ZSC[02, 02] = 258.314
ZSC[02, 03] = 9.881
ZSC[02, 04] = 99.845
ZSC[03, 00] = 0.000
ZSC[03, 01] = 167.839
ZSC[03, 02] = 0.000
ZSC[03, 03] = 299.722
ZSC[03, 04] = 307.461
ZSC[04, 00] = 145.055
ZSC[04, 01] = 270.194
ZSC[04, 02] = 78.114
ZSC[04, 03] = 241.877
ZSC[04, 04] = 328.222
Average SP performance (diagonal/self-copy): 295.440 +- 11.277 SE over 5 pairs
Average XP performance (off-diagonal/excluding self): 138.441 +- 26.127 SE over 20 ordered pairs
Saved ZSC results to zsc_results/lmpredV202_ablate/forced_coord
Saved ZSC heatmap to zsc_results/lmpredV202_ablate/forced_coord/xp_matrix.png
Using alignment rollout scale: ALIGN_PAIR_BATCH_SIZE=1, ALIGN_EVAL_NUM_EPISODES=128, ALIGN_EVAL_NUM_STEPS=400
ALIGN ego[00] partner[00] R2=0.963883 NMSE=0.036117 shuffled_R2=-0.014197
ALIGN ego[00] partner[01] R2=0.951265 NMSE=0.048735 shuffled_R2=-0.015724
ALIGN ego[00] partner[02] R2=0.913235 NMSE=0.086765 shuffled_R2=-0.016544
ALIGN ego[00] partner[03] R2=0.979079 NMSE=0.020921 shuffled_R2=-0.022738
ALIGN ego[00] partner[04] R2=0.965136 NMSE=0.034864 shuffled_R2=-0.034516
ALIGN ego[01] partner[00] R2=0.958135 NMSE=0.041865 shuffled_R2=-0.014607
ALIGN ego[01] partner[01] R2=0.931847 NMSE=0.068153 shuffled_R2=-0.016282
ALIGN ego[01] partner[02] R2=0.905007 NMSE=0.094993 shuffled_R2=-0.015051
ALIGN ego[01] partner[03] R2=0.953266 NMSE=0.046734 shuffled_R2=-0.016687
ALIGN ego[01] partner[04] R2=0.916567 NMSE=0.083433 shuffled_R2=-0.015362
ALIGN ego[02] partner[00] R2=0.932240 NMSE=0.067760 shuffled_R2=-0.014920
ALIGN ego[02] partner[01] R2=0.967363 NMSE=0.032637 shuffled_R2=-0.017865
ALIGN ego[02] partner[02] R2=0.933381 NMSE=0.066619 shuffled_R2=-0.014664
ALIGN ego[02] partner[03] R2=0.973758 NMSE=0.026242 shuffled_R2=-0.023349
ALIGN ego[02] partner[04] R2=0.926560 NMSE=0.073440 shuffled_R2=-0.013845
ALIGN ego[03] partner[00] R2=0.950136 NMSE=0.049864 shuffled_R2=-0.025709
ALIGN ego[03] partner[01] R2=0.944107 NMSE=0.055893 shuffled_R2=-0.012478
ALIGN ego[03] partner[02] R2=0.489304 NMSE=0.510696 shuffled_R2=-0.065850
ALIGN ego[03] partner[03] R2=0.970522 NMSE=0.029478 shuffled_R2=-0.013995
ALIGN ego[03] partner[04] R2=0.938531 NMSE=0.061469 shuffled_R2=-0.015446
ALIGN ego[04] partner[00] R2=0.933831 NMSE=0.066169 shuffled_R2=-0.014198
ALIGN ego[04] partner[01] R2=0.939392 NMSE=0.060608 shuffled_R2=-0.013859
ALIGN ego[04] partner[02] R2=0.872466 NMSE=0.127534 shuffled_R2=-0.014798
ALIGN ego[04] partner[03] R2=0.943128 NMSE=0.056872 shuffled_R2=-0.017581
ALIGN ego[04] partner[04] R2=0.938683 NMSE=0.061317 shuffled_R2=-0.019782
Average ego-to-partner alignment R2: 0.923633 +- 0.018717 SE over 25 ego-partner pairs
Average alignment normalized MSE: 0.076367 +- 0.018717 SE
Average shuffled-control alignment R2: -0.019202 +- 0.002170 SE
Saved alignment results to zsc_results/lmpredV202_ablate/forced_coord
Evaluating ZSC for method=lmpredV204, layout=cramped_room5x5, prefix=checkpoints/lmpredV204/, result_name=lmpredV204, perspective_transform=true
Importing submoduled environments...
Submoduled environments not found. Skipping import.
LOADED: checkpoints/lmpredV204/cramped_room5x5/baseline_seed_0_step_220.msgpack
LOADED: checkpoints/lmpredV204/cramped_room5x5/baseline_seed_1_step_220.msgpack
LOADED: checkpoints/lmpredV204/cramped_room5x5/baseline_seed_2_step_220.msgpack
LOADED: checkpoints/lmpredV204/cramped_room5x5/baseline_seed_3_step_220.msgpack
LOADED: checkpoints/lmpredV204/cramped_room5x5/baseline_seed_4_step_220.msgpack
ZSC[00, 00] = 230.734
ZSC[00, 01] = 230.586
ZSC[00, 02] = 209.275
ZSC[00, 03] = 209.323
ZSC[00, 04] = 209.250
ZSC[01, 00] = 229.920
ZSC[01, 01] = 241.256
ZSC[01, 02] = 177.342
ZSC[01, 03] = 232.116
ZSC[01, 04] = 218.873
ZSC[02, 00] = 210.848
ZSC[02, 01] = 177.972
ZSC[02, 02] = 226.936
ZSC[02, 03] = 141.450
ZSC[02, 04] = 228.244
ZSC[03, 00] = 209.459
ZSC[03, 01] = 232.130
ZSC[03, 02] = 140.016
ZSC[03, 03] = 240.094
ZSC[03, 04] = 186.705
ZSC[04, 00] = 209.323
ZSC[04, 01] = 218.373
ZSC[04, 02] = 229.020
ZSC[04, 03] = 186.686
ZSC[04, 04] = 228.962
Average SP performance (diagonal/self-copy): 233.597 +- 2.957 SE over 5 pairs
Average XP performance (off-diagonal/excluding self): 204.346 +- 6.237 SE over 20 ordered pairs
Saved ZSC results to zsc_results/lmpredV204/cramped_room5x5
Saved ZSC heatmap to zsc_results/lmpredV204/cramped_room5x5/xp_matrix.png
Using alignment rollout scale: ALIGN_PAIR_BATCH_SIZE=1, ALIGN_EVAL_NUM_EPISODES=128, ALIGN_EVAL_NUM_STEPS=400
ALIGN ego[00] partner[00] R2=0.939595 NMSE=0.060405 shuffled_R2=-0.016327
ALIGN ego[00] partner[01] R2=0.924813 NMSE=0.075187 shuffled_R2=-0.016574
ALIGN ego[00] partner[02] R2=0.859176 NMSE=0.140824 shuffled_R2=-0.027040
ALIGN ego[00] partner[03] R2=0.943825 NMSE=0.056175 shuffled_R2=-0.016904
ALIGN ego[00] partner[04] R2=0.907298 NMSE=0.092702 shuffled_R2=-0.019167
ALIGN ego[01] partner[00] R2=0.925469 NMSE=0.074531 shuffled_R2=-0.017176
ALIGN ego[01] partner[01] R2=0.940313 NMSE=0.059687 shuffled_R2=-0.016097
ALIGN ego[01] partner[02] R2=0.927480 NMSE=0.072520 shuffled_R2=-0.016600
ALIGN ego[01] partner[03] R2=0.932014 NMSE=0.067986 shuffled_R2=-0.016877
ALIGN ego[01] partner[04] R2=0.929955 NMSE=0.070045 shuffled_R2=-0.018121
ALIGN ego[02] partner[00] R2=0.888441 NMSE=0.111559 shuffled_R2=-0.023953
ALIGN ego[02] partner[01] R2=0.929680 NMSE=0.070320 shuffled_R2=-0.015295
ALIGN ego[02] partner[02] R2=0.899952 NMSE=0.100048 shuffled_R2=-0.016168
ALIGN ego[02] partner[03] R2=0.915440 NMSE=0.084560 shuffled_R2=-0.018998
ALIGN ego[02] partner[04] R2=0.916704 NMSE=0.083296 shuffled_R2=-0.016241
ALIGN ego[03] partner[00] R2=0.941264 NMSE=0.058736 shuffled_R2=-0.015494
ALIGN ego[03] partner[01] R2=0.907928 NMSE=0.092072 shuffled_R2=-0.020230
ALIGN ego[03] partner[02] R2=0.900799 NMSE=0.099201 shuffled_R2=-0.020167
ALIGN ego[03] partner[03] R2=0.935403 NMSE=0.064597 shuffled_R2=-0.017071
ALIGN ego[03] partner[04] R2=0.870921 NMSE=0.129079 shuffled_R2=-0.019442
ALIGN ego[04] partner[00] R2=0.777877 NMSE=0.222123 shuffled_R2=-0.056936
ALIGN ego[04] partner[01] R2=0.871141 NMSE=0.128859 shuffled_R2=-0.030371
ALIGN ego[04] partner[02] R2=0.891807 NMSE=0.108193 shuffled_R2=-0.016735
ALIGN ego[04] partner[03] R2=0.789480 NMSE=0.210520 shuffled_R2=-0.047868
ALIGN ego[04] partner[04] R2=0.896113 NMSE=0.103887 shuffled_R2=-0.016744
Average ego-to-partner alignment R2: 0.902516 +- 0.008569 SE over 25 ego-partner pairs
Average alignment normalized MSE: 0.097484 +- 0.008569 SE
Average shuffled-control alignment R2: -0.021304 +- 0.002024 SE
Saved alignment results to zsc_results/lmpredV204/cramped_room5x5
Evaluating ZSC for method=lmpredV204, layout=counter_circuit, prefix=checkpoints/lmpredV204/, result_name=lmpredV204, perspective_transform=true
Importing submoduled environments...
Submoduled environments not found. Skipping import.
LOADED: checkpoints/lmpredV204/counter_circuit/baseline_seed_0_step_380.msgpack
LOADED: checkpoints/lmpredV204/counter_circuit/baseline_seed_1_step_380.msgpack
LOADED: checkpoints/lmpredV204/counter_circuit/baseline_seed_2_step_380.msgpack
LOADED: checkpoints/lmpredV204/counter_circuit/baseline_seed_3_step_380.msgpack
LOADED: checkpoints/lmpredV204/counter_circuit/baseline_seed_4_step_380.msgpack
ZSC[00, 00] = 221.922
ZSC[00, 01] = 188.189
ZSC[00, 02] = 166.739
ZSC[00, 03] = 155.866
ZSC[00, 04] = 163.531
ZSC[01, 00] = 191.225
ZSC[01, 01] = 217.786
ZSC[01, 02] = 192.281
ZSC[01, 03] = 158.403
ZSC[01, 04] = 165.206
ZSC[02, 00] = 169.925
ZSC[02, 01] = 191.670
ZSC[02, 02] = 203.248
ZSC[02, 03] = 195.422
ZSC[02, 04] = 190.881
ZSC[03, 00] = 156.114
ZSC[03, 01] = 156.694
ZSC[03, 02] = 194.714
ZSC[03, 03] = 214.198
ZSC[03, 04] = 189.714
ZSC[04, 00] = 161.583
ZSC[04, 01] = 165.147
ZSC[04, 02] = 190.830
ZSC[04, 03] = 190.398
ZSC[04, 04] = 177.584
Average SP performance (diagonal/self-copy): 206.948 +- 7.969 SE over 5 pairs
Average XP performance (off-diagonal/excluding self): 176.727 +- 3.497 SE over 20 ordered pairs
Saved ZSC results to zsc_results/lmpredV204/counter_circuit
Saved ZSC heatmap to zsc_results/lmpredV204/counter_circuit/xp_matrix.png
Using alignment rollout scale: ALIGN_PAIR_BATCH_SIZE=1, ALIGN_EVAL_NUM_EPISODES=128, ALIGN_EVAL_NUM_STEPS=400
ALIGN ego[00] partner[00] R2=0.803817 NMSE=0.196183 shuffled_R2=-0.020585
ALIGN ego[00] partner[01] R2=0.815716 NMSE=0.184284 shuffled_R2=-0.017147
ALIGN ego[00] partner[02] R2=0.703811 NMSE=0.296189 shuffled_R2=-0.018021
ALIGN ego[00] partner[03] R2=0.760201 NMSE=0.239799 shuffled_R2=-0.016332
ALIGN ego[00] partner[04] R2=0.729672 NMSE=0.270328 shuffled_R2=-0.018016
ALIGN ego[01] partner[00] R2=0.813473 NMSE=0.186527 shuffled_R2=-0.015618
ALIGN ego[01] partner[01] R2=0.881068 NMSE=0.118932 shuffled_R2=-0.015250
ALIGN ego[01] partner[02] R2=0.812343 NMSE=0.187657 shuffled_R2=-0.015945
ALIGN ego[01] partner[03] R2=0.803892 NMSE=0.196108 shuffled_R2=-0.018362
ALIGN ego[01] partner[04] R2=0.823031 NMSE=0.176969 shuffled_R2=-0.014643
ALIGN ego[02] partner[00] R2=0.703127 NMSE=0.296873 shuffled_R2=-0.015753
ALIGN ego[02] partner[01] R2=0.780576 NMSE=0.219424 shuffled_R2=-0.015160
ALIGN ego[02] partner[02] R2=0.841090 NMSE=0.158910 shuffled_R2=-0.015140
ALIGN ego[02] partner[03] R2=0.790381 NMSE=0.209619 shuffled_R2=-0.016395
ALIGN ego[02] partner[04] R2=0.800871 NMSE=0.199129 shuffled_R2=-0.016919
ALIGN ego[03] partner[00] R2=0.751672 NMSE=0.248328 shuffled_R2=-0.015365
ALIGN ego[03] partner[01] R2=0.835686 NMSE=0.164314 shuffled_R2=-0.016841
ALIGN ego[03] partner[02] R2=0.724314 NMSE=0.275686 shuffled_R2=-0.023925
ALIGN ego[03] partner[03] R2=0.769621 NMSE=0.230379 shuffled_R2=-0.017141
ALIGN ego[03] partner[04] R2=0.737383 NMSE=0.262617 shuffled_R2=-0.018503
ALIGN ego[04] partner[00] R2=0.674280 NMSE=0.325720 shuffled_R2=-0.021038
ALIGN ego[04] partner[01] R2=0.763508 NMSE=0.236492 shuffled_R2=-0.015071
ALIGN ego[04] partner[02] R2=0.793380 NMSE=0.206620 shuffled_R2=-0.018942
ALIGN ego[04] partner[03] R2=0.671485 NMSE=0.328515 shuffled_R2=-0.023841
ALIGN ego[04] partner[04] R2=0.781756 NMSE=0.218244 shuffled_R2=-0.015507
Average ego-to-partner alignment R2: 0.774646 +- 0.010581 SE over 25 ego-partner pairs
Average alignment normalized MSE: 0.225354 +- 0.010581 SE
Average shuffled-control alignment R2: -0.017418 +- 0.000515 SE
Saved alignment results to zsc_results/lmpredV204/counter_circuit
Evaluating ZSC for method=lmpredV204, layout=coord_ring, prefix=checkpoints/lmpredV204/, result_name=lmpredV204, perspective_transform=true
Importing submoduled environments...
Submoduled environments not found. Skipping import.
LOADED: checkpoints/lmpredV204/coord_ring/baseline_seed_0_step_220.msgpack
LOADED: checkpoints/lmpredV204/coord_ring/baseline_seed_1_step_220.msgpack
LOADED: checkpoints/lmpredV204/coord_ring/baseline_seed_2_step_220.msgpack
LOADED: checkpoints/lmpredV204/coord_ring/baseline_seed_3_step_220.msgpack
LOADED: checkpoints/lmpredV204/coord_ring/baseline_seed_4_step_220.msgpack
ZSC[00, 00] = 154.855
ZSC[00, 01] = 216.048
ZSC[00, 02] = 261.108
ZSC[00, 03] = 225.898
ZSC[00, 04] = 281.119
ZSC[01, 00] = 215.873
ZSC[01, 01] = 212.636
ZSC[01, 02] = 236.644
ZSC[01, 03] = 196.120
ZSC[01, 04] = 234.069
ZSC[02, 00] = 259.647
ZSC[02, 01] = 237.480
ZSC[02, 02] = 297.973
ZSC[02, 03] = 151.262
ZSC[02, 04] = 292.856
ZSC[03, 00] = 224.611
ZSC[03, 01] = 193.131
ZSC[03, 02] = 151.344
ZSC[03, 03] = 306.278
ZSC[03, 04] = 285.105
ZSC[04, 00] = 281.103
ZSC[04, 01] = 234.889
ZSC[04, 02] = 292.678
ZSC[04, 03] = 283.913
ZSC[04, 04] = 312.656
Average SP performance (diagonal/self-copy): 256.880 +- 31.310 SE over 5 pairs
Average XP performance (off-diagonal/excluding self): 237.745 +- 9.620 SE over 20 ordered pairs
Saved ZSC results to zsc_results/lmpredV204/coord_ring
Saved ZSC heatmap to zsc_results/lmpredV204/coord_ring/xp_matrix.png
Using alignment rollout scale: ALIGN_PAIR_BATCH_SIZE=1, ALIGN_EVAL_NUM_EPISODES=128, ALIGN_EVAL_NUM_STEPS=400
ALIGN ego[00] partner[00] R2=0.784736 NMSE=0.215264 shuffled_R2=-0.023289
ALIGN ego[00] partner[01] R2=0.662621 NMSE=0.337379 shuffled_R2=-0.040709
ALIGN ego[00] partner[02] R2=0.804601 NMSE=0.195399 shuffled_R2=-0.018260
ALIGN ego[00] partner[03] R2=0.787744 NMSE=0.212256 shuffled_R2=-0.015831
ALIGN ego[00] partner[04] R2=0.856103 NMSE=0.143897 shuffled_R2=-0.015799
ALIGN ego[01] partner[00] R2=0.834745 NMSE=0.165255 shuffled_R2=-0.016865
ALIGN ego[01] partner[01] R2=0.888248 NMSE=0.111752 shuffled_R2=-0.039084
ALIGN ego[01] partner[02] R2=0.876619 NMSE=0.123381 shuffled_R2=-0.017256
ALIGN ego[01] partner[03] R2=0.756227 NMSE=0.243773 shuffled_R2=-0.028978
ALIGN ego[01] partner[04] R2=0.754340 NMSE=0.245660 shuffled_R2=-0.044182
ALIGN ego[02] partner[00] R2=0.809341 NMSE=0.190659 shuffled_R2=-0.015379
ALIGN ego[02] partner[01] R2=0.897107 NMSE=0.102893 shuffled_R2=-0.017667
ALIGN ego[02] partner[02] R2=0.813027 NMSE=0.186973 shuffled_R2=-0.015277
ALIGN ego[02] partner[03] R2=0.847097 NMSE=0.152903 shuffled_R2=-0.015750
ALIGN ego[02] partner[04] R2=0.904911 NMSE=0.095089 shuffled_R2=-0.022118
ALIGN ego[03] partner[00] R2=0.775647 NMSE=0.224353 shuffled_R2=-0.020157
ALIGN ego[03] partner[01] R2=0.767344 NMSE=0.232656 shuffled_R2=-0.028313
ALIGN ego[03] partner[02] R2=0.776580 NMSE=0.223420 shuffled_R2=-0.019922
ALIGN ego[03] partner[03] R2=0.871574 NMSE=0.128426 shuffled_R2=-0.014983
ALIGN ego[03] partner[04] R2=0.822260 NMSE=0.177740 shuffled_R2=-0.020058
ALIGN ego[04] partner[00] R2=0.835339 NMSE=0.164661 shuffled_R2=-0.014610
ALIGN ego[04] partner[01] R2=0.896380 NMSE=0.103620 shuffled_R2=-0.022078
ALIGN ego[04] partner[02] R2=0.889180 NMSE=0.110820 shuffled_R2=-0.020217
ALIGN ego[04] partner[03] R2=0.853977 NMSE=0.146023 shuffled_R2=-0.016633
ALIGN ego[04] partner[04] R2=0.924986 NMSE=0.075014 shuffled_R2=-0.016730
Average ego-to-partner alignment R2: 0.827629 +- 0.012245 SE over 25 ego-partner pairs
Average alignment normalized MSE: 0.172371 +- 0.012245 SE
Average shuffled-control alignment R2: -0.021606 +- 0.001674 SE
Saved alignment results to zsc_results/lmpredV204/coord_ring
Evaluating ZSC for method=lmpredV204, layout=asymm_advantages, prefix=checkpoints/lmpredV204/, result_name=lmpredV204, perspective_transform=true
Importing submoduled environments...
Submoduled environments not found. Skipping import.
LOADED: checkpoints/lmpredV204/asymm_advantages/baseline_seed_0_step_220.msgpack
LOADED: checkpoints/lmpredV204/asymm_advantages/baseline_seed_1_step_220.msgpack
LOADED: checkpoints/lmpredV204/asymm_advantages/baseline_seed_2_step_220.msgpack
LOADED: checkpoints/lmpredV204/asymm_advantages/baseline_seed_3_step_220.msgpack
LOADED: checkpoints/lmpredV204/asymm_advantages/baseline_seed_4_step_220.msgpack
ZSC[00, 00] = 434.558
ZSC[00, 01] = 449.322
ZSC[00, 02] = 462.272
ZSC[00, 03] = 375.370
ZSC[00, 04] = 440.550
ZSC[01, 00] = 65.895
ZSC[01, 01] = 73.094
ZSC[01, 02] = 98.223
ZSC[01, 03] = 51.662
ZSC[01, 04] = 61.117
ZSC[02, 00] = 277.739
ZSC[02, 01] = 299.519
ZSC[02, 02] = 430.659
ZSC[02, 03] = 160.438
ZSC[02, 04] = 303.183
ZSC[03, 00] = 402.392
ZSC[03, 01] = 375.134
ZSC[03, 02] = 432.633
ZSC[03, 03] = 384.012
ZSC[03, 04] = 411.541
ZSC[04, 00] = 427.152
ZSC[04, 01] = 378.856
ZSC[04, 02] = 456.312
ZSC[04, 03] = 391.808
ZSC[04, 04] = 441.562
Average SP performance (diagonal/self-copy): 352.777 +- 70.652 SE over 5 pairs
Average XP performance (off-diagonal/excluding self): 316.056 +- 32.629 SE over 20 ordered pairs
Saved ZSC results to zsc_results/lmpredV204/asymm_advantages
Saved ZSC heatmap to zsc_results/lmpredV204/asymm_advantages/xp_matrix.png
Using alignment rollout scale: ALIGN_PAIR_BATCH_SIZE=1, ALIGN_EVAL_NUM_EPISODES=128, ALIGN_EVAL_NUM_STEPS=400
ALIGN ego[00] partner[00] R2=0.869777 NMSE=0.130223 shuffled_R2=-0.018698
ALIGN ego[00] partner[01] R2=0.895338 NMSE=0.104662 shuffled_R2=-0.041756
ALIGN ego[00] partner[02] R2=0.795232 NMSE=0.204768 shuffled_R2=-0.083595
ALIGN ego[00] partner[03] R2=0.889985 NMSE=0.110015 shuffled_R2=-0.018135
ALIGN ego[00] partner[04] R2=0.895101 NMSE=0.104899 shuffled_R2=-0.022174
ALIGN ego[01] partner[00] R2=0.607966 NMSE=0.392034 shuffled_R2=-0.026741
ALIGN ego[01] partner[01] R2=0.809505 NMSE=0.190495 shuffled_R2=-0.018950
ALIGN ego[01] partner[02] R2=0.797430 NMSE=0.202570 shuffled_R2=-0.022761
ALIGN ego[01] partner[03] R2=-0.654509 NMSE=1.654509 shuffled_R2=-0.166009
ALIGN ego[01] partner[04] R2=0.722042 NMSE=0.277958 shuffled_R2=-0.044125
ALIGN ego[02] partner[00] R2=0.846048 NMSE=0.153952 shuffled_R2=-0.015323
ALIGN ego[02] partner[01] R2=0.762569 NMSE=0.237431 shuffled_R2=-0.108365
ALIGN ego[02] partner[02] R2=0.892644 NMSE=0.107356 shuffled_R2=-0.020366
ALIGN ego[02] partner[03] R2=0.824728 NMSE=0.175272 shuffled_R2=-0.022514
ALIGN ego[02] partner[04] R2=0.844749 NMSE=0.155251 shuffled_R2=-0.029089
ALIGN ego[03] partner[00] R2=0.861979 NMSE=0.138021 shuffled_R2=-0.017989
ALIGN ego[03] partner[01] R2=0.897144 NMSE=0.102856 shuffled_R2=-0.016613
ALIGN ego[03] partner[02] R2=0.906939 NMSE=0.093061 shuffled_R2=-0.017121
ALIGN ego[03] partner[03] R2=0.744842 NMSE=0.255158 shuffled_R2=-0.046502
ALIGN ego[03] partner[04] R2=0.883201 NMSE=0.116799 shuffled_R2=-0.019805
ALIGN ego[04] partner[00] R2=0.708351 NMSE=0.291649 shuffled_R2=-0.064909
ALIGN ego[04] partner[01] R2=0.929971 NMSE=0.070029 shuffled_R2=-0.018948
ALIGN ego[04] partner[02] R2=0.921292 NMSE=0.078708 shuffled_R2=-0.017718
ALIGN ego[04] partner[03] R2=0.650547 NMSE=0.349453 shuffled_R2=-0.055847
ALIGN ego[04] partner[04] R2=0.896779 NMSE=0.103221 shuffled_R2=-0.026894
Average ego-to-partner alignment R2: 0.767986 +- 0.061715 SE over 25 ego-partner pairs
Average alignment normalized MSE: 0.232014 +- 0.061715 SE
Average shuffled-control alignment R2: -0.038438 +- 0.007069 SE
Saved alignment results to zsc_results/lmpredV204/asymm_advantages
Evaluating ZSC for method=lmpredV204, layout=forced_coord, prefix=checkpoints/lmpredV204/, result_name=lmpredV204, perspective_transform=true
Importing submoduled environments...
Submoduled environments not found. Skipping import.
LOADED: checkpoints/lmpredV204/forced_coord/baseline_seed_0_step_220.msgpack
LOADED: checkpoints/lmpredV204/forced_coord/baseline_seed_1_step_220.msgpack
LOADED: checkpoints/lmpredV204/forced_coord/baseline_seed_2_step_220.msgpack
LOADED: checkpoints/lmpredV204/forced_coord/baseline_seed_3_step_220.msgpack
LOADED: checkpoints/lmpredV204/forced_coord/baseline_seed_4_step_220.msgpack
ZSC[00, 00] = 304.141
ZSC[00, 01] = 222.511
ZSC[00, 02] = 280.000
ZSC[00, 03] = 9.758
ZSC[00, 04] = 280.000
ZSC[01, 00] = 84.144
ZSC[01, 01] = 289.878
ZSC[01, 02] = 279.500
ZSC[01, 03] = 102.162
ZSC[01, 04] = 279.136
ZSC[02, 00] = 51.172
ZSC[02, 01] = 277.814
ZSC[02, 02] = 287.997
ZSC[02, 03] = 74.311
ZSC[02, 04] = 286.728
ZSC[03, 00] = 68.831
ZSC[03, 01] = 75.295
ZSC[03, 02] = 0.000
ZSC[03, 03] = 271.573
ZSC[03, 04] = 21.044
ZSC[04, 00] = 201.667
ZSC[04, 01] = 142.397
ZSC[04, 02] = 277.703
ZSC[04, 03] = 72.752
ZSC[04, 04] = 279.717
Average SP performance (diagonal/self-copy): 286.661 +- 5.448 SE over 5 pairs
Average XP performance (off-diagonal/excluding self): 154.346 +- 24.347 SE over 20 ordered pairs
Saved ZSC results to zsc_results/lmpredV204/forced_coord
Saved ZSC heatmap to zsc_results/lmpredV204/forced_coord/xp_matrix.png
Using alignment rollout scale: ALIGN_PAIR_BATCH_SIZE=1, ALIGN_EVAL_NUM_EPISODES=128, ALIGN_EVAL_NUM_STEPS=400
ALIGN ego[00] partner[00] R2=0.965995 NMSE=0.034005 shuffled_R2=-0.013802
ALIGN ego[00] partner[01] R2=0.946395 NMSE=0.053605 shuffled_R2=-0.015388
ALIGN ego[00] partner[02] R2=0.963078 NMSE=0.036922 shuffled_R2=-0.015023
ALIGN ego[00] partner[03] R2=0.969217 NMSE=0.030783 shuffled_R2=-0.024897
ALIGN ego[00] partner[04] R2=0.963950 NMSE=0.036050 shuffled_R2=-0.017257
ALIGN ego[01] partner[00] R2=0.977608 NMSE=0.022392 shuffled_R2=-0.017689
ALIGN ego[01] partner[01] R2=0.961288 NMSE=0.038712 shuffled_R2=-0.013076
ALIGN ego[01] partner[02] R2=0.938664 NMSE=0.061336 shuffled_R2=-0.018974
ALIGN ego[01] partner[03] R2=0.923320 NMSE=0.076680 shuffled_R2=-0.014810
ALIGN ego[01] partner[04] R2=0.949718 NMSE=0.050282 shuffled_R2=-0.021022
ALIGN ego[02] partner[00] R2=0.961269 NMSE=0.038731 shuffled_R2=-0.020340
ALIGN ego[02] partner[01] R2=0.943923 NMSE=0.056077 shuffled_R2=-0.014391
ALIGN ego[02] partner[02] R2=0.959085 NMSE=0.040915 shuffled_R2=-0.017303
ALIGN ego[02] partner[03] R2=0.941171 NMSE=0.058829 shuffled_R2=-0.015485
ALIGN ego[02] partner[04] R2=0.965102 NMSE=0.034898 shuffled_R2=-0.015730
ALIGN ego[03] partner[00] R2=0.880968 NMSE=0.119032 shuffled_R2=-0.039612
ALIGN ego[03] partner[01] R2=0.947371 NMSE=0.052629 shuffled_R2=-0.020903
ALIGN ego[03] partner[02] R2=0.754830 NMSE=0.245170 shuffled_R2=-0.086359
ALIGN ego[03] partner[03] R2=0.953703 NMSE=0.046297 shuffled_R2=-0.013772
ALIGN ego[03] partner[04] R2=0.968579 NMSE=0.031421 shuffled_R2=-0.022530
ALIGN ego[04] partner[00] R2=0.954926 NMSE=0.045074 shuffled_R2=-0.017327
ALIGN ego[04] partner[01] R2=0.956025 NMSE=0.043975 shuffled_R2=-0.013646
ALIGN ego[04] partner[02] R2=0.947360 NMSE=0.052640 shuffled_R2=-0.014924
ALIGN ego[04] partner[03] R2=0.940718 NMSE=0.059282 shuffled_R2=-0.018655
ALIGN ego[04] partner[04] R2=0.947956 NMSE=0.052044 shuffled_R2=-0.018233
Average ego-to-partner alignment R2: 0.943289 +- 0.008712 SE over 25 ego-partner pairs
Average alignment normalized MSE: 0.056711 +- 0.008712 SE
Average shuffled-control alignment R2: -0.020846 +- 0.002935 SE
Saved alignment results to zsc_results/lmpredV204/forced_coord
Evaluating ZSC for method=lmpredV204_ablate, layout=cramped_room5x5, prefix=checkpoints/lmpredV204_ablate/, result_name=lmpredV204_ablate, perspective_transform=false
Importing submoduled environments...
Submoduled environments not found. Skipping import.
LOADED: checkpoints/lmpredV204_ablate/cramped_room5x5/baseline_seed_0_step_220.msgpack
LOADED: checkpoints/lmpredV204_ablate/cramped_room5x5/baseline_seed_1_step_220.msgpack
LOADED: checkpoints/lmpredV204_ablate/cramped_room5x5/baseline_seed_2_step_220.msgpack
LOADED: checkpoints/lmpredV204_ablate/cramped_room5x5/baseline_seed_3_step_220.msgpack
LOADED: checkpoints/lmpredV204_ablate/cramped_room5x5/baseline_seed_4_step_220.msgpack
ZSC[00, 00] = 231.895
ZSC[00, 01] = 202.792
ZSC[00, 02] = 228.842
ZSC[00, 03] = 188.184
ZSC[00, 04] = 197.945
ZSC[01, 00] = 200.884
ZSC[01, 01] = 234.353
ZSC[01, 02] = 205.141
ZSC[01, 03] = 71.319
ZSC[01, 04] = 183.223
ZSC[02, 00] = 229.195
ZSC[02, 01] = 205.502
ZSC[02, 02] = 238.620
ZSC[02, 03] = 218.072
ZSC[02, 04] = 220.587
ZSC[03, 00] = 191.894
ZSC[03, 01] = 71.484
ZSC[03, 02] = 217.716
ZSC[03, 03] = 212.416
ZSC[03, 04] = 189.606
ZSC[04, 00] = 199.167
ZSC[04, 01] = 181.144
ZSC[04, 02] = 219.734
ZSC[04, 03] = 189.945
ZSC[04, 04] = 233.022
Average SP performance (diagonal/self-copy): 230.061 +- 4.556 SE over 5 pairs
Average XP performance (off-diagonal/excluding self): 190.619 +- 9.676 SE over 20 ordered pairs
Saved ZSC results to zsc_results/lmpredV204_ablate/cramped_room5x5
Saved ZSC heatmap to zsc_results/lmpredV204_ablate/cramped_room5x5/xp_matrix.png
Using alignment rollout scale: ALIGN_PAIR_BATCH_SIZE=1, ALIGN_EVAL_NUM_EPISODES=128, ALIGN_EVAL_NUM_STEPS=400
ALIGN ego[00] partner[00] R2=0.910735 NMSE=0.089265 shuffled_R2=-0.016737
ALIGN ego[00] partner[01] R2=0.904809 NMSE=0.095191 shuffled_R2=-0.025087
ALIGN ego[00] partner[02] R2=0.914085 NMSE=0.085915 shuffled_R2=-0.018298
ALIGN ego[00] partner[03] R2=0.891602 NMSE=0.108398 shuffled_R2=-0.040478
ALIGN ego[00] partner[04] R2=0.916550 NMSE=0.083450 shuffled_R2=-0.016774
ALIGN ego[01] partner[00] R2=0.920821 NMSE=0.079179 shuffled_R2=-0.016393
ALIGN ego[01] partner[01] R2=0.933458 NMSE=0.066542 shuffled_R2=-0.016258
ALIGN ego[01] partner[02] R2=0.925860 NMSE=0.074140 shuffled_R2=-0.019090
ALIGN ego[01] partner[03] R2=0.950376 NMSE=0.049624 shuffled_R2=-0.018449
ALIGN ego[01] partner[04] R2=0.924986 NMSE=0.075014 shuffled_R2=-0.017182
ALIGN ego[02] partner[00] R2=0.908516 NMSE=0.091484 shuffled_R2=-0.020186
ALIGN ego[02] partner[01] R2=0.911581 NMSE=0.088419 shuffled_R2=-0.017515
ALIGN ego[02] partner[02] R2=0.925093 NMSE=0.074907 shuffled_R2=-0.016753
ALIGN ego[02] partner[03] R2=0.939768 NMSE=0.060232 shuffled_R2=-0.017630
ALIGN ego[02] partner[04] R2=0.914891 NMSE=0.085109 shuffled_R2=-0.016388
ALIGN ego[03] partner[00] R2=0.951296 NMSE=0.048704 shuffled_R2=-0.017956
ALIGN ego[03] partner[01] R2=0.930993 NMSE=0.069007 shuffled_R2=-0.039616
ALIGN ego[03] partner[02] R2=0.943845 NMSE=0.056155 shuffled_R2=-0.015513
ALIGN ego[03] partner[03] R2=0.939297 NMSE=0.060703 shuffled_R2=-0.031422
ALIGN ego[03] partner[04] R2=0.962917 NMSE=0.037083 shuffled_R2=-0.015001
ALIGN ego[04] partner[00] R2=0.842856 NMSE=0.157144 shuffled_R2=-0.033123
ALIGN ego[04] partner[01] R2=0.907976 NMSE=0.092024 shuffled_R2=-0.021145
ALIGN ego[04] partner[02] R2=0.897869 NMSE=0.102131 shuffled_R2=-0.018937
ALIGN ego[04] partner[03] R2=0.942864 NMSE=0.057136 shuffled_R2=-0.015516
ALIGN ego[04] partner[04] R2=0.885464 NMSE=0.114536 shuffled_R2=-0.021855
Average ego-to-partner alignment R2: 0.919940 +- 0.005027 SE over 25 ego-partner pairs
Average alignment normalized MSE: 0.080060 +- 0.005027 SE
Average shuffled-control alignment R2: -0.020932 +- 0.001463 SE
Saved alignment results to zsc_results/lmpredV204_ablate/cramped_room5x5
Evaluating ZSC for method=lmpredV204_ablate, layout=counter_circuit, prefix=checkpoints/lmpredV204_ablate/, result_name=lmpredV204_ablate, perspective_transform=false
Importing submoduled environments...
Submoduled environments not found. Skipping import.
LOADED: checkpoints/lmpredV204_ablate/counter_circuit/baseline_seed_0_step_380.msgpack
LOADED: checkpoints/lmpredV204_ablate/counter_circuit/baseline_seed_1_step_380.msgpack
LOADED: checkpoints/lmpredV204_ablate/counter_circuit/baseline_seed_2_step_380.msgpack
LOADED: checkpoints/lmpredV204_ablate/counter_circuit/baseline_seed_3_step_380.msgpack
LOADED: checkpoints/lmpredV204_ablate/counter_circuit/baseline_seed_4_step_380.msgpack
ZSC[00, 00] = 146.377
ZSC[00, 01] = 185.902
ZSC[00, 02] = 198.637
ZSC[00, 03] = 145.198
ZSC[00, 04] = 161.716
ZSC[01, 00] = 187.017
ZSC[01, 01] = 211.217
ZSC[01, 02] = 181.255
ZSC[01, 03] = 173.284
ZSC[01, 04] = 108.353
ZSC[02, 00] = 195.750
ZSC[02, 01] = 183.986
ZSC[02, 02] = 240.850
ZSC[02, 03] = 189.205
ZSC[02, 04] = 170.498
ZSC[03, 00] = 147.409
ZSC[03, 01] = 173.884
ZSC[03, 02] = 189.586
ZSC[03, 03] = 203.356
ZSC[03, 04] = 180.478
ZSC[04, 00] = 159.753
ZSC[04, 01] = 108.686
ZSC[04, 02] = 170.950
ZSC[04, 03] = 180.334
ZSC[04, 04] = 183.430
Average SP performance (diagonal/self-copy): 197.046 +- 15.672 SE over 5 pairs
Average XP performance (off-diagonal/excluding self): 169.594 +- 5.666 SE over 20 ordered pairs
Saved ZSC results to zsc_results/lmpredV204_ablate/counter_circuit
Saved ZSC heatmap to zsc_results/lmpredV204_ablate/counter_circuit/xp_matrix.png
Using alignment rollout scale: ALIGN_PAIR_BATCH_SIZE=1, ALIGN_EVAL_NUM_EPISODES=128, ALIGN_EVAL_NUM_STEPS=400
ALIGN ego[00] partner[00] R2=0.792822 NMSE=0.207178 shuffled_R2=-0.036767
ALIGN ego[00] partner[01] R2=0.664448 NMSE=0.335552 shuffled_R2=-0.029738
ALIGN ego[00] partner[02] R2=0.714175 NMSE=0.285825 shuffled_R2=-0.022987
ALIGN ego[00] partner[03] R2=0.797013 NMSE=0.202987 shuffled_R2=-0.016481
ALIGN ego[00] partner[04] R2=0.780063 NMSE=0.219937 shuffled_R2=-0.017909
ALIGN ego[01] partner[00] R2=0.792705 NMSE=0.207295 shuffled_R2=-0.019998
ALIGN ego[01] partner[01] R2=0.728931 NMSE=0.271069 shuffled_R2=-0.024225
ALIGN ego[01] partner[02] R2=0.686246 NMSE=0.313754 shuffled_R2=-0.027199
ALIGN ego[01] partner[03] R2=0.651196 NMSE=0.348804 shuffled_R2=-0.026501
ALIGN ego[01] partner[04] R2=0.687009 NMSE=0.312991 shuffled_R2=-0.031492
ALIGN ego[02] partner[00] R2=0.845236 NMSE=0.154764 shuffled_R2=-0.018082
ALIGN ego[02] partner[01] R2=0.717016 NMSE=0.282984 shuffled_R2=-0.023006
ALIGN ego[02] partner[02] R2=0.783957 NMSE=0.216043 shuffled_R2=-0.021728
ALIGN ego[02] partner[03] R2=0.736138 NMSE=0.263862 shuffled_R2=-0.017794
ALIGN ego[02] partner[04] R2=0.835837 NMSE=0.164163 shuffled_R2=-0.015974
ALIGN ego[03] partner[00] R2=0.773594 NMSE=0.226406 shuffled_R2=-0.018197
ALIGN ego[03] partner[01] R2=0.753621 NMSE=0.246379 shuffled_R2=-0.020103
ALIGN ego[03] partner[02] R2=0.756171 NMSE=0.243829 shuffled_R2=-0.016968
ALIGN ego[03] partner[03] R2=0.678995 NMSE=0.321005 shuffled_R2=-0.018974
ALIGN ego[03] partner[04] R2=0.764848 NMSE=0.235152 shuffled_R2=-0.017290
ALIGN ego[04] partner[00] R2=0.718939 NMSE=0.281061 shuffled_R2=-0.026688
ALIGN ego[04] partner[01] R2=0.767030 NMSE=0.232970 shuffled_R2=-0.015382
ALIGN ego[04] partner[02] R2=0.801538 NMSE=0.198462 shuffled_R2=-0.016681
ALIGN ego[04] partner[03] R2=0.666695 NMSE=0.333305 shuffled_R2=-0.018537
ALIGN ego[04] partner[04] R2=0.866769 NMSE=0.133231 shuffled_R2=-0.014519
Average ego-to-partner alignment R2: 0.750440 +- 0.011750 SE over 25 ego-partner pairs
Average alignment normalized MSE: 0.249560 +- 0.011750 SE
Average shuffled-control alignment R2: -0.021329 +- 0.001132 SE
Saved alignment results to zsc_results/lmpredV204_ablate/counter_circuit
Evaluating ZSC for method=lmpredV204_ablate, layout=coord_ring, prefix=checkpoints/lmpredV204_ablate/, result_name=lmpredV204_ablate, perspective_transform=false
Importing submoduled environments...
Submoduled environments not found. Skipping import.
LOADED: checkpoints/lmpredV204_ablate/coord_ring/baseline_seed_0_step_220.msgpack
LOADED: checkpoints/lmpredV204_ablate/coord_ring/baseline_seed_1_step_220.msgpack
LOADED: checkpoints/lmpredV204_ablate/coord_ring/baseline_seed_2_step_220.msgpack
LOADED: checkpoints/lmpredV204_ablate/coord_ring/baseline_seed_3_step_220.msgpack
LOADED: checkpoints/lmpredV204_ablate/coord_ring/baseline_seed_4_step_220.msgpack
ZSC[00, 00] = 308.897
ZSC[00, 01] = 161.889
ZSC[00, 02] = 169.344
ZSC[00, 03] = 202.034
ZSC[00, 04] = 269.539
ZSC[01, 00] = 161.108
ZSC[01, 01] = 307.411
ZSC[01, 02] = 303.578
ZSC[01, 03] = 121.889
ZSC[01, 04] = 68.592
ZSC[02, 00] = 170.661
ZSC[02, 01] = 303.136
ZSC[02, 02] = 297.798
ZSC[02, 03] = 88.844
ZSC[02, 04] = 127.136
ZSC[03, 00] = 202.494
ZSC[03, 01] = 120.550
ZSC[03, 02] = 89.839
ZSC[03, 03] = 178.973
ZSC[03, 04] = 264.886
ZSC[04, 00] = 270.189
ZSC[04, 01] = 68.475
ZSC[04, 02] = 126.936
ZSC[04, 03] = 264.544
ZSC[04, 04] = 263.830
Average SP performance (diagonal/self-copy): 271.382 +- 24.495 SE over 5 pairs
Average XP performance (off-diagonal/excluding self): 177.783 +- 17.511 SE over 20 ordered pairs
Saved ZSC results to zsc_results/lmpredV204_ablate/coord_ring
Saved ZSC heatmap to zsc_results/lmpredV204_ablate/coord_ring/xp_matrix.png
Using alignment rollout scale: ALIGN_PAIR_BATCH_SIZE=1, ALIGN_EVAL_NUM_EPISODES=128, ALIGN_EVAL_NUM_STEPS=400
ALIGN ego[00] partner[00] R2=0.913974 NMSE=0.086026 shuffled_R2=-0.014633
ALIGN ego[00] partner[01] R2=0.846137 NMSE=0.153863 shuffled_R2=-0.015455
ALIGN ego[00] partner[02] R2=0.846082 NMSE=0.153918 shuffled_R2=-0.018198
ALIGN ego[00] partner[03] R2=0.833136 NMSE=0.166864 shuffled_R2=-0.030647
ALIGN ego[00] partner[04] R2=0.919328 NMSE=0.080672 shuffled_R2=-0.015205
ALIGN ego[01] partner[00] R2=0.833515 NMSE=0.166485 shuffled_R2=-0.015128
ALIGN ego[01] partner[01] R2=0.807480 NMSE=0.192520 shuffled_R2=-0.030014
ALIGN ego[01] partner[02] R2=0.933601 NMSE=0.066399 shuffled_R2=-0.014100
ALIGN ego[01] partner[03] R2=0.894108 NMSE=0.105892 shuffled_R2=-0.018502
ALIGN ego[01] partner[04] R2=0.919621 NMSE=0.080379 shuffled_R2=-0.014617
ALIGN ego[02] partner[00] R2=0.814548 NMSE=0.185452 shuffled_R2=-0.020269
ALIGN ego[02] partner[01] R2=0.914419 NMSE=0.085581 shuffled_R2=-0.019478
ALIGN ego[02] partner[02] R2=0.561934 NMSE=0.438066 shuffled_R2=-0.055731
ALIGN ego[02] partner[03] R2=0.799315 NMSE=0.200685 shuffled_R2=-0.025681
ALIGN ego[02] partner[04] R2=0.884195 NMSE=0.115805 shuffled_R2=-0.018148
ALIGN ego[03] partner[00] R2=0.706664 NMSE=0.293336 shuffled_R2=-0.065751
ALIGN ego[03] partner[01] R2=0.764839 NMSE=0.235161 shuffled_R2=-0.036187
ALIGN ego[03] partner[02] R2=0.858179 NMSE=0.141821 shuffled_R2=-0.020504
ALIGN ego[03] partner[03] R2=0.938217 NMSE=0.061783 shuffled_R2=-0.016877
ALIGN ego[03] partner[04] R2=0.928790 NMSE=0.071210 shuffled_R2=-0.016692
ALIGN ego[04] partner[00] R2=0.897960 NMSE=0.102040 shuffled_R2=-0.015442
ALIGN ego[04] partner[01] R2=0.853801 NMSE=0.146199 shuffled_R2=-0.018452
ALIGN ego[04] partner[02] R2=0.802585 NMSE=0.197415 shuffled_R2=-0.023810
ALIGN ego[04] partner[03] R2=0.905642 NMSE=0.094358 shuffled_R2=-0.021559
ALIGN ego[04] partner[04] R2=0.868146 NMSE=0.131854 shuffled_R2=-0.012853
Average ego-to-partner alignment R2: 0.849849 +- 0.016686 SE over 25 ego-partner pairs
Average alignment normalized MSE: 0.150151 +- 0.016686 SE
Average shuffled-control alignment R2: -0.022957 +- 0.002563 SE
Saved alignment results to zsc_results/lmpredV204_ablate/coord_ring
Evaluating ZSC for method=lmpredV204_ablate, layout=asymm_advantages, prefix=checkpoints/lmpredV204_ablate/, result_name=lmpredV204_ablate, perspective_transform=false
Importing submoduled environments...
Submoduled environments not found. Skipping import.
LOADED: checkpoints/lmpredV204_ablate/asymm_advantages/baseline_seed_0_step_220.msgpack
LOADED: checkpoints/lmpredV204_ablate/asymm_advantages/baseline_seed_1_step_220.msgpack
LOADED: checkpoints/lmpredV204_ablate/asymm_advantages/baseline_seed_2_step_220.msgpack
LOADED: checkpoints/lmpredV204_ablate/asymm_advantages/baseline_seed_3_step_220.msgpack
LOADED: checkpoints/lmpredV204_ablate/asymm_advantages/baseline_seed_4_step_220.msgpack
ZSC[00, 00] = 453.622
ZSC[00, 01] = 449.798
ZSC[00, 02] = 454.098
ZSC[00, 03] = 404.564
ZSC[00, 04] = 457.186
ZSC[01, 00] = 446.695
ZSC[01, 01] = 425.431
ZSC[01, 02] = 442.528
ZSC[01, 03] = 393.584
ZSC[01, 04] = 447.205
ZSC[02, 00] = 450.841
ZSC[02, 01] = 442.391
ZSC[02, 02] = 471.642
ZSC[02, 03] = 414.955
ZSC[02, 04] = 463.703
ZSC[03, 00] = 280.758
ZSC[03, 01] = 385.239
ZSC[03, 02] = 339.670
ZSC[03, 03] = 436.150
ZSC[03, 04] = 460.262
ZSC[04, 00] = 454.708
ZSC[04, 01] = 413.275
ZSC[04, 02] = 461.711
ZSC[04, 03] = 413.119
ZSC[04, 04] = 459.098
Average SP performance (diagonal/self-copy): 449.189 +- 8.235 SE over 5 pairs
Average XP performance (off-diagonal/excluding self): 423.815 +- 10.404 SE over 20 ordered pairs
Saved ZSC results to zsc_results/lmpredV204_ablate/asymm_advantages
Saved ZSC heatmap to zsc_results/lmpredV204_ablate/asymm_advantages/xp_matrix.png
Using alignment rollout scale: ALIGN_PAIR_BATCH_SIZE=1, ALIGN_EVAL_NUM_EPISODES=128, ALIGN_EVAL_NUM_STEPS=400
ALIGN ego[00] partner[00] R2=0.942298 NMSE=0.057702 shuffled_R2=-0.016876
ALIGN ego[00] partner[01] R2=0.952142 NMSE=0.047858 shuffled_R2=-0.015699
ALIGN ego[00] partner[02] R2=0.960116 NMSE=0.039884 shuffled_R2=-0.017443
ALIGN ego[00] partner[03] R2=0.920270 NMSE=0.079730 shuffled_R2=-0.015593
ALIGN ego[00] partner[04] R2=0.953760 NMSE=0.046240 shuffled_R2=-0.017446
ALIGN ego[01] partner[00] R2=0.901230 NMSE=0.098770 shuffled_R2=-0.021729
ALIGN ego[01] partner[01] R2=0.946068 NMSE=0.053932 shuffled_R2=-0.015681
ALIGN ego[01] partner[02] R2=0.934653 NMSE=0.065347 shuffled_R2=-0.019793
ALIGN ego[01] partner[03] R2=0.911816 NMSE=0.088184 shuffled_R2=-0.016810
ALIGN ego[01] partner[04] R2=0.943842 NMSE=0.056158 shuffled_R2=-0.020384
ALIGN ego[02] partner[00] R2=0.930682 NMSE=0.069318 shuffled_R2=-0.016550
ALIGN ego[02] partner[01] R2=0.935656 NMSE=0.064344 shuffled_R2=-0.017559
ALIGN ego[02] partner[02] R2=0.938418 NMSE=0.061582 shuffled_R2=-0.019381
ALIGN ego[02] partner[03] R2=0.933125 NMSE=0.066875 shuffled_R2=-0.017012
ALIGN ego[02] partner[04] R2=0.946944 NMSE=0.053056 shuffled_R2=-0.017824
ALIGN ego[03] partner[00] R2=0.846617 NMSE=0.153383 shuffled_R2=-0.019616
ALIGN ego[03] partner[01] R2=0.907360 NMSE=0.092640 shuffled_R2=-0.020038
ALIGN ego[03] partner[02] R2=0.919719 NMSE=0.080281 shuffled_R2=-0.016411
ALIGN ego[03] partner[03] R2=0.922915 NMSE=0.077085 shuffled_R2=-0.020335
ALIGN ego[03] partner[04] R2=0.895717 NMSE=0.104283 shuffled_R2=-0.024853
ALIGN ego[04] partner[00] R2=0.939495 NMSE=0.060505 shuffled_R2=-0.021514
ALIGN ego[04] partner[01] R2=0.961087 NMSE=0.038913 shuffled_R2=-0.014342
ALIGN ego[04] partner[02] R2=0.945663 NMSE=0.054337 shuffled_R2=-0.020007
ALIGN ego[04] partner[03] R2=0.934481 NMSE=0.065519 shuffled_R2=-0.016255
ALIGN ego[04] partner[04] R2=0.952390 NMSE=0.047610 shuffled_R2=-0.018685
Average ego-to-partner alignment R2: 0.931059 +- 0.004972 SE over 25 ego-partner pairs
Average alignment normalized MSE: 0.068941 +- 0.004972 SE
Average shuffled-control alignment R2: -0.018313 +- 0.000484 SE
Saved alignment results to zsc_results/lmpredV204_ablate/asymm_advantages
Evaluating ZSC for method=lmpredV204_ablate, layout=forced_coord, prefix=checkpoints/lmpredV204_ablate/, result_name=lmpredV204_ablate, perspective_transform=false
Importing submoduled environments...
Submoduled environments not found. Skipping import.
LOADED: checkpoints/lmpredV204_ablate/forced_coord/baseline_seed_0_step_220.msgpack
LOADED: checkpoints/lmpredV204_ablate/forced_coord/baseline_seed_1_step_220.msgpack
LOADED: checkpoints/lmpredV204_ablate/forced_coord/baseline_seed_2_step_220.msgpack
LOADED: checkpoints/lmpredV204_ablate/forced_coord/baseline_seed_3_step_220.msgpack
LOADED: checkpoints/lmpredV204_ablate/forced_coord/baseline_seed_4_step_220.msgpack
ZSC[00, 00] = 272.347
ZSC[00, 01] = 257.008
ZSC[00, 02] = 184.984
ZSC[00, 03] = 252.927
ZSC[00, 04] = 162.205
ZSC[01, 00] = 271.962
ZSC[01, 01] = 312.562
ZSC[01, 02] = 239.661
ZSC[01, 03] = 276.084
ZSC[01, 04] = 267.512
ZSC[02, 00] = 286.598
ZSC[02, 01] = 269.695
ZSC[02, 02] = 214.852
ZSC[02, 03] = 100.208
ZSC[02, 04] = 169.358
ZSC[03, 00] = 53.097
ZSC[03, 01] = 275.161
ZSC[03, 02] = 18.431
ZSC[03, 03] = 326.837
ZSC[03, 04] = 276.362
ZSC[04, 00] = 69.594
ZSC[04, 01] = 280.000
ZSC[04, 02] = 144.155
ZSC[04, 03] = 293.423
ZSC[04, 04] = 291.125
Average SP performance (diagonal/self-copy): 283.545 +- 19.517 SE over 5 pairs
Average XP performance (off-diagonal/excluding self): 207.421 +- 19.751 SE over 20 ordered pairs
Saved ZSC results to zsc_results/lmpredV204_ablate/forced_coord
Saved ZSC heatmap to zsc_results/lmpredV204_ablate/forced_coord/xp_matrix.png
Using alignment rollout scale: ALIGN_PAIR_BATCH_SIZE=1, ALIGN_EVAL_NUM_EPISODES=128, ALIGN_EVAL_NUM_STEPS=400
ALIGN ego[00] partner[00] R2=0.971394 NMSE=0.028606 shuffled_R2=-0.015971
ALIGN ego[00] partner[01] R2=0.863457 NMSE=0.136543 shuffled_R2=-0.119714
ALIGN ego[00] partner[02] R2=0.865300 NMSE=0.134700 shuffled_R2=-0.017137
ALIGN ego[00] partner[03] R2=0.925666 NMSE=0.074334 shuffled_R2=-0.021196
ALIGN ego[00] partner[04] R2=0.920882 NMSE=0.079118 shuffled_R2=-0.033030
ALIGN ego[01] partner[00] R2=0.953403 NMSE=0.046597 shuffled_R2=-0.016461
ALIGN ego[01] partner[01] R2=0.959882 NMSE=0.040118 shuffled_R2=-0.015191
ALIGN ego[01] partner[02] R2=0.910721 NMSE=0.089279 shuffled_R2=-0.014284
ALIGN ego[01] partner[03] R2=0.939774 NMSE=0.060226 shuffled_R2=-0.016172
ALIGN ego[01] partner[04] R2=0.948672 NMSE=0.051328 shuffled_R2=-0.013852
ALIGN ego[02] partner[00] R2=0.966447 NMSE=0.033553 shuffled_R2=-0.017264
ALIGN ego[02] partner[01] R2=0.936225 NMSE=0.063775 shuffled_R2=-0.014755
ALIGN ego[02] partner[02] R2=0.948690 NMSE=0.051310 shuffled_R2=-0.015309
ALIGN ego[02] partner[03] R2=0.939577 NMSE=0.060423 shuffled_R2=-0.013975
ALIGN ego[02] partner[04] R2=0.925819 NMSE=0.074181 shuffled_R2=-0.015310
ALIGN ego[03] partner[00] R2=0.967121 NMSE=0.032879 shuffled_R2=-0.015628
ALIGN ego[03] partner[01] R2=0.967927 NMSE=0.032073 shuffled_R2=-0.018549
ALIGN ego[03] partner[02] R2=0.651351 NMSE=0.348649 shuffled_R2=-0.028423
ALIGN ego[03] partner[03] R2=0.936772 NMSE=0.063228 shuffled_R2=-0.018508
ALIGN ego[03] partner[04] R2=0.949886 NMSE=0.050114 shuffled_R2=-0.015303
ALIGN ego[04] partner[00] R2=0.975899 NMSE=0.024101 shuffled_R2=-0.011011
ALIGN ego[04] partner[01] R2=0.980446 NMSE=0.019554 shuffled_R2=-0.013004
ALIGN ego[04] partner[02] R2=0.965148 NMSE=0.034852 shuffled_R2=-0.015401
ALIGN ego[04] partner[03] R2=0.952619 NMSE=0.047381 shuffled_R2=-0.015998
ALIGN ego[04] partner[04] R2=0.957611 NMSE=0.042389 shuffled_R2=-0.016424
Average ego-to-partner alignment R2: 0.931228 +- 0.013073 SE over 25 ego-partner pairs
Average alignment normalized MSE: 0.068772 +- 0.013073 SE
Average shuffled-control alignment R2: -0.021115 +- 0.004211 SE
Saved alignment results to zsc_results/lmpredV204_ablate/forced_coord
Evaluating ZSC for method=lmpredV2005, layout=cramped_room5x5, prefix=checkpoints/lmpredV2005/, result_name=lmpredV2005, perspective_transform=true
Importing submoduled environments...
Submoduled environments not found. Skipping import.
LOADED: checkpoints/lmpredV2005/cramped_room5x5/baseline_seed_0_step_220.msgpack
LOADED: checkpoints/lmpredV2005/cramped_room5x5/baseline_seed_1_step_220.msgpack
LOADED: checkpoints/lmpredV2005/cramped_room5x5/baseline_seed_2_step_220.msgpack
LOADED: checkpoints/lmpredV2005/cramped_room5x5/baseline_seed_3_step_220.msgpack
LOADED: checkpoints/lmpredV2005/cramped_room5x5/baseline_seed_4_step_220.msgpack
ZSC[00, 00] = 217.775
ZSC[00, 01] = 213.684
ZSC[00, 02] = 226.109
ZSC[00, 03] = 228.869
ZSC[00, 04] = 204.778
ZSC[01, 00] = 215.955
ZSC[01, 01] = 215.502
ZSC[01, 02] = 222.059
ZSC[01, 03] = 231.412
ZSC[01, 04] = 186.470
ZSC[02, 00] = 224.872
ZSC[02, 01] = 222.194
ZSC[02, 02] = 236.145
ZSC[02, 03] = 222.570
ZSC[02, 04] = 190.528
ZSC[03, 00] = 228.577
ZSC[03, 01] = 230.884
ZSC[03, 02] = 222.342
ZSC[03, 03] = 240.053
ZSC[03, 04] = 114.570
ZSC[04, 00] = 204.234
ZSC[04, 01] = 186.200
ZSC[04, 02] = 189.494
ZSC[04, 03] = 115.111
ZSC[04, 04] = 230.905
Average SP performance (diagonal/self-copy): 228.076 +- 4.903 SE over 5 pairs
Average XP performance (off-diagonal/excluding self): 204.046 +- 7.628 SE over 20 ordered pairs
Saved ZSC results to zsc_results/lmpredV2005/cramped_room5x5
Saved ZSC heatmap to zsc_results/lmpredV2005/cramped_room5x5/xp_matrix.png
Using alignment rollout scale: ALIGN_PAIR_BATCH_SIZE=1, ALIGN_EVAL_NUM_EPISODES=128, ALIGN_EVAL_NUM_STEPS=400
ALIGN ego[00] partner[00] R2=0.944055 NMSE=0.055945 shuffled_R2=-0.016554
ALIGN ego[00] partner[01] R2=0.796779 NMSE=0.203221 shuffled_R2=-0.058300
ALIGN ego[00] partner[02] R2=0.947556 NMSE=0.052444 shuffled_R2=-0.015590
ALIGN ego[00] partner[03] R2=0.921107 NMSE=0.078893 shuffled_R2=-0.016580
ALIGN ego[00] partner[04] R2=0.889972 NMSE=0.110028 shuffled_R2=-0.030667
ALIGN ego[01] partner[00] R2=0.936609 NMSE=0.063391 shuffled_R2=-0.018139
ALIGN ego[01] partner[01] R2=0.911734 NMSE=0.088266 shuffled_R2=-0.017677
ALIGN ego[01] partner[02] R2=0.907874 NMSE=0.092126 shuffled_R2=-0.018971
ALIGN ego[01] partner[03] R2=0.918339 NMSE=0.081661 shuffled_R2=-0.014331
ALIGN ego[01] partner[04] R2=0.933027 NMSE=0.066973 shuffled_R2=-0.015761
ALIGN ego[02] partner[00] R2=0.958484 NMSE=0.041516 shuffled_R2=-0.016122
ALIGN ego[02] partner[01] R2=0.905604 NMSE=0.094396 shuffled_R2=-0.020312
ALIGN ego[02] partner[02] R2=0.940059 NMSE=0.059941 shuffled_R2=-0.015928
ALIGN ego[02] partner[03] R2=0.933354 NMSE=0.066646 shuffled_R2=-0.013942
ALIGN ego[02] partner[04] R2=0.944296 NMSE=0.055704 shuffled_R2=-0.017266
ALIGN ego[03] partner[00] R2=0.909693 NMSE=0.090307 shuffled_R2=-0.031020
ALIGN ego[03] partner[01] R2=0.904668 NMSE=0.095332 shuffled_R2=-0.021651
ALIGN ego[03] partner[02] R2=0.936536 NMSE=0.063464 shuffled_R2=-0.018347
ALIGN ego[03] partner[03] R2=0.938649 NMSE=0.061351 shuffled_R2=-0.017250
ALIGN ego[03] partner[04] R2=0.947555 NMSE=0.052445 shuffled_R2=-0.014549
ALIGN ego[04] partner[00] R2=0.915078 NMSE=0.084922 shuffled_R2=-0.023819
ALIGN ego[04] partner[01] R2=0.902750 NMSE=0.097250 shuffled_R2=-0.032409
ALIGN ego[04] partner[02] R2=0.895532 NMSE=0.104468 shuffled_R2=-0.025395
ALIGN ego[04] partner[03] R2=0.853668 NMSE=0.146332 shuffled_R2=-0.037811
ALIGN ego[04] partner[04] R2=0.904944 NMSE=0.095056 shuffled_R2=-0.015488
Average ego-to-partner alignment R2: 0.915917 +- 0.006807 SE over 25 ego-partner pairs
Average alignment normalized MSE: 0.084083 +- 0.006807 SE
Average shuffled-control alignment R2: -0.021755 +- 0.001992 SE
Saved alignment results to zsc_results/lmpredV2005/cramped_room5x5
Evaluating ZSC for method=lmpredV2005, layout=counter_circuit, prefix=checkpoints/lmpredV2005/, result_name=lmpredV2005, perspective_transform=true
Importing submoduled environments...
Submoduled environments not found. Skipping import.
LOADED: checkpoints/lmpredV2005/counter_circuit/baseline_seed_0_step_380.msgpack
LOADED: checkpoints/lmpredV2005/counter_circuit/baseline_seed_1_step_380.msgpack
LOADED: checkpoints/lmpredV2005/counter_circuit/baseline_seed_2_step_380.msgpack
LOADED: checkpoints/lmpredV2005/counter_circuit/baseline_seed_3_step_380.msgpack
LOADED: checkpoints/lmpredV2005/counter_circuit/baseline_seed_4_step_380.msgpack
ZSC[00, 00] = 237.237
ZSC[00, 01] = 193.747
ZSC[00, 02] = 190.619
ZSC[00, 03] = 175.103
ZSC[00, 04] = 173.438
ZSC[01, 00] = 194.562
ZSC[01, 01] = 228.564
ZSC[01, 02] = 167.806
ZSC[01, 03] = 201.245
ZSC[01, 04] = 143.756
ZSC[02, 00] = 191.914
ZSC[02, 01] = 180.992
ZSC[02, 02] = 218.133
ZSC[02, 03] = 199.116
ZSC[02, 04] = 203.145
ZSC[03, 00] = 176.923
ZSC[03, 01] = 202.062
ZSC[03, 02] = 199.153
ZSC[03, 03] = 174.186
ZSC[03, 04] = 177.447
ZSC[04, 00] = 174.033
ZSC[04, 01] = 144.625
ZSC[04, 02] = 203.842
ZSC[04, 03] = 176.873
ZSC[04, 04] = 159.203
Average SP performance (diagonal/self-copy): 203.465 +- 15.495 SE over 5 pairs
Average XP performance (off-diagonal/excluding self): 183.520 +- 3.982 SE over 20 ordered pairs
Saved ZSC results to zsc_results/lmpredV2005/counter_circuit
Saved ZSC heatmap to zsc_results/lmpredV2005/counter_circuit/xp_matrix.png
Using alignment rollout scale: ALIGN_PAIR_BATCH_SIZE=1, ALIGN_EVAL_NUM_EPISODES=128, ALIGN_EVAL_NUM_STEPS=400
ALIGN ego[00] partner[00] R2=0.793214 NMSE=0.206786 shuffled_R2=-0.022978
ALIGN ego[00] partner[01] R2=0.745001 NMSE=0.254999 shuffled_R2=-0.018642
ALIGN ego[00] partner[02] R2=0.780775 NMSE=0.219225 shuffled_R2=-0.014723
ALIGN ego[00] partner[03] R2=0.695110 NMSE=0.304890 shuffled_R2=-0.026842
ALIGN ego[00] partner[04] R2=0.786662 NMSE=0.213338 shuffled_R2=-0.015335
ALIGN ego[01] partner[00] R2=0.730761 NMSE=0.269239 shuffled_R2=-0.023624
ALIGN ego[01] partner[01] R2=0.785385 NMSE=0.214615 shuffled_R2=-0.015308
ALIGN ego[01] partner[02] R2=0.798232 NMSE=0.201768 shuffled_R2=-0.015193
ALIGN ego[01] partner[03] R2=0.722670 NMSE=0.277330 shuffled_R2=-0.016612
ALIGN ego[01] partner[04] R2=0.769503 NMSE=0.230497 shuffled_R2=-0.018756
ALIGN ego[02] partner[00] R2=0.758655 NMSE=0.241345 shuffled_R2=-0.015782
ALIGN ego[02] partner[01] R2=0.761131 NMSE=0.238869 shuffled_R2=-0.015437
ALIGN ego[02] partner[02] R2=0.805854 NMSE=0.194146 shuffled_R2=-0.015205
ALIGN ego[02] partner[03] R2=0.757616 NMSE=0.242384 shuffled_R2=-0.016282
ALIGN ego[02] partner[04] R2=0.781159 NMSE=0.218841 shuffled_R2=-0.017031
ALIGN ego[03] partner[00] R2=0.712811 NMSE=0.287189 shuffled_R2=-0.025509
ALIGN ego[03] partner[01] R2=0.704995 NMSE=0.295005 shuffled_R2=-0.022988
ALIGN ego[03] partner[02] R2=0.783625 NMSE=0.216375 shuffled_R2=-0.016998
ALIGN ego[03] partner[03] R2=0.769894 NMSE=0.230106 shuffled_R2=-0.021690
ALIGN ego[03] partner[04] R2=0.750771 NMSE=0.249229 shuffled_R2=-0.017689
ALIGN ego[04] partner[00] R2=0.725789 NMSE=0.274211 shuffled_R2=-0.026454
ALIGN ego[04] partner[01] R2=0.807734 NMSE=0.192266 shuffled_R2=-0.016184
ALIGN ego[04] partner[02] R2=0.783226 NMSE=0.216774 shuffled_R2=-0.016806
ALIGN ego[04] partner[03] R2=0.727048 NMSE=0.272952 shuffled_R2=-0.019304
ALIGN ego[04] partner[04] R2=0.834140 NMSE=0.165860 shuffled_R2=-0.019246
Average ego-to-partner alignment R2: 0.762870 +- 0.007076 SE over 25 ego-partner pairs
Average alignment normalized MSE: 0.237130 +- 0.007076 SE
Average shuffled-control alignment R2: -0.018825 +- 0.000766 SE
Saved alignment results to zsc_results/lmpredV2005/counter_circuit
Evaluating ZSC for method=lmpredV2005, layout=coord_ring, prefix=checkpoints/lmpredV2005/, result_name=lmpredV2005, perspective_transform=true
Importing submoduled environments...
Submoduled environments not found. Skipping import.
LOADED: checkpoints/lmpredV2005/coord_ring/baseline_seed_0_step_220.msgpack
LOADED: checkpoints/lmpredV2005/coord_ring/baseline_seed_1_step_220.msgpack
LOADED: checkpoints/lmpredV2005/coord_ring/baseline_seed_2_step_220.msgpack
LOADED: checkpoints/lmpredV2005/coord_ring/baseline_seed_3_step_220.msgpack
LOADED: checkpoints/lmpredV2005/coord_ring/baseline_seed_4_step_220.msgpack
ZSC[00, 00] = 287.628
ZSC[00, 01] = 183.559
ZSC[00, 02] = 277.634
ZSC[00, 03] = 289.044
ZSC[00, 04] = 275.197
ZSC[01, 00] = 181.975
ZSC[01, 01] = 302.192
ZSC[01, 02] = 182.219
ZSC[01, 03] = 255.777
ZSC[01, 04] = 161.217
ZSC[02, 00] = 277.848
ZSC[02, 01] = 178.203
ZSC[02, 02] = 293.867
ZSC[02, 03] = 283.545
ZSC[02, 04] = 261.019
ZSC[03, 00] = 288.598
ZSC[03, 01] = 256.902
ZSC[03, 02] = 282.759
ZSC[03, 03] = 283.073
ZSC[03, 04] = 275.597
ZSC[04, 00] = 275.655
ZSC[04, 01] = 162.206
ZSC[04, 02] = 260.767
ZSC[04, 03] = 275.877
ZSC[04, 04] = 292.150
Average SP performance (diagonal/self-copy): 291.782 +- 3.209 SE over 5 pairs
Average XP performance (off-diagonal/excluding self): 244.280 +- 10.689 SE over 20 ordered pairs
Saved ZSC results to zsc_results/lmpredV2005/coord_ring
Saved ZSC heatmap to zsc_results/lmpredV2005/coord_ring/xp_matrix.png
Using alignment rollout scale: ALIGN_PAIR_BATCH_SIZE=1, ALIGN_EVAL_NUM_EPISODES=128, ALIGN_EVAL_NUM_STEPS=400
ALIGN ego[00] partner[00] R2=0.875035 NMSE=0.124965 shuffled_R2=-0.016853
ALIGN ego[00] partner[01] R2=0.853717 NMSE=0.146283 shuffled_R2=-0.017231
ALIGN ego[00] partner[02] R2=0.876345 NMSE=0.123655 shuffled_R2=-0.014359
ALIGN ego[00] partner[03] R2=0.881988 NMSE=0.118012 shuffled_R2=-0.018018
ALIGN ego[00] partner[04] R2=0.861215 NMSE=0.138785 shuffled_R2=-0.015319
ALIGN ego[01] partner[00] R2=0.815070 NMSE=0.184930 shuffled_R2=-0.026236
ALIGN ego[01] partner[01] R2=0.891395 NMSE=0.108605 shuffled_R2=-0.016116
ALIGN ego[01] partner[02] R2=0.870226 NMSE=0.129774 shuffled_R2=-0.013138
ALIGN ego[01] partner[03] R2=0.835830 NMSE=0.164170 shuffled_R2=-0.012606
ALIGN ego[01] partner[04] R2=0.804043 NMSE=0.195957 shuffled_R2=-0.032597
ALIGN ego[02] partner[00] R2=0.834792 NMSE=0.165208 shuffled_R2=-0.021273
ALIGN ego[02] partner[01] R2=0.853214 NMSE=0.146786 shuffled_R2=-0.014891
ALIGN ego[02] partner[02] R2=0.884838 NMSE=0.115162 shuffled_R2=-0.020274
ALIGN ego[02] partner[03] R2=0.863453 NMSE=0.136547 shuffled_R2=-0.015932
ALIGN ego[02] partner[04] R2=0.860787 NMSE=0.139213 shuffled_R2=-0.016178
ALIGN ego[03] partner[00] R2=0.885689 NMSE=0.114311 shuffled_R2=-0.014583
ALIGN ego[03] partner[01] R2=0.790949 NMSE=0.209051 shuffled_R2=-0.016248
ALIGN ego[03] partner[02] R2=0.850605 NMSE=0.149395 shuffled_R2=-0.018906
ALIGN ego[03] partner[03] R2=0.879835 NMSE=0.120165 shuffled_R2=-0.017423
ALIGN ego[03] partner[04] R2=0.863679 NMSE=0.136321 shuffled_R2=-0.014842
ALIGN ego[04] partner[00] R2=0.848584 NMSE=0.151416 shuffled_R2=-0.016822
ALIGN ego[04] partner[01] R2=0.904390 NMSE=0.095610 shuffled_R2=-0.015085
ALIGN ego[04] partner[02] R2=0.824216 NMSE=0.175784 shuffled_R2=-0.023472
ALIGN ego[04] partner[03] R2=0.862146 NMSE=0.137854 shuffled_R2=-0.017668
ALIGN ego[04] partner[04] R2=0.851503 NMSE=0.148497 shuffled_R2=-0.015211
Average ego-to-partner alignment R2: 0.856942 +- 0.005523 SE over 25 ego-partner pairs
Average alignment normalized MSE: 0.143058 +- 0.005523 SE
Average shuffled-control alignment R2: -0.017651 +- 0.000879 SE
Saved alignment results to zsc_results/lmpredV2005/coord_ring
Evaluating ZSC for method=lmpredV2005, layout=asymm_advantages, prefix=checkpoints/lmpredV2005/, result_name=lmpredV2005, perspective_transform=true
Importing submoduled environments...
Submoduled environments not found. Skipping import.
LOADED: checkpoints/lmpredV2005/asymm_advantages/baseline_seed_0_step_220.msgpack
LOADED: checkpoints/lmpredV2005/asymm_advantages/baseline_seed_1_step_220.msgpack
LOADED: checkpoints/lmpredV2005/asymm_advantages/baseline_seed_2_step_220.msgpack
LOADED: checkpoints/lmpredV2005/asymm_advantages/baseline_seed_3_step_220.msgpack
LOADED: checkpoints/lmpredV2005/asymm_advantages/baseline_seed_4_step_220.msgpack
ZSC[00, 00] = 446.731
ZSC[00, 01] = 441.731
ZSC[00, 02] = 461.350
ZSC[00, 03] = 481.631
ZSC[00, 04] = 445.256
ZSC[01, 00] = 423.041
ZSC[01, 01] = 427.831
ZSC[01, 02] = 459.509
ZSC[01, 03] = 484.348
ZSC[01, 04] = 428.666
ZSC[02, 00] = 432.881
ZSC[02, 01] = 420.077
ZSC[02, 02] = 460.292
ZSC[02, 03] = 472.369
ZSC[02, 04] = 431.720
ZSC[03, 00] = 422.398
ZSC[03, 01] = 425.630
ZSC[03, 02] = 453.250
ZSC[03, 03] = 480.505
ZSC[03, 04] = 428.958
ZSC[04, 00] = 425.197
ZSC[04, 01] = 429.859
ZSC[04, 02] = 466.717
ZSC[04, 03] = 476.931
ZSC[04, 04] = 433.000
Average SP performance (diagonal/self-copy): 449.672 +- 9.558 SE over 5 pairs
Average XP performance (off-diagonal/excluding self): 445.576 +- 4.904 SE over 20 ordered pairs
Saved ZSC results to zsc_results/lmpredV2005/asymm_advantages
Saved ZSC heatmap to zsc_results/lmpredV2005/asymm_advantages/xp_matrix.png
Using alignment rollout scale: ALIGN_PAIR_BATCH_SIZE=1, ALIGN_EVAL_NUM_EPISODES=128, ALIGN_EVAL_NUM_STEPS=400
ALIGN ego[00] partner[00] R2=0.913620 NMSE=0.086380 shuffled_R2=-0.014537
ALIGN ego[00] partner[01] R2=0.901346 NMSE=0.098654 shuffled_R2=-0.020611
ALIGN ego[00] partner[02] R2=0.933275 NMSE=0.066725 shuffled_R2=-0.017681
ALIGN ego[00] partner[03] R2=0.929569 NMSE=0.070431 shuffled_R2=-0.018142
ALIGN ego[00] partner[04] R2=0.948227 NMSE=0.051773 shuffled_R2=-0.014409
ALIGN ego[01] partner[00] R2=0.955322 NMSE=0.044678 shuffled_R2=-0.016984
ALIGN ego[01] partner[01] R2=0.961588 NMSE=0.038412 shuffled_R2=-0.020626
ALIGN ego[01] partner[02] R2=0.911883 NMSE=0.088117 shuffled_R2=-0.039128
ALIGN ego[01] partner[03] R2=0.928141 NMSE=0.071859 shuffled_R2=-0.023890
ALIGN ego[01] partner[04] R2=0.956531 NMSE=0.043469 shuffled_R2=-0.023431
ALIGN ego[02] partner[00] R2=0.645770 NMSE=0.354230 shuffled_R2=-0.063737
ALIGN ego[02] partner[01] R2=0.937198 NMSE=0.062802 shuffled_R2=-0.022712
ALIGN ego[02] partner[02] R2=0.943906 NMSE=0.056094 shuffled_R2=-0.015539
ALIGN ego[02] partner[03] R2=0.921519 NMSE=0.078481 shuffled_R2=-0.020955
ALIGN ego[02] partner[04] R2=0.952245 NMSE=0.047755 shuffled_R2=-0.014887
ALIGN ego[03] partner[00] R2=0.816035 NMSE=0.183965 shuffled_R2=-0.042510
ALIGN ego[03] partner[01] R2=0.922741 NMSE=0.077259 shuffled_R2=-0.015856
ALIGN ego[03] partner[02] R2=0.916625 NMSE=0.083375 shuffled_R2=-0.016515
ALIGN ego[03] partner[03] R2=0.935486 NMSE=0.064514 shuffled_R2=-0.018196
ALIGN ego[03] partner[04] R2=0.940095 NMSE=0.059905 shuffled_R2=-0.015561
ALIGN ego[04] partner[00] R2=0.946841 NMSE=0.053159 shuffled_R2=-0.015223
ALIGN ego[04] partner[01] R2=0.958964 NMSE=0.041036 shuffled_R2=-0.015705
ALIGN ego[04] partner[02] R2=0.948678 NMSE=0.051322 shuffled_R2=-0.016160
ALIGN ego[04] partner[03] R2=0.955139 NMSE=0.044861 shuffled_R2=-0.014983
ALIGN ego[04] partner[04] R2=0.965219 NMSE=0.034781 shuffled_R2=-0.016516
Average ego-to-partner alignment R2: 0.921839 +- 0.012957 SE over 25 ego-partner pairs
Average alignment normalized MSE: 0.078161 +- 0.012957 SE
Average shuffled-control alignment R2: -0.021380 +- 0.002253 SE
Saved alignment results to zsc_results/lmpredV2005/asymm_advantages
Evaluating ZSC for method=lmpredV2005, layout=forced_coord, prefix=checkpoints/lmpredV2005/, result_name=lmpredV2005, perspective_transform=true
Importing submoduled environments...
Submoduled environments not found. Skipping import.
LOADED: checkpoints/lmpredV2005/forced_coord/baseline_seed_0_step_220.msgpack
LOADED: checkpoints/lmpredV2005/forced_coord/baseline_seed_1_step_220.msgpack
LOADED: checkpoints/lmpredV2005/forced_coord/baseline_seed_2_step_220.msgpack
LOADED: checkpoints/lmpredV2005/forced_coord/baseline_seed_3_step_220.msgpack
LOADED: checkpoints/lmpredV2005/forced_coord/baseline_seed_4_step_220.msgpack
ZSC[00, 00] = 278.536
ZSC[00, 01] = 207.020
ZSC[00, 02] = 254.889
ZSC[00, 03] = 123.958
ZSC[00, 04] = 278.253
ZSC[01, 00] = 265.086
ZSC[01, 01] = 247.909
ZSC[01, 02] = 297.244
ZSC[01, 03] = 225.230
ZSC[01, 04] = 248.827
ZSC[02, 00] = 266.183
ZSC[02, 01] = 257.381
ZSC[02, 02] = 311.270
ZSC[02, 03] = 230.692
ZSC[02, 04] = 260.252
ZSC[03, 00] = 258.152
ZSC[03, 01] = 222.098
ZSC[03, 02] = 258.216
ZSC[03, 03] = 310.544
ZSC[03, 04] = 251.973
ZSC[04, 00] = 283.389
ZSC[04, 01] = 244.372
ZSC[04, 02] = 160.111
ZSC[04, 03] = 207.447
ZSC[04, 04] = 280.000
Average SP performance (diagonal/self-copy): 285.652 +- 11.796 SE over 5 pairs
Average XP performance (off-diagonal/excluding self): 240.039 +- 9.233 SE over 20 ordered pairs
Saved ZSC results to zsc_results/lmpredV2005/forced_coord
Saved ZSC heatmap to zsc_results/lmpredV2005/forced_coord/xp_matrix.png
Using alignment rollout scale: ALIGN_PAIR_BATCH_SIZE=1, ALIGN_EVAL_NUM_EPISODES=128, ALIGN_EVAL_NUM_STEPS=400
ALIGN ego[00] partner[00] R2=0.928354 NMSE=0.071646 shuffled_R2=-0.014923
ALIGN ego[00] partner[01] R2=0.964979 NMSE=0.035021 shuffled_R2=-0.016134
ALIGN ego[00] partner[02] R2=0.945061 NMSE=0.054939 shuffled_R2=-0.014954
ALIGN ego[00] partner[03] R2=0.869334 NMSE=0.130666 shuffled_R2=-0.018630
ALIGN ego[00] partner[04] R2=0.939645 NMSE=0.060355 shuffled_R2=-0.016187
ALIGN ego[01] partner[00] R2=0.949695 NMSE=0.050305 shuffled_R2=-0.015145
ALIGN ego[01] partner[01] R2=0.751893 NMSE=0.248107 shuffled_R2=-0.092113
ALIGN ego[01] partner[02] R2=0.974142 NMSE=0.025858 shuffled_R2=-0.016275
ALIGN ego[01] partner[03] R2=0.887089 NMSE=0.112911 shuffled_R2=-0.014876
ALIGN ego[01] partner[04] R2=0.932976 NMSE=0.067024 shuffled_R2=-0.019263
ALIGN ego[02] partner[00] R2=0.959975 NMSE=0.040025 shuffled_R2=-0.016258
ALIGN ego[02] partner[01] R2=0.943660 NMSE=0.056340 shuffled_R2=-0.016012
ALIGN ego[02] partner[02] R2=0.965316 NMSE=0.034684 shuffled_R2=-0.016354
ALIGN ego[02] partner[03] R2=0.890785 NMSE=0.109215 shuffled_R2=-0.015356
ALIGN ego[02] partner[04] R2=0.946399 NMSE=0.053601 shuffled_R2=-0.015454
ALIGN ego[03] partner[00] R2=0.944817 NMSE=0.055183 shuffled_R2=-0.014697
ALIGN ego[03] partner[01] R2=0.898794 NMSE=0.101206 shuffled_R2=-0.019349
ALIGN ego[03] partner[02] R2=0.909235 NMSE=0.090765 shuffled_R2=-0.015039
ALIGN ego[03] partner[03] R2=0.944913 NMSE=0.055087 shuffled_R2=-0.015440
ALIGN ego[03] partner[04] R2=0.948961 NMSE=0.051039 shuffled_R2=-0.016664
ALIGN ego[04] partner[00] R2=0.944923 NMSE=0.055077 shuffled_R2=-0.014754
ALIGN ego[04] partner[01] R2=0.959384 NMSE=0.040616 shuffled_R2=-0.017205
ALIGN ego[04] partner[02] R2=0.951178 NMSE=0.048822 shuffled_R2=-0.015970
ALIGN ego[04] partner[03] R2=0.929645 NMSE=0.070355 shuffled_R2=-0.014824
ALIGN ego[04] partner[04] R2=0.969615 NMSE=0.030385 shuffled_R2=-0.013674
Average ego-to-partner alignment R2: 0.930031 +- 0.009182 SE over 25 ego-partner pairs
Average alignment normalized MSE: 0.069969 +- 0.009182 SE
Average shuffled-control alignment R2: -0.019022 +- 0.003058 SE
Saved alignment results to zsc_results/lmpredV2005/forced_coord
Evaluating ZSC for method=lmpredV2005_ablate, layout=cramped_room5x5, prefix=checkpoints/lmpredV2005_ablate/, result_name=lmpredV2005_ablate, perspective_transform=false
Importing submoduled environments...
Submoduled environments not found. Skipping import.
LOADED: checkpoints/lmpredV2005_ablate/cramped_room5x5/baseline_seed_0_step_220.msgpack
LOADED: checkpoints/lmpredV2005_ablate/cramped_room5x5/baseline_seed_1_step_220.msgpack
LOADED: checkpoints/lmpredV2005_ablate/cramped_room5x5/baseline_seed_2_step_220.msgpack
LOADED: checkpoints/lmpredV2005_ablate/cramped_room5x5/baseline_seed_3_step_220.msgpack
LOADED: checkpoints/lmpredV2005_ablate/cramped_room5x5/baseline_seed_4_step_220.msgpack
ZSC[00, 00] = 206.264
ZSC[00, 01] = 228.298
ZSC[00, 02] = 234.394
ZSC[00, 03] = 200.478
ZSC[00, 04] = 234.078
ZSC[01, 00] = 228.262
ZSC[01, 01] = 211.489
ZSC[01, 02] = 240.725
ZSC[01, 03] = 237.950
ZSC[01, 04] = 227.278
ZSC[02, 00] = 233.969
ZSC[02, 01] = 240.806
ZSC[02, 02] = 240.066
ZSC[02, 03] = 207.848
ZSC[02, 04] = 240.697
ZSC[03, 00] = 201.222
ZSC[03, 01] = 237.722
ZSC[03, 02] = 208.614
ZSC[03, 03] = 225.353
ZSC[03, 04] = 199.144
ZSC[04, 00] = 233.931
ZSC[04, 01] = 227.739
ZSC[04, 02] = 240.733
ZSC[04, 03] = 200.011
ZSC[04, 04] = 243.773
Average SP performance (diagonal/self-copy): 225.389 +- 7.458 SE over 5 pairs
Average XP performance (off-diagonal/excluding self): 225.195 +- 3.520 SE over 20 ordered pairs
Saved ZSC results to zsc_results/lmpredV2005_ablate/cramped_room5x5
Saved ZSC heatmap to zsc_results/lmpredV2005_ablate/cramped_room5x5/xp_matrix.png
Using alignment rollout scale: ALIGN_PAIR_BATCH_SIZE=1, ALIGN_EVAL_NUM_EPISODES=128, ALIGN_EVAL_NUM_STEPS=400
ALIGN ego[00] partner[00] R2=0.908232 NMSE=0.091768 shuffled_R2=-0.016475
ALIGN ego[00] partner[01] R2=0.918426 NMSE=0.081574 shuffled_R2=-0.016551
ALIGN ego[00] partner[02] R2=0.920934 NMSE=0.079066 shuffled_R2=-0.017239
ALIGN ego[00] partner[03] R2=0.868655 NMSE=0.131345 shuffled_R2=-0.022166
ALIGN ego[00] partner[04] R2=0.858830 NMSE=0.141170 shuffled_R2=-0.028655
ALIGN ego[01] partner[00] R2=0.900564 NMSE=0.099436 shuffled_R2=-0.018963
ALIGN ego[01] partner[01] R2=0.931669 NMSE=0.068331 shuffled_R2=-0.019341
ALIGN ego[01] partner[02] R2=0.915589 NMSE=0.084411 shuffled_R2=-0.018084
ALIGN ego[01] partner[03] R2=0.951322 NMSE=0.048678 shuffled_R2=-0.015018
ALIGN ego[01] partner[04] R2=0.935202 NMSE=0.064798 shuffled_R2=-0.015605
ALIGN ego[02] partner[00] R2=0.926432 NMSE=0.073568 shuffled_R2=-0.018836
ALIGN ego[02] partner[01] R2=0.938959 NMSE=0.061041 shuffled_R2=-0.014824
ALIGN ego[02] partner[02] R2=0.784830 NMSE=0.215170 shuffled_R2=-0.039090
ALIGN ego[02] partner[03] R2=0.937392 NMSE=0.062608 shuffled_R2=-0.017263
ALIGN ego[02] partner[04] R2=0.935081 NMSE=0.064919 shuffled_R2=-0.018653
ALIGN ego[03] partner[00] R2=0.895930 NMSE=0.104070 shuffled_R2=-0.020325
ALIGN ego[03] partner[01] R2=0.931271 NMSE=0.068729 shuffled_R2=-0.018237
ALIGN ego[03] partner[02] R2=0.931962 NMSE=0.068038 shuffled_R2=-0.013826
ALIGN ego[03] partner[03] R2=0.933647 NMSE=0.066353 shuffled_R2=-0.018751
ALIGN ego[03] partner[04] R2=0.913824 NMSE=0.086176 shuffled_R2=-0.018490
ALIGN ego[04] partner[00] R2=0.900895 NMSE=0.099105 shuffled_R2=-0.019057
ALIGN ego[04] partner[01] R2=0.892734 NMSE=0.107266 shuffled_R2=-0.031153
ALIGN ego[04] partner[02] R2=0.888859 NMSE=0.111141 shuffled_R2=-0.031183
ALIGN ego[04] partner[03] R2=0.937894 NMSE=0.062106 shuffled_R2=-0.016785
ALIGN ego[04] partner[04] R2=0.944928 NMSE=0.055072 shuffled_R2=-0.016958
Average ego-to-partner alignment R2: 0.912162 +- 0.007074 SE over 25 ego-partner pairs
Average alignment normalized MSE: 0.087838 +- 0.007074 SE
Average shuffled-control alignment R2: -0.020061 +- 0.001210 SE
Saved alignment results to zsc_results/lmpredV2005_ablate/cramped_room5x5
Evaluating ZSC for method=lmpredV2005_ablate, layout=counter_circuit, prefix=checkpoints/lmpredV2005_ablate/, result_name=lmpredV2005_ablate, perspective_transform=false
Importing submoduled environments...
Submoduled environments not found. Skipping import.
LOADED: checkpoints/lmpredV2005_ablate/counter_circuit/baseline_seed_0_step_380.msgpack
LOADED: checkpoints/lmpredV2005_ablate/counter_circuit/baseline_seed_1_step_380.msgpack
LOADED: checkpoints/lmpredV2005_ablate/counter_circuit/baseline_seed_2_step_380.msgpack
LOADED: checkpoints/lmpredV2005_ablate/counter_circuit/baseline_seed_3_step_380.msgpack
LOADED: checkpoints/lmpredV2005_ablate/counter_circuit/baseline_seed_4_step_380.msgpack
ZSC[00, 00] = 225.750
ZSC[00, 01] = 216.075
ZSC[00, 02] = 205.642
ZSC[00, 03] = 169.566
ZSC[00, 04] = 180.375
ZSC[01, 00] = 217.837
ZSC[01, 01] = 270.405
ZSC[01, 02] = 252.400
ZSC[01, 03] = 84.823
ZSC[01, 04] = 166.281
ZSC[02, 00] = 209.084
ZSC[02, 01] = 252.487
ZSC[02, 02] = 136.616
ZSC[02, 03] = 160.455
ZSC[02, 04] = 158.152
ZSC[03, 00] = 170.395
ZSC[03, 01] = 80.152
ZSC[03, 02] = 162.197
ZSC[03, 03] = 219.644
ZSC[03, 04] = 87.620
ZSC[04, 00] = 179.748
ZSC[04, 01] = 166.103
ZSC[04, 02] = 158.002
ZSC[04, 03] = 89.353
ZSC[04, 04] = 186.745
Average SP performance (diagonal/self-copy): 207.832 +- 22.240 SE over 5 pairs
Average XP performance (off-diagonal/excluding self): 168.337 +- 11.475 SE over 20 ordered pairs
Saved ZSC results to zsc_results/lmpredV2005_ablate/counter_circuit
Saved ZSC heatmap to zsc_results/lmpredV2005_ablate/counter_circuit/xp_matrix.png
Using alignment rollout scale: ALIGN_PAIR_BATCH_SIZE=1, ALIGN_EVAL_NUM_EPISODES=128, ALIGN_EVAL_NUM_STEPS=400
ALIGN ego[00] partner[00] R2=0.816389 NMSE=0.183611 shuffled_R2=-0.016917
ALIGN ego[00] partner[01] R2=0.778696 NMSE=0.221304 shuffled_R2=-0.014959
ALIGN ego[00] partner[02] R2=0.750984 NMSE=0.249016 shuffled_R2=-0.019212
ALIGN ego[00] partner[03] R2=0.735509 NMSE=0.264491 shuffled_R2=-0.017997
ALIGN ego[00] partner[04] R2=0.828852 NMSE=0.171148 shuffled_R2=-0.015671
ALIGN ego[01] partner[00] R2=0.773096 NMSE=0.226904 shuffled_R2=-0.014222
ALIGN ego[01] partner[01] R2=0.838536 NMSE=0.161464 shuffled_R2=-0.015485
ALIGN ego[01] partner[02] R2=0.851924 NMSE=0.148076 shuffled_R2=-0.017287
ALIGN ego[01] partner[03] R2=0.743710 NMSE=0.256290 shuffled_R2=-0.030582
ALIGN ego[01] partner[04] R2=0.685641 NMSE=0.314359 shuffled_R2=-0.030310
ALIGN ego[02] partner[00] R2=0.710419 NMSE=0.289581 shuffled_R2=-0.017765
ALIGN ego[02] partner[01] R2=0.862824 NMSE=0.137176 shuffled_R2=-0.015119
ALIGN ego[02] partner[02] R2=0.889695 NMSE=0.110305 shuffled_R2=-0.024491
ALIGN ego[02] partner[03] R2=0.804452 NMSE=0.195548 shuffled_R2=-0.019161
ALIGN ego[02] partner[04] R2=0.781910 NMSE=0.218090 shuffled_R2=-0.018321
ALIGN ego[03] partner[00] R2=0.759121 NMSE=0.240879 shuffled_R2=-0.016248
ALIGN ego[03] partner[01] R2=0.802112 NMSE=0.197888 shuffled_R2=-0.023615
ALIGN ego[03] partner[02] R2=0.812395 NMSE=0.187605 shuffled_R2=-0.022775
ALIGN ego[03] partner[03] R2=0.680094 NMSE=0.319906 shuffled_R2=-0.019761
ALIGN ego[03] partner[04] R2=0.758646 NMSE=0.241354 shuffled_R2=-0.021378
ALIGN ego[04] partner[00] R2=0.686185 NMSE=0.313815 shuffled_R2=-0.030099
ALIGN ego[04] partner[01] R2=0.760358 NMSE=0.239642 shuffled_R2=-0.018778
ALIGN ego[04] partner[02] R2=0.729487 NMSE=0.270513 shuffled_R2=-0.016518
ALIGN ego[04] partner[03] R2=0.766181 NMSE=0.233819 shuffled_R2=-0.022641
ALIGN ego[04] partner[04] R2=0.849958 NMSE=0.150042 shuffled_R2=-0.016230
Average ego-to-partner alignment R2: 0.778287 +- 0.011467 SE over 25 ego-partner pairs
Average alignment normalized MSE: 0.221713 +- 0.011467 SE
Average shuffled-control alignment R2: -0.019822 +- 0.000969 SE
Saved alignment results to zsc_results/lmpredV2005_ablate/counter_circuit
Evaluating ZSC for method=lmpredV2005_ablate, layout=coord_ring, prefix=checkpoints/lmpredV2005_ablate/, result_name=lmpredV2005_ablate, perspective_transform=false
Importing submoduled environments...
Submoduled environments not found. Skipping import.
LOADED: checkpoints/lmpredV2005_ablate/coord_ring/baseline_seed_0_step_220.msgpack
LOADED: checkpoints/lmpredV2005_ablate/coord_ring/baseline_seed_1_step_220.msgpack
LOADED: checkpoints/lmpredV2005_ablate/coord_ring/baseline_seed_2_step_220.msgpack
LOADED: checkpoints/lmpredV2005_ablate/coord_ring/baseline_seed_3_step_220.msgpack
LOADED: checkpoints/lmpredV2005_ablate/coord_ring/baseline_seed_4_step_220.msgpack
ZSC[00, 00] = 290.284
ZSC[00, 01] = 260.288
ZSC[00, 02] = 263.823
ZSC[00, 03] = 34.503
ZSC[00, 04] = 296.859
ZSC[01, 00] = 260.291
ZSC[01, 01] = 339.962
ZSC[01, 02] = 296.683
ZSC[01, 03] = 321.778
ZSC[01, 04] = 243.444
ZSC[02, 00] = 265.739
ZSC[02, 01] = 282.784
ZSC[02, 02] = 332.966
ZSC[02, 03] = 278.220
ZSC[02, 04] = 243.530
ZSC[03, 00] = 35.425
ZSC[03, 01] = 316.517
ZSC[03, 02] = 275.522
ZSC[03, 03] = 323.273
ZSC[03, 04] = 123.273
ZSC[04, 00] = 297.597
ZSC[04, 01] = 242.786
ZSC[04, 02] = 243.484
ZSC[04, 03] = 123.194
ZSC[04, 04] = 272.348
Average SP performance (diagonal/self-copy): 311.767 +- 13.023 SE over 5 pairs
Average XP performance (off-diagonal/excluding self): 235.287 +- 19.185 SE over 20 ordered pairs
Saved ZSC results to zsc_results/lmpredV2005_ablate/coord_ring
Saved ZSC heatmap to zsc_results/lmpredV2005_ablate/coord_ring/xp_matrix.png
Using alignment rollout scale: ALIGN_PAIR_BATCH_SIZE=1, ALIGN_EVAL_NUM_EPISODES=128, ALIGN_EVAL_NUM_STEPS=400
ALIGN ego[00] partner[00] R2=0.913791 NMSE=0.086209 shuffled_R2=-0.015692
ALIGN ego[00] partner[01] R2=0.836956 NMSE=0.163044 shuffled_R2=-0.016120
ALIGN ego[00] partner[02] R2=0.875216 NMSE=0.124784 shuffled_R2=-0.016549
ALIGN ego[00] partner[03] R2=0.959912 NMSE=0.040088 shuffled_R2=-0.013537
ALIGN ego[00] partner[04] R2=0.851714 NMSE=0.148286 shuffled_R2=-0.018405
ALIGN ego[01] partner[00] R2=0.836948 NMSE=0.163052 shuffled_R2=-0.023431
ALIGN ego[01] partner[01] R2=0.954543 NMSE=0.045457 shuffled_R2=-0.015911
ALIGN ego[01] partner[02] R2=0.894802 NMSE=0.105198 shuffled_R2=-0.014830
ALIGN ego[01] partner[03] R2=0.917590 NMSE=0.082410 shuffled_R2=-0.014450
ALIGN ego[01] partner[04] R2=0.825126 NMSE=0.174874 shuffled_R2=-0.025701
ALIGN ego[02] partner[00] R2=0.751668 NMSE=0.248332 shuffled_R2=-0.037410
ALIGN ego[02] partner[01] R2=0.926535 NMSE=0.073465 shuffled_R2=-0.014665
ALIGN ego[02] partner[02] R2=0.947039 NMSE=0.052961 shuffled_R2=-0.015673
ALIGN ego[02] partner[03] R2=0.893906 NMSE=0.106094 shuffled_R2=-0.015630
ALIGN ego[02] partner[04] R2=0.861423 NMSE=0.138577 shuffled_R2=-0.017763
ALIGN ego[03] partner[00] R2=0.955458 NMSE=0.044542 shuffled_R2=-0.015168
ALIGN ego[03] partner[01] R2=0.925665 NMSE=0.074335 shuffled_R2=-0.014602
ALIGN ego[03] partner[02] R2=0.933123 NMSE=0.066877 shuffled_R2=-0.016501
ALIGN ego[03] partner[03] R2=0.919432 NMSE=0.080568 shuffled_R2=-0.021660
ALIGN ego[03] partner[04] R2=0.886741 NMSE=0.113259 shuffled_R2=-0.017042
ALIGN ego[04] partner[00] R2=0.891614 NMSE=0.108386 shuffled_R2=-0.014709
ALIGN ego[04] partner[01] R2=0.837510 NMSE=0.162490 shuffled_R2=-0.019963
ALIGN ego[04] partner[02] R2=0.856323 NMSE=0.143677 shuffled_R2=-0.017194
ALIGN ego[04] partner[03] R2=0.909371 NMSE=0.090629 shuffled_R2=-0.016161
ALIGN ego[04] partner[04] R2=0.864235 NMSE=0.135765 shuffled_R2=-0.033101
Average ego-to-partner alignment R2: 0.889066 +- 0.009974 SE over 25 ego-partner pairs
Average alignment normalized MSE: 0.110934 +- 0.009974 SE
Average shuffled-control alignment R2: -0.018475 +- 0.001171 SE
Saved alignment results to zsc_results/lmpredV2005_ablate/coord_ring
Evaluating ZSC for method=lmpredV2005_ablate, layout=asymm_advantages, prefix=checkpoints/lmpredV2005_ablate/, result_name=lmpredV2005_ablate, perspective_transform=false
Importing submoduled environments...
Submoduled environments not found. Skipping import.
LOADED: checkpoints/lmpredV2005_ablate/asymm_advantages/baseline_seed_0_step_220.msgpack
LOADED: checkpoints/lmpredV2005_ablate/asymm_advantages/baseline_seed_1_step_220.msgpack
LOADED: checkpoints/lmpredV2005_ablate/asymm_advantages/baseline_seed_2_step_220.msgpack
LOADED: checkpoints/lmpredV2005_ablate/asymm_advantages/baseline_seed_3_step_220.msgpack
LOADED: checkpoints/lmpredV2005_ablate/asymm_advantages/baseline_seed_4_step_220.msgpack
ZSC[00, 00] = 476.059
ZSC[00, 01] = 429.502
ZSC[00, 02] = 460.728
ZSC[00, 03] = 499.920
ZSC[00, 04] = 500.000
ZSC[01, 00] = 450.131
ZSC[01, 01] = 397.886
ZSC[01, 02] = 444.684
ZSC[01, 03] = 499.958
ZSC[01, 04] = 498.800
ZSC[02, 00] = 488.136
ZSC[02, 01] = 369.430
ZSC[02, 02] = 478.461
ZSC[02, 03] = 500.000
ZSC[02, 04] = 500.000
ZSC[03, 00] = 467.523
ZSC[03, 01] = 421.131
ZSC[03, 02] = 456.809
ZSC[03, 03] = 500.000
ZSC[03, 04] = 499.848
ZSC[04, 00] = 433.705
ZSC[04, 01] = 428.116
ZSC[04, 02] = 434.366
ZSC[04, 03] = 463.497
ZSC[04, 04] = 463.159
Average SP performance (diagonal/self-copy): 463.113 +- 17.347 SE over 5 pairs
Average XP performance (off-diagonal/excluding self): 462.314 +- 8.142 SE over 20 ordered pairs
Saved ZSC results to zsc_results/lmpredV2005_ablate/asymm_advantages
Saved ZSC heatmap to zsc_results/lmpredV2005_ablate/asymm_advantages/xp_matrix.png
Using alignment rollout scale: ALIGN_PAIR_BATCH_SIZE=1, ALIGN_EVAL_NUM_EPISODES=128, ALIGN_EVAL_NUM_STEPS=400
ALIGN ego[00] partner[00] R2=0.931394 NMSE=0.068606 shuffled_R2=-0.019154
ALIGN ego[00] partner[01] R2=0.896237 NMSE=0.103763 shuffled_R2=-0.020652
ALIGN ego[00] partner[02] R2=0.883581 NMSE=0.116419 shuffled_R2=-0.025967
ALIGN ego[00] partner[03] R2=0.919029 NMSE=0.080971 shuffled_R2=-0.016549
ALIGN ego[00] partner[04] R2=0.917135 NMSE=0.082865 shuffled_R2=-0.015485
ALIGN ego[01] partner[00] R2=0.894292 NMSE=0.105708 shuffled_R2=-0.020321
ALIGN ego[01] partner[01] R2=0.915538 NMSE=0.084462 shuffled_R2=-0.017386
ALIGN ego[01] partner[02] R2=0.924408 NMSE=0.075592 shuffled_R2=-0.014500
ALIGN ego[01] partner[03] R2=0.922712 NMSE=0.077288 shuffled_R2=-0.016648
ALIGN ego[01] partner[04] R2=0.924767 NMSE=0.075233 shuffled_R2=-0.019033
ALIGN ego[02] partner[00] R2=0.923100 NMSE=0.076900 shuffled_R2=-0.017011
ALIGN ego[02] partner[01] R2=0.916957 NMSE=0.083043 shuffled_R2=-0.019500
ALIGN ego[02] partner[02] R2=0.565359 NMSE=0.434641 shuffled_R2=-0.132455
ALIGN ego[02] partner[03] R2=0.898514 NMSE=0.101486 shuffled_R2=-0.019688
ALIGN ego[02] partner[04] R2=0.909030 NMSE=0.090970 shuffled_R2=-0.019247
ALIGN ego[03] partner[00] R2=0.744604 NMSE=0.255396 shuffled_R2=-0.041629
ALIGN ego[03] partner[01] R2=0.858724 NMSE=0.141276 shuffled_R2=-0.028446
ALIGN ego[03] partner[02] R2=0.829103 NMSE=0.170897 shuffled_R2=-0.032663
ALIGN ego[03] partner[03] R2=0.900476 NMSE=0.099524 shuffled_R2=-0.027892
ALIGN ego[03] partner[04] R2=0.891260 NMSE=0.108740 shuffled_R2=-0.022730
ALIGN ego[04] partner[00] R2=0.632715 NMSE=0.367285 shuffled_R2=-0.069546
ALIGN ego[04] partner[01] R2=0.850937 NMSE=0.149063 shuffled_R2=-0.017720
ALIGN ego[04] partner[02] R2=0.872914 NMSE=0.127086 shuffled_R2=-0.022396
ALIGN ego[04] partner[03] R2=0.899584 NMSE=0.100416 shuffled_R2=-0.018836
ALIGN ego[04] partner[04] R2=0.909919 NMSE=0.090081 shuffled_R2=-0.018331
Average ego-to-partner alignment R2: 0.869292 +- 0.018206 SE over 25 ego-partner pairs
Average alignment normalized MSE: 0.130708 +- 0.018206 SE
Average shuffled-control alignment R2: -0.027751 +- 0.004918 SE
Saved alignment results to zsc_results/lmpredV2005_ablate/asymm_advantages
Evaluating ZSC for method=lmpredV2005_ablate, layout=forced_coord, prefix=checkpoints/lmpredV2005_ablate/, result_name=lmpredV2005_ablate, perspective_transform=false
Importing submoduled environments...
Submoduled environments not found. Skipping import.
LOADED: checkpoints/lmpredV2005_ablate/forced_coord/baseline_seed_0_step_220.msgpack
LOADED: checkpoints/lmpredV2005_ablate/forced_coord/baseline_seed_1_step_220.msgpack
LOADED: checkpoints/lmpredV2005_ablate/forced_coord/baseline_seed_2_step_220.msgpack
LOADED: checkpoints/lmpredV2005_ablate/forced_coord/baseline_seed_3_step_220.msgpack
LOADED: checkpoints/lmpredV2005_ablate/forced_coord/baseline_seed_4_step_220.msgpack
ZSC[00, 00] = 300.000
ZSC[00, 01] = 0.000
ZSC[00, 02] = 100.975
ZSC[00, 03] = 7.439
ZSC[00, 04] = 0.855
ZSC[01, 00] = 277.503
ZSC[01, 01] = 292.608
ZSC[01, 02] = 68.620
ZSC[01, 03] = 248.594
ZSC[01, 04] = 290.256
ZSC[02, 00] = 42.186
ZSC[02, 01] = 89.662
ZSC[02, 02] = 320.000
ZSC[02, 03] = 22.923
ZSC[02, 04] = 0.000
ZSC[03, 00] = 190.108
ZSC[03, 01] = 239.555
ZSC[03, 02] = 53.777
ZSC[03, 03] = 310.259
ZSC[03, 04] = 225.098
ZSC[04, 00] = 237.680
ZSC[04, 01] = 223.045
ZSC[04, 02] = 0.000
ZSC[04, 03] = 230.722
ZSC[04, 04] = 246.148
Average SP performance (diagonal/self-copy): 293.803 +- 12.783 SE over 5 pairs
Average XP performance (off-diagonal/excluding self): 127.450 +- 24.605 SE over 20 ordered pairs
Saved ZSC results to zsc_results/lmpredV2005_ablate/forced_coord
Saved ZSC heatmap to zsc_results/lmpredV2005_ablate/forced_coord/xp_matrix.png
Using alignment rollout scale: ALIGN_PAIR_BATCH_SIZE=1, ALIGN_EVAL_NUM_EPISODES=128, ALIGN_EVAL_NUM_STEPS=400
ALIGN ego[00] partner[00] R2=0.968042 NMSE=0.031958 shuffled_R2=-0.013913
ALIGN ego[00] partner[01] R2=0.973444 NMSE=0.026556 shuffled_R2=-0.036898
ALIGN ego[00] partner[02] R2=0.951343 NMSE=0.048657 shuffled_R2=-0.017553
ALIGN ego[00] partner[03] R2=0.964989 NMSE=0.035011 shuffled_R2=-0.043157
ALIGN ego[00] partner[04] R2=0.987724 NMSE=0.012276 shuffled_R2=-0.018041
ALIGN ego[01] partner[00] R2=0.937039 NMSE=0.062961 shuffled_R2=-0.016433
ALIGN ego[01] partner[01] R2=0.964048 NMSE=0.035952 shuffled_R2=-0.017128
ALIGN ego[01] partner[02] R2=0.942322 NMSE=0.057678 shuffled_R2=-0.017309
ALIGN ego[01] partner[03] R2=0.915188 NMSE=0.084812 shuffled_R2=-0.015005
ALIGN ego[01] partner[04] R2=0.959238 NMSE=0.040762 shuffled_R2=-0.015316
ALIGN ego[02] partner[00] R2=0.967273 NMSE=0.032727 shuffled_R2=-0.022774
ALIGN ego[02] partner[01] R2=0.944516 NMSE=0.055484 shuffled_R2=-0.013676
ALIGN ego[02] partner[02] R2=0.922235 NMSE=0.077765 shuffled_R2=-0.014579
ALIGN ego[02] partner[03] R2=0.918915 NMSE=0.081085 shuffled_R2=-0.017096
ALIGN ego[02] partner[04] R2=0.964503 NMSE=0.035497 shuffled_R2=-0.017432
ALIGN ego[03] partner[00] R2=0.901371 NMSE=0.098629 shuffled_R2=-0.019523
ALIGN ego[03] partner[01] R2=0.922427 NMSE=0.077573 shuffled_R2=-0.015022
ALIGN ego[03] partner[02] R2=0.943288 NMSE=0.056712 shuffled_R2=-0.021637
ALIGN ego[03] partner[03] R2=0.940588 NMSE=0.059412 shuffled_R2=-0.015599
ALIGN ego[03] partner[04] R2=0.944333 NMSE=0.055667 shuffled_R2=-0.014686
ALIGN ego[04] partner[00] R2=0.909245 NMSE=0.090755 shuffled_R2=-0.013921
ALIGN ego[04] partner[01] R2=0.933935 NMSE=0.066065 shuffled_R2=-0.014010
ALIGN ego[04] partner[02] R2=0.961346 NMSE=0.038654 shuffled_R2=-0.025746
ALIGN ego[04] partner[03] R2=0.869404 NMSE=0.130596 shuffled_R2=-0.013865
ALIGN ego[04] partner[04] R2=0.957488 NMSE=0.042512 shuffled_R2=-0.015137
Average ego-to-partner alignment R2: 0.942570 +- 0.005328 SE over 25 ego-partner pairs
Average alignment normalized MSE: 0.057430 +- 0.005328 SE
Average shuffled-control alignment R2: -0.018618 +- 0.001432 SE
Saved alignment results to zsc_results/lmpredV2005_ablate/forced_coord
Evaluating ZSC for method=lmpredV2005_gamma0, layout=cramped_room5x5, prefix=checkpoints/lmpredV2005_gamma0/, result_name=lmpredV2005_gamma0, perspective_transform=true
Importing submoduled environments...
Submoduled environments not found. Skipping import.
LOADED: checkpoints/lmpredV2005_gamma0/cramped_room5x5/baseline_seed_0_step_220.msgpack
LOADED: checkpoints/lmpredV2005_gamma0/cramped_room5x5/baseline_seed_1_step_220.msgpack
LOADED: checkpoints/lmpredV2005_gamma0/cramped_room5x5/baseline_seed_2_step_220.msgpack
LOADED: checkpoints/lmpredV2005_gamma0/cramped_room5x5/baseline_seed_3_step_220.msgpack
LOADED: checkpoints/lmpredV2005_gamma0/cramped_room5x5/baseline_seed_4_step_220.msgpack
ZSC[00, 00] = 194.344
ZSC[00, 01] = 223.092
ZSC[00, 02] = 188.311
ZSC[00, 03] = 205.391
ZSC[00, 04] = 118.383
ZSC[01, 00] = 224.262
ZSC[01, 01] = 235.261
ZSC[01, 02] = 178.464
ZSC[01, 03] = 232.436
ZSC[01, 04] = 154.327
ZSC[02, 00] = 188.823
ZSC[02, 01] = 178.852
ZSC[02, 02] = 237.837
ZSC[02, 03] = 210.516
ZSC[02, 04] = 225.539
ZSC[03, 00] = 206.230
ZSC[03, 01] = 233.139
ZSC[03, 02] = 211.108
ZSC[03, 03] = 238.169
ZSC[03, 04] = 176.303
ZSC[04, 00] = 118.378
ZSC[04, 01] = 153.648
ZSC[04, 02] = 224.422
ZSC[04, 03] = 176.447
ZSC[04, 04] = 235.214
Average SP performance (diagonal/self-copy): 228.165 +- 8.478 SE over 5 pairs
Average XP performance (off-diagonal/excluding self): 191.404 +- 7.812 SE over 20 ordered pairs
Saved ZSC results to zsc_results/lmpredV2005_gamma0/cramped_room5x5
Saved ZSC heatmap to zsc_results/lmpredV2005_gamma0/cramped_room5x5/xp_matrix.png
Using alignment rollout scale: ALIGN_PAIR_BATCH_SIZE=1, ALIGN_EVAL_NUM_EPISODES=128, ALIGN_EVAL_NUM_STEPS=400
ALIGN ego[00] partner[00] R2=0.936986 NMSE=0.063014 shuffled_R2=-0.014425
ALIGN ego[00] partner[01] R2=0.882918 NMSE=0.117082 shuffled_R2=-0.020989
ALIGN ego[00] partner[02] R2=0.937399 NMSE=0.062601 shuffled_R2=-0.014809
ALIGN ego[00] partner[03] R2=0.870551 NMSE=0.129449 shuffled_R2=-0.045724
ALIGN ego[00] partner[04] R2=0.924583 NMSE=0.075417 shuffled_R2=-0.022520
ALIGN ego[01] partner[00] R2=0.777459 NMSE=0.222541 shuffled_R2=-0.055403
ALIGN ego[01] partner[01] R2=0.955864 NMSE=0.044136 shuffled_R2=-0.015571
ALIGN ego[01] partner[02] R2=0.922986 NMSE=0.077014 shuffled_R2=-0.015880
ALIGN ego[01] partner[03] R2=0.938174 NMSE=0.061826 shuffled_R2=-0.017103
ALIGN ego[01] partner[04] R2=0.932464 NMSE=0.067536 shuffled_R2=-0.018227
ALIGN ego[02] partner[00] R2=0.894583 NMSE=0.105417 shuffled_R2=-0.024756
ALIGN ego[02] partner[01] R2=0.940525 NMSE=0.059475 shuffled_R2=-0.015251
ALIGN ego[02] partner[02] R2=0.905704 NMSE=0.094296 shuffled_R2=-0.016279
ALIGN ego[02] partner[03] R2=0.902941 NMSE=0.097059 shuffled_R2=-0.035989
ALIGN ego[02] partner[04] R2=0.905044 NMSE=0.094956 shuffled_R2=-0.016478
ALIGN ego[03] partner[00] R2=0.917979 NMSE=0.082021 shuffled_R2=-0.019478
ALIGN ego[03] partner[01] R2=0.941193 NMSE=0.058807 shuffled_R2=-0.017593
ALIGN ego[03] partner[02] R2=0.864614 NMSE=0.135386 shuffled_R2=-0.036172
ALIGN ego[03] partner[03] R2=0.930954 NMSE=0.069046 shuffled_R2=-0.017710
ALIGN ego[03] partner[04] R2=0.908965 NMSE=0.091035 shuffled_R2=-0.026087
ALIGN ego[04] partner[00] R2=0.956321 NMSE=0.043679 shuffled_R2=-0.011444
ALIGN ego[04] partner[01] R2=0.832537 NMSE=0.167463 shuffled_R2=-0.055139
ALIGN ego[04] partner[02] R2=0.925332 NMSE=0.074668 shuffled_R2=-0.015529
ALIGN ego[04] partner[03] R2=0.789195 NMSE=0.210805 shuffled_R2=-0.045023
ALIGN ego[04] partner[04] R2=0.903613 NMSE=0.096387 shuffled_R2=-0.015055
Average ego-to-partner alignment R2: 0.903955 +- 0.009311 SE over 25 ego-partner pairs
Average alignment normalized MSE: 0.096045 +- 0.009311 SE
Average shuffled-control alignment R2: -0.024345 +- 0.002637 SE
Saved alignment results to zsc_results/lmpredV2005_gamma0/cramped_room5x5
Evaluating ZSC for method=lmpredV2005_gamma0, layout=counter_circuit, prefix=checkpoints/lmpredV2005_gamma0/, result_name=lmpredV2005_gamma0, perspective_transform=true
Importing submoduled environments...
Submoduled environments not found. Skipping import.
LOADED: checkpoints/lmpredV2005_gamma0/counter_circuit/baseline_seed_0_step_380.msgpack
LOADED: checkpoints/lmpredV2005_gamma0/counter_circuit/baseline_seed_1_step_380.msgpack
LOADED: checkpoints/lmpredV2005_gamma0/counter_circuit/baseline_seed_2_step_380.msgpack
LOADED: checkpoints/lmpredV2005_gamma0/counter_circuit/baseline_seed_3_step_380.msgpack
LOADED: checkpoints/lmpredV2005_gamma0/counter_circuit/baseline_seed_4_step_380.msgpack
ZSC[00, 00] = 249.505
ZSC[00, 01] = 136.194
ZSC[00, 02] = 214.505
ZSC[00, 03] = 138.492
ZSC[00, 04] = 147.984
ZSC[01, 00] = 137.645
ZSC[01, 01] = 200.267
ZSC[01, 02] = 162.533
ZSC[01, 03] = 174.866
ZSC[01, 04] = 167.325
ZSC[02, 00] = 219.022
ZSC[02, 01] = 160.166
ZSC[02, 02] = 231.167
ZSC[02, 03] = 128.700
ZSC[02, 04] = 147.553
ZSC[03, 00] = 139.767
ZSC[03, 01] = 174.525
ZSC[03, 02] = 125.253
ZSC[03, 03] = 198.019
ZSC[03, 04] = 144.900
ZSC[04, 00] = 148.209
ZSC[04, 01] = 167.250
ZSC[04, 02] = 147.467
ZSC[04, 03] = 145.352
ZSC[04, 04] = 187.202
Average SP performance (diagonal/self-copy): 213.232 +- 11.650 SE over 5 pairs
Average XP performance (off-diagonal/excluding self): 156.385 +- 5.596 SE over 20 ordered pairs
Saved ZSC results to zsc_results/lmpredV2005_gamma0/counter_circuit
Saved ZSC heatmap to zsc_results/lmpredV2005_gamma0/counter_circuit/xp_matrix.png
Using alignment rollout scale: ALIGN_PAIR_BATCH_SIZE=1, ALIGN_EVAL_NUM_EPISODES=128, ALIGN_EVAL_NUM_STEPS=400
ALIGN ego[00] partner[00] R2=0.904265 NMSE=0.095735 shuffled_R2=-0.015579
ALIGN ego[00] partner[01] R2=0.778016 NMSE=0.221984 shuffled_R2=-0.017511
ALIGN ego[00] partner[02] R2=0.691962 NMSE=0.308038 shuffled_R2=-0.025369
ALIGN ego[00] partner[03] R2=0.783877 NMSE=0.216123 shuffled_R2=-0.017765
ALIGN ego[00] partner[04] R2=0.836496 NMSE=0.163504 shuffled_R2=-0.013505
ALIGN ego[01] partner[00] R2=0.779903 NMSE=0.220097 shuffled_R2=-0.015357
ALIGN ego[01] partner[01] R2=0.861329 NMSE=0.138671 shuffled_R2=-0.014906
ALIGN ego[01] partner[02] R2=0.733773 NMSE=0.266227 shuffled_R2=-0.017464
ALIGN ego[01] partner[03] R2=0.691729 NMSE=0.308271 shuffled_R2=-0.014790
ALIGN ego[01] partner[04] R2=0.813676 NMSE=0.186324 shuffled_R2=-0.021396
ALIGN ego[02] partner[00] R2=0.829074 NMSE=0.170926 shuffled_R2=-0.016267
ALIGN ego[02] partner[01] R2=0.722940 NMSE=0.277060 shuffled_R2=-0.014633
ALIGN ego[02] partner[02] R2=0.895724 NMSE=0.104276 shuffled_R2=-0.015370
ALIGN ego[02] partner[03] R2=0.768805 NMSE=0.231195 shuffled_R2=-0.021682
ALIGN ego[02] partner[04] R2=0.781000 NMSE=0.219000 shuffled_R2=-0.018175
ALIGN ego[03] partner[00] R2=0.769627 NMSE=0.230373 shuffled_R2=-0.017650
ALIGN ego[03] partner[01] R2=0.714302 NMSE=0.285698 shuffled_R2=-0.016945
ALIGN ego[03] partner[02] R2=0.727344 NMSE=0.272656 shuffled_R2=-0.021344
ALIGN ego[03] partner[03] R2=0.752802 NMSE=0.247198 shuffled_R2=-0.018215
ALIGN ego[03] partner[04] R2=0.730968 NMSE=0.269032 shuffled_R2=-0.018535
ALIGN ego[04] partner[00] R2=0.788657 NMSE=0.211343 shuffled_R2=-0.017421
ALIGN ego[04] partner[01] R2=0.831822 NMSE=0.168178 shuffled_R2=-0.020814
ALIGN ego[04] partner[02] R2=0.783048 NMSE=0.216952 shuffled_R2=-0.015800
ALIGN ego[04] partner[03] R2=0.719914 NMSE=0.280086 shuffled_R2=-0.022108
ALIGN ego[04] partner[04] R2=0.844350 NMSE=0.155650 shuffled_R2=-0.017278
Average ego-to-partner alignment R2: 0.781416 +- 0.011837 SE over 25 ego-partner pairs
Average alignment normalized MSE: 0.218584 +- 0.011837 SE
Average shuffled-control alignment R2: -0.017835 +- 0.000573 SE
Saved alignment results to zsc_results/lmpredV2005_gamma0/counter_circuit
Evaluating ZSC for method=lmpredV2005_gamma0, layout=coord_ring, prefix=checkpoints/lmpredV2005_gamma0/, result_name=lmpredV2005_gamma0, perspective_transform=true
Importing submoduled environments...
Submoduled environments not found. Skipping import.
LOADED: checkpoints/lmpredV2005_gamma0/coord_ring/baseline_seed_0_step_220.msgpack
LOADED: checkpoints/lmpredV2005_gamma0/coord_ring/baseline_seed_1_step_220.msgpack
LOADED: checkpoints/lmpredV2005_gamma0/coord_ring/baseline_seed_2_step_220.msgpack
LOADED: checkpoints/lmpredV2005_gamma0/coord_ring/baseline_seed_3_step_220.msgpack
LOADED: checkpoints/lmpredV2005_gamma0/coord_ring/baseline_seed_4_step_220.msgpack
ZSC[00, 00] = 246.850
ZSC[00, 01] = 164.375
ZSC[00, 02] = 256.833
ZSC[00, 03] = 44.073
ZSC[00, 04] = 240.322
ZSC[01, 00] = 162.930
ZSC[01, 01] = 337.342
ZSC[01, 02] = 180.164
ZSC[01, 03] = 200.394
ZSC[01, 04] = 66.206
ZSC[02, 00] = 257.441
ZSC[02, 01] = 181.439
ZSC[02, 02] = 291.870
ZSC[02, 03] = 34.111
ZSC[02, 04] = 261.622
ZSC[03, 00] = 43.861
ZSC[03, 01] = 200.111
ZSC[03, 02] = 34.150
ZSC[03, 03] = 285.508
ZSC[03, 04] = 25.455
ZSC[04, 00] = 242.103
ZSC[04, 01] = 66.306
ZSC[04, 02] = 261.075
ZSC[04, 03] = 25.834
ZSC[04, 04] = 280.000
Average SP performance (diagonal/self-copy): 288.314 +- 14.513 SE over 5 pairs
Average XP performance (off-diagonal/excluding self): 147.440 +- 20.893 SE over 20 ordered pairs
Saved ZSC results to zsc_results/lmpredV2005_gamma0/coord_ring
Saved ZSC heatmap to zsc_results/lmpredV2005_gamma0/coord_ring/xp_matrix.png
Using alignment rollout scale: ALIGN_PAIR_BATCH_SIZE=1, ALIGN_EVAL_NUM_EPISODES=128, ALIGN_EVAL_NUM_STEPS=400
ALIGN ego[00] partner[00] R2=0.849299 NMSE=0.150701 shuffled_R2=-0.019397
ALIGN ego[00] partner[01] R2=0.738698 NMSE=0.261302 shuffled_R2=-0.029916
ALIGN ego[00] partner[02] R2=0.873727 NMSE=0.126273 shuffled_R2=-0.019788
ALIGN ego[00] partner[03] R2=0.812191 NMSE=0.187809 shuffled_R2=-0.025674
ALIGN ego[00] partner[04] R2=0.828265 NMSE=0.171735 shuffled_R2=-0.023787
ALIGN ego[01] partner[00] R2=0.805521 NMSE=0.194479 shuffled_R2=-0.021398
ALIGN ego[01] partner[01] R2=0.935526 NMSE=0.064474 shuffled_R2=-0.014965
ALIGN ego[01] partner[02] R2=0.851289 NMSE=0.148711 shuffled_R2=-0.022651
ALIGN ego[01] partner[03] R2=0.865566 NMSE=0.134434 shuffled_R2=-0.014864
ALIGN ego[01] partner[04] R2=0.953867 NMSE=0.046133 shuffled_R2=-0.014434
ALIGN ego[02] partner[00] R2=0.824154 NMSE=0.175846 shuffled_R2=-0.039459
ALIGN ego[02] partner[01] R2=0.897908 NMSE=0.102092 shuffled_R2=-0.014048
ALIGN ego[02] partner[02] R2=0.861844 NMSE=0.138156 shuffled_R2=-0.016200
ALIGN ego[02] partner[03] R2=0.910913 NMSE=0.089087 shuffled_R2=-0.024480
ALIGN ego[02] partner[04] R2=0.919183 NMSE=0.080817 shuffled_R2=-0.012206
ALIGN ego[03] partner[00] R2=0.904452 NMSE=0.095548 shuffled_R2=-0.016818
ALIGN ego[03] partner[01] R2=0.795630 NMSE=0.204370 shuffled_R2=-0.027064
ALIGN ego[03] partner[02] R2=0.892723 NMSE=0.107277 shuffled_R2=-0.023727
ALIGN ego[03] partner[03] R2=0.740454 NMSE=0.259546 shuffled_R2=-0.035828
ALIGN ego[03] partner[04] R2=0.963603 NMSE=0.036397 shuffled_R2=-0.017556
ALIGN ego[04] partner[00] R2=0.906097 NMSE=0.093903 shuffled_R2=-0.015273
ALIGN ego[04] partner[01] R2=0.796826 NMSE=0.203174 shuffled_R2=-0.057581
ALIGN ego[04] partner[02] R2=0.928337 NMSE=0.071663 shuffled_R2=-0.018009
ALIGN ego[04] partner[03] R2=0.952668 NMSE=0.047332 shuffled_R2=-0.021389
ALIGN ego[04] partner[04] R2=0.878723 NMSE=0.121277 shuffled_R2=-0.014734
Average ego-to-partner alignment R2: 0.867499 +- 0.012600 SE over 25 ego-partner pairs
Average alignment normalized MSE: 0.132501 +- 0.012600 SE
Average shuffled-control alignment R2: -0.022450 +- 0.001998 SE
Saved alignment results to zsc_results/lmpredV2005_gamma0/coord_ring
Evaluating ZSC for method=lmpredV2005_gamma0, layout=asymm_advantages, prefix=checkpoints/lmpredV2005_gamma0/, result_name=lmpredV2005_gamma0, perspective_transform=true
Importing submoduled environments...
Submoduled environments not found. Skipping import.
LOADED: checkpoints/lmpredV2005_gamma0/asymm_advantages/baseline_seed_0_step_220.msgpack
LOADED: checkpoints/lmpredV2005_gamma0/asymm_advantages/baseline_seed_1_step_220.msgpack
LOADED: checkpoints/lmpredV2005_gamma0/asymm_advantages/baseline_seed_2_step_220.msgpack
LOADED: checkpoints/lmpredV2005_gamma0/asymm_advantages/baseline_seed_3_step_220.msgpack
LOADED: checkpoints/lmpredV2005_gamma0/asymm_advantages/baseline_seed_4_step_220.msgpack
ZSC[00, 00] = 443.295
ZSC[00, 01] = 448.691
ZSC[00, 02] = 442.366
ZSC[00, 03] = 471.308
ZSC[00, 04] = 486.220
ZSC[01, 00] = 437.939
ZSC[01, 01] = 447.648
ZSC[01, 02] = 449.639
ZSC[01, 03] = 475.075
ZSC[01, 04] = 388.531
ZSC[02, 00] = 447.700
ZSC[02, 01] = 447.231
ZSC[02, 02] = 444.139
ZSC[02, 03] = 472.058
ZSC[02, 04] = 490.787
ZSC[03, 00] = 396.533
ZSC[03, 01] = 404.303
ZSC[03, 02] = 440.642
ZSC[03, 03] = 420.127
ZSC[03, 04] = 414.850
ZSC[04, 00] = 442.900
ZSC[04, 01] = 440.919
ZSC[04, 02] = 442.075
ZSC[04, 03] = 462.083
ZSC[04, 04] = 471.178
Average SP performance (diagonal/self-copy): 445.277 +- 8.106 SE over 5 pairs
Average XP performance (off-diagonal/excluding self): 445.092 +- 6.214 SE over 20 ordered pairs
Saved ZSC results to zsc_results/lmpredV2005_gamma0/asymm_advantages
Saved ZSC heatmap to zsc_results/lmpredV2005_gamma0/asymm_advantages/xp_matrix.png
Using alignment rollout scale: ALIGN_PAIR_BATCH_SIZE=1, ALIGN_EVAL_NUM_EPISODES=128, ALIGN_EVAL_NUM_STEPS=400
ALIGN ego[00] partner[00] R2=0.863723 NMSE=0.136277 shuffled_R2=-0.021329
ALIGN ego[00] partner[01] R2=0.900478 NMSE=0.099522 shuffled_R2=-0.016669
ALIGN ego[00] partner[02] R2=0.863236 NMSE=0.136764 shuffled_R2=-0.025200
ALIGN ego[00] partner[03] R2=0.929399 NMSE=0.070601 shuffled_R2=-0.014402
ALIGN ego[00] partner[04] R2=0.927069 NMSE=0.072931 shuffled_R2=-0.016751
ALIGN ego[01] partner[00] R2=0.865461 NMSE=0.134539 shuffled_R2=-0.023287
ALIGN ego[01] partner[01] R2=0.882629 NMSE=0.117371 shuffled_R2=-0.017151
ALIGN ego[01] partner[02] R2=0.919212 NMSE=0.080788 shuffled_R2=-0.017332
ALIGN ego[01] partner[03] R2=0.842970 NMSE=0.157030 shuffled_R2=-0.018582
ALIGN ego[01] partner[04] R2=0.914878 NMSE=0.085122 shuffled_R2=-0.018518
ALIGN ego[02] partner[00] R2=0.922399 NMSE=0.077601 shuffled_R2=-0.016590
ALIGN ego[02] partner[01] R2=0.921516 NMSE=0.078484 shuffled_R2=-0.019229
ALIGN ego[02] partner[02] R2=0.900676 NMSE=0.099324 shuffled_R2=-0.019004
ALIGN ego[02] partner[03] R2=0.924026 NMSE=0.075974 shuffled_R2=-0.018762
ALIGN ego[02] partner[04] R2=0.890375 NMSE=0.109625 shuffled_R2=-0.027912
ALIGN ego[03] partner[00] R2=0.911418 NMSE=0.088582 shuffled_R2=-0.016098
ALIGN ego[03] partner[01] R2=0.879997 NMSE=0.120003 shuffled_R2=-0.017249
ALIGN ego[03] partner[02] R2=0.880367 NMSE=0.119633 shuffled_R2=-0.021565
ALIGN ego[03] partner[03] R2=0.822891 NMSE=0.177109 shuffled_R2=-0.039650
ALIGN ego[03] partner[04] R2=0.933382 NMSE=0.066618 shuffled_R2=-0.016833
ALIGN ego[04] partner[00] R2=0.655964 NMSE=0.344036 shuffled_R2=-0.131986
ALIGN ego[04] partner[01] R2=0.917468 NMSE=0.082532 shuffled_R2=-0.019527
ALIGN ego[04] partner[02] R2=0.926379 NMSE=0.073621 shuffled_R2=-0.023558
ALIGN ego[04] partner[03] R2=0.935476 NMSE=0.064524 shuffled_R2=-0.019416
ALIGN ego[04] partner[04] R2=0.939275 NMSE=0.060725 shuffled_R2=-0.015157
Average ego-to-partner alignment R2: 0.890827 +- 0.011581 SE over 25 ego-partner pairs
Average alignment normalized MSE: 0.109173 +- 0.011581 SE
Average shuffled-control alignment R2: -0.024470 +- 0.004599 SE
Saved alignment results to zsc_results/lmpredV2005_gamma0/asymm_advantages
Evaluating ZSC for method=lmpredV2005_gamma0, layout=forced_coord, prefix=checkpoints/lmpredV2005_gamma0/, result_name=lmpredV2005_gamma0, perspective_transform=true
Importing submoduled environments...
Submoduled environments not found. Skipping import.
LOADED: checkpoints/lmpredV2005_gamma0/forced_coord/baseline_seed_0_step_220.msgpack
LOADED: checkpoints/lmpredV2005_gamma0/forced_coord/baseline_seed_1_step_220.msgpack
LOADED: checkpoints/lmpredV2005_gamma0/forced_coord/baseline_seed_2_step_220.msgpack
LOADED: checkpoints/lmpredV2005_gamma0/forced_coord/baseline_seed_3_step_220.msgpack
LOADED: checkpoints/lmpredV2005_gamma0/forced_coord/baseline_seed_4_step_220.msgpack
ZSC[00, 00] = 305.989
ZSC[00, 01] = 25.900
ZSC[00, 02] = 297.756
ZSC[00, 03] = 74.911
ZSC[00, 04] = 160.877
ZSC[01, 00] = 116.008
ZSC[01, 01] = 330.111
ZSC[01, 02] = 99.230
ZSC[01, 03] = 71.131
ZSC[01, 04] = 104.559
ZSC[02, 00] = 303.980
ZSC[02, 01] = 227.803
ZSC[02, 02] = 292.878
ZSC[02, 03] = 220.534
ZSC[02, 04] = 201.330
ZSC[03, 00] = 21.253
ZSC[03, 01] = 21.012
ZSC[03, 02] = 9.186
ZSC[03, 03] = 265.353
ZSC[03, 04] = 276.036
ZSC[04, 00] = 16.064
ZSC[04, 01] = 247.316
ZSC[04, 02] = 12.122
ZSC[04, 03] = 258.142
ZSC[04, 04] = 297.483
Average SP performance (diagonal/self-copy): 298.363 +- 10.456 SE over 5 pairs
Average XP performance (off-diagonal/excluding self): 138.257 +- 23.878 SE over 20 ordered pairs
Saved ZSC results to zsc_results/lmpredV2005_gamma0/forced_coord
Saved ZSC heatmap to zsc_results/lmpredV2005_gamma0/forced_coord/xp_matrix.png
Using alignment rollout scale: ALIGN_PAIR_BATCH_SIZE=1, ALIGN_EVAL_NUM_EPISODES=128, ALIGN_EVAL_NUM_STEPS=400
ALIGN ego[00] partner[00] R2=0.925074 NMSE=0.074926 shuffled_R2=-0.014795
ALIGN ego[00] partner[01] R2=0.270100 NMSE=0.729900 shuffled_R2=-0.220909
ALIGN ego[00] partner[02] R2=0.953915 NMSE=0.046085 shuffled_R2=-0.014673
ALIGN ego[00] partner[03] R2=0.935749 NMSE=0.064251 shuffled_R2=-0.015856
ALIGN ego[00] partner[04] R2=0.912247 NMSE=0.087753 shuffled_R2=-0.013323
ALIGN ego[01] partner[00] R2=0.853525 NMSE=0.146475 shuffled_R2=-0.052625
ALIGN ego[01] partner[01] R2=0.962216 NMSE=0.037784 shuffled_R2=-0.015718
ALIGN ego[01] partner[02] R2=0.930095 NMSE=0.069905 shuffled_R2=-0.017168
ALIGN ego[01] partner[03] R2=0.963948 NMSE=0.036052 shuffled_R2=-0.013713
ALIGN ego[01] partner[04] R2=0.945943 NMSE=0.054057 shuffled_R2=-0.017406
ALIGN ego[02] partner[00] R2=0.938255 NMSE=0.061745 shuffled_R2=-0.013161
ALIGN ego[02] partner[01] R2=0.948715 NMSE=0.051285 shuffled_R2=-0.017558
ALIGN ego[02] partner[02] R2=0.939914 NMSE=0.060086 shuffled_R2=-0.017467
ALIGN ego[02] partner[03] R2=0.818426 NMSE=0.181574 shuffled_R2=-0.021924
ALIGN ego[02] partner[04] R2=0.908208 NMSE=0.091792 shuffled_R2=-0.012847
ALIGN ego[03] partner[00] R2=0.938531 NMSE=0.061469 shuffled_R2=-0.022397
ALIGN ego[03] partner[01] R2=0.907585 NMSE=0.092415 shuffled_R2=-0.025750
ALIGN ego[03] partner[02] R2=-0.332444 NMSE=1.332444 shuffled_R2=-0.601575
ALIGN ego[03] partner[03] R2=0.948604 NMSE=0.051396 shuffled_R2=-0.017994
ALIGN ego[03] partner[04] R2=0.944156 NMSE=0.055844 shuffled_R2=-0.013674
ALIGN ego[04] partner[00] R2=0.957113 NMSE=0.042887 shuffled_R2=-0.015097
ALIGN ego[04] partner[01] R2=0.959547 NMSE=0.040453 shuffled_R2=-0.016954
ALIGN ego[04] partner[02] R2=0.910857 NMSE=0.089143 shuffled_R2=-0.045251
ALIGN ego[04] partner[03] R2=0.949769 NMSE=0.050231 shuffled_R2=-0.021396
ALIGN ego[04] partner[04] R2=0.948089 NMSE=0.051911 shuffled_R2=-0.018427
Average ego-to-partner alignment R2: 0.853525 +- 0.056414 SE over 25 ego-partner pairs
Average alignment normalized MSE: 0.146475 +- 0.056414 SE
Average shuffled-control alignment R2: -0.051106 +- 0.024377 SE
Saved alignment results to zsc_results/lmpredV2005_gamma0/forced_coord
Evaluating ZSC for method=lmpredV2005_gamma0_ablate, layout=cramped_room5x5, prefix=checkpoints/lmpredV2005_gamma0_ablate/, result_name=lmpredV2005_gamma0_ablate, perspective_transform=false
Importing submoduled environments...
Submoduled environments not found. Skipping import.
LOADED: checkpoints/lmpredV2005_gamma0_ablate/cramped_room5x5/baseline_seed_0_step_220.msgpack
LOADED: checkpoints/lmpredV2005_gamma0_ablate/cramped_room5x5/baseline_seed_1_step_220.msgpack
LOADED: checkpoints/lmpredV2005_gamma0_ablate/cramped_room5x5/baseline_seed_2_step_220.msgpack
LOADED: checkpoints/lmpredV2005_gamma0_ablate/cramped_room5x5/baseline_seed_3_step_220.msgpack
LOADED: checkpoints/lmpredV2005_gamma0_ablate/cramped_room5x5/baseline_seed_4_step_220.msgpack
ZSC[00, 00] = 240.280
ZSC[00, 01] = 210.900
ZSC[00, 02] = 229.822
ZSC[00, 03] = 226.011
ZSC[00, 04] = 189.661
ZSC[01, 00] = 211.573
ZSC[01, 01] = 240.039
ZSC[01, 02] = 145.550
ZSC[01, 03] = 233.548
ZSC[01, 04] = 225.594
ZSC[02, 00] = 229.836
ZSC[02, 01] = 147.978
ZSC[02, 02] = 232.239
ZSC[02, 03] = 203.666
ZSC[02, 04] = 212.436
ZSC[03, 00] = 225.561
ZSC[03, 01] = 233.566
ZSC[03, 02] = 204.736
ZSC[03, 03] = 228.172
ZSC[03, 04] = 222.123
ZSC[04, 00] = 191.119
ZSC[04, 01] = 225.589
ZSC[04, 02] = 213.212
ZSC[04, 03] = 222.220
ZSC[04, 04] = 230.595
Average SP performance (diagonal/self-copy): 234.265 +- 2.492 SE over 5 pairs
Average XP performance (off-diagonal/excluding self): 210.235 +- 5.628 SE over 20 ordered pairs
Saved ZSC results to zsc_results/lmpredV2005_gamma0_ablate/cramped_room5x5
Saved ZSC heatmap to zsc_results/lmpredV2005_gamma0_ablate/cramped_room5x5/xp_matrix.png
Using alignment rollout scale: ALIGN_PAIR_BATCH_SIZE=1, ALIGN_EVAL_NUM_EPISODES=128, ALIGN_EVAL_NUM_STEPS=400
ALIGN ego[00] partner[00] R2=0.911598 NMSE=0.088402 shuffled_R2=-0.018710
ALIGN ego[00] partner[01] R2=0.810973 NMSE=0.189027 shuffled_R2=-0.074354
ALIGN ego[00] partner[02] R2=0.932981 NMSE=0.067019 shuffled_R2=-0.018358
ALIGN ego[00] partner[03] R2=0.735099 NMSE=0.264901 shuffled_R2=-0.042438
ALIGN ego[00] partner[04] R2=0.893623 NMSE=0.106377 shuffled_R2=-0.027387
ALIGN ego[01] partner[00] R2=0.938461 NMSE=0.061539 shuffled_R2=-0.017305
ALIGN ego[01] partner[01] R2=0.932778 NMSE=0.067222 shuffled_R2=-0.019492
ALIGN ego[01] partner[02] R2=0.935441 NMSE=0.064559 shuffled_R2=-0.022932
ALIGN ego[01] partner[03] R2=0.955967 NMSE=0.044033 shuffled_R2=-0.017652
ALIGN ego[01] partner[04] R2=0.937303 NMSE=0.062697 shuffled_R2=-0.016950
ALIGN ego[02] partner[00] R2=0.944982 NMSE=0.055018 shuffled_R2=-0.018065
ALIGN ego[02] partner[01] R2=0.943100 NMSE=0.056900 shuffled_R2=-0.017276
ALIGN ego[02] partner[02] R2=0.945073 NMSE=0.054927 shuffled_R2=-0.017869
ALIGN ego[02] partner[03] R2=0.956586 NMSE=0.043414 shuffled_R2=-0.015610
ALIGN ego[02] partner[04] R2=0.927117 NMSE=0.072883 shuffled_R2=-0.019498
ALIGN ego[03] partner[00] R2=0.901079 NMSE=0.098921 shuffled_R2=-0.022431
ALIGN ego[03] partner[01] R2=0.945547 NMSE=0.054453 shuffled_R2=-0.017643
ALIGN ego[03] partner[02] R2=0.860051 NMSE=0.139949 shuffled_R2=-0.066030
ALIGN ego[03] partner[03] R2=0.925056 NMSE=0.074944 shuffled_R2=-0.015927
ALIGN ego[03] partner[04] R2=0.923798 NMSE=0.076202 shuffled_R2=-0.017179
ALIGN ego[04] partner[00] R2=0.747401 NMSE=0.252599 shuffled_R2=-0.100992
ALIGN ego[04] partner[01] R2=0.693905 NMSE=0.306095 shuffled_R2=-0.053590
ALIGN ego[04] partner[02] R2=0.882840 NMSE=0.117160 shuffled_R2=-0.038443
ALIGN ego[04] partner[03] R2=0.907322 NMSE=0.092678 shuffled_R2=-0.016180
ALIGN ego[04] partner[04] R2=0.924643 NMSE=0.075357 shuffled_R2=-0.014436
Average ego-to-partner alignment R2: 0.896509 +- 0.014482 SE over 25 ego-partner pairs
Average alignment normalized MSE: 0.103491 +- 0.014482 SE
Average shuffled-control alignment R2: -0.029070 +- 0.004426 SE
Saved alignment results to zsc_results/lmpredV2005_gamma0_ablate/cramped_room5x5
Evaluating ZSC for method=lmpredV2005_gamma0_ablate, layout=counter_circuit, prefix=checkpoints/lmpredV2005_gamma0_ablate/, result_name=lmpredV2005_gamma0_ablate, perspective_transform=false
Importing submoduled environments...
Submoduled environments not found. Skipping import.
LOADED: checkpoints/lmpredV2005_gamma0_ablate/counter_circuit/baseline_seed_0_step_380.msgpack
LOADED: checkpoints/lmpredV2005_gamma0_ablate/counter_circuit/baseline_seed_1_step_380.msgpack
LOADED: checkpoints/lmpredV2005_gamma0_ablate/counter_circuit/baseline_seed_2_step_380.msgpack
LOADED: checkpoints/lmpredV2005_gamma0_ablate/counter_circuit/baseline_seed_3_step_380.msgpack
LOADED: checkpoints/lmpredV2005_gamma0_ablate/counter_circuit/baseline_seed_4_step_380.msgpack
ZSC[00, 00] = 232.280
ZSC[00, 01] = 203.438
ZSC[00, 02] = 125.236
ZSC[00, 03] = 159.750
ZSC[00, 04] = 183.203
ZSC[01, 00] = 205.611
ZSC[01, 01] = 270.914
ZSC[01, 02] = 217.580
ZSC[01, 03] = 214.683
ZSC[01, 04] = 144.747
ZSC[02, 00] = 136.273
ZSC[02, 01] = 198.717
ZSC[02, 02] = 174.275
ZSC[02, 03] = 160.248
ZSC[02, 04] = 145.730
ZSC[03, 00] = 162.752
ZSC[03, 01] = 215.559
ZSC[03, 02] = 160.919
ZSC[03, 03] = 185.489
ZSC[03, 04] = 105.455
ZSC[04, 00] = 171.469
ZSC[04, 01] = 151.405
ZSC[04, 02] = 156.383
ZSC[04, 03] = 130.238
ZSC[04, 04] = 165.938
Average SP performance (diagonal/self-copy): 205.779 +- 19.920 SE over 5 pairs
Average XP performance (off-diagonal/excluding self): 167.470 +- 7.359 SE over 20 ordered pairs
Saved ZSC results to zsc_results/lmpredV2005_gamma0_ablate/counter_circuit
Saved ZSC heatmap to zsc_results/lmpredV2005_gamma0_ablate/counter_circuit/xp_matrix.png
Using alignment rollout scale: ALIGN_PAIR_BATCH_SIZE=1, ALIGN_EVAL_NUM_EPISODES=128, ALIGN_EVAL_NUM_STEPS=400
ALIGN ego[00] partner[00] R2=0.837713 NMSE=0.162287 shuffled_R2=-0.020766
ALIGN ego[00] partner[01] R2=0.833935 NMSE=0.166065 shuffled_R2=-0.016067
ALIGN ego[00] partner[02] R2=0.766240 NMSE=0.233760 shuffled_R2=-0.021284
ALIGN ego[00] partner[03] R2=0.744427 NMSE=0.255573 shuffled_R2=-0.024114
ALIGN ego[00] partner[04] R2=0.771565 NMSE=0.228435 shuffled_R2=-0.026578
ALIGN ego[01] partner[00] R2=0.799624 NMSE=0.200376 shuffled_R2=-0.016471
ALIGN ego[01] partner[01] R2=0.815361 NMSE=0.184639 shuffled_R2=-0.023977
ALIGN ego[01] partner[02] R2=0.721340 NMSE=0.278660 shuffled_R2=-0.024940
ALIGN ego[01] partner[03] R2=0.824680 NMSE=0.175320 shuffled_R2=-0.017146
ALIGN ego[01] partner[04] R2=0.827936 NMSE=0.172064 shuffled_R2=-0.018651
ALIGN ego[02] partner[00] R2=0.792505 NMSE=0.207495 shuffled_R2=-0.015349
ALIGN ego[02] partner[01] R2=0.825977 NMSE=0.174023 shuffled_R2=-0.016102
ALIGN ego[02] partner[02] R2=0.746212 NMSE=0.253788 shuffled_R2=-0.020521
ALIGN ego[02] partner[03] R2=0.715258 NMSE=0.284742 shuffled_R2=-0.025170
ALIGN ego[02] partner[04] R2=0.801138 NMSE=0.198862 shuffled_R2=-0.017439
ALIGN ego[03] partner[00] R2=0.753671 NMSE=0.246329 shuffled_R2=-0.019095
ALIGN ego[03] partner[01] R2=0.840989 NMSE=0.159011 shuffled_R2=-0.017389
ALIGN ego[03] partner[02] R2=0.744477 NMSE=0.255523 shuffled_R2=-0.017569
ALIGN ego[03] partner[03] R2=0.789155 NMSE=0.210845 shuffled_R2=-0.017710
ALIGN ego[03] partner[04] R2=0.822805 NMSE=0.177195 shuffled_R2=-0.020341
ALIGN ego[04] partner[00] R2=0.791830 NMSE=0.208170 shuffled_R2=-0.017258
ALIGN ego[04] partner[01] R2=0.825192 NMSE=0.174808 shuffled_R2=-0.017045
ALIGN ego[04] partner[02] R2=0.753672 NMSE=0.246328 shuffled_R2=-0.015393
ALIGN ego[04] partner[03] R2=0.779765 NMSE=0.220235 shuffled_R2=-0.020719
ALIGN ego[04] partner[04] R2=0.812650 NMSE=0.187350 shuffled_R2=-0.015151
Average ego-to-partner alignment R2: 0.789525 +- 0.007577 SE over 25 ego-partner pairs
Average alignment normalized MSE: 0.210475 +- 0.007577 SE
Average shuffled-control alignment R2: -0.019290 +- 0.000682 SE
Saved alignment results to zsc_results/lmpredV2005_gamma0_ablate/counter_circuit
Evaluating ZSC for method=lmpredV2005_gamma0_ablate, layout=coord_ring, prefix=checkpoints/lmpredV2005_gamma0_ablate/, result_name=lmpredV2005_gamma0_ablate, perspective_transform=false
Importing submoduled environments...
Submoduled environments not found. Skipping import.
LOADED: checkpoints/lmpredV2005_gamma0_ablate/coord_ring/baseline_seed_0_step_220.msgpack
LOADED: checkpoints/lmpredV2005_gamma0_ablate/coord_ring/baseline_seed_1_step_220.msgpack
LOADED: checkpoints/lmpredV2005_gamma0_ablate/coord_ring/baseline_seed_2_step_220.msgpack
LOADED: checkpoints/lmpredV2005_gamma0_ablate/coord_ring/baseline_seed_3_step_220.msgpack
LOADED: checkpoints/lmpredV2005_gamma0_ablate/coord_ring/baseline_seed_4_step_220.msgpack
ZSC[00, 00] = 272.177
ZSC[00, 01] = 71.617
ZSC[00, 02] = 286.872
ZSC[00, 03] = 54.891
ZSC[00, 04] = 233.561
ZSC[01, 00] = 71.783
ZSC[01, 01] = 319.847
ZSC[01, 02] = 226.028
ZSC[01, 03] = 133.767
ZSC[01, 04] = 147.795
ZSC[02, 00] = 286.702
ZSC[02, 01] = 226.547
ZSC[02, 02] = 284.006
ZSC[02, 03] = 73.436
ZSC[02, 04] = 241.908
ZSC[03, 00] = 54.134
ZSC[03, 01] = 120.061
ZSC[03, 02] = 73.816
ZSC[03, 03] = 295.964
ZSC[03, 04] = 70.828
ZSC[04, 00] = 233.767
ZSC[04, 01] = 147.266
ZSC[04, 02] = 240.931
ZSC[04, 03] = 71.027
ZSC[04, 04] = 235.566
Average SP performance (diagonal/self-copy): 281.512 +- 13.934 SE over 5 pairs
Average XP performance (off-diagonal/excluding self): 153.337 +- 18.876 SE over 20 ordered pairs
Saved ZSC results to zsc_results/lmpredV2005_gamma0_ablate/coord_ring
Saved ZSC heatmap to zsc_results/lmpredV2005_gamma0_ablate/coord_ring/xp_matrix.png
Using alignment rollout scale: ALIGN_PAIR_BATCH_SIZE=1, ALIGN_EVAL_NUM_EPISODES=128, ALIGN_EVAL_NUM_STEPS=400
ALIGN ego[00] partner[00] R2=0.864949 NMSE=0.135051 shuffled_R2=-0.018923
ALIGN ego[00] partner[01] R2=0.886744 NMSE=0.113256 shuffled_R2=-0.020405
ALIGN ego[00] partner[02] R2=0.832735 NMSE=0.167265 shuffled_R2=-0.023097
ALIGN ego[00] partner[03] R2=0.825786 NMSE=0.174214 shuffled_R2=-0.028990
ALIGN ego[00] partner[04] R2=0.809367 NMSE=0.190633 shuffled_R2=-0.027616
ALIGN ego[01] partner[00] R2=0.885549 NMSE=0.114451 shuffled_R2=-0.018770
ALIGN ego[01] partner[01] R2=0.782738 NMSE=0.217262 shuffled_R2=-0.042587
ALIGN ego[01] partner[02] R2=0.846605 NMSE=0.153395 shuffled_R2=-0.013868
ALIGN ego[01] partner[03] R2=0.851650 NMSE=0.148350 shuffled_R2=-0.015415
ALIGN ego[01] partner[04] R2=0.834697 NMSE=0.165303 shuffled_R2=-0.023413
ALIGN ego[02] partner[00] R2=0.739159 NMSE=0.260841 shuffled_R2=-0.045514
ALIGN ego[02] partner[01] R2=0.767496 NMSE=0.232504 shuffled_R2=-0.026350
ALIGN ego[02] partner[02] R2=0.871517 NMSE=0.128483 shuffled_R2=-0.017194
ALIGN ego[02] partner[03] R2=0.906863 NMSE=0.093137 shuffled_R2=-0.015927
ALIGN ego[02] partner[04] R2=0.885828 NMSE=0.114172 shuffled_R2=-0.016194
ALIGN ego[03] partner[00] R2=0.881973 NMSE=0.118027 shuffled_R2=-0.015374
ALIGN ego[03] partner[01] R2=0.755775 NMSE=0.244225 shuffled_R2=-0.024466
ALIGN ego[03] partner[02] R2=0.857451 NMSE=0.142549 shuffled_R2=-0.024703
ALIGN ego[03] partner[03] R2=0.851173 NMSE=0.148827 shuffled_R2=-0.025713
ALIGN ego[03] partner[04] R2=0.407247 NMSE=0.592753 shuffled_R2=-0.080528
ALIGN ego[04] partner[00] R2=0.827741 NMSE=0.172259 shuffled_R2=-0.029812
ALIGN ego[04] partner[01] R2=0.880823 NMSE=0.119177 shuffled_R2=-0.019176
ALIGN ego[04] partner[02] R2=0.807049 NMSE=0.192951 shuffled_R2=-0.038336
ALIGN ego[04] partner[03] R2=0.880109 NMSE=0.119891 shuffled_R2=-0.022898
ALIGN ego[04] partner[04] R2=0.776065 NMSE=0.223935 shuffled_R2=-0.036234
Average ego-to-partner alignment R2: 0.820684 +- 0.019510 SE over 25 ego-partner pairs
Average alignment normalized MSE: 0.179316 +- 0.019510 SE
Average shuffled-control alignment R2: -0.026860 +- 0.002814 SE
Saved alignment results to zsc_results/lmpredV2005_gamma0_ablate/coord_ring
Evaluating ZSC for method=lmpredV2005_gamma0_ablate, layout=asymm_advantages, prefix=checkpoints/lmpredV2005_gamma0_ablate/, result_name=lmpredV2005_gamma0_ablate, perspective_transform=false
Importing submoduled environments...
Submoduled environments not found. Skipping import.
LOADED: checkpoints/lmpredV2005_gamma0_ablate/asymm_advantages/baseline_seed_0_step_220.msgpack
LOADED: checkpoints/lmpredV2005_gamma0_ablate/asymm_advantages/baseline_seed_1_step_220.msgpack
LOADED: checkpoints/lmpredV2005_gamma0_ablate/asymm_advantages/baseline_seed_2_step_220.msgpack
LOADED: checkpoints/lmpredV2005_gamma0_ablate/asymm_advantages/baseline_seed_3_step_220.msgpack
LOADED: checkpoints/lmpredV2005_gamma0_ablate/asymm_advantages/baseline_seed_4_step_220.msgpack
ZSC[00, 00] = 420.722
ZSC[00, 01] = 350.656
ZSC[00, 02] = 267.150
ZSC[00, 03] = 458.472
ZSC[00, 04] = 350.094
ZSC[01, 00] = 396.781
ZSC[01, 01] = 455.175
ZSC[01, 02] = 489.395
ZSC[01, 03] = 490.692
ZSC[01, 04] = 454.212
ZSC[02, 00] = 394.108
ZSC[02, 01] = 479.520
ZSC[02, 02] = 497.337
ZSC[02, 03] = 495.470
ZSC[02, 04] = 388.095
ZSC[03, 00] = 402.227
ZSC[03, 01] = 458.938
ZSC[03, 02] = 497.062
ZSC[03, 03] = 495.697
ZSC[03, 04] = 427.719
ZSC[04, 00] = 366.173
ZSC[04, 01] = 424.419
ZSC[04, 02] = 457.503
ZSC[04, 03] = 458.658
ZSC[04, 04] = 420.373
Average SP performance (diagonal/self-copy): 457.861 +- 17.003 SE over 5 pairs
Average XP performance (off-diagonal/excluding self): 425.367 +- 13.578 SE over 20 ordered pairs
Saved ZSC results to zsc_results/lmpredV2005_gamma0_ablate/asymm_advantages
Saved ZSC heatmap to zsc_results/lmpredV2005_gamma0_ablate/asymm_advantages/xp_matrix.png
Using alignment rollout scale: ALIGN_PAIR_BATCH_SIZE=1, ALIGN_EVAL_NUM_EPISODES=128, ALIGN_EVAL_NUM_STEPS=400
ALIGN ego[00] partner[00] R2=0.880875 NMSE=0.119125 shuffled_R2=-0.016663
ALIGN ego[00] partner[01] R2=0.933472 NMSE=0.066528 shuffled_R2=-0.019262
ALIGN ego[00] partner[02] R2=0.831305 NMSE=0.168695 shuffled_R2=-0.024714
ALIGN ego[00] partner[03] R2=0.937472 NMSE=0.062528 shuffled_R2=-0.017302
ALIGN ego[00] partner[04] R2=0.907330 NMSE=0.092670 shuffled_R2=-0.014554
ALIGN ego[01] partner[00] R2=0.939150 NMSE=0.060850 shuffled_R2=-0.017962
ALIGN ego[01] partner[01] R2=0.959607 NMSE=0.040393 shuffled_R2=-0.017557
ALIGN ego[01] partner[02] R2=0.957476 NMSE=0.042524 shuffled_R2=-0.018236
ALIGN ego[01] partner[03] R2=0.937204 NMSE=0.062796 shuffled_R2=-0.020707
ALIGN ego[01] partner[04] R2=0.933258 NMSE=0.066742 shuffled_R2=-0.022406
ALIGN ego[02] partner[00] R2=0.662524 NMSE=0.337476 shuffled_R2=-0.060704
ALIGN ego[02] partner[01] R2=0.946291 NMSE=0.053709 shuffled_R2=-0.014714
ALIGN ego[02] partner[02] R2=0.947321 NMSE=0.052679 shuffled_R2=-0.022106
ALIGN ego[02] partner[03] R2=0.937775 NMSE=0.062225 shuffled_R2=-0.017926
ALIGN ego[02] partner[04] R2=0.923924 NMSE=0.076076 shuffled_R2=-0.025751
ALIGN ego[03] partner[00] R2=0.885368 NMSE=0.114632 shuffled_R2=-0.016052
ALIGN ego[03] partner[01] R2=0.945629 NMSE=0.054371 shuffled_R2=-0.017643
ALIGN ego[03] partner[02] R2=0.942422 NMSE=0.057578 shuffled_R2=-0.019697
ALIGN ego[03] partner[03] R2=0.954091 NMSE=0.045909 shuffled_R2=-0.018412
ALIGN ego[03] partner[04] R2=0.887508 NMSE=0.112492 shuffled_R2=-0.019798
ALIGN ego[04] partner[00] R2=0.880769 NMSE=0.119231 shuffled_R2=-0.023887
ALIGN ego[04] partner[01] R2=0.944747 NMSE=0.055253 shuffled_R2=-0.015358
ALIGN ego[04] partner[02] R2=0.903146 NMSE=0.096854 shuffled_R2=-0.036097
ALIGN ego[04] partner[03] R2=0.939970 NMSE=0.060030 shuffled_R2=-0.016698
ALIGN ego[04] partner[04] R2=0.854327 NMSE=0.145673 shuffled_R2=-0.035500
Average ego-to-partner alignment R2: 0.910918 +- 0.012355 SE over 25 ego-partner pairs
Average alignment normalized MSE: 0.089082 +- 0.012355 SE
Average shuffled-control alignment R2: -0.021988 +- 0.001953 SE
Saved alignment results to zsc_results/lmpredV2005_gamma0_ablate/asymm_advantages
Evaluating ZSC for method=lmpredV2005_gamma0_ablate, layout=forced_coord, prefix=checkpoints/lmpredV2005_gamma0_ablate/, result_name=lmpredV2005_gamma0_ablate, perspective_transform=false
Importing submoduled environments...
Submoduled environments not found. Skipping import.
LOADED: checkpoints/lmpredV2005_gamma0_ablate/forced_coord/baseline_seed_0_step_220.msgpack
LOADED: checkpoints/lmpredV2005_gamma0_ablate/forced_coord/baseline_seed_1_step_220.msgpack
LOADED: checkpoints/lmpredV2005_gamma0_ablate/forced_coord/baseline_seed_2_step_220.msgpack
LOADED: checkpoints/lmpredV2005_gamma0_ablate/forced_coord/baseline_seed_3_step_220.msgpack
LOADED: checkpoints/lmpredV2005_gamma0_ablate/forced_coord/baseline_seed_4_step_220.msgpack
ZSC[00, 00] = 286.536
ZSC[00, 01] = 228.856
ZSC[00, 02] = 256.181
ZSC[00, 03] = 259.823
ZSC[00, 04] = 257.628
ZSC[01, 00] = 0.120
ZSC[01, 01] = 285.337
ZSC[01, 02] = 0.128
ZSC[01, 03] = 0.000
ZSC[01, 04] = 0.000
ZSC[02, 00] = 53.547
ZSC[02, 01] = 246.645
ZSC[02, 02] = 284.034
ZSC[02, 03] = 320.000
ZSC[02, 04] = 283.814
ZSC[03, 00] = 14.853
ZSC[03, 01] = 20.000
ZSC[03, 02] = 291.441
ZSC[03, 03] = 320.000
ZSC[03, 04] = 293.822
ZSC[04, 00] = 258.528
ZSC[04, 01] = 57.692
ZSC[04, 02] = 296.837
ZSC[04, 03] = 320.000
ZSC[04, 04] = 286.795
Average SP performance (diagonal/self-copy): 292.541 +- 6.882 SE over 5 pairs
Average XP performance (off-diagonal/excluding self): 172.996 +- 29.583 SE over 20 ordered pairs
Saved ZSC results to zsc_results/lmpredV2005_gamma0_ablate/forced_coord
Saved ZSC heatmap to zsc_results/lmpredV2005_gamma0_ablate/forced_coord/xp_matrix.png
Using alignment rollout scale: ALIGN_PAIR_BATCH_SIZE=1, ALIGN_EVAL_NUM_EPISODES=128, ALIGN_EVAL_NUM_STEPS=400
ALIGN ego[00] partner[00] R2=0.819606 NMSE=0.180394 shuffled_R2=-0.059358
ALIGN ego[00] partner[01] R2=0.940676 NMSE=0.059324 shuffled_R2=-0.015050
ALIGN ego[00] partner[02] R2=0.948584 NMSE=0.051416 shuffled_R2=-0.015062
ALIGN ego[00] partner[03] R2=0.829923 NMSE=0.170077 shuffled_R2=-0.148835
ALIGN ego[00] partner[04] R2=0.738186 NMSE=0.261814 shuffled_R2=-0.101325
ALIGN ego[01] partner[00] R2=-0.217352 NMSE=1.217352 shuffled_R2=-0.472018
ALIGN ego[01] partner[01] R2=0.971474 NMSE=0.028526 shuffled_R2=-0.017501
ALIGN ego[01] partner[02] R2=0.959534 NMSE=0.040466 shuffled_R2=-0.024670
ALIGN ego[01] partner[03] R2=0.914883 NMSE=0.085117 shuffled_R2=-0.078762
ALIGN ego[01] partner[04] R2=0.968975 NMSE=0.031025 shuffled_R2=-0.046819
ALIGN ego[02] partner[00] R2=0.928861 NMSE=0.071139 shuffled_R2=-0.022059
ALIGN ego[02] partner[01] R2=0.932109 NMSE=0.067891 shuffled_R2=-0.016412
ALIGN ego[02] partner[02] R2=0.936617 NMSE=0.063383 shuffled_R2=-0.014143
ALIGN ego[02] partner[03] R2=0.974281 NMSE=0.025719 shuffled_R2=-0.015579
ALIGN ego[02] partner[04] R2=0.958836 NMSE=0.041164 shuffled_R2=-0.014409
ALIGN ego[03] partner[00] R2=0.969508 NMSE=0.030492 shuffled_R2=-0.028013
ALIGN ego[03] partner[01] R2=0.966636 NMSE=0.033364 shuffled_R2=-0.060709
ALIGN ego[03] partner[02] R2=0.942394 NMSE=0.057606 shuffled_R2=-0.014842
ALIGN ego[03] partner[03] R2=0.976756 NMSE=0.023244 shuffled_R2=-0.016205
ALIGN ego[03] partner[04] R2=0.963673 NMSE=0.036327 shuffled_R2=-0.015003
ALIGN ego[04] partner[00] R2=0.913239 NMSE=0.086761 shuffled_R2=-0.014822
ALIGN ego[04] partner[01] R2=0.974474 NMSE=0.025526 shuffled_R2=-0.014539
ALIGN ego[04] partner[02] R2=0.913667 NMSE=0.086333 shuffled_R2=-0.017733
ALIGN ego[04] partner[03] R2=0.971406 NMSE=0.028594 shuffled_R2=-0.018698
ALIGN ego[04] partner[04] R2=0.958449 NMSE=0.041551 shuffled_R2=-0.015721
Average ego-to-partner alignment R2: 0.886216 +- 0.047374 SE over 25 ego-partner pairs
Average alignment normalized MSE: 0.113784 +- 0.047374 SE
Average shuffled-control alignment R2: -0.051131 +- 0.018756 SE
Saved alignment results to zsc_results/lmpredV2005_gamma0_ablate/forced_coord
Evaluating ZSC for method=lmpredV202_gamma0, layout=cramped_room5x5, prefix=checkpoints/lmpredV202_gamma0/, result_name=lmpredV202_gamma0, perspective_transform=true
Importing submoduled environments...
Submoduled environments not found. Skipping import.
LOADED: checkpoints/lmpredV202_gamma0/cramped_room5x5/baseline_seed_0_step_220.msgpack
LOADED: checkpoints/lmpredV202_gamma0/cramped_room5x5/baseline_seed_1_step_220.msgpack
LOADED: checkpoints/lmpredV202_gamma0/cramped_room5x5/baseline_seed_2_step_220.msgpack
LOADED: checkpoints/lmpredV202_gamma0/cramped_room5x5/baseline_seed_3_step_220.msgpack
LOADED: checkpoints/lmpredV202_gamma0/cramped_room5x5/baseline_seed_4_step_220.msgpack
ZSC[00, 00] = 156.166
ZSC[00, 01] = 205.148
ZSC[00, 02] = 195.353
ZSC[00, 03] = 191.844
ZSC[00, 04] = 164.216
ZSC[01, 00] = 204.558
ZSC[01, 01] = 239.858
ZSC[01, 02] = 226.300
ZSC[01, 03] = 231.409
ZSC[01, 04] = 214.983
ZSC[02, 00] = 194.158
ZSC[02, 01] = 226.705
ZSC[02, 02] = 202.433
ZSC[02, 03] = 194.728
ZSC[02, 04] = 178.231
ZSC[03, 00] = 193.522
ZSC[03, 01] = 232.080
ZSC[03, 02] = 194.820
ZSC[03, 03] = 223.502
ZSC[03, 04] = 233.323
ZSC[04, 00] = 164.039
ZSC[04, 01] = 214.880
ZSC[04, 02] = 178.022
ZSC[04, 03] = 233.364
ZSC[04, 04] = 246.333
Average SP performance (diagonal/self-copy): 213.658 +- 16.252 SE over 5 pairs
Average XP performance (off-diagonal/excluding self): 203.584 +- 5.034 SE over 20 ordered pairs
Saved ZSC results to zsc_results/lmpredV202_gamma0/cramped_room5x5
Saved ZSC heatmap to zsc_results/lmpredV202_gamma0/cramped_room5x5/xp_matrix.png
Using alignment rollout scale: ALIGN_PAIR_BATCH_SIZE=1, ALIGN_EVAL_NUM_EPISODES=128, ALIGN_EVAL_NUM_STEPS=400
ALIGN ego[00] partner[00] R2=0.852665 NMSE=0.147335 shuffled_R2=-0.039400
ALIGN ego[00] partner[01] R2=0.938456 NMSE=0.061544 shuffled_R2=-0.016066
ALIGN ego[00] partner[02] R2=0.787889 NMSE=0.212111 shuffled_R2=-0.125529
ALIGN ego[00] partner[03] R2=0.937172 NMSE=0.062828 shuffled_R2=-0.023329
ALIGN ego[00] partner[04] R2=0.870842 NMSE=0.129158 shuffled_R2=-0.022086
ALIGN ego[01] partner[00] R2=0.954201 NMSE=0.045799 shuffled_R2=-0.016401
ALIGN ego[01] partner[01] R2=0.943712 NMSE=0.056288 shuffled_R2=-0.021162
ALIGN ego[01] partner[02] R2=0.938527 NMSE=0.061473 shuffled_R2=-0.017727
ALIGN ego[01] partner[03] R2=0.962063 NMSE=0.037937 shuffled_R2=-0.016050
ALIGN ego[01] partner[04] R2=0.953205 NMSE=0.046795 shuffled_R2=-0.015890
ALIGN ego[02] partner[00] R2=0.851154 NMSE=0.148846 shuffled_R2=-0.035554
ALIGN ego[02] partner[01] R2=0.890977 NMSE=0.109023 shuffled_R2=-0.028188
ALIGN ego[02] partner[02] R2=0.929889 NMSE=0.070111 shuffled_R2=-0.016047
ALIGN ego[02] partner[03] R2=0.941288 NMSE=0.058712 shuffled_R2=-0.019781
ALIGN ego[02] partner[04] R2=0.931723 NMSE=0.068277 shuffled_R2=-0.018484
ALIGN ego[03] partner[00] R2=0.938739 NMSE=0.061261 shuffled_R2=-0.019297
ALIGN ego[03] partner[01] R2=0.948176 NMSE=0.051824 shuffled_R2=-0.016817
ALIGN ego[03] partner[02] R2=0.883923 NMSE=0.116077 shuffled_R2=-0.035555
ALIGN ego[03] partner[03] R2=0.959147 NMSE=0.040853 shuffled_R2=-0.018194
ALIGN ego[03] partner[04] R2=0.943266 NMSE=0.056734 shuffled_R2=-0.019452
ALIGN ego[04] partner[00] R2=0.790384 NMSE=0.209616 shuffled_R2=-0.087577
ALIGN ego[04] partner[01] R2=0.938834 NMSE=0.061166 shuffled_R2=-0.039446
ALIGN ego[04] partner[02] R2=0.937525 NMSE=0.062475 shuffled_R2=-0.015940
ALIGN ego[04] partner[03] R2=0.962707 NMSE=0.037293 shuffled_R2=-0.015052
ALIGN ego[04] partner[04] R2=0.945191 NMSE=0.054809 shuffled_R2=-0.017418
Average ego-to-partner alignment R2: 0.917266 +- 0.010042 SE over 25 ego-partner pairs
Average alignment normalized MSE: 0.082734 +- 0.010042 SE
Average shuffled-control alignment R2: -0.028658 +- 0.005049 SE
Saved alignment results to zsc_results/lmpredV202_gamma0/cramped_room5x5
Evaluating ZSC for method=lmpredV202_gamma0, layout=counter_circuit, prefix=checkpoints/lmpredV202_gamma0/, result_name=lmpredV202_gamma0, perspective_transform=true
Importing submoduled environments...
Submoduled environments not found. Skipping import.
LOADED: checkpoints/lmpredV202_gamma0/counter_circuit/baseline_seed_0_step_380.msgpack
LOADED: checkpoints/lmpredV202_gamma0/counter_circuit/baseline_seed_1_step_380.msgpack
LOADED: checkpoints/lmpredV202_gamma0/counter_circuit/baseline_seed_2_step_380.msgpack
LOADED: checkpoints/lmpredV202_gamma0/counter_circuit/baseline_seed_3_step_380.msgpack
LOADED: checkpoints/lmpredV202_gamma0/counter_circuit/baseline_seed_4_step_380.msgpack
ZSC[00, 00] = 257.861
ZSC[00, 01] = 250.056
ZSC[00, 02] = 136.947
ZSC[00, 03] = 212.920
ZSC[00, 04] = 183.241
ZSC[01, 00] = 249.052
ZSC[01, 01] = 232.669
ZSC[01, 02] = 79.122
ZSC[01, 03] = 174.420
ZSC[01, 04] = 147.225
ZSC[02, 00] = 139.052
ZSC[02, 01] = 75.833
ZSC[02, 02] = 215.316
ZSC[02, 03] = 144.412
ZSC[02, 04] = 155.225
ZSC[03, 00] = 212.998
ZSC[03, 01] = 175.578
ZSC[03, 02] = 144.792
ZSC[03, 03] = 212.081
ZSC[03, 04] = 189.216
ZSC[04, 00] = 183.145
ZSC[04, 01] = 147.502
ZSC[04, 02] = 156.789
ZSC[04, 03] = 187.092
ZSC[04, 04] = 198.241
Average SP performance (diagonal/self-copy): 223.233 +- 10.246 SE over 5 pairs
Average XP performance (off-diagonal/excluding self): 167.231 +- 10.149 SE over 20 ordered pairs
Saved ZSC results to zsc_results/lmpredV202_gamma0/counter_circuit
Saved ZSC heatmap to zsc_results/lmpredV202_gamma0/counter_circuit/xp_matrix.png
Using alignment rollout scale: ALIGN_PAIR_BATCH_SIZE=1, ALIGN_EVAL_NUM_EPISODES=128, ALIGN_EVAL_NUM_STEPS=400
ALIGN ego[00] partner[00] R2=0.787169 NMSE=0.212831 shuffled_R2=-0.027133
ALIGN ego[00] partner[01] R2=0.851212 NMSE=0.148788 shuffled_R2=-0.016611
ALIGN ego[00] partner[02] R2=0.773856 NMSE=0.226144 shuffled_R2=-0.020372
ALIGN ego[00] partner[03] R2=0.737258 NMSE=0.262742 shuffled_R2=-0.019499
ALIGN ego[00] partner[04] R2=0.728051 NMSE=0.271949 shuffled_R2=-0.017321
ALIGN ego[01] partner[00] R2=0.840260 NMSE=0.159740 shuffled_R2=-0.016742
ALIGN ego[01] partner[01] R2=0.870737 NMSE=0.129263 shuffled_R2=-0.019630
ALIGN ego[01] partner[02] R2=0.824674 NMSE=0.175326 shuffled_R2=-0.025253
ALIGN ego[01] partner[03] R2=0.805694 NMSE=0.194306 shuffled_R2=-0.015786
ALIGN ego[01] partner[04] R2=0.806464 NMSE=0.193536 shuffled_R2=-0.016897
ALIGN ego[02] partner[00] R2=0.788923 NMSE=0.211077 shuffled_R2=-0.016449
ALIGN ego[02] partner[01] R2=0.817698 NMSE=0.182302 shuffled_R2=-0.016535
ALIGN ego[02] partner[02] R2=0.801949 NMSE=0.198051 shuffled_R2=-0.014486
ALIGN ego[02] partner[03] R2=0.835867 NMSE=0.164133 shuffled_R2=-0.015130
ALIGN ego[02] partner[04] R2=0.777828 NMSE=0.222172 shuffled_R2=-0.016553
ALIGN ego[03] partner[00] R2=0.675548 NMSE=0.324452 shuffled_R2=-0.020361
ALIGN ego[03] partner[01] R2=0.772295 NMSE=0.227705 shuffled_R2=-0.018909
ALIGN ego[03] partner[02] R2=0.739580 NMSE=0.260420 shuffled_R2=-0.025675
ALIGN ego[03] partner[03] R2=0.676957 NMSE=0.323043 shuffled_R2=-0.021164
ALIGN ego[03] partner[04] R2=0.794776 NMSE=0.205224 shuffled_R2=-0.014377
ALIGN ego[04] partner[00] R2=0.764626 NMSE=0.235374 shuffled_R2=-0.017241
ALIGN ego[04] partner[01] R2=0.815708 NMSE=0.184292 shuffled_R2=-0.015525
ALIGN ego[04] partner[02] R2=0.733505 NMSE=0.266495 shuffled_R2=-0.021777
ALIGN ego[04] partner[03] R2=0.788171 NMSE=0.211829 shuffled_R2=-0.015950
ALIGN ego[04] partner[04] R2=0.853805 NMSE=0.146195 shuffled_R2=-0.019493
Average ego-to-partner alignment R2: 0.786504 +- 0.010131 SE over 25 ego-partner pairs
Average alignment normalized MSE: 0.213496 +- 0.010131 SE
Average shuffled-control alignment R2: -0.018595 +- 0.000696 SE
Saved alignment results to zsc_results/lmpredV202_gamma0/counter_circuit
Evaluating ZSC for method=lmpredV202_gamma0, layout=coord_ring, prefix=checkpoints/lmpredV202_gamma0/, result_name=lmpredV202_gamma0, perspective_transform=true
Importing submoduled environments...
Submoduled environments not found. Skipping import.
LOADED: checkpoints/lmpredV202_gamma0/coord_ring/baseline_seed_0_step_220.msgpack
LOADED: checkpoints/lmpredV202_gamma0/coord_ring/baseline_seed_1_step_220.msgpack
LOADED: checkpoints/lmpredV202_gamma0/coord_ring/baseline_seed_2_step_220.msgpack
LOADED: checkpoints/lmpredV202_gamma0/coord_ring/baseline_seed_3_step_220.msgpack
LOADED: checkpoints/lmpredV202_gamma0/coord_ring/baseline_seed_4_step_220.msgpack
ZSC[00, 00] = 295.203
ZSC[00, 01] = 252.722
ZSC[00, 02] = 264.114
ZSC[00, 03] = 285.583
ZSC[00, 04] = 278.439
ZSC[01, 00] = 252.409
ZSC[01, 01] = 277.953
ZSC[01, 02] = 215.011
ZSC[01, 03] = 267.431
ZSC[01, 04] = 164.558
ZSC[02, 00] = 264.409
ZSC[02, 01] = 216.191
ZSC[02, 02] = 258.727
ZSC[02, 03] = 239.848
ZSC[02, 04] = 245.323
ZSC[03, 00] = 285.837
ZSC[03, 01] = 269.555
ZSC[03, 02] = 239.520
ZSC[03, 03] = 335.986
ZSC[03, 04] = 298.945
ZSC[04, 00] = 278.120
ZSC[04, 01] = 163.948
ZSC[04, 02] = 244.239
ZSC[04, 03] = 299.406
ZSC[04, 04] = 298.444
Average SP performance (diagonal/self-copy): 293.262 +- 12.812 SE over 5 pairs
Average XP performance (off-diagonal/excluding self): 251.281 +- 8.492 SE over 20 ordered pairs
Saved ZSC results to zsc_results/lmpredV202_gamma0/coord_ring
Saved ZSC heatmap to zsc_results/lmpredV202_gamma0/coord_ring/xp_matrix.png
Using alignment rollout scale: ALIGN_PAIR_BATCH_SIZE=1, ALIGN_EVAL_NUM_EPISODES=128, ALIGN_EVAL_NUM_STEPS=400
ALIGN ego[00] partner[00] R2=0.807241 NMSE=0.192759 shuffled_R2=-0.020521
ALIGN ego[00] partner[01] R2=0.691631 NMSE=0.308369 shuffled_R2=-0.028659
ALIGN ego[00] partner[02] R2=0.871771 NMSE=0.128229 shuffled_R2=-0.017169
ALIGN ego[00] partner[03] R2=0.820369 NMSE=0.179631 shuffled_R2=-0.014794
ALIGN ego[00] partner[04] R2=0.869018 NMSE=0.130982 shuffled_R2=-0.014672
ALIGN ego[01] partner[00] R2=0.821616 NMSE=0.178384 shuffled_R2=-0.016269
ALIGN ego[01] partner[01] R2=0.829770 NMSE=0.170230 shuffled_R2=-0.017919
ALIGN ego[01] partner[02] R2=0.844457 NMSE=0.155543 shuffled_R2=-0.014793
ALIGN ego[01] partner[03] R2=0.804935 NMSE=0.195065 shuffled_R2=-0.020894
ALIGN ego[01] partner[04] R2=0.768438 NMSE=0.231562 shuffled_R2=-0.033533
ALIGN ego[02] partner[00] R2=0.859817 NMSE=0.140183 shuffled_R2=-0.017244
ALIGN ego[02] partner[01] R2=0.836487 NMSE=0.163513 shuffled_R2=-0.015069
ALIGN ego[02] partner[02] R2=0.939871 NMSE=0.060129 shuffled_R2=-0.018831
ALIGN ego[02] partner[03] R2=0.871411 NMSE=0.128589 shuffled_R2=-0.016198
ALIGN ego[02] partner[04] R2=0.901004 NMSE=0.098996 shuffled_R2=-0.015362
ALIGN ego[03] partner[00] R2=0.841830 NMSE=0.158170 shuffled_R2=-0.016002
ALIGN ego[03] partner[01] R2=0.840849 NMSE=0.159151 shuffled_R2=-0.028114
ALIGN ego[03] partner[02] R2=0.838211 NMSE=0.161789 shuffled_R2=-0.027439
ALIGN ego[03] partner[03] R2=0.924008 NMSE=0.075992 shuffled_R2=-0.017133
ALIGN ego[03] partner[04] R2=0.871804 NMSE=0.128196 shuffled_R2=-0.020991
ALIGN ego[04] partner[00] R2=0.852901 NMSE=0.147099 shuffled_R2=-0.018290
ALIGN ego[04] partner[01] R2=0.828310 NMSE=0.171690 shuffled_R2=-0.021410
ALIGN ego[04] partner[02] R2=0.615361 NMSE=0.384639 shuffled_R2=-0.072424
ALIGN ego[04] partner[03] R2=0.832014 NMSE=0.167986 shuffled_R2=-0.029143
ALIGN ego[04] partner[04] R2=0.844866 NMSE=0.155134 shuffled_R2=-0.023609
Average ego-to-partner alignment R2: 0.833120 +- 0.013227 SE over 25 ego-partner pairs
Average alignment normalized MSE: 0.166880 +- 0.013227 SE
Average shuffled-control alignment R2: -0.022259 +- 0.002347 SE
Saved alignment results to zsc_results/lmpredV202_gamma0/coord_ring
Evaluating ZSC for method=lmpredV202_gamma0, layout=asymm_advantages, prefix=checkpoints/lmpredV202_gamma0/, result_name=lmpredV202_gamma0, perspective_transform=true
Importing submoduled environments...
Submoduled environments not found. Skipping import.
LOADED: checkpoints/lmpredV202_gamma0/asymm_advantages/baseline_seed_0_step_220.msgpack
LOADED: checkpoints/lmpredV202_gamma0/asymm_advantages/baseline_seed_1_step_220.msgpack
LOADED: checkpoints/lmpredV202_gamma0/asymm_advantages/baseline_seed_2_step_220.msgpack
LOADED: checkpoints/lmpredV202_gamma0/asymm_advantages/baseline_seed_3_step_220.msgpack
LOADED: checkpoints/lmpredV202_gamma0/asymm_advantages/baseline_seed_4_step_220.msgpack
ZSC[00, 00] = 379.116
ZSC[00, 01] = 402.514
ZSC[00, 02] = 337.545
ZSC[00, 03] = 405.794
ZSC[00, 04] = 423.383
ZSC[01, 00] = 381.978
ZSC[01, 01] = 410.633
ZSC[01, 02] = 304.644
ZSC[01, 03] = 405.716
ZSC[01, 04] = 461.356
ZSC[02, 00] = 387.559
ZSC[02, 01] = 421.325
ZSC[02, 02] = 341.152
ZSC[02, 03] = 403.616
ZSC[02, 04] = 483.217
ZSC[03, 00] = 372.839
ZSC[03, 01] = 413.248
ZSC[03, 02] = 314.769
ZSC[03, 03] = 417.459
ZSC[03, 04] = 427.039
ZSC[04, 00] = 393.473
ZSC[04, 01] = 432.362
ZSC[04, 02] = 344.084
ZSC[04, 03] = 421.708
ZSC[04, 04] = 478.859
Average SP performance (diagonal/self-copy): 405.444 +- 22.790 SE over 5 pairs
Average XP performance (off-diagonal/excluding self): 396.909 +- 10.086 SE over 20 ordered pairs
Saved ZSC results to zsc_results/lmpredV202_gamma0/asymm_advantages
Saved ZSC heatmap to zsc_results/lmpredV202_gamma0/asymm_advantages/xp_matrix.png
Using alignment rollout scale: ALIGN_PAIR_BATCH_SIZE=1, ALIGN_EVAL_NUM_EPISODES=128, ALIGN_EVAL_NUM_STEPS=400
ALIGN ego[00] partner[00] R2=0.750982 NMSE=0.249018 shuffled_R2=-0.020204
ALIGN ego[00] partner[01] R2=0.821413 NMSE=0.178587 shuffled_R2=-0.024100
ALIGN ego[00] partner[02] R2=0.813002 NMSE=0.186998 shuffled_R2=-0.029801
ALIGN ego[00] partner[03] R2=0.940938 NMSE=0.059062 shuffled_R2=-0.021030
ALIGN ego[00] partner[04] R2=0.912558 NMSE=0.087442 shuffled_R2=-0.023062
ALIGN ego[01] partner[00] R2=0.734326 NMSE=0.265674 shuffled_R2=-0.041203
ALIGN ego[01] partner[01] R2=0.897091 NMSE=0.102909 shuffled_R2=-0.019961
ALIGN ego[01] partner[02] R2=0.917348 NMSE=0.082652 shuffled_R2=-0.022112
ALIGN ego[01] partner[03] R2=0.954255 NMSE=0.045745 shuffled_R2=-0.020408
ALIGN ego[01] partner[04] R2=0.941542 NMSE=0.058458 shuffled_R2=-0.016688
ALIGN ego[02] partner[00] R2=0.859853 NMSE=0.140147 shuffled_R2=-0.015088
ALIGN ego[02] partner[01] R2=0.722305 NMSE=0.277695 shuffled_R2=-0.073693
ALIGN ego[02] partner[02] R2=0.948846 NMSE=0.051154 shuffled_R2=-0.012585
ALIGN ego[02] partner[03] R2=0.935804 NMSE=0.064196 shuffled_R2=-0.057507
ALIGN ego[02] partner[04] R2=0.742938 NMSE=0.257062 shuffled_R2=-0.069606
ALIGN ego[03] partner[00] R2=0.634828 NMSE=0.365172 shuffled_R2=-0.045058
ALIGN ego[03] partner[01] R2=0.760106 NMSE=0.239894 shuffled_R2=-0.022064
ALIGN ego[03] partner[02] R2=0.704526 NMSE=0.295474 shuffled_R2=-0.038692
ALIGN ego[03] partner[03] R2=0.918116 NMSE=0.081884 shuffled_R2=-0.026354
ALIGN ego[03] partner[04] R2=0.805425 NMSE=0.194575 shuffled_R2=-0.065025
ALIGN ego[04] partner[00] R2=0.751239 NMSE=0.248761 shuffled_R2=-0.048420
ALIGN ego[04] partner[01] R2=0.922035 NMSE=0.077965 shuffled_R2=-0.014448
ALIGN ego[04] partner[02] R2=0.928762 NMSE=0.071238 shuffled_R2=-0.020950
ALIGN ego[04] partner[03] R2=0.966101 NMSE=0.033899 shuffled_R2=-0.017351
ALIGN ego[04] partner[04] R2=0.940589 NMSE=0.059411 shuffled_R2=-0.019545
Average ego-to-partner alignment R2: 0.848997 +- 0.019729 SE over 25 ego-partner pairs
Average alignment normalized MSE: 0.151003 +- 0.019729 SE
Average shuffled-control alignment R2: -0.031398 +- 0.003667 SE
Saved alignment results to zsc_results/lmpredV202_gamma0/asymm_advantages
Evaluating ZSC for method=lmpredV202_gamma0, layout=forced_coord, prefix=checkpoints/lmpredV202_gamma0/, result_name=lmpredV202_gamma0, perspective_transform=true
Importing submoduled environments...
Submoduled environments not found. Skipping import.
LOADED: checkpoints/lmpredV202_gamma0/forced_coord/baseline_seed_0_step_220.msgpack
LOADED: checkpoints/lmpredV202_gamma0/forced_coord/baseline_seed_1_step_220.msgpack
LOADED: checkpoints/lmpredV202_gamma0/forced_coord/baseline_seed_2_step_220.msgpack
LOADED: checkpoints/lmpredV202_gamma0/forced_coord/baseline_seed_3_step_220.msgpack
LOADED: checkpoints/lmpredV202_gamma0/forced_coord/baseline_seed_4_step_220.msgpack
ZSC[00, 00] = 291.992
ZSC[00, 01] = 55.241
ZSC[00, 02] = 201.147
ZSC[00, 03] = 40.358
ZSC[00, 04] = 74.108
ZSC[01, 00] = 6.391
ZSC[01, 01] = 312.067
ZSC[01, 02] = 183.028
ZSC[01, 03] = 302.678
ZSC[01, 04] = 230.739
ZSC[02, 00] = 148.298
ZSC[02, 01] = 0.000
ZSC[02, 02] = 258.323
ZSC[02, 03] = 0.462
ZSC[02, 04] = 0.000
ZSC[03, 00] = 8.419
ZSC[03, 01] = 235.800
ZSC[03, 02] = 254.609
ZSC[03, 03] = 317.439
ZSC[03, 04] = 260.098
ZSC[04, 00] = 2.292
ZSC[04, 01] = 195.883
ZSC[04, 02] = 119.767
ZSC[04, 03] = 260.864
ZSC[04, 04] = 270.277
Average SP performance (diagonal/self-copy): 290.020 +- 11.481 SE over 5 pairs
Average XP performance (off-diagonal/excluding self): 129.009 +- 24.445 SE over 20 ordered pairs
Saved ZSC results to zsc_results/lmpredV202_gamma0/forced_coord
Saved ZSC heatmap to zsc_results/lmpredV202_gamma0/forced_coord/xp_matrix.png
Using alignment rollout scale: ALIGN_PAIR_BATCH_SIZE=1, ALIGN_EVAL_NUM_EPISODES=128, ALIGN_EVAL_NUM_STEPS=400
ALIGN ego[00] partner[00] R2=0.950587 NMSE=0.049413 shuffled_R2=-0.013542
ALIGN ego[00] partner[01] R2=0.944014 NMSE=0.055986 shuffled_R2=-0.016794
ALIGN ego[00] partner[02] R2=0.381441 NMSE=0.618559 shuffled_R2=-0.129513
ALIGN ego[00] partner[03] R2=0.954455 NMSE=0.045545 shuffled_R2=-0.018020
ALIGN ego[00] partner[04] R2=0.954744 NMSE=0.045256 shuffled_R2=-0.017069
ALIGN ego[01] partner[00] R2=0.930138 NMSE=0.069862 shuffled_R2=-0.023789
ALIGN ego[01] partner[01] R2=0.949570 NMSE=0.050430 shuffled_R2=-0.016052
ALIGN ego[01] partner[02] R2=0.914658 NMSE=0.085342 shuffled_R2=-0.018031
ALIGN ego[01] partner[03] R2=0.932407 NMSE=0.067593 shuffled_R2=-0.018167
ALIGN ego[01] partner[04] R2=0.919705 NMSE=0.080295 shuffled_R2=-0.017239
ALIGN ego[02] partner[00] R2=0.944806 NMSE=0.055194 shuffled_R2=-0.015687
ALIGN ego[02] partner[01] R2=0.896419 NMSE=0.103581 shuffled_R2=-0.082098
ALIGN ego[02] partner[02] R2=0.937072 NMSE=0.062928 shuffled_R2=-0.016932
ALIGN ego[02] partner[03] R2=0.955368 NMSE=0.044632 shuffled_R2=-0.017309
ALIGN ego[02] partner[04] R2=0.969386 NMSE=0.030614 shuffled_R2=-0.026543
ALIGN ego[03] partner[00] R2=0.978390 NMSE=0.021610 shuffled_R2=-0.015646
ALIGN ego[03] partner[01] R2=0.972312 NMSE=0.027688 shuffled_R2=-0.017741
ALIGN ego[03] partner[02] R2=0.925544 NMSE=0.074456 shuffled_R2=-0.016212
ALIGN ego[03] partner[03] R2=0.960591 NMSE=0.039409 shuffled_R2=-0.014757
ALIGN ego[03] partner[04] R2=0.959414 NMSE=0.040586 shuffled_R2=-0.014207
ALIGN ego[04] partner[00] R2=0.976387 NMSE=0.023613 shuffled_R2=-0.013541
ALIGN ego[04] partner[01] R2=0.959744 NMSE=0.040256 shuffled_R2=-0.016350
ALIGN ego[04] partner[02] R2=0.952413 NMSE=0.047587 shuffled_R2=-0.015576
ALIGN ego[04] partner[03] R2=0.936455 NMSE=0.063545 shuffled_R2=-0.014583
ALIGN ego[04] partner[04] R2=0.934829 NMSE=0.065171 shuffled_R2=-0.016203
Average ego-to-partner alignment R2: 0.923634 +- 0.022935 SE over 25 ego-partner pairs
Average alignment normalized MSE: 0.076366 +- 0.022935 SE
Average shuffled-control alignment R2: -0.024064 +- 0.005138 SE
Saved alignment results to zsc_results/lmpredV202_gamma0/forced_coord
Evaluating ZSC for method=lmpredV204_gamma0, layout=cramped_room5x5, prefix=checkpoints/lmpredV204_gamma0/, result_name=lmpredV204_gamma0, perspective_transform=true
Importing submoduled environments...
Submoduled environments not found. Skipping import.
LOADED: checkpoints/lmpredV204_gamma0/cramped_room5x5/baseline_seed_0_step_220.msgpack
LOADED: checkpoints/lmpredV204_gamma0/cramped_room5x5/baseline_seed_1_step_220.msgpack
LOADED: checkpoints/lmpredV204_gamma0/cramped_room5x5/baseline_seed_2_step_220.msgpack
LOADED: checkpoints/lmpredV204_gamma0/cramped_room5x5/baseline_seed_3_step_220.msgpack
LOADED: checkpoints/lmpredV204_gamma0/cramped_room5x5/baseline_seed_4_step_220.msgpack
ZSC[00, 00] = 212.884
ZSC[00, 01] = 215.698
ZSC[00, 02] = 227.223
ZSC[00, 03] = 215.908
ZSC[00, 04] = 223.656
ZSC[01, 00] = 215.461
ZSC[01, 01] = 230.105
ZSC[01, 02] = 209.105
ZSC[01, 03] = 212.330
ZSC[01, 04] = 226.383
ZSC[02, 00] = 227.122
ZSC[02, 01] = 207.995
ZSC[02, 02] = 235.383
ZSC[02, 03] = 232.527
ZSC[02, 04] = 237.725
ZSC[03, 00] = 215.967
ZSC[03, 01] = 212.898
ZSC[03, 02] = 232.531
ZSC[03, 03] = 238.562
ZSC[03, 04] = 226.842
ZSC[04, 00] = 223.025
ZSC[04, 01] = 226.142
ZSC[04, 02] = 237.547
ZSC[04, 03] = 226.569
ZSC[04, 04] = 239.634
Average SP performance (diagonal/self-copy): 231.314 +- 4.896 SE over 5 pairs
Average XP performance (off-diagonal/excluding self): 222.633 +- 2.010 SE over 20 ordered pairs
Saved ZSC results to zsc_results/lmpredV204_gamma0/cramped_room5x5
Saved ZSC heatmap to zsc_results/lmpredV204_gamma0/cramped_room5x5/xp_matrix.png
Using alignment rollout scale: ALIGN_PAIR_BATCH_SIZE=1, ALIGN_EVAL_NUM_EPISODES=128, ALIGN_EVAL_NUM_STEPS=400
ALIGN ego[00] partner[00] R2=0.899339 NMSE=0.100661 shuffled_R2=-0.015197
ALIGN ego[00] partner[01] R2=0.899417 NMSE=0.100583 shuffled_R2=-0.015774
ALIGN ego[00] partner[02] R2=0.929101 NMSE=0.070899 shuffled_R2=-0.016175
ALIGN ego[00] partner[03] R2=0.907026 NMSE=0.092974 shuffled_R2=-0.021519
ALIGN ego[00] partner[04] R2=0.846142 NMSE=0.153858 shuffled_R2=-0.034645
ALIGN ego[01] partner[00] R2=0.898349 NMSE=0.101651 shuffled_R2=-0.017657
ALIGN ego[01] partner[01] R2=0.853885 NMSE=0.146115 shuffled_R2=-0.046716
ALIGN ego[01] partner[02] R2=0.926119 NMSE=0.073881 shuffled_R2=-0.020015
ALIGN ego[01] partner[03] R2=0.912221 NMSE=0.087779 shuffled_R2=-0.028588
ALIGN ego[01] partner[04] R2=0.947867 NMSE=0.052133 shuffled_R2=-0.014961
ALIGN ego[02] partner[00] R2=0.906876 NMSE=0.093124 shuffled_R2=-0.021899
ALIGN ego[02] partner[01] R2=0.921206 NMSE=0.078794 shuffled_R2=-0.019104
ALIGN ego[02] partner[02] R2=0.947244 NMSE=0.052756 shuffled_R2=-0.017993
ALIGN ego[02] partner[03] R2=0.909590 NMSE=0.090410 shuffled_R2=-0.021919
ALIGN ego[02] partner[04] R2=0.942030 NMSE=0.057970 shuffled_R2=-0.016758
ALIGN ego[03] partner[00] R2=0.899731 NMSE=0.100269 shuffled_R2=-0.020038
ALIGN ego[03] partner[01] R2=0.792540 NMSE=0.207460 shuffled_R2=-0.045267
ALIGN ego[03] partner[02] R2=0.933114 NMSE=0.066886 shuffled_R2=-0.021249
ALIGN ego[03] partner[03] R2=0.925268 NMSE=0.074732 shuffled_R2=-0.018921
ALIGN ego[03] partner[04] R2=0.902220 NMSE=0.097780 shuffled_R2=-0.021189
ALIGN ego[04] partner[00] R2=0.920222 NMSE=0.079778 shuffled_R2=-0.016916
ALIGN ego[04] partner[01] R2=0.805789 NMSE=0.194211 shuffled_R2=-0.052170
ALIGN ego[04] partner[02] R2=0.936380 NMSE=0.063620 shuffled_R2=-0.020942
ALIGN ego[04] partner[03] R2=0.938086 NMSE=0.061914 shuffled_R2=-0.014348
ALIGN ego[04] partner[04] R2=0.939733 NMSE=0.060267 shuffled_R2=-0.017034
Average ego-to-partner alignment R2: 0.905580 +- 0.008143 SE over 25 ego-partner pairs
Average alignment normalized MSE: 0.094420 +- 0.008143 SE
Average shuffled-control alignment R2: -0.023080 +- 0.002084 SE
Saved alignment results to zsc_results/lmpredV204_gamma0/cramped_room5x5
Evaluating ZSC for method=lmpredV204_gamma0, layout=counter_circuit, prefix=checkpoints/lmpredV204_gamma0/, result_name=lmpredV204_gamma0, perspective_transform=true
Importing submoduled environments...
Submoduled environments not found. Skipping import.
LOADED: checkpoints/lmpredV204_gamma0/counter_circuit/baseline_seed_0_step_380.msgpack
LOADED: checkpoints/lmpredV204_gamma0/counter_circuit/baseline_seed_1_step_380.msgpack
LOADED: checkpoints/lmpredV204_gamma0/counter_circuit/baseline_seed_2_step_380.msgpack
LOADED: checkpoints/lmpredV204_gamma0/counter_circuit/baseline_seed_3_step_380.msgpack
LOADED: checkpoints/lmpredV204_gamma0/counter_circuit/baseline_seed_4_step_380.msgpack
ZSC[00, 00] = 201.750
ZSC[00, 01] = 172.772
ZSC[00, 02] = 167.887
ZSC[00, 03] = 192.531
ZSC[00, 04] = 183.259
ZSC[01, 00] = 171.830
ZSC[01, 01] = 202.545
ZSC[01, 02] = 220.175
ZSC[01, 03] = 206.777
ZSC[01, 04] = 192.778
ZSC[02, 00] = 166.259
ZSC[02, 01] = 220.808
ZSC[02, 02] = 225.780
ZSC[02, 03] = 228.200
ZSC[02, 04] = 187.358
ZSC[03, 00] = 193.553
ZSC[03, 01] = 202.794
ZSC[03, 02] = 228.091
ZSC[03, 03] = 214.506
ZSC[03, 04] = 203.517
ZSC[04, 00] = 172.258
ZSC[04, 01] = 194.175
ZSC[04, 02] = 187.833
ZSC[04, 03] = 207.392
ZSC[04, 04] = 212.506
Average SP performance (diagonal/self-copy): 211.417 +- 4.411 SE over 5 pairs
Average XP performance (off-diagonal/excluding self): 195.012 +- 4.381 SE over 20 ordered pairs
Saved ZSC results to zsc_results/lmpredV204_gamma0/counter_circuit
Saved ZSC heatmap to zsc_results/lmpredV204_gamma0/counter_circuit/xp_matrix.png
Using alignment rollout scale: ALIGN_PAIR_BATCH_SIZE=1, ALIGN_EVAL_NUM_EPISODES=128, ALIGN_EVAL_NUM_STEPS=400
ALIGN ego[00] partner[00] R2=0.771537 NMSE=0.228463 shuffled_R2=-0.018712
ALIGN ego[00] partner[01] R2=0.647516 NMSE=0.352484 shuffled_R2=-0.023344
ALIGN ego[00] partner[02] R2=0.643730 NMSE=0.356270 shuffled_R2=-0.025935
ALIGN ego[00] partner[03] R2=0.758639 NMSE=0.241361 shuffled_R2=-0.016955
ALIGN ego[00] partner[04] R2=0.747223 NMSE=0.252777 shuffled_R2=-0.016425
ALIGN ego[01] partner[00] R2=0.767903 NMSE=0.232097 shuffled_R2=-0.016033
ALIGN ego[01] partner[01] R2=0.745495 NMSE=0.254505 shuffled_R2=-0.019288
ALIGN ego[01] partner[02] R2=0.734743 NMSE=0.265257 shuffled_R2=-0.024640
ALIGN ego[01] partner[03] R2=0.824050 NMSE=0.175950 shuffled_R2=-0.016848
ALIGN ego[01] partner[04] R2=0.732184 NMSE=0.267816 shuffled_R2=-0.021444
ALIGN ego[02] partner[00] R2=0.775872 NMSE=0.224128 shuffled_R2=-0.015075
ALIGN ego[02] partner[01] R2=0.797734 NMSE=0.202266 shuffled_R2=-0.022342
ALIGN ego[02] partner[02] R2=0.916975 NMSE=0.083025 shuffled_R2=-0.015059
ALIGN ego[02] partner[03] R2=0.773076 NMSE=0.226924 shuffled_R2=-0.038227
ALIGN ego[02] partner[04] R2=0.779676 NMSE=0.220324 shuffled_R2=-0.015359
ALIGN ego[03] partner[00] R2=0.776785 NMSE=0.223215 shuffled_R2=-0.016140
ALIGN ego[03] partner[01] R2=0.825036 NMSE=0.174964 shuffled_R2=-0.017009
ALIGN ego[03] partner[02] R2=0.821165 NMSE=0.178835 shuffled_R2=-0.016186
ALIGN ego[03] partner[03] R2=0.742832 NMSE=0.257168 shuffled_R2=-0.025849
ALIGN ego[03] partner[04] R2=0.762102 NMSE=0.237898 shuffled_R2=-0.022429
ALIGN ego[04] partner[00] R2=0.714774 NMSE=0.285226 shuffled_R2=-0.021889
ALIGN ego[04] partner[01] R2=0.708247 NMSE=0.291753 shuffled_R2=-0.022693
ALIGN ego[04] partner[02] R2=0.766055 NMSE=0.233945 shuffled_R2=-0.019119
ALIGN ego[04] partner[03] R2=0.724586 NMSE=0.275414 shuffled_R2=-0.024221
ALIGN ego[04] partner[04] R2=0.783925 NMSE=0.216075 shuffled_R2=-0.024438
Average ego-to-partner alignment R2: 0.761674 +- 0.011121 SE over 25 ego-partner pairs
Average alignment normalized MSE: 0.238326 +- 0.011121 SE
Average shuffled-control alignment R2: -0.020626 +- 0.001037 SE
Saved alignment results to zsc_results/lmpredV204_gamma0/counter_circuit
Evaluating ZSC for method=lmpredV204_gamma0, layout=coord_ring, prefix=checkpoints/lmpredV204_gamma0/, result_name=lmpredV204_gamma0, perspective_transform=true
Importing submoduled environments...
Submoduled environments not found. Skipping import.
LOADED: checkpoints/lmpredV204_gamma0/coord_ring/baseline_seed_0_step_220.msgpack
LOADED: checkpoints/lmpredV204_gamma0/coord_ring/baseline_seed_1_step_220.msgpack
LOADED: checkpoints/lmpredV204_gamma0/coord_ring/baseline_seed_2_step_220.msgpack
LOADED: checkpoints/lmpredV204_gamma0/coord_ring/baseline_seed_3_step_220.msgpack
LOADED: checkpoints/lmpredV204_gamma0/coord_ring/baseline_seed_4_step_220.msgpack
ZSC[00, 00] = 305.352
ZSC[00, 01] = 243.733
ZSC[00, 02] = 217.486
ZSC[00, 03] = 216.658
ZSC[00, 04] = 255.172
ZSC[01, 00] = 245.245
ZSC[01, 01] = 333.833
ZSC[01, 02] = 289.686
ZSC[01, 03] = 89.183
ZSC[01, 04] = 180.461
ZSC[02, 00] = 219.402
ZSC[02, 01] = 290.822
ZSC[02, 02] = 313.145
ZSC[02, 03] = 291.417
ZSC[02, 04] = 72.680
ZSC[03, 00] = 217.062
ZSC[03, 01] = 117.172
ZSC[03, 02] = 291.578
ZSC[03, 03] = 283.825
ZSC[03, 04] = 161.869
ZSC[04, 00] = 255.289
ZSC[04, 01] = 182.269
ZSC[04, 02] = 73.889
ZSC[04, 03] = 161.134
ZSC[04, 04] = 300.111
Average SP performance (diagonal/self-copy): 307.253 +- 8.200 SE over 5 pairs
Average XP performance (off-diagonal/excluding self): 203.610 +- 16.141 SE over 20 ordered pairs
Saved ZSC results to zsc_results/lmpredV204_gamma0/coord_ring
Saved ZSC heatmap to zsc_results/lmpredV204_gamma0/coord_ring/xp_matrix.png
Using alignment rollout scale: ALIGN_PAIR_BATCH_SIZE=1, ALIGN_EVAL_NUM_EPISODES=128, ALIGN_EVAL_NUM_STEPS=400
ALIGN ego[00] partner[00] R2=0.864157 NMSE=0.135843 shuffled_R2=-0.014970
ALIGN ego[00] partner[01] R2=0.857597 NMSE=0.142403 shuffled_R2=-0.015398
ALIGN ego[00] partner[02] R2=0.780611 NMSE=0.219389 shuffled_R2=-0.032736
ALIGN ego[00] partner[03] R2=0.827192 NMSE=0.172808 shuffled_R2=-0.017786
ALIGN ego[00] partner[04] R2=0.865070 NMSE=0.134930 shuffled_R2=-0.026257
ALIGN ego[01] partner[00] R2=0.853116 NMSE=0.146884 shuffled_R2=-0.015950
ALIGN ego[01] partner[01] R2=0.915039 NMSE=0.084961 shuffled_R2=-0.026940
ALIGN ego[01] partner[02] R2=0.836238 NMSE=0.163762 shuffled_R2=-0.021527
ALIGN ego[01] partner[03] R2=0.843746 NMSE=0.156254 shuffled_R2=-0.034581
ALIGN ego[01] partner[04] R2=0.911511 NMSE=0.088489 shuffled_R2=-0.014575
ALIGN ego[02] partner[00] R2=0.873947 NMSE=0.126053 shuffled_R2=-0.015999
ALIGN ego[02] partner[01] R2=0.917155 NMSE=0.082845 shuffled_R2=-0.013290
ALIGN ego[02] partner[02] R2=0.919773 NMSE=0.080227 shuffled_R2=-0.014395
ALIGN ego[02] partner[03] R2=0.876087 NMSE=0.123913 shuffled_R2=-0.019635
ALIGN ego[02] partner[04] R2=0.902170 NMSE=0.097830 shuffled_R2=-0.016829
ALIGN ego[03] partner[00] R2=0.828736 NMSE=0.171264 shuffled_R2=-0.023001
ALIGN ego[03] partner[01] R2=0.875055 NMSE=0.124945 shuffled_R2=-0.034798
ALIGN ego[03] partner[02] R2=0.901601 NMSE=0.098399 shuffled_R2=-0.019165
ALIGN ego[03] partner[03] R2=0.767696 NMSE=0.232304 shuffled_R2=-0.033357
ALIGN ego[03] partner[04] R2=0.859514 NMSE=0.140486 shuffled_R2=-0.016078
ALIGN ego[04] partner[00] R2=0.920678 NMSE=0.079322 shuffled_R2=-0.013549
ALIGN ego[04] partner[01] R2=0.915452 NMSE=0.084548 shuffled_R2=-0.012876
ALIGN ego[04] partner[02] R2=0.904582 NMSE=0.095418 shuffled_R2=-0.015288
ALIGN ego[04] partner[03] R2=0.857946 NMSE=0.142054 shuffled_R2=-0.020998
ALIGN ego[04] partner[04] R2=0.923506 NMSE=0.076494 shuffled_R2=-0.015058
Average ego-to-partner alignment R2: 0.871927 +- 0.008538 SE over 25 ego-partner pairs
Average alignment normalized MSE: 0.128073 +- 0.008538 SE
Average shuffled-control alignment R2: -0.020201 +- 0.001429 SE
Saved alignment results to zsc_results/lmpredV204_gamma0/coord_ring
Evaluating ZSC for method=lmpredV204_gamma0, layout=asymm_advantages, prefix=checkpoints/lmpredV204_gamma0/, result_name=lmpredV204_gamma0, perspective_transform=true
Importing submoduled environments...
Submoduled environments not found. Skipping import.
LOADED: checkpoints/lmpredV204_gamma0/asymm_advantages/baseline_seed_0_step_220.msgpack
LOADED: checkpoints/lmpredV204_gamma0/asymm_advantages/baseline_seed_1_step_220.msgpack
LOADED: checkpoints/lmpredV204_gamma0/asymm_advantages/baseline_seed_2_step_220.msgpack
LOADED: checkpoints/lmpredV204_gamma0/asymm_advantages/baseline_seed_3_step_220.msgpack
LOADED: checkpoints/lmpredV204_gamma0/asymm_advantages/baseline_seed_4_step_220.msgpack
ZSC[00, 00] = 434.584
ZSC[00, 01] = 438.522
ZSC[00, 02] = 366.573
ZSC[00, 03] = 418.280
ZSC[00, 04] = 475.520
ZSC[01, 00] = 434.694
ZSC[01, 01] = 497.056
ZSC[01, 02] = 381.423
ZSC[01, 03] = 432.508
ZSC[01, 04] = 499.695
ZSC[02, 00] = 371.295
ZSC[02, 01] = 246.708
ZSC[02, 02] = 409.163
ZSC[02, 03] = 466.527
ZSC[02, 04] = 391.739
ZSC[03, 00] = 289.617
ZSC[03, 01] = 278.816
ZSC[03, 02] = 391.280
ZSC[03, 03] = 443.734
ZSC[03, 04] = 321.262
ZSC[04, 00] = 436.111
ZSC[04, 01] = 486.438
ZSC[04, 02] = 390.884
ZSC[04, 03] = 436.100
ZSC[04, 04] = 500.000
Average SP performance (diagonal/self-copy): 456.907 +- 17.917 SE over 5 pairs
Average XP performance (off-diagonal/excluding self): 397.700 +- 15.661 SE over 20 ordered pairs
Saved ZSC results to zsc_results/lmpredV204_gamma0/asymm_advantages
Saved ZSC heatmap to zsc_results/lmpredV204_gamma0/asymm_advantages/xp_matrix.png
Using alignment rollout scale: ALIGN_PAIR_BATCH_SIZE=1, ALIGN_EVAL_NUM_EPISODES=128, ALIGN_EVAL_NUM_STEPS=400
ALIGN ego[00] partner[00] R2=0.814007 NMSE=0.185993 shuffled_R2=-0.033685
ALIGN ego[00] partner[01] R2=0.936831 NMSE=0.063169 shuffled_R2=-0.015951
ALIGN ego[00] partner[02] R2=0.746193 NMSE=0.253807 shuffled_R2=-0.026378
ALIGN ego[00] partner[03] R2=0.895848 NMSE=0.104152 shuffled_R2=-0.016011
ALIGN ego[00] partner[04] R2=0.952498 NMSE=0.047502 shuffled_R2=-0.017004
ALIGN ego[01] partner[00] R2=0.944868 NMSE=0.055132 shuffled_R2=-0.019394
ALIGN ego[01] partner[01] R2=0.893158 NMSE=0.106842 shuffled_R2=-0.036734
ALIGN ego[01] partner[02] R2=0.815185 NMSE=0.184815 shuffled_R2=-0.033534
ALIGN ego[01] partner[03] R2=0.921373 NMSE=0.078627 shuffled_R2=-0.017544
ALIGN ego[01] partner[04] R2=0.959527 NMSE=0.040473 shuffled_R2=-0.017867
ALIGN ego[02] partner[00] R2=0.839057 NMSE=0.160943 shuffled_R2=-0.016017
ALIGN ego[02] partner[01] R2=0.915162 NMSE=0.084838 shuffled_R2=-0.018721
ALIGN ego[02] partner[02] R2=0.802319 NMSE=0.197681 shuffled_R2=-0.025297
ALIGN ego[02] partner[03] R2=0.911186 NMSE=0.088814 shuffled_R2=-0.016990
ALIGN ego[02] partner[04] R2=0.915555 NMSE=0.084445 shuffled_R2=-0.017766
ALIGN ego[03] partner[00] R2=0.825571 NMSE=0.174429 shuffled_R2=-0.019702
ALIGN ego[03] partner[01] R2=0.892769 NMSE=0.107231 shuffled_R2=-0.016952
ALIGN ego[03] partner[02] R2=0.694549 NMSE=0.305451 shuffled_R2=-0.045138
ALIGN ego[03] partner[03] R2=0.903197 NMSE=0.096803 shuffled_R2=-0.021822
ALIGN ego[03] partner[04] R2=0.922840 NMSE=0.077160 shuffled_R2=-0.017584
ALIGN ego[04] partner[00] R2=0.838428 NMSE=0.161572 shuffled_R2=-0.028106
ALIGN ego[04] partner[01] R2=0.927512 NMSE=0.072488 shuffled_R2=-0.018199
ALIGN ego[04] partner[02] R2=0.690427 NMSE=0.309573 shuffled_R2=-0.070646
ALIGN ego[04] partner[03] R2=0.894832 NMSE=0.105168 shuffled_R2=-0.015858
ALIGN ego[04] partner[04] R2=0.946798 NMSE=0.053202 shuffled_R2=-0.020198
Average ego-to-partner alignment R2: 0.871988 +- 0.015367 SE over 25 ego-partner pairs
Average alignment normalized MSE: 0.128012 +- 0.015367 SE
Average shuffled-control alignment R2: -0.024124 +- 0.002476 SE
Saved alignment results to zsc_results/lmpredV204_gamma0/asymm_advantages
Evaluating ZSC for method=lmpredV204_gamma0, layout=forced_coord, prefix=checkpoints/lmpredV204_gamma0/, result_name=lmpredV204_gamma0, perspective_transform=true
Importing submoduled environments...
Submoduled environments not found. Skipping import.
LOADED: checkpoints/lmpredV204_gamma0/forced_coord/baseline_seed_0_step_220.msgpack
LOADED: checkpoints/lmpredV204_gamma0/forced_coord/baseline_seed_1_step_220.msgpack
LOADED: checkpoints/lmpredV204_gamma0/forced_coord/baseline_seed_2_step_220.msgpack
LOADED: checkpoints/lmpredV204_gamma0/forced_coord/baseline_seed_3_step_220.msgpack
LOADED: checkpoints/lmpredV204_gamma0/forced_coord/baseline_seed_4_step_220.msgpack
ZSC[00, 00] = 317.913
ZSC[00, 01] = 38.492
ZSC[00, 02] = 275.494
ZSC[00, 03] = 317.337
ZSC[00, 04] = 198.208
ZSC[01, 00] = 299.837
ZSC[01, 01] = 301.939
ZSC[01, 02] = 263.350
ZSC[01, 03] = 270.067
ZSC[01, 04] = 280.711
ZSC[02, 00] = 224.056
ZSC[02, 01] = 175.416
ZSC[02, 02] = 305.875
ZSC[02, 03] = 240.195
ZSC[02, 04] = 86.644
ZSC[03, 00] = 312.597
ZSC[03, 01] = 298.581
ZSC[03, 02] = 257.181
ZSC[03, 03] = 305.444
ZSC[03, 04] = 211.777
ZSC[04, 00] = 230.131
ZSC[04, 01] = 230.067
ZSC[04, 02] = 296.725
ZSC[04, 03] = 231.081
ZSC[04, 04] = 292.622
Average SP performance (diagonal/self-copy): 304.758 +- 4.062 SE over 5 pairs
Average XP performance (off-diagonal/excluding self): 236.897 +- 16.003 SE over 20 ordered pairs
Saved ZSC results to zsc_results/lmpredV204_gamma0/forced_coord
Saved ZSC heatmap to zsc_results/lmpredV204_gamma0/forced_coord/xp_matrix.png
Using alignment rollout scale: ALIGN_PAIR_BATCH_SIZE=1, ALIGN_EVAL_NUM_EPISODES=128, ALIGN_EVAL_NUM_STEPS=400
ALIGN ego[00] partner[00] R2=0.904248 NMSE=0.095752 shuffled_R2=-0.021315
ALIGN ego[00] partner[01] R2=0.944831 NMSE=0.055169 shuffled_R2=-0.018599
ALIGN ego[00] partner[02] R2=0.963574 NMSE=0.036426 shuffled_R2=-0.013915
ALIGN ego[00] partner[03] R2=0.913493 NMSE=0.086507 shuffled_R2=-0.017169
ALIGN ego[00] partner[04] R2=0.860507 NMSE=0.139493 shuffled_R2=-0.019081
ALIGN ego[01] partner[00] R2=0.912898 NMSE=0.087102 shuffled_R2=-0.020243
ALIGN ego[01] partner[01] R2=0.928162 NMSE=0.071838 shuffled_R2=-0.016968
ALIGN ego[01] partner[02] R2=0.950900 NMSE=0.049100 shuffled_R2=-0.017854
ALIGN ego[01] partner[03] R2=0.907461 NMSE=0.092539 shuffled_R2=-0.014455
ALIGN ego[01] partner[04] R2=0.957292 NMSE=0.042708 shuffled_R2=-0.020073
ALIGN ego[02] partner[00] R2=0.926174 NMSE=0.073826 shuffled_R2=-0.018591
ALIGN ego[02] partner[01] R2=0.938630 NMSE=0.061370 shuffled_R2=-0.015656
ALIGN ego[02] partner[02] R2=0.957420 NMSE=0.042580 shuffled_R2=-0.014682
ALIGN ego[02] partner[03] R2=0.912427 NMSE=0.087573 shuffled_R2=-0.014197
ALIGN ego[02] partner[04] R2=0.962914 NMSE=0.037086 shuffled_R2=-0.015819
ALIGN ego[03] partner[00] R2=0.915380 NMSE=0.084620 shuffled_R2=-0.015669
ALIGN ego[03] partner[01] R2=0.954226 NMSE=0.045774 shuffled_R2=-0.016223
ALIGN ego[03] partner[02] R2=0.949692 NMSE=0.050308 shuffled_R2=-0.019888
ALIGN ego[03] partner[03] R2=0.899386 NMSE=0.100614 shuffled_R2=-0.015556
ALIGN ego[03] partner[04] R2=0.937859 NMSE=0.062141 shuffled_R2=-0.016215
ALIGN ego[04] partner[00] R2=0.955345 NMSE=0.044655 shuffled_R2=-0.013189
ALIGN ego[04] partner[01] R2=0.919510 NMSE=0.080490 shuffled_R2=-0.017230
ALIGN ego[04] partner[02] R2=0.964354 NMSE=0.035646 shuffled_R2=-0.014420
ALIGN ego[04] partner[03] R2=0.928363 NMSE=0.071637 shuffled_R2=-0.015698
ALIGN ego[04] partner[04] R2=0.951638 NMSE=0.048362 shuffled_R2=-0.016204
Average ego-to-partner alignment R2: 0.932667 +- 0.005122 SE over 25 ego-partner pairs
Average alignment normalized MSE: 0.067333 +- 0.005122 SE
Average shuffled-control alignment R2: -0.016756 +- 0.000441 SE
Saved alignment results to zsc_results/lmpredV204_gamma0/forced_coord
Evaluating ZSC for method=lmpredV202_gamma0_ablate, layout=cramped_room5x5, prefix=checkpoints/lmpredV202_gamma0_ablate/, result_name=lmpredV202_gamma0_ablate, perspective_transform=false
Importing submoduled environments...
Submoduled environments not found. Skipping import.
LOADED: checkpoints/lmpredV202_gamma0_ablate/cramped_room5x5/baseline_seed_0_step_220.msgpack
LOADED: checkpoints/lmpredV202_gamma0_ablate/cramped_room5x5/baseline_seed_1_step_220.msgpack
LOADED: checkpoints/lmpredV202_gamma0_ablate/cramped_room5x5/baseline_seed_2_step_220.msgpack
LOADED: checkpoints/lmpredV202_gamma0_ablate/cramped_room5x5/baseline_seed_3_step_220.msgpack
LOADED: checkpoints/lmpredV202_gamma0_ablate/cramped_room5x5/baseline_seed_4_step_220.msgpack
ZSC[00, 00] = 208.848
ZSC[00, 01] = 193.419
ZSC[00, 02] = 209.500
ZSC[00, 03] = 198.448
ZSC[00, 04] = 198.397
ZSC[01, 00] = 193.062
ZSC[01, 01] = 189.005
ZSC[01, 02] = 231.152
ZSC[01, 03] = 228.800
ZSC[01, 04] = 192.438
ZSC[02, 00] = 209.683
ZSC[02, 01] = 230.241
ZSC[02, 02] = 238.577
ZSC[02, 03] = 218.816
ZSC[02, 04] = 184.017
ZSC[03, 00] = 198.014
ZSC[03, 01] = 228.539
ZSC[03, 02] = 219.130
ZSC[03, 03] = 236.612
ZSC[03, 04] = 182.827
ZSC[04, 00] = 198.172
ZSC[04, 01] = 193.608
ZSC[04, 02] = 183.016
ZSC[04, 03] = 183.375
ZSC[04, 04] = 202.084
Average SP performance (diagonal/self-copy): 215.025 +- 9.755 SE over 5 pairs
Average XP performance (off-diagonal/excluding self): 203.733 +- 3.794 SE over 20 ordered pairs
Saved ZSC results to zsc_results/lmpredV202_gamma0_ablate/cramped_room5x5
Saved ZSC heatmap to zsc_results/lmpredV202_gamma0_ablate/cramped_room5x5/xp_matrix.png
Using alignment rollout scale: ALIGN_PAIR_BATCH_SIZE=1, ALIGN_EVAL_NUM_EPISODES=128, ALIGN_EVAL_NUM_STEPS=400
ALIGN ego[00] partner[00] R2=0.898728 NMSE=0.101272 shuffled_R2=-0.016912
ALIGN ego[00] partner[01] R2=0.828068 NMSE=0.171932 shuffled_R2=-0.039006
ALIGN ego[00] partner[02] R2=0.892497 NMSE=0.107503 shuffled_R2=-0.018191
ALIGN ego[00] partner[03] R2=0.945469 NMSE=0.054531 shuffled_R2=-0.016692
ALIGN ego[00] partner[04] R2=0.493082 NMSE=0.506918 shuffled_R2=-0.116301
ALIGN ego[01] partner[00] R2=0.851971 NMSE=0.148029 shuffled_R2=-0.030696
ALIGN ego[01] partner[01] R2=0.936479 NMSE=0.063521 shuffled_R2=-0.017068
ALIGN ego[01] partner[02] R2=0.929527 NMSE=0.070473 shuffled_R2=-0.016258
ALIGN ego[01] partner[03] R2=0.952448 NMSE=0.047552 shuffled_R2=-0.020132
ALIGN ego[01] partner[04] R2=0.944693 NMSE=0.055307 shuffled_R2=-0.024739
ALIGN ego[02] partner[00] R2=0.915544 NMSE=0.084456 shuffled_R2=-0.015368
ALIGN ego[02] partner[01] R2=0.932269 NMSE=0.067731 shuffled_R2=-0.014987
ALIGN ego[02] partner[02] R2=0.913293 NMSE=0.086707 shuffled_R2=-0.015393
ALIGN ego[02] partner[03] R2=0.957699 NMSE=0.042301 shuffled_R2=-0.017552
ALIGN ego[02] partner[04] R2=0.952438 NMSE=0.047562 shuffled_R2=-0.021093
ALIGN ego[03] partner[00] R2=0.919350 NMSE=0.080650 shuffled_R2=-0.020663
ALIGN ego[03] partner[01] R2=0.942555 NMSE=0.057445 shuffled_R2=-0.019184
ALIGN ego[03] partner[02] R2=0.926653 NMSE=0.073347 shuffled_R2=-0.023423
ALIGN ego[03] partner[03] R2=0.960936 NMSE=0.039064 shuffled_R2=-0.015515
ALIGN ego[03] partner[04] R2=0.895318 NMSE=0.104682 shuffled_R2=-0.032192
ALIGN ego[04] partner[00] R2=0.924945 NMSE=0.075055 shuffled_R2=-0.014208
ALIGN ego[04] partner[01] R2=0.812690 NMSE=0.187310 shuffled_R2=-0.075694
ALIGN ego[04] partner[02] R2=0.912385 NMSE=0.087615 shuffled_R2=-0.035575
ALIGN ego[04] partner[03] R2=0.878241 NMSE=0.121759 shuffled_R2=-0.054840
ALIGN ego[04] partner[04] R2=0.962746 NMSE=0.037254 shuffled_R2=-0.016565
Average ego-to-partner alignment R2: 0.899201 +- 0.018668 SE over 25 ego-partner pairs
Average alignment normalized MSE: 0.100799 +- 0.018668 SE
Average shuffled-control alignment R2: -0.028330 +- 0.004645 SE
Saved alignment results to zsc_results/lmpredV202_gamma0_ablate/cramped_room5x5
Evaluating ZSC for method=lmpredV202_gamma0_ablate, layout=counter_circuit, prefix=checkpoints/lmpredV202_gamma0_ablate/, result_name=lmpredV202_gamma0_ablate, perspective_transform=false
Importing submoduled environments...
Submoduled environments not found. Skipping import.
LOADED: checkpoints/lmpredV202_gamma0_ablate/counter_circuit/baseline_seed_0_step_380.msgpack
LOADED: checkpoints/lmpredV202_gamma0_ablate/counter_circuit/baseline_seed_1_step_380.msgpack
LOADED: checkpoints/lmpredV202_gamma0_ablate/counter_circuit/baseline_seed_2_step_380.msgpack
LOADED: checkpoints/lmpredV202_gamma0_ablate/counter_circuit/baseline_seed_3_step_380.msgpack
LOADED: checkpoints/lmpredV202_gamma0_ablate/counter_circuit/baseline_seed_4_step_380.msgpack
ZSC[00, 00] = 178.802
ZSC[00, 01] = 192.037
ZSC[00, 02] = 210.542
ZSC[00, 03] = 168.070
ZSC[00, 04] = 164.155
ZSC[01, 00] = 192.228
ZSC[01, 01] = 266.562
ZSC[01, 02] = 192.908
ZSC[01, 03] = 177.052
ZSC[01, 04] = 152.645
ZSC[02, 00] = 210.711
ZSC[02, 01] = 192.912
ZSC[02, 02] = 210.594
ZSC[02, 03] = 176.820
ZSC[02, 04] = 175.325
ZSC[03, 00] = 168.242
ZSC[03, 01] = 176.686
ZSC[03, 02] = 176.703
ZSC[03, 03] = 166.908
ZSC[03, 04] = 153.806
ZSC[04, 00] = 163.837
ZSC[04, 01] = 153.484
ZSC[04, 02] = 175.558
ZSC[04, 03] = 153.773
ZSC[04, 04] = 155.933
Average SP performance (diagonal/self-copy): 195.760 +- 19.924 SE over 5 pairs
Average XP performance (off-diagonal/excluding self): 176.375 +- 3.954 SE over 20 ordered pairs
Saved ZSC results to zsc_results/lmpredV202_gamma0_ablate/counter_circuit
Saved ZSC heatmap to zsc_results/lmpredV202_gamma0_ablate/counter_circuit/xp_matrix.png
Using alignment rollout scale: ALIGN_PAIR_BATCH_SIZE=1, ALIGN_EVAL_NUM_EPISODES=128, ALIGN_EVAL_NUM_STEPS=400
ALIGN ego[00] partner[00] R2=0.831070 NMSE=0.168930 shuffled_R2=-0.016314
ALIGN ego[00] partner[01] R2=0.736582 NMSE=0.263418 shuffled_R2=-0.017683
ALIGN ego[00] partner[02] R2=0.826894 NMSE=0.173106 shuffled_R2=-0.014221
ALIGN ego[00] partner[03] R2=0.814342 NMSE=0.185658 shuffled_R2=-0.017825
ALIGN ego[00] partner[04] R2=0.846042 NMSE=0.153958 shuffled_R2=-0.014527
ALIGN ego[01] partner[00] R2=0.721042 NMSE=0.278958 shuffled_R2=-0.025518
ALIGN ego[01] partner[01] R2=0.799787 NMSE=0.200213 shuffled_R2=-0.023577
ALIGN ego[01] partner[02] R2=0.855188 NMSE=0.144812 shuffled_R2=-0.013420
ALIGN ego[01] partner[03] R2=0.750264 NMSE=0.249736 shuffled_R2=-0.021318
ALIGN ego[01] partner[04] R2=0.766144 NMSE=0.233856 shuffled_R2=-0.019166
ALIGN ego[02] partner[00] R2=0.823975 NMSE=0.176025 shuffled_R2=-0.014678
ALIGN ego[02] partner[01] R2=0.792466 NMSE=0.207534 shuffled_R2=-0.018067
ALIGN ego[02] partner[02] R2=0.824209 NMSE=0.175791 shuffled_R2=-0.020535
ALIGN ego[02] partner[03] R2=0.789797 NMSE=0.210203 shuffled_R2=-0.019912
ALIGN ego[02] partner[04] R2=0.824273 NMSE=0.175727 shuffled_R2=-0.016726
ALIGN ego[03] partner[00] R2=0.821634 NMSE=0.178366 shuffled_R2=-0.020641
ALIGN ego[03] partner[01] R2=0.802844 NMSE=0.197156 shuffled_R2=-0.016047
ALIGN ego[03] partner[02] R2=0.781869 NMSE=0.218131 shuffled_R2=-0.022438
ALIGN ego[03] partner[03] R2=0.782327 NMSE=0.217673 shuffled_R2=-0.019821
ALIGN ego[03] partner[04] R2=0.812642 NMSE=0.187358 shuffled_R2=-0.016637
ALIGN ego[04] partner[00] R2=0.814348 NMSE=0.185652 shuffled_R2=-0.019350
ALIGN ego[04] partner[01] R2=0.706838 NMSE=0.293162 shuffled_R2=-0.018709
ALIGN ego[04] partner[02] R2=0.689213 NMSE=0.310787 shuffled_R2=-0.033324
ALIGN ego[04] partner[03] R2=0.757640 NMSE=0.242360 shuffled_R2=-0.020571
ALIGN ego[04] partner[04] R2=0.852359 NMSE=0.147641 shuffled_R2=-0.015780
Average ego-to-partner alignment R2: 0.792951 +- 0.008998 SE over 25 ego-partner pairs
Average alignment normalized MSE: 0.207049 +- 0.008998 SE
Average shuffled-control alignment R2: -0.019072 +- 0.000845 SE
Saved alignment results to zsc_results/lmpredV202_gamma0_ablate/counter_circuit
Evaluating ZSC for method=lmpredV202_gamma0_ablate, layout=coord_ring, prefix=checkpoints/lmpredV202_gamma0_ablate/, result_name=lmpredV202_gamma0_ablate, perspective_transform=false
Importing submoduled environments...
Submoduled environments not found. Skipping import.
LOADED: checkpoints/lmpredV202_gamma0_ablate/coord_ring/baseline_seed_0_step_220.msgpack
LOADED: checkpoints/lmpredV202_gamma0_ablate/coord_ring/baseline_seed_1_step_220.msgpack
LOADED: checkpoints/lmpredV202_gamma0_ablate/coord_ring/baseline_seed_2_step_220.msgpack
LOADED: checkpoints/lmpredV202_gamma0_ablate/coord_ring/baseline_seed_3_step_220.msgpack
LOADED: checkpoints/lmpredV202_gamma0_ablate/coord_ring/baseline_seed_4_step_220.msgpack
ZSC[00, 00] = 307.784
ZSC[00, 01] = 192.636
ZSC[00, 02] = 284.397
ZSC[00, 03] = 292.134
ZSC[00, 04] = 223.247
ZSC[01, 00] = 191.233
ZSC[01, 01] = 301.789
ZSC[01, 02] = 247.698
ZSC[01, 03] = 308.112
ZSC[01, 04] = 258.420
ZSC[02, 00] = 284.964
ZSC[02, 01] = 247.816
ZSC[02, 02] = 287.570
ZSC[02, 03] = 287.328
ZSC[02, 04] = 255.125
ZSC[03, 00] = 292.069
ZSC[03, 01] = 308.600
ZSC[03, 02] = 287.181
ZSC[03, 03] = 336.914
ZSC[03, 04] = 277.836
ZSC[04, 00] = 225.392
ZSC[04, 01] = 258.237
ZSC[04, 02] = 256.420
ZSC[04, 03] = 278.003
ZSC[04, 04] = 278.259
Average SP performance (diagonal/self-copy): 302.463 +- 10.058 SE over 5 pairs
Average XP performance (off-diagonal/excluding self): 262.842 +- 7.623 SE over 20 ordered pairs
Saved ZSC results to zsc_results/lmpredV202_gamma0_ablate/coord_ring
Saved ZSC heatmap to zsc_results/lmpredV202_gamma0_ablate/coord_ring/xp_matrix.png
Using alignment rollout scale: ALIGN_PAIR_BATCH_SIZE=1, ALIGN_EVAL_NUM_EPISODES=128, ALIGN_EVAL_NUM_STEPS=400
ALIGN ego[00] partner[00] R2=0.911904 NMSE=0.088096 shuffled_R2=-0.018590
ALIGN ego[00] partner[01] R2=0.784747 NMSE=0.215253 shuffled_R2=-0.025275
ALIGN ego[00] partner[02] R2=0.862476 NMSE=0.137524 shuffled_R2=-0.018346
ALIGN ego[00] partner[03] R2=0.908934 NMSE=0.091066 shuffled_R2=-0.014996
ALIGN ego[00] partner[04] R2=0.882070 NMSE=0.117930 shuffled_R2=-0.019709
ALIGN ego[01] partner[00] R2=0.666237 NMSE=0.333763 shuffled_R2=-0.035279
ALIGN ego[01] partner[01] R2=0.874329 NMSE=0.125671 shuffled_R2=-0.017062
ALIGN ego[01] partner[02] R2=0.883198 NMSE=0.116802 shuffled_R2=-0.015700
ALIGN ego[01] partner[03] R2=0.908612 NMSE=0.091388 shuffled_R2=-0.013435
ALIGN ego[01] partner[04] R2=0.882961 NMSE=0.117039 shuffled_R2=-0.016267
ALIGN ego[02] partner[00] R2=0.828762 NMSE=0.171238 shuffled_R2=-0.025217
ALIGN ego[02] partner[01] R2=0.847686 NMSE=0.152314 shuffled_R2=-0.019450
ALIGN ego[02] partner[02] R2=0.900431 NMSE=0.099569 shuffled_R2=-0.013556
ALIGN ego[02] partner[03] R2=0.848378 NMSE=0.151622 shuffled_R2=-0.016318
ALIGN ego[02] partner[04] R2=0.881027 NMSE=0.118973 shuffled_R2=-0.014361
ALIGN ego[03] partner[00] R2=0.781967 NMSE=0.218033 shuffled_R2=-0.037404
ALIGN ego[03] partner[01] R2=0.891492 NMSE=0.108508 shuffled_R2=-0.016903
ALIGN ego[03] partner[02] R2=0.821899 NMSE=0.178101 shuffled_R2=-0.020637
ALIGN ego[03] partner[03] R2=0.929998 NMSE=0.070002 shuffled_R2=-0.015187
ALIGN ego[03] partner[04] R2=0.836192 NMSE=0.163808 shuffled_R2=-0.018589
ALIGN ego[04] partner[00] R2=0.831107 NMSE=0.168893 shuffled_R2=-0.038229
ALIGN ego[04] partner[01] R2=0.860506 NMSE=0.139494 shuffled_R2=-0.015365
ALIGN ego[04] partner[02] R2=0.453711 NMSE=0.546289 shuffled_R2=-0.282007
ALIGN ego[04] partner[03] R2=0.825664 NMSE=0.174336 shuffled_R2=-0.020385
ALIGN ego[04] partner[04] R2=0.798025 NMSE=0.201975 shuffled_R2=-0.023938
Average ego-to-partner alignment R2: 0.836093 +- 0.019425 SE over 25 ego-partner pairs
Average alignment normalized MSE: 0.163907 +- 0.019425 SE
Average shuffled-control alignment R2: -0.030888 +- 0.010558 SE
Saved alignment results to zsc_results/lmpredV202_gamma0_ablate/coord_ring
Evaluating ZSC for method=lmpredV202_gamma0_ablate, layout=asymm_advantages, prefix=checkpoints/lmpredV202_gamma0_ablate/, result_name=lmpredV202_gamma0_ablate, perspective_transform=false
Importing submoduled environments...
Submoduled environments not found. Skipping import.
LOADED: checkpoints/lmpredV202_gamma0_ablate/asymm_advantages/baseline_seed_0_step_220.msgpack
LOADED: checkpoints/lmpredV202_gamma0_ablate/asymm_advantages/baseline_seed_1_step_220.msgpack
LOADED: checkpoints/lmpredV202_gamma0_ablate/asymm_advantages/baseline_seed_2_step_220.msgpack
LOADED: checkpoints/lmpredV202_gamma0_ablate/asymm_advantages/baseline_seed_3_step_220.msgpack
LOADED: checkpoints/lmpredV202_gamma0_ablate/asymm_advantages/baseline_seed_4_step_220.msgpack
ZSC[00, 00] = 463.631
ZSC[00, 01] = 494.964
ZSC[00, 02] = 463.012
ZSC[00, 03] = 439.375
ZSC[00, 04] = 486.666
ZSC[01, 00] = 452.594
ZSC[01, 01] = 494.952
ZSC[01, 02] = 442.112
ZSC[01, 03] = 434.767
ZSC[01, 04] = 428.917
ZSC[02, 00] = 471.652
ZSC[02, 01] = 496.484
ZSC[02, 02] = 492.858
ZSC[02, 03] = 457.655
ZSC[02, 04] = 494.283
ZSC[03, 00] = 440.487
ZSC[03, 01] = 474.106
ZSC[03, 02] = 424.619
ZSC[03, 03] = 430.983
ZSC[03, 04] = 448.894
ZSC[04, 00] = 448.261
ZSC[04, 01] = 488.184
ZSC[04, 02] = 462.562
ZSC[04, 03] = 439.028
ZSC[04, 04] = 455.028
Average SP performance (diagonal/self-copy): 467.490 +- 12.043 SE over 5 pairs
Average XP performance (off-diagonal/excluding self): 459.431 +- 5.211 SE over 20 ordered pairs
Saved ZSC results to zsc_results/lmpredV202_gamma0_ablate/asymm_advantages
Saved ZSC heatmap to zsc_results/lmpredV202_gamma0_ablate/asymm_advantages/xp_matrix.png
Using alignment rollout scale: ALIGN_PAIR_BATCH_SIZE=1, ALIGN_EVAL_NUM_EPISODES=128, ALIGN_EVAL_NUM_STEPS=400
ALIGN ego[00] partner[00] R2=0.940858 NMSE=0.059142 shuffled_R2=-0.016548
ALIGN ego[00] partner[01] R2=0.959310 NMSE=0.040690 shuffled_R2=-0.015278
ALIGN ego[00] partner[02] R2=0.964658 NMSE=0.035342 shuffled_R2=-0.016290
ALIGN ego[00] partner[03] R2=0.930235 NMSE=0.069765 shuffled_R2=-0.018325
ALIGN ego[00] partner[04] R2=0.955540 NMSE=0.044460 shuffled_R2=-0.017004
ALIGN ego[01] partner[00] R2=0.891685 NMSE=0.108315 shuffled_R2=-0.071645
ALIGN ego[01] partner[01] R2=0.931343 NMSE=0.068657 shuffled_R2=-0.032019
ALIGN ego[01] partner[02] R2=0.965622 NMSE=0.034378 shuffled_R2=-0.014961
ALIGN ego[01] partner[03] R2=0.913343 NMSE=0.086657 shuffled_R2=-0.017717
ALIGN ego[01] partner[04] R2=0.953045 NMSE=0.046955 shuffled_R2=-0.021211
ALIGN ego[02] partner[00] R2=0.911255 NMSE=0.088745 shuffled_R2=-0.014125
ALIGN ego[02] partner[01] R2=0.925186 NMSE=0.074814 shuffled_R2=-0.018586
ALIGN ego[02] partner[02] R2=0.924278 NMSE=0.075722 shuffled_R2=-0.019856
ALIGN ego[02] partner[03] R2=0.884425 NMSE=0.115575 shuffled_R2=-0.017027
ALIGN ego[02] partner[04] R2=0.919230 NMSE=0.080770 shuffled_R2=-0.017505
ALIGN ego[03] partner[00] R2=0.877701 NMSE=0.122299 shuffled_R2=-0.019619
ALIGN ego[03] partner[01] R2=0.883356 NMSE=0.116644 shuffled_R2=-0.019110
ALIGN ego[03] partner[02] R2=0.939867 NMSE=0.060133 shuffled_R2=-0.022448
ALIGN ego[03] partner[03] R2=0.849028 NMSE=0.150972 shuffled_R2=-0.021359
ALIGN ego[03] partner[04] R2=0.903075 NMSE=0.096925 shuffled_R2=-0.020053
ALIGN ego[04] partner[00] R2=0.785454 NMSE=0.214546 shuffled_R2=-0.122219
ALIGN ego[04] partner[01] R2=0.953427 NMSE=0.046573 shuffled_R2=-0.016993
ALIGN ego[04] partner[02] R2=0.934653 NMSE=0.065347 shuffled_R2=-0.024043
ALIGN ego[04] partner[03] R2=0.913134 NMSE=0.086866 shuffled_R2=-0.023511
ALIGN ego[04] partner[04] R2=0.944942 NMSE=0.055058 shuffled_R2=-0.018920
Average ego-to-partner alignment R2: 0.918186 +- 0.008139 SE over 25 ego-partner pairs
Average alignment normalized MSE: 0.081814 +- 0.008139 SE
Average shuffled-control alignment R2: -0.025455 +- 0.004602 SE
Saved alignment results to zsc_results/lmpredV202_gamma0_ablate/asymm_advantages
Evaluating ZSC for method=lmpredV202_gamma0_ablate, layout=forced_coord, prefix=checkpoints/lmpredV202_gamma0_ablate/, result_name=lmpredV202_gamma0_ablate, perspective_transform=false
Importing submoduled environments...
Submoduled environments not found. Skipping import.
LOADED: checkpoints/lmpredV202_gamma0_ablate/forced_coord/baseline_seed_0_step_220.msgpack
LOADED: checkpoints/lmpredV202_gamma0_ablate/forced_coord/baseline_seed_1_step_220.msgpack
LOADED: checkpoints/lmpredV202_gamma0_ablate/forced_coord/baseline_seed_2_step_220.msgpack
LOADED: checkpoints/lmpredV202_gamma0_ablate/forced_coord/baseline_seed_3_step_220.msgpack
LOADED: checkpoints/lmpredV202_gamma0_ablate/forced_coord/baseline_seed_4_step_220.msgpack
ZSC[00, 00] = 320.295
ZSC[00, 01] = 303.711
ZSC[00, 02] = 266.402
ZSC[00, 03] = 218.820
ZSC[00, 04] = 277.556
ZSC[01, 00] = 281.767
ZSC[01, 01] = 278.008
ZSC[01, 02] = 40.778
ZSC[01, 03] = 243.953
ZSC[01, 04] = 255.222
ZSC[02, 00] = 112.428
ZSC[02, 01] = 3.230
ZSC[02, 02] = 300.834
ZSC[02, 03] = 6.792
ZSC[02, 04] = 298.677
ZSC[03, 00] = 0.644
ZSC[03, 01] = 76.048
ZSC[03, 02] = 1.150
ZSC[03, 03] = 272.373
ZSC[03, 04] = 32.287
ZSC[04, 00] = 170.761
ZSC[04, 01] = 146.859
ZSC[04, 02] = 266.977
ZSC[04, 03] = 228.245
ZSC[04, 04] = 304.981
Average SP performance (diagonal/self-copy): 295.298 +- 8.871 SE over 5 pairs
Average XP performance (off-diagonal/excluding self): 161.615 +- 25.868 SE over 20 ordered pairs
Saved ZSC results to zsc_results/lmpredV202_gamma0_ablate/forced_coord
Saved ZSC heatmap to zsc_results/lmpredV202_gamma0_ablate/forced_coord/xp_matrix.png
Using alignment rollout scale: ALIGN_PAIR_BATCH_SIZE=1, ALIGN_EVAL_NUM_EPISODES=128, ALIGN_EVAL_NUM_STEPS=400
ALIGN ego[00] partner[00] R2=0.940295 NMSE=0.059705 shuffled_R2=-0.016589
ALIGN ego[00] partner[01] R2=0.961056 NMSE=0.038944 shuffled_R2=-0.015617
ALIGN ego[00] partner[02] R2=0.953234 NMSE=0.046766 shuffled_R2=-0.014450
ALIGN ego[00] partner[03] R2=0.955289 NMSE=0.044711 shuffled_R2=-0.017538
ALIGN ego[00] partner[04] R2=0.968371 NMSE=0.031629 shuffled_R2=-0.014133
ALIGN ego[01] partner[00] R2=0.840713 NMSE=0.159287 shuffled_R2=-0.025149
ALIGN ego[01] partner[01] R2=0.949346 NMSE=0.050654 shuffled_R2=-0.014836
ALIGN ego[01] partner[02] R2=0.934873 NMSE=0.065127 shuffled_R2=-0.021641
ALIGN ego[01] partner[03] R2=0.878450 NMSE=0.121550 shuffled_R2=-0.023285
ALIGN ego[01] partner[04] R2=0.949353 NMSE=0.050647 shuffled_R2=-0.016515
ALIGN ego[02] partner[00] R2=0.907435 NMSE=0.092565 shuffled_R2=-0.016272
ALIGN ego[02] partner[01] R2=0.938790 NMSE=0.061210 shuffled_R2=-0.014000
ALIGN ego[02] partner[02] R2=0.914344 NMSE=0.085656 shuffled_R2=-0.015533
ALIGN ego[02] partner[03] R2=0.955269 NMSE=0.044731 shuffled_R2=-0.020348
ALIGN ego[02] partner[04] R2=0.958870 NMSE=0.041130 shuffled_R2=-0.015290
ALIGN ego[03] partner[00] R2=0.958464 NMSE=0.041536 shuffled_R2=-0.020845
ALIGN ego[03] partner[01] R2=0.924306 NMSE=0.075694 shuffled_R2=-0.018269
ALIGN ego[03] partner[02] R2=0.951480 NMSE=0.048520 shuffled_R2=-0.036829
ALIGN ego[03] partner[03] R2=0.943260 NMSE=0.056740 shuffled_R2=-0.013698
ALIGN ego[03] partner[04] R2=0.970436 NMSE=0.029564 shuffled_R2=-0.016774
ALIGN ego[04] partner[00] R2=0.914781 NMSE=0.085219 shuffled_R2=-0.013819
ALIGN ego[04] partner[01] R2=0.902078 NMSE=0.097922 shuffled_R2=-0.017058
ALIGN ego[04] partner[02] R2=0.916785 NMSE=0.083215 shuffled_R2=-0.014480
ALIGN ego[04] partner[03] R2=0.953714 NMSE=0.046286 shuffled_R2=-0.014055
ALIGN ego[04] partner[04] R2=0.940664 NMSE=0.059336 shuffled_R2=-0.022220
Average ego-to-partner alignment R2: 0.935266 +- 0.006015 SE over 25 ego-partner pairs
Average alignment normalized MSE: 0.064734 +- 0.006015 SE
Average shuffled-control alignment R2: -0.017970 +- 0.001020 SE
Saved alignment results to zsc_results/lmpredV202_gamma0_ablate/forced_coord
Evaluating ZSC for method=lmpredV204_gamma0_ablate, layout=cramped_room5x5, prefix=checkpoints/lmpredV204_gamma0_ablate/, result_name=lmpredV204_gamma0_ablate, perspective_transform=false
Importing submoduled environments...
Submoduled environments not found. Skipping import.
LOADED: checkpoints/lmpredV204_gamma0_ablate/cramped_room5x5/baseline_seed_0_step_220.msgpack
LOADED: checkpoints/lmpredV204_gamma0_ablate/cramped_room5x5/baseline_seed_1_step_220.msgpack
LOADED: checkpoints/lmpredV204_gamma0_ablate/cramped_room5x5/baseline_seed_2_step_220.msgpack
LOADED: checkpoints/lmpredV204_gamma0_ablate/cramped_room5x5/baseline_seed_3_step_220.msgpack
LOADED: checkpoints/lmpredV204_gamma0_ablate/cramped_room5x5/baseline_seed_4_step_220.msgpack
ZSC[00, 00] = 239.858
ZSC[00, 01] = 222.441
ZSC[00, 02] = 223.869
ZSC[00, 03] = 236.373
ZSC[00, 04] = 242.216
ZSC[01, 00] = 222.972
ZSC[01, 01] = 222.028
ZSC[01, 02] = 191.000
ZSC[01, 03] = 218.380
ZSC[01, 04] = 186.081
ZSC[02, 00] = 223.152
ZSC[02, 01] = 190.238
ZSC[02, 02] = 239.867
ZSC[02, 03] = 219.836
ZSC[02, 04] = 226.373
ZSC[03, 00] = 236.164
ZSC[03, 01] = 218.220
ZSC[03, 02] = 217.494
ZSC[03, 03] = 241.902
ZSC[03, 04] = 227.975
ZSC[04, 00] = 241.981
ZSC[04, 01] = 187.767
ZSC[04, 02] = 226.695
ZSC[04, 03] = 226.337
ZSC[04, 04] = 237.361
Average SP performance (diagonal/self-copy): 236.203 +- 3.616 SE over 5 pairs
Average XP performance (off-diagonal/excluding self): 219.278 +- 3.857 SE over 20 ordered pairs
Saved ZSC results to zsc_results/lmpredV204_gamma0_ablate/cramped_room5x5
Saved ZSC heatmap to zsc_results/lmpredV204_gamma0_ablate/cramped_room5x5/xp_matrix.png
Using alignment rollout scale: ALIGN_PAIR_BATCH_SIZE=1, ALIGN_EVAL_NUM_EPISODES=128, ALIGN_EVAL_NUM_STEPS=400
ALIGN ego[00] partner[00] R2=0.946651 NMSE=0.053349 shuffled_R2=-0.016289
ALIGN ego[00] partner[01] R2=0.924470 NMSE=0.075530 shuffled_R2=-0.017421
ALIGN ego[00] partner[02] R2=0.744427 NMSE=0.255573 shuffled_R2=-0.047305
ALIGN ego[00] partner[03] R2=0.900841 NMSE=0.099159 shuffled_R2=-0.024656
ALIGN ego[00] partner[04] R2=0.926699 NMSE=0.073301 shuffled_R2=-0.018367
ALIGN ego[01] partner[00] R2=0.919632 NMSE=0.080368 shuffled_R2=-0.018296
ALIGN ego[01] partner[01] R2=0.916125 NMSE=0.083875 shuffled_R2=-0.030004
ALIGN ego[01] partner[02] R2=0.637145 NMSE=0.362855 shuffled_R2=-0.065509
ALIGN ego[01] partner[03] R2=0.929583 NMSE=0.070417 shuffled_R2=-0.021329
ALIGN ego[01] partner[04] R2=0.922671 NMSE=0.077329 shuffled_R2=-0.017684
ALIGN ego[02] partner[00] R2=0.934236 NMSE=0.065764 shuffled_R2=-0.015792
ALIGN ego[02] partner[01] R2=0.901036 NMSE=0.098964 shuffled_R2=-0.027889
ALIGN ego[02] partner[02] R2=0.936198 NMSE=0.063802 shuffled_R2=-0.016425
ALIGN ego[02] partner[03] R2=0.660181 NMSE=0.339819 shuffled_R2=-0.055220
ALIGN ego[02] partner[04] R2=0.875810 NMSE=0.124190 shuffled_R2=-0.023603
ALIGN ego[03] partner[00] R2=0.947605 NMSE=0.052395 shuffled_R2=-0.016337
ALIGN ego[03] partner[01] R2=0.929974 NMSE=0.070026 shuffled_R2=-0.021669
ALIGN ego[03] partner[02] R2=0.933090 NMSE=0.066910 shuffled_R2=-0.015372
ALIGN ego[03] partner[03] R2=0.948552 NMSE=0.051448 shuffled_R2=-0.017587
ALIGN ego[03] partner[04] R2=0.931095 NMSE=0.068905 shuffled_R2=-0.019971
ALIGN ego[04] partner[00] R2=0.950990 NMSE=0.049010 shuffled_R2=-0.015705
ALIGN ego[04] partner[01] R2=0.786178 NMSE=0.213822 shuffled_R2=-0.058305
ALIGN ego[04] partner[02] R2=0.801863 NMSE=0.198137 shuffled_R2=-0.044093
ALIGN ego[04] partner[03] R2=0.824115 NMSE=0.175885 shuffled_R2=-0.092455
ALIGN ego[04] partner[04] R2=0.920891 NMSE=0.079109 shuffled_R2=-0.013932
Average ego-to-partner alignment R2: 0.882002 +- 0.017808 SE over 25 ego-partner pairs
Average alignment normalized MSE: 0.117998 +- 0.017808 SE
Average shuffled-control alignment R2: -0.029249 +- 0.003995 SE
Saved alignment results to zsc_results/lmpredV204_gamma0_ablate/cramped_room5x5
Evaluating ZSC for method=lmpredV204_gamma0_ablate, layout=counter_circuit, prefix=checkpoints/lmpredV204_gamma0_ablate/, result_name=lmpredV204_gamma0_ablate, perspective_transform=false
Importing submoduled environments...
Submoduled environments not found. Skipping import.
LOADED: checkpoints/lmpredV204_gamma0_ablate/counter_circuit/baseline_seed_0_step_380.msgpack
LOADED: checkpoints/lmpredV204_gamma0_ablate/counter_circuit/baseline_seed_1_step_380.msgpack
LOADED: checkpoints/lmpredV204_gamma0_ablate/counter_circuit/baseline_seed_2_step_380.msgpack
LOADED: checkpoints/lmpredV204_gamma0_ablate/counter_circuit/baseline_seed_3_step_380.msgpack
LOADED: checkpoints/lmpredV204_gamma0_ablate/counter_circuit/baseline_seed_4_step_380.msgpack
ZSC[00, 00] = 236.252
ZSC[00, 01] = 210.981
ZSC[00, 02] = 136.037
ZSC[00, 03] = 14.380
ZSC[00, 04] = 212.395
ZSC[01, 00] = 213.625
ZSC[01, 01] = 242.567
ZSC[01, 02] = 178.973
ZSC[01, 03] = 125.080
ZSC[01, 04] = 213.809
ZSC[02, 00] = 136.986
ZSC[02, 01] = 179.942
ZSC[02, 02] = 178.922
ZSC[02, 03] = 106.628
ZSC[02, 04] = 192.433
ZSC[03, 00] = 17.895
ZSC[03, 01] = 115.402
ZSC[03, 02] = 106.253
ZSC[03, 03] = 183.941
ZSC[03, 04] = 49.095
ZSC[04, 00] = 213.230
ZSC[04, 01] = 214.073
ZSC[04, 02] = 192.397
ZSC[04, 03] = 49.487
ZSC[04, 04] = 205.183
Average SP performance (diagonal/self-copy): 209.373 +- 13.069 SE over 5 pairs
Average XP performance (off-diagonal/excluding self): 143.955 +- 15.436 SE over 20 ordered pairs
Saved ZSC results to zsc_results/lmpredV204_gamma0_ablate/counter_circuit
Saved ZSC heatmap to zsc_results/lmpredV204_gamma0_ablate/counter_circuit/xp_matrix.png
Using alignment rollout scale: ALIGN_PAIR_BATCH_SIZE=1, ALIGN_EVAL_NUM_EPISODES=128, ALIGN_EVAL_NUM_STEPS=400
ALIGN ego[00] partner[00] R2=0.818624 NMSE=0.181376 shuffled_R2=-0.024106
ALIGN ego[00] partner[01] R2=0.803193 NMSE=0.196807 shuffled_R2=-0.014995
ALIGN ego[00] partner[02] R2=0.836646 NMSE=0.163354 shuffled_R2=-0.015295
ALIGN ego[00] partner[03] R2=0.715245 NMSE=0.284755 shuffled_R2=-0.037067
ALIGN ego[00] partner[04] R2=0.784255 NMSE=0.215745 shuffled_R2=-0.018949
ALIGN ego[01] partner[00] R2=0.765993 NMSE=0.234007 shuffled_R2=-0.019656
ALIGN ego[01] partner[01] R2=0.769474 NMSE=0.230526 shuffled_R2=-0.018744
ALIGN ego[01] partner[02] R2=0.810818 NMSE=0.189182 shuffled_R2=-0.014952
ALIGN ego[01] partner[03] R2=0.735584 NMSE=0.264416 shuffled_R2=-0.018647
ALIGN ego[01] partner[04] R2=0.794262 NMSE=0.205738 shuffled_R2=-0.016261
ALIGN ego[02] partner[00] R2=0.805574 NMSE=0.194426 shuffled_R2=-0.016713
ALIGN ego[02] partner[01] R2=0.774992 NMSE=0.225008 shuffled_R2=-0.014574
ALIGN ego[02] partner[02] R2=0.848771 NMSE=0.151229 shuffled_R2=-0.017362
ALIGN ego[02] partner[03] R2=0.775353 NMSE=0.224647 shuffled_R2=-0.025133
ALIGN ego[02] partner[04] R2=0.773697 NMSE=0.226303 shuffled_R2=-0.018652
ALIGN ego[03] partner[00] R2=0.838257 NMSE=0.161743 shuffled_R2=-0.021973
ALIGN ego[03] partner[01] R2=0.765682 NMSE=0.234318 shuffled_R2=-0.019032
ALIGN ego[03] partner[02] R2=0.843080 NMSE=0.156920 shuffled_R2=-0.020973
ALIGN ego[03] partner[03] R2=0.770663 NMSE=0.229337 shuffled_R2=-0.015491
ALIGN ego[03] partner[04] R2=0.618216 NMSE=0.381784 shuffled_R2=-0.035527
ALIGN ego[04] partner[00] R2=0.776570 NMSE=0.223430 shuffled_R2=-0.017093
ALIGN ego[04] partner[01] R2=0.760301 NMSE=0.239699 shuffled_R2=-0.016423
ALIGN ego[04] partner[02] R2=0.802733 NMSE=0.197267 shuffled_R2=-0.018517
ALIGN ego[04] partner[03] R2=0.758432 NMSE=0.241568 shuffled_R2=-0.025361
ALIGN ego[04] partner[04] R2=0.746187 NMSE=0.253813 shuffled_R2=-0.022440
Average ego-to-partner alignment R2: 0.779704 +- 0.009549 SE over 25 ego-partner pairs
Average alignment normalized MSE: 0.220296 +- 0.009549 SE
Average shuffled-control alignment R2: -0.020158 +- 0.001154 SE
Saved alignment results to zsc_results/lmpredV204_gamma0_ablate/counter_circuit
Evaluating ZSC for method=lmpredV204_gamma0_ablate, layout=coord_ring, prefix=checkpoints/lmpredV204_gamma0_ablate/, result_name=lmpredV204_gamma0_ablate, perspective_transform=false
Importing submoduled environments...
Submoduled environments not found. Skipping import.
LOADED: checkpoints/lmpredV204_gamma0_ablate/coord_ring/baseline_seed_0_step_220.msgpack
LOADED: checkpoints/lmpredV204_gamma0_ablate/coord_ring/baseline_seed_1_step_220.msgpack
LOADED: checkpoints/lmpredV204_gamma0_ablate/coord_ring/baseline_seed_2_step_220.msgpack
LOADED: checkpoints/lmpredV204_gamma0_ablate/coord_ring/baseline_seed_3_step_220.msgpack
LOADED: checkpoints/lmpredV204_gamma0_ablate/coord_ring/baseline_seed_4_step_220.msgpack
ZSC[00, 00] = 290.334
ZSC[00, 01] = 255.659
ZSC[00, 02] = 281.778
ZSC[00, 03] = 301.630
ZSC[00, 04] = 282.038
ZSC[01, 00] = 256.288
ZSC[01, 01] = 313.391
ZSC[01, 02] = 282.741
ZSC[01, 03] = 141.772
ZSC[01, 04] = 252.923
ZSC[02, 00] = 281.680
ZSC[02, 01] = 281.739
ZSC[02, 02] = 308.355
ZSC[02, 03] = 291.733
ZSC[02, 04] = 294.672
ZSC[03, 00] = 301.298
ZSC[03, 01] = 143.403
ZSC[03, 02] = 292.033
ZSC[03, 03] = 297.737
ZSC[03, 04] = 293.981
ZSC[04, 00] = 281.759
ZSC[04, 01] = 252.789
ZSC[04, 02] = 294.736
ZSC[04, 03] = 294.316
ZSC[04, 04] = 303.519
Average SP performance (diagonal/self-copy): 302.667 +- 4.028 SE over 5 pairs
Average XP performance (off-diagonal/excluding self): 267.948 +- 10.202 SE over 20 ordered pairs
Saved ZSC results to zsc_results/lmpredV204_gamma0_ablate/coord_ring
Saved ZSC heatmap to zsc_results/lmpredV204_gamma0_ablate/coord_ring/xp_matrix.png
Using alignment rollout scale: ALIGN_PAIR_BATCH_SIZE=1, ALIGN_EVAL_NUM_EPISODES=128, ALIGN_EVAL_NUM_STEPS=400
ALIGN ego[00] partner[00] R2=0.847216 NMSE=0.152784 shuffled_R2=-0.014459
ALIGN ego[00] partner[01] R2=0.816025 NMSE=0.183975 shuffled_R2=-0.019459
ALIGN ego[00] partner[02] R2=0.804614 NMSE=0.195386 shuffled_R2=-0.022946
ALIGN ego[00] partner[03] R2=0.824397 NMSE=0.175603 shuffled_R2=-0.025086
ALIGN ego[00] partner[04] R2=0.906006 NMSE=0.093994 shuffled_R2=-0.014523
ALIGN ego[01] partner[00] R2=0.816461 NMSE=0.183539 shuffled_R2=-0.021401
ALIGN ego[01] partner[01] R2=0.919787 NMSE=0.080213 shuffled_R2=-0.017969
ALIGN ego[01] partner[02] R2=0.834237 NMSE=0.165763 shuffled_R2=-0.018697
ALIGN ego[01] partner[03] R2=0.881088 NMSE=0.118912 shuffled_R2=-0.014614
ALIGN ego[01] partner[04] R2=0.875761 NMSE=0.124239 shuffled_R2=-0.013657
ALIGN ego[02] partner[00] R2=0.782542 NMSE=0.217458 shuffled_R2=-0.022183
ALIGN ego[02] partner[01] R2=0.808149 NMSE=0.191851 shuffled_R2=-0.025471
ALIGN ego[02] partner[02] R2=0.558882 NMSE=0.441118 shuffled_R2=-0.069451
ALIGN ego[02] partner[03] R2=0.760441 NMSE=0.239559 shuffled_R2=-0.028921
ALIGN ego[02] partner[04] R2=0.870584 NMSE=0.129416 shuffled_R2=-0.014556
ALIGN ego[03] partner[00] R2=0.875484 NMSE=0.124516 shuffled_R2=-0.013581
ALIGN ego[03] partner[01] R2=0.887101 NMSE=0.112899 shuffled_R2=-0.016935
ALIGN ego[03] partner[02] R2=0.874522 NMSE=0.125478 shuffled_R2=-0.018547
ALIGN ego[03] partner[03] R2=0.864027 NMSE=0.135973 shuffled_R2=-0.017776
ALIGN ego[03] partner[04] R2=0.882479 NMSE=0.117521 shuffled_R2=-0.015540
ALIGN ego[04] partner[00] R2=0.889685 NMSE=0.110315 shuffled_R2=-0.012980
ALIGN ego[04] partner[01] R2=0.863967 NMSE=0.136033 shuffled_R2=-0.014973
ALIGN ego[04] partner[02] R2=0.867983 NMSE=0.132017 shuffled_R2=-0.013897
ALIGN ego[04] partner[03] R2=0.864269 NMSE=0.135731 shuffled_R2=-0.013902
ALIGN ego[04] partner[04] R2=0.858161 NMSE=0.141839 shuffled_R2=-0.017599
Average ego-to-partner alignment R2: 0.841355 +- 0.014069 SE over 25 ego-partner pairs
Average alignment normalized MSE: 0.158645 +- 0.014069 SE
Average shuffled-control alignment R2: -0.019965 +- 0.002234 SE
Saved alignment results to zsc_results/lmpredV204_gamma0_ablate/coord_ring
Evaluating ZSC for method=lmpredV204_gamma0_ablate, layout=asymm_advantages, prefix=checkpoints/lmpredV204_gamma0_ablate/, result_name=lmpredV204_gamma0_ablate, perspective_transform=false
Importing submoduled environments...
Submoduled environments not found. Skipping import.
LOADED: checkpoints/lmpredV204_gamma0_ablate/asymm_advantages/baseline_seed_0_step_220.msgpack
LOADED: checkpoints/lmpredV204_gamma0_ablate/asymm_advantages/baseline_seed_1_step_220.msgpack
LOADED: checkpoints/lmpredV204_gamma0_ablate/asymm_advantages/baseline_seed_2_step_220.msgpack
LOADED: checkpoints/lmpredV204_gamma0_ablate/asymm_advantages/baseline_seed_3_step_220.msgpack
LOADED: checkpoints/lmpredV204_gamma0_ablate/asymm_advantages/baseline_seed_4_step_220.msgpack
ZSC[00, 00] = 442.194
ZSC[00, 01] = 475.773
ZSC[00, 02] = 467.262
ZSC[00, 03] = 494.194
ZSC[00, 04] = 434.720
ZSC[01, 00] = 462.228
ZSC[01, 01] = 462.359
ZSC[01, 02] = 476.306
ZSC[01, 03] = 493.364
ZSC[01, 04] = 442.059
ZSC[02, 00] = 478.467
ZSC[02, 01] = 465.025
ZSC[02, 02] = 472.719
ZSC[02, 03] = 492.384
ZSC[02, 04] = 446.167
ZSC[03, 00] = 469.914
ZSC[03, 01] = 446.530
ZSC[03, 02] = 474.748
ZSC[03, 03] = 494.620
ZSC[03, 04] = 417.133
ZSC[04, 00] = 458.514
ZSC[04, 01] = 453.484
ZSC[04, 02] = 452.239
ZSC[04, 03] = 471.712
ZSC[04, 04] = 417.833
Average SP performance (diagonal/self-copy): 457.945 +- 13.115 SE over 5 pairs
Average XP performance (off-diagonal/excluding self): 463.611 +- 4.513 SE over 20 ordered pairs
Saved ZSC results to zsc_results/lmpredV204_gamma0_ablate/asymm_advantages
Saved ZSC heatmap to zsc_results/lmpredV204_gamma0_ablate/asymm_advantages/xp_matrix.png
Using alignment rollout scale: ALIGN_PAIR_BATCH_SIZE=1, ALIGN_EVAL_NUM_EPISODES=128, ALIGN_EVAL_NUM_STEPS=400
ALIGN ego[00] partner[00] R2=0.964903 NMSE=0.035097 shuffled_R2=-0.016468
ALIGN ego[00] partner[01] R2=0.953033 NMSE=0.046967 shuffled_R2=-0.018003
ALIGN ego[00] partner[02] R2=0.940191 NMSE=0.059809 shuffled_R2=-0.020365
ALIGN ego[00] partner[03] R2=0.904232 NMSE=0.095768 shuffled_R2=-0.045959
ALIGN ego[00] partner[04] R2=0.956022 NMSE=0.043978 shuffled_R2=-0.014554
ALIGN ego[01] partner[00] R2=0.889366 NMSE=0.110634 shuffled_R2=-0.027554
ALIGN ego[01] partner[01] R2=0.941754 NMSE=0.058246 shuffled_R2=-0.016851
ALIGN ego[01] partner[02] R2=0.907887 NMSE=0.092113 shuffled_R2=-0.021630
ALIGN ego[01] partner[03] R2=0.935806 NMSE=0.064194 shuffled_R2=-0.020613
ALIGN ego[01] partner[04] R2=0.917709 NMSE=0.082291 shuffled_R2=-0.019328
ALIGN ego[02] partner[00] R2=0.916440 NMSE=0.083560 shuffled_R2=-0.020170
ALIGN ego[02] partner[01] R2=0.924786 NMSE=0.075214 shuffled_R2=-0.016439
ALIGN ego[02] partner[02] R2=0.899847 NMSE=0.100153 shuffled_R2=-0.015950
ALIGN ego[02] partner[03] R2=0.859647 NMSE=0.140353 shuffled_R2=-0.032265
ALIGN ego[02] partner[04] R2=0.897182 NMSE=0.102818 shuffled_R2=-0.018694
ALIGN ego[03] partner[00] R2=0.930270 NMSE=0.069730 shuffled_R2=-0.019581
ALIGN ego[03] partner[01] R2=0.916604 NMSE=0.083396 shuffled_R2=-0.016045
ALIGN ego[03] partner[02] R2=0.919627 NMSE=0.080373 shuffled_R2=-0.015680
ALIGN ego[03] partner[03] R2=0.928412 NMSE=0.071588 shuffled_R2=-0.020642
ALIGN ego[03] partner[04] R2=0.750680 NMSE=0.249320 shuffled_R2=-0.078776
ALIGN ego[04] partner[00] R2=0.836136 NMSE=0.163864 shuffled_R2=-0.053388
ALIGN ego[04] partner[01] R2=0.944386 NMSE=0.055614 shuffled_R2=-0.016843
ALIGN ego[04] partner[02] R2=0.910773 NMSE=0.089227 shuffled_R2=-0.018670
ALIGN ego[04] partner[03] R2=0.857666 NMSE=0.142334 shuffled_R2=-0.044756
ALIGN ego[04] partner[04] R2=0.874299 NMSE=0.125701 shuffled_R2=-0.051646
Average ego-to-partner alignment R2: 0.907106 +- 0.009117 SE over 25 ego-partner pairs
Average alignment normalized MSE: 0.092894 +- 0.009117 SE
Average shuffled-control alignment R2: -0.026435 +- 0.003206 SE
Saved alignment results to zsc_results/lmpredV204_gamma0_ablate/asymm_advantages
Evaluating ZSC for method=lmpredV204_gamma0_ablate, layout=forced_coord, prefix=checkpoints/lmpredV204_gamma0_ablate/, result_name=lmpredV204_gamma0_ablate, perspective_transform=false
Importing submoduled environments...
Submoduled environments not found. Skipping import.
LOADED: checkpoints/lmpredV204_gamma0_ablate/forced_coord/baseline_seed_0_step_220.msgpack
LOADED: checkpoints/lmpredV204_gamma0_ablate/forced_coord/baseline_seed_1_step_220.msgpack
LOADED: checkpoints/lmpredV204_gamma0_ablate/forced_coord/baseline_seed_2_step_220.msgpack
LOADED: checkpoints/lmpredV204_gamma0_ablate/forced_coord/baseline_seed_3_step_220.msgpack
LOADED: checkpoints/lmpredV204_gamma0_ablate/forced_coord/baseline_seed_4_step_220.msgpack
ZSC[00, 00] = 311.858
ZSC[00, 01] = 244.298
ZSC[00, 02] = 221.950
ZSC[00, 03] = 239.597
ZSC[00, 04] = 2.961
ZSC[01, 00] = 232.153
ZSC[01, 01] = 281.392
ZSC[01, 02] = 154.078
ZSC[01, 03] = 232.877
ZSC[01, 04] = 63.980
ZSC[02, 00] = 264.941
ZSC[02, 01] = 236.144
ZSC[02, 02] = 287.823
ZSC[02, 03] = 172.700
ZSC[02, 04] = 283.183
ZSC[03, 00] = 91.481
ZSC[03, 01] = 198.867
ZSC[03, 02] = 130.777
ZSC[03, 03] = 297.508
ZSC[03, 04] = 43.225
ZSC[04, 00] = 214.014
ZSC[04, 01] = 1.147
ZSC[04, 02] = 316.353
ZSC[04, 03] = 0.000
ZSC[04, 04] = 271.362
Average SP performance (diagonal/self-copy): 289.989 +- 6.929 SE over 5 pairs
Average XP performance (off-diagonal/excluding self): 167.236 +- 22.461 SE over 20 ordered pairs
Saved ZSC results to zsc_results/lmpredV204_gamma0_ablate/forced_coord
Saved ZSC heatmap to zsc_results/lmpredV204_gamma0_ablate/forced_coord/xp_matrix.png
Using alignment rollout scale: ALIGN_PAIR_BATCH_SIZE=1, ALIGN_EVAL_NUM_EPISODES=128, ALIGN_EVAL_NUM_STEPS=400
ALIGN ego[00] partner[00] R2=0.967680 NMSE=0.032320 shuffled_R2=-0.012720
ALIGN ego[00] partner[01] R2=0.966838 NMSE=0.033162 shuffled_R2=-0.016332
ALIGN ego[00] partner[02] R2=0.945597 NMSE=0.054403 shuffled_R2=-0.014124
ALIGN ego[00] partner[03] R2=0.952767 NMSE=0.047233 shuffled_R2=-0.013840
ALIGN ego[00] partner[04] R2=0.934549 NMSE=0.065451 shuffled_R2=-0.017943
ALIGN ego[01] partner[00] R2=0.941338 NMSE=0.058662 shuffled_R2=-0.017716
ALIGN ego[01] partner[01] R2=0.957803 NMSE=0.042197 shuffled_R2=-0.019241
ALIGN ego[01] partner[02] R2=0.925760 NMSE=0.074240 shuffled_R2=-0.016859
ALIGN ego[01] partner[03] R2=0.936999 NMSE=0.063001 shuffled_R2=-0.015152
ALIGN ego[01] partner[04] R2=0.927415 NMSE=0.072585 shuffled_R2=-0.017108
ALIGN ego[02] partner[00] R2=0.944699 NMSE=0.055301 shuffled_R2=-0.016498
ALIGN ego[02] partner[01] R2=0.948377 NMSE=0.051623 shuffled_R2=-0.017771
ALIGN ego[02] partner[02] R2=0.961452 NMSE=0.038548 shuffled_R2=-0.016503
ALIGN ego[02] partner[03] R2=0.943886 NMSE=0.056114 shuffled_R2=-0.015407
ALIGN ego[02] partner[04] R2=0.901804 NMSE=0.098196 shuffled_R2=-0.016002
ALIGN ego[03] partner[00] R2=0.941924 NMSE=0.058076 shuffled_R2=-0.017407
ALIGN ego[03] partner[01] R2=0.934516 NMSE=0.065484 shuffled_R2=-0.016405
ALIGN ego[03] partner[02] R2=0.898941 NMSE=0.101059 shuffled_R2=-0.015200
ALIGN ego[03] partner[03] R2=0.942100 NMSE=0.057900 shuffled_R2=-0.016926
ALIGN ego[03] partner[04] R2=0.960005 NMSE=0.039995 shuffled_R2=-0.017439
ALIGN ego[04] partner[00] R2=0.924590 NMSE=0.075410 shuffled_R2=-0.013727
ALIGN ego[04] partner[01] R2=0.859601 NMSE=0.140399 shuffled_R2=-0.059472
ALIGN ego[04] partner[02] R2=0.864402 NMSE=0.135598 shuffled_R2=-0.037986
ALIGN ego[04] partner[03] R2=-0.034969 NMSE=1.034969 shuffled_R2=-1.368472
ALIGN ego[04] partner[04] R2=0.951252 NMSE=0.048748 shuffled_R2=-0.015874
Average ego-to-partner alignment R2: 0.895973 +- 0.039183 SE over 25 ego-partner pairs
Average alignment normalized MSE: 0.104027 +- 0.039183 SE
Average shuffled-control alignment R2: -0.072885 +- 0.054017 SE
Saved alignment results to zsc_results/lmpredV204_gamma0_ablate/forced_coord
