Script directory: /mnt/iusers01/fatpou01/compsci01/n70579mp/scratch/tom/JaxMARL
Running ad-hoc teamplay evaluation: ego agents paired with a cross-method partner pool.
Evaluating ad-hoc teamplay for ego_method=lmpred_ema, layout=counter_circuit
ego_prefix=checkpoints/lmpred_ema/, partner_pool_specs=e3t:checkpoints/eval_pools/e3t;mep_br:checkpoints/eval_pools/mep_br;pbt:checkpoints/eval_pools/pbt;sp:checkpoints/eval_pools/sp, result_name=lmpred_ema_ad_hoc_teamplay, ego_perspective_transform=true
Importing submoduled environments...
Submoduled environments not found. Skipping import.
2026-07-02 06:41:38.655390: W external/xla/xla/service/gpu/autotuning/dot_search_space.cc:200] All configs were filtered out because none of them sufficiently match the hints. Maybe the hints set does not contain a good representative set of valid configs?Working around this by using the full hints set instead.
2026-07-02 06:41:39.699597: W external/xla/xla/service/gpu/autotuning/dot_search_space.cc:200] All configs were filtered out because none of them sufficiently match the hints. Maybe the hints set does not contain a good representative set of valid configs?Working around this by using the full hints set instead.
LOADED: checkpoints/lmpred_ema/counter_circuit/baseline_seed_0_step_380.msgpack
LOADED: checkpoints/lmpred_ema/counter_circuit/baseline_seed_1_step_380.msgpack
LOADED: checkpoints/lmpred_ema/counter_circuit/baseline_seed_2_step_380.msgpack
LOADED: checkpoints/lmpred_ema/counter_circuit/baseline_seed_3_step_380.msgpack
LOADED: checkpoints/lmpred_ema/counter_circuit/baseline_seed_4_step_380.msgpack
Evaluating partner group 0: method=e3t, prefix=checkpoints/eval_pools/e3t
LOADED: checkpoints/eval_pools/e3t/counter_circuit/baseline_seed_0_step_220.msgpack
LOADED: checkpoints/eval_pools/e3t/counter_circuit/baseline_seed_1_step_220.msgpack
LOADED: checkpoints/eval_pools/e3t/counter_circuit/baseline_seed_2_step_220.msgpack
LOADED: checkpoints/eval_pools/e3t/counter_circuit/baseline_seed_3_step_220.msgpack
LOADED: checkpoints/eval_pools/e3t/counter_circuit/baseline_seed_4_step_220.msgpack
Using XP rollout scale: XP_PAIR_BATCH_SIZE=32, EVAL_NUM_EPISODES=128, EVAL_NUM_STEPS=400
XP ego[00] partner[00] = 154.375
XP ego[00] partner[01] = 74.062
XP ego[00] partner[02] = 100.312
XP ego[00] partner[03] = 13.125
XP ego[00] partner[04] = 69.219
XP ego[01] partner[00] = 139.688
XP ego[01] partner[01] = 111.875
XP ego[01] partner[02] = 131.562
XP ego[01] partner[03] = 47.500
XP ego[01] partner[04] = 115.781
XP ego[02] partner[00] = 161.094
XP ego[02] partner[01] = 97.031
XP ego[02] partner[02] = 92.344
XP ego[02] partner[03] = 5.156
XP ego[02] partner[04] = 103.906
XP ego[03] partner[00] = 164.844
XP ego[03] partner[01] = 135.469
XP ego[03] partner[02] = 155.156
XP ego[03] partner[03] = 12.812
XP ego[03] partner[04] = 138.594
XP ego[04] partner[00] = 143.438
XP ego[04] partner[01] = 35.625
XP ego[04] partner[02] = 103.125
XP ego[04] partner[03] = 6.094
XP ego[04] partner[04] = 83.125
Evaluating partner group 1: method=mep_br, prefix=checkpoints/eval_pools/mep_br
LOADED: checkpoints/eval_pools/mep_br/counter_circuit/baseline_seed_0_step_380.msgpack
LOADED: checkpoints/eval_pools/mep_br/counter_circuit/baseline_seed_1_step_380.msgpack
LOADED: checkpoints/eval_pools/mep_br/counter_circuit/baseline_seed_2_step_380.msgpack
LOADED: checkpoints/eval_pools/mep_br/counter_circuit/baseline_seed_3_step_380.msgpack
LOADED: checkpoints/eval_pools/mep_br/counter_circuit/baseline_seed_4_step_380.msgpack
Using XP rollout scale: XP_PAIR_BATCH_SIZE=32, EVAL_NUM_EPISODES=128, EVAL_NUM_STEPS=400
XP ego[00] partner[00] = 221.094
XP ego[00] partner[01] = 192.500
XP ego[00] partner[02] = 239.844
XP ego[00] partner[03] = 235.156
XP ego[00] partner[04] = 205.156
XP ego[01] partner[00] = 144.844
XP ego[01] partner[01] = 163.750
XP ego[01] partner[02] = 168.438
XP ego[01] partner[03] = 176.875
XP ego[01] partner[04] = 159.844
XP ego[02] partner[00] = 231.406
XP ego[02] partner[01] = 203.750
XP ego[02] partner[02] = 235.469
XP ego[02] partner[03] = 237.969
XP ego[02] partner[04] = 192.031
XP ego[03] partner[00] = 211.719
XP ego[03] partner[01] = 191.719
XP ego[03] partner[02] = 234.688
XP ego[03] partner[03] = 224.688
XP ego[03] partner[04] = 214.219
XP ego[04] partner[00] = 186.719
XP ego[04] partner[01] = 187.812
XP ego[04] partner[02] = 200.000
XP ego[04] partner[03] = 195.000
XP ego[04] partner[04] = 167.500
Evaluating partner group 2: method=pbt, prefix=checkpoints/eval_pools/pbt
LOADED: checkpoints/eval_pools/pbt/counter_circuit/baseline_seed_0_step_62.msgpack
LOADED: checkpoints/eval_pools/pbt/counter_circuit/baseline_seed_1_step_62.msgpack
LOADED: checkpoints/eval_pools/pbt/counter_circuit/baseline_seed_2_step_62.msgpack
LOADED: checkpoints/eval_pools/pbt/counter_circuit/baseline_seed_3_step_62.msgpack
LOADED: checkpoints/eval_pools/pbt/counter_circuit/baseline_seed_4_step_62.msgpack
Using XP rollout scale: XP_PAIR_BATCH_SIZE=32, EVAL_NUM_EPISODES=128, EVAL_NUM_STEPS=400
XP ego[00] partner[00] = 131.719
XP ego[00] partner[01] = 125.312
XP ego[00] partner[02] = 156.094
XP ego[00] partner[03] = 119.531
XP ego[00] partner[04] = 134.219
XP ego[01] partner[00] = 124.531
XP ego[01] partner[01] = 134.531
XP ego[01] partner[02] = 137.188
XP ego[01] partner[03] = 137.344
XP ego[01] partner[04] = 132.188
XP ego[02] partner[00] = 203.125
XP ego[02] partner[01] = 199.219
XP ego[02] partner[02] = 195.156
XP ego[02] partner[03] = 201.250
XP ego[02] partner[04] = 202.031
XP ego[03] partner[00] = 161.094
XP ego[03] partner[01] = 168.125
XP ego[03] partner[02] = 146.094
XP ego[03] partner[03] = 179.844
XP ego[03] partner[04] = 175.938
XP ego[04] partner[00] = 131.719
XP ego[04] partner[01] = 127.188
XP ego[04] partner[02] = 134.062
XP ego[04] partner[03] = 137.188
XP ego[04] partner[04] = 141.250
Evaluating partner group 3: method=sp, prefix=checkpoints/eval_pools/sp
LOADED: checkpoints/eval_pools/sp/counter_circuit/baseline_seed_0_step_380.msgpack
LOADED: checkpoints/eval_pools/sp/counter_circuit/baseline_seed_1_step_380.msgpack
LOADED: checkpoints/eval_pools/sp/counter_circuit/baseline_seed_2_step_380.msgpack
LOADED: checkpoints/eval_pools/sp/counter_circuit/baseline_seed_3_step_380.msgpack
LOADED: checkpoints/eval_pools/sp/counter_circuit/baseline_seed_4_step_380.msgpack
Using XP rollout scale: XP_PAIR_BATCH_SIZE=32, EVAL_NUM_EPISODES=128, EVAL_NUM_STEPS=400
XP ego[00] partner[00] = 145.625
XP ego[00] partner[01] = 126.406
XP ego[00] partner[02] = 155.469
XP ego[00] partner[03] = 209.219
XP ego[00] partner[04] = 157.031
XP ego[01] partner[00] = 138.750
XP ego[01] partner[01] = 120.469
XP ego[01] partner[02] = 110.938
XP ego[01] partner[03] = 195.156
XP ego[01] partner[04] = 152.344
XP ego[02] partner[00] = 165.312
XP ego[02] partner[01] = 169.062
XP ego[02] partner[02] = 182.188
XP ego[02] partner[03] = 235.781
XP ego[02] partner[04] = 173.594
XP ego[03] partner[00] = 153.750
XP ego[03] partner[01] = 182.031
XP ego[03] partner[02] = 177.656
XP ego[03] partner[03] = 208.281
XP ego[03] partner[04] = 170.625
XP ego[04] partner[00] = 125.312
XP ego[04] partner[01] = 134.531
XP ego[04] partner[02] = 143.750
XP ego[04] partner[03] = 203.906
XP ego[04] partner[04] = 132.656
Average ego-vs-partner performance: 153.233 +- 5.183 SE over 100 ordered pairs
Average diagonal performance: 90.906 +- 23.053 SE over 5 pairs
Average off-diagonal performance (only for square pools): nan +- nan SE over 0 ordered pairs
Saved ad-hoc teamplay results to ad_hoc_teamplay_results/lmpred_ema_ad_hoc_teamplay/counter_circuit
Saved ad-hoc teamplay heatmap to ad_hoc_teamplay_results/lmpred_ema_ad_hoc_teamplay/counter_circuit/xp_matrix.png
Evaluating partner alignment group 0: method=e3t, prefix=checkpoints/eval_pools/e3t
LOADED: checkpoints/eval_pools/e3t/counter_circuit/baseline_seed_0_step_220.msgpack
LOADED: checkpoints/eval_pools/e3t/counter_circuit/baseline_seed_1_step_220.msgpack
LOADED: checkpoints/eval_pools/e3t/counter_circuit/baseline_seed_2_step_220.msgpack
LOADED: checkpoints/eval_pools/e3t/counter_circuit/baseline_seed_3_step_220.msgpack
LOADED: checkpoints/eval_pools/e3t/counter_circuit/baseline_seed_4_step_220.msgpack
Using alignment rollout scale: ALIGN_PAIR_BATCH_SIZE=2, ALIGN_EVAL_NUM_EPISODES=128, ALIGN_EVAL_NUM_STEPS=400
ALIGN ego[00] partner[00] R2=0.823414 NMSE=0.176586 shuffled_R2=-0.015310
ALIGN ego[00] partner[01] R2=0.806380 NMSE=0.193620 shuffled_R2=-0.029001
ALIGN ego[00] partner[02] R2=0.760726 NMSE=0.239274 shuffled_R2=-0.021254
ALIGN ego[00] partner[03] R2=0.786426 NMSE=0.213574 shuffled_R2=-0.027178
ALIGN ego[00] partner[04] R2=0.812511 NMSE=0.187489 shuffled_R2=-0.023291
ALIGN ego[01] partner[00] R2=0.808732 NMSE=0.191268 shuffled_R2=-0.015592
ALIGN ego[01] partner[01] R2=0.747880 NMSE=0.252120 shuffled_R2=-0.018195
ALIGN ego[01] partner[02] R2=0.790343 NMSE=0.209657 shuffled_R2=-0.023132
ALIGN ego[01] partner[03] R2=0.786257 NMSE=0.213743 shuffled_R2=-0.018532
ALIGN ego[01] partner[04] R2=0.728599 NMSE=0.271401 shuffled_R2=-0.032155
ALIGN ego[02] partner[00] R2=0.847334 NMSE=0.152666 shuffled_R2=-0.017193
ALIGN ego[02] partner[01] R2=0.846510 NMSE=0.153490 shuffled_R2=-0.018948
ALIGN ego[02] partner[02] R2=0.730888 NMSE=0.269112 shuffled_R2=-0.028238
ALIGN ego[02] partner[03] R2=0.864256 NMSE=0.135744 shuffled_R2=-0.025766
ALIGN ego[02] partner[04] R2=0.825619 NMSE=0.174381 shuffled_R2=-0.014332
ALIGN ego[03] partner[00] R2=0.795344 NMSE=0.204656 shuffled_R2=-0.015606
ALIGN ego[03] partner[01] R2=0.786568 NMSE=0.213432 shuffled_R2=-0.019520
ALIGN ego[03] partner[02] R2=0.746261 NMSE=0.253739 shuffled_R2=-0.020534
ALIGN ego[03] partner[03] R2=0.809131 NMSE=0.190869 shuffled_R2=-0.022880
ALIGN ego[03] partner[04] R2=0.825888 NMSE=0.174112 shuffled_R2=-0.017189
ALIGN ego[04] partner[00] R2=0.807965 NMSE=0.192035 shuffled_R2=-0.018287
ALIGN ego[04] partner[01] R2=0.855223 NMSE=0.144777 shuffled_R2=-0.019935
ALIGN ego[04] partner[02] R2=0.795741 NMSE=0.204259 shuffled_R2=-0.025433
ALIGN ego[04] partner[03] R2=0.835139 NMSE=0.164861 shuffled_R2=-0.036810
ALIGN ego[04] partner[04] R2=0.776002 NMSE=0.223998 shuffled_R2=-0.021539
Evaluating partner alignment group 1: method=mep_br, prefix=checkpoints/eval_pools/mep_br
LOADED: checkpoints/eval_pools/mep_br/counter_circuit/baseline_seed_0_step_380.msgpack
LOADED: checkpoints/eval_pools/mep_br/counter_circuit/baseline_seed_1_step_380.msgpack
LOADED: checkpoints/eval_pools/mep_br/counter_circuit/baseline_seed_2_step_380.msgpack
LOADED: checkpoints/eval_pools/mep_br/counter_circuit/baseline_seed_3_step_380.msgpack
LOADED: checkpoints/eval_pools/mep_br/counter_circuit/baseline_seed_4_step_380.msgpack
Using alignment rollout scale: ALIGN_PAIR_BATCH_SIZE=2, ALIGN_EVAL_NUM_EPISODES=128, ALIGN_EVAL_NUM_STEPS=400
ALIGN ego[00] partner[00] R2=0.835774 NMSE=0.164226 shuffled_R2=-0.022396
ALIGN ego[00] partner[01] R2=0.898527 NMSE=0.101473 shuffled_R2=-0.014235
ALIGN ego[00] partner[02] R2=0.727550 NMSE=0.272450 shuffled_R2=-0.043286
ALIGN ego[00] partner[03] R2=0.884228 NMSE=0.115772 shuffled_R2=-0.017247
ALIGN ego[00] partner[04] R2=0.825687 NMSE=0.174313 shuffled_R2=-0.016729
ALIGN ego[01] partner[00] R2=0.848307 NMSE=0.151693 shuffled_R2=-0.019764
ALIGN ego[01] partner[01] R2=0.849198 NMSE=0.150802 shuffled_R2=-0.018489
ALIGN ego[01] partner[02] R2=0.875532 NMSE=0.124468 shuffled_R2=-0.015563
ALIGN ego[01] partner[03] R2=0.863532 NMSE=0.136468 shuffled_R2=-0.016168
ALIGN ego[01] partner[04] R2=0.825377 NMSE=0.174623 shuffled_R2=-0.017298
ALIGN ego[02] partner[00] R2=0.881172 NMSE=0.118828 shuffled_R2=-0.017762
ALIGN ego[02] partner[01] R2=0.882252 NMSE=0.117748 shuffled_R2=-0.014040
ALIGN ego[02] partner[02] R2=0.882039 NMSE=0.117961 shuffled_R2=-0.016614
ALIGN ego[02] partner[03] R2=0.872384 NMSE=0.127616 shuffled_R2=-0.015338
ALIGN ego[02] partner[04] R2=0.730169 NMSE=0.269831 shuffled_R2=-0.031387
ALIGN ego[03] partner[00] R2=0.826147 NMSE=0.173853 shuffled_R2=-0.024889
ALIGN ego[03] partner[01] R2=0.836777 NMSE=0.163223 shuffled_R2=-0.016976
ALIGN ego[03] partner[02] R2=0.886683 NMSE=0.113317 shuffled_R2=-0.014498
ALIGN ego[03] partner[03] R2=0.853088 NMSE=0.146912 shuffled_R2=-0.016518
ALIGN ego[03] partner[04] R2=0.819752 NMSE=0.180248 shuffled_R2=-0.015114
ALIGN ego[04] partner[00] R2=0.863620 NMSE=0.136380 shuffled_R2=-0.028875
ALIGN ego[04] partner[01] R2=0.849278 NMSE=0.150722 shuffled_R2=-0.018055
ALIGN ego[04] partner[02] R2=0.877768 NMSE=0.122232 shuffled_R2=-0.015320
ALIGN ego[04] partner[03] R2=0.871381 NMSE=0.128619 shuffled_R2=-0.016675
ALIGN ego[04] partner[04] R2=0.812107 NMSE=0.187893 shuffled_R2=-0.018109
Evaluating partner alignment group 2: method=pbt, prefix=checkpoints/eval_pools/pbt
LOADED: checkpoints/eval_pools/pbt/counter_circuit/baseline_seed_0_step_62.msgpack
LOADED: checkpoints/eval_pools/pbt/counter_circuit/baseline_seed_1_step_62.msgpack
LOADED: checkpoints/eval_pools/pbt/counter_circuit/baseline_seed_2_step_62.msgpack
LOADED: checkpoints/eval_pools/pbt/counter_circuit/baseline_seed_3_step_62.msgpack
LOADED: checkpoints/eval_pools/pbt/counter_circuit/baseline_seed_4_step_62.msgpack
Using alignment rollout scale: ALIGN_PAIR_BATCH_SIZE=2, ALIGN_EVAL_NUM_EPISODES=128, ALIGN_EVAL_NUM_STEPS=400
ALIGN ego[00] partner[00] R2=0.783540 NMSE=0.216460 shuffled_R2=-0.016841
ALIGN ego[00] partner[01] R2=0.826298 NMSE=0.173702 shuffled_R2=-0.014823
ALIGN ego[00] partner[02] R2=0.777314 NMSE=0.222686 shuffled_R2=-0.017158
ALIGN ego[00] partner[03] R2=0.737943 NMSE=0.262057 shuffled_R2=-0.021035
ALIGN ego[00] partner[04] R2=0.816964 NMSE=0.183036 shuffled_R2=-0.015718
ALIGN ego[01] partner[00] R2=0.743216 NMSE=0.256784 shuffled_R2=-0.015021
ALIGN ego[01] partner[01] R2=0.739482 NMSE=0.260518 shuffled_R2=-0.016820
ALIGN ego[01] partner[02] R2=0.739723 NMSE=0.260277 shuffled_R2=-0.017502
ALIGN ego[01] partner[03] R2=0.664762 NMSE=0.335238 shuffled_R2=-0.034111
ALIGN ego[01] partner[04] R2=0.713044 NMSE=0.286956 shuffled_R2=-0.015924
ALIGN ego[02] partner[00] R2=0.809734 NMSE=0.190266 shuffled_R2=-0.015068
ALIGN ego[02] partner[01] R2=0.761346 NMSE=0.238654 shuffled_R2=-0.015898
ALIGN ego[02] partner[02] R2=0.815477 NMSE=0.184523 shuffled_R2=-0.013523
ALIGN ego[02] partner[03] R2=0.780998 NMSE=0.219002 shuffled_R2=-0.019000
ALIGN ego[02] partner[04] R2=0.805897 NMSE=0.194103 shuffled_R2=-0.013621
ALIGN ego[03] partner[00] R2=0.571332 NMSE=0.428668 shuffled_R2=-0.039723
ALIGN ego[03] partner[01] R2=0.736562 NMSE=0.263438 shuffled_R2=-0.014368
ALIGN ego[03] partner[02] R2=0.711878 NMSE=0.288122 shuffled_R2=-0.014366
ALIGN ego[03] partner[03] R2=0.784356 NMSE=0.215644 shuffled_R2=-0.015861
ALIGN ego[03] partner[04] R2=0.756088 NMSE=0.243912 shuffled_R2=-0.015806
ALIGN ego[04] partner[00] R2=0.789096 NMSE=0.210904 shuffled_R2=-0.015841
ALIGN ego[04] partner[01] R2=0.760974 NMSE=0.239026 shuffled_R2=-0.016312
ALIGN ego[04] partner[02] R2=0.782191 NMSE=0.217809 shuffled_R2=-0.015393
ALIGN ego[04] partner[03] R2=0.722359 NMSE=0.277641 shuffled_R2=-0.022054
ALIGN ego[04] partner[04] R2=0.772432 NMSE=0.227568 shuffled_R2=-0.014760
Evaluating partner alignment group 3: method=sp, prefix=checkpoints/eval_pools/sp
LOADED: checkpoints/eval_pools/sp/counter_circuit/baseline_seed_0_step_380.msgpack
LOADED: checkpoints/eval_pools/sp/counter_circuit/baseline_seed_1_step_380.msgpack
LOADED: checkpoints/eval_pools/sp/counter_circuit/baseline_seed_2_step_380.msgpack
LOADED: checkpoints/eval_pools/sp/counter_circuit/baseline_seed_3_step_380.msgpack
LOADED: checkpoints/eval_pools/sp/counter_circuit/baseline_seed_4_step_380.msgpack
Using alignment rollout scale: ALIGN_PAIR_BATCH_SIZE=2, ALIGN_EVAL_NUM_EPISODES=128, ALIGN_EVAL_NUM_STEPS=400
ALIGN ego[00] partner[00] R2=0.849636 NMSE=0.150364 shuffled_R2=-0.017454
ALIGN ego[00] partner[01] R2=0.862528 NMSE=0.137472 shuffled_R2=-0.019414
ALIGN ego[00] partner[02] R2=0.660215 NMSE=0.339785 shuffled_R2=-0.032283
ALIGN ego[00] partner[03] R2=0.887089 NMSE=0.112911 shuffled_R2=-0.016293
ALIGN ego[00] partner[04] R2=0.825493 NMSE=0.174507 shuffled_R2=-0.016506
ALIGN ego[01] partner[00] R2=0.856364 NMSE=0.143636 shuffled_R2=-0.015349
ALIGN ego[01] partner[01] R2=0.876025 NMSE=0.123975 shuffled_R2=-0.014596
ALIGN ego[01] partner[02] R2=0.784837 NMSE=0.215163 shuffled_R2=-0.025277
ALIGN ego[01] partner[03] R2=0.841843 NMSE=0.158157 shuffled_R2=-0.015470
ALIGN ego[01] partner[04] R2=0.782899 NMSE=0.217101 shuffled_R2=-0.024822
ALIGN ego[02] partner[00] R2=0.883428 NMSE=0.116572 shuffled_R2=-0.020615
ALIGN ego[02] partner[01] R2=0.856031 NMSE=0.143969 shuffled_R2=-0.017990
ALIGN ego[02] partner[02] R2=0.850710 NMSE=0.149290 shuffled_R2=-0.019049
ALIGN ego[02] partner[03] R2=0.897245 NMSE=0.102755 shuffled_R2=-0.014072
ALIGN ego[02] partner[04] R2=0.863569 NMSE=0.136431 shuffled_R2=-0.016865
ALIGN ego[03] partner[00] R2=0.867725 NMSE=0.132275 shuffled_R2=-0.014077
ALIGN ego[03] partner[01] R2=0.867095 NMSE=0.132905 shuffled_R2=-0.014442
ALIGN ego[03] partner[02] R2=0.821936 NMSE=0.178064 shuffled_R2=-0.017593
ALIGN ego[03] partner[03] R2=0.858533 NMSE=0.141467 shuffled_R2=-0.016721
ALIGN ego[03] partner[04] R2=0.836903 NMSE=0.163097 shuffled_R2=-0.015272
ALIGN ego[04] partner[00] R2=0.864926 NMSE=0.135074 shuffled_R2=-0.016982
ALIGN ego[04] partner[01] R2=0.891107 NMSE=0.108893 shuffled_R2=-0.016286
ALIGN ego[04] partner[02] R2=0.828144 NMSE=0.171856 shuffled_R2=-0.017151
ALIGN ego[04] partner[03] R2=0.872618 NMSE=0.127382 shuffled_R2=-0.014603
ALIGN ego[04] partner[04] R2=0.798941 NMSE=0.201059 shuffled_R2=-0.020354
Average ego-to-partner alignment R2: 0.811663 +- 0.005889 SE over 100 ego-partner pairs
Average alignment normalized MSE: 0.188337 +- 0.005889 SE
Average shuffled-control alignment R2: -0.019233 +- 0.000585 SE
Saved alignment results to ad_hoc_teamplay_results/lmpred_ema_ad_hoc_teamplay/counter_circuit
Evaluating ad-hoc teamplay for ego_method=lmpred_ema, layout=coord_ring
ego_prefix=checkpoints/lmpred_ema/, partner_pool_specs=e3t:checkpoints/eval_pools/e3t;mep_br:checkpoints/eval_pools/mep_br;pbt:checkpoints/eval_pools/pbt;sp:checkpoints/eval_pools/sp, result_name=lmpred_ema_ad_hoc_teamplay, ego_perspective_transform=true
Importing submoduled environments...
Submoduled environments not found. Skipping import.
2026-07-02 06:45:56.582507: W external/xla/xla/service/gpu/autotuning/dot_search_space.cc:200] All configs were filtered out because none of them sufficiently match the hints. Maybe the hints set does not contain a good representative set of valid configs?Working around this by using the full hints set instead.
2026-07-02 06:45:57.703177: W external/xla/xla/service/gpu/autotuning/dot_search_space.cc:200] All configs were filtered out because none of them sufficiently match the hints. Maybe the hints set does not contain a good representative set of valid configs?Working around this by using the full hints set instead.
LOADED: checkpoints/lmpred_ema/coord_ring/baseline_seed_0_step_220.msgpack
LOADED: checkpoints/lmpred_ema/coord_ring/baseline_seed_1_step_220.msgpack
LOADED: checkpoints/lmpred_ema/coord_ring/baseline_seed_2_step_220.msgpack
LOADED: checkpoints/lmpred_ema/coord_ring/baseline_seed_3_step_220.msgpack
LOADED: checkpoints/lmpred_ema/coord_ring/baseline_seed_4_step_220.msgpack
Evaluating partner group 0: method=e3t, prefix=checkpoints/eval_pools/e3t
LOADED: checkpoints/eval_pools/e3t/coord_ring/baseline_seed_0_step_220.msgpack
LOADED: checkpoints/eval_pools/e3t/coord_ring/baseline_seed_1_step_220.msgpack
LOADED: checkpoints/eval_pools/e3t/coord_ring/baseline_seed_2_step_220.msgpack
LOADED: checkpoints/eval_pools/e3t/coord_ring/baseline_seed_3_step_220.msgpack
LOADED: checkpoints/eval_pools/e3t/coord_ring/baseline_seed_4_step_220.msgpack
Using XP rollout scale: XP_PAIR_BATCH_SIZE=32, EVAL_NUM_EPISODES=128, EVAL_NUM_STEPS=400
XP ego[00] partner[00] = 296.250
XP ego[00] partner[01] = 283.906
XP ego[00] partner[02] = 36.719
XP ego[00] partner[03] = 255.781
XP ego[00] partner[04] = 290.938
XP ego[01] partner[00] = 287.188
XP ego[01] partner[01] = 286.719
XP ego[01] partner[02] = 152.344
XP ego[01] partner[03] = 258.594
XP ego[01] partner[04] = 283.438
XP ego[02] partner[00] = 273.750
XP ego[02] partner[01] = 279.688
XP ego[02] partner[02] = 67.344
XP ego[02] partner[03] = 276.406
XP ego[02] partner[04] = 290.000
XP ego[03] partner[00] = 265.312
XP ego[03] partner[01] = 200.312
XP ego[03] partner[02] = 85.781
XP ego[03] partner[03] = 269.844
XP ego[03] partner[04] = 237.656
XP ego[04] partner[00] = 189.062
XP ego[04] partner[01] = 263.125
XP ego[04] partner[02] = 16.562
XP ego[04] partner[03] = 223.594
XP ego[04] partner[04] = 270.156
Evaluating partner group 1: method=mep_br, prefix=checkpoints/eval_pools/mep_br
LOADED: checkpoints/eval_pools/mep_br/coord_ring/baseline_seed_0_step_220.msgpack
LOADED: checkpoints/eval_pools/mep_br/coord_ring/baseline_seed_1_step_220.msgpack
LOADED: checkpoints/eval_pools/mep_br/coord_ring/baseline_seed_2_step_220.msgpack
LOADED: checkpoints/eval_pools/mep_br/coord_ring/baseline_seed_3_step_220.msgpack
LOADED: checkpoints/eval_pools/mep_br/coord_ring/baseline_seed_4_step_220.msgpack
Using XP rollout scale: XP_PAIR_BATCH_SIZE=32, EVAL_NUM_EPISODES=128, EVAL_NUM_STEPS=400
XP ego[00] partner[00] = 238.281
XP ego[00] partner[01] = 290.938
XP ego[00] partner[02] = 296.406
XP ego[00] partner[03] = 191.562
XP ego[00] partner[04] = 251.875
XP ego[01] partner[00] = 248.125
XP ego[01] partner[01] = 273.750
XP ego[01] partner[02] = 265.312
XP ego[01] partner[03] = 212.500
XP ego[01] partner[04] = 146.250
XP ego[02] partner[00] = 264.219
XP ego[02] partner[01] = 160.469
XP ego[02] partner[02] = 136.406
XP ego[02] partner[03] = 188.438
XP ego[02] partner[04] = 278.750
XP ego[03] partner[00] = 225.625
XP ego[03] partner[01] = 274.375
XP ego[03] partner[02] = 274.062
XP ego[03] partner[03] = 216.875
XP ego[03] partner[04] = 270.625
XP ego[04] partner[00] = 248.906
XP ego[04] partner[01] = 285.781
XP ego[04] partner[02] = 253.906
XP ego[04] partner[03] = 193.906
XP ego[04] partner[04] = 270.938
Evaluating partner group 2: method=pbt, prefix=checkpoints/eval_pools/pbt
LOADED: checkpoints/eval_pools/pbt/coord_ring/baseline_seed_0_step_62.msgpack
LOADED: checkpoints/eval_pools/pbt/coord_ring/baseline_seed_1_step_62.msgpack
LOADED: checkpoints/eval_pools/pbt/coord_ring/baseline_seed_2_step_62.msgpack
LOADED: checkpoints/eval_pools/pbt/coord_ring/baseline_seed_3_step_62.msgpack
LOADED: checkpoints/eval_pools/pbt/coord_ring/baseline_seed_4_step_62.msgpack
Using XP rollout scale: XP_PAIR_BATCH_SIZE=32, EVAL_NUM_EPISODES=128, EVAL_NUM_STEPS=400
XP ego[00] partner[00] = 154.219
XP ego[00] partner[01] = 183.750
XP ego[00] partner[02] = 284.219
XP ego[00] partner[03] = 186.719
XP ego[00] partner[04] = 293.750
XP ego[01] partner[00] = 130.625
XP ego[01] partner[01] = 151.094
XP ego[01] partner[02] = 255.938
XP ego[01] partner[03] = 269.062
XP ego[01] partner[04] = 280.156
XP ego[02] partner[00] = 296.094
XP ego[02] partner[01] = 288.438
XP ego[02] partner[02] = 298.594
XP ego[02] partner[03] = 293.281
XP ego[02] partner[04] = 301.094
XP ego[03] partner[00] = 184.375
XP ego[03] partner[01] = 267.812
XP ego[03] partner[02] = 187.656
XP ego[03] partner[03] = 75.000
XP ego[03] partner[04] = 215.469
XP ego[04] partner[00] = 296.406
XP ego[04] partner[01] = 279.219
XP ego[04] partner[02] = 271.406
XP ego[04] partner[03] = 274.375
XP ego[04] partner[04] = 296.406
Evaluating partner group 3: method=sp, prefix=checkpoints/eval_pools/sp
LOADED: checkpoints/eval_pools/sp/coord_ring/baseline_seed_0_step_220.msgpack
LOADED: checkpoints/eval_pools/sp/coord_ring/baseline_seed_1_step_220.msgpack
LOADED: checkpoints/eval_pools/sp/coord_ring/baseline_seed_2_step_220.msgpack
LOADED: checkpoints/eval_pools/sp/coord_ring/baseline_seed_3_step_220.msgpack
LOADED: checkpoints/eval_pools/sp/coord_ring/baseline_seed_4_step_220.msgpack
Using XP rollout scale: XP_PAIR_BATCH_SIZE=32, EVAL_NUM_EPISODES=128, EVAL_NUM_STEPS=400
XP ego[00] partner[00] = 233.750
XP ego[00] partner[01] = 220.938
XP ego[00] partner[02] = 222.812
XP ego[00] partner[03] = 285.156
XP ego[00] partner[04] = 277.969
XP ego[01] partner[00] = 281.875
XP ego[01] partner[01] = 267.969
XP ego[01] partner[02] = 239.219
XP ego[01] partner[03] = 216.562
XP ego[01] partner[04] = 279.375
XP ego[02] partner[00] = 295.312
XP ego[02] partner[01] = 273.438
XP ego[02] partner[02] = 190.156
XP ego[02] partner[03] = 231.719
XP ego[02] partner[04] = 289.844
XP ego[03] partner[00] = 152.812
XP ego[03] partner[01] = 139.844
XP ego[03] partner[02] = 256.406
XP ego[03] partner[03] = 197.812
XP ego[03] partner[04] = 212.500
XP ego[04] partner[00] = 288.125
XP ego[04] partner[01] = 279.062
XP ego[04] partner[02] = 262.656
XP ego[04] partner[03] = 289.375
XP ego[04] partner[04] = 272.656
Average ego-vs-partner performance: 237.713 +- 6.184 SE over 100 ordered pairs
Average diagonal performance: 238.062 +- 42.976 SE over 5 pairs
Average off-diagonal performance (only for square pools): nan +- nan SE over 0 ordered pairs
Saved ad-hoc teamplay results to ad_hoc_teamplay_results/lmpred_ema_ad_hoc_teamplay/coord_ring
Saved ad-hoc teamplay heatmap to ad_hoc_teamplay_results/lmpred_ema_ad_hoc_teamplay/coord_ring/xp_matrix.png
Evaluating partner alignment group 0: method=e3t, prefix=checkpoints/eval_pools/e3t
LOADED: checkpoints/eval_pools/e3t/coord_ring/baseline_seed_0_step_220.msgpack
LOADED: checkpoints/eval_pools/e3t/coord_ring/baseline_seed_1_step_220.msgpack
LOADED: checkpoints/eval_pools/e3t/coord_ring/baseline_seed_2_step_220.msgpack
LOADED: checkpoints/eval_pools/e3t/coord_ring/baseline_seed_3_step_220.msgpack
LOADED: checkpoints/eval_pools/e3t/coord_ring/baseline_seed_4_step_220.msgpack
Using alignment rollout scale: ALIGN_PAIR_BATCH_SIZE=2, ALIGN_EVAL_NUM_EPISODES=128, ALIGN_EVAL_NUM_STEPS=400
ALIGN ego[00] partner[00] R2=0.886328 NMSE=0.113672 shuffled_R2=-0.027426
ALIGN ego[00] partner[01] R2=0.763177 NMSE=0.236823 shuffled_R2=-0.042424
ALIGN ego[00] partner[02] R2=0.952146 NMSE=0.047854 shuffled_R2=-0.019131
ALIGN ego[00] partner[03] R2=0.891231 NMSE=0.108769 shuffled_R2=-0.017126
ALIGN ego[00] partner[04] R2=0.901504 NMSE=0.098496 shuffled_R2=-0.016403
ALIGN ego[01] partner[00] R2=0.902568 NMSE=0.097432 shuffled_R2=-0.018359
ALIGN ego[01] partner[01] R2=0.869503 NMSE=0.130497 shuffled_R2=-0.015581
ALIGN ego[01] partner[02] R2=0.885813 NMSE=0.114187 shuffled_R2=-0.023712
ALIGN ego[01] partner[03] R2=0.893996 NMSE=0.106004 shuffled_R2=-0.014408
ALIGN ego[01] partner[04] R2=0.896140 NMSE=0.103860 shuffled_R2=-0.015212
ALIGN ego[02] partner[00] R2=0.767437 NMSE=0.232563 shuffled_R2=-0.028416
ALIGN ego[02] partner[01] R2=0.754912 NMSE=0.245088 shuffled_R2=-0.033878
ALIGN ego[02] partner[02] R2=0.682897 NMSE=0.317103 shuffled_R2=-0.096156
ALIGN ego[02] partner[03] R2=0.871533 NMSE=0.128467 shuffled_R2=-0.013293
ALIGN ego[02] partner[04] R2=0.773841 NMSE=0.226159 shuffled_R2=-0.027736
ALIGN ego[03] partner[00] R2=0.928283 NMSE=0.071717 shuffled_R2=-0.016730
ALIGN ego[03] partner[01] R2=0.915608 NMSE=0.084392 shuffled_R2=-0.018654
ALIGN ego[03] partner[02] R2=0.956658 NMSE=0.043342 shuffled_R2=-0.017881
ALIGN ego[03] partner[03] R2=0.904098 NMSE=0.095902 shuffled_R2=-0.019094
ALIGN ego[03] partner[04] R2=0.902106 NMSE=0.097894 shuffled_R2=-0.016458
ALIGN ego[04] partner[00] R2=0.897225 NMSE=0.102775 shuffled_R2=-0.016041
ALIGN ego[04] partner[01] R2=0.847360 NMSE=0.152640 shuffled_R2=-0.016371
ALIGN ego[04] partner[02] R2=0.932466 NMSE=0.067534 shuffled_R2=-0.017568
ALIGN ego[04] partner[03] R2=0.880723 NMSE=0.119277 shuffled_R2=-0.013912
ALIGN ego[04] partner[04] R2=0.861853 NMSE=0.138147 shuffled_R2=-0.015498
Evaluating partner alignment group 1: method=mep_br, prefix=checkpoints/eval_pools/mep_br
LOADED: checkpoints/eval_pools/mep_br/coord_ring/baseline_seed_0_step_220.msgpack
LOADED: checkpoints/eval_pools/mep_br/coord_ring/baseline_seed_1_step_220.msgpack
LOADED: checkpoints/eval_pools/mep_br/coord_ring/baseline_seed_2_step_220.msgpack
LOADED: checkpoints/eval_pools/mep_br/coord_ring/baseline_seed_3_step_220.msgpack
LOADED: checkpoints/eval_pools/mep_br/coord_ring/baseline_seed_4_step_220.msgpack
Using alignment rollout scale: ALIGN_PAIR_BATCH_SIZE=2, ALIGN_EVAL_NUM_EPISODES=128, ALIGN_EVAL_NUM_STEPS=400
ALIGN ego[00] partner[00] R2=0.930458 NMSE=0.069542 shuffled_R2=-0.015968
ALIGN ego[00] partner[01] R2=0.925686 NMSE=0.074314 shuffled_R2=-0.014945
ALIGN ego[00] partner[02] R2=0.916968 NMSE=0.083032 shuffled_R2=-0.016653
ALIGN ego[00] partner[03] R2=0.953962 NMSE=0.046038 shuffled_R2=-0.019517
ALIGN ego[00] partner[04] R2=0.789755 NMSE=0.210245 shuffled_R2=-0.036405
ALIGN ego[01] partner[00] R2=0.896723 NMSE=0.103277 shuffled_R2=-0.016592
ALIGN ego[01] partner[01] R2=0.928802 NMSE=0.071198 shuffled_R2=-0.014955
ALIGN ego[01] partner[02] R2=0.813165 NMSE=0.186835 shuffled_R2=-0.028358
ALIGN ego[01] partner[03] R2=0.933626 NMSE=0.066374 shuffled_R2=-0.015803
ALIGN ego[01] partner[04] R2=0.924010 NMSE=0.075990 shuffled_R2=-0.017923
ALIGN ego[02] partner[00] R2=0.859572 NMSE=0.140428 shuffled_R2=-0.021181
ALIGN ego[02] partner[01] R2=0.885004 NMSE=0.114996 shuffled_R2=-0.019261
ALIGN ego[02] partner[02] R2=0.805982 NMSE=0.194018 shuffled_R2=-0.038792
ALIGN ego[02] partner[03] R2=0.866204 NMSE=0.133796 shuffled_R2=-0.035799
ALIGN ego[02] partner[04] R2=0.901680 NMSE=0.098320 shuffled_R2=-0.016225
ALIGN ego[03] partner[00] R2=0.916898 NMSE=0.083102 shuffled_R2=-0.014926
ALIGN ego[03] partner[01] R2=0.864242 NMSE=0.135758 shuffled_R2=-0.016286
ALIGN ego[03] partner[02] R2=0.662876 NMSE=0.337124 shuffled_R2=-0.054364
ALIGN ego[03] partner[03] R2=0.936333 NMSE=0.063667 shuffled_R2=-0.017026
ALIGN ego[03] partner[04] R2=0.909777 NMSE=0.090223 shuffled_R2=-0.015508
ALIGN ego[04] partner[00] R2=0.880603 NMSE=0.119397 shuffled_R2=-0.018912
ALIGN ego[04] partner[01] R2=0.898383 NMSE=0.101617 shuffled_R2=-0.014912
ALIGN ego[04] partner[02] R2=0.874299 NMSE=0.125701 shuffled_R2=-0.018152
ALIGN ego[04] partner[03] R2=0.947188 NMSE=0.052812 shuffled_R2=-0.017963
ALIGN ego[04] partner[04] R2=0.914114 NMSE=0.085886 shuffled_R2=-0.016488
Evaluating partner alignment group 2: method=pbt, prefix=checkpoints/eval_pools/pbt
LOADED: checkpoints/eval_pools/pbt/coord_ring/baseline_seed_0_step_62.msgpack
LOADED: checkpoints/eval_pools/pbt/coord_ring/baseline_seed_1_step_62.msgpack
LOADED: checkpoints/eval_pools/pbt/coord_ring/baseline_seed_2_step_62.msgpack
LOADED: checkpoints/eval_pools/pbt/coord_ring/baseline_seed_3_step_62.msgpack
LOADED: checkpoints/eval_pools/pbt/coord_ring/baseline_seed_4_step_62.msgpack
Using alignment rollout scale: ALIGN_PAIR_BATCH_SIZE=2, ALIGN_EVAL_NUM_EPISODES=128, ALIGN_EVAL_NUM_STEPS=400
ALIGN ego[00] partner[00] R2=0.416337 NMSE=0.583663 shuffled_R2=-0.178783
ALIGN ego[00] partner[01] R2=0.829534 NMSE=0.170466 shuffled_R2=-0.018019
ALIGN ego[00] partner[02] R2=0.817309 NMSE=0.182691 shuffled_R2=-0.018142
ALIGN ego[00] partner[03] R2=0.846082 NMSE=0.153918 shuffled_R2=-0.018634
ALIGN ego[00] partner[04] R2=0.714928 NMSE=0.285072 shuffled_R2=-0.044338
ALIGN ego[01] partner[00] R2=0.745199 NMSE=0.254801 shuffled_R2=-0.026741
ALIGN ego[01] partner[01] R2=0.832316 NMSE=0.167684 shuffled_R2=-0.016490
ALIGN ego[01] partner[02] R2=0.703165 NMSE=0.296835 shuffled_R2=-0.025572
ALIGN ego[01] partner[03] R2=0.748051 NMSE=0.251949 shuffled_R2=-0.022711
ALIGN ego[01] partner[04] R2=0.808631 NMSE=0.191369 shuffled_R2=-0.019758
ALIGN ego[02] partner[00] R2=0.812674 NMSE=0.187326 shuffled_R2=-0.013634
ALIGN ego[02] partner[01] R2=0.817352 NMSE=0.182648 shuffled_R2=-0.016046
ALIGN ego[02] partner[02] R2=0.821563 NMSE=0.178437 shuffled_R2=-0.014043
ALIGN ego[02] partner[03] R2=0.826827 NMSE=0.173173 shuffled_R2=-0.015477
ALIGN ego[02] partner[04] R2=0.806405 NMSE=0.193595 shuffled_R2=-0.014428
ALIGN ego[03] partner[00] R2=0.648047 NMSE=0.351953 shuffled_R2=-0.044724
ALIGN ego[03] partner[01] R2=0.716059 NMSE=0.283941 shuffled_R2=-0.022809
ALIGN ego[03] partner[02] R2=0.835496 NMSE=0.164504 shuffled_R2=-0.015689
ALIGN ego[03] partner[03] R2=0.674645 NMSE=0.325355 shuffled_R2=-0.030936
ALIGN ego[03] partner[04] R2=0.721937 NMSE=0.278063 shuffled_R2=-0.018667
ALIGN ego[04] partner[00] R2=0.802635 NMSE=0.197365 shuffled_R2=-0.013496
ALIGN ego[04] partner[01] R2=0.783845 NMSE=0.216155 shuffled_R2=-0.018224
ALIGN ego[04] partner[02] R2=0.776536 NMSE=0.223464 shuffled_R2=-0.017192
ALIGN ego[04] partner[03] R2=0.794938 NMSE=0.205062 shuffled_R2=-0.016711
ALIGN ego[04] partner[04] R2=0.768251 NMSE=0.231749 shuffled_R2=-0.013704
Evaluating partner alignment group 3: method=sp, prefix=checkpoints/eval_pools/sp
LOADED: checkpoints/eval_pools/sp/coord_ring/baseline_seed_0_step_220.msgpack
LOADED: checkpoints/eval_pools/sp/coord_ring/baseline_seed_1_step_220.msgpack
LOADED: checkpoints/eval_pools/sp/coord_ring/baseline_seed_2_step_220.msgpack
LOADED: checkpoints/eval_pools/sp/coord_ring/baseline_seed_3_step_220.msgpack
LOADED: checkpoints/eval_pools/sp/coord_ring/baseline_seed_4_step_220.msgpack
Using alignment rollout scale: ALIGN_PAIR_BATCH_SIZE=2, ALIGN_EVAL_NUM_EPISODES=128, ALIGN_EVAL_NUM_STEPS=400
ALIGN ego[00] partner[00] R2=0.924426 NMSE=0.075574 shuffled_R2=-0.021712
ALIGN ego[00] partner[01] R2=0.888738 NMSE=0.111262 shuffled_R2=-0.027411
ALIGN ego[00] partner[02] R2=0.808552 NMSE=0.191448 shuffled_R2=-0.029501
ALIGN ego[00] partner[03] R2=0.908079 NMSE=0.091921 shuffled_R2=-0.015593
ALIGN ego[00] partner[04] R2=0.943412 NMSE=0.056588 shuffled_R2=-0.014698
ALIGN ego[01] partner[00] R2=0.902081 NMSE=0.097919 shuffled_R2=-0.014705
ALIGN ego[01] partner[01] R2=0.808923 NMSE=0.191077 shuffled_R2=-0.027915
ALIGN ego[01] partner[02] R2=0.744132 NMSE=0.255868 shuffled_R2=-0.043539
ALIGN ego[01] partner[03] R2=0.905740 NMSE=0.094260 shuffled_R2=-0.015538
ALIGN ego[01] partner[04] R2=0.928369 NMSE=0.071631 shuffled_R2=-0.015640
ALIGN ego[02] partner[00] R2=0.900265 NMSE=0.099735 shuffled_R2=-0.017651
ALIGN ego[02] partner[01] R2=0.695451 NMSE=0.304549 shuffled_R2=-0.032391
ALIGN ego[02] partner[02] R2=0.904933 NMSE=0.095067 shuffled_R2=-0.016501
ALIGN ego[02] partner[03] R2=0.889369 NMSE=0.110631 shuffled_R2=-0.014108
ALIGN ego[02] partner[04] R2=0.927088 NMSE=0.072912 shuffled_R2=-0.016221
ALIGN ego[03] partner[00] R2=0.878903 NMSE=0.121097 shuffled_R2=-0.014222
ALIGN ego[03] partner[01] R2=0.897597 NMSE=0.102403 shuffled_R2=-0.015414
ALIGN ego[03] partner[02] R2=0.871296 NMSE=0.128704 shuffled_R2=-0.015232
ALIGN ego[03] partner[03] R2=0.893672 NMSE=0.106328 shuffled_R2=-0.018728
ALIGN ego[03] partner[04] R2=0.917210 NMSE=0.082790 shuffled_R2=-0.015389
ALIGN ego[04] partner[00] R2=0.871880 NMSE=0.128120 shuffled_R2=-0.019573
ALIGN ego[04] partner[01] R2=0.889176 NMSE=0.110824 shuffled_R2=-0.015388
ALIGN ego[04] partner[02] R2=0.842247 NMSE=0.157753 shuffled_R2=-0.026136
ALIGN ego[04] partner[03] R2=0.905282 NMSE=0.094718 shuffled_R2=-0.014374
ALIGN ego[04] partner[04] R2=0.896471 NMSE=0.103529 shuffled_R2=-0.020049
Average ego-to-partner alignment R2: 0.848678 +- 0.008607 SE over 100 ego-partner pairs
Average alignment normalized MSE: 0.151322 +- 0.008607 SE
Average shuffled-control alignment R2: -0.022830 +- 0.001926 SE
Saved alignment results to ad_hoc_teamplay_results/lmpred_ema_ad_hoc_teamplay/coord_ring
Evaluating ad-hoc teamplay for ego_method=lmpred_ema, layout=cramped_room5x5
ego_prefix=checkpoints/lmpred_ema/, partner_pool_specs=e3t:checkpoints/eval_pools/e3t;mep_br:checkpoints/eval_pools/mep_br;pbt:checkpoints/eval_pools/pbt;sp:checkpoints/eval_pools/sp, result_name=lmpred_ema_ad_hoc_teamplay, ego_perspective_transform=true
Importing submoduled environments...
Submoduled environments not found. Skipping import.
2026-07-02 06:49:34.356296: W external/xla/xla/service/gpu/autotuning/dot_search_space.cc:200] All configs were filtered out because none of them sufficiently match the hints. Maybe the hints set does not contain a good representative set of valid configs?Working around this by using the full hints set instead.
2026-07-02 06:49:35.374953: W external/xla/xla/service/gpu/autotuning/dot_search_space.cc:200] All configs were filtered out because none of them sufficiently match the hints. Maybe the hints set does not contain a good representative set of valid configs?Working around this by using the full hints set instead.
LOADED: checkpoints/lmpred_ema/cramped_room5x5/baseline_seed_0_step_220.msgpack
LOADED: checkpoints/lmpred_ema/cramped_room5x5/baseline_seed_1_step_220.msgpack
LOADED: checkpoints/lmpred_ema/cramped_room5x5/baseline_seed_2_step_220.msgpack
LOADED: checkpoints/lmpred_ema/cramped_room5x5/baseline_seed_3_step_220.msgpack
LOADED: checkpoints/lmpred_ema/cramped_room5x5/baseline_seed_4_step_220.msgpack
Evaluating partner group 0: method=e3t, prefix=checkpoints/eval_pools/e3t
LOADED: checkpoints/eval_pools/e3t/cramped_room5x5/baseline_seed_0_step_220.msgpack
LOADED: checkpoints/eval_pools/e3t/cramped_room5x5/baseline_seed_1_step_220.msgpack
LOADED: checkpoints/eval_pools/e3t/cramped_room5x5/baseline_seed_2_step_220.msgpack
LOADED: checkpoints/eval_pools/e3t/cramped_room5x5/baseline_seed_3_step_220.msgpack
LOADED: checkpoints/eval_pools/e3t/cramped_room5x5/baseline_seed_4_step_220.msgpack
Using XP rollout scale: XP_PAIR_BATCH_SIZE=32, EVAL_NUM_EPISODES=128, EVAL_NUM_STEPS=400
XP ego[00] partner[00] = 180.781
XP ego[00] partner[01] = 189.062
XP ego[00] partner[02] = 214.062
XP ego[00] partner[03] = 172.500
XP ego[00] partner[04] = 136.875
XP ego[01] partner[00] = 222.656
XP ego[01] partner[01] = 200.938
XP ego[01] partner[02] = 249.062
XP ego[01] partner[03] = 231.094
XP ego[01] partner[04] = 214.531
XP ego[02] partner[00] = 233.125
XP ego[02] partner[01] = 220.312
XP ego[02] partner[02] = 209.531
XP ego[02] partner[03] = 237.031
XP ego[02] partner[04] = 216.875
XP ego[03] partner[00] = 220.000
XP ego[03] partner[01] = 206.719
XP ego[03] partner[02] = 243.438
XP ego[03] partner[03] = 210.156
XP ego[03] partner[04] = 224.219
XP ego[04] partner[00] = 171.719
XP ego[04] partner[01] = 225.781
XP ego[04] partner[02] = 237.031
XP ego[04] partner[03] = 219.531
XP ego[04] partner[04] = 120.156
Evaluating partner group 1: method=mep_br, prefix=checkpoints/eval_pools/mep_br
LOADED: checkpoints/eval_pools/mep_br/cramped_room5x5/baseline_seed_0_step_220.msgpack
LOADED: checkpoints/eval_pools/mep_br/cramped_room5x5/baseline_seed_1_step_220.msgpack
LOADED: checkpoints/eval_pools/mep_br/cramped_room5x5/baseline_seed_2_step_220.msgpack
LOADED: checkpoints/eval_pools/mep_br/cramped_room5x5/baseline_seed_3_step_220.msgpack
LOADED: checkpoints/eval_pools/mep_br/cramped_room5x5/baseline_seed_4_step_220.msgpack
Using XP rollout scale: XP_PAIR_BATCH_SIZE=32, EVAL_NUM_EPISODES=128, EVAL_NUM_STEPS=400
XP ego[00] partner[00] = 93.906
XP ego[00] partner[01] = 212.656
XP ego[00] partner[02] = 158.594
XP ego[00] partner[03] = 231.094
XP ego[00] partner[04] = 215.000
XP ego[01] partner[00] = 118.125
XP ego[01] partner[01] = 201.406
XP ego[01] partner[02] = 181.562
XP ego[01] partner[03] = 213.125
XP ego[01] partner[04] = 225.625
XP ego[02] partner[00] = 205.625
XP ego[02] partner[01] = 209.375
XP ego[02] partner[02] = 236.094
XP ego[02] partner[03] = 232.031
XP ego[02] partner[04] = 236.250
XP ego[03] partner[00] = 211.094
XP ego[03] partner[01] = 231.094
XP ego[03] partner[02] = 221.094
XP ego[03] partner[03] = 238.906
XP ego[03] partner[04] = 217.500
XP ego[04] partner[00] = 222.656
XP ego[04] partner[01] = 204.375
XP ego[04] partner[02] = 235.469
XP ego[04] partner[03] = 211.406
XP ego[04] partner[04] = 236.562
Evaluating partner group 2: method=pbt, prefix=checkpoints/eval_pools/pbt
LOADED: checkpoints/eval_pools/pbt/cramped_room5x5/baseline_seed_0_step_62.msgpack
LOADED: checkpoints/eval_pools/pbt/cramped_room5x5/baseline_seed_1_step_62.msgpack
LOADED: checkpoints/eval_pools/pbt/cramped_room5x5/baseline_seed_2_step_62.msgpack
LOADED: checkpoints/eval_pools/pbt/cramped_room5x5/baseline_seed_3_step_62.msgpack
LOADED: checkpoints/eval_pools/pbt/cramped_room5x5/baseline_seed_4_step_62.msgpack
Using XP rollout scale: XP_PAIR_BATCH_SIZE=32, EVAL_NUM_EPISODES=128, EVAL_NUM_STEPS=400
XP ego[00] partner[00] = 22.344
XP ego[00] partner[01] = 22.344
XP ego[00] partner[02] = 27.969
XP ego[00] partner[03] = 22.031
XP ego[00] partner[04] = 16.250
XP ego[01] partner[00] = 134.844
XP ego[01] partner[01] = 153.906
XP ego[01] partner[02] = 182.188
XP ego[01] partner[03] = 177.969
XP ego[01] partner[04] = 171.094
XP ego[02] partner[00] = 225.781
XP ego[02] partner[01] = 204.219
XP ego[02] partner[02] = 205.000
XP ego[02] partner[03] = 215.312
XP ego[02] partner[04] = 191.875
XP ego[03] partner[00] = 237.656
XP ego[03] partner[01] = 228.125
XP ego[03] partner[02] = 233.438
XP ego[03] partner[03] = 238.750
XP ego[03] partner[04] = 239.688
XP ego[04] partner[00] = 186.250
XP ego[04] partner[01] = 135.781
XP ego[04] partner[02] = 98.125
XP ego[04] partner[03] = 210.000
XP ego[04] partner[04] = 202.500
Evaluating partner group 3: method=sp, prefix=checkpoints/eval_pools/sp
LOADED: checkpoints/eval_pools/sp/cramped_room5x5/baseline_seed_0_step_220.msgpack
LOADED: checkpoints/eval_pools/sp/cramped_room5x5/baseline_seed_1_step_220.msgpack
LOADED: checkpoints/eval_pools/sp/cramped_room5x5/baseline_seed_2_step_220.msgpack
LOADED: checkpoints/eval_pools/sp/cramped_room5x5/baseline_seed_3_step_220.msgpack
LOADED: checkpoints/eval_pools/sp/cramped_room5x5/baseline_seed_4_step_220.msgpack
Using XP rollout scale: XP_PAIR_BATCH_SIZE=32, EVAL_NUM_EPISODES=128, EVAL_NUM_STEPS=400
XP ego[00] partner[00] = 204.531
XP ego[00] partner[01] = 215.156
XP ego[00] partner[02] = 184.531
XP ego[00] partner[03] = 199.688
XP ego[00] partner[04] = 212.500
XP ego[01] partner[00] = 220.938
XP ego[01] partner[01] = 162.812
XP ego[01] partner[02] = 222.656
XP ego[01] partner[03] = 225.469
XP ego[01] partner[04] = 198.750
XP ego[02] partner[00] = 226.250
XP ego[02] partner[01] = 213.906
XP ego[02] partner[02] = 229.688
XP ego[02] partner[03] = 232.500
XP ego[02] partner[04] = 194.219
XP ego[03] partner[00] = 228.125
XP ego[03] partner[01] = 205.000
XP ego[03] partner[02] = 243.750
XP ego[03] partner[03] = 240.469
XP ego[03] partner[04] = 216.719
XP ego[04] partner[00] = 213.750
XP ego[04] partner[01] = 151.562
XP ego[04] partner[02] = 79.844
XP ego[04] partner[03] = 207.969
XP ego[04] partner[04] = 219.219
Average ego-vs-partner performance: 195.412 +- 5.249 SE over 100 ordered pairs
Average diagonal performance: 184.312 +- 16.895 SE over 5 pairs
Average off-diagonal performance (only for square pools): nan +- nan SE over 0 ordered pairs
Saved ad-hoc teamplay results to ad_hoc_teamplay_results/lmpred_ema_ad_hoc_teamplay/cramped_room5x5
Saved ad-hoc teamplay heatmap to ad_hoc_teamplay_results/lmpred_ema_ad_hoc_teamplay/cramped_room5x5/xp_matrix.png
Evaluating partner alignment group 0: method=e3t, prefix=checkpoints/eval_pools/e3t
LOADED: checkpoints/eval_pools/e3t/cramped_room5x5/baseline_seed_0_step_220.msgpack
LOADED: checkpoints/eval_pools/e3t/cramped_room5x5/baseline_seed_1_step_220.msgpack
LOADED: checkpoints/eval_pools/e3t/cramped_room5x5/baseline_seed_2_step_220.msgpack
LOADED: checkpoints/eval_pools/e3t/cramped_room5x5/baseline_seed_3_step_220.msgpack
LOADED: checkpoints/eval_pools/e3t/cramped_room5x5/baseline_seed_4_step_220.msgpack
Using alignment rollout scale: ALIGN_PAIR_BATCH_SIZE=2, ALIGN_EVAL_NUM_EPISODES=128, ALIGN_EVAL_NUM_STEPS=400
ALIGN ego[00] partner[00] R2=0.950529 NMSE=0.049471 shuffled_R2=-0.017635
ALIGN ego[00] partner[01] R2=0.960470 NMSE=0.039530 shuffled_R2=-0.017679
ALIGN ego[00] partner[02] R2=0.950300 NMSE=0.049700 shuffled_R2=-0.016097
ALIGN ego[00] partner[03] R2=0.842698 NMSE=0.157302 shuffled_R2=-0.037876
ALIGN ego[00] partner[04] R2=0.968229 NMSE=0.031771 shuffled_R2=-0.020807
ALIGN ego[01] partner[00] R2=0.853839 NMSE=0.146161 shuffled_R2=-0.102670
ALIGN ego[01] partner[01] R2=0.918859 NMSE=0.081141 shuffled_R2=-0.024069
ALIGN ego[01] partner[02] R2=0.942661 NMSE=0.057339 shuffled_R2=-0.018840
ALIGN ego[01] partner[03] R2=0.900782 NMSE=0.099218 shuffled_R2=-0.037256
ALIGN ego[01] partner[04] R2=0.915017 NMSE=0.084983 shuffled_R2=-0.026558
ALIGN ego[02] partner[00] R2=0.946996 NMSE=0.053004 shuffled_R2=-0.018585
ALIGN ego[02] partner[01] R2=0.942148 NMSE=0.057852 shuffled_R2=-0.015821
ALIGN ego[02] partner[02] R2=0.942336 NMSE=0.057664 shuffled_R2=-0.016977
ALIGN ego[02] partner[03] R2=0.940737 NMSE=0.059263 shuffled_R2=-0.020176
ALIGN ego[02] partner[04] R2=0.934580 NMSE=0.065420 shuffled_R2=-0.022647
ALIGN ego[03] partner[00] R2=0.946284 NMSE=0.053716 shuffled_R2=-0.019429
ALIGN ego[03] partner[01] R2=0.959034 NMSE=0.040966 shuffled_R2=-0.022813
ALIGN ego[03] partner[02] R2=0.963099 NMSE=0.036901 shuffled_R2=-0.016797
ALIGN ego[03] partner[03] R2=0.949991 NMSE=0.050009 shuffled_R2=-0.016213
ALIGN ego[03] partner[04] R2=0.963860 NMSE=0.036140 shuffled_R2=-0.015796
ALIGN ego[04] partner[00] R2=0.959513 NMSE=0.040487 shuffled_R2=-0.014214
ALIGN ego[04] partner[01] R2=0.913983 NMSE=0.086017 shuffled_R2=-0.027082
ALIGN ego[04] partner[02] R2=0.946078 NMSE=0.053922 shuffled_R2=-0.016755
ALIGN ego[04] partner[03] R2=0.939631 NMSE=0.060369 shuffled_R2=-0.017889
ALIGN ego[04] partner[04] R2=0.778364 NMSE=0.221636 shuffled_R2=-0.074092
Evaluating partner alignment group 1: method=mep_br, prefix=checkpoints/eval_pools/mep_br
LOADED: checkpoints/eval_pools/mep_br/cramped_room5x5/baseline_seed_0_step_220.msgpack
LOADED: checkpoints/eval_pools/mep_br/cramped_room5x5/baseline_seed_1_step_220.msgpack
LOADED: checkpoints/eval_pools/mep_br/cramped_room5x5/baseline_seed_2_step_220.msgpack
LOADED: checkpoints/eval_pools/mep_br/cramped_room5x5/baseline_seed_3_step_220.msgpack
LOADED: checkpoints/eval_pools/mep_br/cramped_room5x5/baseline_seed_4_step_220.msgpack
Using alignment rollout scale: ALIGN_PAIR_BATCH_SIZE=2, ALIGN_EVAL_NUM_EPISODES=128, ALIGN_EVAL_NUM_STEPS=400
ALIGN ego[00] partner[00] R2=0.944859 NMSE=0.055141 shuffled_R2=-0.014823
ALIGN ego[00] partner[01] R2=0.945859 NMSE=0.054141 shuffled_R2=-0.016347
ALIGN ego[00] partner[02] R2=0.934959 NMSE=0.065041 shuffled_R2=-0.015920
ALIGN ego[00] partner[03] R2=0.946596 NMSE=0.053404 shuffled_R2=-0.016375
ALIGN ego[00] partner[04] R2=0.947386 NMSE=0.052614 shuffled_R2=-0.015996
ALIGN ego[01] partner[00] R2=0.869823 NMSE=0.130177 shuffled_R2=-0.032489
ALIGN ego[01] partner[01] R2=0.940756 NMSE=0.059244 shuffled_R2=-0.017429
ALIGN ego[01] partner[02] R2=0.897065 NMSE=0.102935 shuffled_R2=-0.022043
ALIGN ego[01] partner[03] R2=0.956623 NMSE=0.043377 shuffled_R2=-0.015021
ALIGN ego[01] partner[04] R2=0.947202 NMSE=0.052798 shuffled_R2=-0.018370
ALIGN ego[02] partner[00] R2=0.683170 NMSE=0.316830 shuffled_R2=-0.185255
ALIGN ego[02] partner[01] R2=0.929766 NMSE=0.070234 shuffled_R2=-0.015756
ALIGN ego[02] partner[02] R2=0.874416 NMSE=0.125584 shuffled_R2=-0.047775
ALIGN ego[02] partner[03] R2=0.936066 NMSE=0.063934 shuffled_R2=-0.019525
ALIGN ego[02] partner[04] R2=0.946521 NMSE=0.053479 shuffled_R2=-0.022860
ALIGN ego[03] partner[00] R2=0.934629 NMSE=0.065371 shuffled_R2=-0.019067
ALIGN ego[03] partner[01] R2=0.948826 NMSE=0.051174 shuffled_R2=-0.015067
ALIGN ego[03] partner[02] R2=0.947791 NMSE=0.052209 shuffled_R2=-0.016409
ALIGN ego[03] partner[03] R2=0.964263 NMSE=0.035737 shuffled_R2=-0.019197
ALIGN ego[03] partner[04] R2=0.949559 NMSE=0.050441 shuffled_R2=-0.015864
ALIGN ego[04] partner[00] R2=0.946988 NMSE=0.053012 shuffled_R2=-0.018911
ALIGN ego[04] partner[01] R2=0.955146 NMSE=0.044854 shuffled_R2=-0.015508
ALIGN ego[04] partner[02] R2=0.956091 NMSE=0.043909 shuffled_R2=-0.018348
ALIGN ego[04] partner[03] R2=0.962237 NMSE=0.037763 shuffled_R2=-0.016678
ALIGN ego[04] partner[04] R2=0.966532 NMSE=0.033468 shuffled_R2=-0.014652
Evaluating partner alignment group 2: method=pbt, prefix=checkpoints/eval_pools/pbt
LOADED: checkpoints/eval_pools/pbt/cramped_room5x5/baseline_seed_0_step_62.msgpack
LOADED: checkpoints/eval_pools/pbt/cramped_room5x5/baseline_seed_1_step_62.msgpack
LOADED: checkpoints/eval_pools/pbt/cramped_room5x5/baseline_seed_2_step_62.msgpack
LOADED: checkpoints/eval_pools/pbt/cramped_room5x5/baseline_seed_3_step_62.msgpack
LOADED: checkpoints/eval_pools/pbt/cramped_room5x5/baseline_seed_4_step_62.msgpack
Using alignment rollout scale: ALIGN_PAIR_BATCH_SIZE=2, ALIGN_EVAL_NUM_EPISODES=128, ALIGN_EVAL_NUM_STEPS=400
ALIGN ego[00] partner[00] R2=0.315122 NMSE=0.684878 shuffled_R2=-0.150152
ALIGN ego[00] partner[01] R2=-0.060741 NMSE=1.060741 shuffled_R2=-0.208474
ALIGN ego[00] partner[02] R2=0.857284 NMSE=0.142716 shuffled_R2=-0.018927
ALIGN ego[00] partner[03] R2=-1.332298 NMSE=2.332298 shuffled_R2=-0.291770
ALIGN ego[00] partner[04] R2=-0.023587 NMSE=1.023587 shuffled_R2=-0.578006
ALIGN ego[01] partner[00] R2=0.881598 NMSE=0.118402 shuffled_R2=-0.016021
ALIGN ego[01] partner[01] R2=0.746838 NMSE=0.253162 shuffled_R2=-0.044075
ALIGN ego[01] partner[02] R2=0.565873 NMSE=0.434127 shuffled_R2=-0.084665
ALIGN ego[01] partner[03] R2=0.777671 NMSE=0.222329 shuffled_R2=-0.028119
ALIGN ego[01] partner[04] R2=0.886810 NMSE=0.113190 shuffled_R2=-0.018007
ALIGN ego[02] partner[00] R2=0.869769 NMSE=0.130231 shuffled_R2=-0.015375
ALIGN ego[02] partner[01] R2=0.838485 NMSE=0.161515 shuffled_R2=-0.016878
ALIGN ego[02] partner[02] R2=0.816367 NMSE=0.183633 shuffled_R2=-0.020443
ALIGN ego[02] partner[03] R2=0.793055 NMSE=0.206945 shuffled_R2=-0.044093
ALIGN ego[02] partner[04] R2=0.874503 NMSE=0.125497 shuffled_R2=-0.016245
ALIGN ego[03] partner[00] R2=0.870583 NMSE=0.129417 shuffled_R2=-0.017744
ALIGN ego[03] partner[01] R2=0.877584 NMSE=0.122416 shuffled_R2=-0.013999
ALIGN ego[03] partner[02] R2=0.894261 NMSE=0.105739 shuffled_R2=-0.017298
ALIGN ego[03] partner[03] R2=0.870863 NMSE=0.129137 shuffled_R2=-0.016852
ALIGN ego[03] partner[04] R2=0.869233 NMSE=0.130767 shuffled_R2=-0.013825
ALIGN ego[04] partner[00] R2=0.905950 NMSE=0.094050 shuffled_R2=-0.014172
ALIGN ego[04] partner[01] R2=0.851570 NMSE=0.148430 shuffled_R2=-0.017116
ALIGN ego[04] partner[02] R2=0.870450 NMSE=0.129550 shuffled_R2=-0.013669
ALIGN ego[04] partner[03] R2=0.871953 NMSE=0.128047 shuffled_R2=-0.027099
ALIGN ego[04] partner[04] R2=0.869409 NMSE=0.130591 shuffled_R2=-0.016862
Evaluating partner alignment group 3: method=sp, prefix=checkpoints/eval_pools/sp
LOADED: checkpoints/eval_pools/sp/cramped_room5x5/baseline_seed_0_step_220.msgpack
LOADED: checkpoints/eval_pools/sp/cramped_room5x5/baseline_seed_1_step_220.msgpack
LOADED: checkpoints/eval_pools/sp/cramped_room5x5/baseline_seed_2_step_220.msgpack
LOADED: checkpoints/eval_pools/sp/cramped_room5x5/baseline_seed_3_step_220.msgpack
LOADED: checkpoints/eval_pools/sp/cramped_room5x5/baseline_seed_4_step_220.msgpack
Using alignment rollout scale: ALIGN_PAIR_BATCH_SIZE=2, ALIGN_EVAL_NUM_EPISODES=128, ALIGN_EVAL_NUM_STEPS=400
ALIGN ego[00] partner[00] R2=0.930148 NMSE=0.069852 shuffled_R2=-0.022439
ALIGN ego[00] partner[01] R2=0.945563 NMSE=0.054437 shuffled_R2=-0.020463
ALIGN ego[00] partner[02] R2=0.939117 NMSE=0.060883 shuffled_R2=-0.020576
ALIGN ego[00] partner[03] R2=0.947867 NMSE=0.052133 shuffled_R2=-0.014767
ALIGN ego[00] partner[04] R2=0.959649 NMSE=0.040351 shuffled_R2=-0.017473
ALIGN ego[01] partner[00] R2=0.867473 NMSE=0.132527 shuffled_R2=-0.056294
ALIGN ego[01] partner[01] R2=0.963689 NMSE=0.036311 shuffled_R2=-0.016686
ALIGN ego[01] partner[02] R2=0.935834 NMSE=0.064166 shuffled_R2=-0.021491
ALIGN ego[01] partner[03] R2=0.945877 NMSE=0.054123 shuffled_R2=-0.018824
ALIGN ego[01] partner[04] R2=0.875564 NMSE=0.124436 shuffled_R2=-0.048816
ALIGN ego[02] partner[00] R2=0.959035 NMSE=0.040965 shuffled_R2=-0.017599
ALIGN ego[02] partner[01] R2=0.960802 NMSE=0.039198 shuffled_R2=-0.019675
ALIGN ego[02] partner[02] R2=0.820460 NMSE=0.179540 shuffled_R2=-0.088509
ALIGN ego[02] partner[03] R2=0.964527 NMSE=0.035473 shuffled_R2=-0.014447
ALIGN ego[02] partner[04] R2=0.963948 NMSE=0.036052 shuffled_R2=-0.020859
ALIGN ego[03] partner[00] R2=0.951679 NMSE=0.048321 shuffled_R2=-0.024570
ALIGN ego[03] partner[01] R2=0.952249 NMSE=0.047751 shuffled_R2=-0.016122
ALIGN ego[03] partner[02] R2=0.967541 NMSE=0.032459 shuffled_R2=-0.018657
ALIGN ego[03] partner[03] R2=0.944386 NMSE=0.055614 shuffled_R2=-0.019059
ALIGN ego[03] partner[04] R2=0.960444 NMSE=0.039556 shuffled_R2=-0.016774
ALIGN ego[04] partner[00] R2=0.941819 NMSE=0.058181 shuffled_R2=-0.020727
ALIGN ego[04] partner[01] R2=0.944954 NMSE=0.055046 shuffled_R2=-0.022499
ALIGN ego[04] partner[02] R2=0.974023 NMSE=0.025977 shuffled_R2=-0.014757
ALIGN ego[04] partner[03] R2=0.956306 NMSE=0.043694 shuffled_R2=-0.016479
ALIGN ego[04] partner[04] R2=0.962128 NMSE=0.037872 shuffled_R2=-0.014728
Average ego-to-partner alignment R2: 0.865568 +- 0.027354 SE over 100 ego-partner pairs
Average alignment normalized MSE: 0.134432 +- 0.027354 SE
Average shuffled-control alignment R2: -0.036236 +- 0.006841 SE
Saved alignment results to ad_hoc_teamplay_results/lmpred_ema_ad_hoc_teamplay/cramped_room5x5
Evaluating ad-hoc teamplay for ego_method=lmpred_ema_ablate, layout=counter_circuit
ego_prefix=checkpoints/lmpred_ema_ablate/, partner_pool_specs=e3t:checkpoints/eval_pools/e3t;mep_br:checkpoints/eval_pools/mep_br;pbt:checkpoints/eval_pools/pbt;sp:checkpoints/eval_pools/sp, result_name=lmpred_ema_ablate_ad_hoc_teamplay, ego_perspective_transform=false
Importing submoduled environments...
Submoduled environments not found. Skipping import.
2026-07-02 06:53:08.622627: W external/xla/xla/service/gpu/autotuning/dot_search_space.cc:200] All configs were filtered out because none of them sufficiently match the hints. Maybe the hints set does not contain a good representative set of valid configs?Working around this by using the full hints set instead.
2026-07-02 06:53:09.639432: W external/xla/xla/service/gpu/autotuning/dot_search_space.cc:200] All configs were filtered out because none of them sufficiently match the hints. Maybe the hints set does not contain a good representative set of valid configs?Working around this by using the full hints set instead.
LOADED: checkpoints/lmpred_ema_ablate/counter_circuit/baseline_seed_0_step_380.msgpack
LOADED: checkpoints/lmpred_ema_ablate/counter_circuit/baseline_seed_1_step_380.msgpack
LOADED: checkpoints/lmpred_ema_ablate/counter_circuit/baseline_seed_2_step_380.msgpack
LOADED: checkpoints/lmpred_ema_ablate/counter_circuit/baseline_seed_3_step_380.msgpack
LOADED: checkpoints/lmpred_ema_ablate/counter_circuit/baseline_seed_4_step_380.msgpack
Evaluating partner group 0: method=e3t, prefix=checkpoints/eval_pools/e3t
LOADED: checkpoints/eval_pools/e3t/counter_circuit/baseline_seed_0_step_220.msgpack
LOADED: checkpoints/eval_pools/e3t/counter_circuit/baseline_seed_1_step_220.msgpack
LOADED: checkpoints/eval_pools/e3t/counter_circuit/baseline_seed_2_step_220.msgpack
LOADED: checkpoints/eval_pools/e3t/counter_circuit/baseline_seed_3_step_220.msgpack
LOADED: checkpoints/eval_pools/e3t/counter_circuit/baseline_seed_4_step_220.msgpack
Using XP rollout scale: XP_PAIR_BATCH_SIZE=32, EVAL_NUM_EPISODES=128, EVAL_NUM_STEPS=400
XP ego[00] partner[00] = 176.094
XP ego[00] partner[01] = 80.000
XP ego[00] partner[02] = 171.875
XP ego[00] partner[03] = 16.406
XP ego[00] partner[04] = 132.188
XP ego[01] partner[00] = 167.969
XP ego[01] partner[01] = 120.469
XP ego[01] partner[02] = 134.688
XP ego[01] partner[03] = 13.281
XP ego[01] partner[04] = 94.844
XP ego[02] partner[00] = 183.906
XP ego[02] partner[01] = 102.969
XP ego[02] partner[02] = 129.688
XP ego[02] partner[03] = 14.375
XP ego[02] partner[04] = 137.812
XP ego[03] partner[00] = 162.812
XP ego[03] partner[01] = 121.875
XP ego[03] partner[02] = 83.125
XP ego[03] partner[03] = 11.562
XP ego[03] partner[04] = 65.781
XP ego[04] partner[00] = 147.812
XP ego[04] partner[01] = 72.812
XP ego[04] partner[02] = 111.250
XP ego[04] partner[03] = 9.062
XP ego[04] partner[04] = 106.094
Evaluating partner group 1: method=mep_br, prefix=checkpoints/eval_pools/mep_br
LOADED: checkpoints/eval_pools/mep_br/counter_circuit/baseline_seed_0_step_380.msgpack
LOADED: checkpoints/eval_pools/mep_br/counter_circuit/baseline_seed_1_step_380.msgpack
LOADED: checkpoints/eval_pools/mep_br/counter_circuit/baseline_seed_2_step_380.msgpack
LOADED: checkpoints/eval_pools/mep_br/counter_circuit/baseline_seed_3_step_380.msgpack
LOADED: checkpoints/eval_pools/mep_br/counter_circuit/baseline_seed_4_step_380.msgpack
Using XP rollout scale: XP_PAIR_BATCH_SIZE=32, EVAL_NUM_EPISODES=128, EVAL_NUM_STEPS=400
XP ego[00] partner[00] = 228.438
XP ego[00] partner[01] = 208.125
XP ego[00] partner[02] = 249.688
XP ego[00] partner[03] = 229.219
XP ego[00] partner[04] = 199.062
XP ego[01] partner[00] = 229.688
XP ego[01] partner[01] = 200.312
XP ego[01] partner[02] = 231.875
XP ego[01] partner[03] = 231.562
XP ego[01] partner[04] = 206.406
XP ego[02] partner[00] = 226.250
XP ego[02] partner[01] = 224.531
XP ego[02] partner[02] = 237.188
XP ego[02] partner[03] = 241.562
XP ego[02] partner[04] = 221.719
XP ego[03] partner[00] = 185.469
XP ego[03] partner[01] = 193.906
XP ego[03] partner[02] = 194.688
XP ego[03] partner[03] = 187.188
XP ego[03] partner[04] = 151.719
XP ego[04] partner[00] = 230.156
XP ego[04] partner[01] = 194.219
XP ego[04] partner[02] = 229.531
XP ego[04] partner[03] = 229.375
XP ego[04] partner[04] = 202.812
Evaluating partner group 2: method=pbt, prefix=checkpoints/eval_pools/pbt
LOADED: checkpoints/eval_pools/pbt/counter_circuit/baseline_seed_0_step_62.msgpack
LOADED: checkpoints/eval_pools/pbt/counter_circuit/baseline_seed_1_step_62.msgpack
LOADED: checkpoints/eval_pools/pbt/counter_circuit/baseline_seed_2_step_62.msgpack
LOADED: checkpoints/eval_pools/pbt/counter_circuit/baseline_seed_3_step_62.msgpack
LOADED: checkpoints/eval_pools/pbt/counter_circuit/baseline_seed_4_step_62.msgpack
Using XP rollout scale: XP_PAIR_BATCH_SIZE=32, EVAL_NUM_EPISODES=128, EVAL_NUM_STEPS=400
XP ego[00] partner[00] = 171.875
XP ego[00] partner[01] = 160.469
XP ego[00] partner[02] = 149.062
XP ego[00] partner[03] = 112.188
XP ego[00] partner[04] = 166.562
XP ego[01] partner[00] = 154.375
XP ego[01] partner[01] = 165.469
XP ego[01] partner[02] = 150.938
XP ego[01] partner[03] = 127.969
XP ego[01] partner[04] = 165.156
XP ego[02] partner[00] = 172.344
XP ego[02] partner[01] = 183.750
XP ego[02] partner[02] = 176.094
XP ego[02] partner[03] = 143.906
XP ego[02] partner[04] = 186.094
XP ego[03] partner[00] = 213.750
XP ego[03] partner[01] = 216.875
XP ego[03] partner[02] = 219.531
XP ego[03] partner[03] = 212.188
XP ego[03] partner[04] = 210.938
XP ego[04] partner[00] = 197.188
XP ego[04] partner[01] = 190.781
XP ego[04] partner[02] = 195.312
XP ego[04] partner[03] = 195.625
XP ego[04] partner[04] = 191.875
Evaluating partner group 3: method=sp, prefix=checkpoints/eval_pools/sp
LOADED: checkpoints/eval_pools/sp/counter_circuit/baseline_seed_0_step_380.msgpack
LOADED: checkpoints/eval_pools/sp/counter_circuit/baseline_seed_1_step_380.msgpack
LOADED: checkpoints/eval_pools/sp/counter_circuit/baseline_seed_2_step_380.msgpack
LOADED: checkpoints/eval_pools/sp/counter_circuit/baseline_seed_3_step_380.msgpack
LOADED: checkpoints/eval_pools/sp/counter_circuit/baseline_seed_4_step_380.msgpack
Using XP rollout scale: XP_PAIR_BATCH_SIZE=32, EVAL_NUM_EPISODES=128, EVAL_NUM_STEPS=400
XP ego[00] partner[00] = 160.625
XP ego[00] partner[01] = 131.250
XP ego[00] partner[02] = 137.031
XP ego[00] partner[03] = 214.688
XP ego[00] partner[04] = 167.031
XP ego[01] partner[00] = 154.688
XP ego[01] partner[01] = 151.250
XP ego[01] partner[02] = 167.031
XP ego[01] partner[03] = 149.688
XP ego[01] partner[04] = 173.125
XP ego[02] partner[00] = 168.281
XP ego[02] partner[01] = 149.062
XP ego[02] partner[02] = 131.250
XP ego[02] partner[03] = 217.344
XP ego[02] partner[04] = 189.219
XP ego[03] partner[00] = 181.719
XP ego[03] partner[01] = 48.281
XP ego[03] partner[02] = 191.719
XP ego[03] partner[03] = 175.781
XP ego[03] partner[04] = 196.250
XP ego[04] partner[00] = 163.750
XP ego[04] partner[01] = 158.906
XP ego[04] partner[02] = 188.125
XP ego[04] partner[03] = 235.000
XP ego[04] partner[04] = 175.781
Average ego-vs-partner performance: 165.406 +- 5.498 SE over 100 ordered pairs
Average diagonal performance: 108.781 +- 26.985 SE over 5 pairs
Average off-diagonal performance (only for square pools): nan +- nan SE over 0 ordered pairs
Saved ad-hoc teamplay results to ad_hoc_teamplay_results/lmpred_ema_ablate_ad_hoc_teamplay/counter_circuit
Saved ad-hoc teamplay heatmap to ad_hoc_teamplay_results/lmpred_ema_ablate_ad_hoc_teamplay/counter_circuit/xp_matrix.png
Evaluating partner alignment group 0: method=e3t, prefix=checkpoints/eval_pools/e3t
LOADED: checkpoints/eval_pools/e3t/counter_circuit/baseline_seed_0_step_220.msgpack
LOADED: checkpoints/eval_pools/e3t/counter_circuit/baseline_seed_1_step_220.msgpack
LOADED: checkpoints/eval_pools/e3t/counter_circuit/baseline_seed_2_step_220.msgpack
LOADED: checkpoints/eval_pools/e3t/counter_circuit/baseline_seed_3_step_220.msgpack
LOADED: checkpoints/eval_pools/e3t/counter_circuit/baseline_seed_4_step_220.msgpack
Using alignment rollout scale: ALIGN_PAIR_BATCH_SIZE=2, ALIGN_EVAL_NUM_EPISODES=128, ALIGN_EVAL_NUM_STEPS=400
ALIGN ego[00] partner[00] R2=0.792228 NMSE=0.207772 shuffled_R2=-0.018781
ALIGN ego[00] partner[01] R2=0.847847 NMSE=0.152153 shuffled_R2=-0.016711
ALIGN ego[00] partner[02] R2=0.741834 NMSE=0.258166 shuffled_R2=-0.019048
ALIGN ego[00] partner[03] R2=0.812786 NMSE=0.187214 shuffled_R2=-0.021961
ALIGN ego[00] partner[04] R2=0.801093 NMSE=0.198907 shuffled_R2=-0.015966
ALIGN ego[01] partner[00] R2=0.766608 NMSE=0.233392 shuffled_R2=-0.015543
ALIGN ego[01] partner[01] R2=0.761567 NMSE=0.238433 shuffled_R2=-0.023838
ALIGN ego[01] partner[02] R2=0.771229 NMSE=0.228771 shuffled_R2=-0.018278
ALIGN ego[01] partner[03] R2=0.805015 NMSE=0.194985 shuffled_R2=-0.022354
ALIGN ego[01] partner[04] R2=0.817171 NMSE=0.182829 shuffled_R2=-0.017987
ALIGN ego[02] partner[00] R2=0.805385 NMSE=0.194615 shuffled_R2=-0.015562
ALIGN ego[02] partner[01] R2=0.799293 NMSE=0.200707 shuffled_R2=-0.019216
ALIGN ego[02] partner[02] R2=0.735575 NMSE=0.264425 shuffled_R2=-0.017437
ALIGN ego[02] partner[03] R2=0.857777 NMSE=0.142223 shuffled_R2=-0.017450
ALIGN ego[02] partner[04] R2=0.803033 NMSE=0.196967 shuffled_R2=-0.015061
ALIGN ego[03] partner[00] R2=0.817301 NMSE=0.182699 shuffled_R2=-0.017816
ALIGN ego[03] partner[01] R2=0.768311 NMSE=0.231689 shuffled_R2=-0.018382
ALIGN ego[03] partner[02] R2=0.716210 NMSE=0.283790 shuffled_R2=-0.023627
ALIGN ego[03] partner[03] R2=0.789492 NMSE=0.210508 shuffled_R2=-0.028659
ALIGN ego[03] partner[04] R2=0.791173 NMSE=0.208827 shuffled_R2=-0.029559
ALIGN ego[04] partner[00] R2=0.831371 NMSE=0.168629 shuffled_R2=-0.017948
ALIGN ego[04] partner[01] R2=0.814165 NMSE=0.185835 shuffled_R2=-0.024146
ALIGN ego[04] partner[02] R2=0.748471 NMSE=0.251529 shuffled_R2=-0.019373
ALIGN ego[04] partner[03] R2=0.779045 NMSE=0.220955 shuffled_R2=-0.029878
ALIGN ego[04] partner[04] R2=0.771601 NMSE=0.228399 shuffled_R2=-0.018024
Evaluating partner alignment group 1: method=mep_br, prefix=checkpoints/eval_pools/mep_br
LOADED: checkpoints/eval_pools/mep_br/counter_circuit/baseline_seed_0_step_380.msgpack
LOADED: checkpoints/eval_pools/mep_br/counter_circuit/baseline_seed_1_step_380.msgpack
LOADED: checkpoints/eval_pools/mep_br/counter_circuit/baseline_seed_2_step_380.msgpack
LOADED: checkpoints/eval_pools/mep_br/counter_circuit/baseline_seed_3_step_380.msgpack
LOADED: checkpoints/eval_pools/mep_br/counter_circuit/baseline_seed_4_step_380.msgpack
Using alignment rollout scale: ALIGN_PAIR_BATCH_SIZE=2, ALIGN_EVAL_NUM_EPISODES=128, ALIGN_EVAL_NUM_STEPS=400
ALIGN ego[00] partner[00] R2=0.901463 NMSE=0.098537 shuffled_R2=-0.015139
ALIGN ego[00] partner[01] R2=0.880039 NMSE=0.119961 shuffled_R2=-0.017535
ALIGN ego[00] partner[02] R2=0.878075 NMSE=0.121925 shuffled_R2=-0.020445
ALIGN ego[00] partner[03] R2=0.895212 NMSE=0.104788 shuffled_R2=-0.015313
ALIGN ego[00] partner[04] R2=0.839513 NMSE=0.160487 shuffled_R2=-0.021911
ALIGN ego[01] partner[00] R2=0.858261 NMSE=0.141739 shuffled_R2=-0.017319
ALIGN ego[01] partner[01] R2=0.866032 NMSE=0.133968 shuffled_R2=-0.016101
ALIGN ego[01] partner[02] R2=0.848346 NMSE=0.151654 shuffled_R2=-0.017477
ALIGN ego[01] partner[03] R2=0.859124 NMSE=0.140876 shuffled_R2=-0.016736
ALIGN ego[01] partner[04] R2=0.814129 NMSE=0.185871 shuffled_R2=-0.019599
ALIGN ego[02] partner[00] R2=0.874823 NMSE=0.125177 shuffled_R2=-0.017152
ALIGN ego[02] partner[01] R2=0.831633 NMSE=0.168367 shuffled_R2=-0.018416
ALIGN ego[02] partner[02] R2=0.864167 NMSE=0.135833 shuffled_R2=-0.015365
ALIGN ego[02] partner[03] R2=0.873829 NMSE=0.126171 shuffled_R2=-0.015897
ALIGN ego[02] partner[04] R2=0.759220 NMSE=0.240780 shuffled_R2=-0.023572
ALIGN ego[03] partner[00] R2=0.808649 NMSE=0.191351 shuffled_R2=-0.014896
ALIGN ego[03] partner[01] R2=0.845567 NMSE=0.154433 shuffled_R2=-0.015225
ALIGN ego[03] partner[02] R2=0.827871 NMSE=0.172129 shuffled_R2=-0.016228
ALIGN ego[03] partner[03] R2=0.827911 NMSE=0.172089 shuffled_R2=-0.015025
ALIGN ego[03] partner[04] R2=0.855098 NMSE=0.144902 shuffled_R2=-0.013810
ALIGN ego[04] partner[00] R2=0.891551 NMSE=0.108449 shuffled_R2=-0.015264
ALIGN ego[04] partner[01] R2=0.868438 NMSE=0.131562 shuffled_R2=-0.017145
ALIGN ego[04] partner[02] R2=0.885135 NMSE=0.114865 shuffled_R2=-0.016679
ALIGN ego[04] partner[03] R2=0.879002 NMSE=0.120998 shuffled_R2=-0.014801
ALIGN ego[04] partner[04] R2=0.772438 NMSE=0.227562 shuffled_R2=-0.033610
Evaluating partner alignment group 2: method=pbt, prefix=checkpoints/eval_pools/pbt
LOADED: checkpoints/eval_pools/pbt/counter_circuit/baseline_seed_0_step_62.msgpack
LOADED: checkpoints/eval_pools/pbt/counter_circuit/baseline_seed_1_step_62.msgpack
LOADED: checkpoints/eval_pools/pbt/counter_circuit/baseline_seed_2_step_62.msgpack
LOADED: checkpoints/eval_pools/pbt/counter_circuit/baseline_seed_3_step_62.msgpack
LOADED: checkpoints/eval_pools/pbt/counter_circuit/baseline_seed_4_step_62.msgpack
Using alignment rollout scale: ALIGN_PAIR_BATCH_SIZE=2, ALIGN_EVAL_NUM_EPISODES=128, ALIGN_EVAL_NUM_STEPS=400
ALIGN ego[00] partner[00] R2=0.772678 NMSE=0.227322 shuffled_R2=-0.023378
ALIGN ego[00] partner[01] R2=0.787739 NMSE=0.212261 shuffled_R2=-0.017581
ALIGN ego[00] partner[02] R2=0.749328 NMSE=0.250672 shuffled_R2=-0.018697
ALIGN ego[00] partner[03] R2=0.676499 NMSE=0.323501 shuffled_R2=-0.036928
ALIGN ego[00] partner[04] R2=0.689783 NMSE=0.310217 shuffled_R2=-0.025381
ALIGN ego[01] partner[00] R2=0.725563 NMSE=0.274437 shuffled_R2=-0.015464
ALIGN ego[01] partner[01] R2=0.654024 NMSE=0.345976 shuffled_R2=-0.016867
ALIGN ego[01] partner[02] R2=0.706393 NMSE=0.293607 shuffled_R2=-0.016364
ALIGN ego[01] partner[03] R2=0.724178 NMSE=0.275822 shuffled_R2=-0.017494
ALIGN ego[01] partner[04] R2=0.715505 NMSE=0.284495 shuffled_R2=-0.017521
ALIGN ego[02] partner[00] R2=0.749167 NMSE=0.250833 shuffled_R2=-0.016762
ALIGN ego[02] partner[01] R2=0.726977 NMSE=0.273023 shuffled_R2=-0.021276
ALIGN ego[02] partner[02] R2=0.801197 NMSE=0.198803 shuffled_R2=-0.015619
ALIGN ego[02] partner[03] R2=0.780337 NMSE=0.219663 shuffled_R2=-0.016194
ALIGN ego[02] partner[04] R2=0.791602 NMSE=0.208398 shuffled_R2=-0.015674
ALIGN ego[03] partner[00] R2=0.731957 NMSE=0.268043 shuffled_R2=-0.014840
ALIGN ego[03] partner[01] R2=0.730409 NMSE=0.269591 shuffled_R2=-0.016542
ALIGN ego[03] partner[02] R2=0.709292 NMSE=0.290708 shuffled_R2=-0.016151
ALIGN ego[03] partner[03] R2=0.759512 NMSE=0.240488 shuffled_R2=-0.014909
ALIGN ego[03] partner[04] R2=0.770262 NMSE=0.229738 shuffled_R2=-0.015198
ALIGN ego[04] partner[00] R2=0.786686 NMSE=0.213314 shuffled_R2=-0.015792
ALIGN ego[04] partner[01] R2=0.773288 NMSE=0.226712 shuffled_R2=-0.016451
ALIGN ego[04] partner[02] R2=0.789350 NMSE=0.210650 shuffled_R2=-0.015202
ALIGN ego[04] partner[03] R2=0.802911 NMSE=0.197089 shuffled_R2=-0.014277
ALIGN ego[04] partner[04] R2=0.787275 NMSE=0.212725 shuffled_R2=-0.016360
Evaluating partner alignment group 3: method=sp, prefix=checkpoints/eval_pools/sp
LOADED: checkpoints/eval_pools/sp/counter_circuit/baseline_seed_0_step_380.msgpack
LOADED: checkpoints/eval_pools/sp/counter_circuit/baseline_seed_1_step_380.msgpack
LOADED: checkpoints/eval_pools/sp/counter_circuit/baseline_seed_2_step_380.msgpack
LOADED: checkpoints/eval_pools/sp/counter_circuit/baseline_seed_3_step_380.msgpack
LOADED: checkpoints/eval_pools/sp/counter_circuit/baseline_seed_4_step_380.msgpack
Using alignment rollout scale: ALIGN_PAIR_BATCH_SIZE=2, ALIGN_EVAL_NUM_EPISODES=128, ALIGN_EVAL_NUM_STEPS=400
ALIGN ego[00] partner[00] R2=0.871700 NMSE=0.128300 shuffled_R2=-0.014590
ALIGN ego[00] partner[01] R2=0.865606 NMSE=0.134394 shuffled_R2=-0.020424
ALIGN ego[00] partner[02] R2=0.868281 NMSE=0.131719 shuffled_R2=-0.014953
ALIGN ego[00] partner[03] R2=0.854084 NMSE=0.145916 shuffled_R2=-0.017444
ALIGN ego[00] partner[04] R2=0.840357 NMSE=0.159643 shuffled_R2=-0.017448
ALIGN ego[01] partner[00] R2=0.826375 NMSE=0.173625 shuffled_R2=-0.020410
ALIGN ego[01] partner[01] R2=0.772224 NMSE=0.227776 shuffled_R2=-0.022394
ALIGN ego[01] partner[02] R2=0.805708 NMSE=0.194292 shuffled_R2=-0.018806
ALIGN ego[01] partner[03] R2=0.858017 NMSE=0.141983 shuffled_R2=-0.015443
ALIGN ego[01] partner[04] R2=0.805495 NMSE=0.194505 shuffled_R2=-0.017435
ALIGN ego[02] partner[00] R2=0.839325 NMSE=0.160675 shuffled_R2=-0.019105
ALIGN ego[02] partner[01] R2=0.862341 NMSE=0.137659 shuffled_R2=-0.016022
ALIGN ego[02] partner[02] R2=0.793042 NMSE=0.206958 shuffled_R2=-0.019166
ALIGN ego[02] partner[03] R2=0.780144 NMSE=0.219856 shuffled_R2=-0.026889
ALIGN ego[02] partner[04] R2=0.818285 NMSE=0.181715 shuffled_R2=-0.016322
ALIGN ego[03] partner[00] R2=0.868588 NMSE=0.131412 shuffled_R2=-0.016882
ALIGN ego[03] partner[01] R2=0.885016 NMSE=0.114984 shuffled_R2=-0.020130
ALIGN ego[03] partner[02] R2=0.838758 NMSE=0.161242 shuffled_R2=-0.014081
ALIGN ego[03] partner[03] R2=0.820926 NMSE=0.179074 shuffled_R2=-0.018237
ALIGN ego[03] partner[04] R2=0.832691 NMSE=0.167309 shuffled_R2=-0.015702
ALIGN ego[04] partner[00] R2=0.885326 NMSE=0.114674 shuffled_R2=-0.014597
ALIGN ego[04] partner[01] R2=0.905292 NMSE=0.094708 shuffled_R2=-0.015944
ALIGN ego[04] partner[02] R2=0.852042 NMSE=0.147958 shuffled_R2=-0.014222
ALIGN ego[04] partner[03] R2=0.892190 NMSE=0.107810 shuffled_R2=-0.017828
ALIGN ego[04] partner[04] R2=0.826165 NMSE=0.173835 shuffled_R2=-0.018143
Average ego-to-partner alignment R2: 0.808110 +- 0.005572 SE over 100 ego-partner pairs
Average alignment normalized MSE: 0.191890 +- 0.005572 SE
Average shuffled-control alignment R2: -0.018328 +- 0.000414 SE
Saved alignment results to ad_hoc_teamplay_results/lmpred_ema_ablate_ad_hoc_teamplay/counter_circuit
Evaluating ad-hoc teamplay for ego_method=lmpred_ema_ablate, layout=coord_ring
ego_prefix=checkpoints/lmpred_ema_ablate/, partner_pool_specs=e3t:checkpoints/eval_pools/e3t;mep_br:checkpoints/eval_pools/mep_br;pbt:checkpoints/eval_pools/pbt;sp:checkpoints/eval_pools/sp, result_name=lmpred_ema_ablate_ad_hoc_teamplay, ego_perspective_transform=false
Importing submoduled environments...
Submoduled environments not found. Skipping import.
2026-07-02 06:56:39.997236: W external/xla/xla/service/gpu/autotuning/dot_search_space.cc:200] All configs were filtered out because none of them sufficiently match the hints. Maybe the hints set does not contain a good representative set of valid configs?Working around this by using the full hints set instead.
2026-07-02 06:56:41.077182: W external/xla/xla/service/gpu/autotuning/dot_search_space.cc:200] All configs were filtered out because none of them sufficiently match the hints. Maybe the hints set does not contain a good representative set of valid configs?Working around this by using the full hints set instead.
LOADED: checkpoints/lmpred_ema_ablate/coord_ring/baseline_seed_0_step_220.msgpack
LOADED: checkpoints/lmpred_ema_ablate/coord_ring/baseline_seed_1_step_220.msgpack
LOADED: checkpoints/lmpred_ema_ablate/coord_ring/baseline_seed_2_step_220.msgpack
LOADED: checkpoints/lmpred_ema_ablate/coord_ring/baseline_seed_3_step_220.msgpack
LOADED: checkpoints/lmpred_ema_ablate/coord_ring/baseline_seed_4_step_220.msgpack
Evaluating partner group 0: method=e3t, prefix=checkpoints/eval_pools/e3t
LOADED: checkpoints/eval_pools/e3t/coord_ring/baseline_seed_0_step_220.msgpack
LOADED: checkpoints/eval_pools/e3t/coord_ring/baseline_seed_1_step_220.msgpack
LOADED: checkpoints/eval_pools/e3t/coord_ring/baseline_seed_2_step_220.msgpack
LOADED: checkpoints/eval_pools/e3t/coord_ring/baseline_seed_3_step_220.msgpack
LOADED: checkpoints/eval_pools/e3t/coord_ring/baseline_seed_4_step_220.msgpack
Using XP rollout scale: XP_PAIR_BATCH_SIZE=32, EVAL_NUM_EPISODES=128, EVAL_NUM_STEPS=400
XP ego[00] partner[00] = 279.219
XP ego[00] partner[01] = 290.781
XP ego[00] partner[02] = 36.875
XP ego[00] partner[03] = 258.750
XP ego[00] partner[04] = 288.594
XP ego[01] partner[00] = 286.406
XP ego[01] partner[01] = 163.281
XP ego[01] partner[02] = 50.625
XP ego[01] partner[03] = 235.156
XP ego[01] partner[04] = 258.594
XP ego[02] partner[00] = 164.844
XP ego[02] partner[01] = 303.125
XP ego[02] partner[02] = 25.000
XP ego[02] partner[03] = 289.531
XP ego[02] partner[04] = 299.844
XP ego[03] partner[00] = 147.812
XP ego[03] partner[01] = 196.094
XP ego[03] partner[02] = 80.312
XP ego[03] partner[03] = 178.594
XP ego[03] partner[04] = 198.906
XP ego[04] partner[00] = 260.938
XP ego[04] partner[01] = 280.000
XP ego[04] partner[02] = 7.344
XP ego[04] partner[03] = 270.000
XP ego[04] partner[04] = 277.969
Evaluating partner group 1: method=mep_br, prefix=checkpoints/eval_pools/mep_br
LOADED: checkpoints/eval_pools/mep_br/coord_ring/baseline_seed_0_step_220.msgpack
LOADED: checkpoints/eval_pools/mep_br/coord_ring/baseline_seed_1_step_220.msgpack
LOADED: checkpoints/eval_pools/mep_br/coord_ring/baseline_seed_2_step_220.msgpack
LOADED: checkpoints/eval_pools/mep_br/coord_ring/baseline_seed_3_step_220.msgpack
LOADED: checkpoints/eval_pools/mep_br/coord_ring/baseline_seed_4_step_220.msgpack
Using XP rollout scale: XP_PAIR_BATCH_SIZE=32, EVAL_NUM_EPISODES=128, EVAL_NUM_STEPS=400
XP ego[00] partner[00] = 280.156
XP ego[00] partner[01] = 293.906
XP ego[00] partner[02] = 286.250
XP ego[00] partner[03] = 157.031
XP ego[00] partner[04] = 274.531
XP ego[01] partner[00] = 246.875
XP ego[01] partner[01] = 285.469
XP ego[01] partner[02] = 264.219
XP ego[01] partner[03] = 200.469
XP ego[01] partner[04] = 275.156
XP ego[02] partner[00] = 251.719
XP ego[02] partner[01] = 291.562
XP ego[02] partner[02] = 279.219
XP ego[02] partner[03] = 190.938
XP ego[02] partner[04] = 281.719
XP ego[03] partner[00] = 181.875
XP ego[03] partner[01] = 251.562
XP ego[03] partner[02] = 181.875
XP ego[03] partner[03] = 179.375
XP ego[03] partner[04] = 209.531
XP ego[04] partner[00] = 233.906
XP ego[04] partner[01] = 273.125
XP ego[04] partner[02] = 272.500
XP ego[04] partner[03] = 189.531
XP ego[04] partner[04] = 259.375
Evaluating partner group 2: method=pbt, prefix=checkpoints/eval_pools/pbt
LOADED: checkpoints/eval_pools/pbt/coord_ring/baseline_seed_0_step_62.msgpack
LOADED: checkpoints/eval_pools/pbt/coord_ring/baseline_seed_1_step_62.msgpack
LOADED: checkpoints/eval_pools/pbt/coord_ring/baseline_seed_2_step_62.msgpack
LOADED: checkpoints/eval_pools/pbt/coord_ring/baseline_seed_3_step_62.msgpack
LOADED: checkpoints/eval_pools/pbt/coord_ring/baseline_seed_4_step_62.msgpack
Using XP rollout scale: XP_PAIR_BATCH_SIZE=32, EVAL_NUM_EPISODES=128, EVAL_NUM_STEPS=400
XP ego[00] partner[00] = 311.094
XP ego[00] partner[01] = 295.938
XP ego[00] partner[02] = 296.562
XP ego[00] partner[03] = 278.125
XP ego[00] partner[04] = 305.000
XP ego[01] partner[00] = 239.062
XP ego[01] partner[01] = 216.875
XP ego[01] partner[02] = 95.312
XP ego[01] partner[03] = 93.438
XP ego[01] partner[04] = 109.219
XP ego[02] partner[00] = 303.906
XP ego[02] partner[01] = 300.156
XP ego[02] partner[02] = 297.812
XP ego[02] partner[03] = 263.438
XP ego[02] partner[04] = 300.625
XP ego[03] partner[00] = 63.906
XP ego[03] partner[01] = 95.000
XP ego[03] partner[02] = 80.938
XP ego[03] partner[03] = 73.438
XP ego[03] partner[04] = 99.062
XP ego[04] partner[00] = 277.188
XP ego[04] partner[01] = 263.438
XP ego[04] partner[02] = 239.688
XP ego[04] partner[03] = 196.094
XP ego[04] partner[04] = 182.344
Evaluating partner group 3: method=sp, prefix=checkpoints/eval_pools/sp
LOADED: checkpoints/eval_pools/sp/coord_ring/baseline_seed_0_step_220.msgpack
LOADED: checkpoints/eval_pools/sp/coord_ring/baseline_seed_1_step_220.msgpack
LOADED: checkpoints/eval_pools/sp/coord_ring/baseline_seed_2_step_220.msgpack
LOADED: checkpoints/eval_pools/sp/coord_ring/baseline_seed_3_step_220.msgpack
LOADED: checkpoints/eval_pools/sp/coord_ring/baseline_seed_4_step_220.msgpack
Using XP rollout scale: XP_PAIR_BATCH_SIZE=32, EVAL_NUM_EPISODES=128, EVAL_NUM_STEPS=400
XP ego[00] partner[00] = 300.938
XP ego[00] partner[01] = 290.000
XP ego[00] partner[02] = 272.188
XP ego[00] partner[03] = 287.812
XP ego[00] partner[04] = 295.312
XP ego[01] partner[00] = 133.594
XP ego[01] partner[01] = 237.969
XP ego[01] partner[02] = 206.875
XP ego[01] partner[03] = 253.125
XP ego[01] partner[04] = 119.688
XP ego[02] partner[00] = 291.250
XP ego[02] partner[01] = 286.562
XP ego[02] partner[02] = 274.688
XP ego[02] partner[03] = 279.375
XP ego[02] partner[04] = 281.406
XP ego[03] partner[00] = 141.719
XP ego[03] partner[01] = 105.000
XP ego[03] partner[02] = 124.062
XP ego[03] partner[03] = 142.188
XP ego[03] partner[04] = 106.875
XP ego[04] partner[00] = 271.562
XP ego[04] partner[01] = 288.750
XP ego[04] partner[02] = 252.344
XP ego[04] partner[03] = 263.594
XP ego[04] partner[04] = 266.719
Average ego-vs-partner performance: 222.717 +- 7.891 SE over 100 ordered pairs
Average diagonal performance: 184.812 +- 46.708 SE over 5 pairs
Average off-diagonal performance (only for square pools): nan +- nan SE over 0 ordered pairs
Saved ad-hoc teamplay results to ad_hoc_teamplay_results/lmpred_ema_ablate_ad_hoc_teamplay/coord_ring
Saved ad-hoc teamplay heatmap to ad_hoc_teamplay_results/lmpred_ema_ablate_ad_hoc_teamplay/coord_ring/xp_matrix.png
Evaluating partner alignment group 0: method=e3t, prefix=checkpoints/eval_pools/e3t
LOADED: checkpoints/eval_pools/e3t/coord_ring/baseline_seed_0_step_220.msgpack
LOADED: checkpoints/eval_pools/e3t/coord_ring/baseline_seed_1_step_220.msgpack
LOADED: checkpoints/eval_pools/e3t/coord_ring/baseline_seed_2_step_220.msgpack
LOADED: checkpoints/eval_pools/e3t/coord_ring/baseline_seed_3_step_220.msgpack
LOADED: checkpoints/eval_pools/e3t/coord_ring/baseline_seed_4_step_220.msgpack
Using alignment rollout scale: ALIGN_PAIR_BATCH_SIZE=2, ALIGN_EVAL_NUM_EPISODES=128, ALIGN_EVAL_NUM_STEPS=400
ALIGN ego[00] partner[00] R2=0.813183 NMSE=0.186817 shuffled_R2=-0.023448
ALIGN ego[00] partner[01] R2=0.860874 NMSE=0.139126 shuffled_R2=-0.015181
ALIGN ego[00] partner[02] R2=0.884118 NMSE=0.115882 shuffled_R2=-0.028968
ALIGN ego[00] partner[03] R2=0.859020 NMSE=0.140980 shuffled_R2=-0.015813
ALIGN ego[00] partner[04] R2=0.904637 NMSE=0.095363 shuffled_R2=-0.014898
ALIGN ego[01] partner[00] R2=0.931488 NMSE=0.068512 shuffled_R2=-0.014498
ALIGN ego[01] partner[01] R2=0.906305 NMSE=0.093695 shuffled_R2=-0.018276
ALIGN ego[01] partner[02] R2=0.937997 NMSE=0.062003 shuffled_R2=-0.019456
ALIGN ego[01] partner[03] R2=0.931134 NMSE=0.068866 shuffled_R2=-0.015878
ALIGN ego[01] partner[04] R2=0.895526 NMSE=0.104474 shuffled_R2=-0.015208
ALIGN ego[02] partner[00] R2=0.889025 NMSE=0.110975 shuffled_R2=-0.018059
ALIGN ego[02] partner[01] R2=0.860020 NMSE=0.139980 shuffled_R2=-0.018147
ALIGN ego[02] partner[02] R2=0.867445 NMSE=0.132555 shuffled_R2=-0.038323
ALIGN ego[02] partner[03] R2=0.871739 NMSE=0.128261 shuffled_R2=-0.014841
ALIGN ego[02] partner[04] R2=0.816236 NMSE=0.183764 shuffled_R2=-0.030662
ALIGN ego[03] partner[00] R2=0.906668 NMSE=0.093332 shuffled_R2=-0.018451
ALIGN ego[03] partner[01] R2=0.862796 NMSE=0.137204 shuffled_R2=-0.016494
ALIGN ego[03] partner[02] R2=0.859979 NMSE=0.140021 shuffled_R2=-0.029521
ALIGN ego[03] partner[03] R2=0.858732 NMSE=0.141268 shuffled_R2=-0.015002
ALIGN ego[03] partner[04] R2=0.849296 NMSE=0.150704 shuffled_R2=-0.017207
ALIGN ego[04] partner[00] R2=0.870941 NMSE=0.129059 shuffled_R2=-0.014516
ALIGN ego[04] partner[01] R2=0.862245 NMSE=0.137755 shuffled_R2=-0.017145
ALIGN ego[04] partner[02] R2=0.958717 NMSE=0.041283 shuffled_R2=-0.011744
ALIGN ego[04] partner[03] R2=0.872803 NMSE=0.127197 shuffled_R2=-0.015015
ALIGN ego[04] partner[04] R2=0.827350 NMSE=0.172650 shuffled_R2=-0.014639
Evaluating partner alignment group 1: method=mep_br, prefix=checkpoints/eval_pools/mep_br
LOADED: checkpoints/eval_pools/mep_br/coord_ring/baseline_seed_0_step_220.msgpack
LOADED: checkpoints/eval_pools/mep_br/coord_ring/baseline_seed_1_step_220.msgpack
LOADED: checkpoints/eval_pools/mep_br/coord_ring/baseline_seed_2_step_220.msgpack
LOADED: checkpoints/eval_pools/mep_br/coord_ring/baseline_seed_3_step_220.msgpack
LOADED: checkpoints/eval_pools/mep_br/coord_ring/baseline_seed_4_step_220.msgpack
Using alignment rollout scale: ALIGN_PAIR_BATCH_SIZE=2, ALIGN_EVAL_NUM_EPISODES=128, ALIGN_EVAL_NUM_STEPS=400
ALIGN ego[00] partner[00] R2=0.842478 NMSE=0.157522 shuffled_R2=-0.027608
ALIGN ego[00] partner[01] R2=0.927921 NMSE=0.072079 shuffled_R2=-0.015610
ALIGN ego[00] partner[02] R2=0.907374 NMSE=0.092626 shuffled_R2=-0.017191
ALIGN ego[00] partner[03] R2=0.955694 NMSE=0.044306 shuffled_R2=-0.016172
ALIGN ego[00] partner[04] R2=0.749050 NMSE=0.250950 shuffled_R2=-0.033195
ALIGN ego[01] partner[00] R2=0.872292 NMSE=0.127708 shuffled_R2=-0.018363
ALIGN ego[01] partner[01] R2=0.880806 NMSE=0.119194 shuffled_R2=-0.017509
ALIGN ego[01] partner[02] R2=0.894720 NMSE=0.105280 shuffled_R2=-0.016252
ALIGN ego[01] partner[03] R2=0.915198 NMSE=0.084802 shuffled_R2=-0.020191
ALIGN ego[01] partner[04] R2=0.882091 NMSE=0.117909 shuffled_R2=-0.016349
ALIGN ego[02] partner[00] R2=0.840909 NMSE=0.159091 shuffled_R2=-0.024789
ALIGN ego[02] partner[01] R2=0.937026 NMSE=0.062974 shuffled_R2=-0.016101
ALIGN ego[02] partner[02] R2=0.919370 NMSE=0.080630 shuffled_R2=-0.016069
ALIGN ego[02] partner[03] R2=0.923172 NMSE=0.076828 shuffled_R2=-0.021013
ALIGN ego[02] partner[04] R2=0.830319 NMSE=0.169681 shuffled_R2=-0.027036
ALIGN ego[03] partner[00] R2=0.825201 NMSE=0.174799 shuffled_R2=-0.018311
ALIGN ego[03] partner[01] R2=0.862076 NMSE=0.137924 shuffled_R2=-0.019675
ALIGN ego[03] partner[02] R2=0.831641 NMSE=0.168359 shuffled_R2=-0.018597
ALIGN ego[03] partner[03] R2=0.769017 NMSE=0.230983 shuffled_R2=-0.037414
ALIGN ego[03] partner[04] R2=0.786080 NMSE=0.213920 shuffled_R2=-0.031588
ALIGN ego[04] partner[00] R2=0.880046 NMSE=0.119954 shuffled_R2=-0.014982
ALIGN ego[04] partner[01] R2=0.872180 NMSE=0.127820 shuffled_R2=-0.014247
ALIGN ego[04] partner[02] R2=0.867793 NMSE=0.132207 shuffled_R2=-0.014741
ALIGN ego[04] partner[03] R2=0.951092 NMSE=0.048908 shuffled_R2=-0.013196
ALIGN ego[04] partner[04] R2=0.917021 NMSE=0.082979 shuffled_R2=-0.017139
Evaluating partner alignment group 2: method=pbt, prefix=checkpoints/eval_pools/pbt
LOADED: checkpoints/eval_pools/pbt/coord_ring/baseline_seed_0_step_62.msgpack
LOADED: checkpoints/eval_pools/pbt/coord_ring/baseline_seed_1_step_62.msgpack
LOADED: checkpoints/eval_pools/pbt/coord_ring/baseline_seed_2_step_62.msgpack
LOADED: checkpoints/eval_pools/pbt/coord_ring/baseline_seed_3_step_62.msgpack
LOADED: checkpoints/eval_pools/pbt/coord_ring/baseline_seed_4_step_62.msgpack
Using alignment rollout scale: ALIGN_PAIR_BATCH_SIZE=2, ALIGN_EVAL_NUM_EPISODES=128, ALIGN_EVAL_NUM_STEPS=400
ALIGN ego[00] partner[00] R2=0.799590 NMSE=0.200410 shuffled_R2=-0.023473
ALIGN ego[00] partner[01] R2=0.764692 NMSE=0.235308 shuffled_R2=-0.026027
ALIGN ego[00] partner[02] R2=0.823072 NMSE=0.176928 shuffled_R2=-0.015556
ALIGN ego[00] partner[03] R2=0.833828 NMSE=0.166172 shuffled_R2=-0.019378
ALIGN ego[00] partner[04] R2=0.767317 NMSE=0.232683 shuffled_R2=-0.017442
ALIGN ego[01] partner[00] R2=0.767919 NMSE=0.232081 shuffled_R2=-0.018990
ALIGN ego[01] partner[01] R2=0.769893 NMSE=0.230107 shuffled_R2=-0.018645
ALIGN ego[01] partner[02] R2=0.815292 NMSE=0.184708 shuffled_R2=-0.020790
ALIGN ego[01] partner[03] R2=0.545412 NMSE=0.454588 shuffled_R2=-0.077587
ALIGN ego[01] partner[04] R2=0.780735 NMSE=0.219265 shuffled_R2=-0.022883
ALIGN ego[02] partner[00] R2=0.837363 NMSE=0.162637 shuffled_R2=-0.018709
ALIGN ego[02] partner[01] R2=0.832416 NMSE=0.167584 shuffled_R2=-0.020405
ALIGN ego[02] partner[02] R2=0.712582 NMSE=0.287418 shuffled_R2=-0.023857
ALIGN ego[02] partner[03] R2=0.846181 NMSE=0.153819 shuffled_R2=-0.019592
ALIGN ego[02] partner[04] R2=0.848298 NMSE=0.151702 shuffled_R2=-0.014507
ALIGN ego[03] partner[00] R2=0.832680 NMSE=0.167320 shuffled_R2=-0.016006
ALIGN ego[03] partner[01] R2=0.758264 NMSE=0.241736 shuffled_R2=-0.017029
ALIGN ego[03] partner[02] R2=0.798285 NMSE=0.201715 shuffled_R2=-0.015717
ALIGN ego[03] partner[03] R2=0.765252 NMSE=0.234748 shuffled_R2=-0.016332
ALIGN ego[03] partner[04] R2=0.639458 NMSE=0.360542 shuffled_R2=-0.027960
ALIGN ego[04] partner[00] R2=0.778624 NMSE=0.221376 shuffled_R2=-0.015503
ALIGN ego[04] partner[01] R2=0.795486 NMSE=0.204514 shuffled_R2=-0.014377
ALIGN ego[04] partner[02] R2=0.683614 NMSE=0.316386 shuffled_R2=-0.031557
ALIGN ego[04] partner[03] R2=0.725338 NMSE=0.274662 shuffled_R2=-0.021570
ALIGN ego[04] partner[04] R2=0.708304 NMSE=0.291696 shuffled_R2=-0.021627
Evaluating partner alignment group 3: method=sp, prefix=checkpoints/eval_pools/sp
LOADED: checkpoints/eval_pools/sp/coord_ring/baseline_seed_0_step_220.msgpack
LOADED: checkpoints/eval_pools/sp/coord_ring/baseline_seed_1_step_220.msgpack
LOADED: checkpoints/eval_pools/sp/coord_ring/baseline_seed_2_step_220.msgpack
LOADED: checkpoints/eval_pools/sp/coord_ring/baseline_seed_3_step_220.msgpack
LOADED: checkpoints/eval_pools/sp/coord_ring/baseline_seed_4_step_220.msgpack
Using alignment rollout scale: ALIGN_PAIR_BATCH_SIZE=2, ALIGN_EVAL_NUM_EPISODES=128, ALIGN_EVAL_NUM_STEPS=400
ALIGN ego[00] partner[00] R2=0.841263 NMSE=0.158737 shuffled_R2=-0.024466
ALIGN ego[00] partner[01] R2=0.873810 NMSE=0.126190 shuffled_R2=-0.022957
ALIGN ego[00] partner[02] R2=0.862343 NMSE=0.137657 shuffled_R2=-0.018503
ALIGN ego[00] partner[03] R2=0.861718 NMSE=0.138282 shuffled_R2=-0.018367
ALIGN ego[00] partner[04] R2=0.846781 NMSE=0.153219 shuffled_R2=-0.034163
ALIGN ego[01] partner[00] R2=0.764688 NMSE=0.235312 shuffled_R2=-0.029224
ALIGN ego[01] partner[01] R2=0.888454 NMSE=0.111546 shuffled_R2=-0.017577
ALIGN ego[01] partner[02] R2=0.819085 NMSE=0.180915 shuffled_R2=-0.021338
ALIGN ego[01] partner[03] R2=0.893306 NMSE=0.106694 shuffled_R2=-0.024178
ALIGN ego[01] partner[04] R2=0.944648 NMSE=0.055352 shuffled_R2=-0.015196
ALIGN ego[02] partner[00] R2=0.767119 NMSE=0.232881 shuffled_R2=-0.037467
ALIGN ego[02] partner[01] R2=0.918729 NMSE=0.081271 shuffled_R2=-0.016633
ALIGN ego[02] partner[02] R2=0.907933 NMSE=0.092067 shuffled_R2=-0.018217
ALIGN ego[02] partner[03] R2=0.893207 NMSE=0.106793 shuffled_R2=-0.028022
ALIGN ego[02] partner[04] R2=0.950605 NMSE=0.049395 shuffled_R2=-0.016865
ALIGN ego[03] partner[00] R2=0.855048 NMSE=0.144952 shuffled_R2=-0.017516
ALIGN ego[03] partner[01] R2=0.885221 NMSE=0.114779 shuffled_R2=-0.013993
ALIGN ego[03] partner[02] R2=0.833014 NMSE=0.166986 shuffled_R2=-0.020951
ALIGN ego[03] partner[03] R2=0.833455 NMSE=0.166545 shuffled_R2=-0.028043
ALIGN ego[03] partner[04] R2=0.860219 NMSE=0.139781 shuffled_R2=-0.021967
ALIGN ego[04] partner[00] R2=0.847172 NMSE=0.152828 shuffled_R2=-0.017464
ALIGN ego[04] partner[01] R2=0.720207 NMSE=0.279793 shuffled_R2=-0.040506
ALIGN ego[04] partner[02] R2=0.879158 NMSE=0.120842 shuffled_R2=-0.021607
ALIGN ego[04] partner[03] R2=0.841832 NMSE=0.158168 shuffled_R2=-0.022549
ALIGN ego[04] partner[04] R2=0.887188 NMSE=0.112812 shuffled_R2=-0.018511
Average ego-to-partner alignment R2: 0.845049 +- 0.007025 SE over 100 ego-partner pairs
Average alignment normalized MSE: 0.154951 +- 0.007025 SE
Average shuffled-control alignment R2: -0.020965 +- 0.000840 SE
Saved alignment results to ad_hoc_teamplay_results/lmpred_ema_ablate_ad_hoc_teamplay/coord_ring
Evaluating ad-hoc teamplay for ego_method=lmpred_ema_ablate, layout=cramped_room5x5
ego_prefix=checkpoints/lmpred_ema_ablate/, partner_pool_specs=e3t:checkpoints/eval_pools/e3t;mep_br:checkpoints/eval_pools/mep_br;pbt:checkpoints/eval_pools/pbt;sp:checkpoints/eval_pools/sp, result_name=lmpred_ema_ablate_ad_hoc_teamplay, ego_perspective_transform=false
Importing submoduled environments...
Submoduled environments not found. Skipping import.
2026-07-02 07:00:08.804592: W external/xla/xla/service/gpu/autotuning/dot_search_space.cc:200] All configs were filtered out because none of them sufficiently match the hints. Maybe the hints set does not contain a good representative set of valid configs?Working around this by using the full hints set instead.
2026-07-02 07:00:09.848387: W external/xla/xla/service/gpu/autotuning/dot_search_space.cc:200] All configs were filtered out because none of them sufficiently match the hints. Maybe the hints set does not contain a good representative set of valid configs?Working around this by using the full hints set instead.
LOADED: checkpoints/lmpred_ema_ablate/cramped_room5x5/baseline_seed_0_step_220.msgpack
LOADED: checkpoints/lmpred_ema_ablate/cramped_room5x5/baseline_seed_1_step_220.msgpack
LOADED: checkpoints/lmpred_ema_ablate/cramped_room5x5/baseline_seed_2_step_220.msgpack
LOADED: checkpoints/lmpred_ema_ablate/cramped_room5x5/baseline_seed_3_step_220.msgpack
LOADED: checkpoints/lmpred_ema_ablate/cramped_room5x5/baseline_seed_4_step_220.msgpack
Evaluating partner group 0: method=e3t, prefix=checkpoints/eval_pools/e3t
LOADED: checkpoints/eval_pools/e3t/cramped_room5x5/baseline_seed_0_step_220.msgpack
LOADED: checkpoints/eval_pools/e3t/cramped_room5x5/baseline_seed_1_step_220.msgpack
LOADED: checkpoints/eval_pools/e3t/cramped_room5x5/baseline_seed_2_step_220.msgpack
LOADED: checkpoints/eval_pools/e3t/cramped_room5x5/baseline_seed_3_step_220.msgpack
LOADED: checkpoints/eval_pools/e3t/cramped_room5x5/baseline_seed_4_step_220.msgpack
Using XP rollout scale: XP_PAIR_BATCH_SIZE=32, EVAL_NUM_EPISODES=128, EVAL_NUM_STEPS=400
XP ego[00] partner[00] = 200.156
XP ego[00] partner[01] = 202.188
XP ego[00] partner[02] = 238.906
XP ego[00] partner[03] = 233.906
XP ego[00] partner[04] = 218.750
XP ego[01] partner[00] = 242.969
XP ego[01] partner[01] = 185.469
XP ego[01] partner[02] = 162.500
XP ego[01] partner[03] = 224.062
XP ego[01] partner[04] = 220.469
XP ego[02] partner[00] = 200.469
XP ego[02] partner[01] = 230.469
XP ego[02] partner[02] = 232.500
XP ego[02] partner[03] = 229.688
XP ego[02] partner[04] = 213.125
XP ego[03] partner[00] = 194.219
XP ego[03] partner[01] = 196.719
XP ego[03] partner[02] = 229.688
XP ego[03] partner[03] = 221.719
XP ego[03] partner[04] = 174.219
XP ego[04] partner[00] = 213.281
XP ego[04] partner[01] = 228.906
XP ego[04] partner[02] = 230.156
XP ego[04] partner[03] = 240.781
XP ego[04] partner[04] = 223.438
Evaluating partner group 1: method=mep_br, prefix=checkpoints/eval_pools/mep_br
LOADED: checkpoints/eval_pools/mep_br/cramped_room5x5/baseline_seed_0_step_220.msgpack
LOADED: checkpoints/eval_pools/mep_br/cramped_room5x5/baseline_seed_1_step_220.msgpack
LOADED: checkpoints/eval_pools/mep_br/cramped_room5x5/baseline_seed_2_step_220.msgpack
LOADED: checkpoints/eval_pools/mep_br/cramped_room5x5/baseline_seed_3_step_220.msgpack
LOADED: checkpoints/eval_pools/mep_br/cramped_room5x5/baseline_seed_4_step_220.msgpack
Using XP rollout scale: XP_PAIR_BATCH_SIZE=32, EVAL_NUM_EPISODES=128, EVAL_NUM_STEPS=400
XP ego[00] partner[00] = 98.125
XP ego[00] partner[01] = 214.062
XP ego[00] partner[02] = 199.531
XP ego[00] partner[03] = 229.219
XP ego[00] partner[04] = 220.625
XP ego[01] partner[00] = 183.125
XP ego[01] partner[01] = 214.219
XP ego[01] partner[02] = 207.656
XP ego[01] partner[03] = 185.781
XP ego[01] partner[04] = 232.344
XP ego[02] partner[00] = 214.844
XP ego[02] partner[01] = 219.062
XP ego[02] partner[02] = 214.375
XP ego[02] partner[03] = 198.438
XP ego[02] partner[04] = 216.562
XP ego[03] partner[00] = 191.250
XP ego[03] partner[01] = 212.188
XP ego[03] partner[02] = 208.438
XP ego[03] partner[03] = 228.438
XP ego[03] partner[04] = 232.656
XP ego[04] partner[00] = 103.125
XP ego[04] partner[01] = 169.219
XP ego[04] partner[02] = 142.188
XP ego[04] partner[03] = 220.469
XP ego[04] partner[04] = 189.375
Evaluating partner group 2: method=pbt, prefix=checkpoints/eval_pools/pbt
LOADED: checkpoints/eval_pools/pbt/cramped_room5x5/baseline_seed_0_step_62.msgpack
LOADED: checkpoints/eval_pools/pbt/cramped_room5x5/baseline_seed_1_step_62.msgpack
LOADED: checkpoints/eval_pools/pbt/cramped_room5x5/baseline_seed_2_step_62.msgpack
LOADED: checkpoints/eval_pools/pbt/cramped_room5x5/baseline_seed_3_step_62.msgpack
LOADED: checkpoints/eval_pools/pbt/cramped_room5x5/baseline_seed_4_step_62.msgpack
Using XP rollout scale: XP_PAIR_BATCH_SIZE=32, EVAL_NUM_EPISODES=128, EVAL_NUM_STEPS=400
XP ego[00] partner[00] = 31.875
XP ego[00] partner[01] = 23.281
XP ego[00] partner[02] = 27.656
XP ego[00] partner[03] = 28.750
XP ego[00] partner[04] = 30.781
XP ego[01] partner[00] = 239.688
XP ego[01] partner[01] = 233.281
XP ego[01] partner[02] = 227.656
XP ego[01] partner[03] = 239.844
XP ego[01] partner[04] = 242.344
XP ego[02] partner[00] = 162.969
XP ego[02] partner[01] = 156.094
XP ego[02] partner[02] = 201.875
XP ego[02] partner[03] = 195.312
XP ego[02] partner[04] = 174.062
XP ego[03] partner[00] = 69.062
XP ego[03] partner[01] = 69.531
XP ego[03] partner[02] = 62.500
XP ego[03] partner[03] = 70.469
XP ego[03] partner[04] = 69.844
XP ego[04] partner[00] = 22.344
XP ego[04] partner[01] = 42.500
XP ego[04] partner[02] = 27.812
XP ego[04] partner[03] = 31.406
XP ego[04] partner[04] = 22.969
Evaluating partner group 3: method=sp, prefix=checkpoints/eval_pools/sp
LOADED: checkpoints/eval_pools/sp/cramped_room5x5/baseline_seed_0_step_220.msgpack
LOADED: checkpoints/eval_pools/sp/cramped_room5x5/baseline_seed_1_step_220.msgpack
LOADED: checkpoints/eval_pools/sp/cramped_room5x5/baseline_seed_2_step_220.msgpack
LOADED: checkpoints/eval_pools/sp/cramped_room5x5/baseline_seed_3_step_220.msgpack
LOADED: checkpoints/eval_pools/sp/cramped_room5x5/baseline_seed_4_step_220.msgpack
Using XP rollout scale: XP_PAIR_BATCH_SIZE=32, EVAL_NUM_EPISODES=128, EVAL_NUM_STEPS=400
XP ego[00] partner[00] = 218.125
XP ego[00] partner[01] = 225.312
XP ego[00] partner[02] = 180.781
XP ego[00] partner[03] = 237.344
XP ego[00] partner[04] = 218.594
XP ego[01] partner[00] = 229.688
XP ego[01] partner[01] = 197.656
XP ego[01] partner[02] = 232.031
XP ego[01] partner[03] = 217.656
XP ego[01] partner[04] = 157.969
XP ego[02] partner[00] = 195.625
XP ego[02] partner[01] = 210.000
XP ego[02] partner[02] = 212.969
XP ego[02] partner[03] = 160.469
XP ego[02] partner[04] = 195.312
XP ego[03] partner[00] = 202.500
XP ego[03] partner[01] = 191.250
XP ego[03] partner[02] = 199.219
XP ego[03] partner[03] = 231.406
XP ego[03] partner[04] = 63.906
XP ego[04] partner[00] = 197.188
XP ego[04] partner[01] = 177.656
XP ego[04] partner[02] = 231.719
XP ego[04] partner[03] = 234.688
XP ego[04] partner[04] = 132.344
Average ego-vs-partner performance: 179.894 +- 6.619 SE over 100 ordered pairs
Average diagonal performance: 212.656 +- 8.624 SE over 5 pairs
Average off-diagonal performance (only for square pools): nan +- nan SE over 0 ordered pairs
Saved ad-hoc teamplay results to ad_hoc_teamplay_results/lmpred_ema_ablate_ad_hoc_teamplay/cramped_room5x5
Saved ad-hoc teamplay heatmap to ad_hoc_teamplay_results/lmpred_ema_ablate_ad_hoc_teamplay/cramped_room5x5/xp_matrix.png
Evaluating partner alignment group 0: method=e3t, prefix=checkpoints/eval_pools/e3t
LOADED: checkpoints/eval_pools/e3t/cramped_room5x5/baseline_seed_0_step_220.msgpack
LOADED: checkpoints/eval_pools/e3t/cramped_room5x5/baseline_seed_1_step_220.msgpack
LOADED: checkpoints/eval_pools/e3t/cramped_room5x5/baseline_seed_2_step_220.msgpack
LOADED: checkpoints/eval_pools/e3t/cramped_room5x5/baseline_seed_3_step_220.msgpack
LOADED: checkpoints/eval_pools/e3t/cramped_room5x5/baseline_seed_4_step_220.msgpack
Using alignment rollout scale: ALIGN_PAIR_BATCH_SIZE=2, ALIGN_EVAL_NUM_EPISODES=128, ALIGN_EVAL_NUM_STEPS=400
ALIGN ego[00] partner[00] R2=0.949354 NMSE=0.050646 shuffled_R2=-0.015250
ALIGN ego[00] partner[01] R2=0.947648 NMSE=0.052352 shuffled_R2=-0.021213
ALIGN ego[00] partner[02] R2=0.914202 NMSE=0.085798 shuffled_R2=-0.027512
ALIGN ego[00] partner[03] R2=0.882133 NMSE=0.117867 shuffled_R2=-0.033912
ALIGN ego[00] partner[04] R2=0.952190 NMSE=0.047810 shuffled_R2=-0.015763
ALIGN ego[01] partner[00] R2=0.936744 NMSE=0.063256 shuffled_R2=-0.018199
ALIGN ego[01] partner[01] R2=0.956338 NMSE=0.043662 shuffled_R2=-0.018888
ALIGN ego[01] partner[02] R2=0.953174 NMSE=0.046826 shuffled_R2=-0.027494
ALIGN ego[01] partner[03] R2=0.881062 NMSE=0.118938 shuffled_R2=-0.053605
ALIGN ego[01] partner[04] R2=0.959019 NMSE=0.040981 shuffled_R2=-0.015025
ALIGN ego[02] partner[00] R2=0.932899 NMSE=0.067101 shuffled_R2=-0.020861
ALIGN ego[02] partner[01] R2=0.908094 NMSE=0.091906 shuffled_R2=-0.027664
ALIGN ego[02] partner[02] R2=0.717611 NMSE=0.282389 shuffled_R2=-0.058259
ALIGN ego[02] partner[03] R2=0.793517 NMSE=0.206483 shuffled_R2=-0.041424
ALIGN ego[02] partner[04] R2=0.887946 NMSE=0.112054 shuffled_R2=-0.042087
ALIGN ego[03] partner[00] R2=0.939463 NMSE=0.060537 shuffled_R2=-0.023194
ALIGN ego[03] partner[01] R2=0.953769 NMSE=0.046231 shuffled_R2=-0.015537
ALIGN ego[03] partner[02] R2=0.956547 NMSE=0.043453 shuffled_R2=-0.016950
ALIGN ego[03] partner[03] R2=0.934372 NMSE=0.065628 shuffled_R2=-0.023458
ALIGN ego[03] partner[04] R2=0.869749 NMSE=0.130251 shuffled_R2=-0.086547
ALIGN ego[04] partner[00] R2=0.942026 NMSE=0.057974 shuffled_R2=-0.016803
ALIGN ego[04] partner[01] R2=0.852357 NMSE=0.147643 shuffled_R2=-0.065837
ALIGN ego[04] partner[02] R2=0.898469 NMSE=0.101531 shuffled_R2=-0.024386
ALIGN ego[04] partner[03] R2=0.929385 NMSE=0.070615 shuffled_R2=-0.015917
ALIGN ego[04] partner[04] R2=0.858764 NMSE=0.141236 shuffled_R2=-0.052462
Evaluating partner alignment group 1: method=mep_br, prefix=checkpoints/eval_pools/mep_br
LOADED: checkpoints/eval_pools/mep_br/cramped_room5x5/baseline_seed_0_step_220.msgpack
LOADED: checkpoints/eval_pools/mep_br/cramped_room5x5/baseline_seed_1_step_220.msgpack
LOADED: checkpoints/eval_pools/mep_br/cramped_room5x5/baseline_seed_2_step_220.msgpack
LOADED: checkpoints/eval_pools/mep_br/cramped_room5x5/baseline_seed_3_step_220.msgpack
LOADED: checkpoints/eval_pools/mep_br/cramped_room5x5/baseline_seed_4_step_220.msgpack
Using alignment rollout scale: ALIGN_PAIR_BATCH_SIZE=2, ALIGN_EVAL_NUM_EPISODES=128, ALIGN_EVAL_NUM_STEPS=400
ALIGN ego[00] partner[00] R2=0.879357 NMSE=0.120643 shuffled_R2=-0.026133
ALIGN ego[00] partner[01] R2=0.943965 NMSE=0.056035 shuffled_R2=-0.017055
ALIGN ego[00] partner[02] R2=0.921192 NMSE=0.078808 shuffled_R2=-0.016372
ALIGN ego[00] partner[03] R2=0.941126 NMSE=0.058874 shuffled_R2=-0.018944
ALIGN ego[00] partner[04] R2=0.929764 NMSE=0.070236 shuffled_R2=-0.020396
ALIGN ego[01] partner[00] R2=0.887970 NMSE=0.112030 shuffled_R2=-0.023238
ALIGN ego[01] partner[01] R2=0.951594 NMSE=0.048406 shuffled_R2=-0.016139
ALIGN ego[01] partner[02] R2=0.933454 NMSE=0.066546 shuffled_R2=-0.021472
ALIGN ego[01] partner[03] R2=0.947956 NMSE=0.052044 shuffled_R2=-0.017039
ALIGN ego[01] partner[04] R2=0.966778 NMSE=0.033222 shuffled_R2=-0.018076
ALIGN ego[02] partner[00] R2=0.826889 NMSE=0.173111 shuffled_R2=-0.047918
ALIGN ego[02] partner[01] R2=0.931617 NMSE=0.068383 shuffled_R2=-0.017091
ALIGN ego[02] partner[02] R2=0.789607 NMSE=0.210393 shuffled_R2=-0.037044
ALIGN ego[02] partner[03] R2=0.908534 NMSE=0.091466 shuffled_R2=-0.030210
ALIGN ego[02] partner[04] R2=0.949863 NMSE=0.050137 shuffled_R2=-0.018674
ALIGN ego[03] partner[00] R2=0.920799 NMSE=0.079201 shuffled_R2=-0.016214
ALIGN ego[03] partner[01] R2=0.950656 NMSE=0.049344 shuffled_R2=-0.016681
ALIGN ego[03] partner[02] R2=0.935038 NMSE=0.064962 shuffled_R2=-0.018761
ALIGN ego[03] partner[03] R2=0.963590 NMSE=0.036410 shuffled_R2=-0.019928
ALIGN ego[03] partner[04] R2=0.939375 NMSE=0.060625 shuffled_R2=-0.019027
ALIGN ego[04] partner[00] R2=0.903507 NMSE=0.096493 shuffled_R2=-0.019744
ALIGN ego[04] partner[01] R2=0.928455 NMSE=0.071545 shuffled_R2=-0.018001
ALIGN ego[04] partner[02] R2=0.931246 NMSE=0.068754 shuffled_R2=-0.018359
ALIGN ego[04] partner[03] R2=0.962044 NMSE=0.037956 shuffled_R2=-0.013997
ALIGN ego[04] partner[04] R2=0.892147 NMSE=0.107853 shuffled_R2=-0.029243
Evaluating partner alignment group 2: method=pbt, prefix=checkpoints/eval_pools/pbt
LOADED: checkpoints/eval_pools/pbt/cramped_room5x5/baseline_seed_0_step_62.msgpack
LOADED: checkpoints/eval_pools/pbt/cramped_room5x5/baseline_seed_1_step_62.msgpack
LOADED: checkpoints/eval_pools/pbt/cramped_room5x5/baseline_seed_2_step_62.msgpack
LOADED: checkpoints/eval_pools/pbt/cramped_room5x5/baseline_seed_3_step_62.msgpack
LOADED: checkpoints/eval_pools/pbt/cramped_room5x5/baseline_seed_4_step_62.msgpack
Using alignment rollout scale: ALIGN_PAIR_BATCH_SIZE=2, ALIGN_EVAL_NUM_EPISODES=128, ALIGN_EVAL_NUM_STEPS=400
ALIGN ego[00] partner[00] R2=0.576535 NMSE=0.423465 shuffled_R2=-0.144575
ALIGN ego[00] partner[01] R2=0.851377 NMSE=0.148623 shuffled_R2=-0.020823
ALIGN ego[00] partner[02] R2=0.883319 NMSE=0.116681 shuffled_R2=-0.024028
ALIGN ego[00] partner[03] R2=0.885785 NMSE=0.114215 shuffled_R2=-0.017771
ALIGN ego[00] partner[04] R2=0.834010 NMSE=0.165990 shuffled_R2=-0.030194
ALIGN ego[01] partner[00] R2=0.901151 NMSE=0.098849 shuffled_R2=-0.015322
ALIGN ego[01] partner[01] R2=0.895915 NMSE=0.104085 shuffled_R2=-0.016308
ALIGN ego[01] partner[02] R2=0.825501 NMSE=0.174499 shuffled_R2=-0.021256
ALIGN ego[01] partner[03] R2=0.874975 NMSE=0.125025 shuffled_R2=-0.015853
ALIGN ego[01] partner[04] R2=0.889012 NMSE=0.110988 shuffled_R2=-0.020359
ALIGN ego[02] partner[00] R2=0.866743 NMSE=0.133257 shuffled_R2=-0.015788
ALIGN ego[02] partner[01] R2=0.823293 NMSE=0.176707 shuffled_R2=-0.015425
ALIGN ego[02] partner[02] R2=0.818392 NMSE=0.181608 shuffled_R2=-0.015312
ALIGN ego[02] partner[03] R2=0.679352 NMSE=0.320648 shuffled_R2=-0.046310
ALIGN ego[02] partner[04] R2=0.855178 NMSE=0.144822 shuffled_R2=-0.012438
ALIGN ego[03] partner[00] R2=0.822835 NMSE=0.177165 shuffled_R2=-0.025750
ALIGN ego[03] partner[01] R2=0.870053 NMSE=0.129947 shuffled_R2=-0.014937
ALIGN ego[03] partner[02] R2=0.906141 NMSE=0.093859 shuffled_R2=-0.015135
ALIGN ego[03] partner[03] R2=0.794487 NMSE=0.205513 shuffled_R2=-0.038587
ALIGN ego[03] partner[04] R2=0.810110 NMSE=0.189890 shuffled_R2=-0.030591
ALIGN ego[04] partner[00] R2=-0.337390 NMSE=1.337390 shuffled_R2=-0.151607
ALIGN ego[04] partner[01] R2=0.810017 NMSE=0.189983 shuffled_R2=-0.025971
ALIGN ego[04] partner[02] R2=0.755859 NMSE=0.244141 shuffled_R2=-0.039207
ALIGN ego[04] partner[03] R2=0.641085 NMSE=0.358915 shuffled_R2=-0.052108
ALIGN ego[04] partner[04] R2=0.297541 NMSE=0.702459 shuffled_R2=-0.090484
Evaluating partner alignment group 3: method=sp, prefix=checkpoints/eval_pools/sp
LOADED: checkpoints/eval_pools/sp/cramped_room5x5/baseline_seed_0_step_220.msgpack
LOADED: checkpoints/eval_pools/sp/cramped_room5x5/baseline_seed_1_step_220.msgpack
LOADED: checkpoints/eval_pools/sp/cramped_room5x5/baseline_seed_2_step_220.msgpack
LOADED: checkpoints/eval_pools/sp/cramped_room5x5/baseline_seed_3_step_220.msgpack
LOADED: checkpoints/eval_pools/sp/cramped_room5x5/baseline_seed_4_step_220.msgpack
Using alignment rollout scale: ALIGN_PAIR_BATCH_SIZE=2, ALIGN_EVAL_NUM_EPISODES=128, ALIGN_EVAL_NUM_STEPS=400
ALIGN ego[00] partner[00] R2=0.918539 NMSE=0.081461 shuffled_R2=-0.023685
ALIGN ego[00] partner[01] R2=0.944358 NMSE=0.055642 shuffled_R2=-0.019057
ALIGN ego[00] partner[02] R2=0.928810 NMSE=0.071190 shuffled_R2=-0.069862
ALIGN ego[00] partner[03] R2=0.948886 NMSE=0.051114 shuffled_R2=-0.018317
ALIGN ego[00] partner[04] R2=0.959090 NMSE=0.040910 shuffled_R2=-0.018229
ALIGN ego[01] partner[00] R2=0.952378 NMSE=0.047622 shuffled_R2=-0.015376
ALIGN ego[01] partner[01] R2=0.955534 NMSE=0.044466 shuffled_R2=-0.015718
ALIGN ego[01] partner[02] R2=0.945958 NMSE=0.054042 shuffled_R2=-0.014602
ALIGN ego[01] partner[03] R2=0.951599 NMSE=0.048401 shuffled_R2=-0.019549
ALIGN ego[01] partner[04] R2=0.961927 NMSE=0.038073 shuffled_R2=-0.022001
ALIGN ego[02] partner[00] R2=0.789997 NMSE=0.210003 shuffled_R2=-0.042033
ALIGN ego[02] partner[01] R2=0.922907 NMSE=0.077093 shuffled_R2=-0.019331
ALIGN ego[02] partner[02] R2=0.896352 NMSE=0.103648 shuffled_R2=-0.032236
ALIGN ego[02] partner[03] R2=0.943184 NMSE=0.056816 shuffled_R2=-0.013754
ALIGN ego[02] partner[04] R2=0.958434 NMSE=0.041566 shuffled_R2=-0.015804
ALIGN ego[03] partner[00] R2=0.884194 NMSE=0.115806 shuffled_R2=-0.030697
ALIGN ego[03] partner[01] R2=0.952764 NMSE=0.047236 shuffled_R2=-0.016249
ALIGN ego[03] partner[02] R2=0.954341 NMSE=0.045659 shuffled_R2=-0.016399
ALIGN ego[03] partner[03] R2=0.948847 NMSE=0.051153 shuffled_R2=-0.021408
ALIGN ego[03] partner[04] R2=0.968677 NMSE=0.031323 shuffled_R2=-0.014541
ALIGN ego[04] partner[00] R2=0.916725 NMSE=0.083275 shuffled_R2=-0.023825
ALIGN ego[04] partner[01] R2=0.963934 NMSE=0.036066 shuffled_R2=-0.014924
ALIGN ego[04] partner[02] R2=0.962174 NMSE=0.037826 shuffled_R2=-0.016868
ALIGN ego[04] partner[03] R2=0.942520 NMSE=0.057480 shuffled_R2=-0.016619
ALIGN ego[04] partner[04] R2=0.958057 NMSE=0.041943 shuffled_R2=-0.017634
Average ego-to-partner alignment R2: 0.880048 +- 0.015442 SE over 100 ego-partner pairs
Average alignment normalized MSE: 0.119952 +- 0.015442 SE
Average shuffled-control alignment R2: -0.027789 +- 0.002277 SE
Saved alignment results to ad_hoc_teamplay_results/lmpred_ema_ablate_ad_hoc_teamplay/cramped_room5x5
Evaluating ad-hoc teamplay for ego_method=lmpred_ema_gamma0, layout=counter_circuit
ego_prefix=checkpoints/lmpred_ema_gamma0/, partner_pool_specs=e3t:checkpoints/eval_pools/e3t;mep_br:checkpoints/eval_pools/mep_br;pbt:checkpoints/eval_pools/pbt;sp:checkpoints/eval_pools/sp, result_name=lmpred_ema_gamma0_ad_hoc_teamplay, ego_perspective_transform=true
Importing submoduled environments...
Submoduled environments not found. Skipping import.
2026-07-02 07:03:40.261914: W external/xla/xla/service/gpu/autotuning/dot_search_space.cc:200] All configs were filtered out because none of them sufficiently match the hints. Maybe the hints set does not contain a good representative set of valid configs?Working around this by using the full hints set instead.
2026-07-02 07:03:41.332412: W external/xla/xla/service/gpu/autotuning/dot_search_space.cc:200] All configs were filtered out because none of them sufficiently match the hints. Maybe the hints set does not contain a good representative set of valid configs?Working around this by using the full hints set instead.
LOADED: checkpoints/lmpred_ema_gamma0/counter_circuit/baseline_seed_0_step_380.msgpack
LOADED: checkpoints/lmpred_ema_gamma0/counter_circuit/baseline_seed_1_step_380.msgpack
LOADED: checkpoints/lmpred_ema_gamma0/counter_circuit/baseline_seed_2_step_380.msgpack
LOADED: checkpoints/lmpred_ema_gamma0/counter_circuit/baseline_seed_3_step_380.msgpack
LOADED: checkpoints/lmpred_ema_gamma0/counter_circuit/baseline_seed_4_step_380.msgpack
Evaluating partner group 0: method=e3t, prefix=checkpoints/eval_pools/e3t
LOADED: checkpoints/eval_pools/e3t/counter_circuit/baseline_seed_0_step_220.msgpack
LOADED: checkpoints/eval_pools/e3t/counter_circuit/baseline_seed_1_step_220.msgpack
LOADED: checkpoints/eval_pools/e3t/counter_circuit/baseline_seed_2_step_220.msgpack
LOADED: checkpoints/eval_pools/e3t/counter_circuit/baseline_seed_3_step_220.msgpack
LOADED: checkpoints/eval_pools/e3t/counter_circuit/baseline_seed_4_step_220.msgpack
Using XP rollout scale: XP_PAIR_BATCH_SIZE=32, EVAL_NUM_EPISODES=128, EVAL_NUM_STEPS=400
Error executing job with overrides: ['+ENV_KWARGS.front_obs=true', '++ENV_KWARGS.random_reset=false', '++TRAINING_METHOD=lmpred_ema_gamma0', '++EGO_TRAINING_METHOD=lmpred_ema_gamma0', '++EGO_CHECKPOINTS_PREFIX=checkpoints/lmpred_ema_gamma0/', "++PARTNER_POOL_SPECS='e3t:checkpoints/eval_pools/e3t;mep_br:checkpoints/eval_pools/mep_br;pbt:checkpoints/eval_pools/pbt;sp:checkpoints/eval_pools/sp'", '++PERSPECTIVE_TRANSFORM=true', '++EGO_XP_LATEST_PER_SEED=true', '++EGO_XP_SEEDS=[0,1,2,3,4]', '++PARTNER_XP_LATEST_PER_SEED=true', '++XP_RESULT_NAME=lmpred_ema_gamma0_ad_hoc_teamplay', '++XP_SAVE_DIR=ad_hoc_teamplay_results', '++XP_EVAL_ALIGNMENT=true', '++EVAL_NUM_EPISODES=128', '++XP_PAIR_BATCH_SIZE=32', '++ALIGN_EVAL_NUM_EPISODES=128', '++ALIGN_PAIR_BATCH_SIZE=2', '++ALIGN_MAX_PAIR_BATCH_SIZE=4', '++ALIGN_RIDGE_LAMBDA=0.001', '++ALIGN_TRAIN_FRACTION=0.7']
jax.errors.SimplifiedTraceback: For simplicity, JAX has removed its internal frames from the traceback of the following exception. Set JAX_TRACEBACK_FILTERING=off to include these.

The above exception was the direct cause of the following exception:

Traceback (most recent call last):
  File "/net/scratch/n70579mp/tom/JaxMARL/baselines/overcookedv2/eval_adhoc.py", line 1014, in main
    results = evaluate_partner_groups(
  File "/net/scratch/n70579mp/tom/JaxMARL/baselines/overcookedv2/eval_adhoc.py", line 910, in evaluate_partner_groups
    results = evaluator(group_rng)
  File "/net/scratch/n70579mp/tom/JaxMARL/baselines/overcookedv2/eval_adhoc.py", line 474, in evaluator
    returns = np.asarray(evaluate_pair_batch_jit(eval_rngs, params_i, params_j))
  File "/net/scratch/n70579mp/tom/JaxMARL/baselines/overcookedv2/eval_adhoc.py", line 448, in evaluate_one_order
    final_carry, _ = jax.lax.scan(step_fn, init_carry, None, length=num_eval_steps)
  File "/net/scratch/n70579mp/tom/JaxMARL/baselines/overcookedv2/eval_adhoc.py", line 405, in step_fn
    hstate_a, action_a = apply_policy(
  File "/net/scratch/n70579mp/tom/JaxMARL/baselines/overcookedv2/eval_adhoc.py", line 381, in apply_policy
    out = network.apply(params, hstate, ac_in)
  File "/net/scratch/n70579mp/tom/JaxMARL/baselines/overcookedv2/train_lmpred_ema.py", line 222, in __call__
    pred_hidden_repr = nn.Dense(
  File "/mnt/iusers01/fatpou01/compsci01/n70579mp/.conda/envs/jax/lib/python3.10/site-packages/flax/linen/linear.py", line 264, in __call__
    kernel = self.param(
flax.errors.ScopeParamShapeError: Initializer expected to generate shape (256, 512) but got shape (256, 1536) instead for parameter "kernel" in "/self_pred_out". (https://flax.readthedocs.io/en/latest/api_reference/flax.errors.html#flax.errors.ScopeParamShapeError)

Set the environment variable HYDRA_FULL_ERROR=1 for a complete stack trace.
Evaluating ad-hoc teamplay for ego_method=lmpred_ema_gamma0, layout=coord_ring
ego_prefix=checkpoints/lmpred_ema_gamma0/, partner_pool_specs=e3t:checkpoints/eval_pools/e3t;mep_br:checkpoints/eval_pools/mep_br;pbt:checkpoints/eval_pools/pbt;sp:checkpoints/eval_pools/sp, result_name=lmpred_ema_gamma0_ad_hoc_teamplay, ego_perspective_transform=true
Importing submoduled environments...
Submoduled environments not found. Skipping import.
2026-07-02 07:04:31.242451: W external/xla/xla/service/gpu/autotuning/dot_search_space.cc:200] All configs were filtered out because none of them sufficiently match the hints. Maybe the hints set does not contain a good representative set of valid configs?Working around this by using the full hints set instead.
2026-07-02 07:04:32.359996: W external/xla/xla/service/gpu/autotuning/dot_search_space.cc:200] All configs were filtered out because none of them sufficiently match the hints. Maybe the hints set does not contain a good representative set of valid configs?Working around this by using the full hints set instead.
LOADED: checkpoints/lmpred_ema_gamma0/coord_ring/baseline_seed_0_step_220.msgpack
LOADED: checkpoints/lmpred_ema_gamma0/coord_ring/baseline_seed_1_step_220.msgpack
LOADED: checkpoints/lmpred_ema_gamma0/coord_ring/baseline_seed_2_step_220.msgpack
LOADED: checkpoints/lmpred_ema_gamma0/coord_ring/baseline_seed_3_step_220.msgpack
LOADED: checkpoints/lmpred_ema_gamma0/coord_ring/baseline_seed_4_step_220.msgpack
Evaluating partner group 0: method=e3t, prefix=checkpoints/eval_pools/e3t
LOADED: checkpoints/eval_pools/e3t/coord_ring/baseline_seed_0_step_220.msgpack
LOADED: checkpoints/eval_pools/e3t/coord_ring/baseline_seed_1_step_220.msgpack
LOADED: checkpoints/eval_pools/e3t/coord_ring/baseline_seed_2_step_220.msgpack
LOADED: checkpoints/eval_pools/e3t/coord_ring/baseline_seed_3_step_220.msgpack
LOADED: checkpoints/eval_pools/e3t/coord_ring/baseline_seed_4_step_220.msgpack
Using XP rollout scale: XP_PAIR_BATCH_SIZE=32, EVAL_NUM_EPISODES=128, EVAL_NUM_STEPS=400
Error executing job with overrides: ['+ENV_KWARGS.front_obs=true', '++ENV_KWARGS.random_reset=false', '++TRAINING_METHOD=lmpred_ema_gamma0', '++EGO_TRAINING_METHOD=lmpred_ema_gamma0', '++EGO_CHECKPOINTS_PREFIX=checkpoints/lmpred_ema_gamma0/', "++PARTNER_POOL_SPECS='e3t:checkpoints/eval_pools/e3t;mep_br:checkpoints/eval_pools/mep_br;pbt:checkpoints/eval_pools/pbt;sp:checkpoints/eval_pools/sp'", '++PERSPECTIVE_TRANSFORM=true', '++EGO_XP_LATEST_PER_SEED=true', '++EGO_XP_SEEDS=[0,1,2,3,4]', '++PARTNER_XP_LATEST_PER_SEED=true', '++XP_RESULT_NAME=lmpred_ema_gamma0_ad_hoc_teamplay', '++XP_SAVE_DIR=ad_hoc_teamplay_results', '++XP_EVAL_ALIGNMENT=true', '++EVAL_NUM_EPISODES=128', '++XP_PAIR_BATCH_SIZE=32', '++ALIGN_EVAL_NUM_EPISODES=128', '++ALIGN_PAIR_BATCH_SIZE=2', '++ALIGN_MAX_PAIR_BATCH_SIZE=4', '++ALIGN_RIDGE_LAMBDA=0.001', '++ALIGN_TRAIN_FRACTION=0.7']
jax.errors.SimplifiedTraceback: For simplicity, JAX has removed its internal frames from the traceback of the following exception. Set JAX_TRACEBACK_FILTERING=off to include these.

The above exception was the direct cause of the following exception:

Traceback (most recent call last):
  File "/net/scratch/n70579mp/tom/JaxMARL/baselines/overcookedv2/eval_adhoc.py", line 1014, in main
    results = evaluate_partner_groups(
  File "/net/scratch/n70579mp/tom/JaxMARL/baselines/overcookedv2/eval_adhoc.py", line 910, in evaluate_partner_groups
    results = evaluator(group_rng)
  File "/net/scratch/n70579mp/tom/JaxMARL/baselines/overcookedv2/eval_adhoc.py", line 474, in evaluator
    returns = np.asarray(evaluate_pair_batch_jit(eval_rngs, params_i, params_j))
  File "/net/scratch/n70579mp/tom/JaxMARL/baselines/overcookedv2/eval_adhoc.py", line 448, in evaluate_one_order
    final_carry, _ = jax.lax.scan(step_fn, init_carry, None, length=num_eval_steps)
  File "/net/scratch/n70579mp/tom/JaxMARL/baselines/overcookedv2/eval_adhoc.py", line 405, in step_fn
    hstate_a, action_a = apply_policy(
  File "/net/scratch/n70579mp/tom/JaxMARL/baselines/overcookedv2/eval_adhoc.py", line 381, in apply_policy
    out = network.apply(params, hstate, ac_in)
  File "/net/scratch/n70579mp/tom/JaxMARL/baselines/overcookedv2/train_lmpred_ema.py", line 222, in __call__
    pred_hidden_repr = nn.Dense(
  File "/mnt/iusers01/fatpou01/compsci01/n70579mp/.conda/envs/jax/lib/python3.10/site-packages/flax/linen/linear.py", line 264, in __call__
    kernel = self.param(
flax.errors.ScopeParamShapeError: Initializer expected to generate shape (256, 512) but got shape (256, 1536) instead for parameter "kernel" in "/self_pred_out". (https://flax.readthedocs.io/en/latest/api_reference/flax.errors.html#flax.errors.ScopeParamShapeError)

Set the environment variable HYDRA_FULL_ERROR=1 for a complete stack trace.
Evaluating ad-hoc teamplay for ego_method=lmpred_ema_gamma0, layout=cramped_room5x5
ego_prefix=checkpoints/lmpred_ema_gamma0/, partner_pool_specs=e3t:checkpoints/eval_pools/e3t;mep_br:checkpoints/eval_pools/mep_br;pbt:checkpoints/eval_pools/pbt;sp:checkpoints/eval_pools/sp, result_name=lmpred_ema_gamma0_ad_hoc_teamplay, ego_perspective_transform=true
Importing submoduled environments...
Submoduled environments not found. Skipping import.
2026-07-02 07:05:21.956898: W external/xla/xla/service/gpu/autotuning/dot_search_space.cc:200] All configs were filtered out because none of them sufficiently match the hints. Maybe the hints set does not contain a good representative set of valid configs?Working around this by using the full hints set instead.
2026-07-02 07:05:23.011234: W external/xla/xla/service/gpu/autotuning/dot_search_space.cc:200] All configs were filtered out because none of them sufficiently match the hints. Maybe the hints set does not contain a good representative set of valid configs?Working around this by using the full hints set instead.
LOADED: checkpoints/lmpred_ema_gamma0/cramped_room5x5/baseline_seed_0_step_220.msgpack
LOADED: checkpoints/lmpred_ema_gamma0/cramped_room5x5/baseline_seed_1_step_220.msgpack
LOADED: checkpoints/lmpred_ema_gamma0/cramped_room5x5/baseline_seed_2_step_220.msgpack
LOADED: checkpoints/lmpred_ema_gamma0/cramped_room5x5/baseline_seed_3_step_220.msgpack
LOADED: checkpoints/lmpred_ema_gamma0/cramped_room5x5/baseline_seed_4_step_220.msgpack
Evaluating partner group 0: method=e3t, prefix=checkpoints/eval_pools/e3t
LOADED: checkpoints/eval_pools/e3t/cramped_room5x5/baseline_seed_0_step_220.msgpack
LOADED: checkpoints/eval_pools/e3t/cramped_room5x5/baseline_seed_1_step_220.msgpack
LOADED: checkpoints/eval_pools/e3t/cramped_room5x5/baseline_seed_2_step_220.msgpack
LOADED: checkpoints/eval_pools/e3t/cramped_room5x5/baseline_seed_3_step_220.msgpack
LOADED: checkpoints/eval_pools/e3t/cramped_room5x5/baseline_seed_4_step_220.msgpack
Using XP rollout scale: XP_PAIR_BATCH_SIZE=32, EVAL_NUM_EPISODES=128, EVAL_NUM_STEPS=400
Error executing job with overrides: ['+ENV_KWARGS.front_obs=true', '++ENV_KWARGS.random_reset=false', '++TRAINING_METHOD=lmpred_ema_gamma0', '++EGO_TRAINING_METHOD=lmpred_ema_gamma0', '++EGO_CHECKPOINTS_PREFIX=checkpoints/lmpred_ema_gamma0/', "++PARTNER_POOL_SPECS='e3t:checkpoints/eval_pools/e3t;mep_br:checkpoints/eval_pools/mep_br;pbt:checkpoints/eval_pools/pbt;sp:checkpoints/eval_pools/sp'", '++PERSPECTIVE_TRANSFORM=true', '++EGO_XP_LATEST_PER_SEED=true', '++EGO_XP_SEEDS=[0,1,2,3,4]', '++PARTNER_XP_LATEST_PER_SEED=true', '++XP_RESULT_NAME=lmpred_ema_gamma0_ad_hoc_teamplay', '++XP_SAVE_DIR=ad_hoc_teamplay_results', '++XP_EVAL_ALIGNMENT=true', '++EVAL_NUM_EPISODES=128', '++XP_PAIR_BATCH_SIZE=32', '++ALIGN_EVAL_NUM_EPISODES=128', '++ALIGN_PAIR_BATCH_SIZE=2', '++ALIGN_MAX_PAIR_BATCH_SIZE=4', '++ALIGN_RIDGE_LAMBDA=0.001', '++ALIGN_TRAIN_FRACTION=0.7']
jax.errors.SimplifiedTraceback: For simplicity, JAX has removed its internal frames from the traceback of the following exception. Set JAX_TRACEBACK_FILTERING=off to include these.

The above exception was the direct cause of the following exception:

Traceback (most recent call last):
  File "/net/scratch/n70579mp/tom/JaxMARL/baselines/overcookedv2/eval_adhoc.py", line 1014, in main
    results = evaluate_partner_groups(
  File "/net/scratch/n70579mp/tom/JaxMARL/baselines/overcookedv2/eval_adhoc.py", line 910, in evaluate_partner_groups
    results = evaluator(group_rng)
  File "/net/scratch/n70579mp/tom/JaxMARL/baselines/overcookedv2/eval_adhoc.py", line 474, in evaluator
    returns = np.asarray(evaluate_pair_batch_jit(eval_rngs, params_i, params_j))
  File "/net/scratch/n70579mp/tom/JaxMARL/baselines/overcookedv2/eval_adhoc.py", line 448, in evaluate_one_order
    final_carry, _ = jax.lax.scan(step_fn, init_carry, None, length=num_eval_steps)
  File "/net/scratch/n70579mp/tom/JaxMARL/baselines/overcookedv2/eval_adhoc.py", line 405, in step_fn
    hstate_a, action_a = apply_policy(
  File "/net/scratch/n70579mp/tom/JaxMARL/baselines/overcookedv2/eval_adhoc.py", line 381, in apply_policy
    out = network.apply(params, hstate, ac_in)
  File "/net/scratch/n70579mp/tom/JaxMARL/baselines/overcookedv2/train_lmpred_ema.py", line 222, in __call__
    pred_hidden_repr = nn.Dense(
  File "/mnt/iusers01/fatpou01/compsci01/n70579mp/.conda/envs/jax/lib/python3.10/site-packages/flax/linen/linear.py", line 264, in __call__
    kernel = self.param(
flax.errors.ScopeParamShapeError: Initializer expected to generate shape (256, 512) but got shape (256, 1536) instead for parameter "kernel" in "/self_pred_out". (https://flax.readthedocs.io/en/latest/api_reference/flax.errors.html#flax.errors.ScopeParamShapeError)

Set the environment variable HYDRA_FULL_ERROR=1 for a complete stack trace.
Evaluating ad-hoc teamplay for ego_method=lmpred_ema_gamma09, layout=counter_circuit
ego_prefix=checkpoints/lmpred_ema_gamma09/, partner_pool_specs=e3t:checkpoints/eval_pools/e3t;mep_br:checkpoints/eval_pools/mep_br;pbt:checkpoints/eval_pools/pbt;sp:checkpoints/eval_pools/sp, result_name=lmpred_ema_gamma09_ad_hoc_teamplay, ego_perspective_transform=true
Importing submoduled environments...
Submoduled environments not found. Skipping import.
2026-07-02 07:06:12.130255: W external/xla/xla/service/gpu/autotuning/dot_search_space.cc:200] All configs were filtered out because none of them sufficiently match the hints. Maybe the hints set does not contain a good representative set of valid configs?Working around this by using the full hints set instead.
2026-07-02 07:06:13.239642: W external/xla/xla/service/gpu/autotuning/dot_search_space.cc:200] All configs were filtered out because none of them sufficiently match the hints. Maybe the hints set does not contain a good representative set of valid configs?Working around this by using the full hints set instead.
LOADED: checkpoints/lmpred_ema_gamma09/counter_circuit/baseline_seed_0_step_380.msgpack
LOADED: checkpoints/lmpred_ema_gamma09/counter_circuit/baseline_seed_1_step_380.msgpack
LOADED: checkpoints/lmpred_ema_gamma09/counter_circuit/baseline_seed_2_step_380.msgpack
LOADED: checkpoints/lmpred_ema_gamma09/counter_circuit/baseline_seed_3_step_380.msgpack
LOADED: checkpoints/lmpred_ema_gamma09/counter_circuit/baseline_seed_4_step_380.msgpack
Evaluating partner group 0: method=e3t, prefix=checkpoints/eval_pools/e3t
LOADED: checkpoints/eval_pools/e3t/counter_circuit/baseline_seed_0_step_220.msgpack
LOADED: checkpoints/eval_pools/e3t/counter_circuit/baseline_seed_1_step_220.msgpack
LOADED: checkpoints/eval_pools/e3t/counter_circuit/baseline_seed_2_step_220.msgpack
LOADED: checkpoints/eval_pools/e3t/counter_circuit/baseline_seed_3_step_220.msgpack
LOADED: checkpoints/eval_pools/e3t/counter_circuit/baseline_seed_4_step_220.msgpack
Using XP rollout scale: XP_PAIR_BATCH_SIZE=32, EVAL_NUM_EPISODES=128, EVAL_NUM_STEPS=400
Error executing job with overrides: ['+ENV_KWARGS.front_obs=true', '++ENV_KWARGS.random_reset=false', '++TRAINING_METHOD=lmpred_ema_gamma09', '++EGO_TRAINING_METHOD=lmpred_ema_gamma09', '++EGO_CHECKPOINTS_PREFIX=checkpoints/lmpred_ema_gamma09/', "++PARTNER_POOL_SPECS='e3t:checkpoints/eval_pools/e3t;mep_br:checkpoints/eval_pools/mep_br;pbt:checkpoints/eval_pools/pbt;sp:checkpoints/eval_pools/sp'", '++PERSPECTIVE_TRANSFORM=true', '++EGO_XP_LATEST_PER_SEED=true', '++EGO_XP_SEEDS=[0,1,2,3,4]', '++PARTNER_XP_LATEST_PER_SEED=true', '++XP_RESULT_NAME=lmpred_ema_gamma09_ad_hoc_teamplay', '++XP_SAVE_DIR=ad_hoc_teamplay_results', '++XP_EVAL_ALIGNMENT=true', '++EVAL_NUM_EPISODES=128', '++XP_PAIR_BATCH_SIZE=32', '++ALIGN_EVAL_NUM_EPISODES=128', '++ALIGN_PAIR_BATCH_SIZE=2', '++ALIGN_MAX_PAIR_BATCH_SIZE=4', '++ALIGN_RIDGE_LAMBDA=0.001', '++ALIGN_TRAIN_FRACTION=0.7']
jax.errors.SimplifiedTraceback: For simplicity, JAX has removed its internal frames from the traceback of the following exception. Set JAX_TRACEBACK_FILTERING=off to include these.

The above exception was the direct cause of the following exception:

Traceback (most recent call last):
  File "/net/scratch/n70579mp/tom/JaxMARL/baselines/overcookedv2/eval_adhoc.py", line 1014, in main
    results = evaluate_partner_groups(
  File "/net/scratch/n70579mp/tom/JaxMARL/baselines/overcookedv2/eval_adhoc.py", line 910, in evaluate_partner_groups
    results = evaluator(group_rng)
  File "/net/scratch/n70579mp/tom/JaxMARL/baselines/overcookedv2/eval_adhoc.py", line 474, in evaluator
    returns = np.asarray(evaluate_pair_batch_jit(eval_rngs, params_i, params_j))
  File "/net/scratch/n70579mp/tom/JaxMARL/baselines/overcookedv2/eval_adhoc.py", line 448, in evaluate_one_order
    final_carry, _ = jax.lax.scan(step_fn, init_carry, None, length=num_eval_steps)
  File "/net/scratch/n70579mp/tom/JaxMARL/baselines/overcookedv2/eval_adhoc.py", line 405, in step_fn
    hstate_a, action_a = apply_policy(
  File "/net/scratch/n70579mp/tom/JaxMARL/baselines/overcookedv2/eval_adhoc.py", line 381, in apply_policy
    out = network.apply(params, hstate, ac_in)
  File "/net/scratch/n70579mp/tom/JaxMARL/baselines/overcookedv2/train_lmpred_ema.py", line 222, in __call__
    pred_hidden_repr = nn.Dense(
  File "/mnt/iusers01/fatpou01/compsci01/n70579mp/.conda/envs/jax/lib/python3.10/site-packages/flax/linen/linear.py", line 264, in __call__
    kernel = self.param(
flax.errors.ScopeParamShapeError: Initializer expected to generate shape (256, 512) but got shape (256, 1536) instead for parameter "kernel" in "/self_pred_out". (https://flax.readthedocs.io/en/latest/api_reference/flax.errors.html#flax.errors.ScopeParamShapeError)

Set the environment variable HYDRA_FULL_ERROR=1 for a complete stack trace.
Evaluating ad-hoc teamplay for ego_method=lmpred_ema_gamma09, layout=coord_ring
ego_prefix=checkpoints/lmpred_ema_gamma09/, partner_pool_specs=e3t:checkpoints/eval_pools/e3t;mep_br:checkpoints/eval_pools/mep_br;pbt:checkpoints/eval_pools/pbt;sp:checkpoints/eval_pools/sp, result_name=lmpred_ema_gamma09_ad_hoc_teamplay, ego_perspective_transform=true
Importing submoduled environments...
Submoduled environments not found. Skipping import.
2026-07-02 07:07:03.122939: W external/xla/xla/service/gpu/autotuning/dot_search_space.cc:200] All configs were filtered out because none of them sufficiently match the hints. Maybe the hints set does not contain a good representative set of valid configs?Working around this by using the full hints set instead.
2026-07-02 07:07:04.259498: W external/xla/xla/service/gpu/autotuning/dot_search_space.cc:200] All configs were filtered out because none of them sufficiently match the hints. Maybe the hints set does not contain a good representative set of valid configs?Working around this by using the full hints set instead.
LOADED: checkpoints/lmpred_ema_gamma09/coord_ring/baseline_seed_0_step_220.msgpack
LOADED: checkpoints/lmpred_ema_gamma09/coord_ring/baseline_seed_1_step_220.msgpack
LOADED: checkpoints/lmpred_ema_gamma09/coord_ring/baseline_seed_2_step_220.msgpack
LOADED: checkpoints/lmpred_ema_gamma09/coord_ring/baseline_seed_3_step_220.msgpack
LOADED: checkpoints/lmpred_ema_gamma09/coord_ring/baseline_seed_4_step_220.msgpack
Evaluating partner group 0: method=e3t, prefix=checkpoints/eval_pools/e3t
LOADED: checkpoints/eval_pools/e3t/coord_ring/baseline_seed_0_step_220.msgpack
LOADED: checkpoints/eval_pools/e3t/coord_ring/baseline_seed_1_step_220.msgpack
LOADED: checkpoints/eval_pools/e3t/coord_ring/baseline_seed_2_step_220.msgpack
LOADED: checkpoints/eval_pools/e3t/coord_ring/baseline_seed_3_step_220.msgpack
LOADED: checkpoints/eval_pools/e3t/coord_ring/baseline_seed_4_step_220.msgpack
Using XP rollout scale: XP_PAIR_BATCH_SIZE=32, EVAL_NUM_EPISODES=128, EVAL_NUM_STEPS=400
Error executing job with overrides: ['+ENV_KWARGS.front_obs=true', '++ENV_KWARGS.random_reset=false', '++TRAINING_METHOD=lmpred_ema_gamma09', '++EGO_TRAINING_METHOD=lmpred_ema_gamma09', '++EGO_CHECKPOINTS_PREFIX=checkpoints/lmpred_ema_gamma09/', "++PARTNER_POOL_SPECS='e3t:checkpoints/eval_pools/e3t;mep_br:checkpoints/eval_pools/mep_br;pbt:checkpoints/eval_pools/pbt;sp:checkpoints/eval_pools/sp'", '++PERSPECTIVE_TRANSFORM=true', '++EGO_XP_LATEST_PER_SEED=true', '++EGO_XP_SEEDS=[0,1,2,3,4]', '++PARTNER_XP_LATEST_PER_SEED=true', '++XP_RESULT_NAME=lmpred_ema_gamma09_ad_hoc_teamplay', '++XP_SAVE_DIR=ad_hoc_teamplay_results', '++XP_EVAL_ALIGNMENT=true', '++EVAL_NUM_EPISODES=128', '++XP_PAIR_BATCH_SIZE=32', '++ALIGN_EVAL_NUM_EPISODES=128', '++ALIGN_PAIR_BATCH_SIZE=2', '++ALIGN_MAX_PAIR_BATCH_SIZE=4', '++ALIGN_RIDGE_LAMBDA=0.001', '++ALIGN_TRAIN_FRACTION=0.7']
jax.errors.SimplifiedTraceback: For simplicity, JAX has removed its internal frames from the traceback of the following exception. Set JAX_TRACEBACK_FILTERING=off to include these.

The above exception was the direct cause of the following exception:

Traceback (most recent call last):
  File "/net/scratch/n70579mp/tom/JaxMARL/baselines/overcookedv2/eval_adhoc.py", line 1014, in main
    results = evaluate_partner_groups(
  File "/net/scratch/n70579mp/tom/JaxMARL/baselines/overcookedv2/eval_adhoc.py", line 910, in evaluate_partner_groups
    results = evaluator(group_rng)
  File "/net/scratch/n70579mp/tom/JaxMARL/baselines/overcookedv2/eval_adhoc.py", line 474, in evaluator
    returns = np.asarray(evaluate_pair_batch_jit(eval_rngs, params_i, params_j))
  File "/net/scratch/n70579mp/tom/JaxMARL/baselines/overcookedv2/eval_adhoc.py", line 448, in evaluate_one_order
    final_carry, _ = jax.lax.scan(step_fn, init_carry, None, length=num_eval_steps)
  File "/net/scratch/n70579mp/tom/JaxMARL/baselines/overcookedv2/eval_adhoc.py", line 405, in step_fn
    hstate_a, action_a = apply_policy(
  File "/net/scratch/n70579mp/tom/JaxMARL/baselines/overcookedv2/eval_adhoc.py", line 381, in apply_policy
    out = network.apply(params, hstate, ac_in)
  File "/net/scratch/n70579mp/tom/JaxMARL/baselines/overcookedv2/train_lmpred_ema.py", line 222, in __call__
    pred_hidden_repr = nn.Dense(
  File "/mnt/iusers01/fatpou01/compsci01/n70579mp/.conda/envs/jax/lib/python3.10/site-packages/flax/linen/linear.py", line 264, in __call__
    kernel = self.param(
flax.errors.ScopeParamShapeError: Initializer expected to generate shape (256, 512) but got shape (256, 1536) instead for parameter "kernel" in "/self_pred_out". (https://flax.readthedocs.io/en/latest/api_reference/flax.errors.html#flax.errors.ScopeParamShapeError)

Set the environment variable HYDRA_FULL_ERROR=1 for a complete stack trace.
Evaluating ad-hoc teamplay for ego_method=lmpred_ema_gamma09, layout=cramped_room5x5
ego_prefix=checkpoints/lmpred_ema_gamma09/, partner_pool_specs=e3t:checkpoints/eval_pools/e3t;mep_br:checkpoints/eval_pools/mep_br;pbt:checkpoints/eval_pools/pbt;sp:checkpoints/eval_pools/sp, result_name=lmpred_ema_gamma09_ad_hoc_teamplay, ego_perspective_transform=true
Importing submoduled environments...
Submoduled environments not found. Skipping import.
2026-07-02 07:07:52.555326: W external/xla/xla/service/gpu/autotuning/dot_search_space.cc:200] All configs were filtered out because none of them sufficiently match the hints. Maybe the hints set does not contain a good representative set of valid configs?Working around this by using the full hints set instead.
2026-07-02 07:07:53.639267: W external/xla/xla/service/gpu/autotuning/dot_search_space.cc:200] All configs were filtered out because none of them sufficiently match the hints. Maybe the hints set does not contain a good representative set of valid configs?Working around this by using the full hints set instead.
LOADED: checkpoints/lmpred_ema_gamma09/cramped_room5x5/baseline_seed_0_step_1.msgpack
LOADED: checkpoints/lmpred_ema_gamma09/cramped_room5x5/baseline_seed_1_step_1.msgpack
LOADED: checkpoints/lmpred_ema_gamma09/cramped_room5x5/baseline_seed_2_step_1.msgpack
LOADED: checkpoints/lmpred_ema_gamma09/cramped_room5x5/baseline_seed_3_step_1.msgpack
LOADED: checkpoints/lmpred_ema_gamma09/cramped_room5x5/baseline_seed_4_step_1.msgpack
Evaluating partner group 0: method=e3t, prefix=checkpoints/eval_pools/e3t
LOADED: checkpoints/eval_pools/e3t/cramped_room5x5/baseline_seed_0_step_220.msgpack
LOADED: checkpoints/eval_pools/e3t/cramped_room5x5/baseline_seed_1_step_220.msgpack
LOADED: checkpoints/eval_pools/e3t/cramped_room5x5/baseline_seed_2_step_220.msgpack
LOADED: checkpoints/eval_pools/e3t/cramped_room5x5/baseline_seed_3_step_220.msgpack
LOADED: checkpoints/eval_pools/e3t/cramped_room5x5/baseline_seed_4_step_220.msgpack
Using XP rollout scale: XP_PAIR_BATCH_SIZE=32, EVAL_NUM_EPISODES=128, EVAL_NUM_STEPS=400
Error executing job with overrides: ['+ENV_KWARGS.front_obs=true', '++ENV_KWARGS.random_reset=false', '++TRAINING_METHOD=lmpred_ema_gamma09', '++EGO_TRAINING_METHOD=lmpred_ema_gamma09', '++EGO_CHECKPOINTS_PREFIX=checkpoints/lmpred_ema_gamma09/', "++PARTNER_POOL_SPECS='e3t:checkpoints/eval_pools/e3t;mep_br:checkpoints/eval_pools/mep_br;pbt:checkpoints/eval_pools/pbt;sp:checkpoints/eval_pools/sp'", '++PERSPECTIVE_TRANSFORM=true', '++EGO_XP_LATEST_PER_SEED=true', '++EGO_XP_SEEDS=[0,1,2,3,4]', '++PARTNER_XP_LATEST_PER_SEED=true', '++XP_RESULT_NAME=lmpred_ema_gamma09_ad_hoc_teamplay', '++XP_SAVE_DIR=ad_hoc_teamplay_results', '++XP_EVAL_ALIGNMENT=true', '++EVAL_NUM_EPISODES=128', '++XP_PAIR_BATCH_SIZE=32', '++ALIGN_EVAL_NUM_EPISODES=128', '++ALIGN_PAIR_BATCH_SIZE=2', '++ALIGN_MAX_PAIR_BATCH_SIZE=4', '++ALIGN_RIDGE_LAMBDA=0.001', '++ALIGN_TRAIN_FRACTION=0.7']
jax.errors.SimplifiedTraceback: For simplicity, JAX has removed its internal frames from the traceback of the following exception. Set JAX_TRACEBACK_FILTERING=off to include these.

The above exception was the direct cause of the following exception:

Traceback (most recent call last):
  File "/net/scratch/n70579mp/tom/JaxMARL/baselines/overcookedv2/eval_adhoc.py", line 1014, in main
    results = evaluate_partner_groups(
  File "/net/scratch/n70579mp/tom/JaxMARL/baselines/overcookedv2/eval_adhoc.py", line 910, in evaluate_partner_groups
    results = evaluator(group_rng)
  File "/net/scratch/n70579mp/tom/JaxMARL/baselines/overcookedv2/eval_adhoc.py", line 474, in evaluator
    returns = np.asarray(evaluate_pair_batch_jit(eval_rngs, params_i, params_j))
  File "/net/scratch/n70579mp/tom/JaxMARL/baselines/overcookedv2/eval_adhoc.py", line 448, in evaluate_one_order
    final_carry, _ = jax.lax.scan(step_fn, init_carry, None, length=num_eval_steps)
  File "/net/scratch/n70579mp/tom/JaxMARL/baselines/overcookedv2/eval_adhoc.py", line 405, in step_fn
    hstate_a, action_a = apply_policy(
  File "/net/scratch/n70579mp/tom/JaxMARL/baselines/overcookedv2/eval_adhoc.py", line 381, in apply_policy
    out = network.apply(params, hstate, ac_in)
  File "/net/scratch/n70579mp/tom/JaxMARL/baselines/overcookedv2/train_lmpred_ema.py", line 222, in __call__
    pred_hidden_repr = nn.Dense(
  File "/mnt/iusers01/fatpou01/compsci01/n70579mp/.conda/envs/jax/lib/python3.10/site-packages/flax/linen/linear.py", line 264, in __call__
    kernel = self.param(
flax.errors.ScopeParamShapeError: Initializer expected to generate shape (256, 512) but got shape (256, 1536) instead for parameter "kernel" in "/self_pred_out". (https://flax.readthedocs.io/en/latest/api_reference/flax.errors.html#flax.errors.ScopeParamShapeError)

Set the environment variable HYDRA_FULL_ERROR=1 for a complete stack trace.
Evaluating ad-hoc teamplay for ego_method=lmpred_ema_no_self_pred, layout=counter_circuit
ego_prefix=checkpoints/lmpred_ema_no_self_pred/, partner_pool_specs=e3t:checkpoints/eval_pools/e3t;mep_br:checkpoints/eval_pools/mep_br;pbt:checkpoints/eval_pools/pbt;sp:checkpoints/eval_pools/sp, result_name=lmpred_ema_no_self_pred_ad_hoc_teamplay, ego_perspective_transform=true
Importing submoduled environments...
Submoduled environments not found. Skipping import.
2026-07-02 07:08:43.761195: W external/xla/xla/service/gpu/autotuning/dot_search_space.cc:200] All configs were filtered out because none of them sufficiently match the hints. Maybe the hints set does not contain a good representative set of valid configs?Working around this by using the full hints set instead.
2026-07-02 07:08:44.857887: W external/xla/xla/service/gpu/autotuning/dot_search_space.cc:200] All configs were filtered out because none of them sufficiently match the hints. Maybe the hints set does not contain a good representative set of valid configs?Working around this by using the full hints set instead.
LOADED: checkpoints/lmpred_ema_no_self_pred/counter_circuit/baseline_seed_0_step_380.msgpack
LOADED: checkpoints/lmpred_ema_no_self_pred/counter_circuit/baseline_seed_1_step_380.msgpack
LOADED: checkpoints/lmpred_ema_no_self_pred/counter_circuit/baseline_seed_2_step_380.msgpack
LOADED: checkpoints/lmpred_ema_no_self_pred/counter_circuit/baseline_seed_3_step_380.msgpack
LOADED: checkpoints/lmpred_ema_no_self_pred/counter_circuit/baseline_seed_4_step_380.msgpack
Evaluating partner group 0: method=e3t, prefix=checkpoints/eval_pools/e3t
LOADED: checkpoints/eval_pools/e3t/counter_circuit/baseline_seed_0_step_220.msgpack
LOADED: checkpoints/eval_pools/e3t/counter_circuit/baseline_seed_1_step_220.msgpack
LOADED: checkpoints/eval_pools/e3t/counter_circuit/baseline_seed_2_step_220.msgpack
LOADED: checkpoints/eval_pools/e3t/counter_circuit/baseline_seed_3_step_220.msgpack
LOADED: checkpoints/eval_pools/e3t/counter_circuit/baseline_seed_4_step_220.msgpack
Using XP rollout scale: XP_PAIR_BATCH_SIZE=32, EVAL_NUM_EPISODES=128, EVAL_NUM_STEPS=400
Error executing job with overrides: ['+ENV_KWARGS.front_obs=true', '++ENV_KWARGS.random_reset=false', '++TRAINING_METHOD=lmpred_ema_no_self_pred', '++EGO_TRAINING_METHOD=lmpred_ema_no_self_pred', '++EGO_CHECKPOINTS_PREFIX=checkpoints/lmpred_ema_no_self_pred/', "++PARTNER_POOL_SPECS='e3t:checkpoints/eval_pools/e3t;mep_br:checkpoints/eval_pools/mep_br;pbt:checkpoints/eval_pools/pbt;sp:checkpoints/eval_pools/sp'", '++PERSPECTIVE_TRANSFORM=true', '++EGO_XP_LATEST_PER_SEED=true', '++EGO_XP_SEEDS=[0,1,2,3,4]', '++PARTNER_XP_LATEST_PER_SEED=true', '++XP_RESULT_NAME=lmpred_ema_no_self_pred_ad_hoc_teamplay', '++XP_SAVE_DIR=ad_hoc_teamplay_results', '++XP_EVAL_ALIGNMENT=true', '++EVAL_NUM_EPISODES=128', '++XP_PAIR_BATCH_SIZE=32', '++ALIGN_EVAL_NUM_EPISODES=128', '++ALIGN_PAIR_BATCH_SIZE=2', '++ALIGN_MAX_PAIR_BATCH_SIZE=4', '++ALIGN_RIDGE_LAMBDA=0.001', '++ALIGN_TRAIN_FRACTION=0.7']
jax.errors.SimplifiedTraceback: For simplicity, JAX has removed its internal frames from the traceback of the following exception. Set JAX_TRACEBACK_FILTERING=off to include these.

The above exception was the direct cause of the following exception:

Traceback (most recent call last):
  File "/net/scratch/n70579mp/tom/JaxMARL/baselines/overcookedv2/eval_adhoc.py", line 1014, in main
    partner_method_module,
  File "/net/scratch/n70579mp/tom/JaxMARL/baselines/overcookedv2/eval_adhoc.py", line 910, in evaluate_partner_groups
    str(results["partner_training_method"]) for results in results_by_group
  File "/net/scratch/n70579mp/tom/JaxMARL/baselines/overcookedv2/eval_adhoc.py", line 474, in evaluator
    next_obs,
  File "/net/scratch/n70579mp/tom/JaxMARL/baselines/overcookedv2/eval_adhoc.py", line 448, in evaluate_one_order
    rng_a,
  File "/net/scratch/n70579mp/tom/JaxMARL/baselines/overcookedv2/eval_adhoc.py", line 405, in step_fn
    num_eval_steps = eval_config.get(
  File "/net/scratch/n70579mp/tom/JaxMARL/baselines/overcookedv2/eval_adhoc.py", line 381, in apply_policy
    eval_config = dict(config)
  File "/net/scratch/n70579mp/tom/JaxMARL/baselines/overcookedv2/train_lmpred_ema.py", line 222, in __call__
    pred_hidden_repr = nn.Dense(
  File "/mnt/iusers01/fatpou01/compsci01/n70579mp/.conda/envs/jax/lib/python3.10/site-packages/flax/linen/linear.py", line 264, in __call__
    kernel = self.param(
flax.errors.ScopeParamShapeError: Initializer expected to generate shape (256, 512) but got shape (256, 1536) instead for parameter "kernel" in "/self_pred_out". (https://flax.readthedocs.io/en/latest/api_reference/flax.errors.html#flax.errors.ScopeParamShapeError)

Set the environment variable HYDRA_FULL_ERROR=1 for a complete stack trace.
Evaluating ad-hoc teamplay for ego_method=lmpred_ema_no_self_pred, layout=coord_ring
ego_prefix=checkpoints/lmpred_ema_no_self_pred/, partner_pool_specs=e3t:checkpoints/eval_pools/e3t;mep_br:checkpoints/eval_pools/mep_br;pbt:checkpoints/eval_pools/pbt;sp:checkpoints/eval_pools/sp, result_name=lmpred_ema_no_self_pred_ad_hoc_teamplay, ego_perspective_transform=true
Importing submoduled environments...
Submoduled environments not found. Skipping import.
2026-07-02 07:09:33.867055: W external/xla/xla/service/gpu/autotuning/dot_search_space.cc:200] All configs were filtered out because none of them sufficiently match the hints. Maybe the hints set does not contain a good representative set of valid configs?Working around this by using the full hints set instead.
2026-07-02 07:09:35.002702: W external/xla/xla/service/gpu/autotuning/dot_search_space.cc:200] All configs were filtered out because none of them sufficiently match the hints. Maybe the hints set does not contain a good representative set of valid configs?Working around this by using the full hints set instead.
[2026-07-02T07:10:33.276] error: *** JOB 16660308 ON node888 CANCELLED AT 2026-07-02T07:10:33 DUE to SIGNAL Terminated ***
