Script directory: /mnt/iusers01/fatpou01/compsci01/n70579mp/scratch/tom/JaxMARL
Running ad-hoc teamplay evaluation: ego agents paired with a cross-method partner pool.
Evaluating ad-hoc teamplay for ego_method=lmpred, layout=counter_circuit
ego_prefix=checkpoints/lmpred/, partner_pool_specs=e3t:checkpoints/eval_pools/e3t;mep_br:checkpoints/eval_pools/mep_br;pbt:checkpoints/eval_pools/pbt;sp:checkpoints/eval_pools/sp, result_name=lmpred_ad_hoc_teamplay, ego_perspective_transform=true
Importing submoduled environments...
Submoduled environments not found. Skipping import.
2026-07-03 02:09:50.513779: W external/xla/xla/service/gpu/autotuning/dot_search_space.cc:200] All configs were filtered out because none of them sufficiently match the hints. Maybe the hints set does not contain a good representative set of valid configs?Working around this by using the full hints set instead.
2026-07-03 02:09:51.538333: W external/xla/xla/service/gpu/autotuning/dot_search_space.cc:200] All configs were filtered out because none of them sufficiently match the hints. Maybe the hints set does not contain a good representative set of valid configs?Working around this by using the full hints set instead.
LOADED: checkpoints/lmpred/counter_circuit/baseline_seed_0_step_380.msgpack
LOADED: checkpoints/lmpred/counter_circuit/baseline_seed_1_step_380.msgpack
LOADED: checkpoints/lmpred/counter_circuit/baseline_seed_2_step_380.msgpack
LOADED: checkpoints/lmpred/counter_circuit/baseline_seed_3_step_380.msgpack
LOADED: checkpoints/lmpred/counter_circuit/baseline_seed_4_step_380.msgpack
Evaluating partner group 0: method=e3t, prefix=checkpoints/eval_pools/e3t
LOADED: checkpoints/eval_pools/e3t/counter_circuit/baseline_seed_0_step_220.msgpack
LOADED: checkpoints/eval_pools/e3t/counter_circuit/baseline_seed_1_step_220.msgpack
LOADED: checkpoints/eval_pools/e3t/counter_circuit/baseline_seed_2_step_220.msgpack
LOADED: checkpoints/eval_pools/e3t/counter_circuit/baseline_seed_3_step_220.msgpack
LOADED: checkpoints/eval_pools/e3t/counter_circuit/baseline_seed_4_step_220.msgpack
Using XP rollout scale: XP_PAIR_BATCH_SIZE=32, EVAL_NUM_EPISODES=128, EVAL_NUM_STEPS=400
XP ego[00] partner[00] = 166.250
XP ego[00] partner[01] = 116.875
XP ego[00] partner[02] = 138.125
XP ego[00] partner[03] = 16.406
XP ego[00] partner[04] = 129.062
XP ego[01] partner[00] = 141.406
XP ego[01] partner[01] = 99.062
XP ego[01] partner[02] = 137.500
XP ego[01] partner[03] = 27.656
XP ego[01] partner[04] = 82.344
XP ego[02] partner[00] = 155.625
XP ego[02] partner[01] = 92.188
XP ego[02] partner[02] = 123.438
XP ego[02] partner[03] = 9.531
XP ego[02] partner[04] = 120.938
XP ego[03] partner[00] = 122.969
XP ego[03] partner[01] = 97.656
XP ego[03] partner[02] = 163.438
XP ego[03] partner[03] = 38.594
XP ego[03] partner[04] = 151.094
XP ego[04] partner[00] = 147.812
XP ego[04] partner[01] = 61.875
XP ego[04] partner[02] = 126.250
XP ego[04] partner[03] = 13.281
XP ego[04] partner[04] = 51.719
Evaluating partner group 1: method=mep_br, prefix=checkpoints/eval_pools/mep_br
LOADED: checkpoints/eval_pools/mep_br/counter_circuit/baseline_seed_0_step_380.msgpack
LOADED: checkpoints/eval_pools/mep_br/counter_circuit/baseline_seed_1_step_380.msgpack
LOADED: checkpoints/eval_pools/mep_br/counter_circuit/baseline_seed_2_step_380.msgpack
LOADED: checkpoints/eval_pools/mep_br/counter_circuit/baseline_seed_3_step_380.msgpack
LOADED: checkpoints/eval_pools/mep_br/counter_circuit/baseline_seed_4_step_380.msgpack
Using XP rollout scale: XP_PAIR_BATCH_SIZE=32, EVAL_NUM_EPISODES=128, EVAL_NUM_STEPS=400
XP ego[00] partner[00] = 236.562
XP ego[00] partner[01] = 220.156
XP ego[00] partner[02] = 239.219
XP ego[00] partner[03] = 245.156
XP ego[00] partner[04] = 217.969
XP ego[01] partner[00] = 206.406
XP ego[01] partner[01] = 203.906
XP ego[01] partner[02] = 209.844
XP ego[01] partner[03] = 218.281
XP ego[01] partner[04] = 193.281
XP ego[02] partner[00] = 240.312
XP ego[02] partner[01] = 213.906
XP ego[02] partner[02] = 241.094
XP ego[02] partner[03] = 241.094
XP ego[02] partner[04] = 229.844
XP ego[03] partner[00] = 126.094
XP ego[03] partner[01] = 116.562
XP ego[03] partner[02] = 147.188
XP ego[03] partner[03] = 144.531
XP ego[03] partner[04] = 92.344
XP ego[04] partner[00] = 207.188
XP ego[04] partner[01] = 199.531
XP ego[04] partner[02] = 203.906
XP ego[04] partner[03] = 209.219
XP ego[04] partner[04] = 186.406
Evaluating partner group 2: method=pbt, prefix=checkpoints/eval_pools/pbt
LOADED: checkpoints/eval_pools/pbt/counter_circuit/baseline_seed_0_step_62.msgpack
LOADED: checkpoints/eval_pools/pbt/counter_circuit/baseline_seed_1_step_62.msgpack
LOADED: checkpoints/eval_pools/pbt/counter_circuit/baseline_seed_2_step_62.msgpack
LOADED: checkpoints/eval_pools/pbt/counter_circuit/baseline_seed_3_step_62.msgpack
LOADED: checkpoints/eval_pools/pbt/counter_circuit/baseline_seed_4_step_62.msgpack
Using XP rollout scale: XP_PAIR_BATCH_SIZE=32, EVAL_NUM_EPISODES=128, EVAL_NUM_STEPS=400
XP ego[00] partner[00] = 162.969
XP ego[00] partner[01] = 178.281
XP ego[00] partner[02] = 169.375
XP ego[00] partner[03] = 126.406
XP ego[00] partner[04] = 184.219
XP ego[01] partner[00] = 154.531
XP ego[01] partner[01] = 162.500
XP ego[01] partner[02] = 159.531
XP ego[01] partner[03] = 142.031
XP ego[01] partner[04] = 146.719
XP ego[02] partner[00] = 170.781
XP ego[02] partner[01] = 162.812
XP ego[02] partner[02] = 167.812
XP ego[02] partner[03] = 166.875
XP ego[02] partner[04] = 171.250
XP ego[03] partner[00] = 69.375
XP ego[03] partner[01] = 69.844
XP ego[03] partner[02] = 74.062
XP ego[03] partner[03] = 84.844
XP ego[03] partner[04] = 66.562
XP ego[04] partner[00] = 175.781
XP ego[04] partner[01] = 174.062
XP ego[04] partner[02] = 168.594
XP ego[04] partner[03] = 176.562
XP ego[04] partner[04] = 180.938
Evaluating partner group 3: method=sp, prefix=checkpoints/eval_pools/sp
LOADED: checkpoints/eval_pools/sp/counter_circuit/baseline_seed_0_step_380.msgpack
LOADED: checkpoints/eval_pools/sp/counter_circuit/baseline_seed_1_step_380.msgpack
LOADED: checkpoints/eval_pools/sp/counter_circuit/baseline_seed_2_step_380.msgpack
LOADED: checkpoints/eval_pools/sp/counter_circuit/baseline_seed_3_step_380.msgpack
LOADED: checkpoints/eval_pools/sp/counter_circuit/baseline_seed_4_step_380.msgpack
Using XP rollout scale: XP_PAIR_BATCH_SIZE=32, EVAL_NUM_EPISODES=128, EVAL_NUM_STEPS=400
XP ego[00] partner[00] = 146.875
XP ego[00] partner[01] = 146.719
XP ego[00] partner[02] = 170.000
XP ego[00] partner[03] = 175.469
XP ego[00] partner[04] = 181.094
XP ego[01] partner[00] = 141.250
XP ego[01] partner[01] = 126.562
XP ego[01] partner[02] = 163.906
XP ego[01] partner[03] = 217.969
XP ego[01] partner[04] = 141.250
XP ego[02] partner[00] = 158.594
XP ego[02] partner[01] = 152.812
XP ego[02] partner[02] = 172.344
XP ego[02] partner[03] = 239.844
XP ego[02] partner[04] = 176.562
XP ego[03] partner[00] = 120.938
XP ego[03] partner[01] = 71.406
XP ego[03] partner[02] = 85.312
XP ego[03] partner[03] = 106.719
XP ego[03] partner[04] = 99.531
XP ego[04] partner[00] = 148.594
XP ego[04] partner[01] = 164.531
XP ego[04] partner[02] = 163.750
XP ego[04] partner[03] = 219.219
XP ego[04] partner[04] = 168.438
Average ego-vs-partner performance: 150.475 +- 5.503 SE over 100 ordered pairs
Average diagonal performance: 95.812 +- 23.402 SE over 5 pairs
Average off-diagonal performance (only for square pools): nan +- nan SE over 0 ordered pairs
Saved ad-hoc teamplay results to ad_hoc_teamplay_results/lmpred_ad_hoc_teamplay/counter_circuit
Saved ad-hoc teamplay heatmap to ad_hoc_teamplay_results/lmpred_ad_hoc_teamplay/counter_circuit/xp_matrix.png
Evaluating partner alignment group 0: method=e3t, prefix=checkpoints/eval_pools/e3t
LOADED: checkpoints/eval_pools/e3t/counter_circuit/baseline_seed_0_step_220.msgpack
LOADED: checkpoints/eval_pools/e3t/counter_circuit/baseline_seed_1_step_220.msgpack
LOADED: checkpoints/eval_pools/e3t/counter_circuit/baseline_seed_2_step_220.msgpack
LOADED: checkpoints/eval_pools/e3t/counter_circuit/baseline_seed_3_step_220.msgpack
LOADED: checkpoints/eval_pools/e3t/counter_circuit/baseline_seed_4_step_220.msgpack
Using alignment rollout scale: ALIGN_PAIR_BATCH_SIZE=2, ALIGN_EVAL_NUM_EPISODES=128, ALIGN_EVAL_NUM_STEPS=400
ALIGN ego[00] partner[00] R2=0.765772 NMSE=0.234228 shuffled_R2=-0.016172
ALIGN ego[00] partner[01] R2=0.807366 NMSE=0.192634 shuffled_R2=-0.017407
ALIGN ego[00] partner[02] R2=0.753999 NMSE=0.246001 shuffled_R2=-0.024527
ALIGN ego[00] partner[03] R2=0.845975 NMSE=0.154025 shuffled_R2=-0.020381
ALIGN ego[00] partner[04] R2=0.799985 NMSE=0.200015 shuffled_R2=-0.018847
ALIGN ego[01] partner[00] R2=0.767280 NMSE=0.232720 shuffled_R2=-0.017554
ALIGN ego[01] partner[01] R2=0.785963 NMSE=0.214037 shuffled_R2=-0.016684
ALIGN ego[01] partner[02] R2=0.738158 NMSE=0.261842 shuffled_R2=-0.019064
ALIGN ego[01] partner[03] R2=0.777728 NMSE=0.222272 shuffled_R2=-0.023635
ALIGN ego[01] partner[04] R2=0.776777 NMSE=0.223223 shuffled_R2=-0.020397
ALIGN ego[02] partner[00] R2=0.804647 NMSE=0.195353 shuffled_R2=-0.015487
ALIGN ego[02] partner[01] R2=0.820536 NMSE=0.179464 shuffled_R2=-0.018343
ALIGN ego[02] partner[02] R2=0.728125 NMSE=0.271875 shuffled_R2=-0.026945
ALIGN ego[02] partner[03] R2=0.862797 NMSE=0.137203 shuffled_R2=-0.016552
ALIGN ego[02] partner[04] R2=0.770393 NMSE=0.229607 shuffled_R2=-0.017861
ALIGN ego[03] partner[00] R2=0.708612 NMSE=0.291388 shuffled_R2=-0.019557
ALIGN ego[03] partner[01] R2=0.789558 NMSE=0.210442 shuffled_R2=-0.016480
ALIGN ego[03] partner[02] R2=0.620097 NMSE=0.379903 shuffled_R2=-0.024524
ALIGN ego[03] partner[03] R2=0.775066 NMSE=0.224934 shuffled_R2=-0.026563
ALIGN ego[03] partner[04] R2=0.756391 NMSE=0.243609 shuffled_R2=-0.016984
ALIGN ego[04] partner[00] R2=0.808459 NMSE=0.191541 shuffled_R2=-0.017856
ALIGN ego[04] partner[01] R2=0.784817 NMSE=0.215183 shuffled_R2=-0.024616
ALIGN ego[04] partner[02] R2=0.737099 NMSE=0.262901 shuffled_R2=-0.019622
ALIGN ego[04] partner[03] R2=0.852778 NMSE=0.147222 shuffled_R2=-0.019925
ALIGN ego[04] partner[04] R2=0.773684 NMSE=0.226316 shuffled_R2=-0.022852
Evaluating partner alignment group 1: method=mep_br, prefix=checkpoints/eval_pools/mep_br
LOADED: checkpoints/eval_pools/mep_br/counter_circuit/baseline_seed_0_step_380.msgpack
LOADED: checkpoints/eval_pools/mep_br/counter_circuit/baseline_seed_1_step_380.msgpack
LOADED: checkpoints/eval_pools/mep_br/counter_circuit/baseline_seed_2_step_380.msgpack
LOADED: checkpoints/eval_pools/mep_br/counter_circuit/baseline_seed_3_step_380.msgpack
LOADED: checkpoints/eval_pools/mep_br/counter_circuit/baseline_seed_4_step_380.msgpack
Using alignment rollout scale: ALIGN_PAIR_BATCH_SIZE=2, ALIGN_EVAL_NUM_EPISODES=128, ALIGN_EVAL_NUM_STEPS=400
ALIGN ego[00] partner[00] R2=0.880049 NMSE=0.119951 shuffled_R2=-0.015663
ALIGN ego[00] partner[01] R2=0.878432 NMSE=0.121568 shuffled_R2=-0.015150
ALIGN ego[00] partner[02] R2=0.808872 NMSE=0.191128 shuffled_R2=-0.021463
ALIGN ego[00] partner[03] R2=0.860311 NMSE=0.139689 shuffled_R2=-0.016310
ALIGN ego[00] partner[04] R2=0.823317 NMSE=0.176683 shuffled_R2=-0.016778
ALIGN ego[01] partner[00] R2=0.862888 NMSE=0.137112 shuffled_R2=-0.017854
ALIGN ego[01] partner[01] R2=0.852035 NMSE=0.147965 shuffled_R2=-0.018639
ALIGN ego[01] partner[02] R2=0.845928 NMSE=0.154072 shuffled_R2=-0.017098
ALIGN ego[01] partner[03] R2=0.801135 NMSE=0.198865 shuffled_R2=-0.018610
ALIGN ego[01] partner[04] R2=0.826119 NMSE=0.173881 shuffled_R2=-0.015440
ALIGN ego[02] partner[00] R2=0.906243 NMSE=0.093757 shuffled_R2=-0.015656
ALIGN ego[02] partner[01] R2=0.879898 NMSE=0.120102 shuffled_R2=-0.017321
ALIGN ego[02] partner[02] R2=0.867875 NMSE=0.132125 shuffled_R2=-0.017937
ALIGN ego[02] partner[03] R2=0.909438 NMSE=0.090562 shuffled_R2=-0.014582
ALIGN ego[02] partner[04] R2=0.753975 NMSE=0.246025 shuffled_R2=-0.028197
ALIGN ego[03] partner[00] R2=0.834284 NMSE=0.165716 shuffled_R2=-0.020507
ALIGN ego[03] partner[01] R2=0.789602 NMSE=0.210398 shuffled_R2=-0.024825
ALIGN ego[03] partner[02] R2=0.807731 NMSE=0.192269 shuffled_R2=-0.017705
ALIGN ego[03] partner[03] R2=0.826036 NMSE=0.173964 shuffled_R2=-0.016702
ALIGN ego[03] partner[04] R2=0.753522 NMSE=0.246478 shuffled_R2=-0.031070
ALIGN ego[04] partner[00] R2=0.894140 NMSE=0.105860 shuffled_R2=-0.015877
ALIGN ego[04] partner[01] R2=0.875413 NMSE=0.124587 shuffled_R2=-0.017130
ALIGN ego[04] partner[02] R2=0.881506 NMSE=0.118494 shuffled_R2=-0.018176
ALIGN ego[04] partner[03] R2=0.888168 NMSE=0.111832 shuffled_R2=-0.014792
ALIGN ego[04] partner[04] R2=0.768690 NMSE=0.231310 shuffled_R2=-0.025807
Evaluating partner alignment group 2: method=pbt, prefix=checkpoints/eval_pools/pbt
LOADED: checkpoints/eval_pools/pbt/counter_circuit/baseline_seed_0_step_62.msgpack
LOADED: checkpoints/eval_pools/pbt/counter_circuit/baseline_seed_1_step_62.msgpack
LOADED: checkpoints/eval_pools/pbt/counter_circuit/baseline_seed_2_step_62.msgpack
LOADED: checkpoints/eval_pools/pbt/counter_circuit/baseline_seed_3_step_62.msgpack
LOADED: checkpoints/eval_pools/pbt/counter_circuit/baseline_seed_4_step_62.msgpack
Using alignment rollout scale: ALIGN_PAIR_BATCH_SIZE=2, ALIGN_EVAL_NUM_EPISODES=128, ALIGN_EVAL_NUM_STEPS=400
ALIGN ego[00] partner[00] R2=0.760624 NMSE=0.239376 shuffled_R2=-0.016352
ALIGN ego[00] partner[01] R2=0.731400 NMSE=0.268600 shuffled_R2=-0.023045
ALIGN ego[00] partner[02] R2=0.767591 NMSE=0.232409 shuffled_R2=-0.016118
ALIGN ego[00] partner[03] R2=0.699737 NMSE=0.300263 shuffled_R2=-0.030058
ALIGN ego[00] partner[04] R2=0.692313 NMSE=0.307687 shuffled_R2=-0.018538
ALIGN ego[01] partner[00] R2=0.712584 NMSE=0.287416 shuffled_R2=-0.023185
ALIGN ego[01] partner[01] R2=0.661828 NMSE=0.338172 shuffled_R2=-0.026234
ALIGN ego[01] partner[02] R2=0.748158 NMSE=0.251842 shuffled_R2=-0.018439
ALIGN ego[01] partner[03] R2=0.744576 NMSE=0.255424 shuffled_R2=-0.018948
ALIGN ego[01] partner[04] R2=0.727950 NMSE=0.272050 shuffled_R2=-0.024711
ALIGN ego[02] partner[00] R2=0.781870 NMSE=0.218130 shuffled_R2=-0.015041
ALIGN ego[02] partner[01] R2=0.756045 NMSE=0.243955 shuffled_R2=-0.012952
ALIGN ego[02] partner[02] R2=0.776564 NMSE=0.223436 shuffled_R2=-0.015675
ALIGN ego[02] partner[03] R2=0.754372 NMSE=0.245628 shuffled_R2=-0.018381
ALIGN ego[02] partner[04] R2=0.758821 NMSE=0.241179 shuffled_R2=-0.014846
ALIGN ego[03] partner[00] R2=0.743753 NMSE=0.256247 shuffled_R2=-0.024345
ALIGN ego[03] partner[01] R2=0.775570 NMSE=0.224430 shuffled_R2=-0.018005
ALIGN ego[03] partner[02] R2=0.719002 NMSE=0.280998 shuffled_R2=-0.022158
ALIGN ego[03] partner[03] R2=0.606820 NMSE=0.393180 shuffled_R2=-0.034950
ALIGN ego[03] partner[04] R2=0.724115 NMSE=0.275885 shuffled_R2=-0.022040
ALIGN ego[04] partner[00] R2=0.787103 NMSE=0.212897 shuffled_R2=-0.014866
ALIGN ego[04] partner[01] R2=0.742106 NMSE=0.257894 shuffled_R2=-0.017739
ALIGN ego[04] partner[02] R2=0.770160 NMSE=0.229840 shuffled_R2=-0.014781
ALIGN ego[04] partner[03] R2=0.731485 NMSE=0.268515 shuffled_R2=-0.020298
ALIGN ego[04] partner[04] R2=0.774617 NMSE=0.225383 shuffled_R2=-0.014107
Evaluating partner alignment group 3: method=sp, prefix=checkpoints/eval_pools/sp
LOADED: checkpoints/eval_pools/sp/counter_circuit/baseline_seed_0_step_380.msgpack
LOADED: checkpoints/eval_pools/sp/counter_circuit/baseline_seed_1_step_380.msgpack
LOADED: checkpoints/eval_pools/sp/counter_circuit/baseline_seed_2_step_380.msgpack
LOADED: checkpoints/eval_pools/sp/counter_circuit/baseline_seed_3_step_380.msgpack
LOADED: checkpoints/eval_pools/sp/counter_circuit/baseline_seed_4_step_380.msgpack
Using alignment rollout scale: ALIGN_PAIR_BATCH_SIZE=2, ALIGN_EVAL_NUM_EPISODES=128, ALIGN_EVAL_NUM_STEPS=400
ALIGN ego[00] partner[00] R2=0.857906 NMSE=0.142094 shuffled_R2=-0.017592
ALIGN ego[00] partner[01] R2=0.848477 NMSE=0.151523 shuffled_R2=-0.019093
ALIGN ego[00] partner[02] R2=0.826769 NMSE=0.173231 shuffled_R2=-0.014861
ALIGN ego[00] partner[03] R2=0.818128 NMSE=0.181872 shuffled_R2=-0.018681
ALIGN ego[00] partner[04] R2=0.834102 NMSE=0.165898 shuffled_R2=-0.015778
ALIGN ego[01] partner[00] R2=0.805880 NMSE=0.194120 shuffled_R2=-0.021560
ALIGN ego[01] partner[01] R2=0.893546 NMSE=0.106454 shuffled_R2=-0.015387
ALIGN ego[01] partner[02] R2=0.820306 NMSE=0.179694 shuffled_R2=-0.017298
ALIGN ego[01] partner[03] R2=0.818461 NMSE=0.181539 shuffled_R2=-0.019200
ALIGN ego[01] partner[04] R2=0.827551 NMSE=0.172449 shuffled_R2=-0.018170
ALIGN ego[02] partner[00] R2=0.869514 NMSE=0.130486 shuffled_R2=-0.016728
ALIGN ego[02] partner[01] R2=0.861860 NMSE=0.138140 shuffled_R2=-0.018189
ALIGN ego[02] partner[02] R2=0.857119 NMSE=0.142881 shuffled_R2=-0.016713
ALIGN ego[02] partner[03] R2=0.822382 NMSE=0.177618 shuffled_R2=-0.021600
ALIGN ego[02] partner[04] R2=0.823658 NMSE=0.176342 shuffled_R2=-0.016048
ALIGN ego[03] partner[00] R2=0.835977 NMSE=0.164023 shuffled_R2=-0.019331
ALIGN ego[03] partner[01] R2=0.815053 NMSE=0.184947 shuffled_R2=-0.022822
ALIGN ego[03] partner[02] R2=0.854591 NMSE=0.145409 shuffled_R2=-0.019348
ALIGN ego[03] partner[03] R2=0.791903 NMSE=0.208097 shuffled_R2=-0.022018
ALIGN ego[03] partner[04] R2=0.799503 NMSE=0.200497 shuffled_R2=-0.017670
ALIGN ego[04] partner[00] R2=0.872030 NMSE=0.127970 shuffled_R2=-0.017725
ALIGN ego[04] partner[01] R2=0.878065 NMSE=0.121935 shuffled_R2=-0.015826
ALIGN ego[04] partner[02] R2=0.867705 NMSE=0.132295 shuffled_R2=-0.015877
ALIGN ego[04] partner[03] R2=0.856670 NMSE=0.143330 shuffled_R2=-0.014898
ALIGN ego[04] partner[04] R2=0.805017 NMSE=0.194983 shuffled_R2=-0.015914
Average ego-to-partner alignment R2: 0.798990 +- 0.006039 SE over 100 ego-partner pairs
Average alignment normalized MSE: 0.201010 +- 0.006039 SE
Average shuffled-control alignment R2: -0.019123 +- 0.000403 SE
Saved alignment results to ad_hoc_teamplay_results/lmpred_ad_hoc_teamplay/counter_circuit
Evaluating ad-hoc teamplay for ego_method=lmpred, layout=coord_ring
ego_prefix=checkpoints/lmpred/, partner_pool_specs=e3t:checkpoints/eval_pools/e3t;mep_br:checkpoints/eval_pools/mep_br;pbt:checkpoints/eval_pools/pbt;sp:checkpoints/eval_pools/sp, result_name=lmpred_ad_hoc_teamplay, ego_perspective_transform=true
Importing submoduled environments...
Submoduled environments not found. Skipping import.
2026-07-03 02:13:47.464973: W external/xla/xla/service/gpu/autotuning/dot_search_space.cc:200] All configs were filtered out because none of them sufficiently match the hints. Maybe the hints set does not contain a good representative set of valid configs?Working around this by using the full hints set instead.
2026-07-03 02:13:48.579426: W external/xla/xla/service/gpu/autotuning/dot_search_space.cc:200] All configs were filtered out because none of them sufficiently match the hints. Maybe the hints set does not contain a good representative set of valid configs?Working around this by using the full hints set instead.
LOADED: checkpoints/lmpred/coord_ring/baseline_seed_0_step_220.msgpack
LOADED: checkpoints/lmpred/coord_ring/baseline_seed_1_step_220.msgpack
LOADED: checkpoints/lmpred/coord_ring/baseline_seed_2_step_220.msgpack
LOADED: checkpoints/lmpred/coord_ring/baseline_seed_3_step_220.msgpack
LOADED: checkpoints/lmpred/coord_ring/baseline_seed_4_step_220.msgpack
Evaluating partner group 0: method=e3t, prefix=checkpoints/eval_pools/e3t
LOADED: checkpoints/eval_pools/e3t/coord_ring/baseline_seed_0_step_220.msgpack
LOADED: checkpoints/eval_pools/e3t/coord_ring/baseline_seed_1_step_220.msgpack
LOADED: checkpoints/eval_pools/e3t/coord_ring/baseline_seed_2_step_220.msgpack
LOADED: checkpoints/eval_pools/e3t/coord_ring/baseline_seed_3_step_220.msgpack
LOADED: checkpoints/eval_pools/e3t/coord_ring/baseline_seed_4_step_220.msgpack
Using XP rollout scale: XP_PAIR_BATCH_SIZE=32, EVAL_NUM_EPISODES=128, EVAL_NUM_STEPS=400
XP ego[00] partner[00] = 223.438
XP ego[00] partner[01] = 298.125
XP ego[00] partner[02] = 35.781
XP ego[00] partner[03] = 195.312
XP ego[00] partner[04] = 292.656
XP ego[01] partner[00] = 278.281
XP ego[01] partner[01] = 294.219
XP ego[01] partner[02] = 88.750
XP ego[01] partner[03] = 255.000
XP ego[01] partner[04] = 290.469
XP ego[02] partner[00] = 230.938
XP ego[02] partner[01] = 272.031
XP ego[02] partner[02] = 22.969
XP ego[02] partner[03] = 273.438
XP ego[02] partner[04] = 275.000
XP ego[03] partner[00] = 244.844
XP ego[03] partner[01] = 272.969
XP ego[03] partner[02] = 60.781
XP ego[03] partner[03] = 254.219
XP ego[03] partner[04] = 229.219
XP ego[04] partner[00] = 240.469
XP ego[04] partner[01] = 250.469
XP ego[04] partner[02] = 10.469
XP ego[04] partner[03] = 243.125
XP ego[04] partner[04] = 284.688
Evaluating partner group 1: method=mep_br, prefix=checkpoints/eval_pools/mep_br
LOADED: checkpoints/eval_pools/mep_br/coord_ring/baseline_seed_0_step_220.msgpack
LOADED: checkpoints/eval_pools/mep_br/coord_ring/baseline_seed_1_step_220.msgpack
LOADED: checkpoints/eval_pools/mep_br/coord_ring/baseline_seed_2_step_220.msgpack
LOADED: checkpoints/eval_pools/mep_br/coord_ring/baseline_seed_3_step_220.msgpack
LOADED: checkpoints/eval_pools/mep_br/coord_ring/baseline_seed_4_step_220.msgpack
Using XP rollout scale: XP_PAIR_BATCH_SIZE=32, EVAL_NUM_EPISODES=128, EVAL_NUM_STEPS=400
XP ego[00] partner[00] = 236.406
XP ego[00] partner[01] = 287.344
XP ego[00] partner[02] = 268.281
XP ego[00] partner[03] = 149.375
XP ego[00] partner[04] = 280.312
XP ego[01] partner[00] = 206.094
XP ego[01] partner[01] = 270.312
XP ego[01] partner[02] = 274.531
XP ego[01] partner[03] = 190.000
XP ego[01] partner[04] = 227.188
XP ego[02] partner[00] = 226.094
XP ego[02] partner[01] = 297.188
XP ego[02] partner[02] = 243.594
XP ego[02] partner[03] = 237.656
XP ego[02] partner[04] = 285.156
XP ego[03] partner[00] = 240.938
XP ego[03] partner[01] = 288.125
XP ego[03] partner[02] = 283.281
XP ego[03] partner[03] = 287.969
XP ego[03] partner[04] = 288.750
XP ego[04] partner[00] = 239.531
XP ego[04] partner[01] = 263.750
XP ego[04] partner[02] = 263.281
XP ego[04] partner[03] = 231.094
XP ego[04] partner[04] = 243.125
Evaluating partner group 2: method=pbt, prefix=checkpoints/eval_pools/pbt
LOADED: checkpoints/eval_pools/pbt/coord_ring/baseline_seed_0_step_62.msgpack
LOADED: checkpoints/eval_pools/pbt/coord_ring/baseline_seed_1_step_62.msgpack
LOADED: checkpoints/eval_pools/pbt/coord_ring/baseline_seed_2_step_62.msgpack
LOADED: checkpoints/eval_pools/pbt/coord_ring/baseline_seed_3_step_62.msgpack
LOADED: checkpoints/eval_pools/pbt/coord_ring/baseline_seed_4_step_62.msgpack
Using XP rollout scale: XP_PAIR_BATCH_SIZE=32, EVAL_NUM_EPISODES=128, EVAL_NUM_STEPS=400
XP ego[00] partner[00] = 299.219
XP ego[00] partner[01] = 286.250
XP ego[00] partner[02] = 288.125
XP ego[00] partner[03] = 266.562
XP ego[00] partner[04] = 303.281
XP ego[01] partner[00] = 301.250
XP ego[01] partner[01] = 290.312
XP ego[01] partner[02] = 291.875
XP ego[01] partner[03] = 287.344
XP ego[01] partner[04] = 295.625
XP ego[02] partner[00] = 290.938
XP ego[02] partner[01] = 282.500
XP ego[02] partner[02] = 233.594
XP ego[02] partner[03] = 245.000
XP ego[02] partner[04] = 271.406
XP ego[03] partner[00] = 284.688
XP ego[03] partner[01] = 272.812
XP ego[03] partner[02] = 291.719
XP ego[03] partner[03] = 276.875
XP ego[03] partner[04] = 282.656
XP ego[04] partner[00] = 276.094
XP ego[04] partner[01] = 281.406
XP ego[04] partner[02] = 266.094
XP ego[04] partner[03] = 264.375
XP ego[04] partner[04] = 265.781
Evaluating partner group 3: method=sp, prefix=checkpoints/eval_pools/sp
LOADED: checkpoints/eval_pools/sp/coord_ring/baseline_seed_0_step_220.msgpack
LOADED: checkpoints/eval_pools/sp/coord_ring/baseline_seed_1_step_220.msgpack
LOADED: checkpoints/eval_pools/sp/coord_ring/baseline_seed_2_step_220.msgpack
LOADED: checkpoints/eval_pools/sp/coord_ring/baseline_seed_3_step_220.msgpack
LOADED: checkpoints/eval_pools/sp/coord_ring/baseline_seed_4_step_220.msgpack
Using XP rollout scale: XP_PAIR_BATCH_SIZE=32, EVAL_NUM_EPISODES=128, EVAL_NUM_STEPS=400
XP ego[00] partner[00] = 305.156
XP ego[00] partner[01] = 292.812
XP ego[00] partner[02] = 267.500
XP ego[00] partner[03] = 286.406
XP ego[00] partner[04] = 281.562
XP ego[01] partner[00] = 287.656
XP ego[01] partner[01] = 286.250
XP ego[01] partner[02] = 251.094
XP ego[01] partner[03] = 282.500
XP ego[01] partner[04] = 277.969
XP ego[02] partner[00] = 286.250
XP ego[02] partner[01] = 278.750
XP ego[02] partner[02] = 256.094
XP ego[02] partner[03] = 289.062
XP ego[02] partner[04] = 266.250
XP ego[03] partner[00] = 300.156
XP ego[03] partner[01] = 261.250
XP ego[03] partner[02] = 269.375
XP ego[03] partner[03] = 288.594
XP ego[03] partner[04] = 283.281
XP ego[04] partner[00] = 287.344
XP ego[04] partner[01] = 252.500
XP ego[04] partner[02] = 262.656
XP ego[04] partner[03] = 274.062
XP ego[04] partner[04] = 254.062
Average ego-vs-partner performance: 256.514 +- 5.618 SE over 100 ordered pairs
Average diagonal performance: 215.906 +- 49.806 SE over 5 pairs
Average off-diagonal performance (only for square pools): nan +- nan SE over 0 ordered pairs
Saved ad-hoc teamplay results to ad_hoc_teamplay_results/lmpred_ad_hoc_teamplay/coord_ring
Saved ad-hoc teamplay heatmap to ad_hoc_teamplay_results/lmpred_ad_hoc_teamplay/coord_ring/xp_matrix.png
Evaluating partner alignment group 0: method=e3t, prefix=checkpoints/eval_pools/e3t
LOADED: checkpoints/eval_pools/e3t/coord_ring/baseline_seed_0_step_220.msgpack
LOADED: checkpoints/eval_pools/e3t/coord_ring/baseline_seed_1_step_220.msgpack
LOADED: checkpoints/eval_pools/e3t/coord_ring/baseline_seed_2_step_220.msgpack
LOADED: checkpoints/eval_pools/e3t/coord_ring/baseline_seed_3_step_220.msgpack
LOADED: checkpoints/eval_pools/e3t/coord_ring/baseline_seed_4_step_220.msgpack
Using alignment rollout scale: ALIGN_PAIR_BATCH_SIZE=2, ALIGN_EVAL_NUM_EPISODES=128, ALIGN_EVAL_NUM_STEPS=400
ALIGN ego[00] partner[00] R2=0.819312 NMSE=0.180688 shuffled_R2=-0.024023
ALIGN ego[00] partner[01] R2=0.855560 NMSE=0.144440 shuffled_R2=-0.016171
ALIGN ego[00] partner[02] R2=0.869780 NMSE=0.130220 shuffled_R2=-0.025838
ALIGN ego[00] partner[03] R2=0.880210 NMSE=0.119790 shuffled_R2=-0.016369
ALIGN ego[00] partner[04] R2=0.851684 NMSE=0.148316 shuffled_R2=-0.014540
ALIGN ego[01] partner[00] R2=0.880211 NMSE=0.119789 shuffled_R2=-0.018373
ALIGN ego[01] partner[01] R2=0.857421 NMSE=0.142579 shuffled_R2=-0.016016
ALIGN ego[01] partner[02] R2=0.902685 NMSE=0.097315 shuffled_R2=-0.017129
ALIGN ego[01] partner[03] R2=0.865521 NMSE=0.134479 shuffled_R2=-0.016473
ALIGN ego[01] partner[04] R2=0.800071 NMSE=0.199929 shuffled_R2=-0.034264
ALIGN ego[02] partner[00] R2=0.902379 NMSE=0.097621 shuffled_R2=-0.017622
ALIGN ego[02] partner[01] R2=0.889106 NMSE=0.110894 shuffled_R2=-0.013626
ALIGN ego[02] partner[02] R2=0.918835 NMSE=0.081165 shuffled_R2=-0.023846
ALIGN ego[02] partner[03] R2=0.893789 NMSE=0.106211 shuffled_R2=-0.014551
ALIGN ego[02] partner[04] R2=0.874964 NMSE=0.125036 shuffled_R2=-0.014444
ALIGN ego[03] partner[00] R2=0.912725 NMSE=0.087275 shuffled_R2=-0.015327
ALIGN ego[03] partner[01] R2=0.867794 NMSE=0.132206 shuffled_R2=-0.015482
ALIGN ego[03] partner[02] R2=0.833914 NMSE=0.166086 shuffled_R2=-0.027246
ALIGN ego[03] partner[03] R2=0.777015 NMSE=0.222985 shuffled_R2=-0.026315
ALIGN ego[03] partner[04] R2=0.843189 NMSE=0.156811 shuffled_R2=-0.017534
ALIGN ego[04] partner[00] R2=0.934849 NMSE=0.065151 shuffled_R2=-0.016019
ALIGN ego[04] partner[01] R2=0.890995 NMSE=0.109005 shuffled_R2=-0.019018
ALIGN ego[04] partner[02] R2=0.845678 NMSE=0.154322 shuffled_R2=-0.081470
ALIGN ego[04] partner[03] R2=0.929318 NMSE=0.070682 shuffled_R2=-0.015253
ALIGN ego[04] partner[04] R2=0.879401 NMSE=0.120599 shuffled_R2=-0.015890
Evaluating partner alignment group 1: method=mep_br, prefix=checkpoints/eval_pools/mep_br
LOADED: checkpoints/eval_pools/mep_br/coord_ring/baseline_seed_0_step_220.msgpack
LOADED: checkpoints/eval_pools/mep_br/coord_ring/baseline_seed_1_step_220.msgpack
LOADED: checkpoints/eval_pools/mep_br/coord_ring/baseline_seed_2_step_220.msgpack
LOADED: checkpoints/eval_pools/mep_br/coord_ring/baseline_seed_3_step_220.msgpack
LOADED: checkpoints/eval_pools/mep_br/coord_ring/baseline_seed_4_step_220.msgpack
Using alignment rollout scale: ALIGN_PAIR_BATCH_SIZE=2, ALIGN_EVAL_NUM_EPISODES=128, ALIGN_EVAL_NUM_STEPS=400
ALIGN ego[00] partner[00] R2=0.860922 NMSE=0.139078 shuffled_R2=-0.018904
ALIGN ego[00] partner[01] R2=0.903144 NMSE=0.096856 shuffled_R2=-0.015323
ALIGN ego[00] partner[02] R2=0.836262 NMSE=0.163738 shuffled_R2=-0.020680
ALIGN ego[00] partner[03] R2=0.943533 NMSE=0.056467 shuffled_R2=-0.015231
ALIGN ego[00] partner[04] R2=0.914508 NMSE=0.085492 shuffled_R2=-0.016772
ALIGN ego[01] partner[00] R2=0.866945 NMSE=0.133055 shuffled_R2=-0.019626
ALIGN ego[01] partner[01] R2=0.903510 NMSE=0.096490 shuffled_R2=-0.015586
ALIGN ego[01] partner[02] R2=0.870103 NMSE=0.129897 shuffled_R2=-0.014401
ALIGN ego[01] partner[03] R2=0.929106 NMSE=0.070894 shuffled_R2=-0.021196
ALIGN ego[01] partner[04] R2=0.881176 NMSE=0.118824 shuffled_R2=-0.019022
ALIGN ego[02] partner[00] R2=0.913616 NMSE=0.086384 shuffled_R2=-0.018917
ALIGN ego[02] partner[01] R2=0.903731 NMSE=0.096269 shuffled_R2=-0.014695
ALIGN ego[02] partner[02] R2=0.890469 NMSE=0.109531 shuffled_R2=-0.022171
ALIGN ego[02] partner[03] R2=0.820945 NMSE=0.179055 shuffled_R2=-0.038887
ALIGN ego[02] partner[04] R2=0.875844 NMSE=0.124156 shuffled_R2=-0.018362
ALIGN ego[03] partner[00] R2=0.880830 NMSE=0.119170 shuffled_R2=-0.017611
ALIGN ego[03] partner[01] R2=0.892493 NMSE=0.107507 shuffled_R2=-0.018929
ALIGN ego[03] partner[02] R2=0.886937 NMSE=0.113063 shuffled_R2=-0.018033
ALIGN ego[03] partner[03] R2=0.873932 NMSE=0.126068 shuffled_R2=-0.017719
ALIGN ego[03] partner[04] R2=0.916798 NMSE=0.083202 shuffled_R2=-0.017412
ALIGN ego[04] partner[00] R2=0.908035 NMSE=0.091965 shuffled_R2=-0.025160
ALIGN ego[04] partner[01] R2=0.916310 NMSE=0.083690 shuffled_R2=-0.017104
ALIGN ego[04] partner[02] R2=0.921049 NMSE=0.078951 shuffled_R2=-0.016457
ALIGN ego[04] partner[03] R2=0.922198 NMSE=0.077802 shuffled_R2=-0.015642
ALIGN ego[04] partner[04] R2=0.888288 NMSE=0.111712 shuffled_R2=-0.024795
Evaluating partner alignment group 2: method=pbt, prefix=checkpoints/eval_pools/pbt
LOADED: checkpoints/eval_pools/pbt/coord_ring/baseline_seed_0_step_62.msgpack
LOADED: checkpoints/eval_pools/pbt/coord_ring/baseline_seed_1_step_62.msgpack
LOADED: checkpoints/eval_pools/pbt/coord_ring/baseline_seed_2_step_62.msgpack
LOADED: checkpoints/eval_pools/pbt/coord_ring/baseline_seed_3_step_62.msgpack
LOADED: checkpoints/eval_pools/pbt/coord_ring/baseline_seed_4_step_62.msgpack
Using alignment rollout scale: ALIGN_PAIR_BATCH_SIZE=2, ALIGN_EVAL_NUM_EPISODES=128, ALIGN_EVAL_NUM_STEPS=400
ALIGN ego[00] partner[00] R2=0.841514 NMSE=0.158486 shuffled_R2=-0.014894
ALIGN ego[00] partner[01] R2=0.845646 NMSE=0.154354 shuffled_R2=-0.015865
ALIGN ego[00] partner[02] R2=0.839834 NMSE=0.160166 shuffled_R2=-0.015810
ALIGN ego[00] partner[03] R2=0.855159 NMSE=0.144841 shuffled_R2=-0.017292
ALIGN ego[00] partner[04] R2=0.779472 NMSE=0.220528 shuffled_R2=-0.017794
ALIGN ego[01] partner[00] R2=0.758411 NMSE=0.241589 shuffled_R2=-0.018398
ALIGN ego[01] partner[01] R2=0.740836 NMSE=0.259164 shuffled_R2=-0.033588
ALIGN ego[01] partner[02] R2=0.780893 NMSE=0.219107 shuffled_R2=-0.018472
ALIGN ego[01] partner[03] R2=0.649185 NMSE=0.350815 shuffled_R2=-0.035796
ALIGN ego[01] partner[04] R2=0.705733 NMSE=0.294267 shuffled_R2=-0.024091
ALIGN ego[02] partner[00] R2=0.787896 NMSE=0.212104 shuffled_R2=-0.016604
ALIGN ego[02] partner[01] R2=0.738415 NMSE=0.261585 shuffled_R2=-0.023630
ALIGN ego[02] partner[02] R2=0.767570 NMSE=0.232430 shuffled_R2=-0.015750
ALIGN ego[02] partner[03] R2=0.727558 NMSE=0.272442 shuffled_R2=-0.032229
ALIGN ego[02] partner[04] R2=0.782940 NMSE=0.217060 shuffled_R2=-0.015441
ALIGN ego[03] partner[00] R2=0.808845 NMSE=0.191155 shuffled_R2=-0.017357
ALIGN ego[03] partner[01] R2=0.837909 NMSE=0.162091 shuffled_R2=-0.016277
ALIGN ego[03] partner[02] R2=0.843713 NMSE=0.156287 shuffled_R2=-0.012580
ALIGN ego[03] partner[03] R2=0.823944 NMSE=0.176056 shuffled_R2=-0.019753
ALIGN ego[03] partner[04] R2=0.705427 NMSE=0.294573 shuffled_R2=-0.027095
ALIGN ego[04] partner[00] R2=0.873006 NMSE=0.126994 shuffled_R2=-0.013661
ALIGN ego[04] partner[01] R2=0.853018 NMSE=0.146982 shuffled_R2=-0.017001
ALIGN ego[04] partner[02] R2=0.786583 NMSE=0.213417 shuffled_R2=-0.022272
ALIGN ego[04] partner[03] R2=0.800333 NMSE=0.199667 shuffled_R2=-0.018504
ALIGN ego[04] partner[04] R2=0.805617 NMSE=0.194383 shuffled_R2=-0.013551
Evaluating partner alignment group 3: method=sp, prefix=checkpoints/eval_pools/sp
LOADED: checkpoints/eval_pools/sp/coord_ring/baseline_seed_0_step_220.msgpack
LOADED: checkpoints/eval_pools/sp/coord_ring/baseline_seed_1_step_220.msgpack
LOADED: checkpoints/eval_pools/sp/coord_ring/baseline_seed_2_step_220.msgpack
LOADED: checkpoints/eval_pools/sp/coord_ring/baseline_seed_3_step_220.msgpack
LOADED: checkpoints/eval_pools/sp/coord_ring/baseline_seed_4_step_220.msgpack
Using alignment rollout scale: ALIGN_PAIR_BATCH_SIZE=2, ALIGN_EVAL_NUM_EPISODES=128, ALIGN_EVAL_NUM_STEPS=400
ALIGN ego[00] partner[00] R2=0.847596 NMSE=0.152404 shuffled_R2=-0.015524
ALIGN ego[00] partner[01] R2=0.854314 NMSE=0.145686 shuffled_R2=-0.028899
ALIGN ego[00] partner[02] R2=0.895110 NMSE=0.104890 shuffled_R2=-0.022179
ALIGN ego[00] partner[03] R2=0.878578 NMSE=0.121422 shuffled_R2=-0.019846
ALIGN ego[00] partner[04] R2=0.938633 NMSE=0.061367 shuffled_R2=-0.014523
ALIGN ego[01] partner[00] R2=0.896048 NMSE=0.103952 shuffled_R2=-0.014249
ALIGN ego[01] partner[01] R2=0.902057 NMSE=0.097943 shuffled_R2=-0.016689
ALIGN ego[01] partner[02] R2=0.787276 NMSE=0.212724 shuffled_R2=-0.046967
ALIGN ego[01] partner[03] R2=0.895962 NMSE=0.104038 shuffled_R2=-0.019634
ALIGN ego[01] partner[04] R2=0.917956 NMSE=0.082044 shuffled_R2=-0.014041
ALIGN ego[02] partner[00] R2=0.884521 NMSE=0.115479 shuffled_R2=-0.016109
ALIGN ego[02] partner[01] R2=0.785797 NMSE=0.214203 shuffled_R2=-0.025563
ALIGN ego[02] partner[02] R2=0.859476 NMSE=0.140524 shuffled_R2=-0.016885
ALIGN ego[02] partner[03] R2=0.889017 NMSE=0.110983 shuffled_R2=-0.022375
ALIGN ego[02] partner[04] R2=0.901386 NMSE=0.098614 shuffled_R2=-0.014156
ALIGN ego[03] partner[00] R2=0.884848 NMSE=0.115152 shuffled_R2=-0.013964
ALIGN ego[03] partner[01] R2=0.903247 NMSE=0.096753 shuffled_R2=-0.016818
ALIGN ego[03] partner[02] R2=0.916228 NMSE=0.083772 shuffled_R2=-0.014068
ALIGN ego[03] partner[03] R2=0.880082 NMSE=0.119918 shuffled_R2=-0.017165
ALIGN ego[03] partner[04] R2=0.947586 NMSE=0.052414 shuffled_R2=-0.013892
ALIGN ego[04] partner[00] R2=0.833545 NMSE=0.166455 shuffled_R2=-0.025458
ALIGN ego[04] partner[01] R2=0.927187 NMSE=0.072813 shuffled_R2=-0.015174
ALIGN ego[04] partner[02] R2=0.856373 NMSE=0.143627 shuffled_R2=-0.028730
ALIGN ego[04] partner[03] R2=0.921422 NMSE=0.078578 shuffled_R2=-0.014962
ALIGN ego[04] partner[04] R2=0.914946 NMSE=0.085054 shuffled_R2=-0.021643
Average ego-to-partner alignment R2: 0.859557 +- 0.005855 SE over 100 ego-partner pairs
Average alignment normalized MSE: 0.140443 +- 0.005855 SE
Average shuffled-control alignment R2: -0.019947 +- 0.000862 SE
Saved alignment results to ad_hoc_teamplay_results/lmpred_ad_hoc_teamplay/coord_ring
Evaluating ad-hoc teamplay for ego_method=lmpred, layout=cramped_room5x5
ego_prefix=checkpoints/lmpred/, partner_pool_specs=e3t:checkpoints/eval_pools/e3t;mep_br:checkpoints/eval_pools/mep_br;pbt:checkpoints/eval_pools/pbt;sp:checkpoints/eval_pools/sp, result_name=lmpred_ad_hoc_teamplay, ego_perspective_transform=true
Importing submoduled environments...
Submoduled environments not found. Skipping import.
2026-07-03 02:17:24.488448: W external/xla/xla/service/gpu/autotuning/dot_search_space.cc:200] All configs were filtered out because none of them sufficiently match the hints. Maybe the hints set does not contain a good representative set of valid configs?Working around this by using the full hints set instead.
2026-07-03 02:17:25.505504: W external/xla/xla/service/gpu/autotuning/dot_search_space.cc:200] All configs were filtered out because none of them sufficiently match the hints. Maybe the hints set does not contain a good representative set of valid configs?Working around this by using the full hints set instead.
LOADED: checkpoints/lmpred/cramped_room5x5/baseline_seed_0_step_220.msgpack
LOADED: checkpoints/lmpred/cramped_room5x5/baseline_seed_1_step_220.msgpack
LOADED: checkpoints/lmpred/cramped_room5x5/baseline_seed_2_step_220.msgpack
LOADED: checkpoints/lmpred/cramped_room5x5/baseline_seed_3_step_220.msgpack
LOADED: checkpoints/lmpred/cramped_room5x5/baseline_seed_4_step_220.msgpack
Evaluating partner group 0: method=e3t, prefix=checkpoints/eval_pools/e3t
LOADED: checkpoints/eval_pools/e3t/cramped_room5x5/baseline_seed_0_step_220.msgpack
LOADED: checkpoints/eval_pools/e3t/cramped_room5x5/baseline_seed_1_step_220.msgpack
LOADED: checkpoints/eval_pools/e3t/cramped_room5x5/baseline_seed_2_step_220.msgpack
LOADED: checkpoints/eval_pools/e3t/cramped_room5x5/baseline_seed_3_step_220.msgpack
LOADED: checkpoints/eval_pools/e3t/cramped_room5x5/baseline_seed_4_step_220.msgpack
Using XP rollout scale: XP_PAIR_BATCH_SIZE=32, EVAL_NUM_EPISODES=128, EVAL_NUM_STEPS=400
XP ego[00] partner[00] = 182.031
XP ego[00] partner[01] = 199.219
XP ego[00] partner[02] = 220.938
XP ego[00] partner[03] = 221.094
XP ego[00] partner[04] = 197.812
XP ego[01] partner[00] = 220.625
XP ego[01] partner[01] = 238.125
XP ego[01] partner[02] = 239.062
XP ego[01] partner[03] = 236.719
XP ego[01] partner[04] = 229.844
XP ego[02] partner[00] = 241.562
XP ego[02] partner[01] = 227.656
XP ego[02] partner[02] = 235.156
XP ego[02] partner[03] = 242.188
XP ego[02] partner[04] = 192.344
XP ego[03] partner[00] = 217.344
XP ego[03] partner[01] = 203.125
XP ego[03] partner[02] = 184.844
XP ego[03] partner[03] = 213.906
XP ego[03] partner[04] = 216.562
XP ego[04] partner[00] = 231.250
XP ego[04] partner[01] = 207.500
XP ego[04] partner[02] = 147.656
XP ego[04] partner[03] = 237.031
XP ego[04] partner[04] = 238.125
Evaluating partner group 1: method=mep_br, prefix=checkpoints/eval_pools/mep_br
LOADED: checkpoints/eval_pools/mep_br/cramped_room5x5/baseline_seed_0_step_220.msgpack
LOADED: checkpoints/eval_pools/mep_br/cramped_room5x5/baseline_seed_1_step_220.msgpack
LOADED: checkpoints/eval_pools/mep_br/cramped_room5x5/baseline_seed_2_step_220.msgpack
LOADED: checkpoints/eval_pools/mep_br/cramped_room5x5/baseline_seed_3_step_220.msgpack
LOADED: checkpoints/eval_pools/mep_br/cramped_room5x5/baseline_seed_4_step_220.msgpack
Using XP rollout scale: XP_PAIR_BATCH_SIZE=32, EVAL_NUM_EPISODES=128, EVAL_NUM_STEPS=400
XP ego[00] partner[00] = 222.812
XP ego[00] partner[01] = 231.719
XP ego[00] partner[02] = 191.406
XP ego[00] partner[03] = 229.375
XP ego[00] partner[04] = 209.844
XP ego[01] partner[00] = 200.625
XP ego[01] partner[01] = 197.969
XP ego[01] partner[02] = 212.656
XP ego[01] partner[03] = 234.531
XP ego[01] partner[04] = 223.750
XP ego[02] partner[00] = 217.344
XP ego[02] partner[01] = 224.531
XP ego[02] partner[02] = 225.938
XP ego[02] partner[03] = 234.219
XP ego[02] partner[04] = 150.625
XP ego[03] partner[00] = 171.406
XP ego[03] partner[01] = 233.281
XP ego[03] partner[02] = 174.375
XP ego[03] partner[03] = 233.125
XP ego[03] partner[04] = 237.500
XP ego[04] partner[00] = 222.656
XP ego[04] partner[01] = 238.594
XP ego[04] partner[02] = 217.969
XP ego[04] partner[03] = 228.906
XP ego[04] partner[04] = 231.250
Evaluating partner group 2: method=pbt, prefix=checkpoints/eval_pools/pbt
LOADED: checkpoints/eval_pools/pbt/cramped_room5x5/baseline_seed_0_step_62.msgpack
LOADED: checkpoints/eval_pools/pbt/cramped_room5x5/baseline_seed_1_step_62.msgpack
LOADED: checkpoints/eval_pools/pbt/cramped_room5x5/baseline_seed_2_step_62.msgpack
LOADED: checkpoints/eval_pools/pbt/cramped_room5x5/baseline_seed_3_step_62.msgpack
LOADED: checkpoints/eval_pools/pbt/cramped_room5x5/baseline_seed_4_step_62.msgpack
Using XP rollout scale: XP_PAIR_BATCH_SIZE=32, EVAL_NUM_EPISODES=128, EVAL_NUM_STEPS=400
XP ego[00] partner[00] = 173.438
XP ego[00] partner[01] = 192.031
XP ego[00] partner[02] = 198.281
XP ego[00] partner[03] = 129.219
XP ego[00] partner[04] = 110.625
XP ego[01] partner[00] = 229.062
XP ego[01] partner[01] = 217.812
XP ego[01] partner[02] = 212.500
XP ego[01] partner[03] = 222.500
XP ego[01] partner[04] = 208.750
XP ego[02] partner[00] = 235.469
XP ego[02] partner[01] = 212.656
XP ego[02] partner[02] = 223.281
XP ego[02] partner[03] = 226.406
XP ego[02] partner[04] = 231.562
XP ego[03] partner[00] = 89.219
XP ego[03] partner[01] = 157.812
XP ego[03] partner[02] = 160.938
XP ego[03] partner[03] = 174.219
XP ego[03] partner[04] = 212.969
XP ego[04] partner[00] = 237.188
XP ego[04] partner[01] = 238.438
XP ego[04] partner[02] = 238.594
XP ego[04] partner[03] = 233.594
XP ego[04] partner[04] = 239.062
Evaluating partner group 3: method=sp, prefix=checkpoints/eval_pools/sp
LOADED: checkpoints/eval_pools/sp/cramped_room5x5/baseline_seed_0_step_220.msgpack
LOADED: checkpoints/eval_pools/sp/cramped_room5x5/baseline_seed_1_step_220.msgpack
LOADED: checkpoints/eval_pools/sp/cramped_room5x5/baseline_seed_2_step_220.msgpack
LOADED: checkpoints/eval_pools/sp/cramped_room5x5/baseline_seed_3_step_220.msgpack
LOADED: checkpoints/eval_pools/sp/cramped_room5x5/baseline_seed_4_step_220.msgpack
Using XP rollout scale: XP_PAIR_BATCH_SIZE=32, EVAL_NUM_EPISODES=128, EVAL_NUM_STEPS=400
XP ego[00] partner[00] = 220.469
XP ego[00] partner[01] = 152.344
XP ego[00] partner[02] = 202.500
XP ego[00] partner[03] = 230.938
XP ego[00] partner[04] = 216.875
XP ego[01] partner[00] = 226.562
XP ego[01] partner[01] = 208.125
XP ego[01] partner[02] = 234.219
XP ego[01] partner[03] = 210.938
XP ego[01] partner[04] = 201.250
XP ego[02] partner[00] = 173.125
XP ego[02] partner[01] = 214.688
XP ego[02] partner[02] = 225.156
XP ego[02] partner[03] = 222.344
XP ego[02] partner[04] = 210.312
XP ego[03] partner[00] = 207.344
XP ego[03] partner[01] = 185.000
XP ego[03] partner[02] = 199.062
XP ego[03] partner[03] = 218.281
XP ego[03] partner[04] = 158.125
XP ego[04] partner[00] = 227.969
XP ego[04] partner[01] = 233.750
XP ego[04] partner[02] = 241.406
XP ego[04] partner[03] = 243.594
XP ego[04] partner[04] = 225.000
Average ego-vs-partner performance: 211.131 +- 2.947 SE over 100 ordered pairs
Average diagonal performance: 221.469 +- 10.851 SE over 5 pairs
Average off-diagonal performance (only for square pools): nan +- nan SE over 0 ordered pairs
Saved ad-hoc teamplay results to ad_hoc_teamplay_results/lmpred_ad_hoc_teamplay/cramped_room5x5
Saved ad-hoc teamplay heatmap to ad_hoc_teamplay_results/lmpred_ad_hoc_teamplay/cramped_room5x5/xp_matrix.png
Evaluating partner alignment group 0: method=e3t, prefix=checkpoints/eval_pools/e3t
LOADED: checkpoints/eval_pools/e3t/cramped_room5x5/baseline_seed_0_step_220.msgpack
LOADED: checkpoints/eval_pools/e3t/cramped_room5x5/baseline_seed_1_step_220.msgpack
LOADED: checkpoints/eval_pools/e3t/cramped_room5x5/baseline_seed_2_step_220.msgpack
LOADED: checkpoints/eval_pools/e3t/cramped_room5x5/baseline_seed_3_step_220.msgpack
LOADED: checkpoints/eval_pools/e3t/cramped_room5x5/baseline_seed_4_step_220.msgpack
Using alignment rollout scale: ALIGN_PAIR_BATCH_SIZE=2, ALIGN_EVAL_NUM_EPISODES=128, ALIGN_EVAL_NUM_STEPS=400
ALIGN ego[00] partner[00] R2=0.924630 NMSE=0.075370 shuffled_R2=-0.020758
ALIGN ego[00] partner[01] R2=0.917876 NMSE=0.082124 shuffled_R2=-0.016553
ALIGN ego[00] partner[02] R2=0.903953 NMSE=0.096047 shuffled_R2=-0.021804
ALIGN ego[00] partner[03] R2=0.909510 NMSE=0.090490 shuffled_R2=-0.038218
ALIGN ego[00] partner[04] R2=0.878145 NMSE=0.121855 shuffled_R2=-0.038993
ALIGN ego[01] partner[00] R2=0.953228 NMSE=0.046772 shuffled_R2=-0.018247
ALIGN ego[01] partner[01] R2=0.959576 NMSE=0.040424 shuffled_R2=-0.018510
ALIGN ego[01] partner[02] R2=0.934015 NMSE=0.065985 shuffled_R2=-0.019934
ALIGN ego[01] partner[03] R2=0.848815 NMSE=0.151185 shuffled_R2=-0.110070
ALIGN ego[01] partner[04] R2=0.961793 NMSE=0.038207 shuffled_R2=-0.015622
ALIGN ego[02] partner[00] R2=0.883933 NMSE=0.116067 shuffled_R2=-0.051213
ALIGN ego[02] partner[01] R2=0.963426 NMSE=0.036574 shuffled_R2=-0.016542
ALIGN ego[02] partner[02] R2=0.949895 NMSE=0.050105 shuffled_R2=-0.020404
ALIGN ego[02] partner[03] R2=0.896925 NMSE=0.103075 shuffled_R2=-0.031355
ALIGN ego[02] partner[04] R2=0.967390 NMSE=0.032610 shuffled_R2=-0.015686
ALIGN ego[03] partner[00] R2=0.941797 NMSE=0.058203 shuffled_R2=-0.019748
ALIGN ego[03] partner[01] R2=0.940694 NMSE=0.059306 shuffled_R2=-0.024778
ALIGN ego[03] partner[02] R2=0.927759 NMSE=0.072241 shuffled_R2=-0.023111
ALIGN ego[03] partner[03] R2=0.949374 NMSE=0.050626 shuffled_R2=-0.015815
ALIGN ego[03] partner[04] R2=0.954795 NMSE=0.045205 shuffled_R2=-0.015186
ALIGN ego[04] partner[00] R2=0.941776 NMSE=0.058224 shuffled_R2=-0.014154
ALIGN ego[04] partner[01] R2=0.968810 NMSE=0.031190 shuffled_R2=-0.017306
ALIGN ego[04] partner[02] R2=0.953441 NMSE=0.046559 shuffled_R2=-0.015997
ALIGN ego[04] partner[03] R2=0.953844 NMSE=0.046156 shuffled_R2=-0.015468
ALIGN ego[04] partner[04] R2=0.963527 NMSE=0.036473 shuffled_R2=-0.015949
Evaluating partner alignment group 1: method=mep_br, prefix=checkpoints/eval_pools/mep_br
LOADED: checkpoints/eval_pools/mep_br/cramped_room5x5/baseline_seed_0_step_220.msgpack
LOADED: checkpoints/eval_pools/mep_br/cramped_room5x5/baseline_seed_1_step_220.msgpack
LOADED: checkpoints/eval_pools/mep_br/cramped_room5x5/baseline_seed_2_step_220.msgpack
LOADED: checkpoints/eval_pools/mep_br/cramped_room5x5/baseline_seed_3_step_220.msgpack
LOADED: checkpoints/eval_pools/mep_br/cramped_room5x5/baseline_seed_4_step_220.msgpack
Using alignment rollout scale: ALIGN_PAIR_BATCH_SIZE=2, ALIGN_EVAL_NUM_EPISODES=128, ALIGN_EVAL_NUM_STEPS=400
ALIGN ego[00] partner[00] R2=0.914143 NMSE=0.085857 shuffled_R2=-0.016682
ALIGN ego[00] partner[01] R2=0.918450 NMSE=0.081550 shuffled_R2=-0.027333
ALIGN ego[00] partner[02] R2=0.944338 NMSE=0.055662 shuffled_R2=-0.014367
ALIGN ego[00] partner[03] R2=0.937537 NMSE=0.062463 shuffled_R2=-0.016191
ALIGN ego[00] partner[04] R2=0.954811 NMSE=0.045189 shuffled_R2=-0.015382
ALIGN ego[01] partner[00] R2=0.938489 NMSE=0.061511 shuffled_R2=-0.017249
ALIGN ego[01] partner[01] R2=0.947349 NMSE=0.052651 shuffled_R2=-0.017228
ALIGN ego[01] partner[02] R2=0.935793 NMSE=0.064207 shuffled_R2=-0.018323
ALIGN ego[01] partner[03] R2=0.816474 NMSE=0.183526 shuffled_R2=-0.091814
ALIGN ego[01] partner[04] R2=0.949921 NMSE=0.050079 shuffled_R2=-0.017580
ALIGN ego[02] partner[00] R2=0.919087 NMSE=0.080913 shuffled_R2=-0.017186
ALIGN ego[02] partner[01] R2=0.912689 NMSE=0.087311 shuffled_R2=-0.018674
ALIGN ego[02] partner[02] R2=0.933200 NMSE=0.066800 shuffled_R2=-0.017756
ALIGN ego[02] partner[03] R2=0.940900 NMSE=0.059100 shuffled_R2=-0.018034
ALIGN ego[02] partner[04] R2=0.925121 NMSE=0.074879 shuffled_R2=-0.017381
ALIGN ego[03] partner[00] R2=0.867925 NMSE=0.132075 shuffled_R2=-0.035792
ALIGN ego[03] partner[01] R2=0.917664 NMSE=0.082336 shuffled_R2=-0.022951
ALIGN ego[03] partner[02] R2=0.959825 NMSE=0.040175 shuffled_R2=-0.017684
ALIGN ego[03] partner[03] R2=0.957780 NMSE=0.042220 shuffled_R2=-0.016763
ALIGN ego[03] partner[04] R2=0.919304 NMSE=0.080696 shuffled_R2=-0.022768
ALIGN ego[04] partner[00] R2=0.936219 NMSE=0.063781 shuffled_R2=-0.016535
ALIGN ego[04] partner[01] R2=0.937772 NMSE=0.062228 shuffled_R2=-0.016852
ALIGN ego[04] partner[02] R2=0.951811 NMSE=0.048189 shuffled_R2=-0.014548
ALIGN ego[04] partner[03] R2=0.961242 NMSE=0.038758 shuffled_R2=-0.016179
ALIGN ego[04] partner[04] R2=0.955442 NMSE=0.044558 shuffled_R2=-0.016533
Evaluating partner alignment group 2: method=pbt, prefix=checkpoints/eval_pools/pbt
LOADED: checkpoints/eval_pools/pbt/cramped_room5x5/baseline_seed_0_step_62.msgpack
LOADED: checkpoints/eval_pools/pbt/cramped_room5x5/baseline_seed_1_step_62.msgpack
LOADED: checkpoints/eval_pools/pbt/cramped_room5x5/baseline_seed_2_step_62.msgpack
LOADED: checkpoints/eval_pools/pbt/cramped_room5x5/baseline_seed_3_step_62.msgpack
LOADED: checkpoints/eval_pools/pbt/cramped_room5x5/baseline_seed_4_step_62.msgpack
Using alignment rollout scale: ALIGN_PAIR_BATCH_SIZE=2, ALIGN_EVAL_NUM_EPISODES=128, ALIGN_EVAL_NUM_STEPS=400
ALIGN ego[00] partner[00] R2=0.812918 NMSE=0.187082 shuffled_R2=-0.024150
ALIGN ego[00] partner[01] R2=0.813672 NMSE=0.186328 shuffled_R2=-0.021562
ALIGN ego[00] partner[02] R2=0.791244 NMSE=0.208756 shuffled_R2=-0.029403
ALIGN ego[00] partner[03] R2=0.822217 NMSE=0.177783 shuffled_R2=-0.024884
ALIGN ego[00] partner[04] R2=0.790125 NMSE=0.209875 shuffled_R2=-0.025607
ALIGN ego[01] partner[00] R2=0.887087 NMSE=0.112913 shuffled_R2=-0.015211
ALIGN ego[01] partner[01] R2=0.901117 NMSE=0.098883 shuffled_R2=-0.013506
ALIGN ego[01] partner[02] R2=0.868203 NMSE=0.131797 shuffled_R2=-0.016045
ALIGN ego[01] partner[03] R2=0.865310 NMSE=0.134690 shuffled_R2=-0.017238
ALIGN ego[01] partner[04] R2=0.827475 NMSE=0.172525 shuffled_R2=-0.037444
ALIGN ego[02] partner[00] R2=0.883403 NMSE=0.116597 shuffled_R2=-0.016355
ALIGN ego[02] partner[01] R2=0.841186 NMSE=0.158814 shuffled_R2=-0.016428
ALIGN ego[02] partner[02] R2=0.768581 NMSE=0.231419 shuffled_R2=-0.061723
ALIGN ego[02] partner[03] R2=0.868399 NMSE=0.131601 shuffled_R2=-0.015792
ALIGN ego[02] partner[04] R2=0.509582 NMSE=0.490418 shuffled_R2=-0.059598
ALIGN ego[03] partner[00] R2=0.871878 NMSE=0.128122 shuffled_R2=-0.014813
ALIGN ego[03] partner[01] R2=0.854636 NMSE=0.145364 shuffled_R2=-0.020401
ALIGN ego[03] partner[02] R2=0.653775 NMSE=0.346225 shuffled_R2=-0.043284
ALIGN ego[03] partner[03] R2=0.714997 NMSE=0.285003 shuffled_R2=-0.053478
ALIGN ego[03] partner[04] R2=0.856636 NMSE=0.143364 shuffled_R2=-0.017472
ALIGN ego[04] partner[00] R2=0.875651 NMSE=0.124349 shuffled_R2=-0.018661
ALIGN ego[04] partner[01] R2=0.880761 NMSE=0.119239 shuffled_R2=-0.015333
ALIGN ego[04] partner[02] R2=0.887918 NMSE=0.112082 shuffled_R2=-0.014217
ALIGN ego[04] partner[03] R2=0.868234 NMSE=0.131766 shuffled_R2=-0.016741
ALIGN ego[04] partner[04] R2=0.861422 NMSE=0.138578 shuffled_R2=-0.015958
Evaluating partner alignment group 3: method=sp, prefix=checkpoints/eval_pools/sp
LOADED: checkpoints/eval_pools/sp/cramped_room5x5/baseline_seed_0_step_220.msgpack
LOADED: checkpoints/eval_pools/sp/cramped_room5x5/baseline_seed_1_step_220.msgpack
LOADED: checkpoints/eval_pools/sp/cramped_room5x5/baseline_seed_2_step_220.msgpack
LOADED: checkpoints/eval_pools/sp/cramped_room5x5/baseline_seed_3_step_220.msgpack
LOADED: checkpoints/eval_pools/sp/cramped_room5x5/baseline_seed_4_step_220.msgpack
Using alignment rollout scale: ALIGN_PAIR_BATCH_SIZE=2, ALIGN_EVAL_NUM_EPISODES=128, ALIGN_EVAL_NUM_STEPS=400
ALIGN ego[00] partner[00] R2=0.941063 NMSE=0.058937 shuffled_R2=-0.016796
ALIGN ego[00] partner[01] R2=0.950255 NMSE=0.049745 shuffled_R2=-0.019906
ALIGN ego[00] partner[02] R2=0.924272 NMSE=0.075728 shuffled_R2=-0.023616
ALIGN ego[00] partner[03] R2=0.950530 NMSE=0.049470 shuffled_R2=-0.015159
ALIGN ego[00] partner[04] R2=0.887088 NMSE=0.112912 shuffled_R2=-0.046021
ALIGN ego[01] partner[00] R2=0.958784 NMSE=0.041216 shuffled_R2=-0.013856
ALIGN ego[01] partner[01] R2=0.962808 NMSE=0.037192 shuffled_R2=-0.017527
ALIGN ego[01] partner[02] R2=0.939235 NMSE=0.060765 shuffled_R2=-0.035803
ALIGN ego[01] partner[03] R2=0.964810 NMSE=0.035190 shuffled_R2=-0.018232
ALIGN ego[01] partner[04] R2=0.947555 NMSE=0.052445 shuffled_R2=-0.017989
ALIGN ego[02] partner[00] R2=0.935472 NMSE=0.064528 shuffled_R2=-0.022252
ALIGN ego[02] partner[01] R2=0.884101 NMSE=0.115899 shuffled_R2=-0.049267
ALIGN ego[02] partner[02] R2=0.945969 NMSE=0.054031 shuffled_R2=-0.022715
ALIGN ego[02] partner[03] R2=0.960394 NMSE=0.039606 shuffled_R2=-0.016566
ALIGN ego[02] partner[04] R2=0.958652 NMSE=0.041348 shuffled_R2=-0.017473
ALIGN ego[03] partner[00] R2=0.922964 NMSE=0.077036 shuffled_R2=-0.024729
ALIGN ego[03] partner[01] R2=0.873029 NMSE=0.126971 shuffled_R2=-0.034242
ALIGN ego[03] partner[02] R2=0.958776 NMSE=0.041224 shuffled_R2=-0.015347
ALIGN ego[03] partner[03] R2=0.944224 NMSE=0.055776 shuffled_R2=-0.017111
ALIGN ego[03] partner[04] R2=0.954100 NMSE=0.045900 shuffled_R2=-0.019871
ALIGN ego[04] partner[00] R2=0.925781 NMSE=0.074219 shuffled_R2=-0.020232
ALIGN ego[04] partner[01] R2=0.971017 NMSE=0.028983 shuffled_R2=-0.016240
ALIGN ego[04] partner[02] R2=0.961695 NMSE=0.038305 shuffled_R2=-0.015901
ALIGN ego[04] partner[03] R2=0.878601 NMSE=0.121399 shuffled_R2=-0.067510
ALIGN ego[04] partner[04] R2=0.965001 NMSE=0.034999 shuffled_R2=-0.014805
Average ego-to-partner alignment R2: 0.906448 +- 0.006981 SE over 100 ego-partner pairs
Average alignment normalized MSE: 0.093552 +- 0.006981 SE
Average shuffled-control alignment R2: -0.023937 +- 0.001572 SE
Saved alignment results to ad_hoc_teamplay_results/lmpred_ad_hoc_teamplay/cramped_room5x5
Evaluating ad-hoc teamplay for ego_method=lmpred_ablate, layout=counter_circuit
ego_prefix=checkpoints/lmpred_ablate/, partner_pool_specs=e3t:checkpoints/eval_pools/e3t;mep_br:checkpoints/eval_pools/mep_br;pbt:checkpoints/eval_pools/pbt;sp:checkpoints/eval_pools/sp, result_name=lmpred_ablate_ad_hoc_teamplay, ego_perspective_transform=false
Importing submoduled environments...
Submoduled environments not found. Skipping import.
2026-07-03 02:20:56.898657: W external/xla/xla/service/gpu/autotuning/dot_search_space.cc:200] All configs were filtered out because none of them sufficiently match the hints. Maybe the hints set does not contain a good representative set of valid configs?Working around this by using the full hints set instead.
2026-07-03 02:20:57.898164: W external/xla/xla/service/gpu/autotuning/dot_search_space.cc:200] All configs were filtered out because none of them sufficiently match the hints. Maybe the hints set does not contain a good representative set of valid configs?Working around this by using the full hints set instead.
LOADED: checkpoints/lmpred_ablate/counter_circuit/baseline_seed_0_step_380.msgpack
LOADED: checkpoints/lmpred_ablate/counter_circuit/baseline_seed_1_step_380.msgpack
LOADED: checkpoints/lmpred_ablate/counter_circuit/baseline_seed_2_step_380.msgpack
LOADED: checkpoints/lmpred_ablate/counter_circuit/baseline_seed_3_step_380.msgpack
LOADED: checkpoints/lmpred_ablate/counter_circuit/baseline_seed_4_step_380.msgpack
Evaluating partner group 0: method=e3t, prefix=checkpoints/eval_pools/e3t
LOADED: checkpoints/eval_pools/e3t/counter_circuit/baseline_seed_0_step_220.msgpack
LOADED: checkpoints/eval_pools/e3t/counter_circuit/baseline_seed_1_step_220.msgpack
LOADED: checkpoints/eval_pools/e3t/counter_circuit/baseline_seed_2_step_220.msgpack
LOADED: checkpoints/eval_pools/e3t/counter_circuit/baseline_seed_3_step_220.msgpack
LOADED: checkpoints/eval_pools/e3t/counter_circuit/baseline_seed_4_step_220.msgpack
Using XP rollout scale: XP_PAIR_BATCH_SIZE=32, EVAL_NUM_EPISODES=128, EVAL_NUM_STEPS=400
XP ego[00] partner[00] = 183.594
XP ego[00] partner[01] = 96.719
XP ego[00] partner[02] = 165.781
XP ego[00] partner[03] = 12.656
XP ego[00] partner[04] = 119.375
XP ego[01] partner[00] = 144.844
XP ego[01] partner[01] = 68.906
XP ego[01] partner[02] = 126.250
XP ego[01] partner[03] = 31.875
XP ego[01] partner[04] = 141.250
XP ego[02] partner[00] = 167.812
XP ego[02] partner[01] = 150.312
XP ego[02] partner[02] = 114.844
XP ego[02] partner[03] = 7.344
XP ego[02] partner[04] = 115.469
XP ego[03] partner[00] = 171.719
XP ego[03] partner[01] = 80.312
XP ego[03] partner[02] = 107.812
XP ego[03] partner[03] = 17.812
XP ego[03] partner[04] = 111.875
XP ego[04] partner[00] = 175.469
XP ego[04] partner[01] = 110.312
XP ego[04] partner[02] = 102.656
XP ego[04] partner[03] = 28.125
XP ego[04] partner[04] = 140.781
Evaluating partner group 1: method=mep_br, prefix=checkpoints/eval_pools/mep_br
LOADED: checkpoints/eval_pools/mep_br/counter_circuit/baseline_seed_0_step_380.msgpack
LOADED: checkpoints/eval_pools/mep_br/counter_circuit/baseline_seed_1_step_380.msgpack
LOADED: checkpoints/eval_pools/mep_br/counter_circuit/baseline_seed_2_step_380.msgpack
LOADED: checkpoints/eval_pools/mep_br/counter_circuit/baseline_seed_3_step_380.msgpack
LOADED: checkpoints/eval_pools/mep_br/counter_circuit/baseline_seed_4_step_380.msgpack
Using XP rollout scale: XP_PAIR_BATCH_SIZE=32, EVAL_NUM_EPISODES=128, EVAL_NUM_STEPS=400
XP ego[00] partner[00] = 245.000
XP ego[00] partner[01] = 227.969
XP ego[00] partner[02] = 254.219
XP ego[00] partner[03] = 252.969
XP ego[00] partner[04] = 244.219
XP ego[01] partner[00] = 206.406
XP ego[01] partner[01] = 199.844
XP ego[01] partner[02] = 212.812
XP ego[01] partner[03] = 206.250
XP ego[01] partner[04] = 207.031
XP ego[02] partner[00] = 230.625
XP ego[02] partner[01] = 195.938
XP ego[02] partner[02] = 242.656
XP ego[02] partner[03] = 232.656
XP ego[02] partner[04] = 220.625
XP ego[03] partner[00] = 203.125
XP ego[03] partner[01] = 195.781
XP ego[03] partner[02] = 209.688
XP ego[03] partner[03] = 199.219
XP ego[03] partner[04] = 205.000
XP ego[04] partner[00] = 242.656
XP ego[04] partner[01] = 225.156
XP ego[04] partner[02] = 245.156
XP ego[04] partner[03] = 245.156
XP ego[04] partner[04] = 222.344
Evaluating partner group 2: method=pbt, prefix=checkpoints/eval_pools/pbt
LOADED: checkpoints/eval_pools/pbt/counter_circuit/baseline_seed_0_step_62.msgpack
LOADED: checkpoints/eval_pools/pbt/counter_circuit/baseline_seed_1_step_62.msgpack
LOADED: checkpoints/eval_pools/pbt/counter_circuit/baseline_seed_2_step_62.msgpack
LOADED: checkpoints/eval_pools/pbt/counter_circuit/baseline_seed_3_step_62.msgpack
LOADED: checkpoints/eval_pools/pbt/counter_circuit/baseline_seed_4_step_62.msgpack
Using XP rollout scale: XP_PAIR_BATCH_SIZE=32, EVAL_NUM_EPISODES=128, EVAL_NUM_STEPS=400
XP ego[00] partner[00] = 191.406
XP ego[00] partner[01] = 202.969
XP ego[00] partner[02] = 186.875
XP ego[00] partner[03] = 191.719
XP ego[00] partner[04] = 199.062
XP ego[01] partner[00] = 190.156
XP ego[01] partner[01] = 178.125
XP ego[01] partner[02] = 182.344
XP ego[01] partner[03] = 177.969
XP ego[01] partner[04] = 187.344
XP ego[02] partner[00] = 196.406
XP ego[02] partner[01] = 197.500
XP ego[02] partner[02] = 198.438
XP ego[02] partner[03] = 188.125
XP ego[02] partner[04] = 197.344
XP ego[03] partner[00] = 86.250
XP ego[03] partner[01] = 139.844
XP ego[03] partner[02] = 129.375
XP ego[03] partner[03] = 104.531
XP ego[03] partner[04] = 97.500
XP ego[04] partner[00] = 217.188
XP ego[04] partner[01] = 205.469
XP ego[04] partner[02] = 204.844
XP ego[04] partner[03] = 212.812
XP ego[04] partner[04] = 209.062
Evaluating partner group 3: method=sp, prefix=checkpoints/eval_pools/sp
LOADED: checkpoints/eval_pools/sp/counter_circuit/baseline_seed_0_step_380.msgpack
LOADED: checkpoints/eval_pools/sp/counter_circuit/baseline_seed_1_step_380.msgpack
LOADED: checkpoints/eval_pools/sp/counter_circuit/baseline_seed_2_step_380.msgpack
LOADED: checkpoints/eval_pools/sp/counter_circuit/baseline_seed_3_step_380.msgpack
LOADED: checkpoints/eval_pools/sp/counter_circuit/baseline_seed_4_step_380.msgpack
Using XP rollout scale: XP_PAIR_BATCH_SIZE=32, EVAL_NUM_EPISODES=128, EVAL_NUM_STEPS=400
XP ego[00] partner[00] = 175.781
XP ego[00] partner[01] = 185.781
XP ego[00] partner[02] = 189.531
XP ego[00] partner[03] = 226.250
XP ego[00] partner[04] = 178.125
XP ego[01] partner[00] = 150.312
XP ego[01] partner[01] = 156.250
XP ego[01] partner[02] = 186.875
XP ego[01] partner[03] = 138.438
XP ego[01] partner[04] = 173.750
XP ego[02] partner[00] = 176.094
XP ego[02] partner[01] = 150.312
XP ego[02] partner[02] = 195.156
XP ego[02] partner[03] = 243.906
XP ego[02] partner[04] = 187.031
XP ego[03] partner[00] = 157.969
XP ego[03] partner[01] = 142.500
XP ego[03] partner[02] = 171.250
XP ego[03] partner[03] = 213.594
XP ego[03] partner[04] = 143.125
XP ego[04] partner[00] = 165.312
XP ego[04] partner[01] = 126.875
XP ego[04] partner[02] = 194.219
XP ego[04] partner[03] = 250.000
XP ego[04] partner[04] = 193.438
Average ego-vs-partner performance: 172.109 +- 5.549 SE over 100 ordered pairs
Average diagonal performance: 105.188 +- 28.687 SE over 5 pairs
Average off-diagonal performance (only for square pools): nan +- nan SE over 0 ordered pairs
Saved ad-hoc teamplay results to ad_hoc_teamplay_results/lmpred_ablate_ad_hoc_teamplay/counter_circuit
Saved ad-hoc teamplay heatmap to ad_hoc_teamplay_results/lmpred_ablate_ad_hoc_teamplay/counter_circuit/xp_matrix.png
Evaluating partner alignment group 0: method=e3t, prefix=checkpoints/eval_pools/e3t
LOADED: checkpoints/eval_pools/e3t/counter_circuit/baseline_seed_0_step_220.msgpack
LOADED: checkpoints/eval_pools/e3t/counter_circuit/baseline_seed_1_step_220.msgpack
LOADED: checkpoints/eval_pools/e3t/counter_circuit/baseline_seed_2_step_220.msgpack
LOADED: checkpoints/eval_pools/e3t/counter_circuit/baseline_seed_3_step_220.msgpack
LOADED: checkpoints/eval_pools/e3t/counter_circuit/baseline_seed_4_step_220.msgpack
Using alignment rollout scale: ALIGN_PAIR_BATCH_SIZE=2, ALIGN_EVAL_NUM_EPISODES=128, ALIGN_EVAL_NUM_STEPS=400
ALIGN ego[00] partner[00] R2=0.759844 NMSE=0.240156 shuffled_R2=-0.022964
ALIGN ego[00] partner[01] R2=0.836410 NMSE=0.163590 shuffled_R2=-0.015133
ALIGN ego[00] partner[02] R2=0.787278 NMSE=0.212722 shuffled_R2=-0.018689
ALIGN ego[00] partner[03] R2=0.802244 NMSE=0.197756 shuffled_R2=-0.026480
ALIGN ego[00] partner[04] R2=0.713849 NMSE=0.286151 shuffled_R2=-0.024815
ALIGN ego[01] partner[00] R2=0.750098 NMSE=0.249902 shuffled_R2=-0.015810
ALIGN ego[01] partner[01] R2=0.814309 NMSE=0.185691 shuffled_R2=-0.018400
ALIGN ego[01] partner[02] R2=0.807078 NMSE=0.192922 shuffled_R2=-0.018008
ALIGN ego[01] partner[03] R2=0.815349 NMSE=0.184651 shuffled_R2=-0.020133
ALIGN ego[01] partner[04] R2=0.724846 NMSE=0.275154 shuffled_R2=-0.023831
ALIGN ego[02] partner[00] R2=0.780905 NMSE=0.219095 shuffled_R2=-0.016227
ALIGN ego[02] partner[01] R2=0.831196 NMSE=0.168804 shuffled_R2=-0.017670
ALIGN ego[02] partner[02] R2=0.794855 NMSE=0.205145 shuffled_R2=-0.015815
ALIGN ego[02] partner[03] R2=0.842790 NMSE=0.157210 shuffled_R2=-0.025153
ALIGN ego[02] partner[04] R2=0.797425 NMSE=0.202575 shuffled_R2=-0.017142
ALIGN ego[03] partner[00] R2=0.793244 NMSE=0.206756 shuffled_R2=-0.016051
ALIGN ego[03] partner[01] R2=0.800610 NMSE=0.199390 shuffled_R2=-0.022524
ALIGN ego[03] partner[02] R2=0.669848 NMSE=0.330152 shuffled_R2=-0.027717
ALIGN ego[03] partner[03] R2=0.835701 NMSE=0.164299 shuffled_R2=-0.025413
ALIGN ego[03] partner[04] R2=0.790034 NMSE=0.209966 shuffled_R2=-0.018693
ALIGN ego[04] partner[00] R2=0.770752 NMSE=0.229248 shuffled_R2=-0.016234
ALIGN ego[04] partner[01] R2=0.815553 NMSE=0.184447 shuffled_R2=-0.019904
ALIGN ego[04] partner[02] R2=0.802524 NMSE=0.197476 shuffled_R2=-0.016539
ALIGN ego[04] partner[03] R2=0.836203 NMSE=0.163797 shuffled_R2=-0.018153
ALIGN ego[04] partner[04] R2=0.765111 NMSE=0.234889 shuffled_R2=-0.021494
Evaluating partner alignment group 1: method=mep_br, prefix=checkpoints/eval_pools/mep_br
LOADED: checkpoints/eval_pools/mep_br/counter_circuit/baseline_seed_0_step_380.msgpack
LOADED: checkpoints/eval_pools/mep_br/counter_circuit/baseline_seed_1_step_380.msgpack
LOADED: checkpoints/eval_pools/mep_br/counter_circuit/baseline_seed_2_step_380.msgpack
LOADED: checkpoints/eval_pools/mep_br/counter_circuit/baseline_seed_3_step_380.msgpack
LOADED: checkpoints/eval_pools/mep_br/counter_circuit/baseline_seed_4_step_380.msgpack
Using alignment rollout scale: ALIGN_PAIR_BATCH_SIZE=2, ALIGN_EVAL_NUM_EPISODES=128, ALIGN_EVAL_NUM_STEPS=400
ALIGN ego[00] partner[00] R2=0.888284 NMSE=0.111716 shuffled_R2=-0.020153
ALIGN ego[00] partner[01] R2=0.859374 NMSE=0.140626 shuffled_R2=-0.021212
ALIGN ego[00] partner[02] R2=0.901532 NMSE=0.098468 shuffled_R2=-0.017494
ALIGN ego[00] partner[03] R2=0.910371 NMSE=0.089629 shuffled_R2=-0.016006
ALIGN ego[00] partner[04] R2=0.863848 NMSE=0.136152 shuffled_R2=-0.019375
ALIGN ego[01] partner[00] R2=0.838642 NMSE=0.161358 shuffled_R2=-0.015302
ALIGN ego[01] partner[01] R2=0.843780 NMSE=0.156220 shuffled_R2=-0.016040
ALIGN ego[01] partner[02] R2=0.841084 NMSE=0.158916 shuffled_R2=-0.015868
ALIGN ego[01] partner[03] R2=0.819303 NMSE=0.180697 shuffled_R2=-0.014898
ALIGN ego[01] partner[04] R2=0.789603 NMSE=0.210397 shuffled_R2=-0.019094
ALIGN ego[02] partner[00] R2=0.871983 NMSE=0.128017 shuffled_R2=-0.016334
ALIGN ego[02] partner[01] R2=0.898215 NMSE=0.101785 shuffled_R2=-0.018219
ALIGN ego[02] partner[02] R2=0.884173 NMSE=0.115827 shuffled_R2=-0.017674
ALIGN ego[02] partner[03] R2=0.874865 NMSE=0.125135 shuffled_R2=-0.014683
ALIGN ego[02] partner[04] R2=0.750292 NMSE=0.249708 shuffled_R2=-0.023177
ALIGN ego[03] partner[00] R2=0.889101 NMSE=0.110899 shuffled_R2=-0.017247
ALIGN ego[03] partner[01] R2=0.864975 NMSE=0.135025 shuffled_R2=-0.015890
ALIGN ego[03] partner[02] R2=0.831449 NMSE=0.168551 shuffled_R2=-0.028785
ALIGN ego[03] partner[03] R2=0.870633 NMSE=0.129367 shuffled_R2=-0.017982
ALIGN ego[03] partner[04] R2=0.858467 NMSE=0.141533 shuffled_R2=-0.018446
ALIGN ego[04] partner[00] R2=0.869573 NMSE=0.130427 shuffled_R2=-0.018615
ALIGN ego[04] partner[01] R2=0.882673 NMSE=0.117327 shuffled_R2=-0.017095
ALIGN ego[04] partner[02] R2=0.910225 NMSE=0.089775 shuffled_R2=-0.014532
ALIGN ego[04] partner[03] R2=0.865355 NMSE=0.134645 shuffled_R2=-0.015919
ALIGN ego[04] partner[04] R2=0.813601 NMSE=0.186399 shuffled_R2=-0.018242
Evaluating partner alignment group 2: method=pbt, prefix=checkpoints/eval_pools/pbt
LOADED: checkpoints/eval_pools/pbt/counter_circuit/baseline_seed_0_step_62.msgpack
LOADED: checkpoints/eval_pools/pbt/counter_circuit/baseline_seed_1_step_62.msgpack
LOADED: checkpoints/eval_pools/pbt/counter_circuit/baseline_seed_2_step_62.msgpack
LOADED: checkpoints/eval_pools/pbt/counter_circuit/baseline_seed_3_step_62.msgpack
LOADED: checkpoints/eval_pools/pbt/counter_circuit/baseline_seed_4_step_62.msgpack
Using alignment rollout scale: ALIGN_PAIR_BATCH_SIZE=2, ALIGN_EVAL_NUM_EPISODES=128, ALIGN_EVAL_NUM_STEPS=400
ALIGN ego[00] partner[00] R2=0.745496 NMSE=0.254504 shuffled_R2=-0.015527
ALIGN ego[00] partner[01] R2=0.786895 NMSE=0.213105 shuffled_R2=-0.016047
ALIGN ego[00] partner[02] R2=0.787795 NMSE=0.212205 shuffled_R2=-0.014501
ALIGN ego[00] partner[03] R2=0.628362 NMSE=0.371638 shuffled_R2=-0.039306
ALIGN ego[00] partner[04] R2=0.745475 NMSE=0.254525 shuffled_R2=-0.018901
ALIGN ego[01] partner[00] R2=0.772839 NMSE=0.227161 shuffled_R2=-0.016376
ALIGN ego[01] partner[01] R2=0.594957 NMSE=0.405043 shuffled_R2=-0.030218
ALIGN ego[01] partner[02] R2=0.733361 NMSE=0.266639 shuffled_R2=-0.022276
ALIGN ego[01] partner[03] R2=0.737852 NMSE=0.262148 shuffled_R2=-0.023866
ALIGN ego[01] partner[04] R2=0.772453 NMSE=0.227547 shuffled_R2=-0.015813
ALIGN ego[02] partner[00] R2=0.781265 NMSE=0.218735 shuffled_R2=-0.015763
ALIGN ego[02] partner[01] R2=0.803179 NMSE=0.196821 shuffled_R2=-0.013407
ALIGN ego[02] partner[02] R2=0.624426 NMSE=0.375574 shuffled_R2=-0.024814
ALIGN ego[02] partner[03] R2=0.774686 NMSE=0.225314 shuffled_R2=-0.019247
ALIGN ego[02] partner[04] R2=0.797945 NMSE=0.202055 shuffled_R2=-0.014207
ALIGN ego[03] partner[00] R2=0.787511 NMSE=0.212489 shuffled_R2=-0.016142
ALIGN ego[03] partner[01] R2=0.809557 NMSE=0.190443 shuffled_R2=-0.015155
ALIGN ego[03] partner[02] R2=0.761895 NMSE=0.238105 shuffled_R2=-0.014808
ALIGN ego[03] partner[03] R2=0.799508 NMSE=0.200492 shuffled_R2=-0.014123
ALIGN ego[03] partner[04] R2=0.767742 NMSE=0.232258 shuffled_R2=-0.019270
ALIGN ego[04] partner[00] R2=0.802032 NMSE=0.197968 shuffled_R2=-0.018733
ALIGN ego[04] partner[01] R2=0.766139 NMSE=0.233861 shuffled_R2=-0.019679
ALIGN ego[04] partner[02] R2=0.790304 NMSE=0.209696 shuffled_R2=-0.017167
ALIGN ego[04] partner[03] R2=0.779741 NMSE=0.220259 shuffled_R2=-0.019259
ALIGN ego[04] partner[04] R2=0.782640 NMSE=0.217360 shuffled_R2=-0.015655
Evaluating partner alignment group 3: method=sp, prefix=checkpoints/eval_pools/sp
LOADED: checkpoints/eval_pools/sp/counter_circuit/baseline_seed_0_step_380.msgpack
LOADED: checkpoints/eval_pools/sp/counter_circuit/baseline_seed_1_step_380.msgpack
LOADED: checkpoints/eval_pools/sp/counter_circuit/baseline_seed_2_step_380.msgpack
LOADED: checkpoints/eval_pools/sp/counter_circuit/baseline_seed_3_step_380.msgpack
LOADED: checkpoints/eval_pools/sp/counter_circuit/baseline_seed_4_step_380.msgpack
Using alignment rollout scale: ALIGN_PAIR_BATCH_SIZE=2, ALIGN_EVAL_NUM_EPISODES=128, ALIGN_EVAL_NUM_STEPS=400
ALIGN ego[00] partner[00] R2=0.866452 NMSE=0.133548 shuffled_R2=-0.018644
ALIGN ego[00] partner[01] R2=0.830578 NMSE=0.169422 shuffled_R2=-0.021725
ALIGN ego[00] partner[02] R2=0.832064 NMSE=0.167936 shuffled_R2=-0.015007
ALIGN ego[00] partner[03] R2=0.878030 NMSE=0.121970 shuffled_R2=-0.016272
ALIGN ego[00] partner[04] R2=0.855689 NMSE=0.144311 shuffled_R2=-0.014975
ALIGN ego[01] partner[00] R2=0.845201 NMSE=0.154799 shuffled_R2=-0.016318
ALIGN ego[01] partner[01] R2=0.900175 NMSE=0.099825 shuffled_R2=-0.015988
ALIGN ego[01] partner[02] R2=0.815065 NMSE=0.184935 shuffled_R2=-0.017285
ALIGN ego[01] partner[03] R2=0.813045 NMSE=0.186955 shuffled_R2=-0.021307
ALIGN ego[01] partner[04] R2=0.829487 NMSE=0.170513 shuffled_R2=-0.015968
ALIGN ego[02] partner[00] R2=0.864596 NMSE=0.135404 shuffled_R2=-0.016201
ALIGN ego[02] partner[01] R2=0.883964 NMSE=0.116036 shuffled_R2=-0.018907
ALIGN ego[02] partner[02] R2=0.873475 NMSE=0.126525 shuffled_R2=-0.013846
ALIGN ego[02] partner[03] R2=0.887983 NMSE=0.112017 shuffled_R2=-0.016829
ALIGN ego[02] partner[04] R2=0.849416 NMSE=0.150584 shuffled_R2=-0.015245
ALIGN ego[03] partner[00] R2=0.843181 NMSE=0.156819 shuffled_R2=-0.018318
ALIGN ego[03] partner[01] R2=0.883680 NMSE=0.116320 shuffled_R2=-0.014480
ALIGN ego[03] partner[02] R2=0.729313 NMSE=0.270687 shuffled_R2=-0.033132
ALIGN ego[03] partner[03] R2=0.806270 NMSE=0.193730 shuffled_R2=-0.025250
ALIGN ego[03] partner[04] R2=0.851747 NMSE=0.148253 shuffled_R2=-0.015433
ALIGN ego[04] partner[00] R2=0.877257 NMSE=0.122743 shuffled_R2=-0.017390
ALIGN ego[04] partner[01] R2=0.913712 NMSE=0.086288 shuffled_R2=-0.014020
ALIGN ego[04] partner[02] R2=0.838753 NMSE=0.161247 shuffled_R2=-0.014849
ALIGN ego[04] partner[03] R2=0.888750 NMSE=0.111250 shuffled_R2=-0.017884
ALIGN ego[04] partner[04] R2=0.820049 NMSE=0.179951 shuffled_R2=-0.016973
Average ego-to-partner alignment R2: 0.814414 +- 0.006129 SE over 100 ego-partner pairs
Average alignment normalized MSE: 0.185586 +- 0.006129 SE
Average shuffled-control alignment R2: -0.018598 +- 0.000436 SE
Saved alignment results to ad_hoc_teamplay_results/lmpred_ablate_ad_hoc_teamplay/counter_circuit
Evaluating ad-hoc teamplay for ego_method=lmpred_ablate, layout=coord_ring
ego_prefix=checkpoints/lmpred_ablate/, partner_pool_specs=e3t:checkpoints/eval_pools/e3t;mep_br:checkpoints/eval_pools/mep_br;pbt:checkpoints/eval_pools/pbt;sp:checkpoints/eval_pools/sp, result_name=lmpred_ablate_ad_hoc_teamplay, ego_perspective_transform=false
Importing submoduled environments...
Submoduled environments not found. Skipping import.
2026-07-03 02:24:25.526881: W external/xla/xla/service/gpu/autotuning/dot_search_space.cc:200] All configs were filtered out because none of them sufficiently match the hints. Maybe the hints set does not contain a good representative set of valid configs?Working around this by using the full hints set instead.
2026-07-03 02:24:26.623325: W external/xla/xla/service/gpu/autotuning/dot_search_space.cc:200] All configs were filtered out because none of them sufficiently match the hints. Maybe the hints set does not contain a good representative set of valid configs?Working around this by using the full hints set instead.
LOADED: checkpoints/lmpred_ablate/coord_ring/baseline_seed_0_step_220.msgpack
LOADED: checkpoints/lmpred_ablate/coord_ring/baseline_seed_1_step_220.msgpack
LOADED: checkpoints/lmpred_ablate/coord_ring/baseline_seed_2_step_220.msgpack
LOADED: checkpoints/lmpred_ablate/coord_ring/baseline_seed_3_step_220.msgpack
LOADED: checkpoints/lmpred_ablate/coord_ring/baseline_seed_4_step_220.msgpack
Evaluating partner group 0: method=e3t, prefix=checkpoints/eval_pools/e3t
LOADED: checkpoints/eval_pools/e3t/coord_ring/baseline_seed_0_step_220.msgpack
LOADED: checkpoints/eval_pools/e3t/coord_ring/baseline_seed_1_step_220.msgpack
LOADED: checkpoints/eval_pools/e3t/coord_ring/baseline_seed_2_step_220.msgpack
LOADED: checkpoints/eval_pools/e3t/coord_ring/baseline_seed_3_step_220.msgpack
LOADED: checkpoints/eval_pools/e3t/coord_ring/baseline_seed_4_step_220.msgpack
Using XP rollout scale: XP_PAIR_BATCH_SIZE=32, EVAL_NUM_EPISODES=128, EVAL_NUM_STEPS=400
XP ego[00] partner[00] = 195.000
XP ego[00] partner[01] = 261.562
XP ego[00] partner[02] = 36.562
XP ego[00] partner[03] = 205.938
XP ego[00] partner[04] = 90.000
XP ego[01] partner[00] = 155.000
XP ego[01] partner[01] = 207.656
XP ego[01] partner[02] = 34.219
XP ego[01] partner[03] = 214.062
XP ego[01] partner[04] = 255.000
XP ego[02] partner[00] = 186.719
XP ego[02] partner[01] = 301.719
XP ego[02] partner[02] = 87.656
XP ego[02] partner[03] = 270.938
XP ego[02] partner[04] = 293.750
XP ego[03] partner[00] = 267.344
XP ego[03] partner[01] = 253.281
XP ego[03] partner[02] = 129.219
XP ego[03] partner[03] = 257.188
XP ego[03] partner[04] = 261.406
XP ego[04] partner[00] = 279.844
XP ego[04] partner[01] = 274.219
XP ego[04] partner[02] = 37.969
XP ego[04] partner[03] = 120.000
XP ego[04] partner[04] = 292.188
Evaluating partner group 1: method=mep_br, prefix=checkpoints/eval_pools/mep_br
LOADED: checkpoints/eval_pools/mep_br/coord_ring/baseline_seed_0_step_220.msgpack
LOADED: checkpoints/eval_pools/mep_br/coord_ring/baseline_seed_1_step_220.msgpack
LOADED: checkpoints/eval_pools/mep_br/coord_ring/baseline_seed_2_step_220.msgpack
LOADED: checkpoints/eval_pools/mep_br/coord_ring/baseline_seed_3_step_220.msgpack
LOADED: checkpoints/eval_pools/mep_br/coord_ring/baseline_seed_4_step_220.msgpack
Using XP rollout scale: XP_PAIR_BATCH_SIZE=32, EVAL_NUM_EPISODES=128, EVAL_NUM_STEPS=400
XP ego[00] partner[00] = 214.688
XP ego[00] partner[01] = 258.438
XP ego[00] partner[02] = 264.688
XP ego[00] partner[03] = 135.625
XP ego[00] partner[04] = 232.031
XP ego[01] partner[00] = 248.281
XP ego[01] partner[01] = 295.625
XP ego[01] partner[02] = 272.188
XP ego[01] partner[03] = 227.188
XP ego[01] partner[04] = 264.062
XP ego[02] partner[00] = 243.750
XP ego[02] partner[01] = 289.219
XP ego[02] partner[02] = 291.719
XP ego[02] partner[03] = 275.781
XP ego[02] partner[04] = 271.719
XP ego[03] partner[00] = 241.719
XP ego[03] partner[01] = 271.406
XP ego[03] partner[02] = 282.344
XP ego[03] partner[03] = 262.969
XP ego[03] partner[04] = 262.500
XP ego[04] partner[00] = 246.719
XP ego[04] partner[01] = 286.406
XP ego[04] partner[02] = 274.062
XP ego[04] partner[03] = 248.438
XP ego[04] partner[04] = 244.219
Evaluating partner group 2: method=pbt, prefix=checkpoints/eval_pools/pbt
LOADED: checkpoints/eval_pools/pbt/coord_ring/baseline_seed_0_step_62.msgpack
LOADED: checkpoints/eval_pools/pbt/coord_ring/baseline_seed_1_step_62.msgpack
LOADED: checkpoints/eval_pools/pbt/coord_ring/baseline_seed_2_step_62.msgpack
LOADED: checkpoints/eval_pools/pbt/coord_ring/baseline_seed_3_step_62.msgpack
LOADED: checkpoints/eval_pools/pbt/coord_ring/baseline_seed_4_step_62.msgpack
Using XP rollout scale: XP_PAIR_BATCH_SIZE=32, EVAL_NUM_EPISODES=128, EVAL_NUM_STEPS=400
XP ego[00] partner[00] = 259.844
XP ego[00] partner[01] = 261.875
XP ego[00] partner[02] = 270.000
XP ego[00] partner[03] = 268.281
XP ego[00] partner[04] = 268.281
XP ego[01] partner[00] = 261.094
XP ego[01] partner[01] = 230.156
XP ego[01] partner[02] = 255.625
XP ego[01] partner[03] = 227.812
XP ego[01] partner[04] = 208.906
XP ego[02] partner[00] = 242.969
XP ego[02] partner[01] = 215.781
XP ego[02] partner[02] = 245.156
XP ego[02] partner[03] = 255.938
XP ego[02] partner[04] = 288.281
XP ego[03] partner[00] = 166.875
XP ego[03] partner[01] = 115.938
XP ego[03] partner[02] = 37.344
XP ego[03] partner[03] = 41.719
XP ego[03] partner[04] = 54.531
XP ego[04] partner[00] = 293.594
XP ego[04] partner[01] = 259.531
XP ego[04] partner[02] = 257.188
XP ego[04] partner[03] = 249.844
XP ego[04] partner[04] = 283.594
Evaluating partner group 3: method=sp, prefix=checkpoints/eval_pools/sp
LOADED: checkpoints/eval_pools/sp/coord_ring/baseline_seed_0_step_220.msgpack
LOADED: checkpoints/eval_pools/sp/coord_ring/baseline_seed_1_step_220.msgpack
LOADED: checkpoints/eval_pools/sp/coord_ring/baseline_seed_2_step_220.msgpack
LOADED: checkpoints/eval_pools/sp/coord_ring/baseline_seed_3_step_220.msgpack
LOADED: checkpoints/eval_pools/sp/coord_ring/baseline_seed_4_step_220.msgpack
Using XP rollout scale: XP_PAIR_BATCH_SIZE=32, EVAL_NUM_EPISODES=128, EVAL_NUM_STEPS=400
XP ego[00] partner[00] = 247.188
XP ego[00] partner[01] = 255.469
XP ego[00] partner[02] = 229.844
XP ego[00] partner[03] = 271.562
XP ego[00] partner[04] = 249.219
XP ego[01] partner[00] = 252.969
XP ego[01] partner[01] = 232.969
XP ego[01] partner[02] = 241.875
XP ego[01] partner[03] = 261.094
XP ego[01] partner[04] = 160.312
XP ego[02] partner[00] = 273.281
XP ego[02] partner[01] = 265.156
XP ego[02] partner[02] = 252.812
XP ego[02] partner[03] = 278.906
XP ego[02] partner[04] = 243.125
XP ego[03] partner[00] = 85.312
XP ego[03] partner[01] = 124.531
XP ego[03] partner[02] = 244.375
XP ego[03] partner[03] = 95.469
XP ego[03] partner[04] = 81.875
XP ego[04] partner[00] = 295.938
XP ego[04] partner[01] = 276.562
XP ego[04] partner[02] = 280.156
XP ego[04] partner[03] = 267.969
XP ego[04] partner[04] = 276.875
Average ego-vs-partner performance: 226.392 +- 7.063 SE over 100 ordered pairs
Average diagonal performance: 207.938 +- 34.755 SE over 5 pairs
Average off-diagonal performance (only for square pools): nan +- nan SE over 0 ordered pairs
Saved ad-hoc teamplay results to ad_hoc_teamplay_results/lmpred_ablate_ad_hoc_teamplay/coord_ring
Saved ad-hoc teamplay heatmap to ad_hoc_teamplay_results/lmpred_ablate_ad_hoc_teamplay/coord_ring/xp_matrix.png
Evaluating partner alignment group 0: method=e3t, prefix=checkpoints/eval_pools/e3t
LOADED: checkpoints/eval_pools/e3t/coord_ring/baseline_seed_0_step_220.msgpack
LOADED: checkpoints/eval_pools/e3t/coord_ring/baseline_seed_1_step_220.msgpack
LOADED: checkpoints/eval_pools/e3t/coord_ring/baseline_seed_2_step_220.msgpack
LOADED: checkpoints/eval_pools/e3t/coord_ring/baseline_seed_3_step_220.msgpack
LOADED: checkpoints/eval_pools/e3t/coord_ring/baseline_seed_4_step_220.msgpack
Using alignment rollout scale: ALIGN_PAIR_BATCH_SIZE=2, ALIGN_EVAL_NUM_EPISODES=128, ALIGN_EVAL_NUM_STEPS=400
ALIGN ego[00] partner[00] R2=0.874544 NMSE=0.125456 shuffled_R2=-0.018692
ALIGN ego[00] partner[01] R2=0.812702 NMSE=0.187298 shuffled_R2=-0.024233
ALIGN ego[00] partner[02] R2=0.900056 NMSE=0.099944 shuffled_R2=-0.022498
ALIGN ego[00] partner[03] R2=0.887884 NMSE=0.112116 shuffled_R2=-0.018749
ALIGN ego[00] partner[04] R2=0.892873 NMSE=0.107127 shuffled_R2=-0.021546
ALIGN ego[01] partner[00] R2=0.907158 NMSE=0.092842 shuffled_R2=-0.020256
ALIGN ego[01] partner[01] R2=0.876915 NMSE=0.123085 shuffled_R2=-0.014463
ALIGN ego[01] partner[02] R2=0.853956 NMSE=0.146044 shuffled_R2=-0.047654
ALIGN ego[01] partner[03] R2=0.890830 NMSE=0.109170 shuffled_R2=-0.016522
ALIGN ego[01] partner[04] R2=0.879792 NMSE=0.120208 shuffled_R2=-0.015953
ALIGN ego[02] partner[00] R2=0.871248 NMSE=0.128752 shuffled_R2=-0.029265
ALIGN ego[02] partner[01] R2=0.903783 NMSE=0.096217 shuffled_R2=-0.016397
ALIGN ego[02] partner[02] R2=0.954993 NMSE=0.045007 shuffled_R2=-0.015270
ALIGN ego[02] partner[03] R2=0.888232 NMSE=0.111768 shuffled_R2=-0.014631
ALIGN ego[02] partner[04] R2=0.882445 NMSE=0.117555 shuffled_R2=-0.014618
ALIGN ego[03] partner[00] R2=0.878517 NMSE=0.121483 shuffled_R2=-0.016197
ALIGN ego[03] partner[01] R2=0.864179 NMSE=0.135821 shuffled_R2=-0.016493
ALIGN ego[03] partner[02] R2=0.855465 NMSE=0.144535 shuffled_R2=-0.038194
ALIGN ego[03] partner[03] R2=0.849037 NMSE=0.150963 shuffled_R2=-0.019860
ALIGN ego[03] partner[04] R2=0.823570 NMSE=0.176430 shuffled_R2=-0.017956
ALIGN ego[04] partner[00] R2=0.885052 NMSE=0.114948 shuffled_R2=-0.015119
ALIGN ego[04] partner[01] R2=0.857789 NMSE=0.142211 shuffled_R2=-0.016923
ALIGN ego[04] partner[02] R2=0.904966 NMSE=0.095034 shuffled_R2=-0.046261
ALIGN ego[04] partner[03] R2=0.868160 NMSE=0.131840 shuffled_R2=-0.020406
ALIGN ego[04] partner[04] R2=0.909186 NMSE=0.090814 shuffled_R2=-0.014752
Evaluating partner alignment group 1: method=mep_br, prefix=checkpoints/eval_pools/mep_br
LOADED: checkpoints/eval_pools/mep_br/coord_ring/baseline_seed_0_step_220.msgpack
LOADED: checkpoints/eval_pools/mep_br/coord_ring/baseline_seed_1_step_220.msgpack
LOADED: checkpoints/eval_pools/mep_br/coord_ring/baseline_seed_2_step_220.msgpack
LOADED: checkpoints/eval_pools/mep_br/coord_ring/baseline_seed_3_step_220.msgpack
LOADED: checkpoints/eval_pools/mep_br/coord_ring/baseline_seed_4_step_220.msgpack
Using alignment rollout scale: ALIGN_PAIR_BATCH_SIZE=2, ALIGN_EVAL_NUM_EPISODES=128, ALIGN_EVAL_NUM_STEPS=400
ALIGN ego[00] partner[00] R2=0.891933 NMSE=0.108067 shuffled_R2=-0.017776
ALIGN ego[00] partner[01] R2=0.895817 NMSE=0.104183 shuffled_R2=-0.018368
ALIGN ego[00] partner[02] R2=0.802552 NMSE=0.197448 shuffled_R2=-0.026180
ALIGN ego[00] partner[03] R2=0.878762 NMSE=0.121238 shuffled_R2=-0.017617
ALIGN ego[00] partner[04] R2=0.905889 NMSE=0.094111 shuffled_R2=-0.017385
ALIGN ego[01] partner[00] R2=0.851268 NMSE=0.148732 shuffled_R2=-0.018451
ALIGN ego[01] partner[01] R2=0.660108 NMSE=0.339892 shuffled_R2=-0.066082
ALIGN ego[01] partner[02] R2=0.818389 NMSE=0.181611 shuffled_R2=-0.020370
ALIGN ego[01] partner[03] R2=0.838842 NMSE=0.161158 shuffled_R2=-0.052617
ALIGN ego[01] partner[04] R2=0.823891 NMSE=0.176109 shuffled_R2=-0.050574
ALIGN ego[02] partner[00] R2=0.906096 NMSE=0.093904 shuffled_R2=-0.015756
ALIGN ego[02] partner[01] R2=0.914330 NMSE=0.085670 shuffled_R2=-0.019823
ALIGN ego[02] partner[02] R2=0.927799 NMSE=0.072201 shuffled_R2=-0.016934
ALIGN ego[02] partner[03] R2=0.910683 NMSE=0.089317 shuffled_R2=-0.015629
ALIGN ego[02] partner[04] R2=0.855820 NMSE=0.144180 shuffled_R2=-0.035517
ALIGN ego[03] partner[00] R2=0.901836 NMSE=0.098164 shuffled_R2=-0.015960
ALIGN ego[03] partner[01] R2=0.834894 NMSE=0.165106 shuffled_R2=-0.017777
ALIGN ego[03] partner[02] R2=0.895054 NMSE=0.104946 shuffled_R2=-0.014432
ALIGN ego[03] partner[03] R2=0.936801 NMSE=0.063199 shuffled_R2=-0.016561
ALIGN ego[03] partner[04] R2=0.912800 NMSE=0.087200 shuffled_R2=-0.015051
ALIGN ego[04] partner[00] R2=0.879476 NMSE=0.120524 shuffled_R2=-0.019709
ALIGN ego[04] partner[01] R2=0.911313 NMSE=0.088687 shuffled_R2=-0.016883
ALIGN ego[04] partner[02] R2=0.851215 NMSE=0.148785 shuffled_R2=-0.019129
ALIGN ego[04] partner[03] R2=0.903773 NMSE=0.096227 shuffled_R2=-0.032004
ALIGN ego[04] partner[04] R2=0.911920 NMSE=0.088080 shuffled_R2=-0.014542
Evaluating partner alignment group 2: method=pbt, prefix=checkpoints/eval_pools/pbt
LOADED: checkpoints/eval_pools/pbt/coord_ring/baseline_seed_0_step_62.msgpack
LOADED: checkpoints/eval_pools/pbt/coord_ring/baseline_seed_1_step_62.msgpack
LOADED: checkpoints/eval_pools/pbt/coord_ring/baseline_seed_2_step_62.msgpack
LOADED: checkpoints/eval_pools/pbt/coord_ring/baseline_seed_3_step_62.msgpack
LOADED: checkpoints/eval_pools/pbt/coord_ring/baseline_seed_4_step_62.msgpack
Using alignment rollout scale: ALIGN_PAIR_BATCH_SIZE=2, ALIGN_EVAL_NUM_EPISODES=128, ALIGN_EVAL_NUM_STEPS=400
ALIGN ego[00] partner[00] R2=0.803491 NMSE=0.196509 shuffled_R2=-0.016846
ALIGN ego[00] partner[01] R2=0.810342 NMSE=0.189658 shuffled_R2=-0.018305
ALIGN ego[00] partner[02] R2=0.812287 NMSE=0.187713 shuffled_R2=-0.016064
ALIGN ego[00] partner[03] R2=0.790689 NMSE=0.209311 shuffled_R2=-0.018965
ALIGN ego[00] partner[04] R2=0.738789 NMSE=0.261211 shuffled_R2=-0.020346
ALIGN ego[01] partner[00] R2=0.795567 NMSE=0.204433 shuffled_R2=-0.014709
ALIGN ego[01] partner[01] R2=0.750277 NMSE=0.249723 shuffled_R2=-0.018006
ALIGN ego[01] partner[02] R2=0.710711 NMSE=0.289289 shuffled_R2=-0.021045
ALIGN ego[01] partner[03] R2=0.684176 NMSE=0.315824 shuffled_R2=-0.028533
ALIGN ego[01] partner[04] R2=0.758305 NMSE=0.241695 shuffled_R2=-0.015414
ALIGN ego[02] partner[00] R2=0.806316 NMSE=0.193684 shuffled_R2=-0.016671
ALIGN ego[02] partner[01] R2=0.857300 NMSE=0.142700 shuffled_R2=-0.015680
ALIGN ego[02] partner[02] R2=0.802301 NMSE=0.197699 shuffled_R2=-0.015212
ALIGN ego[02] partner[03] R2=0.826224 NMSE=0.173776 shuffled_R2=-0.023192
ALIGN ego[02] partner[04] R2=0.830289 NMSE=0.169711 shuffled_R2=-0.014665
ALIGN ego[03] partner[00] R2=0.809673 NMSE=0.190327 shuffled_R2=-0.013325
ALIGN ego[03] partner[01] R2=0.808246 NMSE=0.191754 shuffled_R2=-0.015826
ALIGN ego[03] partner[02] R2=0.749213 NMSE=0.250787 shuffled_R2=-0.021912
ALIGN ego[03] partner[03] R2=0.800451 NMSE=0.199549 shuffled_R2=-0.019814
ALIGN ego[03] partner[04] R2=0.687764 NMSE=0.312236 shuffled_R2=-0.037755
ALIGN ego[04] partner[00] R2=0.829952 NMSE=0.170048 shuffled_R2=-0.014227
ALIGN ego[04] partner[01] R2=0.817134 NMSE=0.182866 shuffled_R2=-0.017194
ALIGN ego[04] partner[02] R2=0.792689 NMSE=0.207311 shuffled_R2=-0.016860
ALIGN ego[04] partner[03] R2=0.780713 NMSE=0.219287 shuffled_R2=-0.020552
ALIGN ego[04] partner[04] R2=0.797131 NMSE=0.202869 shuffled_R2=-0.014794
Evaluating partner alignment group 3: method=sp, prefix=checkpoints/eval_pools/sp
LOADED: checkpoints/eval_pools/sp/coord_ring/baseline_seed_0_step_220.msgpack
LOADED: checkpoints/eval_pools/sp/coord_ring/baseline_seed_1_step_220.msgpack
LOADED: checkpoints/eval_pools/sp/coord_ring/baseline_seed_2_step_220.msgpack
LOADED: checkpoints/eval_pools/sp/coord_ring/baseline_seed_3_step_220.msgpack
LOADED: checkpoints/eval_pools/sp/coord_ring/baseline_seed_4_step_220.msgpack
Using alignment rollout scale: ALIGN_PAIR_BATCH_SIZE=2, ALIGN_EVAL_NUM_EPISODES=128, ALIGN_EVAL_NUM_STEPS=400
ALIGN ego[00] partner[00] R2=0.892932 NMSE=0.107068 shuffled_R2=-0.017368
ALIGN ego[00] partner[01] R2=0.850720 NMSE=0.149280 shuffled_R2=-0.018452
ALIGN ego[00] partner[02] R2=0.852191 NMSE=0.147809 shuffled_R2=-0.017182
ALIGN ego[00] partner[03] R2=0.885438 NMSE=0.114562 shuffled_R2=-0.016906
ALIGN ego[00] partner[04] R2=0.918523 NMSE=0.081477 shuffled_R2=-0.016249
ALIGN ego[01] partner[00] R2=0.863017 NMSE=0.136983 shuffled_R2=-0.015602
ALIGN ego[01] partner[01] R2=0.798906 NMSE=0.201094 shuffled_R2=-0.030762
ALIGN ego[01] partner[02] R2=0.831037 NMSE=0.168963 shuffled_R2=-0.022999
ALIGN ego[01] partner[03] R2=0.850586 NMSE=0.149414 shuffled_R2=-0.023349
ALIGN ego[01] partner[04] R2=0.894613 NMSE=0.105387 shuffled_R2=-0.016607
ALIGN ego[02] partner[00] R2=0.899355 NMSE=0.100645 shuffled_R2=-0.015190
ALIGN ego[02] partner[01] R2=0.758018 NMSE=0.241982 shuffled_R2=-0.027183
ALIGN ego[02] partner[02] R2=0.831172 NMSE=0.168828 shuffled_R2=-0.020524
ALIGN ego[02] partner[03] R2=0.849590 NMSE=0.150410 shuffled_R2=-0.019564
ALIGN ego[02] partner[04] R2=0.941887 NMSE=0.058113 shuffled_R2=-0.014799
ALIGN ego[03] partner[00] R2=0.877035 NMSE=0.122965 shuffled_R2=-0.016355
ALIGN ego[03] partner[01] R2=0.869001 NMSE=0.130999 shuffled_R2=-0.018664
ALIGN ego[03] partner[02] R2=0.877251 NMSE=0.122749 shuffled_R2=-0.014933
ALIGN ego[03] partner[03] R2=0.910608 NMSE=0.089392 shuffled_R2=-0.021130
ALIGN ego[03] partner[04] R2=0.927885 NMSE=0.072115 shuffled_R2=-0.013307
ALIGN ego[04] partner[00] R2=0.909063 NMSE=0.090937 shuffled_R2=-0.016557
ALIGN ego[04] partner[01] R2=0.908062 NMSE=0.091938 shuffled_R2=-0.015592
ALIGN ego[04] partner[02] R2=0.738352 NMSE=0.261648 shuffled_R2=-0.038203
ALIGN ego[04] partner[03] R2=0.866380 NMSE=0.133620 shuffled_R2=-0.018778
ALIGN ego[04] partner[04] R2=0.936234 NMSE=0.063766 shuffled_R2=-0.015158
Average ego-to-partner alignment R2: 0.851825 +- 0.005979 SE over 100 ego-partner pairs
Average alignment normalized MSE: 0.148175 +- 0.005979 SE
Average shuffled-control alignment R2: -0.020714 +- 0.000917 SE
Saved alignment results to ad_hoc_teamplay_results/lmpred_ablate_ad_hoc_teamplay/coord_ring
Evaluating ad-hoc teamplay for ego_method=lmpred_ablate, layout=cramped_room5x5
ego_prefix=checkpoints/lmpred_ablate/, partner_pool_specs=e3t:checkpoints/eval_pools/e3t;mep_br:checkpoints/eval_pools/mep_br;pbt:checkpoints/eval_pools/pbt;sp:checkpoints/eval_pools/sp, result_name=lmpred_ablate_ad_hoc_teamplay, ego_perspective_transform=false
Importing submoduled environments...
Submoduled environments not found. Skipping import.
2026-07-03 02:27:50.670842: W external/xla/xla/service/gpu/autotuning/dot_search_space.cc:200] All configs were filtered out because none of them sufficiently match the hints. Maybe the hints set does not contain a good representative set of valid configs?Working around this by using the full hints set instead.
2026-07-03 02:27:51.781088: W external/xla/xla/service/gpu/autotuning/dot_search_space.cc:200] All configs were filtered out because none of them sufficiently match the hints. Maybe the hints set does not contain a good representative set of valid configs?Working around this by using the full hints set instead.
LOADED: checkpoints/lmpred_ablate/cramped_room5x5/baseline_seed_0_step_220.msgpack
LOADED: checkpoints/lmpred_ablate/cramped_room5x5/baseline_seed_1_step_220.msgpack
LOADED: checkpoints/lmpred_ablate/cramped_room5x5/baseline_seed_2_step_220.msgpack
LOADED: checkpoints/lmpred_ablate/cramped_room5x5/baseline_seed_3_step_220.msgpack
LOADED: checkpoints/lmpred_ablate/cramped_room5x5/baseline_seed_4_step_220.msgpack
Evaluating partner group 0: method=e3t, prefix=checkpoints/eval_pools/e3t
LOADED: checkpoints/eval_pools/e3t/cramped_room5x5/baseline_seed_0_step_220.msgpack
LOADED: checkpoints/eval_pools/e3t/cramped_room5x5/baseline_seed_1_step_220.msgpack
LOADED: checkpoints/eval_pools/e3t/cramped_room5x5/baseline_seed_2_step_220.msgpack
LOADED: checkpoints/eval_pools/e3t/cramped_room5x5/baseline_seed_3_step_220.msgpack
LOADED: checkpoints/eval_pools/e3t/cramped_room5x5/baseline_seed_4_step_220.msgpack
Using XP rollout scale: XP_PAIR_BATCH_SIZE=32, EVAL_NUM_EPISODES=128, EVAL_NUM_STEPS=400
XP ego[00] partner[00] = 241.406
XP ego[00] partner[01] = 156.562
XP ego[00] partner[02] = 203.594
XP ego[00] partner[03] = 232.656
XP ego[00] partner[04] = 228.438
XP ego[01] partner[00] = 234.688
XP ego[01] partner[01] = 169.688
XP ego[01] partner[02] = 202.812
XP ego[01] partner[03] = 230.000
XP ego[01] partner[04] = 208.125
XP ego[02] partner[00] = 212.969
XP ego[02] partner[01] = 145.000
XP ego[02] partner[02] = 238.125
XP ego[02] partner[03] = 200.781
XP ego[02] partner[04] = 181.250
XP ego[03] partner[00] = 206.719
XP ego[03] partner[01] = 214.062
XP ego[03] partner[02] = 239.375
XP ego[03] partner[03] = 206.406
XP ego[03] partner[04] = 194.844
XP ego[04] partner[00] = 221.719
XP ego[04] partner[01] = 200.781
XP ego[04] partner[02] = 205.000
XP ego[04] partner[03] = 219.375
XP ego[04] partner[04] = 218.438
Evaluating partner group 1: method=mep_br, prefix=checkpoints/eval_pools/mep_br
LOADED: checkpoints/eval_pools/mep_br/cramped_room5x5/baseline_seed_0_step_220.msgpack
LOADED: checkpoints/eval_pools/mep_br/cramped_room5x5/baseline_seed_1_step_220.msgpack
LOADED: checkpoints/eval_pools/mep_br/cramped_room5x5/baseline_seed_2_step_220.msgpack
LOADED: checkpoints/eval_pools/mep_br/cramped_room5x5/baseline_seed_3_step_220.msgpack
LOADED: checkpoints/eval_pools/mep_br/cramped_room5x5/baseline_seed_4_step_220.msgpack
Using XP rollout scale: XP_PAIR_BATCH_SIZE=32, EVAL_NUM_EPISODES=128, EVAL_NUM_STEPS=400
XP ego[00] partner[00] = 215.312
XP ego[00] partner[01] = 235.156
XP ego[00] partner[02] = 163.281
XP ego[00] partner[03] = 233.750
XP ego[00] partner[04] = 211.094
XP ego[01] partner[00] = 61.094
XP ego[01] partner[01] = 230.781
XP ego[01] partner[02] = 134.688
XP ego[01] partner[03] = 237.031
XP ego[01] partner[04] = 190.469
XP ego[02] partner[00] = 210.625
XP ego[02] partner[01] = 227.812
XP ego[02] partner[02] = 195.781
XP ego[02] partner[03] = 221.094
XP ego[02] partner[04] = 208.906
XP ego[03] partner[00] = 233.594
XP ego[03] partner[01] = 223.281
XP ego[03] partner[02] = 134.688
XP ego[03] partner[03] = 212.031
XP ego[03] partner[04] = 232.812
XP ego[04] partner[00] = 101.250
XP ego[04] partner[01] = 209.844
XP ego[04] partner[02] = 153.594
XP ego[04] partner[03] = 237.500
XP ego[04] partner[04] = 215.625
Evaluating partner group 2: method=pbt, prefix=checkpoints/eval_pools/pbt
LOADED: checkpoints/eval_pools/pbt/cramped_room5x5/baseline_seed_0_step_62.msgpack
LOADED: checkpoints/eval_pools/pbt/cramped_room5x5/baseline_seed_1_step_62.msgpack
LOADED: checkpoints/eval_pools/pbt/cramped_room5x5/baseline_seed_2_step_62.msgpack
LOADED: checkpoints/eval_pools/pbt/cramped_room5x5/baseline_seed_3_step_62.msgpack
LOADED: checkpoints/eval_pools/pbt/cramped_room5x5/baseline_seed_4_step_62.msgpack
Using XP rollout scale: XP_PAIR_BATCH_SIZE=32, EVAL_NUM_EPISODES=128, EVAL_NUM_STEPS=400
XP ego[00] partner[00] = 238.906
XP ego[00] partner[01] = 233.281
XP ego[00] partner[02] = 220.312
XP ego[00] partner[03] = 229.531
XP ego[00] partner[04] = 239.375
XP ego[01] partner[00] = 225.781
XP ego[01] partner[01] = 217.188
XP ego[01] partner[02] = 229.688
XP ego[01] partner[03] = 228.594
XP ego[01] partner[04] = 223.750
XP ego[02] partner[00] = 135.000
XP ego[02] partner[01] = 117.344
XP ego[02] partner[02] = 123.438
XP ego[02] partner[03] = 134.688
XP ego[02] partner[04] = 114.531
XP ego[03] partner[00] = 182.031
XP ego[03] partner[01] = 178.438
XP ego[03] partner[02] = 177.344
XP ego[03] partner[03] = 171.875
XP ego[03] partner[04] = 157.969
XP ego[04] partner[00] = 54.531
XP ego[04] partner[01] = 43.750
XP ego[04] partner[02] = 50.938
XP ego[04] partner[03] = 38.438
XP ego[04] partner[04] = 41.875
Evaluating partner group 3: method=sp, prefix=checkpoints/eval_pools/sp
LOADED: checkpoints/eval_pools/sp/cramped_room5x5/baseline_seed_0_step_220.msgpack
LOADED: checkpoints/eval_pools/sp/cramped_room5x5/baseline_seed_1_step_220.msgpack
LOADED: checkpoints/eval_pools/sp/cramped_room5x5/baseline_seed_2_step_220.msgpack
LOADED: checkpoints/eval_pools/sp/cramped_room5x5/baseline_seed_3_step_220.msgpack
LOADED: checkpoints/eval_pools/sp/cramped_room5x5/baseline_seed_4_step_220.msgpack
Using XP rollout scale: XP_PAIR_BATCH_SIZE=32, EVAL_NUM_EPISODES=128, EVAL_NUM_STEPS=400
XP ego[00] partner[00] = 222.812
XP ego[00] partner[01] = 231.719
XP ego[00] partner[02] = 230.312
XP ego[00] partner[03] = 238.438
XP ego[00] partner[04] = 193.906
XP ego[01] partner[00] = 201.094
XP ego[01] partner[01] = 184.688
XP ego[01] partner[02] = 224.375
XP ego[01] partner[03] = 138.438
XP ego[01] partner[04] = 220.000
XP ego[02] partner[00] = 204.375
XP ego[02] partner[01] = 152.812
XP ego[02] partner[02] = 234.688
XP ego[02] partner[03] = 222.188
XP ego[02] partner[04] = 210.625
XP ego[03] partner[00] = 208.750
XP ego[03] partner[01] = 187.188
XP ego[03] partner[02] = 146.562
XP ego[03] partner[03] = 230.469
XP ego[03] partner[04] = 207.969
XP ego[04] partner[00] = 222.656
XP ego[04] partner[01] = 153.281
XP ego[04] partner[02] = 220.312
XP ego[04] partner[03] = 234.531
XP ego[04] partner[04] = 202.969
Average ego-vs-partner performance: 192.777 +- 4.976 SE over 100 ordered pairs
Average diagonal performance: 214.812 +- 12.982 SE over 5 pairs
Average off-diagonal performance (only for square pools): nan +- nan SE over 0 ordered pairs
Saved ad-hoc teamplay results to ad_hoc_teamplay_results/lmpred_ablate_ad_hoc_teamplay/cramped_room5x5
Saved ad-hoc teamplay heatmap to ad_hoc_teamplay_results/lmpred_ablate_ad_hoc_teamplay/cramped_room5x5/xp_matrix.png
Evaluating partner alignment group 0: method=e3t, prefix=checkpoints/eval_pools/e3t
LOADED: checkpoints/eval_pools/e3t/cramped_room5x5/baseline_seed_0_step_220.msgpack
LOADED: checkpoints/eval_pools/e3t/cramped_room5x5/baseline_seed_1_step_220.msgpack
LOADED: checkpoints/eval_pools/e3t/cramped_room5x5/baseline_seed_2_step_220.msgpack
LOADED: checkpoints/eval_pools/e3t/cramped_room5x5/baseline_seed_3_step_220.msgpack
LOADED: checkpoints/eval_pools/e3t/cramped_room5x5/baseline_seed_4_step_220.msgpack
Using alignment rollout scale: ALIGN_PAIR_BATCH_SIZE=2, ALIGN_EVAL_NUM_EPISODES=128, ALIGN_EVAL_NUM_STEPS=400
ALIGN ego[00] partner[00] R2=0.950209 NMSE=0.049791 shuffled_R2=-0.017002
ALIGN ego[00] partner[01] R2=0.964278 NMSE=0.035722 shuffled_R2=-0.021609
ALIGN ego[00] partner[02] R2=0.948913 NMSE=0.051087 shuffled_R2=-0.013980
ALIGN ego[00] partner[03] R2=0.799277 NMSE=0.200723 shuffled_R2=-0.062937
ALIGN ego[00] partner[04] R2=0.954814 NMSE=0.045186 shuffled_R2=-0.019043
ALIGN ego[01] partner[00] R2=0.933612 NMSE=0.066388 shuffled_R2=-0.022999
ALIGN ego[01] partner[01] R2=0.966661 NMSE=0.033339 shuffled_R2=-0.018031
ALIGN ego[01] partner[02] R2=0.944619 NMSE=0.055381 shuffled_R2=-0.020123
ALIGN ego[01] partner[03] R2=0.957780 NMSE=0.042220 shuffled_R2=-0.014462
ALIGN ego[01] partner[04] R2=0.969328 NMSE=0.030672 shuffled_R2=-0.019277
ALIGN ego[02] partner[00] R2=0.856881 NMSE=0.143119 shuffled_R2=-0.027136
ALIGN ego[02] partner[01] R2=0.950506 NMSE=0.049494 shuffled_R2=-0.017186
ALIGN ego[02] partner[02] R2=0.935319 NMSE=0.064681 shuffled_R2=-0.018244
ALIGN ego[02] partner[03] R2=0.841401 NMSE=0.158599 shuffled_R2=-0.050947
ALIGN ego[02] partner[04] R2=0.841527 NMSE=0.158473 shuffled_R2=-0.056019
ALIGN ego[03] partner[00] R2=0.948659 NMSE=0.051341 shuffled_R2=-0.016289
ALIGN ego[03] partner[01] R2=0.956770 NMSE=0.043230 shuffled_R2=-0.019620
ALIGN ego[03] partner[02] R2=0.963150 NMSE=0.036850 shuffled_R2=-0.013219
ALIGN ego[03] partner[03] R2=0.778399 NMSE=0.221601 shuffled_R2=-0.116112
ALIGN ego[03] partner[04] R2=0.931874 NMSE=0.068126 shuffled_R2=-0.026984
ALIGN ego[04] partner[00] R2=0.944073 NMSE=0.055927 shuffled_R2=-0.017077
ALIGN ego[04] partner[01] R2=0.967337 NMSE=0.032663 shuffled_R2=-0.018731
ALIGN ego[04] partner[02] R2=0.952281 NMSE=0.047719 shuffled_R2=-0.017668
ALIGN ego[04] partner[03] R2=0.946232 NMSE=0.053768 shuffled_R2=-0.020599
ALIGN ego[04] partner[04] R2=0.959912 NMSE=0.040088 shuffled_R2=-0.015050
Evaluating partner alignment group 1: method=mep_br, prefix=checkpoints/eval_pools/mep_br
LOADED: checkpoints/eval_pools/mep_br/cramped_room5x5/baseline_seed_0_step_220.msgpack
LOADED: checkpoints/eval_pools/mep_br/cramped_room5x5/baseline_seed_1_step_220.msgpack
LOADED: checkpoints/eval_pools/mep_br/cramped_room5x5/baseline_seed_2_step_220.msgpack
LOADED: checkpoints/eval_pools/mep_br/cramped_room5x5/baseline_seed_3_step_220.msgpack
LOADED: checkpoints/eval_pools/mep_br/cramped_room5x5/baseline_seed_4_step_220.msgpack
Using alignment rollout scale: ALIGN_PAIR_BATCH_SIZE=2, ALIGN_EVAL_NUM_EPISODES=128, ALIGN_EVAL_NUM_STEPS=400
ALIGN ego[00] partner[00] R2=0.884336 NMSE=0.115664 shuffled_R2=-0.024522
ALIGN ego[00] partner[01] R2=0.920412 NMSE=0.079588 shuffled_R2=-0.028134
ALIGN ego[00] partner[02] R2=0.948675 NMSE=0.051325 shuffled_R2=-0.015449
ALIGN ego[00] partner[03] R2=0.910086 NMSE=0.089914 shuffled_R2=-0.028726
ALIGN ego[00] partner[04] R2=0.933061 NMSE=0.066939 shuffled_R2=-0.015964
ALIGN ego[01] partner[00] R2=0.903001 NMSE=0.096999 shuffled_R2=-0.034222
ALIGN ego[01] partner[01] R2=0.948972 NMSE=0.051028 shuffled_R2=-0.016732
ALIGN ego[01] partner[02] R2=0.938977 NMSE=0.061023 shuffled_R2=-0.015274
ALIGN ego[01] partner[03] R2=0.950583 NMSE=0.049417 shuffled_R2=-0.024037
ALIGN ego[01] partner[04] R2=0.952006 NMSE=0.047994 shuffled_R2=-0.015722
ALIGN ego[02] partner[00] R2=0.877469 NMSE=0.122531 shuffled_R2=-0.024198
ALIGN ego[02] partner[01] R2=0.871675 NMSE=0.128325 shuffled_R2=-0.034428
ALIGN ego[02] partner[02] R2=0.920980 NMSE=0.079020 shuffled_R2=-0.016831
ALIGN ego[02] partner[03] R2=0.934792 NMSE=0.065208 shuffled_R2=-0.021494
ALIGN ego[02] partner[04] R2=0.935440 NMSE=0.064560 shuffled_R2=-0.017707
ALIGN ego[03] partner[00] R2=0.836720 NMSE=0.163280 shuffled_R2=-0.034079
ALIGN ego[03] partner[01] R2=0.951010 NMSE=0.048990 shuffled_R2=-0.015551
ALIGN ego[03] partner[02] R2=0.953005 NMSE=0.046995 shuffled_R2=-0.015963
ALIGN ego[03] partner[03] R2=0.953047 NMSE=0.046953 shuffled_R2=-0.018597
ALIGN ego[03] partner[04] R2=0.949901 NMSE=0.050099 shuffled_R2=-0.019336
ALIGN ego[04] partner[00] R2=0.936858 NMSE=0.063142 shuffled_R2=-0.017068
ALIGN ego[04] partner[01] R2=0.946753 NMSE=0.053247 shuffled_R2=-0.017484
ALIGN ego[04] partner[02] R2=0.938702 NMSE=0.061298 shuffled_R2=-0.014178
ALIGN ego[04] partner[03] R2=0.944934 NMSE=0.055066 shuffled_R2=-0.017302
ALIGN ego[04] partner[04] R2=0.904509 NMSE=0.095491 shuffled_R2=-0.024267
Evaluating partner alignment group 2: method=pbt, prefix=checkpoints/eval_pools/pbt
LOADED: checkpoints/eval_pools/pbt/cramped_room5x5/baseline_seed_0_step_62.msgpack
LOADED: checkpoints/eval_pools/pbt/cramped_room5x5/baseline_seed_1_step_62.msgpack
LOADED: checkpoints/eval_pools/pbt/cramped_room5x5/baseline_seed_2_step_62.msgpack
LOADED: checkpoints/eval_pools/pbt/cramped_room5x5/baseline_seed_3_step_62.msgpack
LOADED: checkpoints/eval_pools/pbt/cramped_room5x5/baseline_seed_4_step_62.msgpack
Using alignment rollout scale: ALIGN_PAIR_BATCH_SIZE=2, ALIGN_EVAL_NUM_EPISODES=128, ALIGN_EVAL_NUM_STEPS=400
ALIGN ego[00] partner[00] R2=0.879170 NMSE=0.120830 shuffled_R2=-0.017701
ALIGN ego[00] partner[01] R2=0.606124 NMSE=0.393876 shuffled_R2=-0.074625
ALIGN ego[00] partner[02] R2=0.887333 NMSE=0.112667 shuffled_R2=-0.016045
ALIGN ego[00] partner[03] R2=0.894297 NMSE=0.105703 shuffled_R2=-0.015071
ALIGN ego[00] partner[04] R2=0.839581 NMSE=0.160419 shuffled_R2=-0.026071
ALIGN ego[01] partner[00] R2=0.914694 NMSE=0.085306 shuffled_R2=-0.015481
ALIGN ego[01] partner[01] R2=0.774766 NMSE=0.225234 shuffled_R2=-0.059981
ALIGN ego[01] partner[02] R2=0.883038 NMSE=0.116962 shuffled_R2=-0.015306
ALIGN ego[01] partner[03] R2=0.874822 NMSE=0.125178 shuffled_R2=-0.016509
ALIGN ego[01] partner[04] R2=0.884599 NMSE=0.115401 shuffled_R2=-0.022070
ALIGN ego[02] partner[00] R2=0.878113 NMSE=0.121887 shuffled_R2=-0.016137
ALIGN ego[02] partner[01] R2=0.839892 NMSE=0.160108 shuffled_R2=-0.014606
ALIGN ego[02] partner[02] R2=0.829017 NMSE=0.170983 shuffled_R2=-0.014371
ALIGN ego[02] partner[03] R2=0.854135 NMSE=0.145865 shuffled_R2=-0.018947
ALIGN ego[02] partner[04] R2=0.860398 NMSE=0.139602 shuffled_R2=-0.017099
ALIGN ego[03] partner[00] R2=0.865462 NMSE=0.134538 shuffled_R2=-0.016677
ALIGN ego[03] partner[01] R2=0.863314 NMSE=0.136686 shuffled_R2=-0.015783
ALIGN ego[03] partner[02] R2=0.667218 NMSE=0.332782 shuffled_R2=-0.061033
ALIGN ego[03] partner[03] R2=0.867558 NMSE=0.132442 shuffled_R2=-0.016346
ALIGN ego[03] partner[04] R2=0.864392 NMSE=0.135608 shuffled_R2=-0.015196
ALIGN ego[04] partner[00] R2=0.881911 NMSE=0.118089 shuffled_R2=-0.017611
ALIGN ego[04] partner[01] R2=0.841737 NMSE=0.158263 shuffled_R2=-0.021657
ALIGN ego[04] partner[02] R2=0.882400 NMSE=0.117600 shuffled_R2=-0.017363
ALIGN ego[04] partner[03] R2=0.850133 NMSE=0.149867 shuffled_R2=-0.028095
ALIGN ego[04] partner[04] R2=0.862036 NMSE=0.137964 shuffled_R2=-0.015731
Evaluating partner alignment group 3: method=sp, prefix=checkpoints/eval_pools/sp
LOADED: checkpoints/eval_pools/sp/cramped_room5x5/baseline_seed_0_step_220.msgpack
LOADED: checkpoints/eval_pools/sp/cramped_room5x5/baseline_seed_1_step_220.msgpack
LOADED: checkpoints/eval_pools/sp/cramped_room5x5/baseline_seed_2_step_220.msgpack
LOADED: checkpoints/eval_pools/sp/cramped_room5x5/baseline_seed_3_step_220.msgpack
LOADED: checkpoints/eval_pools/sp/cramped_room5x5/baseline_seed_4_step_220.msgpack
Using alignment rollout scale: ALIGN_PAIR_BATCH_SIZE=2, ALIGN_EVAL_NUM_EPISODES=128, ALIGN_EVAL_NUM_STEPS=400
ALIGN ego[00] partner[00] R2=0.924415 NMSE=0.075585 shuffled_R2=-0.024010
ALIGN ego[00] partner[01] R2=0.964950 NMSE=0.035050 shuffled_R2=-0.015886
ALIGN ego[00] partner[02] R2=0.938786 NMSE=0.061214 shuffled_R2=-0.031207
ALIGN ego[00] partner[03] R2=0.882304 NMSE=0.117696 shuffled_R2=-0.051290
ALIGN ego[00] partner[04] R2=0.962415 NMSE=0.037585 shuffled_R2=-0.016741
ALIGN ego[01] partner[00] R2=0.943966 NMSE=0.056034 shuffled_R2=-0.016915
ALIGN ego[01] partner[01] R2=0.961240 NMSE=0.038760 shuffled_R2=-0.014748
ALIGN ego[01] partner[02] R2=0.963548 NMSE=0.036452 shuffled_R2=-0.018602
ALIGN ego[01] partner[03] R2=0.941038 NMSE=0.058962 shuffled_R2=-0.022562
ALIGN ego[01] partner[04] R2=0.961146 NMSE=0.038854 shuffled_R2=-0.017680
ALIGN ego[02] partner[00] R2=0.877342 NMSE=0.122658 shuffled_R2=-0.032543
ALIGN ego[02] partner[01] R2=0.939405 NMSE=0.060595 shuffled_R2=-0.021044
ALIGN ego[02] partner[02] R2=0.952165 NMSE=0.047835 shuffled_R2=-0.016781
ALIGN ego[02] partner[03] R2=0.951368 NMSE=0.048632 shuffled_R2=-0.014900
ALIGN ego[02] partner[04] R2=0.954072 NMSE=0.045928 shuffled_R2=-0.016802
ALIGN ego[03] partner[00] R2=0.924934 NMSE=0.075066 shuffled_R2=-0.021302
ALIGN ego[03] partner[01] R2=0.880643 NMSE=0.119357 shuffled_R2=-0.036567
ALIGN ego[03] partner[02] R2=0.963757 NMSE=0.036243 shuffled_R2=-0.019582
ALIGN ego[03] partner[03] R2=0.952513 NMSE=0.047487 shuffled_R2=-0.017580
ALIGN ego[03] partner[04] R2=0.956167 NMSE=0.043833 shuffled_R2=-0.019174
ALIGN ego[04] partner[00] R2=0.944258 NMSE=0.055742 shuffled_R2=-0.017463
ALIGN ego[04] partner[01] R2=0.958291 NMSE=0.041709 shuffled_R2=-0.017086
ALIGN ego[04] partner[02] R2=0.951392 NMSE=0.048608 shuffled_R2=-0.021787
ALIGN ego[04] partner[03] R2=0.952223 NMSE=0.047777 shuffled_R2=-0.015077
ALIGN ego[04] partner[04] R2=0.935720 NMSE=0.064280 shuffled_R2=-0.018825
Average ego-to-partner alignment R2: 0.909939 +- 0.006087 SE over 100 ego-partner pairs
Average alignment normalized MSE: 0.090061 +- 0.006087 SE
Average shuffled-control alignment R2: -0.023293 +- 0.001490 SE
Saved alignment results to ad_hoc_teamplay_results/lmpred_ablate_ad_hoc_teamplay/cramped_room5x5
Evaluating ad-hoc teamplay for ego_method=lmpredlow, layout=counter_circuit
ego_prefix=checkpoints/lmpredlow/, partner_pool_specs=e3t:checkpoints/eval_pools/e3t;mep_br:checkpoints/eval_pools/mep_br;pbt:checkpoints/eval_pools/pbt;sp:checkpoints/eval_pools/sp, result_name=lmpredlow_ad_hoc_teamplay, ego_perspective_transform=true
Importing submoduled environments...
Submoduled environments not found. Skipping import.
2026-07-03 02:31:17.061910: W external/xla/xla/service/gpu/autotuning/dot_search_space.cc:200] All configs were filtered out because none of them sufficiently match the hints. Maybe the hints set does not contain a good representative set of valid configs?Working around this by using the full hints set instead.
2026-07-03 02:31:18.059651: W external/xla/xla/service/gpu/autotuning/dot_search_space.cc:200] All configs were filtered out because none of them sufficiently match the hints. Maybe the hints set does not contain a good representative set of valid configs?Working around this by using the full hints set instead.
LOADED: checkpoints/lmpredlow/counter_circuit/baseline_seed_0_step_380.msgpack
LOADED: checkpoints/lmpredlow/counter_circuit/baseline_seed_1_step_380.msgpack
LOADED: checkpoints/lmpredlow/counter_circuit/baseline_seed_2_step_380.msgpack
LOADED: checkpoints/lmpredlow/counter_circuit/baseline_seed_3_step_380.msgpack
LOADED: checkpoints/lmpredlow/counter_circuit/baseline_seed_4_step_380.msgpack
Evaluating partner group 0: method=e3t, prefix=checkpoints/eval_pools/e3t
LOADED: checkpoints/eval_pools/e3t/counter_circuit/baseline_seed_0_step_220.msgpack
LOADED: checkpoints/eval_pools/e3t/counter_circuit/baseline_seed_1_step_220.msgpack
LOADED: checkpoints/eval_pools/e3t/counter_circuit/baseline_seed_2_step_220.msgpack
LOADED: checkpoints/eval_pools/e3t/counter_circuit/baseline_seed_3_step_220.msgpack
LOADED: checkpoints/eval_pools/e3t/counter_circuit/baseline_seed_4_step_220.msgpack
Using XP rollout scale: XP_PAIR_BATCH_SIZE=32, EVAL_NUM_EPISODES=128, EVAL_NUM_STEPS=400
XP ego[00] partner[00] = 170.938
XP ego[00] partner[01] = 117.188
XP ego[00] partner[02] = 131.875
XP ego[00] partner[03] = 6.875
XP ego[00] partner[04] = 121.406
XP ego[01] partner[00] = 170.938
XP ego[01] partner[01] = 125.781
XP ego[01] partner[02] = 114.531
XP ego[01] partner[03] = 14.062
XP ego[01] partner[04] = 142.344
XP ego[02] partner[00] = 178.906
XP ego[02] partner[01] = 146.094
XP ego[02] partner[02] = 122.656
XP ego[02] partner[03] = 18.906
XP ego[02] partner[04] = 127.188
XP ego[03] partner[00] = 132.188
XP ego[03] partner[01] = 130.156
XP ego[03] partner[02] = 92.188
XP ego[03] partner[03] = 25.000
XP ego[03] partner[04] = 94.375
XP ego[04] partner[00] = 170.469
XP ego[04] partner[01] = 95.625
XP ego[04] partner[02] = 102.031
XP ego[04] partner[03] = 25.469
XP ego[04] partner[04] = 84.219
Evaluating partner group 1: method=mep_br, prefix=checkpoints/eval_pools/mep_br
LOADED: checkpoints/eval_pools/mep_br/counter_circuit/baseline_seed_0_step_380.msgpack
LOADED: checkpoints/eval_pools/mep_br/counter_circuit/baseline_seed_1_step_380.msgpack
LOADED: checkpoints/eval_pools/mep_br/counter_circuit/baseline_seed_2_step_380.msgpack
LOADED: checkpoints/eval_pools/mep_br/counter_circuit/baseline_seed_3_step_380.msgpack
LOADED: checkpoints/eval_pools/mep_br/counter_circuit/baseline_seed_4_step_380.msgpack
Using XP rollout scale: XP_PAIR_BATCH_SIZE=32, EVAL_NUM_EPISODES=128, EVAL_NUM_STEPS=400
XP ego[00] partner[00] = 232.500
XP ego[00] partner[01] = 226.250
XP ego[00] partner[02] = 256.094
XP ego[00] partner[03] = 250.625
XP ego[00] partner[04] = 220.625
XP ego[01] partner[00] = 236.094
XP ego[01] partner[01] = 239.531
XP ego[01] partner[02] = 235.000
XP ego[01] partner[03] = 247.656
XP ego[01] partner[04] = 226.406
XP ego[02] partner[00] = 201.406
XP ego[02] partner[01] = 193.281
XP ego[02] partner[02] = 213.906
XP ego[02] partner[03] = 213.594
XP ego[02] partner[04] = 200.625
XP ego[03] partner[00] = 167.969
XP ego[03] partner[01] = 160.469
XP ego[03] partner[02] = 166.250
XP ego[03] partner[03] = 159.375
XP ego[03] partner[04] = 150.469
XP ego[04] partner[00] = 230.312
XP ego[04] partner[01] = 208.281
XP ego[04] partner[02] = 240.625
XP ego[04] partner[03] = 232.812
XP ego[04] partner[04] = 180.156
Evaluating partner group 2: method=pbt, prefix=checkpoints/eval_pools/pbt
LOADED: checkpoints/eval_pools/pbt/counter_circuit/baseline_seed_0_step_62.msgpack
LOADED: checkpoints/eval_pools/pbt/counter_circuit/baseline_seed_1_step_62.msgpack
LOADED: checkpoints/eval_pools/pbt/counter_circuit/baseline_seed_2_step_62.msgpack
LOADED: checkpoints/eval_pools/pbt/counter_circuit/baseline_seed_3_step_62.msgpack
LOADED: checkpoints/eval_pools/pbt/counter_circuit/baseline_seed_4_step_62.msgpack
Using XP rollout scale: XP_PAIR_BATCH_SIZE=32, EVAL_NUM_EPISODES=128, EVAL_NUM_STEPS=400
XP ego[00] partner[00] = 201.875
XP ego[00] partner[01] = 201.094
XP ego[00] partner[02] = 191.875
XP ego[00] partner[03] = 174.062
XP ego[00] partner[04] = 210.156
XP ego[01] partner[00] = 195.312
XP ego[01] partner[01] = 193.594
XP ego[01] partner[02] = 186.094
XP ego[01] partner[03] = 190.781
XP ego[01] partner[04] = 193.281
XP ego[02] partner[00] = 204.375
XP ego[02] partner[01] = 204.844
XP ego[02] partner[02] = 197.500
XP ego[02] partner[03] = 209.688
XP ego[02] partner[04] = 213.125
XP ego[03] partner[00] = 163.594
XP ego[03] partner[01] = 110.781
XP ego[03] partner[02] = 130.625
XP ego[03] partner[03] = 133.125
XP ego[03] partner[04] = 101.250
XP ego[04] partner[00] = 199.531
XP ego[04] partner[01] = 201.094
XP ego[04] partner[02] = 186.406
XP ego[04] partner[03] = 201.562
XP ego[04] partner[04] = 198.438
Evaluating partner group 3: method=sp, prefix=checkpoints/eval_pools/sp
LOADED: checkpoints/eval_pools/sp/counter_circuit/baseline_seed_0_step_380.msgpack
LOADED: checkpoints/eval_pools/sp/counter_circuit/baseline_seed_1_step_380.msgpack
LOADED: checkpoints/eval_pools/sp/counter_circuit/baseline_seed_2_step_380.msgpack
LOADED: checkpoints/eval_pools/sp/counter_circuit/baseline_seed_3_step_380.msgpack
LOADED: checkpoints/eval_pools/sp/counter_circuit/baseline_seed_4_step_380.msgpack
Using XP rollout scale: XP_PAIR_BATCH_SIZE=32, EVAL_NUM_EPISODES=128, EVAL_NUM_STEPS=400
XP ego[00] partner[00] = 158.750
XP ego[00] partner[01] = 160.156
XP ego[00] partner[02] = 186.875
XP ego[00] partner[03] = 250.156
XP ego[00] partner[04] = 181.562
XP ego[01] partner[00] = 170.312
XP ego[01] partner[01] = 163.438
XP ego[01] partner[02] = 191.562
XP ego[01] partner[03] = 88.125
XP ego[01] partner[04] = 179.688
XP ego[02] partner[00] = 159.062
XP ego[02] partner[01] = 146.250
XP ego[02] partner[02] = 195.938
XP ego[02] partner[03] = 186.719
XP ego[02] partner[04] = 198.125
XP ego[03] partner[00] = 150.938
XP ego[03] partner[01] = 119.688
XP ego[03] partner[02] = 150.156
XP ego[03] partner[03] = 162.188
XP ego[03] partner[04] = 147.656
XP ego[04] partner[00] = 160.156
XP ego[04] partner[01] = 183.750
XP ego[04] partner[02] = 166.250
XP ego[04] partner[03] = 240.938
XP ego[04] partner[04] = 178.125
Average ego-vs-partner performance: 168.223 +- 5.377 SE over 100 ordered pairs
Average diagonal performance: 105.719 +- 24.414 SE over 5 pairs
Average off-diagonal performance (only for square pools): nan +- nan SE over 0 ordered pairs
Saved ad-hoc teamplay results to ad_hoc_teamplay_results/lmpredlow_ad_hoc_teamplay/counter_circuit
Saved ad-hoc teamplay heatmap to ad_hoc_teamplay_results/lmpredlow_ad_hoc_teamplay/counter_circuit/xp_matrix.png
Evaluating partner alignment group 0: method=e3t, prefix=checkpoints/eval_pools/e3t
LOADED: checkpoints/eval_pools/e3t/counter_circuit/baseline_seed_0_step_220.msgpack
LOADED: checkpoints/eval_pools/e3t/counter_circuit/baseline_seed_1_step_220.msgpack
LOADED: checkpoints/eval_pools/e3t/counter_circuit/baseline_seed_2_step_220.msgpack
LOADED: checkpoints/eval_pools/e3t/counter_circuit/baseline_seed_3_step_220.msgpack
LOADED: checkpoints/eval_pools/e3t/counter_circuit/baseline_seed_4_step_220.msgpack
Using alignment rollout scale: ALIGN_PAIR_BATCH_SIZE=2, ALIGN_EVAL_NUM_EPISODES=128, ALIGN_EVAL_NUM_STEPS=400
ALIGN ego[00] partner[00] R2=0.794363 NMSE=0.205637 shuffled_R2=-0.017230
ALIGN ego[00] partner[01] R2=0.817573 NMSE=0.182427 shuffled_R2=-0.020479
ALIGN ego[00] partner[02] R2=0.763975 NMSE=0.236025 shuffled_R2=-0.022127
ALIGN ego[00] partner[03] R2=0.850380 NMSE=0.149620 shuffled_R2=-0.026472
ALIGN ego[00] partner[04] R2=0.729493 NMSE=0.270507 shuffled_R2=-0.029758
ALIGN ego[01] partner[00] R2=0.789729 NMSE=0.210271 shuffled_R2=-0.018751
ALIGN ego[01] partner[01] R2=0.813080 NMSE=0.186920 shuffled_R2=-0.017062
ALIGN ego[01] partner[02] R2=0.809462 NMSE=0.190538 shuffled_R2=-0.020148
ALIGN ego[01] partner[03] R2=0.746849 NMSE=0.253151 shuffled_R2=-0.050042
ALIGN ego[01] partner[04] R2=0.822355 NMSE=0.177645 shuffled_R2=-0.016800
ALIGN ego[02] partner[00] R2=0.773127 NMSE=0.226873 shuffled_R2=-0.014517
ALIGN ego[02] partner[01] R2=0.744822 NMSE=0.255178 shuffled_R2=-0.027319
ALIGN ego[02] partner[02] R2=0.716125 NMSE=0.283875 shuffled_R2=-0.019848
ALIGN ego[02] partner[03] R2=0.857561 NMSE=0.142439 shuffled_R2=-0.019507
ALIGN ego[02] partner[04] R2=0.764186 NMSE=0.235814 shuffled_R2=-0.018274
ALIGN ego[03] partner[00] R2=0.776495 NMSE=0.223505 shuffled_R2=-0.014337
ALIGN ego[03] partner[01] R2=0.748294 NMSE=0.251706 shuffled_R2=-0.018457
ALIGN ego[03] partner[02] R2=0.739034 NMSE=0.260966 shuffled_R2=-0.017824
ALIGN ego[03] partner[03] R2=0.799130 NMSE=0.200870 shuffled_R2=-0.029210
ALIGN ego[03] partner[04] R2=0.823257 NMSE=0.176743 shuffled_R2=-0.018474
ALIGN ego[04] partner[00] R2=0.731680 NMSE=0.268320 shuffled_R2=-0.021721
ALIGN ego[04] partner[01] R2=0.852460 NMSE=0.147540 shuffled_R2=-0.015597
ALIGN ego[04] partner[02] R2=0.818674 NMSE=0.181326 shuffled_R2=-0.019204
ALIGN ego[04] partner[03] R2=0.867021 NMSE=0.132979 shuffled_R2=-0.015769
ALIGN ego[04] partner[04] R2=0.801970 NMSE=0.198030 shuffled_R2=-0.016391
Evaluating partner alignment group 1: method=mep_br, prefix=checkpoints/eval_pools/mep_br
LOADED: checkpoints/eval_pools/mep_br/counter_circuit/baseline_seed_0_step_380.msgpack
LOADED: checkpoints/eval_pools/mep_br/counter_circuit/baseline_seed_1_step_380.msgpack
LOADED: checkpoints/eval_pools/mep_br/counter_circuit/baseline_seed_2_step_380.msgpack
LOADED: checkpoints/eval_pools/mep_br/counter_circuit/baseline_seed_3_step_380.msgpack
LOADED: checkpoints/eval_pools/mep_br/counter_circuit/baseline_seed_4_step_380.msgpack
Using alignment rollout scale: ALIGN_PAIR_BATCH_SIZE=2, ALIGN_EVAL_NUM_EPISODES=128, ALIGN_EVAL_NUM_STEPS=400
ALIGN ego[00] partner[00] R2=0.902503 NMSE=0.097497 shuffled_R2=-0.016889
ALIGN ego[00] partner[01] R2=0.883998 NMSE=0.116002 shuffled_R2=-0.016403
ALIGN ego[00] partner[02] R2=0.890882 NMSE=0.109118 shuffled_R2=-0.016830
ALIGN ego[00] partner[03] R2=0.766685 NMSE=0.233315 shuffled_R2=-0.030490
ALIGN ego[00] partner[04] R2=0.846156 NMSE=0.153844 shuffled_R2=-0.018233
ALIGN ego[01] partner[00] R2=0.877985 NMSE=0.122015 shuffled_R2=-0.016901
ALIGN ego[01] partner[01] R2=0.872040 NMSE=0.127960 shuffled_R2=-0.017029
ALIGN ego[01] partner[02] R2=0.881666 NMSE=0.118334 shuffled_R2=-0.015179
ALIGN ego[01] partner[03] R2=0.887924 NMSE=0.112076 shuffled_R2=-0.015112
ALIGN ego[01] partner[04] R2=0.815157 NMSE=0.184843 shuffled_R2=-0.017775
ALIGN ego[02] partner[00] R2=0.784089 NMSE=0.215911 shuffled_R2=-0.016367
ALIGN ego[02] partner[01] R2=0.791264 NMSE=0.208736 shuffled_R2=-0.017777
ALIGN ego[02] partner[02] R2=0.842667 NMSE=0.157333 shuffled_R2=-0.015066
ALIGN ego[02] partner[03] R2=0.801158 NMSE=0.198842 shuffled_R2=-0.015978
ALIGN ego[02] partner[04] R2=0.661254 NMSE=0.338746 shuffled_R2=-0.022388
ALIGN ego[03] partner[00] R2=0.805604 NMSE=0.194396 shuffled_R2=-0.015305
ALIGN ego[03] partner[01] R2=0.808799 NMSE=0.191201 shuffled_R2=-0.018186
ALIGN ego[03] partner[02] R2=0.865221 NMSE=0.134779 shuffled_R2=-0.013751
ALIGN ego[03] partner[03] R2=0.822124 NMSE=0.177876 shuffled_R2=-0.015997
ALIGN ego[03] partner[04] R2=0.784728 NMSE=0.215272 shuffled_R2=-0.015811
ALIGN ego[04] partner[00] R2=0.886195 NMSE=0.113805 shuffled_R2=-0.016887
ALIGN ego[04] partner[01] R2=0.889484 NMSE=0.110516 shuffled_R2=-0.013274
ALIGN ego[04] partner[02] R2=0.885014 NMSE=0.114986 shuffled_R2=-0.014806
ALIGN ego[04] partner[03] R2=0.860327 NMSE=0.139673 shuffled_R2=-0.016269
ALIGN ego[04] partner[04] R2=0.874195 NMSE=0.125805 shuffled_R2=-0.015600
Evaluating partner alignment group 2: method=pbt, prefix=checkpoints/eval_pools/pbt
LOADED: checkpoints/eval_pools/pbt/counter_circuit/baseline_seed_0_step_62.msgpack
LOADED: checkpoints/eval_pools/pbt/counter_circuit/baseline_seed_1_step_62.msgpack
LOADED: checkpoints/eval_pools/pbt/counter_circuit/baseline_seed_2_step_62.msgpack
LOADED: checkpoints/eval_pools/pbt/counter_circuit/baseline_seed_3_step_62.msgpack
LOADED: checkpoints/eval_pools/pbt/counter_circuit/baseline_seed_4_step_62.msgpack
Using alignment rollout scale: ALIGN_PAIR_BATCH_SIZE=2, ALIGN_EVAL_NUM_EPISODES=128, ALIGN_EVAL_NUM_STEPS=400
ALIGN ego[00] partner[00] R2=0.769281 NMSE=0.230719 shuffled_R2=-0.015845
ALIGN ego[00] partner[01] R2=0.777994 NMSE=0.222006 shuffled_R2=-0.015422
ALIGN ego[00] partner[02] R2=0.768661 NMSE=0.231339 shuffled_R2=-0.019589
ALIGN ego[00] partner[03] R2=0.786774 NMSE=0.213226 shuffled_R2=-0.017672
ALIGN ego[00] partner[04] R2=0.775881 NMSE=0.224119 shuffled_R2=-0.018443
ALIGN ego[01] partner[00] R2=0.753171 NMSE=0.246829 shuffled_R2=-0.015405
ALIGN ego[01] partner[01] R2=0.749848 NMSE=0.250152 shuffled_R2=-0.015595
ALIGN ego[01] partner[02] R2=0.716737 NMSE=0.283263 shuffled_R2=-0.016351
ALIGN ego[01] partner[03] R2=0.735569 NMSE=0.264431 shuffled_R2=-0.016390
ALIGN ego[01] partner[04] R2=0.759315 NMSE=0.240685 shuffled_R2=-0.015775
ALIGN ego[02] partner[00] R2=0.798184 NMSE=0.201816 shuffled_R2=-0.017922
ALIGN ego[02] partner[01] R2=0.801666 NMSE=0.198334 shuffled_R2=-0.014350
ALIGN ego[02] partner[02] R2=0.812269 NMSE=0.187731 shuffled_R2=-0.015027
ALIGN ego[02] partner[03] R2=0.780753 NMSE=0.219247 shuffled_R2=-0.018167
ALIGN ego[02] partner[04] R2=0.806370 NMSE=0.193630 shuffled_R2=-0.014687
ALIGN ego[03] partner[00] R2=0.760665 NMSE=0.239335 shuffled_R2=-0.018012
ALIGN ego[03] partner[01] R2=0.822456 NMSE=0.177544 shuffled_R2=-0.020323
ALIGN ego[03] partner[02] R2=0.738104 NMSE=0.261896 shuffled_R2=-0.026592
ALIGN ego[03] partner[03] R2=0.773428 NMSE=0.226572 shuffled_R2=-0.015905
ALIGN ego[03] partner[04] R2=0.843783 NMSE=0.156217 shuffled_R2=-0.015844
ALIGN ego[04] partner[00] R2=0.792088 NMSE=0.207912 shuffled_R2=-0.015834
ALIGN ego[04] partner[01] R2=0.775324 NMSE=0.224676 shuffled_R2=-0.017377
ALIGN ego[04] partner[02] R2=0.775144 NMSE=0.224856 shuffled_R2=-0.015733
ALIGN ego[04] partner[03] R2=0.827033 NMSE=0.172967 shuffled_R2=-0.015801
ALIGN ego[04] partner[04] R2=0.789755 NMSE=0.210245 shuffled_R2=-0.013609
Evaluating partner alignment group 3: method=sp, prefix=checkpoints/eval_pools/sp
LOADED: checkpoints/eval_pools/sp/counter_circuit/baseline_seed_0_step_380.msgpack
LOADED: checkpoints/eval_pools/sp/counter_circuit/baseline_seed_1_step_380.msgpack
LOADED: checkpoints/eval_pools/sp/counter_circuit/baseline_seed_2_step_380.msgpack
LOADED: checkpoints/eval_pools/sp/counter_circuit/baseline_seed_3_step_380.msgpack
LOADED: checkpoints/eval_pools/sp/counter_circuit/baseline_seed_4_step_380.msgpack
Using alignment rollout scale: ALIGN_PAIR_BATCH_SIZE=2, ALIGN_EVAL_NUM_EPISODES=128, ALIGN_EVAL_NUM_STEPS=400
ALIGN ego[00] partner[00] R2=0.869947 NMSE=0.130053 shuffled_R2=-0.015699
ALIGN ego[00] partner[01] R2=0.886858 NMSE=0.113142 shuffled_R2=-0.015127
ALIGN ego[00] partner[02] R2=0.842012 NMSE=0.157988 shuffled_R2=-0.015772
ALIGN ego[00] partner[03] R2=0.824104 NMSE=0.175896 shuffled_R2=-0.023533
ALIGN ego[00] partner[04] R2=0.837390 NMSE=0.162610 shuffled_R2=-0.015876
ALIGN ego[01] partner[00] R2=0.805359 NMSE=0.194641 shuffled_R2=-0.019626
ALIGN ego[01] partner[01] R2=0.845171 NMSE=0.154829 shuffled_R2=-0.018725
ALIGN ego[01] partner[02] R2=0.810352 NMSE=0.189648 shuffled_R2=-0.018092
ALIGN ego[01] partner[03] R2=0.861519 NMSE=0.138481 shuffled_R2=-0.025650
ALIGN ego[01] partner[04] R2=0.788359 NMSE=0.211641 shuffled_R2=-0.021201
ALIGN ego[02] partner[00] R2=0.852134 NMSE=0.147866 shuffled_R2=-0.016468
ALIGN ego[02] partner[01] R2=0.901040 NMSE=0.098960 shuffled_R2=-0.017082
ALIGN ego[02] partner[02] R2=0.824362 NMSE=0.175638 shuffled_R2=-0.016650
ALIGN ego[02] partner[03] R2=0.810588 NMSE=0.189412 shuffled_R2=-0.017412
ALIGN ego[02] partner[04] R2=0.823308 NMSE=0.176692 shuffled_R2=-0.016129
ALIGN ego[03] partner[00] R2=0.866436 NMSE=0.133564 shuffled_R2=-0.016106
ALIGN ego[03] partner[01] R2=0.850568 NMSE=0.149432 shuffled_R2=-0.016363
ALIGN ego[03] partner[02] R2=0.842869 NMSE=0.157131 shuffled_R2=-0.014721
ALIGN ego[03] partner[03] R2=0.787777 NMSE=0.212223 shuffled_R2=-0.015979
ALIGN ego[03] partner[04] R2=0.834769 NMSE=0.165231 shuffled_R2=-0.019311
ALIGN ego[04] partner[00] R2=0.878348 NMSE=0.121652 shuffled_R2=-0.018020
ALIGN ego[04] partner[01] R2=0.885953 NMSE=0.114047 shuffled_R2=-0.015387
ALIGN ego[04] partner[02] R2=0.861968 NMSE=0.138032 shuffled_R2=-0.015427
ALIGN ego[04] partner[03] R2=0.901885 NMSE=0.098115 shuffled_R2=-0.016906
ALIGN ego[04] partner[04] R2=0.855091 NMSE=0.144909 shuffled_R2=-0.014350
Average ego-to-partner alignment R2: 0.813766 +- 0.005040 SE over 100 ego-partner pairs
Average alignment normalized MSE: 0.186234 +- 0.005040 SE
Average shuffled-control alignment R2: -0.018069 +- 0.000472 SE
Saved alignment results to ad_hoc_teamplay_results/lmpredlow_ad_hoc_teamplay/counter_circuit
Evaluating ad-hoc teamplay for ego_method=lmpredlow, layout=coord_ring
ego_prefix=checkpoints/lmpredlow/, partner_pool_specs=e3t:checkpoints/eval_pools/e3t;mep_br:checkpoints/eval_pools/mep_br;pbt:checkpoints/eval_pools/pbt;sp:checkpoints/eval_pools/sp, result_name=lmpredlow_ad_hoc_teamplay, ego_perspective_transform=true
Importing submoduled environments...
Submoduled environments not found. Skipping import.
2026-07-03 02:34:53.521639: W external/xla/xla/service/gpu/autotuning/dot_search_space.cc:200] All configs were filtered out because none of them sufficiently match the hints. Maybe the hints set does not contain a good representative set of valid configs?Working around this by using the full hints set instead.
2026-07-03 02:34:54.637242: W external/xla/xla/service/gpu/autotuning/dot_search_space.cc:200] All configs were filtered out because none of them sufficiently match the hints. Maybe the hints set does not contain a good representative set of valid configs?Working around this by using the full hints set instead.
LOADED: checkpoints/lmpredlow/coord_ring/baseline_seed_0_step_220.msgpack
LOADED: checkpoints/lmpredlow/coord_ring/baseline_seed_1_step_220.msgpack
LOADED: checkpoints/lmpredlow/coord_ring/baseline_seed_2_step_220.msgpack
LOADED: checkpoints/lmpredlow/coord_ring/baseline_seed_3_step_220.msgpack
LOADED: checkpoints/lmpredlow/coord_ring/baseline_seed_4_step_220.msgpack
Evaluating partner group 0: method=e3t, prefix=checkpoints/eval_pools/e3t
LOADED: checkpoints/eval_pools/e3t/coord_ring/baseline_seed_0_step_220.msgpack
LOADED: checkpoints/eval_pools/e3t/coord_ring/baseline_seed_1_step_220.msgpack
LOADED: checkpoints/eval_pools/e3t/coord_ring/baseline_seed_2_step_220.msgpack
LOADED: checkpoints/eval_pools/e3t/coord_ring/baseline_seed_3_step_220.msgpack
LOADED: checkpoints/eval_pools/e3t/coord_ring/baseline_seed_4_step_220.msgpack
Using XP rollout scale: XP_PAIR_BATCH_SIZE=32, EVAL_NUM_EPISODES=128, EVAL_NUM_STEPS=400
XP ego[00] partner[00] = 274.062
XP ego[00] partner[01] = 286.094
XP ego[00] partner[02] = 52.344
XP ego[00] partner[03] = 275.156
XP ego[00] partner[04] = 282.656
XP ego[01] partner[00] = 217.344
XP ego[01] partner[01] = 240.469
XP ego[01] partner[02] = 72.969
XP ego[01] partner[03] = 210.000
XP ego[01] partner[04] = 235.625
XP ego[02] partner[00] = 224.219
XP ego[02] partner[01] = 262.344
XP ego[02] partner[02] = 18.594
XP ego[02] partner[03] = 238.594
XP ego[02] partner[04] = 248.750
XP ego[03] partner[00] = 243.281
XP ego[03] partner[01] = 277.812
XP ego[03] partner[02] = 22.188
XP ego[03] partner[03] = 241.250
XP ego[03] partner[04] = 211.562
XP ego[04] partner[00] = 239.688
XP ego[04] partner[01] = 279.844
XP ego[04] partner[02] = 36.875
XP ego[04] partner[03] = 280.312
XP ego[04] partner[04] = 279.062
Evaluating partner group 1: method=mep_br, prefix=checkpoints/eval_pools/mep_br
LOADED: checkpoints/eval_pools/mep_br/coord_ring/baseline_seed_0_step_220.msgpack
LOADED: checkpoints/eval_pools/mep_br/coord_ring/baseline_seed_1_step_220.msgpack
LOADED: checkpoints/eval_pools/mep_br/coord_ring/baseline_seed_2_step_220.msgpack
LOADED: checkpoints/eval_pools/mep_br/coord_ring/baseline_seed_3_step_220.msgpack
LOADED: checkpoints/eval_pools/mep_br/coord_ring/baseline_seed_4_step_220.msgpack
Using XP rollout scale: XP_PAIR_BATCH_SIZE=32, EVAL_NUM_EPISODES=128, EVAL_NUM_STEPS=400
XP ego[00] partner[00] = 236.094
XP ego[00] partner[01] = 270.000
XP ego[00] partner[02] = 293.281
XP ego[00] partner[03] = 173.281
XP ego[00] partner[04] = 262.656
XP ego[01] partner[00] = 201.562
XP ego[01] partner[01] = 258.438
XP ego[01] partner[02] = 258.750
XP ego[01] partner[03] = 217.031
XP ego[01] partner[04] = 242.188
XP ego[02] partner[00] = 227.500
XP ego[02] partner[01] = 278.438
XP ego[02] partner[02] = 275.000
XP ego[02] partner[03] = 182.344
XP ego[02] partner[04] = 223.906
XP ego[03] partner[00] = 266.250
XP ego[03] partner[01] = 283.750
XP ego[03] partner[02] = 261.250
XP ego[03] partner[03] = 151.250
XP ego[03] partner[04] = 276.406
XP ego[04] partner[00] = 252.500
XP ego[04] partner[01] = 288.906
XP ego[04] partner[02] = 245.625
XP ego[04] partner[03] = 190.938
XP ego[04] partner[04] = 249.844
Evaluating partner group 2: method=pbt, prefix=checkpoints/eval_pools/pbt
LOADED: checkpoints/eval_pools/pbt/coord_ring/baseline_seed_0_step_62.msgpack
LOADED: checkpoints/eval_pools/pbt/coord_ring/baseline_seed_1_step_62.msgpack
LOADED: checkpoints/eval_pools/pbt/coord_ring/baseline_seed_2_step_62.msgpack
LOADED: checkpoints/eval_pools/pbt/coord_ring/baseline_seed_3_step_62.msgpack
LOADED: checkpoints/eval_pools/pbt/coord_ring/baseline_seed_4_step_62.msgpack
Using XP rollout scale: XP_PAIR_BATCH_SIZE=32, EVAL_NUM_EPISODES=128, EVAL_NUM_STEPS=400
XP ego[00] partner[00] = 298.750
XP ego[00] partner[01] = 259.844
XP ego[00] partner[02] = 290.000
XP ego[00] partner[03] = 247.500
XP ego[00] partner[04] = 299.531
XP ego[01] partner[00] = 235.781
XP ego[01] partner[01] = 127.031
XP ego[01] partner[02] = 208.906
XP ego[01] partner[03] = 218.281
XP ego[01] partner[04] = 190.469
XP ego[02] partner[00] = 247.031
XP ego[02] partner[01] = 251.094
XP ego[02] partner[02] = 270.312
XP ego[02] partner[03] = 230.938
XP ego[02] partner[04] = 258.438
XP ego[03] partner[00] = 273.594
XP ego[03] partner[01] = 265.938
XP ego[03] partner[02] = 287.656
XP ego[03] partner[03] = 273.594
XP ego[03] partner[04] = 297.344
XP ego[04] partner[00] = 291.719
XP ego[04] partner[01] = 255.469
XP ego[04] partner[02] = 225.312
XP ego[04] partner[03] = 244.531
XP ego[04] partner[04] = 259.375
Evaluating partner group 3: method=sp, prefix=checkpoints/eval_pools/sp
LOADED: checkpoints/eval_pools/sp/coord_ring/baseline_seed_0_step_220.msgpack
LOADED: checkpoints/eval_pools/sp/coord_ring/baseline_seed_1_step_220.msgpack
LOADED: checkpoints/eval_pools/sp/coord_ring/baseline_seed_2_step_220.msgpack
LOADED: checkpoints/eval_pools/sp/coord_ring/baseline_seed_3_step_220.msgpack
LOADED: checkpoints/eval_pools/sp/coord_ring/baseline_seed_4_step_220.msgpack
Using XP rollout scale: XP_PAIR_BATCH_SIZE=32, EVAL_NUM_EPISODES=128, EVAL_NUM_STEPS=400
XP ego[00] partner[00] = 293.281
XP ego[00] partner[01] = 292.812
XP ego[00] partner[02] = 276.875
XP ego[00] partner[03] = 278.750
XP ego[00] partner[04] = 294.219
XP ego[01] partner[00] = 183.281
XP ego[01] partner[01] = 192.969
XP ego[01] partner[02] = 180.781
XP ego[01] partner[03] = 180.938
XP ego[01] partner[04] = 219.062
XP ego[02] partner[00] = 270.781
XP ego[02] partner[01] = 249.844
XP ego[02] partner[02] = 260.312
XP ego[02] partner[03] = 261.094
XP ego[02] partner[04] = 267.812
XP ego[03] partner[00] = 285.625
XP ego[03] partner[01] = 233.438
XP ego[03] partner[02] = 278.594
XP ego[03] partner[03] = 241.250
XP ego[03] partner[04] = 194.219
XP ego[04] partner[00] = 286.250
XP ego[04] partner[01] = 275.000
XP ego[04] partner[02] = 223.125
XP ego[04] partner[03] = 278.281
XP ego[04] partner[04] = 253.750
Average ego-vs-partner performance: 238.791 +- 5.770 SE over 100 ordered pairs
Average diagonal performance: 210.688 +- 48.689 SE over 5 pairs
Average off-diagonal performance (only for square pools): nan +- nan SE over 0 ordered pairs
Saved ad-hoc teamplay results to ad_hoc_teamplay_results/lmpredlow_ad_hoc_teamplay/coord_ring
Saved ad-hoc teamplay heatmap to ad_hoc_teamplay_results/lmpredlow_ad_hoc_teamplay/coord_ring/xp_matrix.png
Evaluating partner alignment group 0: method=e3t, prefix=checkpoints/eval_pools/e3t
LOADED: checkpoints/eval_pools/e3t/coord_ring/baseline_seed_0_step_220.msgpack
LOADED: checkpoints/eval_pools/e3t/coord_ring/baseline_seed_1_step_220.msgpack
LOADED: checkpoints/eval_pools/e3t/coord_ring/baseline_seed_2_step_220.msgpack
LOADED: checkpoints/eval_pools/e3t/coord_ring/baseline_seed_3_step_220.msgpack
LOADED: checkpoints/eval_pools/e3t/coord_ring/baseline_seed_4_step_220.msgpack
Using alignment rollout scale: ALIGN_PAIR_BATCH_SIZE=2, ALIGN_EVAL_NUM_EPISODES=128, ALIGN_EVAL_NUM_STEPS=400
ALIGN ego[00] partner[00] R2=0.861831 NMSE=0.138169 shuffled_R2=-0.020927
ALIGN ego[00] partner[01] R2=0.882256 NMSE=0.117744 shuffled_R2=-0.017427
ALIGN ego[00] partner[02] R2=0.910088 NMSE=0.089912 shuffled_R2=-0.021680
ALIGN ego[00] partner[03] R2=0.900026 NMSE=0.099974 shuffled_R2=-0.016604
ALIGN ego[00] partner[04] R2=0.903748 NMSE=0.096252 shuffled_R2=-0.013920
ALIGN ego[01] partner[00] R2=0.855166 NMSE=0.144834 shuffled_R2=-0.017940
ALIGN ego[01] partner[01] R2=0.832218 NMSE=0.167782 shuffled_R2=-0.024023
ALIGN ego[01] partner[02] R2=0.916295 NMSE=0.083705 shuffled_R2=-0.029265
ALIGN ego[01] partner[03] R2=0.861608 NMSE=0.138392 shuffled_R2=-0.017527
ALIGN ego[01] partner[04] R2=0.841487 NMSE=0.158513 shuffled_R2=-0.022017
ALIGN ego[02] partner[00] R2=0.889024 NMSE=0.110976 shuffled_R2=-0.021774
ALIGN ego[02] partner[01] R2=0.889988 NMSE=0.110012 shuffled_R2=-0.015006
ALIGN ego[02] partner[02] R2=0.927086 NMSE=0.072914 shuffled_R2=-0.020584
ALIGN ego[02] partner[03] R2=0.883631 NMSE=0.116369 shuffled_R2=-0.013061
ALIGN ego[02] partner[04] R2=0.882308 NMSE=0.117692 shuffled_R2=-0.015025
ALIGN ego[03] partner[00] R2=0.905996 NMSE=0.094004 shuffled_R2=-0.017289
ALIGN ego[03] partner[01] R2=0.878976 NMSE=0.121024 shuffled_R2=-0.014772
ALIGN ego[03] partner[02] R2=0.739825 NMSE=0.260175 shuffled_R2=-0.094395
ALIGN ego[03] partner[03] R2=0.902222 NMSE=0.097778 shuffled_R2=-0.015536
ALIGN ego[03] partner[04] R2=0.903641 NMSE=0.096359 shuffled_R2=-0.014342
ALIGN ego[04] partner[00] R2=0.895838 NMSE=0.104162 shuffled_R2=-0.016263
ALIGN ego[04] partner[01] R2=0.868441 NMSE=0.131559 shuffled_R2=-0.017054
ALIGN ego[04] partner[02] R2=0.941433 NMSE=0.058567 shuffled_R2=-0.020526
ALIGN ego[04] partner[03] R2=0.871841 NMSE=0.128159 shuffled_R2=-0.017414
ALIGN ego[04] partner[04] R2=0.882636 NMSE=0.117364 shuffled_R2=-0.015872
Evaluating partner alignment group 1: method=mep_br, prefix=checkpoints/eval_pools/mep_br
LOADED: checkpoints/eval_pools/mep_br/coord_ring/baseline_seed_0_step_220.msgpack
LOADED: checkpoints/eval_pools/mep_br/coord_ring/baseline_seed_1_step_220.msgpack
LOADED: checkpoints/eval_pools/mep_br/coord_ring/baseline_seed_2_step_220.msgpack
LOADED: checkpoints/eval_pools/mep_br/coord_ring/baseline_seed_3_step_220.msgpack
LOADED: checkpoints/eval_pools/mep_br/coord_ring/baseline_seed_4_step_220.msgpack
Using alignment rollout scale: ALIGN_PAIR_BATCH_SIZE=2, ALIGN_EVAL_NUM_EPISODES=128, ALIGN_EVAL_NUM_STEPS=400
ALIGN ego[00] partner[00] R2=0.875612 NMSE=0.124388 shuffled_R2=-0.018966
ALIGN ego[00] partner[01] R2=0.920372 NMSE=0.079628 shuffled_R2=-0.014444
ALIGN ego[00] partner[02] R2=0.877414 NMSE=0.122586 shuffled_R2=-0.021079
ALIGN ego[00] partner[03] R2=0.929469 NMSE=0.070531 shuffled_R2=-0.019869
ALIGN ego[00] partner[04] R2=0.931844 NMSE=0.068156 shuffled_R2=-0.015860
ALIGN ego[01] partner[00] R2=0.828881 NMSE=0.171119 shuffled_R2=-0.020065
ALIGN ego[01] partner[01] R2=0.759754 NMSE=0.240246 shuffled_R2=-0.043638
ALIGN ego[01] partner[02] R2=0.769079 NMSE=0.230921 shuffled_R2=-0.029966
ALIGN ego[01] partner[03] R2=0.864370 NMSE=0.135630 shuffled_R2=-0.024081
ALIGN ego[01] partner[04] R2=0.825135 NMSE=0.174865 shuffled_R2=-0.023554
ALIGN ego[02] partner[00] R2=0.894747 NMSE=0.105253 shuffled_R2=-0.018300
ALIGN ego[02] partner[01] R2=0.902769 NMSE=0.097231 shuffled_R2=-0.017227
ALIGN ego[02] partner[02] R2=0.890529 NMSE=0.109471 shuffled_R2=-0.016623
ALIGN ego[02] partner[03] R2=0.847373 NMSE=0.152627 shuffled_R2=-0.051079
ALIGN ego[02] partner[04] R2=0.932136 NMSE=0.067864 shuffled_R2=-0.014970
ALIGN ego[03] partner[00] R2=0.927935 NMSE=0.072065 shuffled_R2=-0.013596
ALIGN ego[03] partner[01] R2=0.889403 NMSE=0.110597 shuffled_R2=-0.021369
ALIGN ego[03] partner[02] R2=0.858878 NMSE=0.141122 shuffled_R2=-0.021004
ALIGN ego[03] partner[03] R2=0.944200 NMSE=0.055800 shuffled_R2=-0.020594
ALIGN ego[03] partner[04] R2=0.849295 NMSE=0.150705 shuffled_R2=-0.026372
ALIGN ego[04] partner[00] R2=0.920746 NMSE=0.079254 shuffled_R2=-0.017270
ALIGN ego[04] partner[01] R2=0.889952 NMSE=0.110048 shuffled_R2=-0.016494
ALIGN ego[04] partner[02] R2=0.904800 NMSE=0.095200 shuffled_R2=-0.015797
ALIGN ego[04] partner[03] R2=0.951237 NMSE=0.048763 shuffled_R2=-0.014250
ALIGN ego[04] partner[04] R2=0.878931 NMSE=0.121069 shuffled_R2=-0.021060
Evaluating partner alignment group 2: method=pbt, prefix=checkpoints/eval_pools/pbt
LOADED: checkpoints/eval_pools/pbt/coord_ring/baseline_seed_0_step_62.msgpack
LOADED: checkpoints/eval_pools/pbt/coord_ring/baseline_seed_1_step_62.msgpack
LOADED: checkpoints/eval_pools/pbt/coord_ring/baseline_seed_2_step_62.msgpack
LOADED: checkpoints/eval_pools/pbt/coord_ring/baseline_seed_3_step_62.msgpack
LOADED: checkpoints/eval_pools/pbt/coord_ring/baseline_seed_4_step_62.msgpack
Using alignment rollout scale: ALIGN_PAIR_BATCH_SIZE=2, ALIGN_EVAL_NUM_EPISODES=128, ALIGN_EVAL_NUM_STEPS=400
ALIGN ego[00] partner[00] R2=0.845888 NMSE=0.154112 shuffled_R2=-0.015850
ALIGN ego[00] partner[01] R2=0.857337 NMSE=0.142663 shuffled_R2=-0.015069
ALIGN ego[00] partner[02] R2=0.789722 NMSE=0.210278 shuffled_R2=-0.022502
ALIGN ego[00] partner[03] R2=0.856350 NMSE=0.143650 shuffled_R2=-0.015451
ALIGN ego[00] partner[04] R2=0.779005 NMSE=0.220995 shuffled_R2=-0.016646
ALIGN ego[01] partner[00] R2=0.597783 NMSE=0.402217 shuffled_R2=-0.031983
ALIGN ego[01] partner[01] R2=0.763152 NMSE=0.236848 shuffled_R2=-0.014586
ALIGN ego[01] partner[02] R2=0.544948 NMSE=0.455052 shuffled_R2=-0.057067
ALIGN ego[01] partner[03] R2=0.641101 NMSE=0.358899 shuffled_R2=-0.030319
ALIGN ego[01] partner[04] R2=0.778009 NMSE=0.221991 shuffled_R2=-0.015951
ALIGN ego[02] partner[00] R2=0.775894 NMSE=0.224106 shuffled_R2=-0.014840
ALIGN ego[02] partner[01] R2=0.800299 NMSE=0.199701 shuffled_R2=-0.014555
ALIGN ego[02] partner[02] R2=0.772217 NMSE=0.227783 shuffled_R2=-0.016124
ALIGN ego[02] partner[03] R2=0.781232 NMSE=0.218768 shuffled_R2=-0.018697
ALIGN ego[02] partner[04] R2=0.783860 NMSE=0.216140 shuffled_R2=-0.015587
ALIGN ego[03] partner[00] R2=0.824657 NMSE=0.175343 shuffled_R2=-0.017592
ALIGN ego[03] partner[01] R2=0.842254 NMSE=0.157746 shuffled_R2=-0.014986
ALIGN ego[03] partner[02] R2=0.831697 NMSE=0.168303 shuffled_R2=-0.013079
ALIGN ego[03] partner[03] R2=0.825907 NMSE=0.174093 shuffled_R2=-0.018848
ALIGN ego[03] partner[04] R2=0.767670 NMSE=0.232330 shuffled_R2=-0.019448
ALIGN ego[04] partner[00] R2=0.852971 NMSE=0.147029 shuffled_R2=-0.014626
ALIGN ego[04] partner[01] R2=0.828465 NMSE=0.171535 shuffled_R2=-0.016655
ALIGN ego[04] partner[02] R2=0.805181 NMSE=0.194819 shuffled_R2=-0.017355
ALIGN ego[04] partner[03] R2=0.782938 NMSE=0.217062 shuffled_R2=-0.018994
ALIGN ego[04] partner[04] R2=0.675877 NMSE=0.324123 shuffled_R2=-0.047380
Evaluating partner alignment group 3: method=sp, prefix=checkpoints/eval_pools/sp
LOADED: checkpoints/eval_pools/sp/coord_ring/baseline_seed_0_step_220.msgpack
LOADED: checkpoints/eval_pools/sp/coord_ring/baseline_seed_1_step_220.msgpack
LOADED: checkpoints/eval_pools/sp/coord_ring/baseline_seed_2_step_220.msgpack
LOADED: checkpoints/eval_pools/sp/coord_ring/baseline_seed_3_step_220.msgpack
LOADED: checkpoints/eval_pools/sp/coord_ring/baseline_seed_4_step_220.msgpack
Using alignment rollout scale: ALIGN_PAIR_BATCH_SIZE=2, ALIGN_EVAL_NUM_EPISODES=128, ALIGN_EVAL_NUM_STEPS=400
ALIGN ego[00] partner[00] R2=0.908437 NMSE=0.091563 shuffled_R2=-0.015549
ALIGN ego[00] partner[01] R2=0.874356 NMSE=0.125644 shuffled_R2=-0.022497
ALIGN ego[00] partner[02] R2=0.901392 NMSE=0.098608 shuffled_R2=-0.017745
ALIGN ego[00] partner[03] R2=0.907072 NMSE=0.092928 shuffled_R2=-0.016386
ALIGN ego[00] partner[04] R2=0.928090 NMSE=0.071910 shuffled_R2=-0.015442
ALIGN ego[01] partner[00] R2=0.797410 NMSE=0.202590 shuffled_R2=-0.020538
ALIGN ego[01] partner[01] R2=0.791346 NMSE=0.208654 shuffled_R2=-0.021936
ALIGN ego[01] partner[02] R2=0.781745 NMSE=0.218255 shuffled_R2=-0.025196
ALIGN ego[01] partner[03] R2=0.815722 NMSE=0.184278 shuffled_R2=-0.038086
ALIGN ego[01] partner[04] R2=0.864245 NMSE=0.135755 shuffled_R2=-0.016871
ALIGN ego[02] partner[00] R2=0.931586 NMSE=0.068414 shuffled_R2=-0.013508
ALIGN ego[02] partner[01] R2=0.920388 NMSE=0.079612 shuffled_R2=-0.015749
ALIGN ego[02] partner[02] R2=0.845017 NMSE=0.154983 shuffled_R2=-0.023251
ALIGN ego[02] partner[03] R2=0.897193 NMSE=0.102807 shuffled_R2=-0.017286
ALIGN ego[02] partner[04] R2=0.910398 NMSE=0.089602 shuffled_R2=-0.017557
ALIGN ego[03] partner[00] R2=0.903809 NMSE=0.096191 shuffled_R2=-0.014589
ALIGN ego[03] partner[01] R2=0.934673 NMSE=0.065327 shuffled_R2=-0.015140
ALIGN ego[03] partner[02] R2=0.918929 NMSE=0.081071 shuffled_R2=-0.016835
ALIGN ego[03] partner[03] R2=0.934203 NMSE=0.065797 shuffled_R2=-0.014448
ALIGN ego[03] partner[04] R2=0.955350 NMSE=0.044650 shuffled_R2=-0.015492
ALIGN ego[04] partner[00] R2=0.913081 NMSE=0.086919 shuffled_R2=-0.017785
ALIGN ego[04] partner[01] R2=0.911130 NMSE=0.088870 shuffled_R2=-0.016203
ALIGN ego[04] partner[02] R2=0.878879 NMSE=0.121121 shuffled_R2=-0.016561
ALIGN ego[04] partner[03] R2=0.793741 NMSE=0.206259 shuffled_R2=-0.024675
ALIGN ego[04] partner[04] R2=0.943113 NMSE=0.056887 shuffled_R2=-0.016266
Average ego-to-partner alignment R2: 0.856582 +- 0.007328 SE over 100 ego-partner pairs
Average alignment normalized MSE: 0.143418 +- 0.007328 SE
Average shuffled-control alignment R2: -0.020476 +- 0.001066 SE
Saved alignment results to ad_hoc_teamplay_results/lmpredlow_ad_hoc_teamplay/coord_ring
Evaluating ad-hoc teamplay for ego_method=lmpredlow, layout=cramped_room5x5
ego_prefix=checkpoints/lmpredlow/, partner_pool_specs=e3t:checkpoints/eval_pools/e3t;mep_br:checkpoints/eval_pools/mep_br;pbt:checkpoints/eval_pools/pbt;sp:checkpoints/eval_pools/sp, result_name=lmpredlow_ad_hoc_teamplay, ego_perspective_transform=true
Importing submoduled environments...
Submoduled environments not found. Skipping import.
2026-07-03 02:38:27.186604: W external/xla/xla/service/gpu/autotuning/dot_search_space.cc:200] All configs were filtered out because none of them sufficiently match the hints. Maybe the hints set does not contain a good representative set of valid configs?Working around this by using the full hints set instead.
2026-07-03 02:38:28.237320: W external/xla/xla/service/gpu/autotuning/dot_search_space.cc:200] All configs were filtered out because none of them sufficiently match the hints. Maybe the hints set does not contain a good representative set of valid configs?Working around this by using the full hints set instead.
LOADED: checkpoints/lmpredlow/cramped_room5x5/baseline_seed_0_step_220.msgpack
LOADED: checkpoints/lmpredlow/cramped_room5x5/baseline_seed_1_step_220.msgpack
LOADED: checkpoints/lmpredlow/cramped_room5x5/baseline_seed_2_step_220.msgpack
LOADED: checkpoints/lmpredlow/cramped_room5x5/baseline_seed_3_step_220.msgpack
LOADED: checkpoints/lmpredlow/cramped_room5x5/baseline_seed_4_step_220.msgpack
Evaluating partner group 0: method=e3t, prefix=checkpoints/eval_pools/e3t
LOADED: checkpoints/eval_pools/e3t/cramped_room5x5/baseline_seed_0_step_220.msgpack
LOADED: checkpoints/eval_pools/e3t/cramped_room5x5/baseline_seed_1_step_220.msgpack
LOADED: checkpoints/eval_pools/e3t/cramped_room5x5/baseline_seed_2_step_220.msgpack
LOADED: checkpoints/eval_pools/e3t/cramped_room5x5/baseline_seed_3_step_220.msgpack
LOADED: checkpoints/eval_pools/e3t/cramped_room5x5/baseline_seed_4_step_220.msgpack
Using XP rollout scale: XP_PAIR_BATCH_SIZE=32, EVAL_NUM_EPISODES=128, EVAL_NUM_STEPS=400
XP ego[00] partner[00] = 183.281
XP ego[00] partner[01] = 116.094
XP ego[00] partner[02] = 244.062
XP ego[00] partner[03] = 213.438
XP ego[00] partner[04] = 226.406
XP ego[01] partner[00] = 213.594
XP ego[01] partner[01] = 119.219
XP ego[01] partner[02] = 230.312
XP ego[01] partner[03] = 228.281
XP ego[01] partner[04] = 222.656
XP ego[02] partner[00] = 228.750
XP ego[02] partner[01] = 150.469
XP ego[02] partner[02] = 186.719
XP ego[02] partner[03] = 219.688
XP ego[02] partner[04] = 231.250
XP ego[03] partner[00] = 201.562
XP ego[03] partner[01] = 217.969
XP ego[03] partner[02] = 219.375
XP ego[03] partner[03] = 218.125
XP ego[03] partner[04] = 127.188
XP ego[04] partner[00] = 204.844
XP ego[04] partner[01] = 226.719
XP ego[04] partner[02] = 248.438
XP ego[04] partner[03] = 229.844
XP ego[04] partner[04] = 227.500
Evaluating partner group 1: method=mep_br, prefix=checkpoints/eval_pools/mep_br
LOADED: checkpoints/eval_pools/mep_br/cramped_room5x5/baseline_seed_0_step_220.msgpack
LOADED: checkpoints/eval_pools/mep_br/cramped_room5x5/baseline_seed_1_step_220.msgpack
LOADED: checkpoints/eval_pools/mep_br/cramped_room5x5/baseline_seed_2_step_220.msgpack
LOADED: checkpoints/eval_pools/mep_br/cramped_room5x5/baseline_seed_3_step_220.msgpack
LOADED: checkpoints/eval_pools/mep_br/cramped_room5x5/baseline_seed_4_step_220.msgpack
Using XP rollout scale: XP_PAIR_BATCH_SIZE=32, EVAL_NUM_EPISODES=128, EVAL_NUM_STEPS=400
XP ego[00] partner[00] = 121.562
XP ego[00] partner[01] = 223.906
XP ego[00] partner[02] = 198.594
XP ego[00] partner[03] = 164.219
XP ego[00] partner[04] = 235.938
XP ego[01] partner[00] = 207.188
XP ego[01] partner[01] = 198.750
XP ego[01] partner[02] = 131.875
XP ego[01] partner[03] = 184.219
XP ego[01] partner[04] = 210.312
XP ego[02] partner[00] = 169.062
XP ego[02] partner[01] = 223.594
XP ego[02] partner[02] = 117.500
XP ego[02] partner[03] = 222.500
XP ego[02] partner[04] = 160.781
XP ego[03] partner[00] = 225.938
XP ego[03] partner[01] = 232.969
XP ego[03] partner[02] = 224.062
XP ego[03] partner[03] = 230.938
XP ego[03] partner[04] = 224.531
XP ego[04] partner[00] = 153.594
XP ego[04] partner[01] = 200.469
XP ego[04] partner[02] = 188.750
XP ego[04] partner[03] = 221.250
XP ego[04] partner[04] = 210.938
Evaluating partner group 2: method=pbt, prefix=checkpoints/eval_pools/pbt
LOADED: checkpoints/eval_pools/pbt/cramped_room5x5/baseline_seed_0_step_62.msgpack
LOADED: checkpoints/eval_pools/pbt/cramped_room5x5/baseline_seed_1_step_62.msgpack
LOADED: checkpoints/eval_pools/pbt/cramped_room5x5/baseline_seed_2_step_62.msgpack
LOADED: checkpoints/eval_pools/pbt/cramped_room5x5/baseline_seed_3_step_62.msgpack
LOADED: checkpoints/eval_pools/pbt/cramped_room5x5/baseline_seed_4_step_62.msgpack
Using XP rollout scale: XP_PAIR_BATCH_SIZE=32, EVAL_NUM_EPISODES=128, EVAL_NUM_STEPS=400
XP ego[00] partner[00] = 59.062
XP ego[00] partner[01] = 36.094
XP ego[00] partner[02] = 77.188
XP ego[00] partner[03] = 38.281
XP ego[00] partner[04] = 58.750
XP ego[01] partner[00] = 159.844
XP ego[01] partner[01] = 97.500
XP ego[01] partner[02] = 136.406
XP ego[01] partner[03] = 138.906
XP ego[01] partner[04] = 170.625
XP ego[02] partner[00] = 216.562
XP ego[02] partner[01] = 214.062
XP ego[02] partner[02] = 212.969
XP ego[02] partner[03] = 218.125
XP ego[02] partner[04] = 215.469
XP ego[03] partner[00] = 217.344
XP ego[03] partner[01] = 185.781
XP ego[03] partner[02] = 191.250
XP ego[03] partner[03] = 216.875
XP ego[03] partner[04] = 213.281
XP ego[04] partner[00] = 211.562
XP ego[04] partner[01] = 217.656
XP ego[04] partner[02] = 172.656
XP ego[04] partner[03] = 186.250
XP ego[04] partner[04] = 198.750
Evaluating partner group 3: method=sp, prefix=checkpoints/eval_pools/sp
LOADED: checkpoints/eval_pools/sp/cramped_room5x5/baseline_seed_0_step_220.msgpack
LOADED: checkpoints/eval_pools/sp/cramped_room5x5/baseline_seed_1_step_220.msgpack
LOADED: checkpoints/eval_pools/sp/cramped_room5x5/baseline_seed_2_step_220.msgpack
LOADED: checkpoints/eval_pools/sp/cramped_room5x5/baseline_seed_3_step_220.msgpack
LOADED: checkpoints/eval_pools/sp/cramped_room5x5/baseline_seed_4_step_220.msgpack
Using XP rollout scale: XP_PAIR_BATCH_SIZE=32, EVAL_NUM_EPISODES=128, EVAL_NUM_STEPS=400
XP ego[00] partner[00] = 204.062
XP ego[00] partner[01] = 177.500
XP ego[00] partner[02] = 190.312
XP ego[00] partner[03] = 230.156
XP ego[00] partner[04] = 219.688
XP ego[01] partner[00] = 209.844
XP ego[01] partner[01] = 184.844
XP ego[01] partner[02] = 214.688
XP ego[01] partner[03] = 218.906
XP ego[01] partner[04] = 190.312
XP ego[02] partner[00] = 218.438
XP ego[02] partner[01] = 196.719
XP ego[02] partner[02] = 192.344
XP ego[02] partner[03] = 188.438
XP ego[02] partner[04] = 177.812
XP ego[03] partner[00] = 220.469
XP ego[03] partner[01] = 194.844
XP ego[03] partner[02] = 196.406
XP ego[03] partner[03] = 233.125
XP ego[03] partner[04] = 209.062
XP ego[04] partner[00] = 210.469
XP ego[04] partner[01] = 181.250
XP ego[04] partner[02] = 197.344
XP ego[04] partner[03] = 193.594
XP ego[04] partner[04] = 216.250
Average ego-vs-partner performance: 191.473 +- 4.470 SE over 100 ordered pairs
Average diagonal performance: 186.969 +- 18.996 SE over 5 pairs
Average off-diagonal performance (only for square pools): nan +- nan SE over 0 ordered pairs
Saved ad-hoc teamplay results to ad_hoc_teamplay_results/lmpredlow_ad_hoc_teamplay/cramped_room5x5
Saved ad-hoc teamplay heatmap to ad_hoc_teamplay_results/lmpredlow_ad_hoc_teamplay/cramped_room5x5/xp_matrix.png
Evaluating partner alignment group 0: method=e3t, prefix=checkpoints/eval_pools/e3t
LOADED: checkpoints/eval_pools/e3t/cramped_room5x5/baseline_seed_0_step_220.msgpack
LOADED: checkpoints/eval_pools/e3t/cramped_room5x5/baseline_seed_1_step_220.msgpack
LOADED: checkpoints/eval_pools/e3t/cramped_room5x5/baseline_seed_2_step_220.msgpack
LOADED: checkpoints/eval_pools/e3t/cramped_room5x5/baseline_seed_3_step_220.msgpack
LOADED: checkpoints/eval_pools/e3t/cramped_room5x5/baseline_seed_4_step_220.msgpack
Using alignment rollout scale: ALIGN_PAIR_BATCH_SIZE=2, ALIGN_EVAL_NUM_EPISODES=128, ALIGN_EVAL_NUM_STEPS=400
ALIGN ego[00] partner[00] R2=0.945933 NMSE=0.054067 shuffled_R2=-0.018727
ALIGN ego[00] partner[01] R2=0.919022 NMSE=0.080978 shuffled_R2=-0.051345
ALIGN ego[00] partner[02] R2=0.916753 NMSE=0.083247 shuffled_R2=-0.035424
ALIGN ego[00] partner[03] R2=0.875672 NMSE=0.124328 shuffled_R2=-0.039961
ALIGN ego[00] partner[04] R2=0.965041 NMSE=0.034959 shuffled_R2=-0.014937
ALIGN ego[01] partner[00] R2=0.944424 NMSE=0.055576 shuffled_R2=-0.017068
ALIGN ego[01] partner[01] R2=0.954982 NMSE=0.045018 shuffled_R2=-0.022606
ALIGN ego[01] partner[02] R2=0.949191 NMSE=0.050809 shuffled_R2=-0.019024
ALIGN ego[01] partner[03] R2=0.953757 NMSE=0.046243 shuffled_R2=-0.013864
ALIGN ego[01] partner[04] R2=0.962257 NMSE=0.037743 shuffled_R2=-0.016735
ALIGN ego[02] partner[00] R2=0.889682 NMSE=0.110318 shuffled_R2=-0.034827
ALIGN ego[02] partner[01] R2=0.956813 NMSE=0.043187 shuffled_R2=-0.020413
ALIGN ego[02] partner[02] R2=0.889754 NMSE=0.110246 shuffled_R2=-0.032916
ALIGN ego[02] partner[03] R2=0.898364 NMSE=0.101636 shuffled_R2=-0.030370
ALIGN ego[02] partner[04] R2=0.961661 NMSE=0.038339 shuffled_R2=-0.017175
ALIGN ego[03] partner[00] R2=0.907744 NMSE=0.092256 shuffled_R2=-0.029584
ALIGN ego[03] partner[01] R2=0.952171 NMSE=0.047829 shuffled_R2=-0.016368
ALIGN ego[03] partner[02] R2=0.958344 NMSE=0.041656 shuffled_R2=-0.015477
ALIGN ego[03] partner[03] R2=0.800366 NMSE=0.199634 shuffled_R2=-0.087669
ALIGN ego[03] partner[04] R2=0.955616 NMSE=0.044384 shuffled_R2=-0.022434
ALIGN ego[04] partner[00] R2=0.951666 NMSE=0.048334 shuffled_R2=-0.016609
ALIGN ego[04] partner[01] R2=0.945894 NMSE=0.054106 shuffled_R2=-0.017358
ALIGN ego[04] partner[02] R2=0.954995 NMSE=0.045005 shuffled_R2=-0.014662
ALIGN ego[04] partner[03] R2=0.926335 NMSE=0.073665 shuffled_R2=-0.014373
ALIGN ego[04] partner[04] R2=0.921520 NMSE=0.078480 shuffled_R2=-0.026112
Evaluating partner alignment group 1: method=mep_br, prefix=checkpoints/eval_pools/mep_br
LOADED: checkpoints/eval_pools/mep_br/cramped_room5x5/baseline_seed_0_step_220.msgpack
LOADED: checkpoints/eval_pools/mep_br/cramped_room5x5/baseline_seed_1_step_220.msgpack
LOADED: checkpoints/eval_pools/mep_br/cramped_room5x5/baseline_seed_2_step_220.msgpack
LOADED: checkpoints/eval_pools/mep_br/cramped_room5x5/baseline_seed_3_step_220.msgpack
LOADED: checkpoints/eval_pools/mep_br/cramped_room5x5/baseline_seed_4_step_220.msgpack
Using alignment rollout scale: ALIGN_PAIR_BATCH_SIZE=2, ALIGN_EVAL_NUM_EPISODES=128, ALIGN_EVAL_NUM_STEPS=400
ALIGN ego[00] partner[00] R2=0.913288 NMSE=0.086712 shuffled_R2=-0.029162
ALIGN ego[00] partner[01] R2=0.964181 NMSE=0.035819 shuffled_R2=-0.019040
ALIGN ego[00] partner[02] R2=0.945942 NMSE=0.054058 shuffled_R2=-0.023561
ALIGN ego[00] partner[03] R2=0.967913 NMSE=0.032087 shuffled_R2=-0.015530
ALIGN ego[00] partner[04] R2=0.969228 NMSE=0.030772 shuffled_R2=-0.015801
ALIGN ego[01] partner[00] R2=0.805298 NMSE=0.194702 shuffled_R2=-0.034177
ALIGN ego[01] partner[01] R2=0.950598 NMSE=0.049402 shuffled_R2=-0.017913
ALIGN ego[01] partner[02] R2=0.930129 NMSE=0.069871 shuffled_R2=-0.015455
ALIGN ego[01] partner[03] R2=0.960982 NMSE=0.039018 shuffled_R2=-0.017105
ALIGN ego[01] partner[04] R2=0.942168 NMSE=0.057832 shuffled_R2=-0.015169
ALIGN ego[02] partner[00] R2=0.854883 NMSE=0.145117 shuffled_R2=-0.026650
ALIGN ego[02] partner[01] R2=0.922911 NMSE=0.077089 shuffled_R2=-0.018911
ALIGN ego[02] partner[02] R2=0.932405 NMSE=0.067595 shuffled_R2=-0.017645
ALIGN ego[02] partner[03] R2=0.952521 NMSE=0.047479 shuffled_R2=-0.014157
ALIGN ego[02] partner[04] R2=0.949437 NMSE=0.050563 shuffled_R2=-0.014871
ALIGN ego[03] partner[00] R2=0.933660 NMSE=0.066340 shuffled_R2=-0.018856
ALIGN ego[03] partner[01] R2=0.941075 NMSE=0.058925 shuffled_R2=-0.016088
ALIGN ego[03] partner[02] R2=0.936555 NMSE=0.063445 shuffled_R2=-0.015167
ALIGN ego[03] partner[03] R2=0.923493 NMSE=0.076507 shuffled_R2=-0.045135
ALIGN ego[03] partner[04] R2=0.956746 NMSE=0.043254 shuffled_R2=-0.015485
ALIGN ego[04] partner[00] R2=0.901513 NMSE=0.098487 shuffled_R2=-0.019525
ALIGN ego[04] partner[01] R2=0.939054 NMSE=0.060946 shuffled_R2=-0.020255
ALIGN ego[04] partner[02] R2=0.929447 NMSE=0.070553 shuffled_R2=-0.016218
ALIGN ego[04] partner[03] R2=0.925721 NMSE=0.074279 shuffled_R2=-0.019714
ALIGN ego[04] partner[04] R2=0.920636 NMSE=0.079364 shuffled_R2=-0.029778
Evaluating partner alignment group 2: method=pbt, prefix=checkpoints/eval_pools/pbt
LOADED: checkpoints/eval_pools/pbt/cramped_room5x5/baseline_seed_0_step_62.msgpack
LOADED: checkpoints/eval_pools/pbt/cramped_room5x5/baseline_seed_1_step_62.msgpack
LOADED: checkpoints/eval_pools/pbt/cramped_room5x5/baseline_seed_2_step_62.msgpack
LOADED: checkpoints/eval_pools/pbt/cramped_room5x5/baseline_seed_3_step_62.msgpack
LOADED: checkpoints/eval_pools/pbt/cramped_room5x5/baseline_seed_4_step_62.msgpack
Using alignment rollout scale: ALIGN_PAIR_BATCH_SIZE=2, ALIGN_EVAL_NUM_EPISODES=128, ALIGN_EVAL_NUM_STEPS=400
ALIGN ego[00] partner[00] R2=0.561212 NMSE=0.438788 shuffled_R2=-0.055070
ALIGN ego[00] partner[01] R2=0.871425 NMSE=0.128575 shuffled_R2=-0.015240
ALIGN ego[00] partner[02] R2=0.880917 NMSE=0.119083 shuffled_R2=-0.014401
ALIGN ego[00] partner[03] R2=0.795404 NMSE=0.204596 shuffled_R2=-0.043399
ALIGN ego[00] partner[04] R2=0.883250 NMSE=0.116750 shuffled_R2=-0.017371
ALIGN ego[01] partner[00] R2=0.899322 NMSE=0.100678 shuffled_R2=-0.015503
ALIGN ego[01] partner[01] R2=0.811225 NMSE=0.188775 shuffled_R2=-0.076089
ALIGN ego[01] partner[02] R2=0.851570 NMSE=0.148430 shuffled_R2=-0.025988
ALIGN ego[01] partner[03] R2=0.881890 NMSE=0.118110 shuffled_R2=-0.023363
ALIGN ego[01] partner[04] R2=0.910762 NMSE=0.089238 shuffled_R2=-0.017039
ALIGN ego[02] partner[00] R2=0.788450 NMSE=0.211550 shuffled_R2=-0.024635
ALIGN ego[02] partner[01] R2=0.860152 NMSE=0.139848 shuffled_R2=-0.017291
ALIGN ego[02] partner[02] R2=0.849406 NMSE=0.150594 shuffled_R2=-0.019317
ALIGN ego[02] partner[03] R2=0.869750 NMSE=0.130250 shuffled_R2=-0.018286
ALIGN ego[02] partner[04] R2=0.876486 NMSE=0.123514 shuffled_R2=-0.018986
ALIGN ego[03] partner[00] R2=0.864583 NMSE=0.135417 shuffled_R2=-0.017379
ALIGN ego[03] partner[01] R2=0.867045 NMSE=0.132955 shuffled_R2=-0.015017
ALIGN ego[03] partner[02] R2=0.830565 NMSE=0.169435 shuffled_R2=-0.031023
ALIGN ego[03] partner[03] R2=0.868003 NMSE=0.131997 shuffled_R2=-0.016315
ALIGN ego[03] partner[04] R2=0.851844 NMSE=0.148156 shuffled_R2=-0.017450
ALIGN ego[04] partner[00] R2=0.818808 NMSE=0.181192 shuffled_R2=-0.035329
ALIGN ego[04] partner[01] R2=0.855746 NMSE=0.144254 shuffled_R2=-0.020020
ALIGN ego[04] partner[02] R2=0.866632 NMSE=0.133368 shuffled_R2=-0.017964
ALIGN ego[04] partner[03] R2=0.812686 NMSE=0.187314 shuffled_R2=-0.055650
ALIGN ego[04] partner[04] R2=0.862631 NMSE=0.137369 shuffled_R2=-0.016437
Evaluating partner alignment group 3: method=sp, prefix=checkpoints/eval_pools/sp
LOADED: checkpoints/eval_pools/sp/cramped_room5x5/baseline_seed_0_step_220.msgpack
LOADED: checkpoints/eval_pools/sp/cramped_room5x5/baseline_seed_1_step_220.msgpack
LOADED: checkpoints/eval_pools/sp/cramped_room5x5/baseline_seed_2_step_220.msgpack
LOADED: checkpoints/eval_pools/sp/cramped_room5x5/baseline_seed_3_step_220.msgpack
LOADED: checkpoints/eval_pools/sp/cramped_room5x5/baseline_seed_4_step_220.msgpack
Using alignment rollout scale: ALIGN_PAIR_BATCH_SIZE=2, ALIGN_EVAL_NUM_EPISODES=128, ALIGN_EVAL_NUM_STEPS=400
ALIGN ego[00] partner[00] R2=0.900261 NMSE=0.099739 shuffled_R2=-0.041034
ALIGN ego[00] partner[01] R2=0.972528 NMSE=0.027472 shuffled_R2=-0.011458
ALIGN ego[00] partner[02] R2=0.954396 NMSE=0.045604 shuffled_R2=-0.027682
ALIGN ego[00] partner[03] R2=0.946399 NMSE=0.053601 shuffled_R2=-0.018438
ALIGN ego[00] partner[04] R2=0.966893 NMSE=0.033107 shuffled_R2=-0.018746
ALIGN ego[01] partner[00] R2=0.852662 NMSE=0.147338 shuffled_R2=-0.047500
ALIGN ego[01] partner[01] R2=0.967661 NMSE=0.032339 shuffled_R2=-0.015605
ALIGN ego[01] partner[02] R2=0.952111 NMSE=0.047889 shuffled_R2=-0.017764
ALIGN ego[01] partner[03] R2=0.954440 NMSE=0.045560 shuffled_R2=-0.019043
ALIGN ego[01] partner[04] R2=0.963623 NMSE=0.036377 shuffled_R2=-0.015472
ALIGN ego[02] partner[00] R2=0.936563 NMSE=0.063437 shuffled_R2=-0.022868
ALIGN ego[02] partner[01] R2=0.955368 NMSE=0.044632 shuffled_R2=-0.020632
ALIGN ego[02] partner[02] R2=0.900320 NMSE=0.099680 shuffled_R2=-0.041793
ALIGN ego[02] partner[03] R2=0.926580 NMSE=0.073420 shuffled_R2=-0.025990
ALIGN ego[02] partner[04] R2=0.944004 NMSE=0.055996 shuffled_R2=-0.020504
ALIGN ego[03] partner[00] R2=0.945117 NMSE=0.054883 shuffled_R2=-0.020945
ALIGN ego[03] partner[01] R2=0.952235 NMSE=0.047765 shuffled_R2=-0.017559
ALIGN ego[03] partner[02] R2=0.958851 NMSE=0.041149 shuffled_R2=-0.017570
ALIGN ego[03] partner[03] R2=0.950553 NMSE=0.049447 shuffled_R2=-0.015974
ALIGN ego[03] partner[04] R2=0.951592 NMSE=0.048408 shuffled_R2=-0.017135
ALIGN ego[04] partner[00] R2=0.933733 NMSE=0.066267 shuffled_R2=-0.018086
ALIGN ego[04] partner[01] R2=0.932699 NMSE=0.067301 shuffled_R2=-0.013541
ALIGN ego[04] partner[02] R2=0.917583 NMSE=0.082417 shuffled_R2=-0.021800
ALIGN ego[04] partner[03] R2=0.943053 NMSE=0.056947 shuffled_R2=-0.017445
ALIGN ego[04] partner[04] R2=0.963887 NMSE=0.036113 shuffled_R2=-0.016411
Average ego-to-partner alignment R2: 0.911606 +- 0.005887 SE over 100 ego-partner pairs
Average alignment normalized MSE: 0.088394 +- 0.005887 SE
Average shuffled-control alignment R2: -0.023430 +- 0.001270 SE
Saved alignment results to ad_hoc_teamplay_results/lmpredlow_ad_hoc_teamplay/cramped_room5x5
Evaluating ad-hoc teamplay for ego_method=lmpredlow_ablate, layout=counter_circuit
ego_prefix=checkpoints/lmpredlow_ablate/, partner_pool_specs=e3t:checkpoints/eval_pools/e3t;mep_br:checkpoints/eval_pools/mep_br;pbt:checkpoints/eval_pools/pbt;sp:checkpoints/eval_pools/sp, result_name=lmpredlow_ablate_ad_hoc_teamplay, ego_perspective_transform=false
Importing submoduled environments...
Submoduled environments not found. Skipping import.
2026-07-03 02:42:01.086757: W external/xla/xla/service/gpu/autotuning/dot_search_space.cc:200] All configs were filtered out because none of them sufficiently match the hints. Maybe the hints set does not contain a good representative set of valid configs?Working around this by using the full hints set instead.
2026-07-03 02:42:02.095430: W external/xla/xla/service/gpu/autotuning/dot_search_space.cc:200] All configs were filtered out because none of them sufficiently match the hints. Maybe the hints set does not contain a good representative set of valid configs?Working around this by using the full hints set instead.
LOADED: checkpoints/lmpredlow_ablate/counter_circuit/baseline_seed_0_step_380.msgpack
LOADED: checkpoints/lmpredlow_ablate/counter_circuit/baseline_seed_1_step_380.msgpack
LOADED: checkpoints/lmpredlow_ablate/counter_circuit/baseline_seed_2_step_380.msgpack
LOADED: checkpoints/lmpredlow_ablate/counter_circuit/baseline_seed_3_step_380.msgpack
LOADED: checkpoints/lmpredlow_ablate/counter_circuit/baseline_seed_4_step_380.msgpack
Evaluating partner group 0: method=e3t, prefix=checkpoints/eval_pools/e3t
LOADED: checkpoints/eval_pools/e3t/counter_circuit/baseline_seed_0_step_220.msgpack
LOADED: checkpoints/eval_pools/e3t/counter_circuit/baseline_seed_1_step_220.msgpack
LOADED: checkpoints/eval_pools/e3t/counter_circuit/baseline_seed_2_step_220.msgpack
LOADED: checkpoints/eval_pools/e3t/counter_circuit/baseline_seed_3_step_220.msgpack
LOADED: checkpoints/eval_pools/e3t/counter_circuit/baseline_seed_4_step_220.msgpack
Using XP rollout scale: XP_PAIR_BATCH_SIZE=32, EVAL_NUM_EPISODES=128, EVAL_NUM_STEPS=400
XP ego[00] partner[00] = 159.844
XP ego[00] partner[01] = 152.031
XP ego[00] partner[02] = 137.344
XP ego[00] partner[03] = 9.219
XP ego[00] partner[04] = 67.031
XP ego[01] partner[00] = 173.125
XP ego[01] partner[01] = 103.750
XP ego[01] partner[02] = 124.531
XP ego[01] partner[03] = 14.375
XP ego[01] partner[04] = 91.719
XP ego[02] partner[00] = 140.938
XP ego[02] partner[01] = 124.531
XP ego[02] partner[02] = 107.969
XP ego[02] partner[03] = 11.250
XP ego[02] partner[04] = 126.250
XP ego[03] partner[00] = 156.250
XP ego[03] partner[01] = 141.250
XP ego[03] partner[02] = 122.344
XP ego[03] partner[03] = 10.625
XP ego[03] partner[04] = 128.125
XP ego[04] partner[00] = 161.406
XP ego[04] partner[01] = 140.781
XP ego[04] partner[02] = 77.812
XP ego[04] partner[03] = 14.062
XP ego[04] partner[04] = 113.438
Evaluating partner group 1: method=mep_br, prefix=checkpoints/eval_pools/mep_br
LOADED: checkpoints/eval_pools/mep_br/counter_circuit/baseline_seed_0_step_380.msgpack
LOADED: checkpoints/eval_pools/mep_br/counter_circuit/baseline_seed_1_step_380.msgpack
LOADED: checkpoints/eval_pools/mep_br/counter_circuit/baseline_seed_2_step_380.msgpack
LOADED: checkpoints/eval_pools/mep_br/counter_circuit/baseline_seed_3_step_380.msgpack
LOADED: checkpoints/eval_pools/mep_br/counter_circuit/baseline_seed_4_step_380.msgpack
Using XP rollout scale: XP_PAIR_BATCH_SIZE=32, EVAL_NUM_EPISODES=128, EVAL_NUM_STEPS=400
XP ego[00] partner[00] = 261.406
XP ego[00] partner[01] = 224.062
XP ego[00] partner[02] = 234.531
XP ego[00] partner[03] = 256.719
XP ego[00] partner[04] = 227.031
XP ego[01] partner[00] = 200.000
XP ego[01] partner[01] = 213.906
XP ego[01] partner[02] = 222.188
XP ego[01] partner[03] = 222.812
XP ego[01] partner[04] = 209.844
XP ego[02] partner[00] = 207.500
XP ego[02] partner[01] = 196.250
XP ego[02] partner[02] = 221.250
XP ego[02] partner[03] = 207.812
XP ego[02] partner[04] = 197.344
XP ego[03] partner[00] = 217.031
XP ego[03] partner[01] = 210.312
XP ego[03] partner[02] = 232.656
XP ego[03] partner[03] = 224.531
XP ego[03] partner[04] = 213.594
XP ego[04] partner[00] = 223.594
XP ego[04] partner[01] = 200.469
XP ego[04] partner[02] = 219.688
XP ego[04] partner[03] = 231.562
XP ego[04] partner[04] = 202.344
Evaluating partner group 2: method=pbt, prefix=checkpoints/eval_pools/pbt
LOADED: checkpoints/eval_pools/pbt/counter_circuit/baseline_seed_0_step_62.msgpack
LOADED: checkpoints/eval_pools/pbt/counter_circuit/baseline_seed_1_step_62.msgpack
LOADED: checkpoints/eval_pools/pbt/counter_circuit/baseline_seed_2_step_62.msgpack
LOADED: checkpoints/eval_pools/pbt/counter_circuit/baseline_seed_3_step_62.msgpack
LOADED: checkpoints/eval_pools/pbt/counter_circuit/baseline_seed_4_step_62.msgpack
Using XP rollout scale: XP_PAIR_BATCH_SIZE=32, EVAL_NUM_EPISODES=128, EVAL_NUM_STEPS=400
XP ego[00] partner[00] = 193.438
XP ego[00] partner[01] = 185.625
XP ego[00] partner[02] = 186.094
XP ego[00] partner[03] = 186.719
XP ego[00] partner[04] = 186.562
XP ego[01] partner[00] = 183.906
XP ego[01] partner[01] = 167.031
XP ego[01] partner[02] = 194.219
XP ego[01] partner[03] = 176.094
XP ego[01] partner[04] = 189.531
XP ego[02] partner[00] = 185.312
XP ego[02] partner[01] = 174.531
XP ego[02] partner[02] = 187.969
XP ego[02] partner[03] = 165.156
XP ego[02] partner[04] = 162.969
XP ego[03] partner[00] = 218.438
XP ego[03] partner[01] = 210.781
XP ego[03] partner[02] = 215.625
XP ego[03] partner[03] = 211.094
XP ego[03] partner[04] = 211.406
XP ego[04] partner[00] = 113.594
XP ego[04] partner[01] = 154.531
XP ego[04] partner[02] = 134.688
XP ego[04] partner[03] = 115.469
XP ego[04] partner[04] = 119.844
Evaluating partner group 3: method=sp, prefix=checkpoints/eval_pools/sp
LOADED: checkpoints/eval_pools/sp/counter_circuit/baseline_seed_0_step_380.msgpack
LOADED: checkpoints/eval_pools/sp/counter_circuit/baseline_seed_1_step_380.msgpack
LOADED: checkpoints/eval_pools/sp/counter_circuit/baseline_seed_2_step_380.msgpack
LOADED: checkpoints/eval_pools/sp/counter_circuit/baseline_seed_3_step_380.msgpack
LOADED: checkpoints/eval_pools/sp/counter_circuit/baseline_seed_4_step_380.msgpack
Using XP rollout scale: XP_PAIR_BATCH_SIZE=32, EVAL_NUM_EPISODES=128, EVAL_NUM_STEPS=400
XP ego[00] partner[00] = 168.125
XP ego[00] partner[01] = 147.188
XP ego[00] partner[02] = 186.562
XP ego[00] partner[03] = 165.469
XP ego[00] partner[04] = 170.156
XP ego[01] partner[00] = 168.594
XP ego[01] partner[01] = 176.094
XP ego[01] partner[02] = 182.188
XP ego[01] partner[03] = 180.781
XP ego[01] partner[04] = 165.312
XP ego[02] partner[00] = 149.062
XP ego[02] partner[01] = 174.375
XP ego[02] partner[02] = 180.469
XP ego[02] partner[03] = 179.375
XP ego[02] partner[04] = 175.781
XP ego[03] partner[00] = 186.406
XP ego[03] partner[01] = 192.656
XP ego[03] partner[02] = 202.500
XP ego[03] partner[03] = 192.969
XP ego[03] partner[04] = 184.688
XP ego[04] partner[00] = 177.812
XP ego[04] partner[01] = 113.750
XP ego[04] partner[02] = 187.500
XP ego[04] partner[03] = 220.312
XP ego[04] partner[04] = 182.344
Average ego-vs-partner performance: 169.295 +- 5.285 SE over 100 ordered pairs
Average diagonal performance: 99.125 +- 24.314 SE over 5 pairs
Average off-diagonal performance (only for square pools): nan +- nan SE over 0 ordered pairs
Saved ad-hoc teamplay results to ad_hoc_teamplay_results/lmpredlow_ablate_ad_hoc_teamplay/counter_circuit
Saved ad-hoc teamplay heatmap to ad_hoc_teamplay_results/lmpredlow_ablate_ad_hoc_teamplay/counter_circuit/xp_matrix.png
Evaluating partner alignment group 0: method=e3t, prefix=checkpoints/eval_pools/e3t
LOADED: checkpoints/eval_pools/e3t/counter_circuit/baseline_seed_0_step_220.msgpack
LOADED: checkpoints/eval_pools/e3t/counter_circuit/baseline_seed_1_step_220.msgpack
LOADED: checkpoints/eval_pools/e3t/counter_circuit/baseline_seed_2_step_220.msgpack
LOADED: checkpoints/eval_pools/e3t/counter_circuit/baseline_seed_3_step_220.msgpack
LOADED: checkpoints/eval_pools/e3t/counter_circuit/baseline_seed_4_step_220.msgpack
Using alignment rollout scale: ALIGN_PAIR_BATCH_SIZE=2, ALIGN_EVAL_NUM_EPISODES=128, ALIGN_EVAL_NUM_STEPS=400
ALIGN ego[00] partner[00] R2=0.789740 NMSE=0.210260 shuffled_R2=-0.014744
ALIGN ego[00] partner[01] R2=0.813027 NMSE=0.186973 shuffled_R2=-0.016476
ALIGN ego[00] partner[02] R2=0.789855 NMSE=0.210145 shuffled_R2=-0.017455
ALIGN ego[00] partner[03] R2=0.880376 NMSE=0.119624 shuffled_R2=-0.017488
ALIGN ego[00] partner[04] R2=0.787410 NMSE=0.212590 shuffled_R2=-0.024600
ALIGN ego[01] partner[00] R2=0.771169 NMSE=0.228831 shuffled_R2=-0.018307
ALIGN ego[01] partner[01] R2=0.816764 NMSE=0.183236 shuffled_R2=-0.015918
ALIGN ego[01] partner[02] R2=0.711871 NMSE=0.288129 shuffled_R2=-0.026581
ALIGN ego[01] partner[03] R2=0.858723 NMSE=0.141277 shuffled_R2=-0.021300
ALIGN ego[01] partner[04] R2=0.757107 NMSE=0.242893 shuffled_R2=-0.026073
ALIGN ego[02] partner[00] R2=0.793619 NMSE=0.206381 shuffled_R2=-0.022653
ALIGN ego[02] partner[01] R2=0.793871 NMSE=0.206129 shuffled_R2=-0.016203
ALIGN ego[02] partner[02] R2=0.788845 NMSE=0.211155 shuffled_R2=-0.020056
ALIGN ego[02] partner[03] R2=0.847967 NMSE=0.152033 shuffled_R2=-0.023873
ALIGN ego[02] partner[04] R2=0.820355 NMSE=0.179645 shuffled_R2=-0.015496
ALIGN ego[03] partner[00] R2=0.750688 NMSE=0.249312 shuffled_R2=-0.016826
ALIGN ego[03] partner[01] R2=0.731853 NMSE=0.268147 shuffled_R2=-0.018483
ALIGN ego[03] partner[02] R2=0.761376 NMSE=0.238624 shuffled_R2=-0.022633
ALIGN ego[03] partner[03] R2=0.767501 NMSE=0.232499 shuffled_R2=-0.033441
ALIGN ego[03] partner[04] R2=0.747851 NMSE=0.252149 shuffled_R2=-0.017969
ALIGN ego[04] partner[00] R2=0.743208 NMSE=0.256792 shuffled_R2=-0.018371
ALIGN ego[04] partner[01] R2=0.788581 NMSE=0.211419 shuffled_R2=-0.018676
ALIGN ego[04] partner[02] R2=0.765838 NMSE=0.234162 shuffled_R2=-0.015808
ALIGN ego[04] partner[03] R2=0.814435 NMSE=0.185565 shuffled_R2=-0.027006
ALIGN ego[04] partner[04] R2=0.746512 NMSE=0.253488 shuffled_R2=-0.019984
Evaluating partner alignment group 1: method=mep_br, prefix=checkpoints/eval_pools/mep_br
LOADED: checkpoints/eval_pools/mep_br/counter_circuit/baseline_seed_0_step_380.msgpack
LOADED: checkpoints/eval_pools/mep_br/counter_circuit/baseline_seed_1_step_380.msgpack
LOADED: checkpoints/eval_pools/mep_br/counter_circuit/baseline_seed_2_step_380.msgpack
LOADED: checkpoints/eval_pools/mep_br/counter_circuit/baseline_seed_3_step_380.msgpack
LOADED: checkpoints/eval_pools/mep_br/counter_circuit/baseline_seed_4_step_380.msgpack
Using alignment rollout scale: ALIGN_PAIR_BATCH_SIZE=2, ALIGN_EVAL_NUM_EPISODES=128, ALIGN_EVAL_NUM_STEPS=400
ALIGN ego[00] partner[00] R2=0.880232 NMSE=0.119768 shuffled_R2=-0.016346
ALIGN ego[00] partner[01] R2=0.869938 NMSE=0.130062 shuffled_R2=-0.016212
ALIGN ego[00] partner[02] R2=0.807920 NMSE=0.192080 shuffled_R2=-0.029759
ALIGN ego[00] partner[03] R2=0.880788 NMSE=0.119212 shuffled_R2=-0.015543
ALIGN ego[00] partner[04] R2=0.843669 NMSE=0.156331 shuffled_R2=-0.015413
ALIGN ego[01] partner[00] R2=0.868326 NMSE=0.131674 shuffled_R2=-0.016064
ALIGN ego[01] partner[01] R2=0.846664 NMSE=0.153336 shuffled_R2=-0.017768
ALIGN ego[01] partner[02] R2=0.861934 NMSE=0.138066 shuffled_R2=-0.017015
ALIGN ego[01] partner[03] R2=0.823723 NMSE=0.176277 shuffled_R2=-0.018353
ALIGN ego[01] partner[04] R2=0.828579 NMSE=0.171421 shuffled_R2=-0.015607
ALIGN ego[02] partner[00] R2=0.812744 NMSE=0.187256 shuffled_R2=-0.019462
ALIGN ego[02] partner[01] R2=0.850470 NMSE=0.149530 shuffled_R2=-0.016227
ALIGN ego[02] partner[02] R2=0.863953 NMSE=0.136047 shuffled_R2=-0.015057
ALIGN ego[02] partner[03] R2=0.871059 NMSE=0.128941 shuffled_R2=-0.016198
ALIGN ego[02] partner[04] R2=0.727362 NMSE=0.272638 shuffled_R2=-0.023554
ALIGN ego[03] partner[00] R2=0.817244 NMSE=0.182756 shuffled_R2=-0.014409
ALIGN ego[03] partner[01] R2=0.854527 NMSE=0.145473 shuffled_R2=-0.015490
ALIGN ego[03] partner[02] R2=0.840455 NMSE=0.159545 shuffled_R2=-0.015723
ALIGN ego[03] partner[03] R2=0.848831 NMSE=0.151169 shuffled_R2=-0.016682
ALIGN ego[03] partner[04] R2=0.826503 NMSE=0.173497 shuffled_R2=-0.015619
ALIGN ego[04] partner[00] R2=0.861445 NMSE=0.138555 shuffled_R2=-0.016564
ALIGN ego[04] partner[01] R2=0.868397 NMSE=0.131603 shuffled_R2=-0.016988
ALIGN ego[04] partner[02] R2=0.863474 NMSE=0.136526 shuffled_R2=-0.015499
ALIGN ego[04] partner[03] R2=0.812068 NMSE=0.187932 shuffled_R2=-0.018171
ALIGN ego[04] partner[04] R2=0.867577 NMSE=0.132423 shuffled_R2=-0.016127
Evaluating partner alignment group 2: method=pbt, prefix=checkpoints/eval_pools/pbt
LOADED: checkpoints/eval_pools/pbt/counter_circuit/baseline_seed_0_step_62.msgpack
LOADED: checkpoints/eval_pools/pbt/counter_circuit/baseline_seed_1_step_62.msgpack
LOADED: checkpoints/eval_pools/pbt/counter_circuit/baseline_seed_2_step_62.msgpack
LOADED: checkpoints/eval_pools/pbt/counter_circuit/baseline_seed_3_step_62.msgpack
LOADED: checkpoints/eval_pools/pbt/counter_circuit/baseline_seed_4_step_62.msgpack
Using alignment rollout scale: ALIGN_PAIR_BATCH_SIZE=2, ALIGN_EVAL_NUM_EPISODES=128, ALIGN_EVAL_NUM_STEPS=400
ALIGN ego[00] partner[00] R2=0.758447 NMSE=0.241553 shuffled_R2=-0.017580
ALIGN ego[00] partner[01] R2=0.761981 NMSE=0.238019 shuffled_R2=-0.016282
ALIGN ego[00] partner[02] R2=0.760294 NMSE=0.239706 shuffled_R2=-0.015537
ALIGN ego[00] partner[03] R2=0.755614 NMSE=0.244386 shuffled_R2=-0.018185
ALIGN ego[00] partner[04] R2=0.762975 NMSE=0.237025 shuffled_R2=-0.016102
ALIGN ego[01] partner[00] R2=0.779725 NMSE=0.220275 shuffled_R2=-0.015121
ALIGN ego[01] partner[01] R2=0.753622 NMSE=0.246378 shuffled_R2=-0.021074
ALIGN ego[01] partner[02] R2=0.748133 NMSE=0.251867 shuffled_R2=-0.014433
ALIGN ego[01] partner[03] R2=0.786039 NMSE=0.213961 shuffled_R2=-0.015741
ALIGN ego[01] partner[04] R2=0.777459 NMSE=0.222541 shuffled_R2=-0.014039
ALIGN ego[02] partner[00] R2=0.788771 NMSE=0.211229 shuffled_R2=-0.015191
ALIGN ego[02] partner[01] R2=0.764605 NMSE=0.235395 shuffled_R2=-0.017370
ALIGN ego[02] partner[02] R2=0.788346 NMSE=0.211654 shuffled_R2=-0.016841
ALIGN ego[02] partner[03] R2=0.769556 NMSE=0.230444 shuffled_R2=-0.017947
ALIGN ego[02] partner[04] R2=0.816707 NMSE=0.183293 shuffled_R2=-0.013338
ALIGN ego[03] partner[00] R2=0.770400 NMSE=0.229600 shuffled_R2=-0.016605
ALIGN ego[03] partner[01] R2=0.770940 NMSE=0.229060 shuffled_R2=-0.012625
ALIGN ego[03] partner[02] R2=0.754942 NMSE=0.245058 shuffled_R2=-0.014904
ALIGN ego[03] partner[03] R2=0.756019 NMSE=0.243981 shuffled_R2=-0.019595
ALIGN ego[03] partner[04] R2=0.801170 NMSE=0.198830 shuffled_R2=-0.016901
ALIGN ego[04] partner[00] R2=0.801531 NMSE=0.198469 shuffled_R2=-0.017836
ALIGN ego[04] partner[01] R2=0.735834 NMSE=0.264166 shuffled_R2=-0.016784
ALIGN ego[04] partner[02] R2=0.795576 NMSE=0.204424 shuffled_R2=-0.014814
ALIGN ego[04] partner[03] R2=0.779675 NMSE=0.220325 shuffled_R2=-0.017149
ALIGN ego[04] partner[04] R2=0.804509 NMSE=0.195491 shuffled_R2=-0.013252
Evaluating partner alignment group 3: method=sp, prefix=checkpoints/eval_pools/sp
LOADED: checkpoints/eval_pools/sp/counter_circuit/baseline_seed_0_step_380.msgpack
LOADED: checkpoints/eval_pools/sp/counter_circuit/baseline_seed_1_step_380.msgpack
LOADED: checkpoints/eval_pools/sp/counter_circuit/baseline_seed_2_step_380.msgpack
LOADED: checkpoints/eval_pools/sp/counter_circuit/baseline_seed_3_step_380.msgpack
LOADED: checkpoints/eval_pools/sp/counter_circuit/baseline_seed_4_step_380.msgpack
Using alignment rollout scale: ALIGN_PAIR_BATCH_SIZE=2, ALIGN_EVAL_NUM_EPISODES=128, ALIGN_EVAL_NUM_STEPS=400
ALIGN ego[00] partner[00] R2=0.837666 NMSE=0.162334 shuffled_R2=-0.018470
ALIGN ego[00] partner[01] R2=0.847915 NMSE=0.152085 shuffled_R2=-0.019206
ALIGN ego[00] partner[02] R2=0.832674 NMSE=0.167326 shuffled_R2=-0.015599
ALIGN ego[00] partner[03] R2=0.884437 NMSE=0.115563 shuffled_R2=-0.021305
ALIGN ego[00] partner[04] R2=0.805558 NMSE=0.194442 shuffled_R2=-0.017036
ALIGN ego[01] partner[00] R2=0.824826 NMSE=0.175174 shuffled_R2=-0.017594
ALIGN ego[01] partner[01] R2=0.885655 NMSE=0.114345 shuffled_R2=-0.015683
ALIGN ego[01] partner[02] R2=0.798823 NMSE=0.201177 shuffled_R2=-0.025728
ALIGN ego[01] partner[03] R2=0.827097 NMSE=0.172903 shuffled_R2=-0.018479
ALIGN ego[01] partner[04] R2=0.819992 NMSE=0.180008 shuffled_R2=-0.017756
ALIGN ego[02] partner[00] R2=0.823142 NMSE=0.176858 shuffled_R2=-0.016919
ALIGN ego[02] partner[01] R2=0.850985 NMSE=0.149015 shuffled_R2=-0.021390
ALIGN ego[02] partner[02] R2=0.840574 NMSE=0.159426 shuffled_R2=-0.015965
ALIGN ego[02] partner[03] R2=0.858091 NMSE=0.141909 shuffled_R2=-0.020256
ALIGN ego[02] partner[04] R2=0.827680 NMSE=0.172320 shuffled_R2=-0.017686
ALIGN ego[03] partner[00] R2=0.863263 NMSE=0.136737 shuffled_R2=-0.016009
ALIGN ego[03] partner[01] R2=0.863955 NMSE=0.136045 shuffled_R2=-0.015052
ALIGN ego[03] partner[02] R2=0.814430 NMSE=0.185570 shuffled_R2=-0.016998
ALIGN ego[03] partner[03] R2=0.837414 NMSE=0.162586 shuffled_R2=-0.015584
ALIGN ego[03] partner[04] R2=0.819068 NMSE=0.180932 shuffled_R2=-0.016240
ALIGN ego[04] partner[00] R2=0.839798 NMSE=0.160202 shuffled_R2=-0.018934
ALIGN ego[04] partner[01] R2=0.901924 NMSE=0.098076 shuffled_R2=-0.015596
ALIGN ego[04] partner[02] R2=0.821832 NMSE=0.178168 shuffled_R2=-0.017206
ALIGN ego[04] partner[03] R2=0.876291 NMSE=0.123709 shuffled_R2=-0.015052
ALIGN ego[04] partner[04] R2=0.839069 NMSE=0.160931 shuffled_R2=-0.016719
Average ego-to-partner alignment R2: 0.811215 +- 0.004409 SE over 100 ego-partner pairs
Average alignment normalized MSE: 0.188785 +- 0.004409 SE
Average shuffled-control alignment R2: -0.017840 +- 0.000350 SE
Saved alignment results to ad_hoc_teamplay_results/lmpredlow_ablate_ad_hoc_teamplay/counter_circuit
Evaluating ad-hoc teamplay for ego_method=lmpredlow_ablate, layout=coord_ring
ego_prefix=checkpoints/lmpredlow_ablate/, partner_pool_specs=e3t:checkpoints/eval_pools/e3t;mep_br:checkpoints/eval_pools/mep_br;pbt:checkpoints/eval_pools/pbt;sp:checkpoints/eval_pools/sp, result_name=lmpredlow_ablate_ad_hoc_teamplay, ego_perspective_transform=false
Importing submoduled environments...
Submoduled environments not found. Skipping import.
2026-07-03 02:45:29.526413: W external/xla/xla/service/gpu/autotuning/dot_search_space.cc:200] All configs were filtered out because none of them sufficiently match the hints. Maybe the hints set does not contain a good representative set of valid configs?Working around this by using the full hints set instead.
2026-07-03 02:45:30.626058: W external/xla/xla/service/gpu/autotuning/dot_search_space.cc:200] All configs were filtered out because none of them sufficiently match the hints. Maybe the hints set does not contain a good representative set of valid configs?Working around this by using the full hints set instead.
LOADED: checkpoints/lmpredlow_ablate/coord_ring/baseline_seed_0_step_220.msgpack
LOADED: checkpoints/lmpredlow_ablate/coord_ring/baseline_seed_1_step_220.msgpack
LOADED: checkpoints/lmpredlow_ablate/coord_ring/baseline_seed_2_step_220.msgpack
LOADED: checkpoints/lmpredlow_ablate/coord_ring/baseline_seed_3_step_220.msgpack
LOADED: checkpoints/lmpredlow_ablate/coord_ring/baseline_seed_4_step_220.msgpack
Evaluating partner group 0: method=e3t, prefix=checkpoints/eval_pools/e3t
LOADED: checkpoints/eval_pools/e3t/coord_ring/baseline_seed_0_step_220.msgpack
LOADED: checkpoints/eval_pools/e3t/coord_ring/baseline_seed_1_step_220.msgpack
LOADED: checkpoints/eval_pools/e3t/coord_ring/baseline_seed_2_step_220.msgpack
LOADED: checkpoints/eval_pools/e3t/coord_ring/baseline_seed_3_step_220.msgpack
LOADED: checkpoints/eval_pools/e3t/coord_ring/baseline_seed_4_step_220.msgpack
Using XP rollout scale: XP_PAIR_BATCH_SIZE=32, EVAL_NUM_EPISODES=128, EVAL_NUM_STEPS=400
XP ego[00] partner[00] = 196.719
XP ego[00] partner[01] = 272.500
XP ego[00] partner[02] = 28.906
XP ego[00] partner[03] = 225.625
XP ego[00] partner[04] = 220.781
XP ego[01] partner[00] = 255.312
XP ego[01] partner[01] = 265.625
XP ego[01] partner[02] = 156.719
XP ego[01] partner[03] = 277.656
XP ego[01] partner[04] = 255.625
XP ego[02] partner[00] = 124.688
XP ego[02] partner[01] = 285.938
XP ego[02] partner[02] = 37.812
XP ego[02] partner[03] = 214.688
XP ego[02] partner[04] = 138.125
XP ego[03] partner[00] = 141.562
XP ego[03] partner[01] = 37.812
XP ego[03] partner[02] = 229.375
XP ego[03] partner[03] = 44.375
XP ego[03] partner[04] = 34.844
XP ego[04] partner[00] = 234.688
XP ego[04] partner[01] = 152.812
XP ego[04] partner[02] = 20.781
XP ego[04] partner[03] = 112.812
XP ego[04] partner[04] = 174.062
Evaluating partner group 1: method=mep_br, prefix=checkpoints/eval_pools/mep_br
LOADED: checkpoints/eval_pools/mep_br/coord_ring/baseline_seed_0_step_220.msgpack
LOADED: checkpoints/eval_pools/mep_br/coord_ring/baseline_seed_1_step_220.msgpack
LOADED: checkpoints/eval_pools/mep_br/coord_ring/baseline_seed_2_step_220.msgpack
LOADED: checkpoints/eval_pools/mep_br/coord_ring/baseline_seed_3_step_220.msgpack
LOADED: checkpoints/eval_pools/mep_br/coord_ring/baseline_seed_4_step_220.msgpack
Using XP rollout scale: XP_PAIR_BATCH_SIZE=32, EVAL_NUM_EPISODES=128, EVAL_NUM_STEPS=400
XP ego[00] partner[00] = 247.812
XP ego[00] partner[01] = 293.125
XP ego[00] partner[02] = 284.688
XP ego[00] partner[03] = 280.156
XP ego[00] partner[04] = 277.500
XP ego[01] partner[00] = 250.000
XP ego[01] partner[01] = 277.812
XP ego[01] partner[02] = 282.969
XP ego[01] partner[03] = 188.438
XP ego[01] partner[04] = 261.250
XP ego[02] partner[00] = 242.969
XP ego[02] partner[01] = 302.969
XP ego[02] partner[02] = 288.750
XP ego[02] partner[03] = 192.656
XP ego[02] partner[04] = 258.750
XP ego[03] partner[00] = 232.500
XP ego[03] partner[01] = 197.969
XP ego[03] partner[02] = 161.875
XP ego[03] partner[03] = 164.844
XP ego[03] partner[04] = 101.719
XP ego[04] partner[00] = 229.375
XP ego[04] partner[01] = 223.281
XP ego[04] partner[02] = 250.312
XP ego[04] partner[03] = 167.344
XP ego[04] partner[04] = 208.594
Evaluating partner group 2: method=pbt, prefix=checkpoints/eval_pools/pbt
LOADED: checkpoints/eval_pools/pbt/coord_ring/baseline_seed_0_step_62.msgpack
LOADED: checkpoints/eval_pools/pbt/coord_ring/baseline_seed_1_step_62.msgpack
LOADED: checkpoints/eval_pools/pbt/coord_ring/baseline_seed_2_step_62.msgpack
LOADED: checkpoints/eval_pools/pbt/coord_ring/baseline_seed_3_step_62.msgpack
LOADED: checkpoints/eval_pools/pbt/coord_ring/baseline_seed_4_step_62.msgpack
Using XP rollout scale: XP_PAIR_BATCH_SIZE=32, EVAL_NUM_EPISODES=128, EVAL_NUM_STEPS=400
XP ego[00] partner[00] = 290.781
XP ego[00] partner[01] = 256.875
XP ego[00] partner[02] = 240.781
XP ego[00] partner[03] = 232.812
XP ego[00] partner[04] = 248.750
XP ego[01] partner[00] = 269.062
XP ego[01] partner[01] = 239.062
XP ego[01] partner[02] = 252.344
XP ego[01] partner[03] = 254.844
XP ego[01] partner[04] = 244.844
XP ego[02] partner[00] = 301.562
XP ego[02] partner[01] = 286.562
XP ego[02] partner[02] = 267.500
XP ego[02] partner[03] = 259.219
XP ego[02] partner[04] = 297.188
XP ego[03] partner[00] = 39.375
XP ego[03] partner[01] = 74.531
XP ego[03] partner[02] = 66.406
XP ego[03] partner[03] = 51.875
XP ego[03] partner[04] = 127.031
XP ego[04] partner[00] = 218.125
XP ego[04] partner[01] = 201.562
XP ego[04] partner[02] = 210.469
XP ego[04] partner[03] = 206.406
XP ego[04] partner[04] = 194.375
Evaluating partner group 3: method=sp, prefix=checkpoints/eval_pools/sp
LOADED: checkpoints/eval_pools/sp/coord_ring/baseline_seed_0_step_220.msgpack
LOADED: checkpoints/eval_pools/sp/coord_ring/baseline_seed_1_step_220.msgpack
LOADED: checkpoints/eval_pools/sp/coord_ring/baseline_seed_2_step_220.msgpack
LOADED: checkpoints/eval_pools/sp/coord_ring/baseline_seed_3_step_220.msgpack
LOADED: checkpoints/eval_pools/sp/coord_ring/baseline_seed_4_step_220.msgpack
Using XP rollout scale: XP_PAIR_BATCH_SIZE=32, EVAL_NUM_EPISODES=128, EVAL_NUM_STEPS=400
XP ego[00] partner[00] = 282.656
XP ego[00] partner[01] = 277.969
XP ego[00] partner[02] = 244.531
XP ego[00] partner[03] = 258.906
XP ego[00] partner[04] = 269.375
XP ego[01] partner[00] = 238.750
XP ego[01] partner[01] = 242.344
XP ego[01] partner[02] = 235.312
XP ego[01] partner[03] = 191.094
XP ego[01] partner[04] = 241.562
XP ego[02] partner[00] = 291.875
XP ego[02] partner[01] = 281.719
XP ego[02] partner[02] = 263.594
XP ego[02] partner[03] = 291.094
XP ego[02] partner[04] = 288.750
XP ego[03] partner[00] = 32.188
XP ego[03] partner[01] = 58.906
XP ego[03] partner[02] = 75.469
XP ego[03] partner[03] = 49.375
XP ego[03] partner[04] = 121.406
XP ego[04] partner[00] = 218.750
XP ego[04] partner[01] = 250.469
XP ego[04] partner[02] = 249.531
XP ego[04] partner[03] = 145.312
XP ego[04] partner[04] = 228.281
Average ego-vs-partner performance: 206.691 +- 7.981 SE over 100 ordered pairs
Average diagonal performance: 143.719 +- 44.540 SE over 5 pairs
Average off-diagonal performance (only for square pools): nan +- nan SE over 0 ordered pairs
Saved ad-hoc teamplay results to ad_hoc_teamplay_results/lmpredlow_ablate_ad_hoc_teamplay/coord_ring
Saved ad-hoc teamplay heatmap to ad_hoc_teamplay_results/lmpredlow_ablate_ad_hoc_teamplay/coord_ring/xp_matrix.png
Evaluating partner alignment group 0: method=e3t, prefix=checkpoints/eval_pools/e3t
LOADED: checkpoints/eval_pools/e3t/coord_ring/baseline_seed_0_step_220.msgpack
LOADED: checkpoints/eval_pools/e3t/coord_ring/baseline_seed_1_step_220.msgpack
LOADED: checkpoints/eval_pools/e3t/coord_ring/baseline_seed_2_step_220.msgpack
LOADED: checkpoints/eval_pools/e3t/coord_ring/baseline_seed_3_step_220.msgpack
LOADED: checkpoints/eval_pools/e3t/coord_ring/baseline_seed_4_step_220.msgpack
Using alignment rollout scale: ALIGN_PAIR_BATCH_SIZE=2, ALIGN_EVAL_NUM_EPISODES=128, ALIGN_EVAL_NUM_STEPS=400
ALIGN ego[00] partner[00] R2=0.829725 NMSE=0.170275 shuffled_R2=-0.023734
ALIGN ego[00] partner[01] R2=0.865552 NMSE=0.134448 shuffled_R2=-0.015590
ALIGN ego[00] partner[02] R2=0.933855 NMSE=0.066145 shuffled_R2=-0.015626
ALIGN ego[00] partner[03] R2=0.870025 NMSE=0.129975 shuffled_R2=-0.014375
ALIGN ego[00] partner[04] R2=0.910495 NMSE=0.089505 shuffled_R2=-0.016888
ALIGN ego[01] partner[00] R2=0.782884 NMSE=0.217116 shuffled_R2=-0.026585
ALIGN ego[01] partner[01] R2=0.873880 NMSE=0.126120 shuffled_R2=-0.014964
ALIGN ego[01] partner[02] R2=0.924372 NMSE=0.075628 shuffled_R2=-0.013694
ALIGN ego[01] partner[03] R2=0.900227 NMSE=0.099773 shuffled_R2=-0.014427
ALIGN ego[01] partner[04] R2=0.777400 NMSE=0.222600 shuffled_R2=-0.055078
ALIGN ego[02] partner[00] R2=0.935282 NMSE=0.064718 shuffled_R2=-0.022477
ALIGN ego[02] partner[01] R2=0.829947 NMSE=0.170053 shuffled_R2=-0.018364
ALIGN ego[02] partner[02] R2=0.817435 NMSE=0.182565 shuffled_R2=-0.062921
ALIGN ego[02] partner[03] R2=0.899521 NMSE=0.100479 shuffled_R2=-0.014043
ALIGN ego[02] partner[04] R2=0.872679 NMSE=0.127321 shuffled_R2=-0.026626
ALIGN ego[03] partner[00] R2=0.931754 NMSE=0.068246 shuffled_R2=-0.010564
ALIGN ego[03] partner[01] R2=0.889547 NMSE=0.110453 shuffled_R2=-0.030088
ALIGN ego[03] partner[02] R2=0.912157 NMSE=0.087843 shuffled_R2=-0.019392
ALIGN ego[03] partner[03] R2=0.897545 NMSE=0.102455 shuffled_R2=-0.013197
ALIGN ego[03] partner[04] R2=0.927186 NMSE=0.072814 shuffled_R2=-0.017324
ALIGN ego[04] partner[00] R2=0.913092 NMSE=0.086908 shuffled_R2=-0.016425
ALIGN ego[04] partner[01] R2=0.914501 NMSE=0.085499 shuffled_R2=-0.017745
ALIGN ego[04] partner[02] R2=0.917750 NMSE=0.082250 shuffled_R2=-0.041677
ALIGN ego[04] partner[03] R2=0.915401 NMSE=0.084599 shuffled_R2=-0.018365
ALIGN ego[04] partner[04] R2=0.923590 NMSE=0.076410 shuffled_R2=-0.017231
Evaluating partner alignment group 1: method=mep_br, prefix=checkpoints/eval_pools/mep_br
LOADED: checkpoints/eval_pools/mep_br/coord_ring/baseline_seed_0_step_220.msgpack
LOADED: checkpoints/eval_pools/mep_br/coord_ring/baseline_seed_1_step_220.msgpack
LOADED: checkpoints/eval_pools/mep_br/coord_ring/baseline_seed_2_step_220.msgpack
LOADED: checkpoints/eval_pools/mep_br/coord_ring/baseline_seed_3_step_220.msgpack
LOADED: checkpoints/eval_pools/mep_br/coord_ring/baseline_seed_4_step_220.msgpack
Using alignment rollout scale: ALIGN_PAIR_BATCH_SIZE=2, ALIGN_EVAL_NUM_EPISODES=128, ALIGN_EVAL_NUM_STEPS=400
ALIGN ego[00] partner[00] R2=0.900791 NMSE=0.099209 shuffled_R2=-0.015974
ALIGN ego[00] partner[01] R2=0.880539 NMSE=0.119461 shuffled_R2=-0.016297
ALIGN ego[00] partner[02] R2=0.856988 NMSE=0.143012 shuffled_R2=-0.015421
ALIGN ego[00] partner[03] R2=0.914598 NMSE=0.085402 shuffled_R2=-0.015484
ALIGN ego[00] partner[04] R2=0.849522 NMSE=0.150478 shuffled_R2=-0.023472
ALIGN ego[01] partner[00] R2=0.847530 NMSE=0.152470 shuffled_R2=-0.021764
ALIGN ego[01] partner[01] R2=0.883080 NMSE=0.116920 shuffled_R2=-0.015522
ALIGN ego[01] partner[02] R2=0.786130 NMSE=0.213870 shuffled_R2=-0.040002
ALIGN ego[01] partner[03] R2=0.952754 NMSE=0.047246 shuffled_R2=-0.015938
ALIGN ego[01] partner[04] R2=0.870601 NMSE=0.129399 shuffled_R2=-0.029511
ALIGN ego[02] partner[00] R2=0.727282 NMSE=0.272718 shuffled_R2=-0.040002
ALIGN ego[02] partner[01] R2=0.930208 NMSE=0.069792 shuffled_R2=-0.016722
ALIGN ego[02] partner[02] R2=0.919662 NMSE=0.080338 shuffled_R2=-0.014261
ALIGN ego[02] partner[03] R2=0.922472 NMSE=0.077528 shuffled_R2=-0.027715
ALIGN ego[02] partner[04] R2=0.901697 NMSE=0.098303 shuffled_R2=-0.021403
ALIGN ego[03] partner[00] R2=0.917388 NMSE=0.082612 shuffled_R2=-0.014819
ALIGN ego[03] partner[01] R2=0.907044 NMSE=0.092956 shuffled_R2=-0.018049
ALIGN ego[03] partner[02] R2=0.847272 NMSE=0.152728 shuffled_R2=-0.027052
ALIGN ego[03] partner[03] R2=0.924406 NMSE=0.075594 shuffled_R2=-0.018541
ALIGN ego[03] partner[04] R2=0.953589 NMSE=0.046411 shuffled_R2=-0.013653
ALIGN ego[04] partner[00] R2=0.853349 NMSE=0.146651 shuffled_R2=-0.025074
ALIGN ego[04] partner[01] R2=0.902005 NMSE=0.097995 shuffled_R2=-0.020037
ALIGN ego[04] partner[02] R2=0.870658 NMSE=0.129342 shuffled_R2=-0.024911
ALIGN ego[04] partner[03] R2=0.944586 NMSE=0.055414 shuffled_R2=-0.017072
ALIGN ego[04] partner[04] R2=0.922920 NMSE=0.077080 shuffled_R2=-0.017343
Evaluating partner alignment group 2: method=pbt, prefix=checkpoints/eval_pools/pbt
LOADED: checkpoints/eval_pools/pbt/coord_ring/baseline_seed_0_step_62.msgpack
LOADED: checkpoints/eval_pools/pbt/coord_ring/baseline_seed_1_step_62.msgpack
LOADED: checkpoints/eval_pools/pbt/coord_ring/baseline_seed_2_step_62.msgpack
LOADED: checkpoints/eval_pools/pbt/coord_ring/baseline_seed_3_step_62.msgpack
LOADED: checkpoints/eval_pools/pbt/coord_ring/baseline_seed_4_step_62.msgpack
Using alignment rollout scale: ALIGN_PAIR_BATCH_SIZE=2, ALIGN_EVAL_NUM_EPISODES=128, ALIGN_EVAL_NUM_STEPS=400
ALIGN ego[00] partner[00] R2=0.805034 NMSE=0.194966 shuffled_R2=-0.017055
ALIGN ego[00] partner[01] R2=0.777383 NMSE=0.222617 shuffled_R2=-0.019764
ALIGN ego[00] partner[02] R2=0.648397 NMSE=0.351603 shuffled_R2=-0.038953
ALIGN ego[00] partner[03] R2=0.812997 NMSE=0.187003 shuffled_R2=-0.019844
ALIGN ego[00] partner[04] R2=0.665407 NMSE=0.334593 shuffled_R2=-0.029742
ALIGN ego[01] partner[00] R2=0.785967 NMSE=0.214033 shuffled_R2=-0.015299
ALIGN ego[01] partner[01] R2=0.784565 NMSE=0.215435 shuffled_R2=-0.015114
ALIGN ego[01] partner[02] R2=0.785199 NMSE=0.214801 shuffled_R2=-0.015100
ALIGN ego[01] partner[03] R2=0.684172 NMSE=0.315828 shuffled_R2=-0.031352
ALIGN ego[01] partner[04] R2=0.786285 NMSE=0.213715 shuffled_R2=-0.017725
ALIGN ego[02] partner[00] R2=0.810790 NMSE=0.189210 shuffled_R2=-0.016723
ALIGN ego[02] partner[01] R2=0.560303 NMSE=0.439697 shuffled_R2=-0.031350
ALIGN ego[02] partner[02] R2=0.708264 NMSE=0.291736 shuffled_R2=-0.022188
ALIGN ego[02] partner[03] R2=0.821633 NMSE=0.178367 shuffled_R2=-0.019607
ALIGN ego[02] partner[04] R2=0.812318 NMSE=0.187682 shuffled_R2=-0.014927
ALIGN ego[03] partner[00] R2=0.863966 NMSE=0.136034 shuffled_R2=-0.017124
ALIGN ego[03] partner[01] R2=0.837728 NMSE=0.162272 shuffled_R2=-0.016246
ALIGN ego[03] partner[02] R2=0.677660 NMSE=0.322340 shuffled_R2=-0.039060
ALIGN ego[03] partner[03] R2=0.790588 NMSE=0.209412 shuffled_R2=-0.027413
ALIGN ego[03] partner[04] R2=0.800208 NMSE=0.199792 shuffled_R2=-0.017279
ALIGN ego[04] partner[00] R2=0.837485 NMSE=0.162515 shuffled_R2=-0.015532
ALIGN ego[04] partner[01] R2=0.861914 NMSE=0.138086 shuffled_R2=-0.012749
ALIGN ego[04] partner[02] R2=0.801360 NMSE=0.198640 shuffled_R2=-0.020702
ALIGN ego[04] partner[03] R2=0.799101 NMSE=0.200899 shuffled_R2=-0.018272
ALIGN ego[04] partner[04] R2=0.783316 NMSE=0.216684 shuffled_R2=-0.013738
Evaluating partner alignment group 3: method=sp, prefix=checkpoints/eval_pools/sp
LOADED: checkpoints/eval_pools/sp/coord_ring/baseline_seed_0_step_220.msgpack
LOADED: checkpoints/eval_pools/sp/coord_ring/baseline_seed_1_step_220.msgpack
LOADED: checkpoints/eval_pools/sp/coord_ring/baseline_seed_2_step_220.msgpack
LOADED: checkpoints/eval_pools/sp/coord_ring/baseline_seed_3_step_220.msgpack
LOADED: checkpoints/eval_pools/sp/coord_ring/baseline_seed_4_step_220.msgpack
Using alignment rollout scale: ALIGN_PAIR_BATCH_SIZE=2, ALIGN_EVAL_NUM_EPISODES=128, ALIGN_EVAL_NUM_STEPS=400
ALIGN ego[00] partner[00] R2=0.855716 NMSE=0.144284 shuffled_R2=-0.020077
ALIGN ego[00] partner[01] R2=0.763855 NMSE=0.236145 shuffled_R2=-0.032968
ALIGN ego[00] partner[02] R2=0.815777 NMSE=0.184223 shuffled_R2=-0.024316
ALIGN ego[00] partner[03] R2=0.866259 NMSE=0.133741 shuffled_R2=-0.019845
ALIGN ego[00] partner[04] R2=0.925879 NMSE=0.074121 shuffled_R2=-0.015009
ALIGN ego[01] partner[00] R2=0.815260 NMSE=0.184740 shuffled_R2=-0.023270
ALIGN ego[01] partner[01] R2=0.876128 NMSE=0.123872 shuffled_R2=-0.015500
ALIGN ego[01] partner[02] R2=0.790002 NMSE=0.209998 shuffled_R2=-0.025276
ALIGN ego[01] partner[03] R2=0.906016 NMSE=0.093984 shuffled_R2=-0.023210
ALIGN ego[01] partner[04] R2=0.912239 NMSE=0.087761 shuffled_R2=-0.014105
ALIGN ego[02] partner[00] R2=0.893939 NMSE=0.106061 shuffled_R2=-0.016142
ALIGN ego[02] partner[01] R2=0.836518 NMSE=0.163482 shuffled_R2=-0.031671
ALIGN ego[02] partner[02] R2=0.868808 NMSE=0.131192 shuffled_R2=-0.013273
ALIGN ego[02] partner[03] R2=0.856909 NMSE=0.143091 shuffled_R2=-0.027498
ALIGN ego[02] partner[04] R2=0.929023 NMSE=0.070977 shuffled_R2=-0.014585
ALIGN ego[03] partner[00] R2=0.913145 NMSE=0.086855 shuffled_R2=-0.013315
ALIGN ego[03] partner[01] R2=0.787430 NMSE=0.212570 shuffled_R2=-0.020593
ALIGN ego[03] partner[02] R2=0.769893 NMSE=0.230107 shuffled_R2=-0.035737
ALIGN ego[03] partner[03] R2=0.884174 NMSE=0.115826 shuffled_R2=-0.026934
ALIGN ego[03] partner[04] R2=0.879313 NMSE=0.120687 shuffled_R2=-0.013499
ALIGN ego[04] partner[00] R2=0.893405 NMSE=0.106595 shuffled_R2=-0.014699
ALIGN ego[04] partner[01] R2=0.900998 NMSE=0.099002 shuffled_R2=-0.017665
ALIGN ego[04] partner[02] R2=0.676991 NMSE=0.323009 shuffled_R2=-0.080943
ALIGN ego[04] partner[03] R2=0.860024 NMSE=0.139976 shuffled_R2=-0.030157
ALIGN ego[04] partner[04] R2=0.929056 NMSE=0.070944 shuffled_R2=-0.015426
Average ego-to-partner alignment R2: 0.850617 +- 0.007509 SE over 100 ego-partner pairs
Average alignment normalized MSE: 0.149383 +- 0.007509 SE
Average shuffled-control alignment R2: -0.021920 +- 0.001070 SE
Saved alignment results to ad_hoc_teamplay_results/lmpredlow_ablate_ad_hoc_teamplay/coord_ring
Evaluating ad-hoc teamplay for ego_method=lmpredlow_ablate, layout=cramped_room5x5
ego_prefix=checkpoints/lmpredlow_ablate/, partner_pool_specs=e3t:checkpoints/eval_pools/e3t;mep_br:checkpoints/eval_pools/mep_br;pbt:checkpoints/eval_pools/pbt;sp:checkpoints/eval_pools/sp, result_name=lmpredlow_ablate_ad_hoc_teamplay, ego_perspective_transform=false
Importing submoduled environments...
Submoduled environments not found. Skipping import.
2026-07-03 02:48:55.940272: W external/xla/xla/service/gpu/autotuning/dot_search_space.cc:200] All configs were filtered out because none of them sufficiently match the hints. Maybe the hints set does not contain a good representative set of valid configs?Working around this by using the full hints set instead.
2026-07-03 02:48:56.942519: W external/xla/xla/service/gpu/autotuning/dot_search_space.cc:200] All configs were filtered out because none of them sufficiently match the hints. Maybe the hints set does not contain a good representative set of valid configs?Working around this by using the full hints set instead.
LOADED: checkpoints/lmpredlow_ablate/cramped_room5x5/baseline_seed_0_step_220.msgpack
LOADED: checkpoints/lmpredlow_ablate/cramped_room5x5/baseline_seed_1_step_220.msgpack
LOADED: checkpoints/lmpredlow_ablate/cramped_room5x5/baseline_seed_2_step_220.msgpack
LOADED: checkpoints/lmpredlow_ablate/cramped_room5x5/baseline_seed_3_step_220.msgpack
LOADED: checkpoints/lmpredlow_ablate/cramped_room5x5/baseline_seed_4_step_220.msgpack
Evaluating partner group 0: method=e3t, prefix=checkpoints/eval_pools/e3t
LOADED: checkpoints/eval_pools/e3t/cramped_room5x5/baseline_seed_0_step_220.msgpack
LOADED: checkpoints/eval_pools/e3t/cramped_room5x5/baseline_seed_1_step_220.msgpack
LOADED: checkpoints/eval_pools/e3t/cramped_room5x5/baseline_seed_2_step_220.msgpack
LOADED: checkpoints/eval_pools/e3t/cramped_room5x5/baseline_seed_3_step_220.msgpack
LOADED: checkpoints/eval_pools/e3t/cramped_room5x5/baseline_seed_4_step_220.msgpack
Using XP rollout scale: XP_PAIR_BATCH_SIZE=32, EVAL_NUM_EPISODES=128, EVAL_NUM_STEPS=400
XP ego[00] partner[00] = 171.875
XP ego[00] partner[01] = 213.750
XP ego[00] partner[02] = 194.688
XP ego[00] partner[03] = 224.219
XP ego[00] partner[04] = 170.000
XP ego[01] partner[00] = 212.969
XP ego[01] partner[01] = 4.219
XP ego[01] partner[02] = 11.406
XP ego[01] partner[03] = 8.906
XP ego[01] partner[04] = 207.969
XP ego[02] partner[00] = 177.969
XP ego[02] partner[01] = 162.031
XP ego[02] partner[02] = 245.156
XP ego[02] partner[03] = 233.594
XP ego[02] partner[04] = 233.438
XP ego[03] partner[00] = 179.531
XP ego[03] partner[01] = 234.219
XP ego[03] partner[02] = 235.000
XP ego[03] partner[03] = 179.219
XP ego[03] partner[04] = 225.469
XP ego[04] partner[00] = 165.781
XP ego[04] partner[01] = 151.719
XP ego[04] partner[02] = 106.406
XP ego[04] partner[03] = 136.406
XP ego[04] partner[04] = 160.938
Evaluating partner group 1: method=mep_br, prefix=checkpoints/eval_pools/mep_br
LOADED: checkpoints/eval_pools/mep_br/cramped_room5x5/baseline_seed_0_step_220.msgpack
LOADED: checkpoints/eval_pools/mep_br/cramped_room5x5/baseline_seed_1_step_220.msgpack
LOADED: checkpoints/eval_pools/mep_br/cramped_room5x5/baseline_seed_2_step_220.msgpack
LOADED: checkpoints/eval_pools/mep_br/cramped_room5x5/baseline_seed_3_step_220.msgpack
LOADED: checkpoints/eval_pools/mep_br/cramped_room5x5/baseline_seed_4_step_220.msgpack
Using XP rollout scale: XP_PAIR_BATCH_SIZE=32, EVAL_NUM_EPISODES=128, EVAL_NUM_STEPS=400
XP ego[00] partner[00] = 200.625
XP ego[00] partner[01] = 231.562
XP ego[00] partner[02] = 195.469
XP ego[00] partner[03] = 206.875
XP ego[00] partner[04] = 189.688
XP ego[01] partner[00] = 40.938
XP ego[01] partner[01] = 21.250
XP ego[01] partner[02] = 191.562
XP ego[01] partner[03] = 20.781
XP ego[01] partner[04] = 142.500
XP ego[02] partner[00] = 220.781
XP ego[02] partner[01] = 225.312
XP ego[02] partner[02] = 196.094
XP ego[02] partner[03] = 220.156
XP ego[02] partner[04] = 232.500
XP ego[03] partner[00] = 61.406
XP ego[03] partner[01] = 225.781
XP ego[03] partner[02] = 209.531
XP ego[03] partner[03] = 230.781
XP ego[03] partner[04] = 224.531
XP ego[04] partner[00] = 118.438
XP ego[04] partner[01] = 131.406
XP ego[04] partner[02] = 144.531
XP ego[04] partner[03] = 163.438
XP ego[04] partner[04] = 103.281
Evaluating partner group 2: method=pbt, prefix=checkpoints/eval_pools/pbt
LOADED: checkpoints/eval_pools/pbt/cramped_room5x5/baseline_seed_0_step_62.msgpack
LOADED: checkpoints/eval_pools/pbt/cramped_room5x5/baseline_seed_1_step_62.msgpack
LOADED: checkpoints/eval_pools/pbt/cramped_room5x5/baseline_seed_2_step_62.msgpack
LOADED: checkpoints/eval_pools/pbt/cramped_room5x5/baseline_seed_3_step_62.msgpack
LOADED: checkpoints/eval_pools/pbt/cramped_room5x5/baseline_seed_4_step_62.msgpack
Using XP rollout scale: XP_PAIR_BATCH_SIZE=32, EVAL_NUM_EPISODES=128, EVAL_NUM_STEPS=400
XP ego[00] partner[00] = 197.031
XP ego[00] partner[01] = 215.625
XP ego[00] partner[02] = 200.625
XP ego[00] partner[03] = 202.188
XP ego[00] partner[04] = 184.219
XP ego[01] partner[00] = 111.406
XP ego[01] partner[01] = 123.750
XP ego[01] partner[02] = 97.812
XP ego[01] partner[03] = 179.688
XP ego[01] partner[04] = 185.781
XP ego[02] partner[00] = 180.156
XP ego[02] partner[01] = 171.875
XP ego[02] partner[02] = 148.750
XP ego[02] partner[03] = 220.938
XP ego[02] partner[04] = 203.125
XP ego[03] partner[00] = 191.562
XP ego[03] partner[01] = 212.500
XP ego[03] partner[02] = 207.656
XP ego[03] partner[03] = 190.625
XP ego[03] partner[04] = 179.688
XP ego[04] partner[00] = 121.875
XP ego[04] partner[01] = 152.656
XP ego[04] partner[02] = 100.781
XP ego[04] partner[03] = 111.875
XP ego[04] partner[04] = 130.312
Evaluating partner group 3: method=sp, prefix=checkpoints/eval_pools/sp
LOADED: checkpoints/eval_pools/sp/cramped_room5x5/baseline_seed_0_step_220.msgpack
LOADED: checkpoints/eval_pools/sp/cramped_room5x5/baseline_seed_1_step_220.msgpack
LOADED: checkpoints/eval_pools/sp/cramped_room5x5/baseline_seed_2_step_220.msgpack
LOADED: checkpoints/eval_pools/sp/cramped_room5x5/baseline_seed_3_step_220.msgpack
LOADED: checkpoints/eval_pools/sp/cramped_room5x5/baseline_seed_4_step_220.msgpack
Using XP rollout scale: XP_PAIR_BATCH_SIZE=32, EVAL_NUM_EPISODES=128, EVAL_NUM_STEPS=400
XP ego[00] partner[00] = 207.812
XP ego[00] partner[01] = 126.719
XP ego[00] partner[02] = 215.781
XP ego[00] partner[03] = 241.406
XP ego[00] partner[04] = 202.812
XP ego[01] partner[00] = 15.000
XP ego[01] partner[01] = 174.375
XP ego[01] partner[02] = 10.312
XP ego[01] partner[03] = 15.625
XP ego[01] partner[04] = 194.062
XP ego[02] partner[00] = 172.344
XP ego[02] partner[01] = 226.250
XP ego[02] partner[02] = 236.562
XP ego[02] partner[03] = 238.438
XP ego[02] partner[04] = 229.219
XP ego[03] partner[00] = 147.031
XP ego[03] partner[01] = 183.281
XP ego[03] partner[02] = 213.438
XP ego[03] partner[03] = 232.500
XP ego[03] partner[04] = 181.562
XP ego[04] partner[00] = 170.625
XP ego[04] partner[01] = 150.469
XP ego[04] partner[02] = 162.812
XP ego[04] partner[03] = 163.125
XP ego[04] partner[04] = 188.281
Average ego-vs-partner performance: 169.184 +- 6.184 SE over 100 ordered pairs
Average diagonal performance: 152.281 +- 39.833 SE over 5 pairs
Average off-diagonal performance (only for square pools): nan +- nan SE over 0 ordered pairs
Saved ad-hoc teamplay results to ad_hoc_teamplay_results/lmpredlow_ablate_ad_hoc_teamplay/cramped_room5x5
Saved ad-hoc teamplay heatmap to ad_hoc_teamplay_results/lmpredlow_ablate_ad_hoc_teamplay/cramped_room5x5/xp_matrix.png
Evaluating partner alignment group 0: method=e3t, prefix=checkpoints/eval_pools/e3t
LOADED: checkpoints/eval_pools/e3t/cramped_room5x5/baseline_seed_0_step_220.msgpack
LOADED: checkpoints/eval_pools/e3t/cramped_room5x5/baseline_seed_1_step_220.msgpack
LOADED: checkpoints/eval_pools/e3t/cramped_room5x5/baseline_seed_2_step_220.msgpack
LOADED: checkpoints/eval_pools/e3t/cramped_room5x5/baseline_seed_3_step_220.msgpack
LOADED: checkpoints/eval_pools/e3t/cramped_room5x5/baseline_seed_4_step_220.msgpack
Using alignment rollout scale: ALIGN_PAIR_BATCH_SIZE=2, ALIGN_EVAL_NUM_EPISODES=128, ALIGN_EVAL_NUM_STEPS=400
ALIGN ego[00] partner[00] R2=0.900277 NMSE=0.099723 shuffled_R2=-0.023888
ALIGN ego[00] partner[01] R2=0.954368 NMSE=0.045632 shuffled_R2=-0.018508
ALIGN ego[00] partner[02] R2=0.941900 NMSE=0.058100 shuffled_R2=-0.026845
ALIGN ego[00] partner[03] R2=0.815832 NMSE=0.184168 shuffled_R2=-0.060504
ALIGN ego[00] partner[04] R2=0.956591 NMSE=0.043409 shuffled_R2=-0.017450
ALIGN ego[01] partner[00] R2=0.907354 NMSE=0.092646 shuffled_R2=-0.025861
ALIGN ego[01] partner[01] R2=0.786890 NMSE=0.213110 shuffled_R2=-0.057549
ALIGN ego[01] partner[02] R2=0.936869 NMSE=0.063131 shuffled_R2=-0.021798
ALIGN ego[01] partner[03] R2=0.778969 NMSE=0.221031 shuffled_R2=-0.097654
ALIGN ego[01] partner[04] R2=0.954123 NMSE=0.045877 shuffled_R2=-0.016815
ALIGN ego[02] partner[00] R2=0.909896 NMSE=0.090104 shuffled_R2=-0.034853
ALIGN ego[02] partner[01] R2=0.966754 NMSE=0.033246 shuffled_R2=-0.018616
ALIGN ego[02] partner[02] R2=0.958351 NMSE=0.041649 shuffled_R2=-0.017848
ALIGN ego[02] partner[03] R2=0.944473 NMSE=0.055527 shuffled_R2=-0.020789
ALIGN ego[02] partner[04] R2=0.951798 NMSE=0.048202 shuffled_R2=-0.018815
ALIGN ego[03] partner[00] R2=0.950726 NMSE=0.049274 shuffled_R2=-0.015373
ALIGN ego[03] partner[01] R2=0.908334 NMSE=0.091666 shuffled_R2=-0.047398
ALIGN ego[03] partner[02] R2=0.954405 NMSE=0.045595 shuffled_R2=-0.016202
ALIGN ego[03] partner[03] R2=0.862797 NMSE=0.137203 shuffled_R2=-0.065752
ALIGN ego[03] partner[04] R2=0.956302 NMSE=0.043698 shuffled_R2=-0.023961
ALIGN ego[04] partner[00] R2=0.913049 NMSE=0.086951 shuffled_R2=-0.018446
ALIGN ego[04] partner[01] R2=0.951697 NMSE=0.048303 shuffled_R2=-0.020544
ALIGN ego[04] partner[02] R2=0.915785 NMSE=0.084215 shuffled_R2=-0.015872
ALIGN ego[04] partner[03] R2=0.917461 NMSE=0.082539 shuffled_R2=-0.024495
ALIGN ego[04] partner[04] R2=0.946096 NMSE=0.053904 shuffled_R2=-0.019290
Evaluating partner alignment group 1: method=mep_br, prefix=checkpoints/eval_pools/mep_br
LOADED: checkpoints/eval_pools/mep_br/cramped_room5x5/baseline_seed_0_step_220.msgpack
LOADED: checkpoints/eval_pools/mep_br/cramped_room5x5/baseline_seed_1_step_220.msgpack
LOADED: checkpoints/eval_pools/mep_br/cramped_room5x5/baseline_seed_2_step_220.msgpack
LOADED: checkpoints/eval_pools/mep_br/cramped_room5x5/baseline_seed_3_step_220.msgpack
LOADED: checkpoints/eval_pools/mep_br/cramped_room5x5/baseline_seed_4_step_220.msgpack
Using alignment rollout scale: ALIGN_PAIR_BATCH_SIZE=2, ALIGN_EVAL_NUM_EPISODES=128, ALIGN_EVAL_NUM_STEPS=400
ALIGN ego[00] partner[00] R2=0.926874 NMSE=0.073126 shuffled_R2=-0.015414
ALIGN ego[00] partner[01] R2=0.815339 NMSE=0.184661 shuffled_R2=-0.039184
ALIGN ego[00] partner[02] R2=0.928461 NMSE=0.071539 shuffled_R2=-0.016992
ALIGN ego[00] partner[03] R2=0.952602 NMSE=0.047398 shuffled_R2=-0.017097
ALIGN ego[00] partner[04] R2=0.947487 NMSE=0.052513 shuffled_R2=-0.018583
ALIGN ego[01] partner[00] R2=0.913437 NMSE=0.086563 shuffled_R2=-0.026890
ALIGN ego[01] partner[01] R2=0.945009 NMSE=0.054991 shuffled_R2=-0.022416
ALIGN ego[01] partner[02] R2=0.950872 NMSE=0.049128 shuffled_R2=-0.015625
ALIGN ego[01] partner[03] R2=0.940747 NMSE=0.059253 shuffled_R2=-0.017465
ALIGN ego[01] partner[04] R2=0.943067 NMSE=0.056933 shuffled_R2=-0.026040
ALIGN ego[02] partner[00] R2=0.950837 NMSE=0.049163 shuffled_R2=-0.020558
ALIGN ego[02] partner[01] R2=0.825239 NMSE=0.174761 shuffled_R2=-0.058955
ALIGN ego[02] partner[02] R2=0.960263 NMSE=0.039737 shuffled_R2=-0.021796
ALIGN ego[02] partner[03] R2=0.951718 NMSE=0.048282 shuffled_R2=-0.021061
ALIGN ego[02] partner[04] R2=0.955337 NMSE=0.044663 shuffled_R2=-0.025512
ALIGN ego[03] partner[00] R2=0.864969 NMSE=0.135031 shuffled_R2=-0.025024
ALIGN ego[03] partner[01] R2=0.937237 NMSE=0.062763 shuffled_R2=-0.017834
ALIGN ego[03] partner[02] R2=0.931152 NMSE=0.068848 shuffled_R2=-0.015891
ALIGN ego[03] partner[03] R2=0.876039 NMSE=0.123961 shuffled_R2=-0.062647
ALIGN ego[03] partner[04] R2=0.936285 NMSE=0.063715 shuffled_R2=-0.039007
ALIGN ego[04] partner[00] R2=0.866462 NMSE=0.133538 shuffled_R2=-0.030111
ALIGN ego[04] partner[01] R2=0.931269 NMSE=0.068731 shuffled_R2=-0.016775
ALIGN ego[04] partner[02] R2=0.883071 NMSE=0.116929 shuffled_R2=-0.030266
ALIGN ego[04] partner[03] R2=0.937840 NMSE=0.062160 shuffled_R2=-0.014980
ALIGN ego[04] partner[04] R2=0.884809 NMSE=0.115191 shuffled_R2=-0.079852
Evaluating partner alignment group 2: method=pbt, prefix=checkpoints/eval_pools/pbt
LOADED: checkpoints/eval_pools/pbt/cramped_room5x5/baseline_seed_0_step_62.msgpack
LOADED: checkpoints/eval_pools/pbt/cramped_room5x5/baseline_seed_1_step_62.msgpack
LOADED: checkpoints/eval_pools/pbt/cramped_room5x5/baseline_seed_2_step_62.msgpack
LOADED: checkpoints/eval_pools/pbt/cramped_room5x5/baseline_seed_3_step_62.msgpack
LOADED: checkpoints/eval_pools/pbt/cramped_room5x5/baseline_seed_4_step_62.msgpack
Using alignment rollout scale: ALIGN_PAIR_BATCH_SIZE=2, ALIGN_EVAL_NUM_EPISODES=128, ALIGN_EVAL_NUM_STEPS=400
ALIGN ego[00] partner[00] R2=0.874957 NMSE=0.125043 shuffled_R2=-0.017842
ALIGN ego[00] partner[01] R2=0.895674 NMSE=0.104326 shuffled_R2=-0.015959
ALIGN ego[00] partner[02] R2=0.902277 NMSE=0.097723 shuffled_R2=-0.015196
ALIGN ego[00] partner[03] R2=0.825160 NMSE=0.174840 shuffled_R2=-0.026758
ALIGN ego[00] partner[04] R2=0.712503 NMSE=0.287497 shuffled_R2=-0.078720
ALIGN ego[01] partner[00] R2=0.835228 NMSE=0.164772 shuffled_R2=-0.022683
ALIGN ego[01] partner[01] R2=0.883422 NMSE=0.116578 shuffled_R2=-0.017454
ALIGN ego[01] partner[02] R2=0.727220 NMSE=0.272780 shuffled_R2=-0.060720
ALIGN ego[01] partner[03] R2=0.855864 NMSE=0.144136 shuffled_R2=-0.016003
ALIGN ego[01] partner[04] R2=0.878807 NMSE=0.121193 shuffled_R2=-0.022176
ALIGN ego[02] partner[00] R2=0.900547 NMSE=0.099453 shuffled_R2=-0.016044
ALIGN ego[02] partner[01] R2=0.858000 NMSE=0.142000 shuffled_R2=-0.017191
ALIGN ego[02] partner[02] R2=0.862238 NMSE=0.137762 shuffled_R2=-0.017952
ALIGN ego[02] partner[03] R2=0.858721 NMSE=0.141279 shuffled_R2=-0.020160
ALIGN ego[02] partner[04] R2=0.901047 NMSE=0.098953 shuffled_R2=-0.014881
ALIGN ego[03] partner[00] R2=0.878774 NMSE=0.121226 shuffled_R2=-0.018832
ALIGN ego[03] partner[01] R2=0.869405 NMSE=0.130595 shuffled_R2=-0.017914
ALIGN ego[03] partner[02] R2=0.816454 NMSE=0.183546 shuffled_R2=-0.035349
ALIGN ego[03] partner[03] R2=0.868465 NMSE=0.131535 shuffled_R2=-0.016512
ALIGN ego[03] partner[04] R2=0.743874 NMSE=0.256126 shuffled_R2=-0.046773
ALIGN ego[04] partner[00] R2=0.885037 NMSE=0.114963 shuffled_R2=-0.015859
ALIGN ego[04] partner[01] R2=0.870527 NMSE=0.129473 shuffled_R2=-0.014449
ALIGN ego[04] partner[02] R2=0.825772 NMSE=0.174228 shuffled_R2=-0.020928
ALIGN ego[04] partner[03] R2=0.874556 NMSE=0.125444 shuffled_R2=-0.019781
ALIGN ego[04] partner[04] R2=0.835706 NMSE=0.164294 shuffled_R2=-0.016743
Evaluating partner alignment group 3: method=sp, prefix=checkpoints/eval_pools/sp
LOADED: checkpoints/eval_pools/sp/cramped_room5x5/baseline_seed_0_step_220.msgpack
LOADED: checkpoints/eval_pools/sp/cramped_room5x5/baseline_seed_1_step_220.msgpack
LOADED: checkpoints/eval_pools/sp/cramped_room5x5/baseline_seed_2_step_220.msgpack
LOADED: checkpoints/eval_pools/sp/cramped_room5x5/baseline_seed_3_step_220.msgpack
LOADED: checkpoints/eval_pools/sp/cramped_room5x5/baseline_seed_4_step_220.msgpack
Using alignment rollout scale: ALIGN_PAIR_BATCH_SIZE=2, ALIGN_EVAL_NUM_EPISODES=128, ALIGN_EVAL_NUM_STEPS=400
ALIGN ego[00] partner[00] R2=0.948498 NMSE=0.051502 shuffled_R2=-0.014977
ALIGN ego[00] partner[01] R2=0.963973 NMSE=0.036027 shuffled_R2=-0.013757
ALIGN ego[00] partner[02] R2=0.940854 NMSE=0.059146 shuffled_R2=-0.024584
ALIGN ego[00] partner[03] R2=0.946485 NMSE=0.053515 shuffled_R2=-0.016636
ALIGN ego[00] partner[04] R2=0.950738 NMSE=0.049262 shuffled_R2=-0.020230
ALIGN ego[01] partner[00] R2=0.942399 NMSE=0.057601 shuffled_R2=-0.022476
ALIGN ego[01] partner[01] R2=0.967546 NMSE=0.032454 shuffled_R2=-0.016020
ALIGN ego[01] partner[02] R2=0.933472 NMSE=0.066528 shuffled_R2=-0.028483
ALIGN ego[01] partner[03] R2=0.876376 NMSE=0.123624 shuffled_R2=-0.070185
ALIGN ego[01] partner[04] R2=0.948702 NMSE=0.051298 shuffled_R2=-0.020670
ALIGN ego[02] partner[00] R2=0.962292 NMSE=0.037708 shuffled_R2=-0.020286
ALIGN ego[02] partner[01] R2=0.956695 NMSE=0.043305 shuffled_R2=-0.019985
ALIGN ego[02] partner[02] R2=0.958334 NMSE=0.041666 shuffled_R2=-0.016656
ALIGN ego[02] partner[03] R2=0.954885 NMSE=0.045115 shuffled_R2=-0.014333
ALIGN ego[02] partner[04] R2=0.961771 NMSE=0.038229 shuffled_R2=-0.017284
ALIGN ego[03] partner[00] R2=0.907599 NMSE=0.092401 shuffled_R2=-0.032991
ALIGN ego[03] partner[01] R2=0.950870 NMSE=0.049130 shuffled_R2=-0.019717
ALIGN ego[03] partner[02] R2=0.920576 NMSE=0.079424 shuffled_R2=-0.025768
ALIGN ego[03] partner[03] R2=0.934050 NMSE=0.065950 shuffled_R2=-0.030799
ALIGN ego[03] partner[04] R2=0.967901 NMSE=0.032099 shuffled_R2=-0.014529
ALIGN ego[04] partner[00] R2=0.844295 NMSE=0.155705 shuffled_R2=-0.044104
ALIGN ego[04] partner[01] R2=0.900348 NMSE=0.099652 shuffled_R2=-0.030192
ALIGN ego[04] partner[02] R2=0.878257 NMSE=0.121743 shuffled_R2=-0.033111
ALIGN ego[04] partner[03] R2=0.835807 NMSE=0.164193 shuffled_R2=-0.023565
ALIGN ego[04] partner[04] R2=0.943296 NMSE=0.056704 shuffled_R2=-0.016784
Average ego-to-partner alignment R2: 0.904338 +- 0.005591 SE over 100 ego-partner pairs
Average alignment normalized MSE: 0.095662 +- 0.005591 SE
Average shuffled-control alignment R2: -0.026521 +- 0.001637 SE
Saved alignment results to ad_hoc_teamplay_results/lmpredlow_ablate_ad_hoc_teamplay/cramped_room5x5
Evaluating ad-hoc teamplay for ego_method=lmpredlow_ema, layout=counter_circuit
ego_prefix=checkpoints/lmpredlow_ema/, partner_pool_specs=e3t:checkpoints/eval_pools/e3t;mep_br:checkpoints/eval_pools/mep_br;pbt:checkpoints/eval_pools/pbt;sp:checkpoints/eval_pools/sp, result_name=lmpredlow_ema_ad_hoc_teamplay, ego_perspective_transform=true
Importing submoduled environments...
Submoduled environments not found. Skipping import.
2026-07-03 02:52:22.035542: W external/xla/xla/service/gpu/autotuning/dot_search_space.cc:200] All configs were filtered out because none of them sufficiently match the hints. Maybe the hints set does not contain a good representative set of valid configs?Working around this by using the full hints set instead.
2026-07-03 02:52:23.059307: W external/xla/xla/service/gpu/autotuning/dot_search_space.cc:200] All configs were filtered out because none of them sufficiently match the hints. Maybe the hints set does not contain a good representative set of valid configs?Working around this by using the full hints set instead.
LOADED: checkpoints/lmpredlow_ema/counter_circuit/baseline_seed_0_step_380.msgpack
LOADED: checkpoints/lmpredlow_ema/counter_circuit/baseline_seed_1_step_380.msgpack
LOADED: checkpoints/lmpredlow_ema/counter_circuit/baseline_seed_2_step_380.msgpack
LOADED: checkpoints/lmpredlow_ema/counter_circuit/baseline_seed_3_step_380.msgpack
LOADED: checkpoints/lmpredlow_ema/counter_circuit/baseline_seed_4_step_380.msgpack
Evaluating partner group 0: method=e3t, prefix=checkpoints/eval_pools/e3t
LOADED: checkpoints/eval_pools/e3t/counter_circuit/baseline_seed_0_step_220.msgpack
LOADED: checkpoints/eval_pools/e3t/counter_circuit/baseline_seed_1_step_220.msgpack
LOADED: checkpoints/eval_pools/e3t/counter_circuit/baseline_seed_2_step_220.msgpack
LOADED: checkpoints/eval_pools/e3t/counter_circuit/baseline_seed_3_step_220.msgpack
LOADED: checkpoints/eval_pools/e3t/counter_circuit/baseline_seed_4_step_220.msgpack
Using XP rollout scale: XP_PAIR_BATCH_SIZE=32, EVAL_NUM_EPISODES=128, EVAL_NUM_STEPS=400
XP ego[00] partner[00] = 143.750
XP ego[00] partner[01] = 69.062
XP ego[00] partner[02] = 107.188
XP ego[00] partner[03] = 12.188
XP ego[00] partner[04] = 68.125
XP ego[01] partner[00] = 132.969
XP ego[01] partner[01] = 167.500
XP ego[01] partner[02] = 136.875
XP ego[01] partner[03] = 39.688
XP ego[01] partner[04] = 132.188
XP ego[02] partner[00] = 143.438
XP ego[02] partner[01] = 101.406
XP ego[02] partner[02] = 107.188
XP ego[02] partner[03] = 7.656
XP ego[02] partner[04] = 118.750
XP ego[03] partner[00] = 165.312
XP ego[03] partner[01] = 80.781
XP ego[03] partner[02] = 123.594
XP ego[03] partner[03] = 11.875
XP ego[03] partner[04] = 95.000
XP ego[04] partner[00] = 162.969
XP ego[04] partner[01] = 72.188
XP ego[04] partner[02] = 104.219
XP ego[04] partner[03] = 22.188
XP ego[04] partner[04] = 110.000
Evaluating partner group 1: method=mep_br, prefix=checkpoints/eval_pools/mep_br
LOADED: checkpoints/eval_pools/mep_br/counter_circuit/baseline_seed_0_step_380.msgpack
LOADED: checkpoints/eval_pools/mep_br/counter_circuit/baseline_seed_1_step_380.msgpack
LOADED: checkpoints/eval_pools/mep_br/counter_circuit/baseline_seed_2_step_380.msgpack
LOADED: checkpoints/eval_pools/mep_br/counter_circuit/baseline_seed_3_step_380.msgpack
LOADED: checkpoints/eval_pools/mep_br/counter_circuit/baseline_seed_4_step_380.msgpack
Using XP rollout scale: XP_PAIR_BATCH_SIZE=32, EVAL_NUM_EPISODES=128, EVAL_NUM_STEPS=400
XP ego[00] partner[00] = 196.875
XP ego[00] partner[01] = 169.062
XP ego[00] partner[02] = 216.875
XP ego[00] partner[03] = 205.781
XP ego[00] partner[04] = 185.156
XP ego[01] partner[00] = 105.938
XP ego[01] partner[01] = 82.188
XP ego[01] partner[02] = 207.969
XP ego[01] partner[03] = 189.375
XP ego[01] partner[04] = 117.656
XP ego[02] partner[00] = 209.375
XP ego[02] partner[01] = 200.469
XP ego[02] partner[02] = 217.969
XP ego[02] partner[03] = 220.938
XP ego[02] partner[04] = 177.812
XP ego[03] partner[00] = 222.500
XP ego[03] partner[01] = 202.500
XP ego[03] partner[02] = 240.625
XP ego[03] partner[03] = 234.688
XP ego[03] partner[04] = 207.344
XP ego[04] partner[00] = 216.875
XP ego[04] partner[01] = 177.969
XP ego[04] partner[02] = 220.781
XP ego[04] partner[03] = 163.281
XP ego[04] partner[04] = 182.969
Evaluating partner group 2: method=pbt, prefix=checkpoints/eval_pools/pbt
LOADED: checkpoints/eval_pools/pbt/counter_circuit/baseline_seed_0_step_62.msgpack
LOADED: checkpoints/eval_pools/pbt/counter_circuit/baseline_seed_1_step_62.msgpack
LOADED: checkpoints/eval_pools/pbt/counter_circuit/baseline_seed_2_step_62.msgpack
LOADED: checkpoints/eval_pools/pbt/counter_circuit/baseline_seed_3_step_62.msgpack
LOADED: checkpoints/eval_pools/pbt/counter_circuit/baseline_seed_4_step_62.msgpack
Using XP rollout scale: XP_PAIR_BATCH_SIZE=32, EVAL_NUM_EPISODES=128, EVAL_NUM_STEPS=400
XP ego[00] partner[00] = 161.875
XP ego[00] partner[01] = 163.906
XP ego[00] partner[02] = 169.062
XP ego[00] partner[03] = 171.250
XP ego[00] partner[04] = 167.031
XP ego[01] partner[00] = 159.062
XP ego[01] partner[01] = 158.438
XP ego[01] partner[02] = 183.906
XP ego[01] partner[03] = 159.062
XP ego[01] partner[04] = 170.781
XP ego[02] partner[00] = 167.188
XP ego[02] partner[01] = 182.969
XP ego[02] partner[02] = 175.938
XP ego[02] partner[03] = 168.281
XP ego[02] partner[04] = 178.281
XP ego[03] partner[00] = 208.906
XP ego[03] partner[01] = 204.062
XP ego[03] partner[02] = 203.594
XP ego[03] partner[03] = 202.656
XP ego[03] partner[04] = 212.344
XP ego[04] partner[00] = 199.688
XP ego[04] partner[01] = 198.438
XP ego[04] partner[02] = 193.438
XP ego[04] partner[03] = 197.188
XP ego[04] partner[04] = 195.625
Evaluating partner group 3: method=sp, prefix=checkpoints/eval_pools/sp
LOADED: checkpoints/eval_pools/sp/counter_circuit/baseline_seed_0_step_380.msgpack
LOADED: checkpoints/eval_pools/sp/counter_circuit/baseline_seed_1_step_380.msgpack
LOADED: checkpoints/eval_pools/sp/counter_circuit/baseline_seed_2_step_380.msgpack
LOADED: checkpoints/eval_pools/sp/counter_circuit/baseline_seed_3_step_380.msgpack
LOADED: checkpoints/eval_pools/sp/counter_circuit/baseline_seed_4_step_380.msgpack
Using XP rollout scale: XP_PAIR_BATCH_SIZE=32, EVAL_NUM_EPISODES=128, EVAL_NUM_STEPS=400
XP ego[00] partner[00] = 140.312
XP ego[00] partner[01] = 164.844
XP ego[00] partner[02] = 153.281
XP ego[00] partner[03] = 222.812
XP ego[00] partner[04] = 156.094
XP ego[01] partner[00] = 137.656
XP ego[01] partner[01] = 108.438
XP ego[01] partner[02] = 147.969
XP ego[01] partner[03] = 189.531
XP ego[01] partner[04] = 164.688
XP ego[02] partner[00] = 143.594
XP ego[02] partner[01] = 149.531
XP ego[02] partner[02] = 161.094
XP ego[02] partner[03] = 220.625
XP ego[02] partner[04] = 172.500
XP ego[03] partner[00] = 157.812
XP ego[03] partner[01] = 173.438
XP ego[03] partner[02] = 174.844
XP ego[03] partner[03] = 244.062
XP ego[03] partner[04] = 156.094
XP ego[04] partner[00] = 158.125
XP ego[04] partner[01] = 187.344
XP ego[04] partner[02] = 183.906
XP ego[04] partner[03] = 230.156
XP ego[04] partner[04] = 155.000
Average ego-vs-partner performance: 160.158 +- 5.152 SE over 100 ordered pairs
Average diagonal performance: 108.062 +- 26.517 SE over 5 pairs
Average off-diagonal performance (only for square pools): nan +- nan SE over 0 ordered pairs
Saved ad-hoc teamplay results to ad_hoc_teamplay_results/lmpredlow_ema_ad_hoc_teamplay/counter_circuit
Saved ad-hoc teamplay heatmap to ad_hoc_teamplay_results/lmpredlow_ema_ad_hoc_teamplay/counter_circuit/xp_matrix.png
Evaluating partner alignment group 0: method=e3t, prefix=checkpoints/eval_pools/e3t
LOADED: checkpoints/eval_pools/e3t/counter_circuit/baseline_seed_0_step_220.msgpack
LOADED: checkpoints/eval_pools/e3t/counter_circuit/baseline_seed_1_step_220.msgpack
LOADED: checkpoints/eval_pools/e3t/counter_circuit/baseline_seed_2_step_220.msgpack
LOADED: checkpoints/eval_pools/e3t/counter_circuit/baseline_seed_3_step_220.msgpack
LOADED: checkpoints/eval_pools/e3t/counter_circuit/baseline_seed_4_step_220.msgpack
Using alignment rollout scale: ALIGN_PAIR_BATCH_SIZE=2, ALIGN_EVAL_NUM_EPISODES=128, ALIGN_EVAL_NUM_STEPS=400
ALIGN ego[00] partner[00] R2=0.826913 NMSE=0.173087 shuffled_R2=-0.020988
ALIGN ego[00] partner[01] R2=0.789613 NMSE=0.210387 shuffled_R2=-0.025626
ALIGN ego[00] partner[02] R2=0.790864 NMSE=0.209136 shuffled_R2=-0.018414
ALIGN ego[00] partner[03] R2=0.853801 NMSE=0.146199 shuffled_R2=-0.022961
ALIGN ego[00] partner[04] R2=0.798619 NMSE=0.201381 shuffled_R2=-0.019437
ALIGN ego[01] partner[00] R2=0.800349 NMSE=0.199651 shuffled_R2=-0.016134
ALIGN ego[01] partner[01] R2=0.746012 NMSE=0.253988 shuffled_R2=-0.019534
ALIGN ego[01] partner[02] R2=0.779542 NMSE=0.220458 shuffled_R2=-0.015692
ALIGN ego[01] partner[03] R2=0.790991 NMSE=0.209009 shuffled_R2=-0.028917
ALIGN ego[01] partner[04] R2=0.768327 NMSE=0.231673 shuffled_R2=-0.017450
ALIGN ego[02] partner[00] R2=0.789233 NMSE=0.210767 shuffled_R2=-0.018783
ALIGN ego[02] partner[01] R2=0.850662 NMSE=0.149338 shuffled_R2=-0.018172
ALIGN ego[02] partner[02] R2=0.740994 NMSE=0.259006 shuffled_R2=-0.021736
ALIGN ego[02] partner[03] R2=0.869344 NMSE=0.130656 shuffled_R2=-0.018132
ALIGN ego[02] partner[04] R2=0.811930 NMSE=0.188070 shuffled_R2=-0.014931
ALIGN ego[03] partner[00] R2=0.816124 NMSE=0.183876 shuffled_R2=-0.015933
ALIGN ego[03] partner[01] R2=0.843210 NMSE=0.156790 shuffled_R2=-0.013883
ALIGN ego[03] partner[02] R2=0.716262 NMSE=0.283738 shuffled_R2=-0.031452
ALIGN ego[03] partner[03] R2=0.780374 NMSE=0.219626 shuffled_R2=-0.029132
ALIGN ego[03] partner[04] R2=0.813210 NMSE=0.186790 shuffled_R2=-0.026416
ALIGN ego[04] partner[00] R2=0.792520 NMSE=0.207480 shuffled_R2=-0.015673
ALIGN ego[04] partner[01] R2=0.837970 NMSE=0.162030 shuffled_R2=-0.017204
ALIGN ego[04] partner[02] R2=0.769315 NMSE=0.230685 shuffled_R2=-0.019468
ALIGN ego[04] partner[03] R2=0.728077 NMSE=0.271923 shuffled_R2=-0.045398
ALIGN ego[04] partner[04] R2=0.739397 NMSE=0.260603 shuffled_R2=-0.019383
Evaluating partner alignment group 1: method=mep_br, prefix=checkpoints/eval_pools/mep_br
LOADED: checkpoints/eval_pools/mep_br/counter_circuit/baseline_seed_0_step_380.msgpack
LOADED: checkpoints/eval_pools/mep_br/counter_circuit/baseline_seed_1_step_380.msgpack
LOADED: checkpoints/eval_pools/mep_br/counter_circuit/baseline_seed_2_step_380.msgpack
LOADED: checkpoints/eval_pools/mep_br/counter_circuit/baseline_seed_3_step_380.msgpack
LOADED: checkpoints/eval_pools/mep_br/counter_circuit/baseline_seed_4_step_380.msgpack
Using alignment rollout scale: ALIGN_PAIR_BATCH_SIZE=2, ALIGN_EVAL_NUM_EPISODES=128, ALIGN_EVAL_NUM_STEPS=400
ALIGN ego[00] partner[00] R2=0.869984 NMSE=0.130016 shuffled_R2=-0.017154
ALIGN ego[00] partner[01] R2=0.844111 NMSE=0.155889 shuffled_R2=-0.017301
ALIGN ego[00] partner[02] R2=0.780864 NMSE=0.219136 shuffled_R2=-0.023316
ALIGN ego[00] partner[03] R2=0.728710 NMSE=0.271290 shuffled_R2=-0.028068
ALIGN ego[00] partner[04] R2=0.854014 NMSE=0.145986 shuffled_R2=-0.015998
ALIGN ego[01] partner[00] R2=0.742291 NMSE=0.257709 shuffled_R2=-0.024499
ALIGN ego[01] partner[01] R2=0.869628 NMSE=0.130372 shuffled_R2=-0.018852
ALIGN ego[01] partner[02] R2=0.842593 NMSE=0.157407 shuffled_R2=-0.015986
ALIGN ego[01] partner[03] R2=0.828957 NMSE=0.171043 shuffled_R2=-0.016172
ALIGN ego[01] partner[04] R2=0.849198 NMSE=0.150802 shuffled_R2=-0.016648
ALIGN ego[02] partner[00] R2=0.871474 NMSE=0.128526 shuffled_R2=-0.017484
ALIGN ego[02] partner[01] R2=0.822566 NMSE=0.177434 shuffled_R2=-0.014392
ALIGN ego[02] partner[02] R2=0.857172 NMSE=0.142828 shuffled_R2=-0.014510
ALIGN ego[02] partner[03] R2=0.866943 NMSE=0.133057 shuffled_R2=-0.015809
ALIGN ego[02] partner[04] R2=0.765850 NMSE=0.234150 shuffled_R2=-0.018857
ALIGN ego[03] partner[00] R2=0.838910 NMSE=0.161090 shuffled_R2=-0.020232
ALIGN ego[03] partner[01] R2=0.845385 NMSE=0.154615 shuffled_R2=-0.016369
ALIGN ego[03] partner[02] R2=0.869676 NMSE=0.130324 shuffled_R2=-0.016850
ALIGN ego[03] partner[03] R2=0.817359 NMSE=0.182641 shuffled_R2=-0.022432
ALIGN ego[03] partner[04] R2=0.761877 NMSE=0.238123 shuffled_R2=-0.022328
ALIGN ego[04] partner[00] R2=0.807501 NMSE=0.192499 shuffled_R2=-0.023529
ALIGN ego[04] partner[01] R2=0.791045 NMSE=0.208955 shuffled_R2=-0.026454
ALIGN ego[04] partner[02] R2=0.876268 NMSE=0.123732 shuffled_R2=-0.016655
ALIGN ego[04] partner[03] R2=0.869618 NMSE=0.130382 shuffled_R2=-0.017728
ALIGN ego[04] partner[04] R2=0.836498 NMSE=0.163502 shuffled_R2=-0.014621
Evaluating partner alignment group 2: method=pbt, prefix=checkpoints/eval_pools/pbt
LOADED: checkpoints/eval_pools/pbt/counter_circuit/baseline_seed_0_step_62.msgpack
LOADED: checkpoints/eval_pools/pbt/counter_circuit/baseline_seed_1_step_62.msgpack
LOADED: checkpoints/eval_pools/pbt/counter_circuit/baseline_seed_2_step_62.msgpack
LOADED: checkpoints/eval_pools/pbt/counter_circuit/baseline_seed_3_step_62.msgpack
LOADED: checkpoints/eval_pools/pbt/counter_circuit/baseline_seed_4_step_62.msgpack
Using alignment rollout scale: ALIGN_PAIR_BATCH_SIZE=2, ALIGN_EVAL_NUM_EPISODES=128, ALIGN_EVAL_NUM_STEPS=400
ALIGN ego[00] partner[00] R2=0.761605 NMSE=0.238395 shuffled_R2=-0.019689
ALIGN ego[00] partner[01] R2=0.773489 NMSE=0.226511 shuffled_R2=-0.014969
ALIGN ego[00] partner[02] R2=0.742434 NMSE=0.257566 shuffled_R2=-0.021100
ALIGN ego[00] partner[03] R2=0.663103 NMSE=0.336897 shuffled_R2=-0.032599
ALIGN ego[00] partner[04] R2=0.762334 NMSE=0.237666 shuffled_R2=-0.019154
ALIGN ego[01] partner[00] R2=0.766084 NMSE=0.233916 shuffled_R2=-0.018974
ALIGN ego[01] partner[01] R2=0.753318 NMSE=0.246682 shuffled_R2=-0.017013
ALIGN ego[01] partner[02] R2=0.740961 NMSE=0.259039 shuffled_R2=-0.022699
ALIGN ego[01] partner[03] R2=0.777294 NMSE=0.222706 shuffled_R2=-0.018391
ALIGN ego[01] partner[04] R2=0.763340 NMSE=0.236660 shuffled_R2=-0.016205
ALIGN ego[02] partner[00] R2=0.833448 NMSE=0.166552 shuffled_R2=-0.014959
ALIGN ego[02] partner[01] R2=0.816245 NMSE=0.183755 shuffled_R2=-0.012464
ALIGN ego[02] partner[02] R2=0.812274 NMSE=0.187726 shuffled_R2=-0.014392
ALIGN ego[02] partner[03] R2=0.787190 NMSE=0.212810 shuffled_R2=-0.018152
ALIGN ego[02] partner[04] R2=0.822747 NMSE=0.177253 shuffled_R2=-0.016271
ALIGN ego[03] partner[00] R2=0.769877 NMSE=0.230123 shuffled_R2=-0.015576
ALIGN ego[03] partner[01] R2=0.787859 NMSE=0.212141 shuffled_R2=-0.016128
ALIGN ego[03] partner[02] R2=0.776960 NMSE=0.223040 shuffled_R2=-0.013862
ALIGN ego[03] partner[03] R2=0.710938 NMSE=0.289062 shuffled_R2=-0.028207
ALIGN ego[03] partner[04] R2=0.785255 NMSE=0.214745 shuffled_R2=-0.015668
ALIGN ego[04] partner[00] R2=0.737983 NMSE=0.262017 shuffled_R2=-0.016792
ALIGN ego[04] partner[01] R2=0.619629 NMSE=0.380371 shuffled_R2=-0.039887
ALIGN ego[04] partner[02] R2=0.720066 NMSE=0.279934 shuffled_R2=-0.019616
ALIGN ego[04] partner[03] R2=0.772304 NMSE=0.227696 shuffled_R2=-0.013764
ALIGN ego[04] partner[04] R2=0.790879 NMSE=0.209121 shuffled_R2=-0.013806
Evaluating partner alignment group 3: method=sp, prefix=checkpoints/eval_pools/sp
LOADED: checkpoints/eval_pools/sp/counter_circuit/baseline_seed_0_step_380.msgpack
LOADED: checkpoints/eval_pools/sp/counter_circuit/baseline_seed_1_step_380.msgpack
LOADED: checkpoints/eval_pools/sp/counter_circuit/baseline_seed_2_step_380.msgpack
LOADED: checkpoints/eval_pools/sp/counter_circuit/baseline_seed_3_step_380.msgpack
LOADED: checkpoints/eval_pools/sp/counter_circuit/baseline_seed_4_step_380.msgpack
Using alignment rollout scale: ALIGN_PAIR_BATCH_SIZE=2, ALIGN_EVAL_NUM_EPISODES=128, ALIGN_EVAL_NUM_STEPS=400
ALIGN ego[00] partner[00] R2=0.870118 NMSE=0.129882 shuffled_R2=-0.017871
ALIGN ego[00] partner[01] R2=0.863527 NMSE=0.136473 shuffled_R2=-0.016762
ALIGN ego[00] partner[02] R2=0.862638 NMSE=0.137362 shuffled_R2=-0.016673
ALIGN ego[00] partner[03] R2=0.756078 NMSE=0.243922 shuffled_R2=-0.030604
ALIGN ego[00] partner[04] R2=0.815549 NMSE=0.184451 shuffled_R2=-0.020665
ALIGN ego[01] partner[00] R2=0.835031 NMSE=0.164969 shuffled_R2=-0.020685
ALIGN ego[01] partner[01] R2=0.874804 NMSE=0.125196 shuffled_R2=-0.015745
ALIGN ego[01] partner[02] R2=0.772900 NMSE=0.227100 shuffled_R2=-0.024776
ALIGN ego[01] partner[03] R2=0.822612 NMSE=0.177388 shuffled_R2=-0.017284
ALIGN ego[01] partner[04] R2=0.830981 NMSE=0.169019 shuffled_R2=-0.015886
ALIGN ego[02] partner[00] R2=0.885270 NMSE=0.114730 shuffled_R2=-0.016926
ALIGN ego[02] partner[01] R2=0.888993 NMSE=0.111007 shuffled_R2=-0.017310
ALIGN ego[02] partner[02] R2=0.852171 NMSE=0.147829 shuffled_R2=-0.019825
ALIGN ego[02] partner[03] R2=0.872096 NMSE=0.127904 shuffled_R2=-0.018103
ALIGN ego[02] partner[04] R2=0.855212 NMSE=0.144788 shuffled_R2=-0.013974
ALIGN ego[03] partner[00] R2=0.859495 NMSE=0.140505 shuffled_R2=-0.018427
ALIGN ego[03] partner[01] R2=0.763025 NMSE=0.236975 shuffled_R2=-0.027372
ALIGN ego[03] partner[02] R2=0.844365 NMSE=0.155635 shuffled_R2=-0.017161
ALIGN ego[03] partner[03] R2=0.832770 NMSE=0.167230 shuffled_R2=-0.018921
ALIGN ego[03] partner[04] R2=0.872308 NMSE=0.127692 shuffled_R2=-0.014222
ALIGN ego[04] partner[00] R2=0.820957 NMSE=0.179043 shuffled_R2=-0.015378
ALIGN ego[04] partner[01] R2=0.868528 NMSE=0.131472 shuffled_R2=-0.015066
ALIGN ego[04] partner[02] R2=0.805083 NMSE=0.194917 shuffled_R2=-0.017589
ALIGN ego[04] partner[03] R2=0.842859 NMSE=0.157141 shuffled_R2=-0.016773
ALIGN ego[04] partner[04] R2=0.797097 NMSE=0.202903 shuffled_R2=-0.017513
Average ego-to-partner alignment R2: 0.805642 +- 0.005152 SE over 100 ego-partner pairs
Average alignment normalized MSE: 0.194358 +- 0.005152 SE
Average shuffled-control alignment R2: -0.019349 +- 0.000546 SE
Saved alignment results to ad_hoc_teamplay_results/lmpredlow_ema_ad_hoc_teamplay/counter_circuit
Evaluating ad-hoc teamplay for ego_method=lmpredlow_ema, layout=coord_ring
ego_prefix=checkpoints/lmpredlow_ema/, partner_pool_specs=e3t:checkpoints/eval_pools/e3t;mep_br:checkpoints/eval_pools/mep_br;pbt:checkpoints/eval_pools/pbt;sp:checkpoints/eval_pools/sp, result_name=lmpredlow_ema_ad_hoc_teamplay, ego_perspective_transform=true
Importing submoduled environments...
Submoduled environments not found. Skipping import.
2026-07-03 02:55:57.259295: W external/xla/xla/service/gpu/autotuning/dot_search_space.cc:200] All configs were filtered out because none of them sufficiently match the hints. Maybe the hints set does not contain a good representative set of valid configs?Working around this by using the full hints set instead.
2026-07-03 02:55:58.373180: W external/xla/xla/service/gpu/autotuning/dot_search_space.cc:200] All configs were filtered out because none of them sufficiently match the hints. Maybe the hints set does not contain a good representative set of valid configs?Working around this by using the full hints set instead.
LOADED: checkpoints/lmpredlow_ema/coord_ring/baseline_seed_0_step_220.msgpack
LOADED: checkpoints/lmpredlow_ema/coord_ring/baseline_seed_1_step_220.msgpack
LOADED: checkpoints/lmpredlow_ema/coord_ring/baseline_seed_2_step_220.msgpack
LOADED: checkpoints/lmpredlow_ema/coord_ring/baseline_seed_3_step_220.msgpack
LOADED: checkpoints/lmpredlow_ema/coord_ring/baseline_seed_4_step_220.msgpack
Evaluating partner group 0: method=e3t, prefix=checkpoints/eval_pools/e3t
LOADED: checkpoints/eval_pools/e3t/coord_ring/baseline_seed_0_step_220.msgpack
LOADED: checkpoints/eval_pools/e3t/coord_ring/baseline_seed_1_step_220.msgpack
LOADED: checkpoints/eval_pools/e3t/coord_ring/baseline_seed_2_step_220.msgpack
LOADED: checkpoints/eval_pools/e3t/coord_ring/baseline_seed_3_step_220.msgpack
LOADED: checkpoints/eval_pools/e3t/coord_ring/baseline_seed_4_step_220.msgpack
Using XP rollout scale: XP_PAIR_BATCH_SIZE=32, EVAL_NUM_EPISODES=128, EVAL_NUM_STEPS=400
XP ego[00] partner[00] = 227.031
XP ego[00] partner[01] = 267.500
XP ego[00] partner[02] = 79.375
XP ego[00] partner[03] = 279.062
XP ego[00] partner[04] = 274.219
XP ego[01] partner[00] = 260.469
XP ego[01] partner[01] = 277.031
XP ego[01] partner[02] = 58.906
XP ego[01] partner[03] = 249.688
XP ego[01] partner[04] = 260.781
XP ego[02] partner[00] = 245.156
XP ego[02] partner[01] = 232.969
XP ego[02] partner[02] = 50.000
XP ego[02] partner[03] = 165.625
XP ego[02] partner[04] = 233.750
XP ego[03] partner[00] = 249.219
XP ego[03] partner[01] = 268.750
XP ego[03] partner[02] = 19.375
XP ego[03] partner[03] = 259.844
XP ego[03] partner[04] = 252.344
XP ego[04] partner[00] = 273.125
XP ego[04] partner[01] = 289.062
XP ego[04] partner[02] = 25.469
XP ego[04] partner[03] = 275.312
XP ego[04] partner[04] = 291.094
Evaluating partner group 1: method=mep_br, prefix=checkpoints/eval_pools/mep_br
LOADED: checkpoints/eval_pools/mep_br/coord_ring/baseline_seed_0_step_220.msgpack
LOADED: checkpoints/eval_pools/mep_br/coord_ring/baseline_seed_1_step_220.msgpack
LOADED: checkpoints/eval_pools/mep_br/coord_ring/baseline_seed_2_step_220.msgpack
LOADED: checkpoints/eval_pools/mep_br/coord_ring/baseline_seed_3_step_220.msgpack
LOADED: checkpoints/eval_pools/mep_br/coord_ring/baseline_seed_4_step_220.msgpack
Using XP rollout scale: XP_PAIR_BATCH_SIZE=32, EVAL_NUM_EPISODES=128, EVAL_NUM_STEPS=400
XP ego[00] partner[00] = 255.938
XP ego[00] partner[01] = 272.812
XP ego[00] partner[02] = 277.031
XP ego[00] partner[03] = 215.625
XP ego[00] partner[04] = 255.156
XP ego[01] partner[00] = 231.094
XP ego[01] partner[01] = 273.750
XP ego[01] partner[02] = 231.406
XP ego[01] partner[03] = 195.625
XP ego[01] partner[04] = 195.312
XP ego[02] partner[00] = 158.750
XP ego[02] partner[01] = 231.719
XP ego[02] partner[02] = 175.938
XP ego[02] partner[03] = 169.375
XP ego[02] partner[04] = 97.969
XP ego[03] partner[00] = 232.656
XP ego[03] partner[01] = 294.531
XP ego[03] partner[02] = 289.219
XP ego[03] partner[03] = 167.969
XP ego[03] partner[04] = 222.812
XP ego[04] partner[00] = 265.938
XP ego[04] partner[01] = 287.344
XP ego[04] partner[02] = 284.688
XP ego[04] partner[03] = 182.031
XP ego[04] partner[04] = 266.562
Evaluating partner group 2: method=pbt, prefix=checkpoints/eval_pools/pbt
LOADED: checkpoints/eval_pools/pbt/coord_ring/baseline_seed_0_step_62.msgpack
LOADED: checkpoints/eval_pools/pbt/coord_ring/baseline_seed_1_step_62.msgpack
LOADED: checkpoints/eval_pools/pbt/coord_ring/baseline_seed_2_step_62.msgpack
LOADED: checkpoints/eval_pools/pbt/coord_ring/baseline_seed_3_step_62.msgpack
LOADED: checkpoints/eval_pools/pbt/coord_ring/baseline_seed_4_step_62.msgpack
Using XP rollout scale: XP_PAIR_BATCH_SIZE=32, EVAL_NUM_EPISODES=128, EVAL_NUM_STEPS=400
XP ego[00] partner[00] = 246.094
XP ego[00] partner[01] = 208.750
XP ego[00] partner[02] = 192.656
XP ego[00] partner[03] = 221.094
XP ego[00] partner[04] = 233.438
XP ego[01] partner[00] = 257.969
XP ego[01] partner[01] = 257.812
XP ego[01] partner[02] = 235.469
XP ego[01] partner[03] = 230.156
XP ego[01] partner[04] = 254.844
XP ego[02] partner[00] = 151.250
XP ego[02] partner[01] = 198.125
XP ego[02] partner[02] = 199.375
XP ego[02] partner[03] = 200.156
XP ego[02] partner[04] = 170.000
XP ego[03] partner[00] = 222.344
XP ego[03] partner[01] = 175.625
XP ego[03] partner[02] = 213.438
XP ego[03] partner[03] = 209.375
XP ego[03] partner[04] = 223.594
XP ego[04] partner[00] = 305.625
XP ego[04] partner[01] = 281.562
XP ego[04] partner[02] = 289.219
XP ego[04] partner[03] = 274.375
XP ego[04] partner[04] = 305.312
Evaluating partner group 3: method=sp, prefix=checkpoints/eval_pools/sp
LOADED: checkpoints/eval_pools/sp/coord_ring/baseline_seed_0_step_220.msgpack
LOADED: checkpoints/eval_pools/sp/coord_ring/baseline_seed_1_step_220.msgpack
LOADED: checkpoints/eval_pools/sp/coord_ring/baseline_seed_2_step_220.msgpack
LOADED: checkpoints/eval_pools/sp/coord_ring/baseline_seed_3_step_220.msgpack
LOADED: checkpoints/eval_pools/sp/coord_ring/baseline_seed_4_step_220.msgpack
Using XP rollout scale: XP_PAIR_BATCH_SIZE=32, EVAL_NUM_EPISODES=128, EVAL_NUM_STEPS=400
XP ego[00] partner[00] = 244.219
XP ego[00] partner[01] = 269.531
XP ego[00] partner[02] = 243.125
XP ego[00] partner[03] = 257.656
XP ego[00] partner[04] = 234.688
XP ego[01] partner[00] = 282.656
XP ego[01] partner[01] = 253.750
XP ego[01] partner[02] = 205.625
XP ego[01] partner[03] = 238.906
XP ego[01] partner[04] = 220.156
XP ego[02] partner[00] = 195.938
XP ego[02] partner[01] = 216.875
XP ego[02] partner[02] = 267.500
XP ego[02] partner[03] = 226.875
XP ego[02] partner[04] = 259.219
XP ego[03] partner[00] = 247.188
XP ego[03] partner[01] = 214.375
XP ego[03] partner[02] = 112.812
XP ego[03] partner[03] = 222.031
XP ego[03] partner[04] = 191.875
XP ego[04] partner[00] = 289.219
XP ego[04] partner[01] = 288.281
XP ego[04] partner[02] = 284.531
XP ego[04] partner[03] = 291.406
XP ego[04] partner[04] = 267.812
Average ego-vs-partner performance: 228.803 +- 5.885 SE over 100 ordered pairs
Average diagonal performance: 221.000 +- 44.067 SE over 5 pairs
Average off-diagonal performance (only for square pools): nan +- nan SE over 0 ordered pairs
Saved ad-hoc teamplay results to ad_hoc_teamplay_results/lmpredlow_ema_ad_hoc_teamplay/coord_ring
Saved ad-hoc teamplay heatmap to ad_hoc_teamplay_results/lmpredlow_ema_ad_hoc_teamplay/coord_ring/xp_matrix.png
Evaluating partner alignment group 0: method=e3t, prefix=checkpoints/eval_pools/e3t
LOADED: checkpoints/eval_pools/e3t/coord_ring/baseline_seed_0_step_220.msgpack
LOADED: checkpoints/eval_pools/e3t/coord_ring/baseline_seed_1_step_220.msgpack
LOADED: checkpoints/eval_pools/e3t/coord_ring/baseline_seed_2_step_220.msgpack
LOADED: checkpoints/eval_pools/e3t/coord_ring/baseline_seed_3_step_220.msgpack
LOADED: checkpoints/eval_pools/e3t/coord_ring/baseline_seed_4_step_220.msgpack
Using alignment rollout scale: ALIGN_PAIR_BATCH_SIZE=2, ALIGN_EVAL_NUM_EPISODES=128, ALIGN_EVAL_NUM_STEPS=400
ALIGN ego[00] partner[00] R2=0.815836 NMSE=0.184164 shuffled_R2=-0.035917
ALIGN ego[00] partner[01] R2=0.876250 NMSE=0.123750 shuffled_R2=-0.018376
ALIGN ego[00] partner[02] R2=0.935116 NMSE=0.064884 shuffled_R2=-0.018101
ALIGN ego[00] partner[03] R2=0.893630 NMSE=0.106370 shuffled_R2=-0.018960
ALIGN ego[00] partner[04] R2=0.886257 NMSE=0.113743 shuffled_R2=-0.015391
ALIGN ego[01] partner[00] R2=0.873561 NMSE=0.126439 shuffled_R2=-0.016970
ALIGN ego[01] partner[01] R2=0.843586 NMSE=0.156414 shuffled_R2=-0.016389
ALIGN ego[01] partner[02] R2=0.920287 NMSE=0.079713 shuffled_R2=-0.016872
ALIGN ego[01] partner[03] R2=0.870420 NMSE=0.129580 shuffled_R2=-0.015294
ALIGN ego[01] partner[04] R2=0.864365 NMSE=0.135635 shuffled_R2=-0.014559
ALIGN ego[02] partner[00] R2=0.881329 NMSE=0.118671 shuffled_R2=-0.024570
ALIGN ego[02] partner[01] R2=0.880708 NMSE=0.119292 shuffled_R2=-0.018933
ALIGN ego[02] partner[02] R2=0.939308 NMSE=0.060692 shuffled_R2=-0.018021
ALIGN ego[02] partner[03] R2=0.930545 NMSE=0.069455 shuffled_R2=-0.014964
ALIGN ego[02] partner[04] R2=0.828119 NMSE=0.171881 shuffled_R2=-0.025936
ALIGN ego[03] partner[00] R2=0.896437 NMSE=0.103563 shuffled_R2=-0.014141
ALIGN ego[03] partner[01] R2=0.828243 NMSE=0.171757 shuffled_R2=-0.020167
ALIGN ego[03] partner[02] R2=0.933007 NMSE=0.066993 shuffled_R2=-0.019786
ALIGN ego[03] partner[03] R2=0.859134 NMSE=0.140866 shuffled_R2=-0.014869
ALIGN ego[03] partner[04] R2=0.867913 NMSE=0.132087 shuffled_R2=-0.015583
ALIGN ego[04] partner[00] R2=0.905625 NMSE=0.094375 shuffled_R2=-0.016218
ALIGN ego[04] partner[01] R2=0.877256 NMSE=0.122744 shuffled_R2=-0.017405
ALIGN ego[04] partner[02] R2=0.876762 NMSE=0.123238 shuffled_R2=-0.048390
ALIGN ego[04] partner[03] R2=0.880406 NMSE=0.119594 shuffled_R2=-0.014787
ALIGN ego[04] partner[04] R2=0.906095 NMSE=0.093905 shuffled_R2=-0.015064
Evaluating partner alignment group 1: method=mep_br, prefix=checkpoints/eval_pools/mep_br
LOADED: checkpoints/eval_pools/mep_br/coord_ring/baseline_seed_0_step_220.msgpack
LOADED: checkpoints/eval_pools/mep_br/coord_ring/baseline_seed_1_step_220.msgpack
LOADED: checkpoints/eval_pools/mep_br/coord_ring/baseline_seed_2_step_220.msgpack
LOADED: checkpoints/eval_pools/mep_br/coord_ring/baseline_seed_3_step_220.msgpack
LOADED: checkpoints/eval_pools/mep_br/coord_ring/baseline_seed_4_step_220.msgpack
Using alignment rollout scale: ALIGN_PAIR_BATCH_SIZE=2, ALIGN_EVAL_NUM_EPISODES=128, ALIGN_EVAL_NUM_STEPS=400
ALIGN ego[00] partner[00] R2=0.875691 NMSE=0.124309 shuffled_R2=-0.023254
ALIGN ego[00] partner[01] R2=0.916999 NMSE=0.083001 shuffled_R2=-0.017004
ALIGN ego[00] partner[02] R2=0.881168 NMSE=0.118832 shuffled_R2=-0.022812
ALIGN ego[00] partner[03] R2=0.940619 NMSE=0.059381 shuffled_R2=-0.017825
ALIGN ego[00] partner[04] R2=0.909473 NMSE=0.090527 shuffled_R2=-0.025020
ALIGN ego[01] partner[00] R2=0.822427 NMSE=0.177573 shuffled_R2=-0.023345
ALIGN ego[01] partner[01] R2=0.877895 NMSE=0.122105 shuffled_R2=-0.017886
ALIGN ego[01] partner[02] R2=0.849937 NMSE=0.150063 shuffled_R2=-0.016564
ALIGN ego[01] partner[03] R2=0.810857 NMSE=0.189143 shuffled_R2=-0.028054
ALIGN ego[01] partner[04] R2=0.894982 NMSE=0.105018 shuffled_R2=-0.018274
ALIGN ego[02] partner[00] R2=0.793340 NMSE=0.206660 shuffled_R2=-0.031888
ALIGN ego[02] partner[01] R2=0.917485 NMSE=0.082515 shuffled_R2=-0.016622
ALIGN ego[02] partner[02] R2=0.934497 NMSE=0.065503 shuffled_R2=-0.016312
ALIGN ego[02] partner[03] R2=0.862424 NMSE=0.137576 shuffled_R2=-0.034667
ALIGN ego[02] partner[04] R2=0.946731 NMSE=0.053269 shuffled_R2=-0.017024
ALIGN ego[03] partner[00] R2=0.829061 NMSE=0.170939 shuffled_R2=-0.025811
ALIGN ego[03] partner[01] R2=0.896153 NMSE=0.103847 shuffled_R2=-0.018116
ALIGN ego[03] partner[02] R2=0.889979 NMSE=0.110021 shuffled_R2=-0.016377
ALIGN ego[03] partner[03] R2=0.812176 NMSE=0.187824 shuffled_R2=-0.046121
ALIGN ego[03] partner[04] R2=0.931285 NMSE=0.068715 shuffled_R2=-0.016118
ALIGN ego[04] partner[00] R2=0.898869 NMSE=0.101131 shuffled_R2=-0.013638
ALIGN ego[04] partner[01] R2=0.914913 NMSE=0.085087 shuffled_R2=-0.012783
ALIGN ego[04] partner[02] R2=0.884674 NMSE=0.115326 shuffled_R2=-0.017094
ALIGN ego[04] partner[03] R2=0.971041 NMSE=0.028959 shuffled_R2=-0.014036
ALIGN ego[04] partner[04] R2=0.902197 NMSE=0.097803 shuffled_R2=-0.017534
Evaluating partner alignment group 2: method=pbt, prefix=checkpoints/eval_pools/pbt
LOADED: checkpoints/eval_pools/pbt/coord_ring/baseline_seed_0_step_62.msgpack
LOADED: checkpoints/eval_pools/pbt/coord_ring/baseline_seed_1_step_62.msgpack
LOADED: checkpoints/eval_pools/pbt/coord_ring/baseline_seed_2_step_62.msgpack
LOADED: checkpoints/eval_pools/pbt/coord_ring/baseline_seed_3_step_62.msgpack
LOADED: checkpoints/eval_pools/pbt/coord_ring/baseline_seed_4_step_62.msgpack
Using alignment rollout scale: ALIGN_PAIR_BATCH_SIZE=2, ALIGN_EVAL_NUM_EPISODES=128, ALIGN_EVAL_NUM_STEPS=400
ALIGN ego[00] partner[00] R2=0.834910 NMSE=0.165090 shuffled_R2=-0.015771
ALIGN ego[00] partner[01] R2=0.770952 NMSE=0.229048 shuffled_R2=-0.028366
ALIGN ego[00] partner[02] R2=0.716317 NMSE=0.283683 shuffled_R2=-0.057380
ALIGN ego[00] partner[03] R2=0.752108 NMSE=0.247892 shuffled_R2=-0.035609
ALIGN ego[00] partner[04] R2=0.567642 NMSE=0.432358 shuffled_R2=-0.058858
ALIGN ego[01] partner[00] R2=0.772285 NMSE=0.227715 shuffled_R2=-0.030407
ALIGN ego[01] partner[01] R2=0.828999 NMSE=0.171001 shuffled_R2=-0.015489
ALIGN ego[01] partner[02] R2=0.783792 NMSE=0.216208 shuffled_R2=-0.019648
ALIGN ego[01] partner[03] R2=0.799393 NMSE=0.200607 shuffled_R2=-0.020610
ALIGN ego[01] partner[04] R2=0.785701 NMSE=0.214299 shuffled_R2=-0.018222
ALIGN ego[02] partner[00] R2=0.792557 NMSE=0.207443 shuffled_R2=-0.018774
ALIGN ego[02] partner[01] R2=0.823533 NMSE=0.176467 shuffled_R2=-0.015403
ALIGN ego[02] partner[02] R2=0.819231 NMSE=0.180769 shuffled_R2=-0.012900
ALIGN ego[02] partner[03] R2=0.607222 NMSE=0.392778 shuffled_R2=-0.062574
ALIGN ego[02] partner[04] R2=0.745514 NMSE=0.254486 shuffled_R2=-0.034731
ALIGN ego[03] partner[00] R2=0.693683 NMSE=0.306317 shuffled_R2=-0.017580
ALIGN ego[03] partner[01] R2=0.799101 NMSE=0.200899 shuffled_R2=-0.016272
ALIGN ego[03] partner[02] R2=0.770708 NMSE=0.229292 shuffled_R2=-0.013610
ALIGN ego[03] partner[03] R2=0.731626 NMSE=0.268374 shuffled_R2=-0.021238
ALIGN ego[03] partner[04] R2=0.725197 NMSE=0.274803 shuffled_R2=-0.019069
ALIGN ego[04] partner[00] R2=0.824822 NMSE=0.175178 shuffled_R2=-0.015626
ALIGN ego[04] partner[01] R2=0.825972 NMSE=0.174028 shuffled_R2=-0.016291
ALIGN ego[04] partner[02] R2=0.782238 NMSE=0.217762 shuffled_R2=-0.016967
ALIGN ego[04] partner[03] R2=0.819875 NMSE=0.180125 shuffled_R2=-0.016434
ALIGN ego[04] partner[04] R2=0.775844 NMSE=0.224156 shuffled_R2=-0.015761
Evaluating partner alignment group 3: method=sp, prefix=checkpoints/eval_pools/sp
LOADED: checkpoints/eval_pools/sp/coord_ring/baseline_seed_0_step_220.msgpack
LOADED: checkpoints/eval_pools/sp/coord_ring/baseline_seed_1_step_220.msgpack
LOADED: checkpoints/eval_pools/sp/coord_ring/baseline_seed_2_step_220.msgpack
LOADED: checkpoints/eval_pools/sp/coord_ring/baseline_seed_3_step_220.msgpack
LOADED: checkpoints/eval_pools/sp/coord_ring/baseline_seed_4_step_220.msgpack
Using alignment rollout scale: ALIGN_PAIR_BATCH_SIZE=2, ALIGN_EVAL_NUM_EPISODES=128, ALIGN_EVAL_NUM_STEPS=400
ALIGN ego[00] partner[00] R2=0.887296 NMSE=0.112704 shuffled_R2=-0.019271
ALIGN ego[00] partner[01] R2=0.733546 NMSE=0.266454 shuffled_R2=-0.054729
ALIGN ego[00] partner[02] R2=0.862341 NMSE=0.137659 shuffled_R2=-0.016715
ALIGN ego[00] partner[03] R2=0.878988 NMSE=0.121012 shuffled_R2=-0.019851
ALIGN ego[00] partner[04] R2=0.826522 NMSE=0.173478 shuffled_R2=-0.033034
ALIGN ego[01] partner[00] R2=0.877962 NMSE=0.122038 shuffled_R2=-0.016700
ALIGN ego[01] partner[01] R2=0.853227 NMSE=0.146773 shuffled_R2=-0.017201
ALIGN ego[01] partner[02] R2=0.903329 NMSE=0.096671 shuffled_R2=-0.014037
ALIGN ego[01] partner[03] R2=0.864720 NMSE=0.135280 shuffled_R2=-0.020388
ALIGN ego[01] partner[04] R2=0.906739 NMSE=0.093261 shuffled_R2=-0.016053
ALIGN ego[02] partner[00] R2=0.822736 NMSE=0.177264 shuffled_R2=-0.031944
ALIGN ego[02] partner[01] R2=0.926682 NMSE=0.073318 shuffled_R2=-0.019427
ALIGN ego[02] partner[02] R2=0.919739 NMSE=0.080261 shuffled_R2=-0.015866
ALIGN ego[02] partner[03] R2=0.906875 NMSE=0.093125 shuffled_R2=-0.019536
ALIGN ego[02] partner[04] R2=0.932266 NMSE=0.067734 shuffled_R2=-0.015210
ALIGN ego[03] partner[00] R2=0.894202 NMSE=0.105798 shuffled_R2=-0.015037
ALIGN ego[03] partner[01] R2=0.876378 NMSE=0.123622 shuffled_R2=-0.015276
ALIGN ego[03] partner[02] R2=0.903047 NMSE=0.096953 shuffled_R2=-0.018023
ALIGN ego[03] partner[03] R2=0.791389 NMSE=0.208611 shuffled_R2=-0.044453
ALIGN ego[03] partner[04] R2=0.896070 NMSE=0.103930 shuffled_R2=-0.015465
ALIGN ego[04] partner[00] R2=0.908472 NMSE=0.091528 shuffled_R2=-0.016279
ALIGN ego[04] partner[01] R2=0.923202 NMSE=0.076798 shuffled_R2=-0.016397
ALIGN ego[04] partner[02] R2=0.873358 NMSE=0.126642 shuffled_R2=-0.019783
ALIGN ego[04] partner[03] R2=0.888752 NMSE=0.111248 shuffled_R2=-0.015441
ALIGN ego[04] partner[04] R2=0.914456 NMSE=0.085544 shuffled_R2=-0.020412
Average ego-to-partner alignment R2: 0.853566 +- 0.007032 SE over 100 ego-partner pairs
Average alignment normalized MSE: 0.146434 +- 0.007032 SE
Average shuffled-control alignment R2: -0.021500 +- 0.001034 SE
Saved alignment results to ad_hoc_teamplay_results/lmpredlow_ema_ad_hoc_teamplay/coord_ring
Evaluating ad-hoc teamplay for ego_method=lmpredlow_ema, layout=cramped_room5x5
ego_prefix=checkpoints/lmpredlow_ema/, partner_pool_specs=e3t:checkpoints/eval_pools/e3t;mep_br:checkpoints/eval_pools/mep_br;pbt:checkpoints/eval_pools/pbt;sp:checkpoints/eval_pools/sp, result_name=lmpredlow_ema_ad_hoc_teamplay, ego_perspective_transform=true
Importing submoduled environments...
Submoduled environments not found. Skipping import.
2026-07-03 02:59:28.789471: W external/xla/xla/service/gpu/autotuning/dot_search_space.cc:200] All configs were filtered out because none of them sufficiently match the hints. Maybe the hints set does not contain a good representative set of valid configs?Working around this by using the full hints set instead.
2026-07-03 02:59:29.909906: W external/xla/xla/service/gpu/autotuning/dot_search_space.cc:200] All configs were filtered out because none of them sufficiently match the hints. Maybe the hints set does not contain a good representative set of valid configs?Working around this by using the full hints set instead.
LOADED: checkpoints/lmpredlow_ema/cramped_room5x5/baseline_seed_0_step_220.msgpack
LOADED: checkpoints/lmpredlow_ema/cramped_room5x5/baseline_seed_1_step_220.msgpack
LOADED: checkpoints/lmpredlow_ema/cramped_room5x5/baseline_seed_2_step_220.msgpack
LOADED: checkpoints/lmpredlow_ema/cramped_room5x5/baseline_seed_3_step_220.msgpack
LOADED: checkpoints/lmpredlow_ema/cramped_room5x5/baseline_seed_4_step_220.msgpack
Evaluating partner group 0: method=e3t, prefix=checkpoints/eval_pools/e3t
LOADED: checkpoints/eval_pools/e3t/cramped_room5x5/baseline_seed_0_step_220.msgpack
LOADED: checkpoints/eval_pools/e3t/cramped_room5x5/baseline_seed_1_step_220.msgpack
LOADED: checkpoints/eval_pools/e3t/cramped_room5x5/baseline_seed_2_step_220.msgpack
LOADED: checkpoints/eval_pools/e3t/cramped_room5x5/baseline_seed_3_step_220.msgpack
LOADED: checkpoints/eval_pools/e3t/cramped_room5x5/baseline_seed_4_step_220.msgpack
Using XP rollout scale: XP_PAIR_BATCH_SIZE=32, EVAL_NUM_EPISODES=128, EVAL_NUM_STEPS=400
XP ego[00] partner[00] = 109.688
XP ego[00] partner[01] = 92.656
XP ego[00] partner[02] = 192.812
XP ego[00] partner[03] = 211.875
XP ego[00] partner[04] = 198.594
XP ego[01] partner[00] = 214.062
XP ego[01] partner[01] = 222.656
XP ego[01] partner[02] = 210.625
XP ego[01] partner[03] = 242.500
XP ego[01] partner[04] = 213.438
XP ego[02] partner[00] = 212.344
XP ego[02] partner[01] = 115.469
XP ego[02] partner[02] = 60.938
XP ego[02] partner[03] = 147.031
XP ego[02] partner[04] = 236.875
XP ego[03] partner[00] = 160.938
XP ego[03] partner[01] = 86.719
XP ego[03] partner[02] = 242.500
XP ego[03] partner[03] = 240.156
XP ego[03] partner[04] = 216.406
XP ego[04] partner[00] = 220.312
XP ego[04] partner[01] = 160.781
XP ego[04] partner[02] = 153.281
XP ego[04] partner[03] = 222.344
XP ego[04] partner[04] = 235.781
Evaluating partner group 1: method=mep_br, prefix=checkpoints/eval_pools/mep_br
LOADED: checkpoints/eval_pools/mep_br/cramped_room5x5/baseline_seed_0_step_220.msgpack
LOADED: checkpoints/eval_pools/mep_br/cramped_room5x5/baseline_seed_1_step_220.msgpack
LOADED: checkpoints/eval_pools/mep_br/cramped_room5x5/baseline_seed_2_step_220.msgpack
LOADED: checkpoints/eval_pools/mep_br/cramped_room5x5/baseline_seed_3_step_220.msgpack
LOADED: checkpoints/eval_pools/mep_br/cramped_room5x5/baseline_seed_4_step_220.msgpack
Using XP rollout scale: XP_PAIR_BATCH_SIZE=32, EVAL_NUM_EPISODES=128, EVAL_NUM_STEPS=400
XP ego[00] partner[00] = 190.312
XP ego[00] partner[01] = 200.312
XP ego[00] partner[02] = 86.094
XP ego[00] partner[03] = 209.844
XP ego[00] partner[04] = 196.250
XP ego[01] partner[00] = 217.969
XP ego[01] partner[01] = 117.188
XP ego[01] partner[02] = 209.375
XP ego[01] partner[03] = 220.469
XP ego[01] partner[04] = 196.562
XP ego[02] partner[00] = 208.438
XP ego[02] partner[01] = 204.219
XP ego[02] partner[02] = 235.469
XP ego[02] partner[03] = 233.125
XP ego[02] partner[04] = 232.188
XP ego[03] partner[00] = 169.219
XP ego[03] partner[01] = 204.375
XP ego[03] partner[02] = 226.562
XP ego[03] partner[03] = 238.438
XP ego[03] partner[04] = 227.188
XP ego[04] partner[00] = 221.562
XP ego[04] partner[01] = 233.906
XP ego[04] partner[02] = 227.188
XP ego[04] partner[03] = 234.062
XP ego[04] partner[04] = 223.906
Evaluating partner group 2: method=pbt, prefix=checkpoints/eval_pools/pbt
LOADED: checkpoints/eval_pools/pbt/cramped_room5x5/baseline_seed_0_step_62.msgpack
LOADED: checkpoints/eval_pools/pbt/cramped_room5x5/baseline_seed_1_step_62.msgpack
LOADED: checkpoints/eval_pools/pbt/cramped_room5x5/baseline_seed_2_step_62.msgpack
LOADED: checkpoints/eval_pools/pbt/cramped_room5x5/baseline_seed_3_step_62.msgpack
LOADED: checkpoints/eval_pools/pbt/cramped_room5x5/baseline_seed_4_step_62.msgpack
Using XP rollout scale: XP_PAIR_BATCH_SIZE=32, EVAL_NUM_EPISODES=128, EVAL_NUM_STEPS=400
XP ego[00] partner[00] = 170.156
XP ego[00] partner[01] = 223.125
XP ego[00] partner[02] = 231.562
XP ego[00] partner[03] = 185.000
XP ego[00] partner[04] = 179.375
XP ego[01] partner[00] = 188.438
XP ego[01] partner[01] = 195.625
XP ego[01] partner[02] = 188.125
XP ego[01] partner[03] = 197.812
XP ego[01] partner[04] = 197.031
XP ego[02] partner[00] = 200.625
XP ego[02] partner[01] = 136.094
XP ego[02] partner[02] = 111.719
XP ego[02] partner[03] = 222.969
XP ego[02] partner[04] = 203.438
XP ego[03] partner[00] = 125.625
XP ego[03] partner[01] = 92.656
XP ego[03] partner[02] = 54.688
XP ego[03] partner[03] = 127.812
XP ego[03] partner[04] = 109.844
XP ego[04] partner[00] = 235.156
XP ego[04] partner[01] = 231.562
XP ego[04] partner[02] = 235.000
XP ego[04] partner[03] = 236.094
XP ego[04] partner[04] = 232.656
Evaluating partner group 3: method=sp, prefix=checkpoints/eval_pools/sp
LOADED: checkpoints/eval_pools/sp/cramped_room5x5/baseline_seed_0_step_220.msgpack
LOADED: checkpoints/eval_pools/sp/cramped_room5x5/baseline_seed_1_step_220.msgpack
LOADED: checkpoints/eval_pools/sp/cramped_room5x5/baseline_seed_2_step_220.msgpack
LOADED: checkpoints/eval_pools/sp/cramped_room5x5/baseline_seed_3_step_220.msgpack
LOADED: checkpoints/eval_pools/sp/cramped_room5x5/baseline_seed_4_step_220.msgpack
Using XP rollout scale: XP_PAIR_BATCH_SIZE=32, EVAL_NUM_EPISODES=128, EVAL_NUM_STEPS=400
XP ego[00] partner[00] = 208.594
XP ego[00] partner[01] = 196.094
XP ego[00] partner[02] = 229.844
XP ego[00] partner[03] = 217.500
XP ego[00] partner[04] = 202.656
XP ego[01] partner[00] = 203.281
XP ego[01] partner[01] = 186.562
XP ego[01] partner[02] = 220.625
XP ego[01] partner[03] = 241.875
XP ego[01] partner[04] = 202.031
XP ego[02] partner[00] = 175.625
XP ego[02] partner[01] = 185.938
XP ego[02] partner[02] = 161.250
XP ego[02] partner[03] = 153.438
XP ego[02] partner[04] = 213.750
XP ego[03] partner[00] = 213.906
XP ego[03] partner[01] = 217.344
XP ego[03] partner[02] = 179.375
XP ego[03] partner[03] = 241.250
XP ego[03] partner[04] = 97.031
XP ego[04] partner[00] = 230.781
XP ego[04] partner[01] = 227.656
XP ego[04] partner[02] = 216.719
XP ego[04] partner[03] = 235.938
XP ego[04] partner[04] = 194.375
Average ego-vs-partner performance: 193.506 +- 4.534 SE over 100 ordered pairs
Average diagonal performance: 173.844 +- 37.068 SE over 5 pairs
Average off-diagonal performance (only for square pools): nan +- nan SE over 0 ordered pairs
Saved ad-hoc teamplay results to ad_hoc_teamplay_results/lmpredlow_ema_ad_hoc_teamplay/cramped_room5x5
Saved ad-hoc teamplay heatmap to ad_hoc_teamplay_results/lmpredlow_ema_ad_hoc_teamplay/cramped_room5x5/xp_matrix.png
Evaluating partner alignment group 0: method=e3t, prefix=checkpoints/eval_pools/e3t
LOADED: checkpoints/eval_pools/e3t/cramped_room5x5/baseline_seed_0_step_220.msgpack
LOADED: checkpoints/eval_pools/e3t/cramped_room5x5/baseline_seed_1_step_220.msgpack
LOADED: checkpoints/eval_pools/e3t/cramped_room5x5/baseline_seed_2_step_220.msgpack
LOADED: checkpoints/eval_pools/e3t/cramped_room5x5/baseline_seed_3_step_220.msgpack
LOADED: checkpoints/eval_pools/e3t/cramped_room5x5/baseline_seed_4_step_220.msgpack
Using alignment rollout scale: ALIGN_PAIR_BATCH_SIZE=2, ALIGN_EVAL_NUM_EPISODES=128, ALIGN_EVAL_NUM_STEPS=400
ALIGN ego[00] partner[00] R2=0.940219 NMSE=0.059781 shuffled_R2=-0.018794
ALIGN ego[00] partner[01] R2=0.946044 NMSE=0.053956 shuffled_R2=-0.018203
ALIGN ego[00] partner[02] R2=0.947964 NMSE=0.052036 shuffled_R2=-0.017253
ALIGN ego[00] partner[03] R2=0.909441 NMSE=0.090559 shuffled_R2=-0.025501
ALIGN ego[00] partner[04] R2=0.904696 NMSE=0.095304 shuffled_R2=-0.020501
ALIGN ego[01] partner[00] R2=0.957160 NMSE=0.042840 shuffled_R2=-0.016454
ALIGN ego[01] partner[01] R2=0.955390 NMSE=0.044610 shuffled_R2=-0.016593
ALIGN ego[01] partner[02] R2=0.960954 NMSE=0.039046 shuffled_R2=-0.017569
ALIGN ego[01] partner[03] R2=0.894035 NMSE=0.105965 shuffled_R2=-0.050858
ALIGN ego[01] partner[04] R2=0.956998 NMSE=0.043002 shuffled_R2=-0.016059
ALIGN ego[02] partner[00] R2=0.894109 NMSE=0.105891 shuffled_R2=-0.023725
ALIGN ego[02] partner[01] R2=0.978938 NMSE=0.021062 shuffled_R2=-0.014312
ALIGN ego[02] partner[02] R2=0.962559 NMSE=0.037441 shuffled_R2=-0.022666
ALIGN ego[02] partner[03] R2=0.945413 NMSE=0.054587 shuffled_R2=-0.019273
ALIGN ego[02] partner[04] R2=0.954783 NMSE=0.045217 shuffled_R2=-0.017820
ALIGN ego[03] partner[00] R2=0.958108 NMSE=0.041892 shuffled_R2=-0.017782
ALIGN ego[03] partner[01] R2=0.899289 NMSE=0.100711 shuffled_R2=-0.048057
ALIGN ego[03] partner[02] R2=0.948555 NMSE=0.051445 shuffled_R2=-0.019318
ALIGN ego[03] partner[03] R2=0.932432 NMSE=0.067568 shuffled_R2=-0.024153
ALIGN ego[03] partner[04] R2=0.946471 NMSE=0.053529 shuffled_R2=-0.021513
ALIGN ego[04] partner[00] R2=0.947950 NMSE=0.052050 shuffled_R2=-0.018809
ALIGN ego[04] partner[01] R2=0.875173 NMSE=0.124827 shuffled_R2=-0.045473
ALIGN ego[04] partner[02] R2=0.960072 NMSE=0.039928 shuffled_R2=-0.017536
ALIGN ego[04] partner[03] R2=0.924451 NMSE=0.075549 shuffled_R2=-0.020840
ALIGN ego[04] partner[04] R2=0.962204 NMSE=0.037796 shuffled_R2=-0.015864
Evaluating partner alignment group 1: method=mep_br, prefix=checkpoints/eval_pools/mep_br
LOADED: checkpoints/eval_pools/mep_br/cramped_room5x5/baseline_seed_0_step_220.msgpack
LOADED: checkpoints/eval_pools/mep_br/cramped_room5x5/baseline_seed_1_step_220.msgpack
LOADED: checkpoints/eval_pools/mep_br/cramped_room5x5/baseline_seed_2_step_220.msgpack
LOADED: checkpoints/eval_pools/mep_br/cramped_room5x5/baseline_seed_3_step_220.msgpack
LOADED: checkpoints/eval_pools/mep_br/cramped_room5x5/baseline_seed_4_step_220.msgpack
Using alignment rollout scale: ALIGN_PAIR_BATCH_SIZE=2, ALIGN_EVAL_NUM_EPISODES=128, ALIGN_EVAL_NUM_STEPS=400
ALIGN ego[00] partner[00] R2=0.873058 NMSE=0.126942 shuffled_R2=-0.020270
ALIGN ego[00] partner[01] R2=0.905761 NMSE=0.094239 shuffled_R2=-0.019815
ALIGN ego[00] partner[02] R2=0.927656 NMSE=0.072344 shuffled_R2=-0.019539
ALIGN ego[00] partner[03] R2=0.915644 NMSE=0.084356 shuffled_R2=-0.019944
ALIGN ego[00] partner[04] R2=0.870018 NMSE=0.129982 shuffled_R2=-0.025156
ALIGN ego[01] partner[00] R2=0.930840 NMSE=0.069160 shuffled_R2=-0.018263
ALIGN ego[01] partner[01] R2=0.883150 NMSE=0.116850 shuffled_R2=-0.037541
ALIGN ego[01] partner[02] R2=0.942504 NMSE=0.057496 shuffled_R2=-0.015037
ALIGN ego[01] partner[03] R2=0.960310 NMSE=0.039690 shuffled_R2=-0.016521
ALIGN ego[01] partner[04] R2=0.946518 NMSE=0.053482 shuffled_R2=-0.022660
ALIGN ego[02] partner[00] R2=0.910274 NMSE=0.089726 shuffled_R2=-0.021700
ALIGN ego[02] partner[01] R2=0.958311 NMSE=0.041689 shuffled_R2=-0.013710
ALIGN ego[02] partner[02] R2=0.950207 NMSE=0.049793 shuffled_R2=-0.013753
ALIGN ego[02] partner[03] R2=0.919423 NMSE=0.080577 shuffled_R2=-0.025454
ALIGN ego[02] partner[04] R2=0.948736 NMSE=0.051264 shuffled_R2=-0.016532
ALIGN ego[03] partner[00] R2=0.851845 NMSE=0.148155 shuffled_R2=-0.026923
ALIGN ego[03] partner[01] R2=0.881631 NMSE=0.118369 shuffled_R2=-0.027840
ALIGN ego[03] partner[02] R2=0.950217 NMSE=0.049783 shuffled_R2=-0.017141
ALIGN ego[03] partner[03] R2=0.873114 NMSE=0.126886 shuffled_R2=-0.048973
ALIGN ego[03] partner[04] R2=0.958311 NMSE=0.041689 shuffled_R2=-0.016743
ALIGN ego[04] partner[00] R2=0.951413 NMSE=0.048587 shuffled_R2=-0.017422
ALIGN ego[04] partner[01] R2=0.923972 NMSE=0.076028 shuffled_R2=-0.024129
ALIGN ego[04] partner[02] R2=0.965416 NMSE=0.034584 shuffled_R2=-0.015623
ALIGN ego[04] partner[03] R2=0.959069 NMSE=0.040931 shuffled_R2=-0.015952
ALIGN ego[04] partner[04] R2=0.921913 NMSE=0.078087 shuffled_R2=-0.043343
Evaluating partner alignment group 2: method=pbt, prefix=checkpoints/eval_pools/pbt
LOADED: checkpoints/eval_pools/pbt/cramped_room5x5/baseline_seed_0_step_62.msgpack
LOADED: checkpoints/eval_pools/pbt/cramped_room5x5/baseline_seed_1_step_62.msgpack
LOADED: checkpoints/eval_pools/pbt/cramped_room5x5/baseline_seed_2_step_62.msgpack
LOADED: checkpoints/eval_pools/pbt/cramped_room5x5/baseline_seed_3_step_62.msgpack
LOADED: checkpoints/eval_pools/pbt/cramped_room5x5/baseline_seed_4_step_62.msgpack
Using alignment rollout scale: ALIGN_PAIR_BATCH_SIZE=2, ALIGN_EVAL_NUM_EPISODES=128, ALIGN_EVAL_NUM_STEPS=400
ALIGN ego[00] partner[00] R2=0.846464 NMSE=0.153536 shuffled_R2=-0.017504
ALIGN ego[00] partner[01] R2=0.861070 NMSE=0.138930 shuffled_R2=-0.017182
ALIGN ego[00] partner[02] R2=0.848728 NMSE=0.151272 shuffled_R2=-0.024255
ALIGN ego[00] partner[03] R2=0.854548 NMSE=0.145452 shuffled_R2=-0.016095
ALIGN ego[00] partner[04] R2=0.831668 NMSE=0.168332 shuffled_R2=-0.019223
ALIGN ego[01] partner[00] R2=0.889870 NMSE=0.110130 shuffled_R2=-0.015277
ALIGN ego[01] partner[01] R2=0.779653 NMSE=0.220347 shuffled_R2=-0.035955
ALIGN ego[01] partner[02] R2=0.863081 NMSE=0.136919 shuffled_R2=-0.017461
ALIGN ego[01] partner[03] R2=0.776171 NMSE=0.223829 shuffled_R2=-0.027465
ALIGN ego[01] partner[04] R2=0.866763 NMSE=0.133237 shuffled_R2=-0.022417
ALIGN ego[02] partner[00] R2=0.883146 NMSE=0.116854 shuffled_R2=-0.017095
ALIGN ego[02] partner[01] R2=0.721110 NMSE=0.278890 shuffled_R2=-0.053516
ALIGN ego[02] partner[02] R2=0.840460 NMSE=0.159540 shuffled_R2=-0.017545
ALIGN ego[02] partner[03] R2=0.856688 NMSE=0.143312 shuffled_R2=-0.016973
ALIGN ego[02] partner[04] R2=0.869728 NMSE=0.130272 shuffled_R2=-0.013732
ALIGN ego[03] partner[00] R2=0.895170 NMSE=0.104830 shuffled_R2=-0.017735
ALIGN ego[03] partner[01] R2=0.868476 NMSE=0.131524 shuffled_R2=-0.016021
ALIGN ego[03] partner[02] R2=0.886340 NMSE=0.113660 shuffled_R2=-0.014697
ALIGN ego[03] partner[03] R2=0.829690 NMSE=0.170310 shuffled_R2=-0.032042
ALIGN ego[03] partner[04] R2=0.838879 NMSE=0.161121 shuffled_R2=-0.022267
ALIGN ego[04] partner[00] R2=0.900923 NMSE=0.099077 shuffled_R2=-0.012475
ALIGN ego[04] partner[01] R2=0.879679 NMSE=0.120321 shuffled_R2=-0.015108
ALIGN ego[04] partner[02] R2=0.877625 NMSE=0.122375 shuffled_R2=-0.020490
ALIGN ego[04] partner[03] R2=0.900105 NMSE=0.099895 shuffled_R2=-0.018622
ALIGN ego[04] partner[04] R2=0.875013 NMSE=0.124987 shuffled_R2=-0.017601
Evaluating partner alignment group 3: method=sp, prefix=checkpoints/eval_pools/sp
LOADED: checkpoints/eval_pools/sp/cramped_room5x5/baseline_seed_0_step_220.msgpack
LOADED: checkpoints/eval_pools/sp/cramped_room5x5/baseline_seed_1_step_220.msgpack
LOADED: checkpoints/eval_pools/sp/cramped_room5x5/baseline_seed_2_step_220.msgpack
LOADED: checkpoints/eval_pools/sp/cramped_room5x5/baseline_seed_3_step_220.msgpack
LOADED: checkpoints/eval_pools/sp/cramped_room5x5/baseline_seed_4_step_220.msgpack
Using alignment rollout scale: ALIGN_PAIR_BATCH_SIZE=2, ALIGN_EVAL_NUM_EPISODES=128, ALIGN_EVAL_NUM_STEPS=400
ALIGN ego[00] partner[00] R2=0.912793 NMSE=0.087207 shuffled_R2=-0.020415
ALIGN ego[00] partner[01] R2=0.938533 NMSE=0.061467 shuffled_R2=-0.019761
ALIGN ego[00] partner[02] R2=0.861842 NMSE=0.138158 shuffled_R2=-0.033245
ALIGN ego[00] partner[03] R2=0.903056 NMSE=0.096944 shuffled_R2=-0.023192
ALIGN ego[00] partner[04] R2=0.883329 NMSE=0.116671 shuffled_R2=-0.026053
ALIGN ego[01] partner[00] R2=0.957242 NMSE=0.042758 shuffled_R2=-0.013475
ALIGN ego[01] partner[01] R2=0.954941 NMSE=0.045059 shuffled_R2=-0.024043
ALIGN ego[01] partner[02] R2=0.945399 NMSE=0.054601 shuffled_R2=-0.020638
ALIGN ego[01] partner[03] R2=0.949470 NMSE=0.050530 shuffled_R2=-0.017084
ALIGN ego[01] partner[04] R2=0.946981 NMSE=0.053019 shuffled_R2=-0.015483
ALIGN ego[02] partner[00] R2=0.960036 NMSE=0.039964 shuffled_R2=-0.014677
ALIGN ego[02] partner[01] R2=0.957150 NMSE=0.042850 shuffled_R2=-0.017229
ALIGN ego[02] partner[02] R2=0.878117 NMSE=0.121883 shuffled_R2=-0.047991
ALIGN ego[02] partner[03] R2=0.965142 NMSE=0.034858 shuffled_R2=-0.017628
ALIGN ego[02] partner[04] R2=0.956129 NMSE=0.043871 shuffled_R2=-0.021727
ALIGN ego[03] partner[00] R2=0.902849 NMSE=0.097151 shuffled_R2=-0.035261
ALIGN ego[03] partner[01] R2=0.942253 NMSE=0.057747 shuffled_R2=-0.022245
ALIGN ego[03] partner[02] R2=0.960468 NMSE=0.039532 shuffled_R2=-0.015775
ALIGN ego[03] partner[03] R2=0.922480 NMSE=0.077520 shuffled_R2=-0.021231
ALIGN ego[03] partner[04] R2=0.966785 NMSE=0.033215 shuffled_R2=-0.014871
ALIGN ego[04] partner[00] R2=0.929170 NMSE=0.070830 shuffled_R2=-0.022978
ALIGN ego[04] partner[01] R2=0.948573 NMSE=0.051427 shuffled_R2=-0.019875
ALIGN ego[04] partner[02] R2=0.971152 NMSE=0.028848 shuffled_R2=-0.015499
ALIGN ego[04] partner[03] R2=0.955905 NMSE=0.044095 shuffled_R2=-0.014766
ALIGN ego[04] partner[04] R2=0.956304 NMSE=0.043696 shuffled_R2=-0.017999
Average ego-to-partner alignment R2: 0.913099 +- 0.004829 SE over 100 ego-partner pairs
Average alignment normalized MSE: 0.086901 +- 0.004829 SE
Average shuffled-control alignment R2: -0.021768 +- 0.000882 SE
Saved alignment results to ad_hoc_teamplay_results/lmpredlow_ema_ad_hoc_teamplay/cramped_room5x5
Evaluating ad-hoc teamplay for ego_method=lmpredlow_ema_ablate, layout=counter_circuit
ego_prefix=checkpoints/lmpredlow_ema_ablate/, partner_pool_specs=e3t:checkpoints/eval_pools/e3t;mep_br:checkpoints/eval_pools/mep_br;pbt:checkpoints/eval_pools/pbt;sp:checkpoints/eval_pools/sp, result_name=lmpredlow_ema_ablate_ad_hoc_teamplay, ego_perspective_transform=false
Importing submoduled environments...
Submoduled environments not found. Skipping import.
2026-07-03 03:02:59.354689: W external/xla/xla/service/gpu/autotuning/dot_search_space.cc:200] All configs were filtered out because none of them sufficiently match the hints. Maybe the hints set does not contain a good representative set of valid configs?Working around this by using the full hints set instead.
2026-07-03 03:03:00.470928: W external/xla/xla/service/gpu/autotuning/dot_search_space.cc:200] All configs were filtered out because none of them sufficiently match the hints. Maybe the hints set does not contain a good representative set of valid configs?Working around this by using the full hints set instead.
LOADED: checkpoints/lmpredlow_ema_ablate/counter_circuit/baseline_seed_0_step_380.msgpack
LOADED: checkpoints/lmpredlow_ema_ablate/counter_circuit/baseline_seed_1_step_380.msgpack
LOADED: checkpoints/lmpredlow_ema_ablate/counter_circuit/baseline_seed_2_step_380.msgpack
LOADED: checkpoints/lmpredlow_ema_ablate/counter_circuit/baseline_seed_3_step_380.msgpack
LOADED: checkpoints/lmpredlow_ema_ablate/counter_circuit/baseline_seed_4_step_380.msgpack
Evaluating partner group 0: method=e3t, prefix=checkpoints/eval_pools/e3t
LOADED: checkpoints/eval_pools/e3t/counter_circuit/baseline_seed_0_step_220.msgpack
LOADED: checkpoints/eval_pools/e3t/counter_circuit/baseline_seed_1_step_220.msgpack
LOADED: checkpoints/eval_pools/e3t/counter_circuit/baseline_seed_2_step_220.msgpack
LOADED: checkpoints/eval_pools/e3t/counter_circuit/baseline_seed_3_step_220.msgpack
LOADED: checkpoints/eval_pools/e3t/counter_circuit/baseline_seed_4_step_220.msgpack
Using XP rollout scale: XP_PAIR_BATCH_SIZE=32, EVAL_NUM_EPISODES=128, EVAL_NUM_STEPS=400
XP ego[00] partner[00] = 140.781
XP ego[00] partner[01] = 82.812
XP ego[00] partner[02] = 107.031
XP ego[00] partner[03] = 14.219
XP ego[00] partner[04] = 113.906
XP ego[01] partner[00] = 180.625
XP ego[01] partner[01] = 153.906
XP ego[01] partner[02] = 102.188
XP ego[01] partner[03] = 13.906
XP ego[01] partner[04] = 104.375
XP ego[02] partner[00] = 157.031
XP ego[02] partner[01] = 65.781
XP ego[02] partner[02] = 117.344
XP ego[02] partner[03] = 12.500
XP ego[02] partner[04] = 100.625
XP ego[03] partner[00] = 157.969
XP ego[03] partner[01] = 90.938
XP ego[03] partner[02] = 130.938
XP ego[03] partner[03] = 23.125
XP ego[03] partner[04] = 117.656
XP ego[04] partner[00] = 125.781
XP ego[04] partner[01] = 74.375
XP ego[04] partner[02] = 98.438
XP ego[04] partner[03] = 4.688
XP ego[04] partner[04] = 86.406
Evaluating partner group 1: method=mep_br, prefix=checkpoints/eval_pools/mep_br
LOADED: checkpoints/eval_pools/mep_br/counter_circuit/baseline_seed_0_step_380.msgpack
LOADED: checkpoints/eval_pools/mep_br/counter_circuit/baseline_seed_1_step_380.msgpack
LOADED: checkpoints/eval_pools/mep_br/counter_circuit/baseline_seed_2_step_380.msgpack
LOADED: checkpoints/eval_pools/mep_br/counter_circuit/baseline_seed_3_step_380.msgpack
LOADED: checkpoints/eval_pools/mep_br/counter_circuit/baseline_seed_4_step_380.msgpack
Using XP rollout scale: XP_PAIR_BATCH_SIZE=32, EVAL_NUM_EPISODES=128, EVAL_NUM_STEPS=400
XP ego[00] partner[00] = 212.344
XP ego[00] partner[01] = 197.188
XP ego[00] partner[02] = 219.375
XP ego[00] partner[03] = 217.344
XP ego[00] partner[04] = 201.875
XP ego[01] partner[00] = 182.188
XP ego[01] partner[01] = 163.750
XP ego[01] partner[02] = 186.719
XP ego[01] partner[03] = 183.438
XP ego[01] partner[04] = 156.562
XP ego[02] partner[00] = 230.781
XP ego[02] partner[01] = 216.719
XP ego[02] partner[02] = 235.938
XP ego[02] partner[03] = 222.188
XP ego[02] partner[04] = 207.812
XP ego[03] partner[00] = 191.094
XP ego[03] partner[01] = 174.219
XP ego[03] partner[02] = 207.812
XP ego[03] partner[03] = 198.125
XP ego[03] partner[04] = 179.688
XP ego[04] partner[00] = 217.969
XP ego[04] partner[01] = 127.500
XP ego[04] partner[02] = 218.594
XP ego[04] partner[03] = 234.062
XP ego[04] partner[04] = 182.812
Evaluating partner group 2: method=pbt, prefix=checkpoints/eval_pools/pbt
LOADED: checkpoints/eval_pools/pbt/counter_circuit/baseline_seed_0_step_62.msgpack
LOADED: checkpoints/eval_pools/pbt/counter_circuit/baseline_seed_1_step_62.msgpack
LOADED: checkpoints/eval_pools/pbt/counter_circuit/baseline_seed_2_step_62.msgpack
LOADED: checkpoints/eval_pools/pbt/counter_circuit/baseline_seed_3_step_62.msgpack
LOADED: checkpoints/eval_pools/pbt/counter_circuit/baseline_seed_4_step_62.msgpack
Using XP rollout scale: XP_PAIR_BATCH_SIZE=32, EVAL_NUM_EPISODES=128, EVAL_NUM_STEPS=400
XP ego[00] partner[00] = 139.375
XP ego[00] partner[01] = 138.281
XP ego[00] partner[02] = 147.969
XP ego[00] partner[03] = 139.219
XP ego[00] partner[04] = 85.938
XP ego[01] partner[00] = 205.156
XP ego[01] partner[01] = 200.625
XP ego[01] partner[02] = 206.094
XP ego[01] partner[03] = 200.469
XP ego[01] partner[04] = 206.094
XP ego[02] partner[00] = 175.469
XP ego[02] partner[01] = 170.000
XP ego[02] partner[02] = 175.312
XP ego[02] partner[03] = 179.062
XP ego[02] partner[04] = 177.656
XP ego[03] partner[00] = 173.438
XP ego[03] partner[01] = 173.594
XP ego[03] partner[02] = 158.281
XP ego[03] partner[03] = 178.125
XP ego[03] partner[04] = 176.875
XP ego[04] partner[00] = 170.625
XP ego[04] partner[01] = 192.656
XP ego[04] partner[02] = 178.125
XP ego[04] partner[03] = 182.656
XP ego[04] partner[04] = 166.094
Evaluating partner group 3: method=sp, prefix=checkpoints/eval_pools/sp
LOADED: checkpoints/eval_pools/sp/counter_circuit/baseline_seed_0_step_380.msgpack
LOADED: checkpoints/eval_pools/sp/counter_circuit/baseline_seed_1_step_380.msgpack
LOADED: checkpoints/eval_pools/sp/counter_circuit/baseline_seed_2_step_380.msgpack
LOADED: checkpoints/eval_pools/sp/counter_circuit/baseline_seed_3_step_380.msgpack
LOADED: checkpoints/eval_pools/sp/counter_circuit/baseline_seed_4_step_380.msgpack
Using XP rollout scale: XP_PAIR_BATCH_SIZE=32, EVAL_NUM_EPISODES=128, EVAL_NUM_STEPS=400
XP ego[00] partner[00] = 135.312
XP ego[00] partner[01] = 155.469
XP ego[00] partner[02] = 146.875
XP ego[00] partner[03] = 216.562
XP ego[00] partner[04] = 151.250
XP ego[01] partner[00] = 175.781
XP ego[01] partner[01] = 187.969
XP ego[01] partner[02] = 202.656
XP ego[01] partner[03] = 167.031
XP ego[01] partner[04] = 191.250
XP ego[02] partner[00] = 134.688
XP ego[02] partner[01] = 153.438
XP ego[02] partner[02] = 157.812
XP ego[02] partner[03] = 217.500
XP ego[02] partner[04] = 157.344
XP ego[03] partner[00] = 142.188
XP ego[03] partner[01] = 131.719
XP ego[03] partner[02] = 170.781
XP ego[03] partner[03] = 200.625
XP ego[03] partner[04] = 163.906
XP ego[04] partner[00] = 127.188
XP ego[04] partner[01] = 120.000
XP ego[04] partner[02] = 180.938
XP ego[04] partner[03] = 223.906
XP ego[04] partner[04] = 166.250
Average ego-vs-partner performance: 158.191 +- 5.135 SE over 100 ordered pairs
Average diagonal performance: 104.312 +- 23.315 SE over 5 pairs
Average off-diagonal performance (only for square pools): nan +- nan SE over 0 ordered pairs
Saved ad-hoc teamplay results to ad_hoc_teamplay_results/lmpredlow_ema_ablate_ad_hoc_teamplay/counter_circuit
Saved ad-hoc teamplay heatmap to ad_hoc_teamplay_results/lmpredlow_ema_ablate_ad_hoc_teamplay/counter_circuit/xp_matrix.png
Evaluating partner alignment group 0: method=e3t, prefix=checkpoints/eval_pools/e3t
LOADED: checkpoints/eval_pools/e3t/counter_circuit/baseline_seed_0_step_220.msgpack
LOADED: checkpoints/eval_pools/e3t/counter_circuit/baseline_seed_1_step_220.msgpack
LOADED: checkpoints/eval_pools/e3t/counter_circuit/baseline_seed_2_step_220.msgpack
LOADED: checkpoints/eval_pools/e3t/counter_circuit/baseline_seed_3_step_220.msgpack
LOADED: checkpoints/eval_pools/e3t/counter_circuit/baseline_seed_4_step_220.msgpack
Using alignment rollout scale: ALIGN_PAIR_BATCH_SIZE=2, ALIGN_EVAL_NUM_EPISODES=128, ALIGN_EVAL_NUM_STEPS=400
ALIGN ego[00] partner[00] R2=0.774357 NMSE=0.225643 shuffled_R2=-0.017408
ALIGN ego[00] partner[01] R2=0.766081 NMSE=0.233919 shuffled_R2=-0.018388
ALIGN ego[00] partner[02] R2=0.736961 NMSE=0.263039 shuffled_R2=-0.018629
ALIGN ego[00] partner[03] R2=0.814100 NMSE=0.185900 shuffled_R2=-0.026109
ALIGN ego[00] partner[04] R2=0.749626 NMSE=0.250374 shuffled_R2=-0.020225
ALIGN ego[01] partner[00] R2=0.803781 NMSE=0.196219 shuffled_R2=-0.014996
ALIGN ego[01] partner[01] R2=0.757195 NMSE=0.242805 shuffled_R2=-0.018429
ALIGN ego[01] partner[02] R2=0.722391 NMSE=0.277609 shuffled_R2=-0.018864
ALIGN ego[01] partner[03] R2=0.855266 NMSE=0.144734 shuffled_R2=-0.019159
ALIGN ego[01] partner[04] R2=0.743308 NMSE=0.256692 shuffled_R2=-0.018286
ALIGN ego[02] partner[00] R2=0.749571 NMSE=0.250429 shuffled_R2=-0.016464
ALIGN ego[02] partner[01] R2=0.852353 NMSE=0.147647 shuffled_R2=-0.018785
ALIGN ego[02] partner[02] R2=0.767215 NMSE=0.232785 shuffled_R2=-0.017143
ALIGN ego[02] partner[03] R2=0.783771 NMSE=0.216229 shuffled_R2=-0.030669
ALIGN ego[02] partner[04] R2=0.754192 NMSE=0.245808 shuffled_R2=-0.019849
ALIGN ego[03] partner[00] R2=0.746890 NMSE=0.253110 shuffled_R2=-0.017402
ALIGN ego[03] partner[01] R2=0.819294 NMSE=0.180706 shuffled_R2=-0.018926
ALIGN ego[03] partner[02] R2=0.720557 NMSE=0.279443 shuffled_R2=-0.018878
ALIGN ego[03] partner[03] R2=0.815937 NMSE=0.184063 shuffled_R2=-0.025351
ALIGN ego[03] partner[04] R2=0.771228 NMSE=0.228772 shuffled_R2=-0.022675
ALIGN ego[04] partner[00] R2=0.815800 NMSE=0.184200 shuffled_R2=-0.021335
ALIGN ego[04] partner[01] R2=0.806710 NMSE=0.193290 shuffled_R2=-0.020480
ALIGN ego[04] partner[02] R2=0.833855 NMSE=0.166145 shuffled_R2=-0.014905
ALIGN ego[04] partner[03] R2=0.791269 NMSE=0.208731 shuffled_R2=-0.029253
ALIGN ego[04] partner[04] R2=0.802941 NMSE=0.197059 shuffled_R2=-0.017466
Evaluating partner alignment group 1: method=mep_br, prefix=checkpoints/eval_pools/mep_br
LOADED: checkpoints/eval_pools/mep_br/counter_circuit/baseline_seed_0_step_380.msgpack
LOADED: checkpoints/eval_pools/mep_br/counter_circuit/baseline_seed_1_step_380.msgpack
LOADED: checkpoints/eval_pools/mep_br/counter_circuit/baseline_seed_2_step_380.msgpack
LOADED: checkpoints/eval_pools/mep_br/counter_circuit/baseline_seed_3_step_380.msgpack
LOADED: checkpoints/eval_pools/mep_br/counter_circuit/baseline_seed_4_step_380.msgpack
Using alignment rollout scale: ALIGN_PAIR_BATCH_SIZE=2, ALIGN_EVAL_NUM_EPISODES=128, ALIGN_EVAL_NUM_STEPS=400
ALIGN ego[00] partner[00] R2=0.850330 NMSE=0.149670 shuffled_R2=-0.019021
ALIGN ego[00] partner[01] R2=0.792976 NMSE=0.207024 shuffled_R2=-0.025208
ALIGN ego[00] partner[02] R2=0.828763 NMSE=0.171237 shuffled_R2=-0.015678
ALIGN ego[00] partner[03] R2=0.852629 NMSE=0.147371 shuffled_R2=-0.015796
ALIGN ego[00] partner[04] R2=0.841724 NMSE=0.158276 shuffled_R2=-0.015643
ALIGN ego[01] partner[00] R2=0.824874 NMSE=0.175126 shuffled_R2=-0.016480
ALIGN ego[01] partner[01] R2=0.823380 NMSE=0.176620 shuffled_R2=-0.018834
ALIGN ego[01] partner[02] R2=0.791815 NMSE=0.208185 shuffled_R2=-0.017114
ALIGN ego[01] partner[03] R2=0.837657 NMSE=0.162343 shuffled_R2=-0.016097
ALIGN ego[01] partner[04] R2=0.812171 NMSE=0.187829 shuffled_R2=-0.015356
ALIGN ego[02] partner[00] R2=0.883645 NMSE=0.116355 shuffled_R2=-0.018569
ALIGN ego[02] partner[01] R2=0.862613 NMSE=0.137387 shuffled_R2=-0.015600
ALIGN ego[02] partner[02] R2=0.869350 NMSE=0.130650 shuffled_R2=-0.014949
ALIGN ego[02] partner[03] R2=0.868484 NMSE=0.131516 shuffled_R2=-0.017029
ALIGN ego[02] partner[04] R2=0.768043 NMSE=0.231957 shuffled_R2=-0.024049
ALIGN ego[03] partner[00] R2=0.823921 NMSE=0.176079 shuffled_R2=-0.015768
ALIGN ego[03] partner[01] R2=0.744227 NMSE=0.255773 shuffled_R2=-0.020900
ALIGN ego[03] partner[02] R2=0.757020 NMSE=0.242980 shuffled_R2=-0.021470
ALIGN ego[03] partner[03] R2=0.771734 NMSE=0.228266 shuffled_R2=-0.020244
ALIGN ego[03] partner[04] R2=0.751388 NMSE=0.248612 shuffled_R2=-0.018353
ALIGN ego[04] partner[00] R2=0.913260 NMSE=0.086740 shuffled_R2=-0.015704
ALIGN ego[04] partner[01] R2=0.918212 NMSE=0.081788 shuffled_R2=-0.015020
ALIGN ego[04] partner[02] R2=0.899025 NMSE=0.100975 shuffled_R2=-0.013450
ALIGN ego[04] partner[03] R2=0.882304 NMSE=0.117696 shuffled_R2=-0.016149
ALIGN ego[04] partner[04] R2=0.873816 NMSE=0.126184 shuffled_R2=-0.014861
Evaluating partner alignment group 2: method=pbt, prefix=checkpoints/eval_pools/pbt
LOADED: checkpoints/eval_pools/pbt/counter_circuit/baseline_seed_0_step_62.msgpack
LOADED: checkpoints/eval_pools/pbt/counter_circuit/baseline_seed_1_step_62.msgpack
LOADED: checkpoints/eval_pools/pbt/counter_circuit/baseline_seed_2_step_62.msgpack
LOADED: checkpoints/eval_pools/pbt/counter_circuit/baseline_seed_3_step_62.msgpack
LOADED: checkpoints/eval_pools/pbt/counter_circuit/baseline_seed_4_step_62.msgpack
Using alignment rollout scale: ALIGN_PAIR_BATCH_SIZE=2, ALIGN_EVAL_NUM_EPISODES=128, ALIGN_EVAL_NUM_STEPS=400
ALIGN ego[00] partner[00] R2=0.742039 NMSE=0.257961 shuffled_R2=-0.015445
ALIGN ego[00] partner[01] R2=0.750234 NMSE=0.249766 shuffled_R2=-0.015332
ALIGN ego[00] partner[02] R2=0.737550 NMSE=0.262450 shuffled_R2=-0.015656
ALIGN ego[00] partner[03] R2=0.751147 NMSE=0.248853 shuffled_R2=-0.023776
ALIGN ego[00] partner[04] R2=0.789858 NMSE=0.210142 shuffled_R2=-0.016930
ALIGN ego[01] partner[00] R2=0.743915 NMSE=0.256085 shuffled_R2=-0.015006
ALIGN ego[01] partner[01] R2=0.712500 NMSE=0.287500 shuffled_R2=-0.021767
ALIGN ego[01] partner[02] R2=0.726421 NMSE=0.273579 shuffled_R2=-0.017826
ALIGN ego[01] partner[03] R2=0.782758 NMSE=0.217242 shuffled_R2=-0.014987
ALIGN ego[01] partner[04] R2=0.711538 NMSE=0.288462 shuffled_R2=-0.022882
ALIGN ego[02] partner[00] R2=0.733742 NMSE=0.266258 shuffled_R2=-0.018967
ALIGN ego[02] partner[01] R2=0.748706 NMSE=0.251294 shuffled_R2=-0.013180
ALIGN ego[02] partner[02] R2=0.658551 NMSE=0.341449 shuffled_R2=-0.027346
ALIGN ego[02] partner[03] R2=0.684342 NMSE=0.315658 shuffled_R2=-0.022836
ALIGN ego[02] partner[04] R2=0.768311 NMSE=0.231689 shuffled_R2=-0.014414
ALIGN ego[03] partner[00] R2=0.759919 NMSE=0.240081 shuffled_R2=-0.014697
ALIGN ego[03] partner[01] R2=0.754437 NMSE=0.245563 shuffled_R2=-0.014640
ALIGN ego[03] partner[02] R2=0.708002 NMSE=0.291998 shuffled_R2=-0.017250
ALIGN ego[03] partner[03] R2=0.665364 NMSE=0.334636 shuffled_R2=-0.024051
ALIGN ego[03] partner[04] R2=0.743424 NMSE=0.256576 shuffled_R2=-0.015562
ALIGN ego[04] partner[00] R2=0.798127 NMSE=0.201873 shuffled_R2=-0.015960
ALIGN ego[04] partner[01] R2=0.776155 NMSE=0.223845 shuffled_R2=-0.013393
ALIGN ego[04] partner[02] R2=0.799944 NMSE=0.200056 shuffled_R2=-0.014366
ALIGN ego[04] partner[03] R2=0.769575 NMSE=0.230425 shuffled_R2=-0.017896
ALIGN ego[04] partner[04] R2=0.822128 NMSE=0.177872 shuffled_R2=-0.013574
Evaluating partner alignment group 3: method=sp, prefix=checkpoints/eval_pools/sp
LOADED: checkpoints/eval_pools/sp/counter_circuit/baseline_seed_0_step_380.msgpack
LOADED: checkpoints/eval_pools/sp/counter_circuit/baseline_seed_1_step_380.msgpack
LOADED: checkpoints/eval_pools/sp/counter_circuit/baseline_seed_2_step_380.msgpack
LOADED: checkpoints/eval_pools/sp/counter_circuit/baseline_seed_3_step_380.msgpack
LOADED: checkpoints/eval_pools/sp/counter_circuit/baseline_seed_4_step_380.msgpack
Using alignment rollout scale: ALIGN_PAIR_BATCH_SIZE=2, ALIGN_EVAL_NUM_EPISODES=128, ALIGN_EVAL_NUM_STEPS=400
ALIGN ego[00] partner[00] R2=0.838348 NMSE=0.161652 shuffled_R2=-0.015687
ALIGN ego[00] partner[01] R2=0.805432 NMSE=0.194568 shuffled_R2=-0.018819
ALIGN ego[00] partner[02] R2=0.825518 NMSE=0.174482 shuffled_R2=-0.017726
ALIGN ego[00] partner[03] R2=0.802558 NMSE=0.197442 shuffled_R2=-0.017240
ALIGN ego[00] partner[04] R2=0.840545 NMSE=0.159455 shuffled_R2=-0.015731
ALIGN ego[01] partner[00] R2=0.871035 NMSE=0.128965 shuffled_R2=-0.018249
ALIGN ego[01] partner[01] R2=0.881039 NMSE=0.118961 shuffled_R2=-0.015023
ALIGN ego[01] partner[02] R2=0.862496 NMSE=0.137504 shuffled_R2=-0.016069
ALIGN ego[01] partner[03] R2=0.792761 NMSE=0.207239 shuffled_R2=-0.023207
ALIGN ego[01] partner[04] R2=0.838995 NMSE=0.161005 shuffled_R2=-0.015484
ALIGN ego[02] partner[00] R2=0.806474 NMSE=0.193526 shuffled_R2=-0.018277
ALIGN ego[02] partner[01] R2=0.807592 NMSE=0.192408 shuffled_R2=-0.024005
ALIGN ego[02] partner[02] R2=0.821574 NMSE=0.178426 shuffled_R2=-0.015035
ALIGN ego[02] partner[03] R2=0.857668 NMSE=0.142332 shuffled_R2=-0.016049
ALIGN ego[02] partner[04] R2=0.795566 NMSE=0.204434 shuffled_R2=-0.019194
ALIGN ego[03] partner[00] R2=0.839716 NMSE=0.160284 shuffled_R2=-0.018590
ALIGN ego[03] partner[01] R2=0.865380 NMSE=0.134620 shuffled_R2=-0.016855
ALIGN ego[03] partner[02] R2=0.803363 NMSE=0.196637 shuffled_R2=-0.015719
ALIGN ego[03] partner[03] R2=0.828584 NMSE=0.171416 shuffled_R2=-0.017096
ALIGN ego[03] partner[04] R2=0.810859 NMSE=0.189141 shuffled_R2=-0.014610
ALIGN ego[04] partner[00] R2=0.916825 NMSE=0.083175 shuffled_R2=-0.015839
ALIGN ego[04] partner[01] R2=0.902156 NMSE=0.097844 shuffled_R2=-0.018407
ALIGN ego[04] partner[02] R2=0.841761 NMSE=0.158239 shuffled_R2=-0.019294
ALIGN ego[04] partner[03] R2=0.905556 NMSE=0.094444 shuffled_R2=-0.016029
ALIGN ego[04] partner[04] R2=0.831739 NMSE=0.168261 shuffled_R2=-0.016760
Average ego-to-partner alignment R2: 0.800302 +- 0.005651 SE over 100 ego-partner pairs
Average alignment normalized MSE: 0.199698 +- 0.005651 SE
Average shuffled-control alignment R2: -0.018101 +- 0.000351 SE
Saved alignment results to ad_hoc_teamplay_results/lmpredlow_ema_ablate_ad_hoc_teamplay/counter_circuit
Evaluating ad-hoc teamplay for ego_method=lmpredlow_ema_ablate, layout=coord_ring
ego_prefix=checkpoints/lmpredlow_ema_ablate/, partner_pool_specs=e3t:checkpoints/eval_pools/e3t;mep_br:checkpoints/eval_pools/mep_br;pbt:checkpoints/eval_pools/pbt;sp:checkpoints/eval_pools/sp, result_name=lmpredlow_ema_ablate_ad_hoc_teamplay, ego_perspective_transform=false
Importing submoduled environments...
Submoduled environments not found. Skipping import.
2026-07-03 03:06:25.767075: W external/xla/xla/service/gpu/autotuning/dot_search_space.cc:200] All configs were filtered out because none of them sufficiently match the hints. Maybe the hints set does not contain a good representative set of valid configs?Working around this by using the full hints set instead.
2026-07-03 03:06:26.872501: W external/xla/xla/service/gpu/autotuning/dot_search_space.cc:200] All configs were filtered out because none of them sufficiently match the hints. Maybe the hints set does not contain a good representative set of valid configs?Working around this by using the full hints set instead.
LOADED: checkpoints/lmpredlow_ema_ablate/coord_ring/baseline_seed_0_step_220.msgpack
LOADED: checkpoints/lmpredlow_ema_ablate/coord_ring/baseline_seed_1_step_220.msgpack
LOADED: checkpoints/lmpredlow_ema_ablate/coord_ring/baseline_seed_2_step_220.msgpack
LOADED: checkpoints/lmpredlow_ema_ablate/coord_ring/baseline_seed_3_step_220.msgpack
LOADED: checkpoints/lmpredlow_ema_ablate/coord_ring/baseline_seed_4_step_220.msgpack
Evaluating partner group 0: method=e3t, prefix=checkpoints/eval_pools/e3t
LOADED: checkpoints/eval_pools/e3t/coord_ring/baseline_seed_0_step_220.msgpack
LOADED: checkpoints/eval_pools/e3t/coord_ring/baseline_seed_1_step_220.msgpack
LOADED: checkpoints/eval_pools/e3t/coord_ring/baseline_seed_2_step_220.msgpack
LOADED: checkpoints/eval_pools/e3t/coord_ring/baseline_seed_3_step_220.msgpack
LOADED: checkpoints/eval_pools/e3t/coord_ring/baseline_seed_4_step_220.msgpack
Using XP rollout scale: XP_PAIR_BATCH_SIZE=32, EVAL_NUM_EPISODES=128, EVAL_NUM_STEPS=400
XP ego[00] partner[00] = 283.906
XP ego[00] partner[01] = 289.219
XP ego[00] partner[02] = 29.219
XP ego[00] partner[03] = 288.281
XP ego[00] partner[04] = 264.062
XP ego[01] partner[00] = 236.094
XP ego[01] partner[01] = 248.438
XP ego[01] partner[02] = 113.438
XP ego[01] partner[03] = 135.000
XP ego[01] partner[04] = 168.438
XP ego[02] partner[00] = 303.438
XP ego[02] partner[01] = 310.156
XP ego[02] partner[02] = 47.812
XP ego[02] partner[03] = 257.344
XP ego[02] partner[04] = 303.750
XP ego[03] partner[00] = 236.562
XP ego[03] partner[01] = 267.656
XP ego[03] partner[02] = 39.375
XP ego[03] partner[03] = 203.906
XP ego[03] partner[04] = 204.531
XP ego[04] partner[00] = 269.375
XP ego[04] partner[01] = 171.406
XP ego[04] partner[02] = 17.656
XP ego[04] partner[03] = 235.938
XP ego[04] partner[04] = 255.312
Evaluating partner group 1: method=mep_br, prefix=checkpoints/eval_pools/mep_br
LOADED: checkpoints/eval_pools/mep_br/coord_ring/baseline_seed_0_step_220.msgpack
LOADED: checkpoints/eval_pools/mep_br/coord_ring/baseline_seed_1_step_220.msgpack
LOADED: checkpoints/eval_pools/mep_br/coord_ring/baseline_seed_2_step_220.msgpack
LOADED: checkpoints/eval_pools/mep_br/coord_ring/baseline_seed_3_step_220.msgpack
LOADED: checkpoints/eval_pools/mep_br/coord_ring/baseline_seed_4_step_220.msgpack
Using XP rollout scale: XP_PAIR_BATCH_SIZE=32, EVAL_NUM_EPISODES=128, EVAL_NUM_STEPS=400
XP ego[00] partner[00] = 221.562
XP ego[00] partner[01] = 287.656
XP ego[00] partner[02] = 261.719
XP ego[00] partner[03] = 174.844
XP ego[00] partner[04] = 269.531
XP ego[01] partner[00] = 197.812
XP ego[01] partner[01] = 244.375
XP ego[01] partner[02] = 239.062
XP ego[01] partner[03] = 172.500
XP ego[01] partner[04] = 182.656
XP ego[02] partner[00] = 260.312
XP ego[02] partner[01] = 289.375
XP ego[02] partner[02] = 260.156
XP ego[02] partner[03] = 297.969
XP ego[02] partner[04] = 282.656
XP ego[03] partner[00] = 206.250
XP ego[03] partner[01] = 286.250
XP ego[03] partner[02] = 266.875
XP ego[03] partner[03] = 177.500
XP ego[03] partner[04] = 260.625
XP ego[04] partner[00] = 262.344
XP ego[04] partner[01] = 264.844
XP ego[04] partner[02] = 257.188
XP ego[04] partner[03] = 165.781
XP ego[04] partner[04] = 184.844
Evaluating partner group 2: method=pbt, prefix=checkpoints/eval_pools/pbt
LOADED: checkpoints/eval_pools/pbt/coord_ring/baseline_seed_0_step_62.msgpack
LOADED: checkpoints/eval_pools/pbt/coord_ring/baseline_seed_1_step_62.msgpack
LOADED: checkpoints/eval_pools/pbt/coord_ring/baseline_seed_2_step_62.msgpack
LOADED: checkpoints/eval_pools/pbt/coord_ring/baseline_seed_3_step_62.msgpack
LOADED: checkpoints/eval_pools/pbt/coord_ring/baseline_seed_4_step_62.msgpack
Using XP rollout scale: XP_PAIR_BATCH_SIZE=32, EVAL_NUM_EPISODES=128, EVAL_NUM_STEPS=400
XP ego[00] partner[00] = 301.250
XP ego[00] partner[01] = 290.312
XP ego[00] partner[02] = 286.875
XP ego[00] partner[03] = 277.969
XP ego[00] partner[04] = 293.750
XP ego[01] partner[00] = 191.406
XP ego[01] partner[01] = 165.000
XP ego[01] partner[02] = 110.312
XP ego[01] partner[03] = 150.156
XP ego[01] partner[04] = 200.469
XP ego[02] partner[00] = 265.312
XP ego[02] partner[01] = 256.250
XP ego[02] partner[02] = 243.125
XP ego[02] partner[03] = 262.344
XP ego[02] partner[04] = 249.062
XP ego[03] partner[00] = 242.188
XP ego[03] partner[01] = 218.594
XP ego[03] partner[02] = 222.500
XP ego[03] partner[03] = 234.375
XP ego[03] partner[04] = 231.250
XP ego[04] partner[00] = 248.281
XP ego[04] partner[01] = 279.688
XP ego[04] partner[02] = 253.906
XP ego[04] partner[03] = 214.062
XP ego[04] partner[04] = 214.688
Evaluating partner group 3: method=sp, prefix=checkpoints/eval_pools/sp
LOADED: checkpoints/eval_pools/sp/coord_ring/baseline_seed_0_step_220.msgpack
LOADED: checkpoints/eval_pools/sp/coord_ring/baseline_seed_1_step_220.msgpack
LOADED: checkpoints/eval_pools/sp/coord_ring/baseline_seed_2_step_220.msgpack
LOADED: checkpoints/eval_pools/sp/coord_ring/baseline_seed_3_step_220.msgpack
LOADED: checkpoints/eval_pools/sp/coord_ring/baseline_seed_4_step_220.msgpack
Using XP rollout scale: XP_PAIR_BATCH_SIZE=32, EVAL_NUM_EPISODES=128, EVAL_NUM_STEPS=400
XP ego[00] partner[00] = 286.406
XP ego[00] partner[01] = 275.312
XP ego[00] partner[02] = 270.000
XP ego[00] partner[03] = 275.469
XP ego[00] partner[04] = 293.438
XP ego[01] partner[00] = 165.312
XP ego[01] partner[01] = 121.562
XP ego[01] partner[02] = 129.844
XP ego[01] partner[03] = 65.156
XP ego[01] partner[04] = 74.844
XP ego[02] partner[00] = 311.406
XP ego[02] partner[01] = 281.719
XP ego[02] partner[02] = 259.844
XP ego[02] partner[03] = 291.094
XP ego[02] partner[04] = 286.406
XP ego[03] partner[00] = 225.625
XP ego[03] partner[01] = 239.531
XP ego[03] partner[02] = 214.062
XP ego[03] partner[03] = 253.125
XP ego[03] partner[04] = 229.688
XP ego[04] partner[00] = 175.781
XP ego[04] partner[01] = 252.500
XP ego[04] partner[02] = 273.438
XP ego[04] partner[03] = 275.000
XP ego[04] partner[04] = 270.625
Average ego-vs-partner performance: 228.553 +- 6.636 SE over 100 ordered pairs
Average diagonal performance: 207.875 +- 42.019 SE over 5 pairs
Average off-diagonal performance (only for square pools): nan +- nan SE over 0 ordered pairs
Saved ad-hoc teamplay results to ad_hoc_teamplay_results/lmpredlow_ema_ablate_ad_hoc_teamplay/coord_ring
Saved ad-hoc teamplay heatmap to ad_hoc_teamplay_results/lmpredlow_ema_ablate_ad_hoc_teamplay/coord_ring/xp_matrix.png
Evaluating partner alignment group 0: method=e3t, prefix=checkpoints/eval_pools/e3t
LOADED: checkpoints/eval_pools/e3t/coord_ring/baseline_seed_0_step_220.msgpack
LOADED: checkpoints/eval_pools/e3t/coord_ring/baseline_seed_1_step_220.msgpack
LOADED: checkpoints/eval_pools/e3t/coord_ring/baseline_seed_2_step_220.msgpack
LOADED: checkpoints/eval_pools/e3t/coord_ring/baseline_seed_3_step_220.msgpack
LOADED: checkpoints/eval_pools/e3t/coord_ring/baseline_seed_4_step_220.msgpack
Using alignment rollout scale: ALIGN_PAIR_BATCH_SIZE=2, ALIGN_EVAL_NUM_EPISODES=128, ALIGN_EVAL_NUM_STEPS=400
ALIGN ego[00] partner[00] R2=0.820941 NMSE=0.179059 shuffled_R2=-0.026846
ALIGN ego[00] partner[01] R2=0.858767 NMSE=0.141233 shuffled_R2=-0.016143
ALIGN ego[00] partner[02] R2=0.916933 NMSE=0.083067 shuffled_R2=-0.021828
ALIGN ego[00] partner[03] R2=0.843905 NMSE=0.156095 shuffled_R2=-0.020196
ALIGN ego[00] partner[04] R2=0.902131 NMSE=0.097869 shuffled_R2=-0.014276
ALIGN ego[01] partner[00] R2=0.862800 NMSE=0.137200 shuffled_R2=-0.026582
ALIGN ego[01] partner[01] R2=0.880547 NMSE=0.119453 shuffled_R2=-0.016829
ALIGN ego[01] partner[02] R2=0.901141 NMSE=0.098859 shuffled_R2=-0.021713
ALIGN ego[01] partner[03] R2=0.912587 NMSE=0.087413 shuffled_R2=-0.015345
ALIGN ego[01] partner[04] R2=0.883534 NMSE=0.116466 shuffled_R2=-0.017692
ALIGN ego[02] partner[00] R2=0.761857 NMSE=0.238143 shuffled_R2=-0.057148
ALIGN ego[02] partner[01] R2=0.887807 NMSE=0.112193 shuffled_R2=-0.014405
ALIGN ego[02] partner[02] R2=0.942178 NMSE=0.057822 shuffled_R2=-0.020004
ALIGN ego[02] partner[03] R2=0.920926 NMSE=0.079074 shuffled_R2=-0.012662
ALIGN ego[02] partner[04] R2=0.882435 NMSE=0.117565 shuffled_R2=-0.015061
ALIGN ego[03] partner[00] R2=0.921287 NMSE=0.078713 shuffled_R2=-0.016334
ALIGN ego[03] partner[01] R2=0.850970 NMSE=0.149030 shuffled_R2=-0.023454
ALIGN ego[03] partner[02] R2=0.712952 NMSE=0.287048 shuffled_R2=-0.100404
ALIGN ego[03] partner[03] R2=0.820622 NMSE=0.179378 shuffled_R2=-0.026351
ALIGN ego[03] partner[04] R2=0.893202 NMSE=0.106798 shuffled_R2=-0.015002
ALIGN ego[04] partner[00] R2=0.889030 NMSE=0.110970 shuffled_R2=-0.019586
ALIGN ego[04] partner[01] R2=0.868656 NMSE=0.131344 shuffled_R2=-0.021023
ALIGN ego[04] partner[02] R2=0.830631 NMSE=0.169369 shuffled_R2=-0.077794
ALIGN ego[04] partner[03] R2=0.816545 NMSE=0.183455 shuffled_R2=-0.024451
ALIGN ego[04] partner[04] R2=0.851798 NMSE=0.148202 shuffled_R2=-0.016965
Evaluating partner alignment group 1: method=mep_br, prefix=checkpoints/eval_pools/mep_br
LOADED: checkpoints/eval_pools/mep_br/coord_ring/baseline_seed_0_step_220.msgpack
LOADED: checkpoints/eval_pools/mep_br/coord_ring/baseline_seed_1_step_220.msgpack
LOADED: checkpoints/eval_pools/mep_br/coord_ring/baseline_seed_2_step_220.msgpack
LOADED: checkpoints/eval_pools/mep_br/coord_ring/baseline_seed_3_step_220.msgpack
LOADED: checkpoints/eval_pools/mep_br/coord_ring/baseline_seed_4_step_220.msgpack
Using alignment rollout scale: ALIGN_PAIR_BATCH_SIZE=2, ALIGN_EVAL_NUM_EPISODES=128, ALIGN_EVAL_NUM_STEPS=400
ALIGN ego[00] partner[00] R2=0.747710 NMSE=0.252290 shuffled_R2=-0.029270
ALIGN ego[00] partner[01] R2=0.889347 NMSE=0.110653 shuffled_R2=-0.018033
ALIGN ego[00] partner[02] R2=0.721499 NMSE=0.278501 shuffled_R2=-0.036913
ALIGN ego[00] partner[03] R2=0.942195 NMSE=0.057805 shuffled_R2=-0.016216
ALIGN ego[00] partner[04] R2=0.890885 NMSE=0.109115 shuffled_R2=-0.014975
ALIGN ego[01] partner[00] R2=0.855240 NMSE=0.144760 shuffled_R2=-0.017037
ALIGN ego[01] partner[01] R2=0.901746 NMSE=0.098254 shuffled_R2=-0.014390
ALIGN ego[01] partner[02] R2=0.867212 NMSE=0.132788 shuffled_R2=-0.013271
ALIGN ego[01] partner[03] R2=0.904820 NMSE=0.095180 shuffled_R2=-0.016521
ALIGN ego[01] partner[04] R2=0.826914 NMSE=0.173086 shuffled_R2=-0.020149
ALIGN ego[02] partner[00] R2=0.833593 NMSE=0.166407 shuffled_R2=-0.021971
ALIGN ego[02] partner[01] R2=0.903523 NMSE=0.096477 shuffled_R2=-0.018491
ALIGN ego[02] partner[02] R2=0.917792 NMSE=0.082208 shuffled_R2=-0.015983
ALIGN ego[02] partner[03] R2=0.926769 NMSE=0.073231 shuffled_R2=-0.021388
ALIGN ego[02] partner[04] R2=0.921141 NMSE=0.078859 shuffled_R2=-0.015778
ALIGN ego[03] partner[00] R2=0.834354 NMSE=0.165646 shuffled_R2=-0.018505
ALIGN ego[03] partner[01] R2=0.864501 NMSE=0.135499 shuffled_R2=-0.016082
ALIGN ego[03] partner[02] R2=0.866918 NMSE=0.133082 shuffled_R2=-0.017433
ALIGN ego[03] partner[03] R2=0.909073 NMSE=0.090927 shuffled_R2=-0.021474
ALIGN ego[03] partner[04] R2=0.816534 NMSE=0.183466 shuffled_R2=-0.029876
ALIGN ego[04] partner[00] R2=0.901240 NMSE=0.098760 shuffled_R2=-0.015150
ALIGN ego[04] partner[01] R2=0.895255 NMSE=0.104745 shuffled_R2=-0.016239
ALIGN ego[04] partner[02] R2=0.877224 NMSE=0.122776 shuffled_R2=-0.017922
ALIGN ego[04] partner[03] R2=0.898687 NMSE=0.101313 shuffled_R2=-0.024483
ALIGN ego[04] partner[04] R2=0.901286 NMSE=0.098714 shuffled_R2=-0.020671
Evaluating partner alignment group 2: method=pbt, prefix=checkpoints/eval_pools/pbt
LOADED: checkpoints/eval_pools/pbt/coord_ring/baseline_seed_0_step_62.msgpack
LOADED: checkpoints/eval_pools/pbt/coord_ring/baseline_seed_1_step_62.msgpack
LOADED: checkpoints/eval_pools/pbt/coord_ring/baseline_seed_2_step_62.msgpack
LOADED: checkpoints/eval_pools/pbt/coord_ring/baseline_seed_3_step_62.msgpack
LOADED: checkpoints/eval_pools/pbt/coord_ring/baseline_seed_4_step_62.msgpack
Using alignment rollout scale: ALIGN_PAIR_BATCH_SIZE=2, ALIGN_EVAL_NUM_EPISODES=128, ALIGN_EVAL_NUM_STEPS=400
ALIGN ego[00] partner[00] R2=0.828082 NMSE=0.171918 shuffled_R2=-0.020049
ALIGN ego[00] partner[01] R2=0.828955 NMSE=0.171045 shuffled_R2=-0.017624
ALIGN ego[00] partner[02] R2=0.829896 NMSE=0.170104 shuffled_R2=-0.016001
ALIGN ego[00] partner[03] R2=0.849965 NMSE=0.150035 shuffled_R2=-0.016415
ALIGN ego[00] partner[04] R2=0.758274 NMSE=0.241726 shuffled_R2=-0.018617
ALIGN ego[01] partner[00] R2=0.782752 NMSE=0.217248 shuffled_R2=-0.014945
ALIGN ego[01] partner[01] R2=0.740088 NMSE=0.259912 shuffled_R2=-0.015623
ALIGN ego[01] partner[02] R2=0.491253 NMSE=0.508747 shuffled_R2=-0.117290
ALIGN ego[01] partner[03] R2=0.716904 NMSE=0.283096 shuffled_R2=-0.021314
ALIGN ego[01] partner[04] R2=0.751437 NMSE=0.248563 shuffled_R2=-0.015872
ALIGN ego[02] partner[00] R2=0.603367 NMSE=0.396633 shuffled_R2=-0.028415
ALIGN ego[02] partner[01] R2=0.782583 NMSE=0.217417 shuffled_R2=-0.023265
ALIGN ego[02] partner[02] R2=0.746296 NMSE=0.253704 shuffled_R2=-0.022783
ALIGN ego[02] partner[03] R2=0.812615 NMSE=0.187385 shuffled_R2=-0.017955
ALIGN ego[02] partner[04] R2=0.827628 NMSE=0.172372 shuffled_R2=-0.015182
ALIGN ego[03] partner[00] R2=0.714163 NMSE=0.285837 shuffled_R2=-0.021430
ALIGN ego[03] partner[01] R2=0.794150 NMSE=0.205850 shuffled_R2=-0.016853
ALIGN ego[03] partner[02] R2=0.717780 NMSE=0.282220 shuffled_R2=-0.022756
ALIGN ego[03] partner[03] R2=0.793410 NMSE=0.206590 shuffled_R2=-0.015427
ALIGN ego[03] partner[04] R2=0.752247 NMSE=0.247753 shuffled_R2=-0.017336
ALIGN ego[04] partner[00] R2=0.819042 NMSE=0.180958 shuffled_R2=-0.015070
ALIGN ego[04] partner[01] R2=0.819355 NMSE=0.180645 shuffled_R2=-0.014550
ALIGN ego[04] partner[02] R2=0.717372 NMSE=0.282628 shuffled_R2=-0.017770
ALIGN ego[04] partner[03] R2=0.833949 NMSE=0.166051 shuffled_R2=-0.014216
ALIGN ego[04] partner[04] R2=0.762089 NMSE=0.237911 shuffled_R2=-0.015956
Evaluating partner alignment group 3: method=sp, prefix=checkpoints/eval_pools/sp
LOADED: checkpoints/eval_pools/sp/coord_ring/baseline_seed_0_step_220.msgpack
LOADED: checkpoints/eval_pools/sp/coord_ring/baseline_seed_1_step_220.msgpack
LOADED: checkpoints/eval_pools/sp/coord_ring/baseline_seed_2_step_220.msgpack
LOADED: checkpoints/eval_pools/sp/coord_ring/baseline_seed_3_step_220.msgpack
LOADED: checkpoints/eval_pools/sp/coord_ring/baseline_seed_4_step_220.msgpack
Using alignment rollout scale: ALIGN_PAIR_BATCH_SIZE=2, ALIGN_EVAL_NUM_EPISODES=128, ALIGN_EVAL_NUM_STEPS=400
ALIGN ego[00] partner[00] R2=0.854358 NMSE=0.145642 shuffled_R2=-0.018293
ALIGN ego[00] partner[01] R2=0.887630 NMSE=0.112370 shuffled_R2=-0.021768
ALIGN ego[00] partner[02] R2=0.876353 NMSE=0.123647 shuffled_R2=-0.024210
ALIGN ego[00] partner[03] R2=0.876687 NMSE=0.123313 shuffled_R2=-0.015791
ALIGN ego[00] partner[04] R2=0.937281 NMSE=0.062719 shuffled_R2=-0.017599
ALIGN ego[01] partner[00] R2=0.781239 NMSE=0.218761 shuffled_R2=-0.023277
ALIGN ego[01] partner[01] R2=0.812276 NMSE=0.187724 shuffled_R2=-0.038126
ALIGN ego[01] partner[02] R2=0.832668 NMSE=0.167332 shuffled_R2=-0.020735
ALIGN ego[01] partner[03] R2=0.854465 NMSE=0.145535 shuffled_R2=-0.038077
ALIGN ego[01] partner[04] R2=0.897801 NMSE=0.102199 shuffled_R2=-0.020235
ALIGN ego[02] partner[00] R2=0.911499 NMSE=0.088501 shuffled_R2=-0.015826
ALIGN ego[02] partner[01] R2=0.901060 NMSE=0.098940 shuffled_R2=-0.016278
ALIGN ego[02] partner[02] R2=0.911615 NMSE=0.088385 shuffled_R2=-0.015422
ALIGN ego[02] partner[03] R2=0.892725 NMSE=0.107275 shuffled_R2=-0.017951
ALIGN ego[02] partner[04] R2=0.938042 NMSE=0.061958 shuffled_R2=-0.016149
ALIGN ego[03] partner[00] R2=0.912554 NMSE=0.087446 shuffled_R2=-0.014665
ALIGN ego[03] partner[01] R2=0.877627 NMSE=0.122373 shuffled_R2=-0.016344
ALIGN ego[03] partner[02] R2=0.817352 NMSE=0.182648 shuffled_R2=-0.026372
ALIGN ego[03] partner[03] R2=0.877279 NMSE=0.122721 shuffled_R2=-0.018858
ALIGN ego[03] partner[04] R2=0.887294 NMSE=0.112706 shuffled_R2=-0.015817
ALIGN ego[04] partner[00] R2=0.878619 NMSE=0.121381 shuffled_R2=-0.025818
ALIGN ego[04] partner[01] R2=0.930055 NMSE=0.069945 shuffled_R2=-0.017098
ALIGN ego[04] partner[02] R2=0.844224 NMSE=0.155776 shuffled_R2=-0.056234
ALIGN ego[04] partner[03] R2=0.914021 NMSE=0.085979 shuffled_R2=-0.014414
ALIGN ego[04] partner[04] R2=0.920246 NMSE=0.079754 shuffled_R2=-0.017269
Average ego-to-partner alignment R2: 0.845483 +- 0.007462 SE over 100 ego-partner pairs
Average alignment normalized MSE: 0.154517 +- 0.007462 SE
Average shuffled-control alignment R2: -0.022417 +- 0.001553 SE
Saved alignment results to ad_hoc_teamplay_results/lmpredlow_ema_ablate_ad_hoc_teamplay/coord_ring
Evaluating ad-hoc teamplay for ego_method=lmpredlow_ema_ablate, layout=cramped_room5x5
ego_prefix=checkpoints/lmpredlow_ema_ablate/, partner_pool_specs=e3t:checkpoints/eval_pools/e3t;mep_br:checkpoints/eval_pools/mep_br;pbt:checkpoints/eval_pools/pbt;sp:checkpoints/eval_pools/sp, result_name=lmpredlow_ema_ablate_ad_hoc_teamplay, ego_perspective_transform=false
Importing submoduled environments...
Submoduled environments not found. Skipping import.
2026-07-03 03:09:49.892863: W external/xla/xla/service/gpu/autotuning/dot_search_space.cc:200] All configs were filtered out because none of them sufficiently match the hints. Maybe the hints set does not contain a good representative set of valid configs?Working around this by using the full hints set instead.
2026-07-03 03:09:50.994483: W external/xla/xla/service/gpu/autotuning/dot_search_space.cc:200] All configs were filtered out because none of them sufficiently match the hints. Maybe the hints set does not contain a good representative set of valid configs?Working around this by using the full hints set instead.
LOADED: checkpoints/lmpredlow_ema_ablate/cramped_room5x5/baseline_seed_0_step_220.msgpack
LOADED: checkpoints/lmpredlow_ema_ablate/cramped_room5x5/baseline_seed_1_step_220.msgpack
LOADED: checkpoints/lmpredlow_ema_ablate/cramped_room5x5/baseline_seed_2_step_220.msgpack
LOADED: checkpoints/lmpredlow_ema_ablate/cramped_room5x5/baseline_seed_3_step_220.msgpack
LOADED: checkpoints/lmpredlow_ema_ablate/cramped_room5x5/baseline_seed_4_step_220.msgpack
Evaluating partner group 0: method=e3t, prefix=checkpoints/eval_pools/e3t
LOADED: checkpoints/eval_pools/e3t/cramped_room5x5/baseline_seed_0_step_220.msgpack
LOADED: checkpoints/eval_pools/e3t/cramped_room5x5/baseline_seed_1_step_220.msgpack
LOADED: checkpoints/eval_pools/e3t/cramped_room5x5/baseline_seed_2_step_220.msgpack
LOADED: checkpoints/eval_pools/e3t/cramped_room5x5/baseline_seed_3_step_220.msgpack
LOADED: checkpoints/eval_pools/e3t/cramped_room5x5/baseline_seed_4_step_220.msgpack
Using XP rollout scale: XP_PAIR_BATCH_SIZE=32, EVAL_NUM_EPISODES=128, EVAL_NUM_STEPS=400
XP ego[00] partner[00] = 216.562
XP ego[00] partner[01] = 224.531
XP ego[00] partner[02] = 217.969
XP ego[00] partner[03] = 224.531
XP ego[00] partner[04] = 205.469
XP ego[01] partner[00] = 231.406
XP ego[01] partner[01] = 222.188
XP ego[01] partner[02] = 230.000
XP ego[01] partner[03] = 242.344
XP ego[01] partner[04] = 150.469
XP ego[02] partner[00] = 62.188
XP ego[02] partner[01] = 56.094
XP ego[02] partner[02] = 235.469
XP ego[02] partner[03] = 223.125
XP ego[02] partner[04] = 224.062
XP ego[03] partner[00] = 190.156
XP ego[03] partner[01] = 204.844
XP ego[03] partner[02] = 229.531
XP ego[03] partner[03] = 228.281
XP ego[03] partner[04] = 219.531
XP ego[04] partner[00] = 178.125
XP ego[04] partner[01] = 184.688
XP ego[04] partner[02] = 170.625
XP ego[04] partner[03] = 209.062
XP ego[04] partner[04] = 217.344
Evaluating partner group 1: method=mep_br, prefix=checkpoints/eval_pools/mep_br
LOADED: checkpoints/eval_pools/mep_br/cramped_room5x5/baseline_seed_0_step_220.msgpack
LOADED: checkpoints/eval_pools/mep_br/cramped_room5x5/baseline_seed_1_step_220.msgpack
LOADED: checkpoints/eval_pools/mep_br/cramped_room5x5/baseline_seed_2_step_220.msgpack
LOADED: checkpoints/eval_pools/mep_br/cramped_room5x5/baseline_seed_3_step_220.msgpack
LOADED: checkpoints/eval_pools/mep_br/cramped_room5x5/baseline_seed_4_step_220.msgpack
Using XP rollout scale: XP_PAIR_BATCH_SIZE=32, EVAL_NUM_EPISODES=128, EVAL_NUM_STEPS=400
XP ego[00] partner[00] = 202.188
XP ego[00] partner[01] = 213.750
XP ego[00] partner[02] = 210.312
XP ego[00] partner[03] = 220.781
XP ego[00] partner[04] = 209.844
XP ego[01] partner[00] = 122.344
XP ego[01] partner[01] = 226.094
XP ego[01] partner[02] = 156.406
XP ego[01] partner[03] = 233.438
XP ego[01] partner[04] = 218.438
XP ego[02] partner[00] = 193.438
XP ego[02] partner[01] = 212.344
XP ego[02] partner[02] = 162.812
XP ego[02] partner[03] = 170.312
XP ego[02] partner[04] = 64.062
XP ego[03] partner[00] = 190.469
XP ego[03] partner[01] = 223.281
XP ego[03] partner[02] = 217.812
XP ego[03] partner[03] = 235.781
XP ego[03] partner[04] = 176.094
XP ego[04] partner[00] = 145.781
XP ego[04] partner[01] = 206.406
XP ego[04] partner[02] = 155.156
XP ego[04] partner[03] = 218.750
XP ego[04] partner[04] = 203.594
Evaluating partner group 2: method=pbt, prefix=checkpoints/eval_pools/pbt
LOADED: checkpoints/eval_pools/pbt/cramped_room5x5/baseline_seed_0_step_62.msgpack
LOADED: checkpoints/eval_pools/pbt/cramped_room5x5/baseline_seed_1_step_62.msgpack
LOADED: checkpoints/eval_pools/pbt/cramped_room5x5/baseline_seed_2_step_62.msgpack
LOADED: checkpoints/eval_pools/pbt/cramped_room5x5/baseline_seed_3_step_62.msgpack
LOADED: checkpoints/eval_pools/pbt/cramped_room5x5/baseline_seed_4_step_62.msgpack
Using XP rollout scale: XP_PAIR_BATCH_SIZE=32, EVAL_NUM_EPISODES=128, EVAL_NUM_STEPS=400
XP ego[00] partner[00] = 206.719
XP ego[00] partner[01] = 210.000
XP ego[00] partner[02] = 198.594
XP ego[00] partner[03] = 165.469
XP ego[00] partner[04] = 160.156
XP ego[01] partner[00] = 34.844
XP ego[01] partner[01] = 28.750
XP ego[01] partner[02] = 27.656
XP ego[01] partner[03] = 31.094
XP ego[01] partner[04] = 31.719
XP ego[02] partner[00] = 170.625
XP ego[02] partner[01] = 208.281
XP ego[02] partner[02] = 214.219
XP ego[02] partner[03] = 168.125
XP ego[02] partner[04] = 199.219
XP ego[03] partner[00] = 31.719
XP ego[03] partner[01] = 51.719
XP ego[03] partner[02] = 28.594
XP ego[03] partner[03] = 31.094
XP ego[03] partner[04] = 34.375
XP ego[04] partner[00] = 34.219
XP ego[04] partner[01] = 28.906
XP ego[04] partner[02] = 27.812
XP ego[04] partner[03] = 36.406
XP ego[04] partner[04] = 35.938
Evaluating partner group 3: method=sp, prefix=checkpoints/eval_pools/sp
LOADED: checkpoints/eval_pools/sp/cramped_room5x5/baseline_seed_0_step_220.msgpack
LOADED: checkpoints/eval_pools/sp/cramped_room5x5/baseline_seed_1_step_220.msgpack
LOADED: checkpoints/eval_pools/sp/cramped_room5x5/baseline_seed_2_step_220.msgpack
LOADED: checkpoints/eval_pools/sp/cramped_room5x5/baseline_seed_3_step_220.msgpack
LOADED: checkpoints/eval_pools/sp/cramped_room5x5/baseline_seed_4_step_220.msgpack
Using XP rollout scale: XP_PAIR_BATCH_SIZE=32, EVAL_NUM_EPISODES=128, EVAL_NUM_STEPS=400
XP ego[00] partner[00] = 213.594
XP ego[00] partner[01] = 145.156
XP ego[00] partner[02] = 207.344
XP ego[00] partner[03] = 219.688
XP ego[00] partner[04] = 171.719
XP ego[01] partner[00] = 223.438
XP ego[01] partner[01] = 94.531
XP ego[01] partner[02] = 243.750
XP ego[01] partner[03] = 209.219
XP ego[01] partner[04] = 187.031
XP ego[02] partner[00] = 211.406
XP ego[02] partner[01] = 152.188
XP ego[02] partner[02] = 171.250
XP ego[02] partner[03] = 236.875
XP ego[02] partner[04] = 118.906
XP ego[03] partner[00] = 217.969
XP ego[03] partner[01] = 191.094
XP ego[03] partner[02] = 216.250
XP ego[03] partner[03] = 237.656
XP ego[03] partner[04] = 220.469
XP ego[04] partner[00] = 207.500
XP ego[04] partner[01] = 200.625
XP ego[04] partner[02] = 217.188
XP ego[04] partner[03] = 229.531
XP ego[04] partner[04] = 221.719
Average ego-vs-partner performance: 171.506 +- 6.898 SE over 100 ordered pairs
Average diagonal performance: 223.969 +- 3.555 SE over 5 pairs
Average off-diagonal performance (only for square pools): nan +- nan SE over 0 ordered pairs
Saved ad-hoc teamplay results to ad_hoc_teamplay_results/lmpredlow_ema_ablate_ad_hoc_teamplay/cramped_room5x5
Saved ad-hoc teamplay heatmap to ad_hoc_teamplay_results/lmpredlow_ema_ablate_ad_hoc_teamplay/cramped_room5x5/xp_matrix.png
Evaluating partner alignment group 0: method=e3t, prefix=checkpoints/eval_pools/e3t
LOADED: checkpoints/eval_pools/e3t/cramped_room5x5/baseline_seed_0_step_220.msgpack
LOADED: checkpoints/eval_pools/e3t/cramped_room5x5/baseline_seed_1_step_220.msgpack
LOADED: checkpoints/eval_pools/e3t/cramped_room5x5/baseline_seed_2_step_220.msgpack
LOADED: checkpoints/eval_pools/e3t/cramped_room5x5/baseline_seed_3_step_220.msgpack
LOADED: checkpoints/eval_pools/e3t/cramped_room5x5/baseline_seed_4_step_220.msgpack
Using alignment rollout scale: ALIGN_PAIR_BATCH_SIZE=2, ALIGN_EVAL_NUM_EPISODES=128, ALIGN_EVAL_NUM_STEPS=400
ALIGN ego[00] partner[00] R2=0.937143 NMSE=0.062857 shuffled_R2=-0.014723
ALIGN ego[00] partner[01] R2=0.955937 NMSE=0.044063 shuffled_R2=-0.017164
ALIGN ego[00] partner[02] R2=0.923082 NMSE=0.076918 shuffled_R2=-0.021670
ALIGN ego[00] partner[03] R2=0.848998 NMSE=0.151002 shuffled_R2=-0.030901
ALIGN ego[00] partner[04] R2=0.872199 NMSE=0.127801 shuffled_R2=-0.060631
ALIGN ego[01] partner[00] R2=0.922553 NMSE=0.077447 shuffled_R2=-0.019293
ALIGN ego[01] partner[01] R2=0.791468 NMSE=0.208532 shuffled_R2=-0.130199
ALIGN ego[01] partner[02] R2=0.952540 NMSE=0.047460 shuffled_R2=-0.016340
ALIGN ego[01] partner[03] R2=0.762469 NMSE=0.237531 shuffled_R2=-0.089118
ALIGN ego[01] partner[04] R2=0.961448 NMSE=0.038552 shuffled_R2=-0.015241
ALIGN ego[02] partner[00] R2=0.837982 NMSE=0.162018 shuffled_R2=-0.089968
ALIGN ego[02] partner[01] R2=0.859866 NMSE=0.140134 shuffled_R2=-0.071516
ALIGN ego[02] partner[02] R2=0.939859 NMSE=0.060141 shuffled_R2=-0.020226
ALIGN ego[02] partner[03] R2=0.941825 NMSE=0.058175 shuffled_R2=-0.017991
ALIGN ego[02] partner[04] R2=0.826310 NMSE=0.173690 shuffled_R2=-0.063689
ALIGN ego[03] partner[00] R2=0.953653 NMSE=0.046347 shuffled_R2=-0.017746
ALIGN ego[03] partner[01] R2=0.841994 NMSE=0.158006 shuffled_R2=-0.029590
ALIGN ego[03] partner[02] R2=0.958555 NMSE=0.041445 shuffled_R2=-0.018598
ALIGN ego[03] partner[03] R2=0.864492 NMSE=0.135508 shuffled_R2=-0.053251
ALIGN ego[03] partner[04] R2=0.957969 NMSE=0.042031 shuffled_R2=-0.016801
ALIGN ego[04] partner[00] R2=0.938552 NMSE=0.061448 shuffled_R2=-0.022347
ALIGN ego[04] partner[01] R2=0.969568 NMSE=0.030432 shuffled_R2=-0.014830
ALIGN ego[04] partner[02] R2=0.914255 NMSE=0.085745 shuffled_R2=-0.025293
ALIGN ego[04] partner[03] R2=0.942319 NMSE=0.057681 shuffled_R2=-0.021409
ALIGN ego[04] partner[04] R2=0.865124 NMSE=0.134876 shuffled_R2=-0.046106
Evaluating partner alignment group 1: method=mep_br, prefix=checkpoints/eval_pools/mep_br
LOADED: checkpoints/eval_pools/mep_br/cramped_room5x5/baseline_seed_0_step_220.msgpack
LOADED: checkpoints/eval_pools/mep_br/cramped_room5x5/baseline_seed_1_step_220.msgpack
LOADED: checkpoints/eval_pools/mep_br/cramped_room5x5/baseline_seed_2_step_220.msgpack
LOADED: checkpoints/eval_pools/mep_br/cramped_room5x5/baseline_seed_3_step_220.msgpack
LOADED: checkpoints/eval_pools/mep_br/cramped_room5x5/baseline_seed_4_step_220.msgpack
Using alignment rollout scale: ALIGN_PAIR_BATCH_SIZE=2, ALIGN_EVAL_NUM_EPISODES=128, ALIGN_EVAL_NUM_STEPS=400
ALIGN ego[00] partner[00] R2=0.914061 NMSE=0.085939 shuffled_R2=-0.018242
ALIGN ego[00] partner[01] R2=0.930576 NMSE=0.069424 shuffled_R2=-0.019419
ALIGN ego[00] partner[02] R2=0.917633 NMSE=0.082367 shuffled_R2=-0.022713
ALIGN ego[00] partner[03] R2=0.948949 NMSE=0.051051 shuffled_R2=-0.019950
ALIGN ego[00] partner[04] R2=0.932268 NMSE=0.067732 shuffled_R2=-0.018314
ALIGN ego[01] partner[00] R2=0.892295 NMSE=0.107705 shuffled_R2=-0.034390
ALIGN ego[01] partner[01] R2=0.942256 NMSE=0.057744 shuffled_R2=-0.017722
ALIGN ego[01] partner[02] R2=0.948539 NMSE=0.051461 shuffled_R2=-0.014618
ALIGN ego[01] partner[03] R2=0.945130 NMSE=0.054870 shuffled_R2=-0.018702
ALIGN ego[01] partner[04] R2=0.949272 NMSE=0.050728 shuffled_R2=-0.021153
ALIGN ego[02] partner[00] R2=0.923824 NMSE=0.076176 shuffled_R2=-0.017565
ALIGN ego[02] partner[01] R2=0.937703 NMSE=0.062297 shuffled_R2=-0.015993
ALIGN ego[02] partner[02] R2=0.954932 NMSE=0.045068 shuffled_R2=-0.015687
ALIGN ego[02] partner[03] R2=0.949725 NMSE=0.050275 shuffled_R2=-0.019015
ALIGN ego[02] partner[04] R2=0.937128 NMSE=0.062872 shuffled_R2=-0.023881
ALIGN ego[03] partner[00] R2=0.947430 NMSE=0.052570 shuffled_R2=-0.018238
ALIGN ego[03] partner[01] R2=0.951009 NMSE=0.048991 shuffled_R2=-0.017433
ALIGN ego[03] partner[02] R2=0.928374 NMSE=0.071626 shuffled_R2=-0.025371
ALIGN ego[03] partner[03] R2=0.873270 NMSE=0.126730 shuffled_R2=-0.034337
ALIGN ego[03] partner[04] R2=0.956581 NMSE=0.043419 shuffled_R2=-0.015585
ALIGN ego[04] partner[00] R2=0.931870 NMSE=0.068130 shuffled_R2=-0.015237
ALIGN ego[04] partner[01] R2=0.945634 NMSE=0.054366 shuffled_R2=-0.015925
ALIGN ego[04] partner[02] R2=0.941079 NMSE=0.058921 shuffled_R2=-0.015523
ALIGN ego[04] partner[03] R2=0.940890 NMSE=0.059110 shuffled_R2=-0.023773
ALIGN ego[04] partner[04] R2=0.949662 NMSE=0.050338 shuffled_R2=-0.017580
Evaluating partner alignment group 2: method=pbt, prefix=checkpoints/eval_pools/pbt
LOADED: checkpoints/eval_pools/pbt/cramped_room5x5/baseline_seed_0_step_62.msgpack
LOADED: checkpoints/eval_pools/pbt/cramped_room5x5/baseline_seed_1_step_62.msgpack
LOADED: checkpoints/eval_pools/pbt/cramped_room5x5/baseline_seed_2_step_62.msgpack
LOADED: checkpoints/eval_pools/pbt/cramped_room5x5/baseline_seed_3_step_62.msgpack
LOADED: checkpoints/eval_pools/pbt/cramped_room5x5/baseline_seed_4_step_62.msgpack
Using alignment rollout scale: ALIGN_PAIR_BATCH_SIZE=2, ALIGN_EVAL_NUM_EPISODES=128, ALIGN_EVAL_NUM_STEPS=400
ALIGN ego[00] partner[00] R2=0.854538 NMSE=0.145462 shuffled_R2=-0.017037
ALIGN ego[00] partner[01] R2=0.578535 NMSE=0.421465 shuffled_R2=-0.071880
ALIGN ego[00] partner[02] R2=0.720046 NMSE=0.279954 shuffled_R2=-0.063914
ALIGN ego[00] partner[03] R2=0.865304 NMSE=0.134696 shuffled_R2=-0.016824
ALIGN ego[00] partner[04] R2=0.731369 NMSE=0.268631 shuffled_R2=-0.042457
ALIGN ego[01] partner[00] R2=0.796423 NMSE=0.203577 shuffled_R2=-0.027258
ALIGN ego[01] partner[01] R2=0.881408 NMSE=0.118592 shuffled_R2=-0.016765
ALIGN ego[01] partner[02] R2=0.835094 NMSE=0.164906 shuffled_R2=-0.020254
ALIGN ego[01] partner[03] R2=0.848384 NMSE=0.151616 shuffled_R2=-0.018352
ALIGN ego[01] partner[04] R2=0.591817 NMSE=0.408183 shuffled_R2=-0.070023
ALIGN ego[02] partner[00] R2=0.872537 NMSE=0.127463 shuffled_R2=-0.014703
ALIGN ego[02] partner[01] R2=0.843546 NMSE=0.156454 shuffled_R2=-0.015787
ALIGN ego[02] partner[02] R2=0.821435 NMSE=0.178565 shuffled_R2=-0.017645
ALIGN ego[02] partner[03] R2=0.865057 NMSE=0.134943 shuffled_R2=-0.014204
ALIGN ego[02] partner[04] R2=0.874508 NMSE=0.125492 shuffled_R2=-0.014935
ALIGN ego[03] partner[00] R2=0.838295 NMSE=0.161705 shuffled_R2=-0.020747
ALIGN ego[03] partner[01] R2=0.838052 NMSE=0.161948 shuffled_R2=-0.019734
ALIGN ego[03] partner[02] R2=0.716214 NMSE=0.283786 shuffled_R2=-0.103806
ALIGN ego[03] partner[03] R2=0.857602 NMSE=0.142398 shuffled_R2=-0.018098
ALIGN ego[03] partner[04] R2=0.833977 NMSE=0.166023 shuffled_R2=-0.019132
ALIGN ego[04] partner[00] R2=0.895991 NMSE=0.104009 shuffled_R2=-0.016869
ALIGN ego[04] partner[01] R2=0.854212 NMSE=0.145788 shuffled_R2=-0.017112
ALIGN ego[04] partner[02] R2=0.810220 NMSE=0.189780 shuffled_R2=-0.025017
ALIGN ego[04] partner[03] R2=0.666295 NMSE=0.333705 shuffled_R2=-0.047675
ALIGN ego[04] partner[04] R2=0.861462 NMSE=0.138538 shuffled_R2=-0.015914
Evaluating partner alignment group 3: method=sp, prefix=checkpoints/eval_pools/sp
LOADED: checkpoints/eval_pools/sp/cramped_room5x5/baseline_seed_0_step_220.msgpack
LOADED: checkpoints/eval_pools/sp/cramped_room5x5/baseline_seed_1_step_220.msgpack
LOADED: checkpoints/eval_pools/sp/cramped_room5x5/baseline_seed_2_step_220.msgpack
LOADED: checkpoints/eval_pools/sp/cramped_room5x5/baseline_seed_3_step_220.msgpack
LOADED: checkpoints/eval_pools/sp/cramped_room5x5/baseline_seed_4_step_220.msgpack
Using alignment rollout scale: ALIGN_PAIR_BATCH_SIZE=2, ALIGN_EVAL_NUM_EPISODES=128, ALIGN_EVAL_NUM_STEPS=400
ALIGN ego[00] partner[00] R2=0.890375 NMSE=0.109625 shuffled_R2=-0.055110
ALIGN ego[00] partner[01] R2=0.951687 NMSE=0.048313 shuffled_R2=-0.022090
ALIGN ego[00] partner[02] R2=0.811491 NMSE=0.188509 shuffled_R2=-0.064685
ALIGN ego[00] partner[03] R2=0.918670 NMSE=0.081330 shuffled_R2=-0.022953
ALIGN ego[00] partner[04] R2=0.887651 NMSE=0.112349 shuffled_R2=-0.038750
ALIGN ego[01] partner[00] R2=0.945377 NMSE=0.054623 shuffled_R2=-0.016116
ALIGN ego[01] partner[01] R2=0.944205 NMSE=0.055795 shuffled_R2=-0.020746
ALIGN ego[01] partner[02] R2=0.870050 NMSE=0.129950 shuffled_R2=-0.033796
ALIGN ego[01] partner[03] R2=0.962903 NMSE=0.037097 shuffled_R2=-0.015323
ALIGN ego[01] partner[04] R2=0.947779 NMSE=0.052221 shuffled_R2=-0.016855
ALIGN ego[02] partner[00] R2=0.945875 NMSE=0.054125 shuffled_R2=-0.017081
ALIGN ego[02] partner[01] R2=0.947136 NMSE=0.052864 shuffled_R2=-0.024164
ALIGN ego[02] partner[02] R2=0.824917 NMSE=0.175083 shuffled_R2=-0.107508
ALIGN ego[02] partner[03] R2=0.959810 NMSE=0.040190 shuffled_R2=-0.016608
ALIGN ego[02] partner[04] R2=0.952666 NMSE=0.047334 shuffled_R2=-0.016862
ALIGN ego[03] partner[00] R2=0.837818 NMSE=0.162182 shuffled_R2=-0.058895
ALIGN ego[03] partner[01] R2=0.958410 NMSE=0.041590 shuffled_R2=-0.017013
ALIGN ego[03] partner[02] R2=0.958974 NMSE=0.041026 shuffled_R2=-0.016140
ALIGN ego[03] partner[03] R2=0.899765 NMSE=0.100235 shuffled_R2=-0.048389
ALIGN ego[03] partner[04] R2=0.961712 NMSE=0.038288 shuffled_R2=-0.015993
ALIGN ego[04] partner[00] R2=0.943442 NMSE=0.056558 shuffled_R2=-0.017115
ALIGN ego[04] partner[01] R2=0.958827 NMSE=0.041173 shuffled_R2=-0.016800
ALIGN ego[04] partner[02] R2=0.904883 NMSE=0.095117 shuffled_R2=-0.036110
ALIGN ego[04] partner[03] R2=0.905222 NMSE=0.094778 shuffled_R2=-0.031190
ALIGN ego[04] partner[04] R2=0.949414 NMSE=0.050586 shuffled_R2=-0.017046
Average ego-to-partner alignment R2: 0.891216 +- 0.007684 SE over 100 ego-partner pairs
Average alignment normalized MSE: 0.108784 +- 0.007684 SE
Average shuffled-control alignment R2: -0.029505 +- 0.002287 SE
Saved alignment results to ad_hoc_teamplay_results/lmpredlow_ema_ablate_ad_hoc_teamplay/cramped_room5x5
