Script directory: /mnt/iusers01/fatpou01/compsci01/n70579mp/scratch/tom/JaxMARL
Importing submoduled environments...
Submoduled environments not found. Skipping import.
wandb: [wandb.login()] Loaded credentials for https://api.wandb.ai from /mnt/iusers01/fatpou01/compsci01/n70579mp/.netrc.
wandb: W&B API key is configured. Use `wandb login --relogin` to force relogin
wandb: setting up run vtorv41m
wandb: Tracking run with wandb version 0.27.2
wandb: Run data is saved locally in /net/scratch/n70579mp/tom/JaxMARL/wandb/run-20260706_094521-vtorv41m
wandb: Run `wandb offline` to turn off syncing.
wandb: Syncing run pbt_obsfront_asymm_advantages
wandb: ⭐️ View project at https://wandb.ai/maytusp/oc-extended
wandb: 🚀 View run at https://wandb.ai/maytusp/oc-extended/runs/vtorv41m
PBT iterations: 62 (target per-agent steps=40000000)

PBT ITERATION NUM 1
Training agent 3 (1) with agent 4 fixed (pbt 1/62, sel 1/16)
Training agent 0 (1) with agent 1 fixed (pbt 1/62, sel 2/16)
Training agent 4 (1) with agent 1 fixed (pbt 1/62, sel 3/16)
Training agent 2 (1) with agent 2 fixed (pbt 1/62, sel 4/16)
Training agent 4 (2) with agent 3 fixed (pbt 1/62, sel 5/16)
Training agent 2 (2) with agent 4 fixed (pbt 1/62, sel 6/16)
Training agent 2 (3) with agent 0 fixed (pbt 1/62, sel 7/16)
Training agent 0 (2) with agent 3 fixed (pbt 1/62, sel 8/16)
Training agent 1 (1) with agent 4 fixed (pbt 1/62, sel 9/16)
Training agent 0 (3) with agent 4 fixed (pbt 1/62, sel 10/16)
Training agent 3 (2) with agent 0 fixed (pbt 1/62, sel 11/16)
Training agent 1 (2) with agent 3 fixed (pbt 1/62, sel 12/16)
Training agent 1 (3) with agent 0 fixed (pbt 1/62, sel 13/16)
Training agent 2 (4) with agent 1 fixed (pbt 1/62, sel 14/16)
Training agent 0 (4) with agent 2 fixed (pbt 1/62, sel 15/16)
Training agent 4 (3) with agent 2 fixed (pbt 1/62, sel 16/16)
Evaluated agent 0 and 0: dense_per_step=0.0986
Evaluated agent 0 and 1: dense_per_step=0.0910
Evaluated agent 0 and 2: dense_per_step=0.1422
Evaluated agent 0 and 3: dense_per_step=0.1136
Evaluated agent 0 and 4: dense_per_step=0.1348
Evaluated agent 1 and 1: dense_per_step=0.1086
Evaluated agent 1 and 2: dense_per_step=0.1587
Evaluated agent 1 and 3: dense_per_step=0.1137
Evaluated agent 1 and 4: dense_per_step=0.1128
Evaluated agent 2 and 2: dense_per_step=0.1233
Evaluated agent 2 and 3: dense_per_step=0.1480
Evaluated agent 2 and 4: dense_per_step=0.1285
Evaluated agent 3 and 3: dense_per_step=0.0720
Evaluated agent 3 and 4: dense_per_step=0.1085
Evaluated agent 4 and 4: dense_per_step=0.1196
--> Saved PBT population member 0 at step 1 to checkpoints/pbt/asymm_advantages/baseline_seed_0_step_1.msgpack
--> Saved PBT population member 1 at step 1 to checkpoints/pbt/asymm_advantages/baseline_seed_1_step_1.msgpack
--> Saved PBT population member 2 at step 1 to checkpoints/pbt/asymm_advantages/baseline_seed_2_step_1.msgpack
--> Saved PBT population member 3 at step 1 to checkpoints/pbt/asymm_advantages/baseline_seed_3_step_1.msgpack
--> Saved PBT population member 4 at step 1 to checkpoints/pbt/asymm_advantages/baseline_seed_4_step_1.msgpack
Overwrote worst model 3 (0.1112) with best model 2 (0.1401); mutations={'CLIP_EPS': (0.2, 0.25, 1.25), 'UPDATE_EPOCHS': (4, 5, 1.25), 'ENT_COEF': (0.01, 0.0075, 0.75)}

PBT ITERATION NUM 2
Training agent 0 (5) with agent 2 fixed (pbt 2/62, sel 1/16)
Training agent 1 (4) with agent 2 fixed (pbt 2/62, sel 2/16)
Training agent 0 (6) with agent 1 fixed (pbt 2/62, sel 3/16)
Training agent 2 (5) with agent 4 fixed (pbt 2/62, sel 4/16)
Training agent 4 (4) with agent 1 fixed (pbt 2/62, sel 5/16)
Training agent 3 (5) with agent 1 fixed (pbt 2/62, sel 6/16)
Training agent 1 (5) with agent 3 fixed (pbt 2/62, sel 7/16)
Training agent 4 (5) with agent 0 fixed (pbt 2/62, sel 8/16)
Training agent 4 (6) with agent 3 fixed (pbt 2/62, sel 9/16)
Training agent 0 (7) with agent 4 fixed (pbt 2/62, sel 10/16)
Training agent 1 (6) with agent 0 fixed (pbt 2/62, sel 11/16)
Training agent 3 (6) with agent 2 fixed (pbt 2/62, sel 12/16)
Training agent 2 (6) with agent 2 fixed (pbt 2/62, sel 13/16)
Training agent 4 (7) with agent 4 fixed (pbt 2/62, sel 14/16)
Training agent 3 (7) with agent 4 fixed (pbt 2/62, sel 15/16)
Training agent 2 (7) with agent 1 fixed (pbt 2/62, sel 16/16)
Evaluated agent 0 and 0: dense_per_step=0.1467
Evaluated agent 0 and 1: dense_per_step=0.1390
Evaluated agent 0 and 2: dense_per_step=0.1694
Evaluated agent 0 and 3: dense_per_step=0.1811
Evaluated agent 0 and 4: dense_per_step=0.1160
Evaluated agent 1 and 1: dense_per_step=0.1705
Evaluated agent 1 and 2: dense_per_step=0.1380
Evaluated agent 1 and 3: dense_per_step=0.1783
Evaluated agent 1 and 4: dense_per_step=0.1316
Evaluated agent 2 and 2: dense_per_step=0.1239
Evaluated agent 2 and 3: dense_per_step=0.1285
Evaluated agent 2 and 4: dense_per_step=0.1392
Evaluated agent 3 and 3: dense_per_step=0.1961
Evaluated agent 3 and 4: dense_per_step=0.2071
Evaluated agent 4 and 4: dense_per_step=0.1489
--> Saved PBT population member 0 at step 2 to checkpoints/pbt/asymm_advantages/baseline_seed_0_step_2.msgpack
--> Saved PBT population member 1 at step 2 to checkpoints/pbt/asymm_advantages/baseline_seed_1_step_2.msgpack
--> Saved PBT population member 3 at step 2 to checkpoints/pbt/asymm_advantages/baseline_seed_3_step_2.msgpack
--> Saved PBT population member 4 at step 2 to checkpoints/pbt/asymm_advantages/baseline_seed_4_step_2.msgpack
Overwrote worst model 2 (0.1398) with best model 3 (0.1782); mutations={'GAE_LAMBDA': (0.95, 0.975, 1.25)}

PBT ITERATION NUM 3
Training agent 3 (8) with agent 0 fixed (pbt 3/62, sel 1/16)
Training agent 1 (7) with agent 1 fixed (pbt 3/62, sel 2/16)
Training agent 0 (8) with agent 3 fixed (pbt 3/62, sel 3/16)
Training agent 2 (8) with agent 1 fixed (pbt 3/62, sel 4/16)
Training agent 0 (9) with agent 1 fixed (pbt 3/62, sel 5/16)
Training agent 2 (9) with agent 4 fixed (pbt 3/62, sel 6/16)
Training agent 0 (10) with agent 4 fixed (pbt 3/62, sel 7/16)
Training agent 3 (9) with agent 3 fixed (pbt 3/62, sel 8/16)
Training agent 0 (11) with agent 2 fixed (pbt 3/62, sel 9/16)
Training agent 0 (12) with agent 0 fixed (pbt 3/62, sel 10/16)
Training agent 1 (8) with agent 4 fixed (pbt 3/62, sel 11/16)
Training agent 3 (10) with agent 4 fixed (pbt 3/62, sel 12/16)
Training agent 1 (9) with agent 2 fixed (pbt 3/62, sel 13/16)
Training agent 4 (8) with agent 3 fixed (pbt 3/62, sel 14/16)
Training agent 3 (11) with agent 1 fixed (pbt 3/62, sel 15/16)
Training agent 4 (9) with agent 1 fixed (pbt 3/62, sel 16/16)
Evaluated agent 0 and 0: dense_per_step=0.3569
Evaluated agent 0 and 1: dense_per_step=0.3915
Evaluated agent 0 and 2: dense_per_step=0.3778
Evaluated agent 0 and 3: dense_per_step=0.4066
Evaluated agent 0 and 4: dense_per_step=0.4121
Evaluated agent 1 and 1: dense_per_step=0.2341
Evaluated agent 1 and 2: dense_per_step=0.2395
Evaluated agent 1 and 3: dense_per_step=0.2039
Evaluated agent 1 and 4: dense_per_step=0.2291
Evaluated agent 2 and 2: dense_per_step=0.2268
Evaluated agent 2 and 3: dense_per_step=0.2007
Evaluated agent 2 and 4: dense_per_step=0.2327
Evaluated agent 3 and 3: dense_per_step=0.3921
Evaluated agent 3 and 4: dense_per_step=0.4382
Evaluated agent 4 and 4: dense_per_step=0.2302
--> Saved PBT population member 0 at step 3 to checkpoints/pbt/asymm_advantages/baseline_seed_0_step_3.msgpack
--> Saved PBT population member 1 at step 3 to checkpoints/pbt/asymm_advantages/baseline_seed_1_step_3.msgpack
--> Saved PBT population member 2 at step 3 to checkpoints/pbt/asymm_advantages/baseline_seed_2_step_3.msgpack
--> Saved PBT population member 3 at step 3 to checkpoints/pbt/asymm_advantages/baseline_seed_3_step_3.msgpack
--> Saved PBT population member 4 at step 3 to checkpoints/pbt/asymm_advantages/baseline_seed_4_step_3.msgpack
Overwrote worst model 2 (0.2555) with best model 0 (0.3890); mutations={'CLIP_EPS': (0.2, 0.25, 1.25), 'LR': (0.00025, 0.0003125, 1.25), 'UPDATE_EPOCHS': (4, 5, 1.25), 'ENT_COEF': (0.01, 0.0125, 1.25), 'VF_COEF': (0.5, 0.625, 1.25)}

PBT ITERATION NUM 4
Training agent 2 (13) with agent 2 fixed (pbt 4/62, sel 1/16)
Training agent 2 (14) with agent 4 fixed (pbt 4/62, sel 2/16)
Training agent 0 (13) with agent 0 fixed (pbt 4/62, sel 3/16)
Training agent 4 (10) with agent 4 fixed (pbt 4/62, sel 4/16)
Training agent 0 (14) with agent 3 fixed (pbt 4/62, sel 5/16)
Training agent 1 (10) with agent 4 fixed (pbt 4/62, sel 6/16)
Training agent 4 (11) with agent 3 fixed (pbt 4/62, sel 7/16)
Training agent 1 (11) with agent 2 fixed (pbt 4/62, sel 8/16)
Training agent 3 (12) with agent 3 fixed (pbt 4/62, sel 9/16)
Training agent 1 (12) with agent 1 fixed (pbt 4/62, sel 10/16)
Training agent 2 (15) with agent 0 fixed (pbt 4/62, sel 11/16)
Training agent 4 (12) with agent 2 fixed (pbt 4/62, sel 12/16)
Training agent 3 (13) with agent 1 fixed (pbt 4/62, sel 13/16)
Training agent 0 (15) with agent 1 fixed (pbt 4/62, sel 14/16)
Training agent 3 (14) with agent 0 fixed (pbt 4/62, sel 15/16)
Training agent 0 (16) with agent 4 fixed (pbt 4/62, sel 16/16)
Evaluated agent 0 and 0: dense_per_step=0.4831
Evaluated agent 0 and 1: dense_per_step=0.4537
Evaluated agent 0 and 2: dense_per_step=0.4705
Evaluated agent 0 and 3: dense_per_step=0.4333
Evaluated agent 0 and 4: dense_per_step=0.4947
Evaluated agent 1 and 1: dense_per_step=0.3552
Evaluated agent 1 and 2: dense_per_step=0.2695
Evaluated agent 1 and 3: dense_per_step=0.3572
Evaluated agent 1 and 4: dense_per_step=0.3785
Evaluated agent 2 and 2: dense_per_step=0.4527
Evaluated agent 2 and 3: dense_per_step=0.4665
Evaluated agent 2 and 4: dense_per_step=0.4657
Evaluated agent 3 and 3: dense_per_step=0.4340
Evaluated agent 3 and 4: dense_per_step=0.4552
Evaluated agent 4 and 4: dense_per_step=0.3522
--> Saved PBT population member 0 at step 4 to checkpoints/pbt/asymm_advantages/baseline_seed_0_step_4.msgpack
--> Saved PBT population member 1 at step 4 to checkpoints/pbt/asymm_advantages/baseline_seed_1_step_4.msgpack
--> Saved PBT population member 2 at step 4 to checkpoints/pbt/asymm_advantages/baseline_seed_2_step_4.msgpack
--> Saved PBT population member 3 at step 4 to checkpoints/pbt/asymm_advantages/baseline_seed_3_step_4.msgpack
--> Saved PBT population member 4 at step 4 to checkpoints/pbt/asymm_advantages/baseline_seed_4_step_4.msgpack
Overwrote worst model 1 (0.3628) with best model 0 (0.4671); mutations={'UPDATE_EPOCHS': (4, 5, 1.25)}

PBT ITERATION NUM 5
Training agent 4 (13) with agent 4 fixed (pbt 5/62, sel 1/16)
Training agent 1 (17) with agent 3 fixed (pbt 5/62, sel 2/16)
Training agent 2 (16) with agent 3 fixed (pbt 5/62, sel 3/16)
Training agent 2 (17) with agent 1 fixed (pbt 5/62, sel 4/16)
Training agent 1 (18) with agent 4 fixed (pbt 5/62, sel 5/16)
Training agent 1 (19) with agent 0 fixed (pbt 5/62, sel 6/16)
Training agent 0 (17) with agent 3 fixed (pbt 5/62, sel 7/16)
Training agent 0 (18) with agent 0 fixed (pbt 5/62, sel 8/16)
Training agent 3 (15) with agent 0 fixed (pbt 5/62, sel 9/16)
Training agent 1 (20) with agent 2 fixed (pbt 5/62, sel 10/16)
Training agent 0 (19) with agent 4 fixed (pbt 5/62, sel 11/16)
Training agent 2 (18) with agent 4 fixed (pbt 5/62, sel 12/16)
Training agent 3 (16) with agent 4 fixed (pbt 5/62, sel 13/16)
Training agent 4 (14) with agent 1 fixed (pbt 5/62, sel 14/16)
Training agent 3 (17) with agent 1 fixed (pbt 5/62, sel 15/16)
Training agent 4 (15) with agent 2 fixed (pbt 5/62, sel 16/16)
Evaluated agent 0 and 0: dense_per_step=0.4900
Evaluated agent 0 and 1: dense_per_step=0.4650
Evaluated agent 0 and 2: dense_per_step=0.5239
Evaluated agent 0 and 3: dense_per_step=0.4922
Evaluated agent 0 and 4: dense_per_step=0.5384
Evaluated agent 1 and 1: dense_per_step=0.5231
Evaluated agent 1 and 2: dense_per_step=0.4999
Evaluated agent 1 and 3: dense_per_step=0.5281
Evaluated agent 1 and 4: dense_per_step=0.5771
Evaluated agent 2 and 2: dense_per_step=0.4928
Evaluated agent 2 and 3: dense_per_step=0.5402
Evaluated agent 2 and 4: dense_per_step=0.5261
Evaluated agent 3 and 3: dense_per_step=0.4981
Evaluated agent 3 and 4: dense_per_step=0.5441
Evaluated agent 4 and 4: dense_per_step=0.3968
--> Saved PBT population member 0 at step 5 to checkpoints/pbt/asymm_advantages/baseline_seed_0_step_5.msgpack
--> Saved PBT population member 1 at step 5 to checkpoints/pbt/asymm_advantages/baseline_seed_1_step_5.msgpack
--> Saved PBT population member 2 at step 5 to checkpoints/pbt/asymm_advantages/baseline_seed_2_step_5.msgpack
--> Saved PBT population member 3 at step 5 to checkpoints/pbt/asymm_advantages/baseline_seed_3_step_5.msgpack
--> Saved PBT population member 4 at step 5 to checkpoints/pbt/asymm_advantages/baseline_seed_4_step_5.msgpack
Overwrote worst model 0 (0.5019) with best model 3 (0.5205); mutations={'LR': (0.00025, 0.0001875, 0.75), 'UPDATE_EPOCHS': (5, 4, 0.75), 'VF_COEF': (0.5, 0.625, 1.25)}

PBT ITERATION NUM 6
Training agent 3 (18) with agent 1 fixed (pbt 6/62, sel 1/16)
Training agent 0 (18) with agent 1 fixed (pbt 6/62, sel 2/16)
Training agent 3 (19) with agent 0 fixed (pbt 6/62, sel 3/16)
Training agent 4 (16) with agent 3 fixed (pbt 6/62, sel 4/16)
Training agent 4 (17) with agent 1 fixed (pbt 6/62, sel 5/16)
Training agent 3 (20) with agent 3 fixed (pbt 6/62, sel 6/16)
Training agent 0 (19) with agent 0 fixed (pbt 6/62, sel 7/16)
Training agent 4 (18) with agent 2 fixed (pbt 6/62, sel 8/16)
Training agent 0 (20) with agent 4 fixed (pbt 6/62, sel 9/16)
Training agent 3 (21) with agent 2 fixed (pbt 6/62, sel 10/16)
Training agent 2 (19) with agent 0 fixed (pbt 6/62, sel 11/16)
Training agent 2 (20) with agent 1 fixed (pbt 6/62, sel 12/16)
Training agent 1 (21) with agent 3 fixed (pbt 6/62, sel 13/16)
Training agent 4 (19) with agent 4 fixed (pbt 6/62, sel 14/16)
Training agent 4 (20) with agent 0 fixed (pbt 6/62, sel 15/16)
Training agent 1 (22) with agent 1 fixed (pbt 6/62, sel 16/16)
Evaluated agent 0 and 0: dense_per_step=0.5287
Evaluated agent 0 and 1: dense_per_step=0.5492
Evaluated agent 0 and 2: dense_per_step=0.4880
Evaluated agent 0 and 3: dense_per_step=0.5473
Evaluated agent 0 and 4: dense_per_step=0.5737
Evaluated agent 1 and 1: dense_per_step=0.5433
Evaluated agent 1 and 2: dense_per_step=0.5508
Evaluated agent 1 and 3: dense_per_step=0.5591
Evaluated agent 1 and 4: dense_per_step=0.5507
Evaluated agent 2 and 2: dense_per_step=0.4821
Evaluated agent 2 and 3: dense_per_step=0.4487
Evaluated agent 2 and 4: dense_per_step=0.5487
Evaluated agent 3 and 3: dense_per_step=0.5285
Evaluated agent 3 and 4: dense_per_step=0.5667
Evaluated agent 4 and 4: dense_per_step=0.5359
--> Saved PBT population member 0 at step 6 to checkpoints/pbt/asymm_advantages/baseline_seed_0_step_6.msgpack
--> Saved PBT population member 1 at step 6 to checkpoints/pbt/asymm_advantages/baseline_seed_1_step_6.msgpack
--> Saved PBT population member 2 at step 6 to checkpoints/pbt/asymm_advantages/baseline_seed_2_step_6.msgpack
--> Saved PBT population member 3 at step 6 to checkpoints/pbt/asymm_advantages/baseline_seed_3_step_6.msgpack
--> Saved PBT population member 4 at step 6 to checkpoints/pbt/asymm_advantages/baseline_seed_4_step_6.msgpack
Overwrote worst model 2 (0.5037) with best model 4 (0.5551); mutations={'GAE_LAMBDA': (0.95, 0.975, 1.25), 'UPDATE_EPOCHS': (4, 5, 1.25)}

PBT ITERATION NUM 7
Training agent 4 (21) with agent 2 fixed (pbt 7/62, sel 1/16)
Training agent 2 (21) with agent 4 fixed (pbt 7/62, sel 2/16)
Training agent 2 (22) with agent 0 fixed (pbt 7/62, sel 3/16)
Training agent 1 (23) with agent 3 fixed (pbt 7/62, sel 4/16)
Training agent 4 (22) with agent 0 fixed (pbt 7/62, sel 5/16)
Training agent 2 (23) with agent 2 fixed (pbt 7/62, sel 6/16)
Training agent 1 (24) with agent 4 fixed (pbt 7/62, sel 7/16)
Training agent 2 (24) with agent 3 fixed (pbt 7/62, sel 8/16)
Training agent 3 (22) with agent 3 fixed (pbt 7/62, sel 9/16)
Training agent 3 (23) with agent 4 fixed (pbt 7/62, sel 10/16)
Training agent 0 (21) with agent 1 fixed (pbt 7/62, sel 11/16)
Training agent 1 (25) with agent 1 fixed (pbt 7/62, sel 12/16)
Training agent 4 (23) with agent 4 fixed (pbt 7/62, sel 13/16)
Training agent 2 (25) with agent 1 fixed (pbt 7/62, sel 14/16)
Training agent 0 (22) with agent 4 fixed (pbt 7/62, sel 15/16)
Training agent 1 (26) with agent 2 fixed (pbt 7/62, sel 16/16)
Evaluated agent 0 and 0: dense_per_step=0.5288
Evaluated agent 0 and 1: dense_per_step=0.5547
Evaluated agent 0 and 2: dense_per_step=0.5636
Evaluated agent 0 and 3: dense_per_step=0.4988
Evaluated agent 0 and 4: dense_per_step=0.5669
Evaluated agent 1 and 1: dense_per_step=0.5484
Evaluated agent 1 and 2: dense_per_step=0.5877
Evaluated agent 1 and 3: dense_per_step=0.5333
Evaluated agent 1 and 4: dense_per_step=0.5541
Evaluated agent 2 and 2: dense_per_step=0.5824
Evaluated agent 2 and 3: dense_per_step=0.5421
Evaluated agent 2 and 4: dense_per_step=0.4954
Evaluated agent 3 and 3: dense_per_step=0.5176
Evaluated agent 3 and 4: dense_per_step=0.5649
Evaluated agent 4 and 4: dense_per_step=0.5269
--> Saved PBT population member 0 at step 7 to checkpoints/pbt/asymm_advantages/baseline_seed_0_step_7.msgpack
--> Saved PBT population member 1 at step 7 to checkpoints/pbt/asymm_advantages/baseline_seed_1_step_7.msgpack
--> Saved PBT population member 2 at step 7 to checkpoints/pbt/asymm_advantages/baseline_seed_2_step_7.msgpack
--> Saved PBT population member 3 at step 7 to checkpoints/pbt/asymm_advantages/baseline_seed_3_step_7.msgpack
Overwrote worst model 3 (0.5313) with best model 1 (0.5556); mutations={'GAE_LAMBDA': (0.95, 0.975, 0.75), 'VF_COEF': (0.5, 0.625, 1.25)}

PBT ITERATION NUM 8
Training agent 0 (23) with agent 2 fixed (pbt 8/62, sel 1/16)
Training agent 1 (27) with agent 1 fixed (pbt 8/62, sel 2/16)
Training agent 0 (24) with agent 3 fixed (pbt 8/62, sel 3/16)
Training agent 3 (27) with agent 3 fixed (pbt 8/62, sel 4/16)
Training agent 2 (26) with agent 4 fixed (pbt 8/62, sel 5/16)
Training agent 2 (27) with agent 1 fixed (pbt 8/62, sel 6/16)
Training agent 4 (24) with agent 1 fixed (pbt 8/62, sel 7/16)
Training agent 3 (28) with agent 1 fixed (pbt 8/62, sel 8/16)
Training agent 2 (28) with agent 3 fixed (pbt 8/62, sel 9/16)
Training agent 0 (25) with agent 0 fixed (pbt 8/62, sel 10/16)
Training agent 0 (26) with agent 1 fixed (pbt 8/62, sel 11/16)
Training agent 1 (28) with agent 0 fixed (pbt 8/62, sel 12/16)
Training agent 2 (29) with agent 2 fixed (pbt 8/62, sel 13/16)
Training agent 4 (25) with agent 2 fixed (pbt 8/62, sel 14/16)
Training agent 3 (29) with agent 2 fixed (pbt 8/62, sel 15/16)
Training agent 4 (26) with agent 3 fixed (pbt 8/62, sel 16/16)
Evaluated agent 0 and 0: dense_per_step=0.6441
Evaluated agent 0 and 1: dense_per_step=0.5924
Evaluated agent 0 and 2: dense_per_step=0.5973
Evaluated agent 0 and 3: dense_per_step=0.5541
Evaluated agent 0 and 4: dense_per_step=0.6175
Evaluated agent 1 and 1: dense_per_step=0.5838
Evaluated agent 1 and 2: dense_per_step=0.5874
Evaluated agent 1 and 3: dense_per_step=0.5426
Evaluated agent 1 and 4: dense_per_step=0.5873
Evaluated agent 2 and 2: dense_per_step=0.5932
Evaluated agent 2 and 3: dense_per_step=0.5273
Evaluated agent 2 and 4: dense_per_step=0.5703
Evaluated agent 3 and 3: dense_per_step=0.5510
Evaluated agent 3 and 4: dense_per_step=0.6085
Evaluated agent 4 and 4: dense_per_step=0.5710
--> Saved PBT population member 0 at step 8 to checkpoints/pbt/asymm_advantages/baseline_seed_0_step_8.msgpack
--> Saved PBT population member 1 at step 8 to checkpoints/pbt/asymm_advantages/baseline_seed_1_step_8.msgpack
--> Saved PBT population member 2 at step 8 to checkpoints/pbt/asymm_advantages/baseline_seed_2_step_8.msgpack
--> Saved PBT population member 3 at step 8 to checkpoints/pbt/asymm_advantages/baseline_seed_3_step_8.msgpack
--> Saved PBT population member 4 at step 8 to checkpoints/pbt/asymm_advantages/baseline_seed_4_step_8.msgpack
Overwrote worst model 3 (0.5567) with best model 0 (0.6011); mutations={'GAE_LAMBDA': (0.95, 0.9249999999999999, 1.25), 'CLIP_EPS': (0.25, 0.1875, 0.75), 'LR': (0.0001875, 0.00014062500000000002, 0.75), 'UPDATE_EPOCHS': (4, 5, 1.25)}

PBT ITERATION NUM 9
Training agent 3 (27) with agent 0 fixed (pbt 9/62, sel 1/16)
Training agent 1 (29) with agent 1 fixed (pbt 9/62, sel 2/16)
Training agent 0 (27) with agent 1 fixed (pbt 9/62, sel 3/16)
Training agent 1 (30) with agent 4 fixed (pbt 9/62, sel 4/16)
Training agent 3 (28) with agent 3 fixed (pbt 9/62, sel 5/16)
Training agent 2 (30) with agent 3 fixed (pbt 9/62, sel 6/16)
Training agent 4 (27) with agent 1 fixed (pbt 9/62, sel 7/16)
Training agent 4 (28) with agent 2 fixed (pbt 9/62, sel 8/16)
Training agent 0 (28) with agent 4 fixed (pbt 9/62, sel 9/16)
Training agent 3 (29) with agent 4 fixed (pbt 9/62, sel 10/16)
Training agent 2 (31) with agent 1 fixed (pbt 9/62, sel 11/16)
Training agent 4 (29) with agent 3 fixed (pbt 9/62, sel 12/16)
Training agent 2 (32) with agent 2 fixed (pbt 9/62, sel 13/16)
Training agent 0 (29) with agent 0 fixed (pbt 9/62, sel 14/16)
Training agent 3 (30) with agent 1 fixed (pbt 9/62, sel 15/16)
Training agent 0 (30) with agent 3 fixed (pbt 9/62, sel 16/16)
Evaluated agent 0 and 0: dense_per_step=0.6251
Evaluated agent 0 and 1: dense_per_step=0.4843
Evaluated agent 0 and 2: dense_per_step=0.6058
Evaluated agent 0 and 3: dense_per_step=0.5899
Evaluated agent 0 and 4: dense_per_step=0.6370
Evaluated agent 1 and 1: dense_per_step=0.5787
Evaluated agent 1 and 2: dense_per_step=0.5521
Evaluated agent 1 and 3: dense_per_step=0.6160
Evaluated agent 1 and 4: dense_per_step=0.5864
Evaluated agent 2 and 2: dense_per_step=0.5624
Evaluated agent 2 and 3: dense_per_step=0.5745
Evaluated agent 2 and 4: dense_per_step=0.6168
Evaluated agent 3 and 3: dense_per_step=0.6008
Evaluated agent 3 and 4: dense_per_step=0.6089
Evaluated agent 4 and 4: dense_per_step=0.6155
--> Saved PBT population member 0 at step 9 to checkpoints/pbt/asymm_advantages/baseline_seed_0_step_9.msgpack
--> Saved PBT population member 2 at step 9 to checkpoints/pbt/asymm_advantages/baseline_seed_2_step_9.msgpack
--> Saved PBT population member 3 at step 9 to checkpoints/pbt/asymm_advantages/baseline_seed_3_step_9.msgpack
--> Saved PBT population member 4 at step 9 to checkpoints/pbt/asymm_advantages/baseline_seed_4_step_9.msgpack
Overwrote worst model 1 (0.5635) with best model 4 (0.6129); mutations={}

PBT ITERATION NUM 10
Training agent 4 (30) with agent 4 fixed (pbt 10/62, sel 1/16)
Training agent 1 (30) with agent 1 fixed (pbt 10/62, sel 2/16)
Training agent 2 (33) with agent 2 fixed (pbt 10/62, sel 3/16)
Training agent 2 (34) with agent 4 fixed (pbt 10/62, sel 4/16)
Training agent 0 (31) with agent 2 fixed (pbt 10/62, sel 5/16)
Training agent 3 (31) with agent 0 fixed (pbt 10/62, sel 6/16)
Training agent 3 (32) with agent 3 fixed (pbt 10/62, sel 7/16)
Training agent 0 (32) with agent 4 fixed (pbt 10/62, sel 8/16)
Training agent 0 (33) with agent 0 fixed (pbt 10/62, sel 9/16)
Training agent 0 (34) with agent 1 fixed (pbt 10/62, sel 10/16)
Training agent 1 (31) with agent 4 fixed (pbt 10/62, sel 11/16)
Training agent 1 (32) with agent 3 fixed (pbt 10/62, sel 12/16)
Training agent 3 (33) with agent 1 fixed (pbt 10/62, sel 13/16)
Training agent 4 (31) with agent 1 fixed (pbt 10/62, sel 14/16)
Training agent 4 (32) with agent 3 fixed (pbt 10/62, sel 15/16)
Training agent 1 (33) with agent 0 fixed (pbt 10/62, sel 16/16)
Evaluated agent 0 and 0: dense_per_step=0.5948
Evaluated agent 0 and 1: dense_per_step=0.5845
Evaluated agent 0 and 2: dense_per_step=0.5899
Evaluated agent 0 and 3: dense_per_step=0.5905
Evaluated agent 0 and 4: dense_per_step=0.5677
Evaluated agent 1 and 1: dense_per_step=0.5837
Evaluated agent 1 and 2: dense_per_step=0.6001
Evaluated agent 1 and 3: dense_per_step=0.5518
Evaluated agent 1 and 4: dense_per_step=0.5809
Evaluated agent 2 and 2: dense_per_step=0.6023
Evaluated agent 2 and 3: dense_per_step=0.5773
Evaluated agent 2 and 4: dense_per_step=0.6093
Evaluated agent 3 and 3: dense_per_step=0.6086
Evaluated agent 3 and 4: dense_per_step=0.5851
Evaluated agent 4 and 4: dense_per_step=0.5981
--> Saved PBT population member 0 at step 10 to checkpoints/pbt/asymm_advantages/baseline_seed_0_step_10.msgpack
--> Saved PBT population member 1 at step 10 to checkpoints/pbt/asymm_advantages/baseline_seed_1_step_10.msgpack
--> Saved PBT population member 2 at step 10 to checkpoints/pbt/asymm_advantages/baseline_seed_2_step_10.msgpack
Overwrote worst model 1 (0.5802) with best model 2 (0.5958); mutations={'GAE_LAMBDA': (0.975, 0.9875, 0.75), 'UPDATE_EPOCHS': (5, 6, 1.25), 'ENT_COEF': (0.01, 0.0125, 1.25), 'VF_COEF': (0.5, 0.625, 1.25)}

PBT ITERATION NUM 11
Training agent 2 (35) with agent 4 fixed (pbt 11/62, sel 1/16)
Training agent 0 (35) with agent 3 fixed (pbt 11/62, sel 2/16)
Training agent 1 (35) with agent 2 fixed (pbt 11/62, sel 3/16)
Training agent 0 (36) with agent 4 fixed (pbt 11/62, sel 4/16)
Training agent 4 (33) with agent 1 fixed (pbt 11/62, sel 5/16)
Training agent 3 (34) with agent 1 fixed (pbt 11/62, sel 6/16)
Training agent 4 (34) with agent 4 fixed (pbt 11/62, sel 7/16)
Training agent 0 (37) with agent 1 fixed (pbt 11/62, sel 8/16)
Training agent 2 (36) with agent 0 fixed (pbt 11/62, sel 9/16)
Training agent 3 (35) with agent 0 fixed (pbt 11/62, sel 10/16)
Training agent 1 (36) with agent 1 fixed (pbt 11/62, sel 11/16)
Training agent 1 (37) with agent 0 fixed (pbt 11/62, sel 12/16)
Training agent 1 (38) with agent 4 fixed (pbt 11/62, sel 13/16)
Training agent 2 (37) with agent 3 fixed (pbt 11/62, sel 14/16)
Training agent 0 (38) with agent 0 fixed (pbt 11/62, sel 15/16)
Training agent 3 (36) with agent 3 fixed (pbt 11/62, sel 16/16)
Evaluated agent 0 and 0: dense_per_step=0.6112
Evaluated agent 0 and 1: dense_per_step=0.5827
Evaluated agent 0 and 2: dense_per_step=0.6124
Evaluated agent 0 and 3: dense_per_step=0.5708
Evaluated agent 0 and 4: dense_per_step=0.6248
Evaluated agent 1 and 1: dense_per_step=0.5797
Evaluated agent 1 and 2: dense_per_step=0.6112
Evaluated agent 1 and 3: dense_per_step=0.5580
Evaluated agent 1 and 4: dense_per_step=0.5822
Evaluated agent 2 and 2: dense_per_step=0.6111
Evaluated agent 2 and 3: dense_per_step=0.5927
Evaluated agent 2 and 4: dense_per_step=0.6075
Evaluated agent 3 and 3: dense_per_step=0.5799
Evaluated agent 3 and 4: dense_per_step=0.6201
Evaluated agent 4 and 4: dense_per_step=0.5856
--> Saved PBT population member 0 at step 11 to checkpoints/pbt/asymm_advantages/baseline_seed_0_step_11.msgpack
--> Saved PBT population member 1 at step 11 to checkpoints/pbt/asymm_advantages/baseline_seed_1_step_11.msgpack
--> Saved PBT population member 2 at step 11 to checkpoints/pbt/asymm_advantages/baseline_seed_2_step_11.msgpack
--> Saved PBT population member 3 at step 11 to checkpoints/pbt/asymm_advantages/baseline_seed_3_step_11.msgpack
--> Saved PBT population member 4 at step 11 to checkpoints/pbt/asymm_advantages/baseline_seed_4_step_11.msgpack
Overwrote worst model 1 (0.5827) with best model 2 (0.6070); mutations={'GAE_LAMBDA': (0.975, 0.9624999999999999, 1.25)}

PBT ITERATION NUM 12
Training agent 2 (38) with agent 1 fixed (pbt 12/62, sel 1/16)
Training agent 3 (37) with agent 2 fixed (pbt 12/62, sel 2/16)
Training agent 1 (38) with agent 4 fixed (pbt 12/62, sel 3/16)
Training agent 0 (39) with agent 0 fixed (pbt 12/62, sel 4/16)
Training agent 3 (38) with agent 1 fixed (pbt 12/62, sel 5/16)
Training agent 3 (39) with agent 3 fixed (pbt 12/62, sel 6/16)
Training agent 4 (35) with agent 2 fixed (pbt 12/62, sel 7/16)
Training agent 0 (40) with agent 3 fixed (pbt 12/62, sel 8/16)
Training agent 3 (40) with agent 0 fixed (pbt 12/62, sel 9/16)
Training agent 3 (41) with agent 4 fixed (pbt 12/62, sel 10/16)
Training agent 2 (39) with agent 2 fixed (pbt 12/62, sel 11/16)
Training agent 4 (36) with agent 1 fixed (pbt 12/62, sel 12/16)
Training agent 1 (39) with agent 2 fixed (pbt 12/62, sel 13/16)
Training agent 2 (40) with agent 4 fixed (pbt 12/62, sel 14/16)
Training agent 4 (37) with agent 0 fixed (pbt 12/62, sel 15/16)
Training agent 1 (40) with agent 3 fixed (pbt 12/62, sel 16/16)
Evaluated agent 0 and 0: dense_per_step=0.5672
Evaluated agent 0 and 1: dense_per_step=0.6065
Evaluated agent 0 and 2: dense_per_step=0.6014
Evaluated agent 0 and 3: dense_per_step=0.5262
Evaluated agent 0 and 4: dense_per_step=0.5933
Evaluated agent 1 and 1: dense_per_step=0.5935
Evaluated agent 1 and 2: dense_per_step=0.5794
Evaluated agent 1 and 3: dense_per_step=0.5548
Evaluated agent 1 and 4: dense_per_step=0.5713
Evaluated agent 2 and 2: dense_per_step=0.5827
Evaluated agent 2 and 3: dense_per_step=0.5633
Evaluated agent 2 and 4: dense_per_step=0.5930
Evaluated agent 3 and 3: dense_per_step=0.5702
Evaluated agent 3 and 4: dense_per_step=0.6004
Evaluated agent 4 and 4: dense_per_step=0.5936
--> Saved PBT population member 1 at step 12 to checkpoints/pbt/asymm_advantages/baseline_seed_1_step_12.msgpack
--> Saved PBT population member 4 at step 12 to checkpoints/pbt/asymm_advantages/baseline_seed_4_step_12.msgpack
Overwrote worst model 3 (0.5630) with best model 4 (0.5903); mutations={'VF_COEF': (0.5, 0.375, 0.75)}

PBT ITERATION NUM 13
Training agent 1 (41) with agent 2 fixed (pbt 13/62, sel 1/16)
Training agent 1 (42) with agent 3 fixed (pbt 13/62, sel 2/16)
Training agent 3 (38) with agent 2 fixed (pbt 13/62, sel 3/16)
Training agent 3 (39) with agent 0 fixed (pbt 13/62, sel 4/16)
Training agent 2 (41) with agent 3 fixed (pbt 13/62, sel 5/16)
Training agent 1 (43) with agent 1 fixed (pbt 13/62, sel 6/16)
Training agent 2 (42) with agent 2 fixed (pbt 13/62, sel 7/16)
Training agent 2 (43) with agent 0 fixed (pbt 13/62, sel 8/16)
Training agent 2 (44) with agent 1 fixed (pbt 13/62, sel 9/16)
Training agent 3 (40) with agent 3 fixed (pbt 13/62, sel 10/16)
Training agent 1 (44) with agent 0 fixed (pbt 13/62, sel 11/16)
Training agent 0 (41) with agent 0 fixed (pbt 13/62, sel 12/16)
Training agent 0 (42) with agent 1 fixed (pbt 13/62, sel 13/16)
Training agent 0 (43) with agent 2 fixed (pbt 13/62, sel 14/16)
Training agent 0 (44) with agent 3 fixed (pbt 13/62, sel 15/16)
Training agent 4 (38) with agent 4 fixed (pbt 13/62, sel 16/16)
Evaluated agent 0 and 0: dense_per_step=0.5810
Evaluated agent 0 and 1: dense_per_step=0.6078
Evaluated agent 0 and 2: dense_per_step=0.5860
Evaluated agent 0 and 3: dense_per_step=0.6050
Evaluated agent 0 and 4: dense_per_step=0.5561
Evaluated agent 1 and 1: dense_per_step=0.6218
Evaluated agent 1 and 2: dense_per_step=0.5553
Evaluated agent 1 and 3: dense_per_step=0.5936
Evaluated agent 1 and 4: dense_per_step=0.6010
Evaluated agent 2 and 2: dense_per_step=0.5844
Evaluated agent 2 and 3: dense_per_step=0.5777
Evaluated agent 2 and 4: dense_per_step=0.5963
Evaluated agent 3 and 3: dense_per_step=0.5961
Evaluated agent 3 and 4: dense_per_step=0.6103
Evaluated agent 4 and 4: dense_per_step=0.6061
--> Saved PBT population member 1 at step 13 to checkpoints/pbt/asymm_advantages/baseline_seed_1_step_13.msgpack
--> Saved PBT population member 3 at step 13 to checkpoints/pbt/asymm_advantages/baseline_seed_3_step_13.msgpack
Overwrote worst model 2 (0.5800) with best model 3 (0.5965); mutations={'CLIP_EPS': (0.2, 0.25, 1.25)}

PBT ITERATION NUM 14
Training agent 0 (45) with agent 0 fixed (pbt 14/62, sel 1/16)
Training agent 4 (39) with agent 0 fixed (pbt 14/62, sel 2/16)
Training agent 1 (45) with agent 4 fixed (pbt 14/62, sel 3/16)
Training agent 4 (40) with agent 2 fixed (pbt 14/62, sel 4/16)
Training agent 2 (41) with agent 3 fixed (pbt 14/62, sel 5/16)
Training agent 1 (46) with agent 2 fixed (pbt 14/62, sel 6/16)
Training agent 0 (46) with agent 4 fixed (pbt 14/62, sel 7/16)
Training agent 2 (42) with agent 1 fixed (pbt 14/62, sel 8/16)
Training agent 4 (41) with agent 4 fixed (pbt 14/62, sel 9/16)
Training agent 4 (42) with agent 1 fixed (pbt 14/62, sel 10/16)
Training agent 1 (47) with agent 3 fixed (pbt 14/62, sel 11/16)
Training agent 3 (41) with agent 3 fixed (pbt 14/62, sel 12/16)
Training agent 0 (47) with agent 2 fixed (pbt 14/62, sel 13/16)
Training agent 3 (42) with agent 4 fixed (pbt 14/62, sel 14/16)
Training agent 2 (43) with agent 0 fixed (pbt 14/62, sel 15/16)
Training agent 4 (43) with agent 3 fixed (pbt 14/62, sel 16/16)
Evaluated agent 0 and 0: dense_per_step=0.5660
Evaluated agent 0 and 1: dense_per_step=0.4919
Evaluated agent 0 and 2: dense_per_step=0.5868
Evaluated agent 0 and 3: dense_per_step=0.5905
Evaluated agent 0 and 4: dense_per_step=0.5988
Evaluated agent 1 and 1: dense_per_step=0.5159
Evaluated agent 1 and 2: dense_per_step=0.5732
Evaluated agent 1 and 3: dense_per_step=0.6056
Evaluated agent 1 and 4: dense_per_step=0.5842
Evaluated agent 2 and 2: dense_per_step=0.5911
Evaluated agent 2 and 3: dense_per_step=0.5583
Evaluated agent 2 and 4: dense_per_step=0.6333
Evaluated agent 3 and 3: dense_per_step=0.5509
Evaluated agent 3 and 4: dense_per_step=0.5937
Evaluated agent 4 and 4: dense_per_step=0.5782
--> Saved PBT population member 2 at step 14 to checkpoints/pbt/asymm_advantages/baseline_seed_2_step_14.msgpack
--> Saved PBT population member 3 at step 14 to checkpoints/pbt/asymm_advantages/baseline_seed_3_step_14.msgpack
--> Saved PBT population member 4 at step 14 to checkpoints/pbt/asymm_advantages/baseline_seed_4_step_14.msgpack
Overwrote worst model 1 (0.5541) with best model 4 (0.5976); mutations={'GAE_LAMBDA': (0.95, 0.9249999999999999, 1.25), 'CLIP_EPS': (0.2, 0.25, 1.25)}

PBT ITERATION NUM 15
Training agent 2 (44) with agent 0 fixed (pbt 15/62, sel 1/16)
Training agent 4 (44) with agent 3 fixed (pbt 15/62, sel 2/16)
Training agent 0 (48) with agent 3 fixed (pbt 15/62, sel 3/16)
Training agent 0 (49) with agent 2 fixed (pbt 15/62, sel 4/16)
Training agent 0 (50) with agent 0 fixed (pbt 15/62, sel 5/16)
Training agent 2 (45) with agent 3 fixed (pbt 15/62, sel 6/16)
Training agent 4 (45) with agent 0 fixed (pbt 15/62, sel 7/16)
Training agent 4 (46) with agent 1 fixed (pbt 15/62, sel 8/16)
Training agent 3 (43) with agent 1 fixed (pbt 15/62, sel 9/16)
Training agent 0 (51) with agent 4 fixed (pbt 15/62, sel 10/16)
Training agent 3 (44) with agent 2 fixed (pbt 15/62, sel 11/16)
Training agent 1 (44) with agent 1 fixed (pbt 15/62, sel 12/16)
Training agent 1 (45) with agent 3 fixed (pbt 15/62, sel 13/16)
Training agent 1 (46) with agent 0 fixed (pbt 15/62, sel 14/16)
Training agent 1 (47) with agent 2 fixed (pbt 15/62, sel 15/16)
Training agent 1 (48) with agent 4 fixed (pbt 15/62, sel 16/16)
Evaluated agent 0 and 0: dense_per_step=0.5443
Evaluated agent 0 and 1: dense_per_step=0.5771
Evaluated agent 0 and 2: dense_per_step=0.5282
Evaluated agent 0 and 3: dense_per_step=0.6131
Evaluated agent 0 and 4: dense_per_step=0.5618
Evaluated agent 1 and 1: dense_per_step=0.5964
Evaluated agent 1 and 2: dense_per_step=0.5718
Evaluated agent 1 and 3: dense_per_step=0.5688
Evaluated agent 1 and 4: dense_per_step=0.5730
Evaluated agent 2 and 2: dense_per_step=0.5733
Evaluated agent 2 and 3: dense_per_step=0.5864
Evaluated agent 2 and 4: dense_per_step=0.5253
Evaluated agent 3 and 3: dense_per_step=0.5662
Evaluated agent 3 and 4: dense_per_step=0.5515
Evaluated agent 4 and 4: dense_per_step=0.6151
--> Saved PBT population member 0 at step 15 to checkpoints/pbt/asymm_advantages/baseline_seed_0_step_15.msgpack
--> Saved PBT population member 1 at step 15 to checkpoints/pbt/asymm_advantages/baseline_seed_1_step_15.msgpack
--> Saved PBT population member 3 at step 15 to checkpoints/pbt/asymm_advantages/baseline_seed_3_step_15.msgpack
Overwrote worst model 2 (0.5570) with best model 1 (0.5774); mutations={'GAE_LAMBDA': (0.9249999999999999, 0.8875, 1.25), 'LR': (0.00025, 0.0001875, 0.75)}

PBT ITERATION NUM 16
Training agent 2 (49) with agent 2 fixed (pbt 16/62, sel 1/16)
Training agent 4 (47) with agent 1 fixed (pbt 16/62, sel 2/16)
Training agent 2 (50) with agent 3 fixed (pbt 16/62, sel 3/16)
Training agent 1 (49) with agent 4 fixed (pbt 16/62, sel 4/16)
Training agent 1 (50) with agent 0 fixed (pbt 16/62, sel 5/16)
Training agent 0 (52) with agent 4 fixed (pbt 16/62, sel 6/16)
Training agent 0 (53) with agent 1 fixed (pbt 16/62, sel 7/16)
Training agent 3 (45) with agent 4 fixed (pbt 16/62, sel 8/16)
Training agent 0 (54) with agent 0 fixed (pbt 16/62, sel 9/16)
Training agent 4 (48) with agent 4 fixed (pbt 16/62, sel 10/16)
Training agent 1 (51) with agent 2 fixed (pbt 16/62, sel 11/16)
Training agent 1 (52) with agent 3 fixed (pbt 16/62, sel 12/16)
Training agent 4 (49) with agent 0 fixed (pbt 16/62, sel 13/16)
Training agent 3 (46) with agent 3 fixed (pbt 16/62, sel 14/16)
Training agent 4 (50) with agent 3 fixed (pbt 16/62, sel 15/16)
Training agent 3 (47) with agent 0 fixed (pbt 16/62, sel 16/16)
Evaluated agent 0 and 0: dense_per_step=0.4906
Evaluated agent 0 and 1: dense_per_step=0.5512
Evaluated agent 0 and 2: dense_per_step=0.5052
Evaluated agent 0 and 3: dense_per_step=0.5906
Evaluated agent 0 and 4: dense_per_step=0.5548
Evaluated agent 1 and 1: dense_per_step=0.5280
Evaluated agent 1 and 2: dense_per_step=0.5487
Evaluated agent 1 and 3: dense_per_step=0.5732
Evaluated agent 1 and 4: dense_per_step=0.4921
Evaluated agent 2 and 2: dense_per_step=0.5771
Evaluated agent 2 and 3: dense_per_step=0.5586
Evaluated agent 2 and 4: dense_per_step=0.5942
Evaluated agent 3 and 3: dense_per_step=0.5530
Evaluated agent 3 and 4: dense_per_step=0.6010
Evaluated agent 4 and 4: dense_per_step=0.5552
Overwrote worst model 0 (0.5385) with best model 3 (0.5753); mutations={'GAE_LAMBDA': (0.95, 0.975, 0.75), 'UPDATE_EPOCHS': (4, 3, 0.75), 'ENT_COEF': (0.01, 0.0125, 1.25)}

PBT ITERATION NUM 17
Training agent 0 (48) with agent 0 fixed (pbt 17/62, sel 1/16)
Training agent 3 (48) with agent 1 fixed (pbt 17/62, sel 2/16)
Training agent 1 (53) with agent 1 fixed (pbt 17/62, sel 3/16)
Training agent 4 (51) with agent 3 fixed (pbt 17/62, sel 4/16)
Training agent 1 (54) with agent 4 fixed (pbt 17/62, sel 5/16)
Training agent 0 (49) with agent 3 fixed (pbt 17/62, sel 6/16)
Training agent 4 (52) with agent 2 fixed (pbt 17/62, sel 7/16)
Training agent 1 (55) with agent 0 fixed (pbt 17/62, sel 8/16)
Training agent 3 (49) with agent 0 fixed (pbt 17/62, sel 9/16)
Training agent 1 (56) with agent 2 fixed (pbt 17/62, sel 10/16)
Training agent 2 (51) with agent 4 fixed (pbt 17/62, sel 11/16)
Training agent 3 (50) with agent 3 fixed (pbt 17/62, sel 12/16)
Training agent 4 (53) with agent 0 fixed (pbt 17/62, sel 13/16)
Training agent 2 (52) with agent 1 fixed (pbt 17/62, sel 14/16)
Training agent 0 (50) with agent 1 fixed (pbt 17/62, sel 15/16)
Training agent 4 (54) with agent 1 fixed (pbt 17/62, sel 16/16)
Evaluated agent 0 and 0: dense_per_step=0.5482
Evaluated agent 0 and 1: dense_per_step=0.5012
Evaluated agent 0 and 2: dense_per_step=0.5017
Evaluated agent 0 and 3: dense_per_step=0.5326
Evaluated agent 0 and 4: dense_per_step=0.5284
Evaluated agent 1 and 1: dense_per_step=0.5211
Evaluated agent 1 and 2: dense_per_step=0.5449
Evaluated agent 1 and 3: dense_per_step=0.5084
Evaluated agent 1 and 4: dense_per_step=0.5425
Evaluated agent 2 and 2: dense_per_step=0.5525
Evaluated agent 2 and 3: dense_per_step=0.5443
Evaluated agent 2 and 4: dense_per_step=0.5553
Evaluated agent 3 and 3: dense_per_step=0.5620
Evaluated agent 3 and 4: dense_per_step=0.5325
Evaluated agent 4 and 4: dense_per_step=0.5784
Overwrote worst model 0 (0.5224) with best model 4 (0.5474); mutations={'CLIP_EPS': (0.2, 0.25, 1.25), 'VF_COEF': (0.5, 0.375, 0.75)}

PBT ITERATION NUM 18
Training agent 2 (53) with agent 0 fixed (pbt 18/62, sel 1/16)
Training agent 4 (55) with agent 0 fixed (pbt 18/62, sel 2/16)
Training agent 0 (55) with agent 4 fixed (pbt 18/62, sel 3/16)
Training agent 4 (56) with agent 2 fixed (pbt 18/62, sel 4/16)
Training agent 1 (57) with agent 1 fixed (pbt 18/62, sel 5/16)
Training agent 4 (57) with agent 3 fixed (pbt 18/62, sel 6/16)
Training agent 0 (56) with agent 1 fixed (pbt 18/62, sel 7/16)
Training agent 0 (57) with agent 2 fixed (pbt 18/62, sel 8/16)
Training agent 0 (58) with agent 0 fixed (pbt 18/62, sel 9/16)
Training agent 2 (54) with agent 2 fixed (pbt 18/62, sel 10/16)
Training agent 2 (55) with agent 3 fixed (pbt 18/62, sel 11/16)
Training agent 3 (51) with agent 1 fixed (pbt 18/62, sel 12/16)
Training agent 3 (52) with agent 2 fixed (pbt 18/62, sel 13/16)
Training agent 0 (59) with agent 3 fixed (pbt 18/62, sel 14/16)
Training agent 3 (53) with agent 0 fixed (pbt 18/62, sel 15/16)
Training agent 4 (58) with agent 4 fixed (pbt 18/62, sel 16/16)
Evaluated agent 0 and 0: dense_per_step=0.4013
Evaluated agent 0 and 1: dense_per_step=0.5029
Evaluated agent 0 and 2: dense_per_step=0.5115
Evaluated agent 0 and 3: dense_per_step=0.5065
Evaluated agent 0 and 4: dense_per_step=0.5136
Evaluated agent 1 and 1: dense_per_step=0.5229
Evaluated agent 1 and 2: dense_per_step=0.5485
Evaluated agent 1 and 3: dense_per_step=0.4554
Evaluated agent 1 and 4: dense_per_step=0.4883
Evaluated agent 2 and 2: dense_per_step=0.5248
Evaluated agent 2 and 3: dense_per_step=0.4919
Evaluated agent 2 and 4: dense_per_step=0.5490
Evaluated agent 3 and 3: dense_per_step=0.5021
Evaluated agent 3 and 4: dense_per_step=0.5123
Evaluated agent 4 and 4: dense_per_step=0.5024
Overwrote worst model 0 (0.4872) with best model 2 (0.5252); mutations={'CLIP_EPS': (0.25, 0.1875, 0.75), 'UPDATE_EPOCHS': (4, 3, 0.75), 'VF_COEF': (0.5, 0.625, 1.25)}

PBT ITERATION NUM 19
Training agent 3 (54) with agent 4 fixed (pbt 19/62, sel 1/16)
Training agent 3 (55) with agent 3 fixed (pbt 19/62, sel 2/16)
Training agent 4 (59) with agent 0 fixed (pbt 19/62, sel 3/16)
Training agent 4 (60) with agent 2 fixed (pbt 19/62, sel 4/16)
Training agent 0 (56) with agent 3 fixed (pbt 19/62, sel 5/16)
Training agent 0 (57) with agent 1 fixed (pbt 19/62, sel 6/16)
Training agent 1 (58) with agent 0 fixed (pbt 19/62, sel 7/16)
Training agent 4 (61) with agent 4 fixed (pbt 19/62, sel 8/16)
Training agent 2 (56) with agent 0 fixed (pbt 19/62, sel 9/16)
Training agent 1 (59) with agent 3 fixed (pbt 19/62, sel 10/16)
Training agent 3 (56) with agent 2 fixed (pbt 19/62, sel 11/16)
Training agent 1 (60) with agent 1 fixed (pbt 19/62, sel 12/16)
Training agent 2 (57) with agent 4 fixed (pbt 19/62, sel 13/16)
Training agent 3 (57) with agent 1 fixed (pbt 19/62, sel 14/16)
Training agent 0 (58) with agent 4 fixed (pbt 19/62, sel 15/16)
Training agent 4 (62) with agent 1 fixed (pbt 19/62, sel 16/16)
Evaluated agent 0 and 0: dense_per_step=0.5234
Evaluated agent 0 and 1: dense_per_step=0.5016
Evaluated agent 0 and 2: dense_per_step=0.4968
Evaluated agent 0 and 3: dense_per_step=0.4818
Evaluated agent 0 and 4: dense_per_step=0.4870
Evaluated agent 1 and 1: dense_per_step=0.5136
Evaluated agent 1 and 2: dense_per_step=0.4909
Evaluated agent 1 and 3: dense_per_step=0.4916
Evaluated agent 1 and 4: dense_per_step=0.4770
Evaluated agent 2 and 2: dense_per_step=0.5069
Evaluated agent 2 and 3: dense_per_step=0.5115
Evaluated agent 2 and 4: dense_per_step=0.5022
Evaluated agent 3 and 3: dense_per_step=0.4963
Evaluated agent 3 and 4: dense_per_step=0.4968
Evaluated agent 4 and 4: dense_per_step=0.4713
Overwrote worst model 4 (0.4869) with best model 2 (0.5017); mutations={'CLIP_EPS': (0.25, 0.3125, 1.25)}

PBT ITERATION NUM 20
Training agent 1 (61) with agent 2 fixed (pbt 20/62, sel 1/16)
Training agent 3 (58) with agent 2 fixed (pbt 20/62, sel 2/16)
Training agent 0 (59) with agent 3 fixed (pbt 20/62, sel 3/16)
Training agent 0 (60) with agent 1 fixed (pbt 20/62, sel 4/16)
Training agent 0 (61) with agent 0 fixed (pbt 20/62, sel 5/16)
Training agent 3 (59) with agent 3 fixed (pbt 20/62, sel 6/16)
Training agent 4 (58) with agent 2 fixed (pbt 20/62, sel 7/16)
Training agent 1 (62) with agent 1 fixed (pbt 20/62, sel 8/16)
Training agent 0 (62) with agent 4 fixed (pbt 20/62, sel 9/16)
Training agent 3 (60) with agent 4 fixed (pbt 20/62, sel 10/16)
Training agent 3 (61) with agent 0 fixed (pbt 20/62, sel 11/16)
Training agent 1 (63) with agent 4 fixed (pbt 20/62, sel 12/16)
Training agent 2 (58) with agent 2 fixed (pbt 20/62, sel 13/16)
Training agent 1 (64) with agent 3 fixed (pbt 20/62, sel 14/16)
Training agent 1 (65) with agent 0 fixed (pbt 20/62, sel 15/16)
Training agent 0 (63) with agent 2 fixed (pbt 20/62, sel 16/16)
Evaluated agent 0 and 0: dense_per_step=0.4942
Evaluated agent 0 and 1: dense_per_step=0.5150
Evaluated agent 0 and 2: dense_per_step=0.4765
Evaluated agent 0 and 3: dense_per_step=0.5074
Evaluated agent 0 and 4: dense_per_step=0.4926
Evaluated agent 1 and 1: dense_per_step=0.4877
Evaluated agent 1 and 2: dense_per_step=0.4830
Evaluated agent 1 and 3: dense_per_step=0.4984
Evaluated agent 1 and 4: dense_per_step=0.4987
Evaluated agent 2 and 2: dense_per_step=0.4836
Evaluated agent 2 and 3: dense_per_step=0.5279
Evaluated agent 2 and 4: dense_per_step=0.4921
Evaluated agent 3 and 3: dense_per_step=0.4869
Evaluated agent 3 and 4: dense_per_step=0.4588
Evaluated agent 4 and 4: dense_per_step=0.4599
Overwrote worst model 4 (0.4804) with best model 0 (0.4971); mutations={'VF_COEF': (0.625, 0.46875, 0.75)}

PBT ITERATION NUM 21
Training agent 1 (66) with agent 1 fixed (pbt 21/62, sel 1/16)
Training agent 3 (62) with agent 0 fixed (pbt 21/62, sel 2/16)
Training agent 0 (64) with agent 3 fixed (pbt 21/62, sel 3/16)
Training agent 1 (67) with agent 3 fixed (pbt 21/62, sel 4/16)
Training agent 4 (64) with agent 2 fixed (pbt 21/62, sel 5/16)
Training agent 4 (65) with agent 4 fixed (pbt 21/62, sel 6/16)
Training agent 3 (63) with agent 1 fixed (pbt 21/62, sel 7/16)
Training agent 1 (68) with agent 0 fixed (pbt 21/62, sel 8/16)
Training agent 1 (69) with agent 2 fixed (pbt 21/62, sel 9/16)
Training agent 0 (65) with agent 4 fixed (pbt 21/62, sel 10/16)
Training agent 3 (64) with agent 4 fixed (pbt 21/62, sel 11/16)
Training agent 4 (66) with agent 1 fixed (pbt 21/62, sel 12/16)
Training agent 0 (66) with agent 0 fixed (pbt 21/62, sel 13/16)
Training agent 3 (65) with agent 2 fixed (pbt 21/62, sel 14/16)
Training agent 2 (59) with agent 1 fixed (pbt 21/62, sel 15/16)
Training agent 1 (70) with agent 4 fixed (pbt 21/62, sel 16/16)
Evaluated agent 0 and 0: dense_per_step=0.4409
Evaluated agent 0 and 1: dense_per_step=0.4564
Evaluated agent 0 and 2: dense_per_step=0.5062
Evaluated agent 0 and 3: dense_per_step=0.4663
Evaluated agent 0 and 4: dense_per_step=0.4343
Evaluated agent 1 and 1: dense_per_step=0.4508
Evaluated agent 1 and 2: dense_per_step=0.4462
Evaluated agent 1 and 3: dense_per_step=0.4912
Evaluated agent 1 and 4: dense_per_step=0.4466
Evaluated agent 2 and 2: dense_per_step=0.4513
Evaluated agent 2 and 3: dense_per_step=0.4714
Evaluated agent 2 and 4: dense_per_step=0.4660
Evaluated agent 3 and 3: dense_per_step=0.4513
Evaluated agent 3 and 4: dense_per_step=0.4463
Evaluated agent 4 and 4: dense_per_step=0.4716
Overwrote worst model 4 (0.4530) with best model 2 (0.4682); mutations={'UPDATE_EPOCHS': (4, 3, 0.75), 'ENT_COEF': (0.01, 0.0075, 0.75)}

PBT ITERATION NUM 22
Training agent 1 (71) with agent 4 fixed (pbt 22/62, sel 1/16)
Training agent 1 (72) with agent 3 fixed (pbt 22/62, sel 2/16)
Training agent 1 (73) with agent 0 fixed (pbt 22/62, sel 3/16)
Training agent 3 (66) with agent 2 fixed (pbt 22/62, sel 4/16)
Training agent 2 (60) with agent 0 fixed (pbt 22/62, sel 5/16)
Training agent 1 (74) with agent 2 fixed (pbt 22/62, sel 6/16)
Training agent 0 (67) with agent 1 fixed (pbt 22/62, sel 7/16)
Training agent 3 (67) with agent 3 fixed (pbt 22/62, sel 8/16)
Training agent 0 (68) with agent 4 fixed (pbt 22/62, sel 9/16)
Training agent 4 (60) with agent 4 fixed (pbt 22/62, sel 10/16)
Training agent 4 (61) with agent 0 fixed (pbt 22/62, sel 11/16)
Training agent 2 (61) with agent 4 fixed (pbt 22/62, sel 12/16)
Training agent 0 (69) with agent 0 fixed (pbt 22/62, sel 13/16)
Training agent 2 (62) with agent 2 fixed (pbt 22/62, sel 14/16)
Training agent 4 (62) with agent 2 fixed (pbt 22/62, sel 15/16)
Training agent 1 (75) with agent 1 fixed (pbt 22/62, sel 16/16)
Evaluated agent 0 and 0: dense_per_step=0.4300
Evaluated agent 0 and 1: dense_per_step=0.4350
Evaluated agent 0 and 2: dense_per_step=0.4400
Evaluated agent 0 and 3: dense_per_step=0.4400
Evaluated agent 0 and 4: dense_per_step=0.4300
Evaluated agent 1 and 1: dense_per_step=0.4300
Evaluated agent 1 and 2: dense_per_step=0.4700
Evaluated agent 1 and 3: dense_per_step=0.4650
Evaluated agent 1 and 4: dense_per_step=0.4500
Evaluated agent 2 and 2: dense_per_step=0.4600
Evaluated agent 2 and 3: dense_per_step=0.4450
Evaluated agent 2 and 4: dense_per_step=0.4500
Evaluated agent 3 and 3: dense_per_step=0.4450
Evaluated agent 3 and 4: dense_per_step=0.4150
Evaluated agent 4 and 4: dense_per_step=0.4600
Overwrote worst model 0 (0.4350) with best model 2 (0.4530); mutations={}

PBT ITERATION NUM 23
Training agent 1 (76) with agent 4 fixed (pbt 23/62, sel 1/16)
Training agent 4 (63) with agent 0 fixed (pbt 23/62, sel 2/16)
Training agent 1 (77) with agent 2 fixed (pbt 23/62, sel 3/16)
Training agent 0 (63) with agent 1 fixed (pbt 23/62, sel 4/16)
Training agent 1 (78) with agent 0 fixed (pbt 23/62, sel 5/16)
Training agent 4 (64) with agent 3 fixed (pbt 23/62, sel 6/16)
Training agent 2 (63) with agent 0 fixed (pbt 23/62, sel 7/16)
Training agent 2 (64) with agent 2 fixed (pbt 23/62, sel 8/16)
Training agent 0 (64) with agent 0 fixed (pbt 23/62, sel 9/16)
Training agent 4 (65) with agent 4 fixed (pbt 23/62, sel 10/16)
Training agent 1 (79) with agent 3 fixed (pbt 23/62, sel 11/16)
Training agent 4 (66) with agent 1 fixed (pbt 23/62, sel 12/16)
Training agent 2 (65) with agent 3 fixed (pbt 23/62, sel 13/16)
Training agent 3 (68) with agent 2 fixed (pbt 23/62, sel 14/16)
Training agent 4 (67) with agent 2 fixed (pbt 23/62, sel 15/16)
Training agent 2 (66) with agent 4 fixed (pbt 23/62, sel 16/16)
Evaluated agent 0 and 0: dense_per_step=0.5173
Evaluated agent 0 and 1: dense_per_step=0.5113
Evaluated agent 0 and 2: dense_per_step=0.4506
Evaluated agent 0 and 3: dense_per_step=0.4382
Evaluated agent 0 and 4: dense_per_step=0.4719
Evaluated agent 1 and 1: dense_per_step=0.5286
Evaluated agent 1 and 2: dense_per_step=0.4364
Evaluated agent 1 and 3: dense_per_step=0.5193
Evaluated agent 1 and 4: dense_per_step=0.5051
Evaluated agent 2 and 2: dense_per_step=0.4714
Evaluated agent 2 and 3: dense_per_step=0.4962
Evaluated agent 2 and 4: dense_per_step=0.4717
Evaluated agent 3 and 3: dense_per_step=0.4814
Evaluated agent 3 and 4: dense_per_step=0.4717
Evaluated agent 4 and 4: dense_per_step=0.5022
Overwrote worst model 2 (0.4652) with best model 1 (0.5001); mutations={'ENT_COEF': (0.01, 0.0075, 0.75), 'VF_COEF': (0.5, 0.625, 1.25)}

PBT ITERATION NUM 24
Training agent 2 (80) with agent 2 fixed (pbt 24/62, sel 1/16)
Training agent 3 (69) with agent 4 fixed (pbt 24/62, sel 2/16)
Training agent 1 (80) with agent 0 fixed (pbt 24/62, sel 3/16)
Training agent 0 (65) with agent 2 fixed (pbt 24/62, sel 4/16)
Training agent 1 (81) with agent 2 fixed (pbt 24/62, sel 5/16)
Training agent 2 (81) with agent 0 fixed (pbt 24/62, sel 6/16)
Training agent 0 (66) with agent 3 fixed (pbt 24/62, sel 7/16)
Training agent 4 (68) with agent 3 fixed (pbt 24/62, sel 8/16)
Training agent 1 (82) with agent 1 fixed (pbt 24/62, sel 9/16)
Training agent 4 (69) with agent 0 fixed (pbt 24/62, sel 10/16)
Training agent 4 (70) with agent 2 fixed (pbt 24/62, sel 11/16)
Training agent 0 (67) with agent 0 fixed (pbt 24/62, sel 12/16)
Training agent 3 (70) with agent 3 fixed (pbt 24/62, sel 13/16)
Training agent 3 (71) with agent 2 fixed (pbt 24/62, sel 14/16)
Training agent 0 (68) with agent 1 fixed (pbt 24/62, sel 15/16)
Training agent 2 (82) with agent 3 fixed (pbt 24/62, sel 16/16)
Evaluated agent 0 and 0: dense_per_step=0.4550
Evaluated agent 0 and 1: dense_per_step=0.4500
Evaluated agent 0 and 2: dense_per_step=0.4400
Evaluated agent 0 and 3: dense_per_step=0.4550
Evaluated agent 0 and 4: dense_per_step=0.4550
Evaluated agent 1 and 1: dense_per_step=0.5100
Evaluated agent 1 and 2: dense_per_step=0.5350
Evaluated agent 1 and 3: dense_per_step=0.5150
Evaluated agent 1 and 4: dense_per_step=0.4950
Evaluated agent 2 and 2: dense_per_step=0.5200
Evaluated agent 2 and 3: dense_per_step=0.4950
Evaluated agent 2 and 4: dense_per_step=0.5150
Evaluated agent 3 and 3: dense_per_step=0.4800
Evaluated agent 3 and 4: dense_per_step=0.4400
Evaluated agent 4 and 4: dense_per_step=0.4550
--> Saved PBT population member 1 at step 24 to checkpoints/pbt/asymm_advantages/baseline_seed_1_step_24.msgpack
--> Saved PBT population member 2 at step 24 to checkpoints/pbt/asymm_advantages/baseline_seed_2_step_24.msgpack
--> Saved PBT population member 3 at step 24 to checkpoints/pbt/asymm_advantages/baseline_seed_3_step_24.msgpack
Overwrote worst model 0 (0.4510) with best model 1 (0.5010); mutations={'GAE_LAMBDA': (0.9249999999999999, 0.9624999999999999, 1.25), 'LR': (0.00025, 0.0001875, 0.75)}

PBT ITERATION NUM 25
Training agent 1 (83) with agent 1 fixed (pbt 25/62, sel 1/16)
Training agent 2 (83) with agent 4 fixed (pbt 25/62, sel 2/16)
Training agent 2 (84) with agent 2 fixed (pbt 25/62, sel 3/16)
Training agent 4 (71) with agent 0 fixed (pbt 25/62, sel 4/16)
Training agent 4 (72) with agent 4 fixed (pbt 25/62, sel 5/16)
Training agent 4 (73) with agent 3 fixed (pbt 25/62, sel 6/16)
Training agent 3 (72) with agent 1 fixed (pbt 25/62, sel 7/16)
Training agent 4 (74) with agent 2 fixed (pbt 25/62, sel 8/16)
Training agent 1 (84) with agent 2 fixed (pbt 25/62, sel 9/16)
Training agent 2 (85) with agent 0 fixed (pbt 25/62, sel 10/16)
Training agent 1 (85) with agent 3 fixed (pbt 25/62, sel 11/16)
Training agent 0 (83) with agent 2 fixed (pbt 25/62, sel 12/16)
Training agent 3 (73) with agent 4 fixed (pbt 25/62, sel 13/16)
Training agent 3 (74) with agent 3 fixed (pbt 25/62, sel 14/16)
Training agent 0 (84) with agent 3 fixed (pbt 25/62, sel 15/16)
Training agent 1 (86) with agent 4 fixed (pbt 25/62, sel 16/16)
Evaluated agent 0 and 0: dense_per_step=0.5100
Evaluated agent 0 and 1: dense_per_step=0.4950
Evaluated agent 0 and 2: dense_per_step=0.5000
Evaluated agent 0 and 3: dense_per_step=0.5100
Evaluated agent 0 and 4: dense_per_step=0.4800
Evaluated agent 1 and 1: dense_per_step=0.5350
Evaluated agent 1 and 2: dense_per_step=0.5400
Evaluated agent 1 and 3: dense_per_step=0.5400
Evaluated agent 1 and 4: dense_per_step=0.5350
Evaluated agent 2 and 2: dense_per_step=0.5050
Evaluated agent 2 and 3: dense_per_step=0.5150
Evaluated agent 2 and 4: dense_per_step=0.5300
Evaluated agent 3 and 3: dense_per_step=0.4550
Evaluated agent 3 and 4: dense_per_step=0.4500
Evaluated agent 4 and 4: dense_per_step=0.4500
--> Saved PBT population member 0 at step 25 to checkpoints/pbt/asymm_advantages/baseline_seed_0_step_25.msgpack
--> Saved PBT population member 1 at step 25 to checkpoints/pbt/asymm_advantages/baseline_seed_1_step_25.msgpack
--> Saved PBT population member 2 at step 25 to checkpoints/pbt/asymm_advantages/baseline_seed_2_step_25.msgpack
--> Saved PBT population member 3 at step 25 to checkpoints/pbt/asymm_advantages/baseline_seed_3_step_25.msgpack
--> Saved PBT population member 4 at step 25 to checkpoints/pbt/asymm_advantages/baseline_seed_4_step_25.msgpack
Overwrote worst model 4 (0.4890) with best model 1 (0.5290); mutations={'GAE_LAMBDA': (0.9249999999999999, 0.8875, 0.75)}

PBT ITERATION NUM 26
Training agent 1 (87) with agent 4 fixed (pbt 26/62, sel 1/16)
Training agent 3 (75) with agent 3 fixed (pbt 26/62, sel 2/16)
Training agent 0 (85) with agent 3 fixed (pbt 26/62, sel 3/16)
Training agent 0 (86) with agent 2 fixed (pbt 26/62, sel 4/16)
Training agent 4 (87) with agent 1 fixed (pbt 26/62, sel 5/16)
Training agent 2 (86) with agent 4 fixed (pbt 26/62, sel 6/16)
Training agent 4 (88) with agent 4 fixed (pbt 26/62, sel 7/16)
Training agent 1 (88) with agent 0 fixed (pbt 26/62, sel 8/16)
Training agent 2 (87) with agent 0 fixed (pbt 26/62, sel 9/16)
Training agent 0 (87) with agent 1 fixed (pbt 26/62, sel 10/16)
Training agent 0 (88) with agent 0 fixed (pbt 26/62, sel 11/16)
Training agent 4 (89) with agent 0 fixed (pbt 26/62, sel 12/16)
Training agent 0 (89) with agent 4 fixed (pbt 26/62, sel 13/16)
Training agent 3 (76) with agent 4 fixed (pbt 26/62, sel 14/16)
Training agent 3 (77) with agent 0 fixed (pbt 26/62, sel 15/16)
Training agent 1 (89) with agent 3 fixed (pbt 26/62, sel 16/16)
Evaluated agent 0 and 0: dense_per_step=0.5050
Evaluated agent 0 and 1: dense_per_step=0.5150
Evaluated agent 0 and 2: dense_per_step=0.5250
Evaluated agent 0 and 3: dense_per_step=0.5200
Evaluated agent 0 and 4: dense_per_step=0.5150
Evaluated agent 1 and 1: dense_per_step=0.5250
Evaluated agent 1 and 2: dense_per_step=0.5500
Evaluated agent 1 and 3: dense_per_step=0.5750
Evaluated agent 1 and 4: dense_per_step=0.5450
Evaluated agent 2 and 2: dense_per_step=0.5150
Evaluated agent 2 and 3: dense_per_step=0.5250
Evaluated agent 2 and 4: dense_per_step=0.4900
Evaluated agent 3 and 3: dense_per_step=0.4450
Evaluated agent 3 and 4: dense_per_step=0.4550
Evaluated agent 4 and 4: dense_per_step=0.5500
--> Saved PBT population member 0 at step 26 to checkpoints/pbt/asymm_advantages/baseline_seed_0_step_26.msgpack
--> Saved PBT population member 1 at step 26 to checkpoints/pbt/asymm_advantages/baseline_seed_1_step_26.msgpack
--> Saved PBT population member 2 at step 26 to checkpoints/pbt/asymm_advantages/baseline_seed_2_step_26.msgpack
--> Saved PBT population member 3 at step 26 to checkpoints/pbt/asymm_advantages/baseline_seed_3_step_26.msgpack
--> Saved PBT population member 4 at step 26 to checkpoints/pbt/asymm_advantages/baseline_seed_4_step_26.msgpack
Overwrote worst model 3 (0.5040) with best model 1 (0.5420); mutations={'LR': (0.00025, 0.0003125, 1.25)}

PBT ITERATION NUM 27
Training agent 0 (90) with agent 0 fixed (pbt 27/62, sel 1/16)
Training agent 0 (91) with agent 1 fixed (pbt 27/62, sel 2/16)
Training agent 0 (92) with agent 4 fixed (pbt 27/62, sel 3/16)
Training agent 2 (88) with agent 1 fixed (pbt 27/62, sel 4/16)
Training agent 3 (90) with agent 0 fixed (pbt 27/62, sel 5/16)
Training agent 1 (90) with agent 2 fixed (pbt 27/62, sel 6/16)
Training agent 3 (91) with agent 2 fixed (pbt 27/62, sel 7/16)
Training agent 2 (89) with agent 0 fixed (pbt 27/62, sel 8/16)
Training agent 4 (90) with agent 4 fixed (pbt 27/62, sel 9/16)
Training agent 1 (91) with agent 0 fixed (pbt 27/62, sel 10/16)
Training agent 4 (91) with agent 0 fixed (pbt 27/62, sel 11/16)
Training agent 4 (92) with agent 2 fixed (pbt 27/62, sel 12/16)
Training agent 0 (93) with agent 3 fixed (pbt 27/62, sel 13/16)
Training agent 4 (93) with agent 1 fixed (pbt 27/62, sel 14/16)
Training agent 3 (92) with agent 1 fixed (pbt 27/62, sel 15/16)
Training agent 3 (93) with agent 3 fixed (pbt 27/62, sel 16/16)
Evaluated agent 0 and 0: dense_per_step=0.5450
Evaluated agent 0 and 1: dense_per_step=0.4900
Evaluated agent 0 and 2: dense_per_step=0.4700
Evaluated agent 0 and 3: dense_per_step=0.5400
Evaluated agent 0 and 4: dense_per_step=0.5450
Evaluated agent 1 and 1: dense_per_step=0.5700
Evaluated agent 1 and 2: dense_per_step=0.5500
Evaluated agent 1 and 3: dense_per_step=0.5350
Evaluated agent 1 and 4: dense_per_step=0.5300
Evaluated agent 2 and 2: dense_per_step=0.5450
Evaluated agent 2 and 3: dense_per_step=0.5250
Evaluated agent 2 and 4: dense_per_step=0.5350
Evaluated agent 3 and 3: dense_per_step=0.5450
Evaluated agent 3 and 4: dense_per_step=0.5550
Evaluated agent 4 and 4: dense_per_step=0.5800
--> Saved PBT population member 0 at step 27 to checkpoints/pbt/asymm_advantages/baseline_seed_0_step_27.msgpack
--> Saved PBT population member 2 at step 27 to checkpoints/pbt/asymm_advantages/baseline_seed_2_step_27.msgpack
--> Saved PBT population member 3 at step 27 to checkpoints/pbt/asymm_advantages/baseline_seed_3_step_27.msgpack
--> Saved PBT population member 4 at step 27 to checkpoints/pbt/asymm_advantages/baseline_seed_4_step_27.msgpack
Overwrote worst model 0 (0.5180) with best model 4 (0.5490); mutations={'UPDATE_EPOCHS': (4, 5, 1.25)}

PBT ITERATION NUM 28
Training agent 1 (92) with agent 4 fixed (pbt 28/62, sel 1/16)
Training agent 2 (90) with agent 2 fixed (pbt 28/62, sel 2/16)
Training agent 1 (93) with agent 1 fixed (pbt 28/62, sel 3/16)
Training agent 0 (94) with agent 3 fixed (pbt 28/62, sel 4/16)
Training agent 2 (91) with agent 4 fixed (pbt 28/62, sel 5/16)
Training agent 0 (95) with agent 1 fixed (pbt 28/62, sel 6/16)
Training agent 1 (94) with agent 3 fixed (pbt 28/62, sel 7/16)
Training agent 4 (94) with agent 0 fixed (pbt 28/62, sel 8/16)
Training agent 1 (95) with agent 2 fixed (pbt 28/62, sel 9/16)
Training agent 0 (96) with agent 2 fixed (pbt 28/62, sel 10/16)
Training agent 3 (94) with agent 2 fixed (pbt 28/62, sel 11/16)
Training agent 2 (92) with agent 0 fixed (pbt 28/62, sel 12/16)
Training agent 3 (95) with agent 1 fixed (pbt 28/62, sel 13/16)
Training agent 2 (93) with agent 1 fixed (pbt 28/62, sel 14/16)
Training agent 3 (96) with agent 0 fixed (pbt 28/62, sel 15/16)
Training agent 4 (95) with agent 2 fixed (pbt 28/62, sel 16/16)
Evaluated agent 0 and 0: dense_per_step=0.5400
Evaluated agent 0 and 1: dense_per_step=0.5300
Evaluated agent 0 and 2: dense_per_step=0.5350
Evaluated agent 0 and 3: dense_per_step=0.5150
Evaluated agent 0 and 4: dense_per_step=0.5400
Evaluated agent 1 and 1: dense_per_step=0.5400
Evaluated agent 1 and 2: dense_per_step=0.5750
Evaluated agent 1 and 3: dense_per_step=0.5500
Evaluated agent 1 and 4: dense_per_step=0.5450
Evaluated agent 2 and 2: dense_per_step=0.5500
Evaluated agent 2 and 3: dense_per_step=0.5500
Evaluated agent 2 and 4: dense_per_step=0.5550
Evaluated agent 3 and 3: dense_per_step=0.5200
Evaluated agent 3 and 4: dense_per_step=0.5400
Evaluated agent 4 and 4: dense_per_step=0.5450
--> Saved PBT population member 0 at step 28 to checkpoints/pbt/asymm_advantages/baseline_seed_0_step_28.msgpack
--> Saved PBT population member 1 at step 28 to checkpoints/pbt/asymm_advantages/baseline_seed_1_step_28.msgpack
--> Saved PBT population member 2 at step 28 to checkpoints/pbt/asymm_advantages/baseline_seed_2_step_28.msgpack
Overwrote worst model 0 (0.5320) with best model 2 (0.5530); mutations={'CLIP_EPS': (0.25, 0.3125, 1.25), 'UPDATE_EPOCHS': (4, 3, 0.75), 'ENT_COEF': (0.0075, 0.009375, 1.25), 'VF_COEF': (0.625, 0.78125, 1.25)}

PBT ITERATION NUM 29
Training agent 3 (97) with agent 2 fixed (pbt 29/62, sel 1/16)
Training agent 0 (94) with agent 2 fixed (pbt 29/62, sel 2/16)
Training agent 4 (96) with agent 4 fixed (pbt 29/62, sel 3/16)
Training agent 0 (95) with agent 1 fixed (pbt 29/62, sel 4/16)
Training agent 0 (96) with agent 0 fixed (pbt 29/62, sel 5/16)
Training agent 3 (98) with agent 1 fixed (pbt 29/62, sel 6/16)
Training agent 1 (96) with agent 0 fixed (pbt 29/62, sel 7/16)
Training agent 4 (97) with agent 2 fixed (pbt 29/62, sel 8/16)
Training agent 3 (99) with agent 0 fixed (pbt 29/62, sel 9/16)
Training agent 4 (98) with agent 1 fixed (pbt 29/62, sel 10/16)
Training agent 1 (97) with agent 2 fixed (pbt 29/62, sel 11/16)
Training agent 1 (98) with agent 1 fixed (pbt 29/62, sel 12/16)
Training agent 4 (99) with agent 0 fixed (pbt 29/62, sel 13/16)
Training agent 2 (94) with agent 3 fixed (pbt 29/62, sel 14/16)
Training agent 3 (100) with agent 3 fixed (pbt 29/62, sel 15/16)
Training agent 4 (100) with agent 3 fixed (pbt 29/62, sel 16/16)
Evaluated agent 0 and 0: dense_per_step=0.5100
Evaluated agent 0 and 1: dense_per_step=0.5300
Evaluated agent 0 and 2: dense_per_step=0.5150
Evaluated agent 0 and 3: dense_per_step=0.5400
Evaluated agent 0 and 4: dense_per_step=0.5250
Evaluated agent 1 and 1: dense_per_step=0.5450
Evaluated agent 1 and 2: dense_per_step=0.5450
Evaluated agent 1 and 3: dense_per_step=0.5550
Evaluated agent 1 and 4: dense_per_step=0.4900
Evaluated agent 2 and 2: dense_per_step=0.5450
Evaluated agent 2 and 3: dense_per_step=0.5500
Evaluated agent 2 and 4: dense_per_step=0.5300
Evaluated agent 3 and 3: dense_per_step=0.5300
Evaluated agent 3 and 4: dense_per_step=0.5500
Evaluated agent 4 and 4: dense_per_step=0.5600
--> Saved PBT population member 3 at step 29 to checkpoints/pbt/asymm_advantages/baseline_seed_3_step_29.msgpack
Overwrote worst model 0 (0.5240) with best model 3 (0.5450); mutations={'GAE_LAMBDA': (0.9249999999999999, 0.8875, 1.25), 'LR': (0.0003125, 0.000390625, 1.25), 'UPDATE_EPOCHS': (4, 5, 1.25), 'VF_COEF': (0.5, 0.375, 0.75)}

PBT ITERATION NUM 30
Training agent 3 (101) with agent 0 fixed (pbt 30/62, sel 1/16)
Training agent 2 (95) with agent 2 fixed (pbt 30/62, sel 2/16)
Training agent 2 (96) with agent 0 fixed (pbt 30/62, sel 3/16)
Training agent 3 (102) with agent 1 fixed (pbt 30/62, sel 4/16)
Training agent 0 (101) with agent 0 fixed (pbt 30/62, sel 5/16)
Training agent 4 (101) with agent 1 fixed (pbt 30/62, sel 6/16)
Training agent 1 (99) with agent 1 fixed (pbt 30/62, sel 7/16)
Training agent 4 (102) with agent 4 fixed (pbt 30/62, sel 8/16)
Training agent 2 (97) with agent 1 fixed (pbt 30/62, sel 9/16)
Training agent 4 (103) with agent 0 fixed (pbt 30/62, sel 10/16)
Training agent 0 (102) with agent 4 fixed (pbt 30/62, sel 11/16)
Training agent 3 (103) with agent 2 fixed (pbt 30/62, sel 12/16)
Training agent 4 (104) with agent 3 fixed (pbt 30/62, sel 13/16)
Training agent 0 (103) with agent 1 fixed (pbt 30/62, sel 14/16)
Training agent 4 (105) with agent 2 fixed (pbt 30/62, sel 15/16)
Training agent 2 (98) with agent 3 fixed (pbt 30/62, sel 16/16)
Evaluated agent 0 and 0: dense_per_step=0.5600
Evaluated agent 0 and 1: dense_per_step=0.5450
Evaluated agent 0 and 2: dense_per_step=0.5150
Evaluated agent 0 and 3: dense_per_step=0.5200
Evaluated agent 0 and 4: dense_per_step=0.5600
Evaluated agent 1 and 1: dense_per_step=0.5200
Evaluated agent 1 and 2: dense_per_step=0.5650
Evaluated agent 1 and 3: dense_per_step=0.5450
Evaluated agent 1 and 4: dense_per_step=0.5400
Evaluated agent 2 and 2: dense_per_step=0.4850
Evaluated agent 2 and 3: dense_per_step=0.5200
Evaluated agent 2 and 4: dense_per_step=0.5450
Evaluated agent 3 and 3: dense_per_step=0.5200
Evaluated agent 3 and 4: dense_per_step=0.5250
Evaluated agent 4 and 4: dense_per_step=0.5350
--> Saved PBT population member 0 at step 30 to checkpoints/pbt/asymm_advantages/baseline_seed_0_step_30.msgpack
Overwrote worst model 2 (0.5260) with best model 1 (0.5430); mutations={'UPDATE_EPOCHS': (4, 3, 0.75), 'ENT_COEF': (0.01, 0.0125, 1.25), 'VF_COEF': (0.5, 0.625, 1.25)}

PBT ITERATION NUM 31
Training agent 3 (104) with agent 1 fixed (pbt 31/62, sel 1/16)
Training agent 3 (105) with agent 0 fixed (pbt 31/62, sel 2/16)
Training agent 1 (100) with agent 0 fixed (pbt 31/62, sel 3/16)
Training agent 2 (100) with agent 4 fixed (pbt 31/62, sel 4/16)
Training agent 0 (104) with agent 2 fixed (pbt 31/62, sel 5/16)
Training agent 0 (105) with agent 4 fixed (pbt 31/62, sel 6/16)
Training agent 2 (101) with agent 2 fixed (pbt 31/62, sel 7/16)
Training agent 1 (101) with agent 2 fixed (pbt 31/62, sel 8/16)
Training agent 1 (102) with agent 3 fixed (pbt 31/62, sel 9/16)
Training agent 0 (106) with agent 0 fixed (pbt 31/62, sel 10/16)
Training agent 0 (107) with agent 3 fixed (pbt 31/62, sel 11/16)
Training agent 4 (106) with agent 4 fixed (pbt 31/62, sel 12/16)
Training agent 2 (102) with agent 3 fixed (pbt 31/62, sel 13/16)
Training agent 1 (103) with agent 1 fixed (pbt 31/62, sel 14/16)
Training agent 4 (107) with agent 0 fixed (pbt 31/62, sel 15/16)
Training agent 4 (108) with agent 2 fixed (pbt 31/62, sel 16/16)
Evaluated agent 0 and 0: dense_per_step=0.5450
Evaluated agent 0 and 1: dense_per_step=0.5600
Evaluated agent 0 and 2: dense_per_step=0.5200
Evaluated agent 0 and 3: dense_per_step=0.5700
Evaluated agent 0 and 4: dense_per_step=0.5200
Evaluated agent 1 and 1: dense_per_step=0.5250
Evaluated agent 1 and 2: dense_per_step=0.5450
Evaluated agent 1 and 3: dense_per_step=0.5750
Evaluated agent 1 and 4: dense_per_step=0.5000
Evaluated agent 2 and 2: dense_per_step=0.5600
Evaluated agent 2 and 3: dense_per_step=0.5550
Evaluated agent 2 and 4: dense_per_step=0.5400
Evaluated agent 3 and 3: dense_per_step=0.5250
Evaluated agent 3 and 4: dense_per_step=0.5550
Evaluated agent 4 and 4: dense_per_step=0.5400
--> Saved PBT population member 0 at step 31 to checkpoints/pbt/asymm_advantages/baseline_seed_0_step_31.msgpack
--> Saved PBT population member 3 at step 31 to checkpoints/pbt/asymm_advantages/baseline_seed_3_step_31.msgpack
Overwrote worst model 4 (0.5310) with best model 3 (0.5560); mutations={'GAE_LAMBDA': (0.9249999999999999, 0.8875, 0.75), 'CLIP_EPS': (0.25, 0.1875, 0.75), 'VF_COEF': (0.5, 0.375, 0.75)}

PBT ITERATION NUM 32
Training agent 1 (104) with agent 2 fixed (pbt 32/62, sel 1/16)
Training agent 2 (103) with agent 2 fixed (pbt 32/62, sel 2/16)
Training agent 3 (106) with agent 1 fixed (pbt 32/62, sel 3/16)
Training agent 4 (106) with agent 4 fixed (pbt 32/62, sel 4/16)
Training agent 1 (105) with agent 4 fixed (pbt 32/62, sel 5/16)
Training agent 3 (107) with agent 3 fixed (pbt 32/62, sel 6/16)
Training agent 0 (108) with agent 3 fixed (pbt 32/62, sel 7/16)
Training agent 0 (109) with agent 0 fixed (pbt 32/62, sel 8/16)
Training agent 2 (104) with agent 3 fixed (pbt 32/62, sel 9/16)
Training agent 2 (105) with agent 4 fixed (pbt 32/62, sel 10/16)
Training agent 0 (110) with agent 1 fixed (pbt 32/62, sel 11/16)
Training agent 3 (108) with agent 4 fixed (pbt 32/62, sel 12/16)
Training agent 1 (106) with agent 3 fixed (pbt 32/62, sel 13/16)
Training agent 2 (106) with agent 1 fixed (pbt 32/62, sel 14/16)
Training agent 0 (111) with agent 4 fixed (pbt 32/62, sel 15/16)
Training agent 4 (107) with agent 2 fixed (pbt 32/62, sel 16/16)
Evaluated agent 0 and 0: dense_per_step=0.5000
Evaluated agent 0 and 1: dense_per_step=0.5300
Evaluated agent 0 and 2: dense_per_step=0.5300
Evaluated agent 0 and 3: dense_per_step=0.4600
Evaluated agent 0 and 4: dense_per_step=0.5200
Evaluated agent 1 and 1: dense_per_step=0.5300
Evaluated agent 1 and 2: dense_per_step=0.5600
Evaluated agent 1 and 3: dense_per_step=0.5400
Evaluated agent 1 and 4: dense_per_step=0.5300
Evaluated agent 2 and 2: dense_per_step=0.5400
Evaluated agent 2 and 3: dense_per_step=0.5550
Evaluated agent 2 and 4: dense_per_step=0.5450
Evaluated agent 3 and 3: dense_per_step=0.5400
Evaluated agent 3 and 4: dense_per_step=0.5200
Evaluated agent 4 and 4: dense_per_step=0.5200
Overwrote worst model 0 (0.5080) with best model 2 (0.5460); mutations={'GAE_LAMBDA': (0.9249999999999999, 0.8875, 0.75), 'CLIP_EPS': (0.25, 0.1875, 0.75), 'VF_COEF': (0.625, 0.46875, 0.75)}

PBT ITERATION NUM 33
Training agent 1 (107) with agent 1 fixed (pbt 33/62, sel 1/16)
Training agent 4 (108) with agent 4 fixed (pbt 33/62, sel 2/16)
Training agent 1 (108) with agent 2 fixed (pbt 33/62, sel 3/16)
Training agent 4 (109) with agent 3 fixed (pbt 33/62, sel 4/16)
Training agent 0 (107) with agent 2 fixed (pbt 33/62, sel 5/16)
Training agent 1 (109) with agent 3 fixed (pbt 33/62, sel 6/16)
Training agent 3 (109) with agent 4 fixed (pbt 33/62, sel 7/16)
Training agent 3 (110) with agent 3 fixed (pbt 33/62, sel 8/16)
Training agent 2 (107) with agent 0 fixed (pbt 33/62, sel 9/16)
Training agent 2 (108) with agent 4 fixed (pbt 33/62, sel 10/16)
Training agent 0 (108) with agent 4 fixed (pbt 33/62, sel 11/16)
Training agent 3 (111) with agent 1 fixed (pbt 33/62, sel 12/16)
Training agent 2 (109) with agent 2 fixed (pbt 33/62, sel 13/16)
Training agent 4 (110) with agent 1 fixed (pbt 33/62, sel 14/16)
Training agent 3 (112) with agent 2 fixed (pbt 33/62, sel 15/16)
Training agent 4 (111) with agent 2 fixed (pbt 33/62, sel 16/16)
Evaluated agent 0 and 0: dense_per_step=0.5500
Evaluated agent 0 and 1: dense_per_step=0.5400
Evaluated agent 0 and 2: dense_per_step=0.5500
Evaluated agent 0 and 3: dense_per_step=0.5400
Evaluated agent 0 and 4: dense_per_step=0.5550
Evaluated agent 1 and 1: dense_per_step=0.5450
Evaluated agent 1 and 2: dense_per_step=0.5450
Evaluated agent 1 and 3: dense_per_step=0.4950
Evaluated agent 1 and 4: dense_per_step=0.5550
Evaluated agent 2 and 2: dense_per_step=0.5650
Evaluated agent 2 and 3: dense_per_step=0.5500
Evaluated agent 2 and 4: dense_per_step=0.5350
Evaluated agent 3 and 3: dense_per_step=0.5600
Evaluated agent 3 and 4: dense_per_step=0.5600
Evaluated agent 4 and 4: dense_per_step=0.5800
--> Saved PBT population member 0 at step 33 to checkpoints/pbt/asymm_advantages/baseline_seed_0_step_33.msgpack
--> Saved PBT population member 4 at step 33 to checkpoints/pbt/asymm_advantages/baseline_seed_4_step_33.msgpack
Overwrote worst model 1 (0.5360) with best model 4 (0.5570); mutations={'ENT_COEF': (0.01, 0.0075, 0.75)}

PBT ITERATION NUM 34
Training agent 1 (112) with agent 1 fixed (pbt 34/62, sel 1/16)
Training agent 2 (110) with agent 3 fixed (pbt 34/62, sel 2/16)
Training agent 1 (113) with agent 4 fixed (pbt 34/62, sel 3/16)
Training agent 4 (112) with agent 0 fixed (pbt 34/62, sel 4/16)
Training agent 4 (113) with agent 1 fixed (pbt 34/62, sel 5/16)
Training agent 4 (114) with agent 2 fixed (pbt 34/62, sel 6/16)
Training agent 1 (114) with agent 3 fixed (pbt 34/62, sel 7/16)
Training agent 0 (109) with agent 1 fixed (pbt 34/62, sel 8/16)
Training agent 0 (110) with agent 3 fixed (pbt 34/62, sel 9/16)
Training agent 2 (111) with agent 1 fixed (pbt 34/62, sel 10/16)
Training agent 3 (113) with agent 0 fixed (pbt 34/62, sel 11/16)
Training agent 2 (112) with agent 2 fixed (pbt 34/62, sel 12/16)
Training agent 1 (115) with agent 0 fixed (pbt 34/62, sel 13/16)
Training agent 1 (116) with agent 2 fixed (pbt 34/62, sel 14/16)
Training agent 3 (114) with agent 3 fixed (pbt 34/62, sel 15/16)
Training agent 0 (111) with agent 0 fixed (pbt 34/62, sel 16/16)
Evaluated agent 0 and 0: dense_per_step=0.5550
Evaluated agent 0 and 1: dense_per_step=0.5400
Evaluated agent 0 and 2: dense_per_step=0.5300
Evaluated agent 0 and 3: dense_per_step=0.5500
Evaluated agent 0 and 4: dense_per_step=0.5550
Evaluated agent 1 and 1: dense_per_step=0.5600
Evaluated agent 1 and 2: dense_per_step=0.5450
Evaluated agent 1 and 3: dense_per_step=0.4900
Evaluated agent 1 and 4: dense_per_step=0.5550
Evaluated agent 2 and 2: dense_per_step=0.5350
Evaluated agent 2 and 3: dense_per_step=0.5500
Evaluated agent 2 and 4: dense_per_step=0.5700
Evaluated agent 3 and 3: dense_per_step=0.5600
Evaluated agent 3 and 4: dense_per_step=0.5100
Evaluated agent 4 and 4: dense_per_step=0.4850
Overwrote worst model 3 (0.5320) with best model 2 (0.5460); mutations={}

PBT ITERATION NUM 35
Training agent 2 (113) with agent 1 fixed (pbt 35/62, sel 1/16)
Training agent 4 (115) with agent 3 fixed (pbt 35/62, sel 2/16)
Training agent 4 (116) with agent 0 fixed (pbt 35/62, sel 3/16)
Training agent 2 (114) with agent 4 fixed (pbt 35/62, sel 4/16)
Training agent 3 (113) with agent 3 fixed (pbt 35/62, sel 5/16)
Training agent 0 (112) with agent 2 fixed (pbt 35/62, sel 6/16)
Training agent 0 (113) with agent 3 fixed (pbt 35/62, sel 7/16)
Training agent 3 (114) with agent 4 fixed (pbt 35/62, sel 8/16)
Training agent 0 (114) with agent 4 fixed (pbt 35/62, sel 9/16)
Training agent 0 (115) with agent 0 fixed (pbt 35/62, sel 10/16)
Training agent 4 (117) with agent 2 fixed (pbt 35/62, sel 11/16)
Training agent 3 (115) with agent 2 fixed (pbt 35/62, sel 12/16)
Training agent 1 (117) with agent 0 fixed (pbt 35/62, sel 13/16)
Training agent 1 (118) with agent 1 fixed (pbt 35/62, sel 14/16)
Training agent 4 (118) with agent 4 fixed (pbt 35/62, sel 15/16)
Training agent 3 (116) with agent 0 fixed (pbt 35/62, sel 16/16)
Evaluated agent 0 and 0: dense_per_step=0.5450
Evaluated agent 0 and 1: dense_per_step=0.5650
Evaluated agent 0 and 2: dense_per_step=0.5450
Evaluated agent 0 and 3: dense_per_step=0.5450
Evaluated agent 0 and 4: dense_per_step=0.5200
Evaluated agent 1 and 1: dense_per_step=0.5150
Evaluated agent 1 and 2: dense_per_step=0.5300
Evaluated agent 1 and 3: dense_per_step=0.5750
Evaluated agent 1 and 4: dense_per_step=0.5450
Evaluated agent 2 and 2: dense_per_step=0.5600
Evaluated agent 2 and 3: dense_per_step=0.4950
Evaluated agent 2 and 4: dense_per_step=0.4800
Evaluated agent 3 and 3: dense_per_step=0.5700
Evaluated agent 3 and 4: dense_per_step=0.5600
Evaluated agent 4 and 4: dense_per_step=0.5500
Overwrote worst model 2 (0.5220) with best model 3 (0.5490); mutations={'ENT_COEF': (0.0125, 0.015625, 1.25)}

PBT ITERATION NUM 36
Training agent 3 (117) with agent 4 fixed (pbt 36/62, sel 1/16)
Training agent 2 (117) with agent 0 fixed (pbt 36/62, sel 2/16)
Training agent 4 (119) with agent 1 fixed (pbt 36/62, sel 3/16)
Training agent 1 (119) with agent 0 fixed (pbt 36/62, sel 4/16)
Training agent 3 (118) with agent 2 fixed (pbt 36/62, sel 5/16)
Training agent 4 (120) with agent 2 fixed (pbt 36/62, sel 6/16)
Training agent 1 (120) with agent 1 fixed (pbt 36/62, sel 7/16)
Training agent 3 (119) with agent 0 fixed (pbt 36/62, sel 8/16)
Training agent 2 (118) with agent 1 fixed (pbt 36/62, sel 9/16)
Training agent 1 (121) with agent 2 fixed (pbt 36/62, sel 10/16)
Training agent 2 (119) with agent 4 fixed (pbt 36/62, sel 11/16)
Training agent 0 (116) with agent 2 fixed (pbt 36/62, sel 12/16)
Training agent 0 (117) with agent 3 fixed (pbt 36/62, sel 13/16)
Training agent 4 (121) with agent 4 fixed (pbt 36/62, sel 14/16)
Training agent 2 (120) with agent 3 fixed (pbt 36/62, sel 15/16)
Training agent 4 (122) with agent 0 fixed (pbt 36/62, sel 16/16)
Evaluated agent 0 and 0: dense_per_step=0.5400
Evaluated agent 0 and 1: dense_per_step=0.5300
Evaluated agent 0 and 2: dense_per_step=0.5600
Evaluated agent 0 and 3: dense_per_step=0.5400
Evaluated agent 0 and 4: dense_per_step=0.5550
Evaluated agent 1 and 1: dense_per_step=0.5550
Evaluated agent 1 and 2: dense_per_step=0.5000
Evaluated agent 1 and 3: dense_per_step=0.5250
Evaluated agent 1 and 4: dense_per_step=0.5700
Evaluated agent 2 and 2: dense_per_step=0.5450
Evaluated agent 2 and 3: dense_per_step=0.5550
Evaluated agent 2 and 4: dense_per_step=0.5400
Evaluated agent 3 and 3: dense_per_step=0.5450
Evaluated agent 3 and 4: dense_per_step=0.5600
Evaluated agent 4 and 4: dense_per_step=0.5500
Overwrote worst model 1 (0.5360) with best model 4 (0.5550); mutations={'GAE_LAMBDA': (0.8875, 0.8312499999999999, 0.75), 'CLIP_EPS': (0.1875, 0.234375, 1.25)}

PBT ITERATION NUM 37
Training agent 2 (121) with agent 3 fixed (pbt 37/62, sel 1/16)
Training agent 0 (118) with agent 2 fixed (pbt 37/62, sel 2/16)
Training agent 0 (119) with agent 0 fixed (pbt 37/62, sel 3/16)
Training agent 4 (123) with agent 1 fixed (pbt 37/62, sel 4/16)
Training agent 2 (122) with agent 2 fixed (pbt 37/62, sel 5/16)
Training agent 3 (120) with agent 4 fixed (pbt 37/62, sel 6/16)
Training agent 1 (123) with agent 2 fixed (pbt 37/62, sel 7/16)
Training agent 2 (123) with agent 0 fixed (pbt 37/62, sel 8/16)
Training agent 0 (120) with agent 1 fixed (pbt 37/62, sel 9/16)
Training agent 1 (124) with agent 4 fixed (pbt 37/62, sel 10/16)
Training agent 0 (121) with agent 4 fixed (pbt 37/62, sel 11/16)
Training agent 2 (124) with agent 1 fixed (pbt 37/62, sel 12/16)
Training agent 4 (124) with agent 2 fixed (pbt 37/62, sel 13/16)
Training agent 3 (121) with agent 0 fixed (pbt 37/62, sel 14/16)
Training agent 4 (125) with agent 0 fixed (pbt 37/62, sel 15/16)
Training agent 3 (122) with agent 3 fixed (pbt 37/62, sel 16/16)
Evaluated agent 0 and 0: dense_per_step=0.5450
Evaluated agent 0 and 1: dense_per_step=0.5600
Evaluated agent 0 and 2: dense_per_step=0.5400
Evaluated agent 0 and 3: dense_per_step=0.5450
Evaluated agent 0 and 4: dense_per_step=0.5800
Evaluated agent 1 and 1: dense_per_step=0.5300
Evaluated agent 1 and 2: dense_per_step=0.5200
Evaluated agent 1 and 3: dense_per_step=0.5750
Evaluated agent 1 and 4: dense_per_step=0.5450
Evaluated agent 2 and 2: dense_per_step=0.5350
Evaluated agent 2 and 3: dense_per_step=0.5350
Evaluated agent 2 and 4: dense_per_step=0.5400
Evaluated agent 3 and 3: dense_per_step=0.5200
Evaluated agent 3 and 4: dense_per_step=0.5400
Evaluated agent 4 and 4: dense_per_step=0.5300
--> Saved PBT population member 0 at step 37 to checkpoints/pbt/asymm_advantages/baseline_seed_0_step_37.msgpack
Overwrote worst model 2 (0.5340) with best model 0 (0.5540); mutations={'LR': (0.00025, 0.0001875, 0.75), 'ENT_COEF': (0.0125, 0.015625, 1.25)}

PBT ITERATION NUM 38
Training agent 3 (123) with agent 2 fixed (pbt 38/62, sel 1/16)
Training agent 4 (126) with agent 1 fixed (pbt 38/62, sel 2/16)
Training agent 2 (122) with agent 2 fixed (pbt 38/62, sel 3/16)
Training agent 3 (124) with agent 4 fixed (pbt 38/62, sel 4/16)
Training agent 0 (122) with agent 3 fixed (pbt 38/62, sel 5/16)
Training agent 1 (125) with agent 0 fixed (pbt 38/62, sel 6/16)
Training agent 3 (125) with agent 3 fixed (pbt 38/62, sel 7/16)
Training agent 1 (126) with agent 1 fixed (pbt 38/62, sel 8/16)
Training agent 4 (127) with agent 2 fixed (pbt 38/62, sel 9/16)
Training agent 4 (128) with agent 0 fixed (pbt 38/62, sel 10/16)
Training agent 0 (123) with agent 0 fixed (pbt 38/62, sel 11/16)
Training agent 0 (124) with agent 2 fixed (pbt 38/62, sel 12/16)
Training agent 2 (123) with agent 0 fixed (pbt 38/62, sel 13/16)
Training agent 3 (126) with agent 0 fixed (pbt 38/62, sel 14/16)
Training agent 2 (124) with agent 3 fixed (pbt 38/62, sel 15/16)
Training agent 2 (125) with agent 4 fixed (pbt 38/62, sel 16/16)
Evaluated agent 0 and 0: dense_per_step=0.5400
Evaluated agent 0 and 1: dense_per_step=0.5350
Evaluated agent 0 and 2: dense_per_step=0.5400
Evaluated agent 0 and 3: dense_per_step=0.4900
Evaluated agent 0 and 4: dense_per_step=0.5150
Evaluated agent 1 and 1: dense_per_step=0.5300
Evaluated agent 1 and 2: dense_per_step=0.5550
Evaluated agent 1 and 3: dense_per_step=0.5500
Evaluated agent 1 and 4: dense_per_step=0.5850
Evaluated agent 2 and 2: dense_per_step=0.5500
Evaluated agent 2 and 3: dense_per_step=0.5500
Evaluated agent 2 and 4: dense_per_step=0.5650
Evaluated agent 3 and 3: dense_per_step=0.5300
Evaluated agent 3 and 4: dense_per_step=0.5450
Evaluated agent 4 and 4: dense_per_step=0.5500
--> Saved PBT population member 1 at step 38 to checkpoints/pbt/asymm_advantages/baseline_seed_1_step_38.msgpack
Overwrote worst model 0 (0.5240) with best model 4 (0.5520); mutations={'UPDATE_EPOCHS': (4, 5, 1.25), 'ENT_COEF': (0.01, 0.0125, 1.25)}

PBT ITERATION NUM 39
Training agent 3 (127) with agent 2 fixed (pbt 39/62, sel 1/16)
Training agent 2 (126) with agent 4 fixed (pbt 39/62, sel 2/16)
Training agent 2 (127) with agent 3 fixed (pbt 39/62, sel 3/16)
Training agent 3 (128) with agent 4 fixed (pbt 39/62, sel 4/16)
Training agent 0 (129) with agent 1 fixed (pbt 39/62, sel 5/16)
Training agent 0 (130) with agent 2 fixed (pbt 39/62, sel 6/16)
Training agent 2 (128) with agent 1 fixed (pbt 39/62, sel 7/16)
Training agent 1 (127) with agent 1 fixed (pbt 39/62, sel 8/16)
Training agent 0 (131) with agent 3 fixed (pbt 39/62, sel 9/16)
Training agent 1 (128) with agent 4 fixed (pbt 39/62, sel 10/16)
Training agent 4 (129) with agent 2 fixed (pbt 39/62, sel 11/16)
Training agent 0 (132) with agent 4 fixed (pbt 39/62, sel 12/16)
Training agent 4 (130) with agent 0 fixed (pbt 39/62, sel 13/16)
Training agent 1 (129) with agent 2 fixed (pbt 39/62, sel 14/16)
Training agent 1 (130) with agent 3 fixed (pbt 39/62, sel 15/16)
Training agent 4 (131) with agent 4 fixed (pbt 39/62, sel 16/16)
Evaluated agent 0 and 0: dense_per_step=0.5350
Evaluated agent 0 and 1: dense_per_step=0.5450
Evaluated agent 0 and 2: dense_per_step=0.5500
Evaluated agent 0 and 3: dense_per_step=0.5400
Evaluated agent 0 and 4: dense_per_step=0.5400
Evaluated agent 1 and 1: dense_per_step=0.5650
Evaluated agent 1 and 2: dense_per_step=0.5350
Evaluated agent 1 and 3: dense_per_step=0.5500
Evaluated agent 1 and 4: dense_per_step=0.5850
Evaluated agent 2 and 2: dense_per_step=0.4700
Evaluated agent 2 and 3: dense_per_step=0.5300
Evaluated agent 2 and 4: dense_per_step=0.5450
Evaluated agent 3 and 3: dense_per_step=0.5500
Evaluated agent 3 and 4: dense_per_step=0.5700
Evaluated agent 4 and 4: dense_per_step=0.5700
--> Saved PBT population member 1 at step 39 to checkpoints/pbt/asymm_advantages/baseline_seed_1_step_39.msgpack
--> Saved PBT population member 4 at step 39 to checkpoints/pbt/asymm_advantages/baseline_seed_4_step_39.msgpack
Overwrote worst model 2 (0.5260) with best model 4 (0.5620); mutations={'CLIP_EPS': (0.1875, 0.234375, 1.25), 'LR': (0.0003125, 0.000234375, 0.75), 'ENT_COEF': (0.01, 0.0075, 0.75)}

PBT ITERATION NUM 40
Training agent 0 (133) with agent 3 fixed (pbt 40/62, sel 1/16)
Training agent 2 (132) with agent 1 fixed (pbt 40/62, sel 2/16)
Training agent 3 (129) with agent 4 fixed (pbt 40/62, sel 3/16)
Training agent 1 (131) with agent 3 fixed (pbt 40/62, sel 4/16)
Training agent 0 (134) with agent 2 fixed (pbt 40/62, sel 5/16)
Training agent 4 (132) with agent 1 fixed (pbt 40/62, sel 6/16)
Training agent 0 (135) with agent 4 fixed (pbt 40/62, sel 7/16)
Training agent 1 (132) with agent 1 fixed (pbt 40/62, sel 8/16)
Training agent 3 (130) with agent 3 fixed (pbt 40/62, sel 9/16)
Training agent 0 (136) with agent 0 fixed (pbt 40/62, sel 10/16)
Training agent 3 (131) with agent 2 fixed (pbt 40/62, sel 11/16)
Training agent 3 (132) with agent 0 fixed (pbt 40/62, sel 12/16)
Training agent 2 (133) with agent 2 fixed (pbt 40/62, sel 13/16)
Training agent 2 (134) with agent 4 fixed (pbt 40/62, sel 14/16)
Training agent 4 (133) with agent 4 fixed (pbt 40/62, sel 15/16)
Training agent 4 (134) with agent 2 fixed (pbt 40/62, sel 16/16)
Evaluated agent 0 and 0: dense_per_step=0.5350
Evaluated agent 0 and 1: dense_per_step=0.5650
Evaluated agent 0 and 2: dense_per_step=0.5200
Evaluated agent 0 and 3: dense_per_step=0.5000
Evaluated agent 0 and 4: dense_per_step=0.5300
Evaluated agent 1 and 1: dense_per_step=0.5100
Evaluated agent 1 and 2: dense_per_step=0.5400
Evaluated agent 1 and 3: dense_per_step=0.5400
Evaluated agent 1 and 4: dense_per_step=0.5450
Evaluated agent 2 and 2: dense_per_step=0.5450
Evaluated agent 2 and 3: dense_per_step=0.5450
Evaluated agent 2 and 4: dense_per_step=0.5300
Evaluated agent 3 and 3: dense_per_step=0.4800
Evaluated agent 3 and 4: dense_per_step=0.5600
Evaluated agent 4 and 4: dense_per_step=0.5400
Overwrote worst model 3 (0.5250) with best model 4 (0.5410); mutations={'GAE_LAMBDA': (0.8875, 0.8312499999999999, 0.75), 'ENT_COEF': (0.01, 0.0075, 0.75)}

PBT ITERATION NUM 41
Training agent 2 (135) with agent 0 fixed (pbt 41/62, sel 1/16)
Training agent 2 (136) with agent 4 fixed (pbt 41/62, sel 2/16)
Training agent 0 (137) with agent 4 fixed (pbt 41/62, sel 3/16)
Training agent 4 (135) with agent 0 fixed (pbt 41/62, sel 4/16)
Training agent 2 (137) with agent 2 fixed (pbt 41/62, sel 5/16)
Training agent 1 (133) with agent 1 fixed (pbt 41/62, sel 6/16)
Training agent 2 (138) with agent 1 fixed (pbt 41/62, sel 7/16)
Training agent 3 (135) with agent 4 fixed (pbt 41/62, sel 8/16)
Training agent 0 (138) with agent 1 fixed (pbt 41/62, sel 9/16)
Training agent 3 (136) with agent 0 fixed (pbt 41/62, sel 10/16)
Training agent 0 (139) with agent 2 fixed (pbt 41/62, sel 11/16)
Training agent 3 (137) with agent 1 fixed (pbt 41/62, sel 12/16)
Training agent 3 (138) with agent 2 fixed (pbt 41/62, sel 13/16)
Training agent 4 (136) with agent 3 fixed (pbt 41/62, sel 14/16)
Training agent 0 (140) with agent 0 fixed (pbt 41/62, sel 15/16)
Training agent 1 (134) with agent 4 fixed (pbt 41/62, sel 16/16)
Evaluated agent 0 and 0: dense_per_step=0.5550
Evaluated agent 0 and 1: dense_per_step=0.5600
Evaluated agent 0 and 2: dense_per_step=0.5250
Evaluated agent 0 and 3: dense_per_step=0.5650
Evaluated agent 0 and 4: dense_per_step=0.5400
Evaluated agent 1 and 1: dense_per_step=0.5100
Evaluated agent 1 and 2: dense_per_step=0.5350
Evaluated agent 1 and 3: dense_per_step=0.5300
Evaluated agent 1 and 4: dense_per_step=0.5550
Evaluated agent 2 and 2: dense_per_step=0.5500
Evaluated agent 2 and 3: dense_per_step=0.5000
Evaluated agent 2 and 4: dense_per_step=0.5550
Evaluated agent 3 and 3: dense_per_step=0.4250
Evaluated agent 3 and 4: dense_per_step=0.2950
Evaluated agent 4 and 4: dense_per_step=0.5400
Overwrote worst model 3 (0.4630) with best model 0 (0.5490); mutations={'GAE_LAMBDA': (0.8875, 0.94375, 0.75), 'CLIP_EPS': (0.1875, 0.140625, 0.75), 'VF_COEF': (0.375, 0.46875, 1.25)}

PBT ITERATION NUM 42
Training agent 1 (135) with agent 2 fixed (pbt 42/62, sel 1/16)
Training agent 2 (139) with agent 3 fixed (pbt 42/62, sel 2/16)
Training agent 1 (136) with agent 3 fixed (pbt 42/62, sel 3/16)
Training agent 1 (137) with agent 4 fixed (pbt 42/62, sel 4/16)
Training agent 1 (138) with agent 0 fixed (pbt 42/62, sel 5/16)
Training agent 3 (141) with agent 1 fixed (pbt 42/62, sel 6/16)
Training agent 1 (139) with agent 1 fixed (pbt 42/62, sel 7/16)
Training agent 0 (141) with agent 4 fixed (pbt 42/62, sel 8/16)
Training agent 2 (140) with agent 0 fixed (pbt 42/62, sel 9/16)
Training agent 4 (137) with agent 4 fixed (pbt 42/62, sel 10/16)
Training agent 0 (142) with agent 3 fixed (pbt 42/62, sel 11/16)
Training agent 0 (143) with agent 0 fixed (pbt 42/62, sel 12/16)
Training agent 2 (141) with agent 2 fixed (pbt 42/62, sel 13/16)
Training agent 4 (138) with agent 1 fixed (pbt 42/62, sel 14/16)
Training agent 0 (144) with agent 2 fixed (pbt 42/62, sel 15/16)
Training agent 0 (145) with agent 1 fixed (pbt 42/62, sel 16/16)
Evaluated agent 0 and 0: dense_per_step=0.5200
Evaluated agent 0 and 1: dense_per_step=0.5550
Evaluated agent 0 and 2: dense_per_step=0.5350
Evaluated agent 0 and 3: dense_per_step=0.5600
Evaluated agent 0 and 4: dense_per_step=0.5800
Evaluated agent 1 and 1: dense_per_step=0.5550
Evaluated agent 1 and 2: dense_per_step=0.5400
Evaluated agent 1 and 3: dense_per_step=0.5050
Evaluated agent 1 and 4: dense_per_step=0.5400
Evaluated agent 2 and 2: dense_per_step=0.5400
Evaluated agent 2 and 3: dense_per_step=0.5650
Evaluated agent 2 and 4: dense_per_step=0.5600
Evaluated agent 3 and 3: dense_per_step=0.5400
Evaluated agent 3 and 4: dense_per_step=0.5550
Evaluated agent 4 and 4: dense_per_step=0.5550
Overwrote worst model 1 (0.5390) with best model 4 (0.5580); mutations={}

PBT ITERATION NUM 43
Training agent 0 (146) with agent 2 fixed (pbt 43/62, sel 1/16)
Training agent 3 (142) with agent 0 fixed (pbt 43/62, sel 2/16)
Training agent 2 (142) with agent 0 fixed (pbt 43/62, sel 3/16)
Training agent 0 (147) with agent 0 fixed (pbt 43/62, sel 4/16)
Training agent 0 (148) with agent 1 fixed (pbt 43/62, sel 5/16)
Training agent 4 (139) with agent 4 fixed (pbt 43/62, sel 6/16)
Training agent 1 (139) with agent 1 fixed (pbt 43/62, sel 7/16)
Training agent 0 (149) with agent 3 fixed (pbt 43/62, sel 8/16)
Training agent 3 (143) with agent 2 fixed (pbt 43/62, sel 9/16)
Training agent 1 (140) with agent 3 fixed (pbt 43/62, sel 10/16)
Training agent 2 (143) with agent 4 fixed (pbt 43/62, sel 11/16)
Training agent 4 (140) with agent 0 fixed (pbt 43/62, sel 12/16)
Training agent 3 (144) with agent 3 fixed (pbt 43/62, sel 13/16)
Training agent 2 (144) with agent 1 fixed (pbt 43/62, sel 14/16)
Training agent 1 (141) with agent 0 fixed (pbt 43/62, sel 15/16)
Training agent 3 (145) with agent 4 fixed (pbt 43/62, sel 16/16)
Evaluated agent 0 and 0: dense_per_step=0.5350
Evaluated agent 0 and 1: dense_per_step=0.5500
Evaluated agent 0 and 2: dense_per_step=0.5300
Evaluated agent 0 and 3: dense_per_step=0.5450
Evaluated agent 0 and 4: dense_per_step=0.5500
Evaluated agent 1 and 1: dense_per_step=0.5750
Evaluated agent 1 and 2: dense_per_step=0.5650
Evaluated agent 1 and 3: dense_per_step=0.5550
Evaluated agent 1 and 4: dense_per_step=0.5350
Evaluated agent 2 and 2: dense_per_step=0.5450
Evaluated agent 2 and 3: dense_per_step=0.5950
Evaluated agent 2 and 4: dense_per_step=0.5400
Evaluated agent 3 and 3: dense_per_step=0.5400
Evaluated agent 3 and 4: dense_per_step=0.5300
Evaluated agent 4 and 4: dense_per_step=0.5550
--> Saved PBT population member 2 at step 43 to checkpoints/pbt/asymm_advantages/baseline_seed_2_step_43.msgpack
Overwrote worst model 0 (0.5420) with best model 1 (0.5560); mutations={'LR': (0.0003125, 0.000390625, 1.25), 'UPDATE_EPOCHS': (4, 5, 1.25), 'ENT_COEF': (0.01, 0.0125, 1.25)}

PBT ITERATION NUM 44
Training agent 2 (145) with agent 1 fixed (pbt 44/62, sel 1/16)
Training agent 1 (142) with agent 0 fixed (pbt 44/62, sel 2/16)
Training agent 3 (146) with agent 3 fixed (pbt 44/62, sel 3/16)
Training agent 2 (146) with agent 0 fixed (pbt 44/62, sel 4/16)
Training agent 3 (147) with agent 4 fixed (pbt 44/62, sel 5/16)
Training agent 0 (142) with agent 3 fixed (pbt 44/62, sel 6/16)
Training agent 2 (147) with agent 3 fixed (pbt 44/62, sel 7/16)
Training agent 1 (143) with agent 1 fixed (pbt 44/62, sel 8/16)
Training agent 4 (141) with agent 1 fixed (pbt 44/62, sel 9/16)
Training agent 1 (144) with agent 3 fixed (pbt 44/62, sel 10/16)
Training agent 2 (148) with agent 2 fixed (pbt 44/62, sel 11/16)
Training agent 3 (148) with agent 0 fixed (pbt 44/62, sel 12/16)
Training agent 1 (145) with agent 2 fixed (pbt 44/62, sel 13/16)
Training agent 0 (143) with agent 4 fixed (pbt 44/62, sel 14/16)
Training agent 3 (149) with agent 2 fixed (pbt 44/62, sel 15/16)
Training agent 0 (144) with agent 1 fixed (pbt 44/62, sel 16/16)
Evaluated agent 0 and 0: dense_per_step=0.5650
Evaluated agent 0 and 1: dense_per_step=0.5300
Evaluated agent 0 and 2: dense_per_step=0.5550
Evaluated agent 0 and 3: dense_per_step=0.5600
Evaluated agent 0 and 4: dense_per_step=0.5550
Evaluated agent 1 and 1: dense_per_step=0.5500
Evaluated agent 1 and 2: dense_per_step=0.5650
Evaluated agent 1 and 3: dense_per_step=0.5200
Evaluated agent 1 and 4: dense_per_step=0.5400
Evaluated agent 2 and 2: dense_per_step=0.5450
Evaluated agent 2 and 3: dense_per_step=0.5400
Evaluated agent 2 and 4: dense_per_step=0.5500
Evaluated agent 3 and 3: dense_per_step=0.5250
Evaluated agent 3 and 4: dense_per_step=0.5150
Evaluated agent 4 and 4: dense_per_step=0.5250
Overwrote worst model 3 (0.5320) with best model 0 (0.5530); mutations={'GAE_LAMBDA': (0.8875, 0.94375, 1.25), 'UPDATE_EPOCHS': (5, 4, 0.75), 'ENT_COEF': (0.0125, 0.009375000000000001, 0.75)}

PBT ITERATION NUM 45
Training agent 2 (149) with agent 1 fixed (pbt 45/62, sel 1/16)
Training agent 4 (142) with agent 3 fixed (pbt 45/62, sel 2/16)
Training agent 1 (146) with agent 4 fixed (pbt 45/62, sel 3/16)
Training agent 2 (150) with agent 2 fixed (pbt 45/62, sel 4/16)
Training agent 2 (151) with agent 3 fixed (pbt 45/62, sel 5/16)
Training agent 1 (147) with agent 0 fixed (pbt 45/62, sel 6/16)
Training agent 0 (145) with agent 4 fixed (pbt 45/62, sel 7/16)
Training agent 0 (146) with agent 1 fixed (pbt 45/62, sel 8/16)
Training agent 3 (145) with agent 2 fixed (pbt 45/62, sel 9/16)
Training agent 3 (146) with agent 4 fixed (pbt 45/62, sel 10/16)
Training agent 4 (143) with agent 2 fixed (pbt 45/62, sel 11/16)
Training agent 4 (144) with agent 4 fixed (pbt 45/62, sel 12/16)
Training agent 4 (145) with agent 0 fixed (pbt 45/62, sel 13/16)
Training agent 0 (147) with agent 3 fixed (pbt 45/62, sel 14/16)
Training agent 2 (152) with agent 0 fixed (pbt 45/62, sel 15/16)
Training agent 4 (146) with agent 1 fixed (pbt 45/62, sel 16/16)
Evaluated agent 0 and 0: dense_per_step=0.5800
Evaluated agent 0 and 1: dense_per_step=0.5450
Evaluated agent 0 and 2: dense_per_step=0.5300
Evaluated agent 0 and 3: dense_per_step=0.5350
Evaluated agent 0 and 4: dense_per_step=0.5450
Evaluated agent 1 and 1: dense_per_step=0.5700
Evaluated agent 1 and 2: dense_per_step=0.5350
Evaluated agent 1 and 3: dense_per_step=0.5450
Evaluated agent 1 and 4: dense_per_step=0.5550
Evaluated agent 2 and 2: dense_per_step=0.4950
Evaluated agent 2 and 3: dense_per_step=0.5650
Evaluated agent 2 and 4: dense_per_step=0.5450
Evaluated agent 3 and 3: dense_per_step=0.5500
Evaluated agent 3 and 4: dense_per_step=0.5500
Evaluated agent 4 and 4: dense_per_step=0.5450
Overwrote worst model 2 (0.5340) with best model 1 (0.5500); mutations={'CLIP_EPS': (0.1875, 0.234375, 1.25)}

PBT ITERATION NUM 46
Training agent 4 (147) with agent 3 fixed (pbt 46/62, sel 1/16)
Training agent 1 (148) with agent 2 fixed (pbt 46/62, sel 2/16)
Training agent 1 (149) with agent 3 fixed (pbt 46/62, sel 3/16)
Training agent 4 (148) with agent 1 fixed (pbt 46/62, sel 4/16)
Training agent 3 (147) with agent 1 fixed (pbt 46/62, sel 5/16)
Training agent 1 (150) with agent 1 fixed (pbt 46/62, sel 6/16)
Training agent 0 (148) with agent 3 fixed (pbt 46/62, sel 7/16)
Training agent 2 (148) with agent 2 fixed (pbt 46/62, sel 8/16)
Training agent 4 (149) with agent 4 fixed (pbt 46/62, sel 9/16)
Training agent 2 (149) with agent 1 fixed (pbt 46/62, sel 10/16)
Training agent 0 (149) with agent 2 fixed (pbt 46/62, sel 11/16)
Training agent 1 (151) with agent 4 fixed (pbt 46/62, sel 12/16)
Training agent 2 (150) with agent 3 fixed (pbt 46/62, sel 13/16)
Training agent 0 (150) with agent 1 fixed (pbt 46/62, sel 14/16)
Training agent 4 (150) with agent 2 fixed (pbt 46/62, sel 15/16)
Training agent 3 (148) with agent 0 fixed (pbt 46/62, sel 16/16)
Evaluated agent 0 and 0: dense_per_step=0.5600
Evaluated agent 0 and 1: dense_per_step=0.5600
Evaluated agent 0 and 2: dense_per_step=0.5500
Evaluated agent 0 and 3: dense_per_step=0.5550
Evaluated agent 0 and 4: dense_per_step=0.5500
Evaluated agent 1 and 1: dense_per_step=0.5250
Evaluated agent 1 and 2: dense_per_step=0.5400
Evaluated agent 1 and 3: dense_per_step=0.5450
Evaluated agent 1 and 4: dense_per_step=0.5400
Evaluated agent 2 and 2: dense_per_step=0.5550
Evaluated agent 2 and 3: dense_per_step=0.5450
Evaluated agent 2 and 4: dense_per_step=0.5300
Evaluated agent 3 and 3: dense_per_step=0.5400
Evaluated agent 3 and 4: dense_per_step=0.4900
Evaluated agent 4 and 4: dense_per_step=0.5100
--> Saved PBT population member 0 at step 46 to checkpoints/pbt/asymm_advantages/baseline_seed_0_step_46.msgpack
Overwrote worst model 4 (0.5240) with best model 0 (0.5550); mutations={'ENT_COEF': (0.0125, 0.015625, 1.25)}

PBT ITERATION NUM 47
Training agent 3 (149) with agent 1 fixed (pbt 47/62, sel 1/16)
Training agent 4 (151) with agent 2 fixed (pbt 47/62, sel 2/16)
Training agent 2 (151) with agent 3 fixed (pbt 47/62, sel 3/16)
Training agent 1 (152) with agent 2 fixed (pbt 47/62, sel 4/16)
Training agent 0 (151) with agent 0 fixed (pbt 47/62, sel 5/16)
Training agent 0 (152) with agent 3 fixed (pbt 47/62, sel 6/16)
Training agent 3 (150) with agent 2 fixed (pbt 47/62, sel 7/16)
Training agent 4 (152) with agent 3 fixed (pbt 47/62, sel 8/16)
Training agent 1 (153) with agent 4 fixed (pbt 47/62, sel 9/16)
Training agent 3 (151) with agent 0 fixed (pbt 47/62, sel 10/16)
Training agent 0 (153) with agent 2 fixed (pbt 47/62, sel 11/16)
Training agent 0 (154) with agent 4 fixed (pbt 47/62, sel 12/16)
Training agent 1 (154) with agent 1 fixed (pbt 47/62, sel 13/16)
Training agent 1 (155) with agent 0 fixed (pbt 47/62, sel 14/16)
Training agent 3 (152) with agent 3 fixed (pbt 47/62, sel 15/16)
Training agent 4 (153) with agent 4 fixed (pbt 47/62, sel 16/16)
Evaluated agent 0 and 0: dense_per_step=0.5400
Evaluated agent 0 and 1: dense_per_step=0.5550
Evaluated agent 0 and 2: dense_per_step=0.5500
Evaluated agent 0 and 3: dense_per_step=0.5350
Evaluated agent 0 and 4: dense_per_step=0.5200
Evaluated agent 1 and 1: dense_per_step=0.5400
Evaluated agent 1 and 2: dense_per_step=0.5550
Evaluated agent 1 and 3: dense_per_step=0.5600
Evaluated agent 1 and 4: dense_per_step=0.5400
Evaluated agent 2 and 2: dense_per_step=0.5400
Evaluated agent 2 and 3: dense_per_step=0.5400
Evaluated agent 2 and 4: dense_per_step=0.4950
Evaluated agent 3 and 3: dense_per_step=0.5100
Evaluated agent 3 and 4: dense_per_step=0.5600
Evaluated agent 4 and 4: dense_per_step=0.5500
Overwrote worst model 4 (0.5330) with best model 1 (0.5500); mutations={'GAE_LAMBDA': (0.8875, 0.94375, 0.75), 'UPDATE_EPOCHS': (4, 5, 1.25)}

PBT ITERATION NUM 48
Training agent 2 (152) with agent 0 fixed (pbt 48/62, sel 1/16)
Training agent 1 (156) with agent 1 fixed (pbt 48/62, sel 2/16)
Training agent 2 (153) with agent 4 fixed (pbt 48/62, sel 3/16)
Training agent 2 (154) with agent 3 fixed (pbt 48/62, sel 4/16)
Training agent 1 (157) with agent 3 fixed (pbt 48/62, sel 5/16)
Training agent 4 (156) with agent 4 fixed (pbt 48/62, sel 6/16)
Training agent 4 (157) with agent 1 fixed (pbt 48/62, sel 7/16)
Training agent 4 (158) with agent 2 fixed (pbt 48/62, sel 8/16)
Training agent 0 (155) with agent 4 fixed (pbt 48/62, sel 9/16)
Training agent 0 (156) with agent 1 fixed (pbt 48/62, sel 10/16)
Training agent 3 (153) with agent 4 fixed (pbt 48/62, sel 11/16)
Training agent 0 (157) with agent 3 fixed (pbt 48/62, sel 12/16)
Training agent 1 (158) with agent 0 fixed (pbt 48/62, sel 13/16)
Training agent 2 (155) with agent 1 fixed (pbt 48/62, sel 14/16)
Training agent 2 (156) with agent 2 fixed (pbt 48/62, sel 15/16)
Training agent 1 (159) with agent 4 fixed (pbt 48/62, sel 16/16)
Evaluated agent 0 and 0: dense_per_step=0.5550
Evaluated agent 0 and 1: dense_per_step=0.5350
Evaluated agent 0 and 2: dense_per_step=0.5550
Evaluated agent 0 and 3: dense_per_step=0.5750
Evaluated agent 0 and 4: dense_per_step=0.5350
Evaluated agent 1 and 1: dense_per_step=0.5450
Evaluated agent 1 and 2: dense_per_step=0.5650
Evaluated agent 1 and 3: dense_per_step=0.5250
Evaluated agent 1 and 4: dense_per_step=0.5100
Evaluated agent 2 and 2: dense_per_step=0.5800
Evaluated agent 2 and 3: dense_per_step=0.5600
Evaluated agent 2 and 4: dense_per_step=0.5200
Evaluated agent 3 and 3: dense_per_step=0.5250
Evaluated agent 3 and 4: dense_per_step=0.5400
Evaluated agent 4 and 4: dense_per_step=0.5300
--> Saved PBT population member 2 at step 48 to checkpoints/pbt/asymm_advantages/baseline_seed_2_step_48.msgpack
Overwrote worst model 4 (0.5270) with best model 2 (0.5560); mutations={'UPDATE_EPOCHS': (4, 5, 1.25), 'ENT_COEF': (0.01, 0.0125, 1.25)}

PBT ITERATION NUM 49
Training agent 4 (157) with agent 4 fixed (pbt 49/62, sel 1/16)
Training agent 4 (158) with agent 2 fixed (pbt 49/62, sel 2/16)
Training agent 1 (160) with agent 4 fixed (pbt 49/62, sel 3/16)
Training agent 1 (161) with agent 0 fixed (pbt 49/62, sel 4/16)
Training agent 2 (157) with agent 1 fixed (pbt 49/62, sel 5/16)
Training agent 4 (159) with agent 3 fixed (pbt 49/62, sel 6/16)
Training agent 2 (158) with agent 3 fixed (pbt 49/62, sel 7/16)
Training agent 3 (154) with agent 2 fixed (pbt 49/62, sel 8/16)
Training agent 1 (162) with agent 2 fixed (pbt 49/62, sel 9/16)
Training agent 3 (155) with agent 1 fixed (pbt 49/62, sel 10/16)
Training agent 2 (159) with agent 0 fixed (pbt 49/62, sel 11/16)
Training agent 1 (163) with agent 3 fixed (pbt 49/62, sel 12/16)
Training agent 1 (164) with agent 1 fixed (pbt 49/62, sel 13/16)
Training agent 0 (158) with agent 3 fixed (pbt 49/62, sel 14/16)
Training agent 3 (156) with agent 0 fixed (pbt 49/62, sel 15/16)
Training agent 3 (157) with agent 4 fixed (pbt 49/62, sel 16/16)
Evaluated agent 0 and 0: dense_per_step=0.5450
Evaluated agent 0 and 1: dense_per_step=0.5600
Evaluated agent 0 and 2: dense_per_step=0.5550
Evaluated agent 0 and 3: dense_per_step=0.5550
Evaluated agent 0 and 4: dense_per_step=0.5300
Evaluated agent 1 and 1: dense_per_step=0.5300
Evaluated agent 1 and 2: dense_per_step=0.5550
Evaluated agent 1 and 3: dense_per_step=0.5750
Evaluated agent 1 and 4: dense_per_step=0.5450
Evaluated agent 2 and 2: dense_per_step=0.5500
Evaluated agent 2 and 3: dense_per_step=0.4800
Evaluated agent 2 and 4: dense_per_step=0.5600
Evaluated agent 3 and 3: dense_per_step=0.5600
Evaluated agent 3 and 4: dense_per_step=0.5400
Evaluated agent 4 and 4: dense_per_step=0.5400
Overwrote worst model 2 (0.5400) with best model 1 (0.5530); mutations={'LR': (0.0003125, 0.000390625, 1.25), 'ENT_COEF': (0.01, 0.0075, 0.75)}

PBT ITERATION NUM 50
Training agent 3 (158) with agent 4 fixed (pbt 50/62, sel 1/16)
Training agent 3 (159) with agent 1 fixed (pbt 50/62, sel 2/16)
Training agent 2 (165) with agent 4 fixed (pbt 50/62, sel 3/16)
Training agent 1 (165) with agent 0 fixed (pbt 50/62, sel 4/16)
Training agent 2 (166) with agent 2 fixed (pbt 50/62, sel 5/16)
Training agent 3 (160) with agent 2 fixed (pbt 50/62, sel 6/16)
Training agent 0 (159) with agent 3 fixed (pbt 50/62, sel 7/16)
Training agent 4 (160) with agent 4 fixed (pbt 50/62, sel 8/16)
Training agent 1 (166) with agent 3 fixed (pbt 50/62, sel 9/16)
Training agent 4 (161) with agent 1 fixed (pbt 50/62, sel 10/16)
Training agent 2 (167) with agent 1 fixed (pbt 50/62, sel 11/16)
Training agent 1 (167) with agent 2 fixed (pbt 50/62, sel 12/16)
Training agent 3 (161) with agent 3 fixed (pbt 50/62, sel 13/16)
Training agent 4 (162) with agent 3 fixed (pbt 50/62, sel 14/16)
Training agent 2 (168) with agent 3 fixed (pbt 50/62, sel 15/16)
Training agent 4 (163) with agent 2 fixed (pbt 50/62, sel 16/16)
Evaluated agent 0 and 0: dense_per_step=0.5550
Evaluated agent 0 and 1: dense_per_step=0.5400
Evaluated agent 0 and 2: dense_per_step=0.5450
Evaluated agent 0 and 3: dense_per_step=0.5200
Evaluated agent 0 and 4: dense_per_step=0.5300
Evaluated agent 1 and 1: dense_per_step=0.5450
Evaluated agent 1 and 2: dense_per_step=0.5550
Evaluated agent 1 and 3: dense_per_step=0.5500
Evaluated agent 1 and 4: dense_per_step=0.5450
Evaluated agent 2 and 2: dense_per_step=0.5500
Evaluated agent 2 and 3: dense_per_step=0.5350
Evaluated agent 2 and 4: dense_per_step=0.5500
Evaluated agent 3 and 3: dense_per_step=0.5350
Evaluated agent 3 and 4: dense_per_step=0.5350
Evaluated agent 4 and 4: dense_per_step=0.5400
Overwrote worst model 3 (0.5350) with best model 1 (0.5470); mutations={'GAE_LAMBDA': (0.8875, 0.8312499999999999, 1.25), 'UPDATE_EPOCHS': (4, 3, 0.75)}

PBT ITERATION NUM 51
Training agent 2 (169) with agent 4 fixed (pbt 51/62, sel 1/16)
Training agent 0 (160) with agent 2 fixed (pbt 51/62, sel 2/16)
Training agent 3 (168) with agent 2 fixed (pbt 51/62, sel 3/16)
Training agent 1 (168) with agent 2 fixed (pbt 51/62, sel 4/16)
Training agent 2 (170) with agent 3 fixed (pbt 51/62, sel 5/16)
Training agent 3 (169) with agent 3 fixed (pbt 51/62, sel 6/16)
Training agent 2 (171) with agent 1 fixed (pbt 51/62, sel 7/16)
Training agent 3 (170) with agent 4 fixed (pbt 51/62, sel 8/16)
Training agent 0 (161) with agent 0 fixed (pbt 51/62, sel 9/16)
Training agent 0 (162) with agent 1 fixed (pbt 51/62, sel 10/16)
Training agent 3 (171) with agent 0 fixed (pbt 51/62, sel 11/16)
Training agent 4 (164) with agent 0 fixed (pbt 51/62, sel 12/16)
Training agent 4 (165) with agent 2 fixed (pbt 51/62, sel 13/16)
Training agent 1 (169) with agent 3 fixed (pbt 51/62, sel 14/16)
Training agent 4 (166) with agent 4 fixed (pbt 51/62, sel 15/16)
Training agent 4 (167) with agent 3 fixed (pbt 51/62, sel 16/16)
Evaluated agent 0 and 0: dense_per_step=0.5050
Evaluated agent 0 and 1: dense_per_step=0.4700
Evaluated agent 0 and 2: dense_per_step=0.3850
Evaluated agent 0 and 3: dense_per_step=0.3550
Evaluated agent 0 and 4: dense_per_step=0.4000
Evaluated agent 1 and 1: dense_per_step=0.5300
Evaluated agent 1 and 2: dense_per_step=0.5500
Evaluated agent 1 and 3: dense_per_step=0.5550
Evaluated agent 1 and 4: dense_per_step=0.5500
Evaluated agent 2 and 2: dense_per_step=0.5600
Evaluated agent 2 and 3: dense_per_step=0.4950
Evaluated agent 2 and 4: dense_per_step=0.5450
Evaluated agent 3 and 3: dense_per_step=0.5500
Evaluated agent 3 and 4: dense_per_step=0.5400
Evaluated agent 4 and 4: dense_per_step=0.5550
Overwrote worst model 0 (0.4230) with best model 1 (0.5310); mutations={'UPDATE_EPOCHS': (4, 3, 0.75)}

PBT ITERATION NUM 52
Training agent 0 (170) with agent 3 fixed (pbt 52/62, sel 1/16)
Training agent 2 (172) with agent 3 fixed (pbt 52/62, sel 2/16)
Training agent 4 (168) with agent 3 fixed (pbt 52/62, sel 3/16)
Training agent 4 (169) with agent 4 fixed (pbt 52/62, sel 4/16)
Training agent 1 (170) with agent 3 fixed (pbt 52/62, sel 5/16)
Training agent 4 (170) with agent 2 fixed (pbt 52/62, sel 6/16)
Training agent 1 (171) with agent 1 fixed (pbt 52/62, sel 7/16)
Training agent 3 (172) with agent 1 fixed (pbt 52/62, sel 8/16)
Training agent 0 (171) with agent 4 fixed (pbt 52/62, sel 9/16)
Training agent 2 (173) with agent 2 fixed (pbt 52/62, sel 10/16)
Training agent 3 (173) with agent 2 fixed (pbt 52/62, sel 11/16)
Training agent 0 (172) with agent 2 fixed (pbt 52/62, sel 12/16)
Training agent 0 (173) with agent 1 fixed (pbt 52/62, sel 13/16)
Training agent 1 (172) with agent 0 fixed (pbt 52/62, sel 14/16)
Training agent 3 (174) with agent 0 fixed (pbt 52/62, sel 15/16)
Training agent 0 (174) with agent 0 fixed (pbt 52/62, sel 16/16)
Evaluated agent 0 and 0: dense_per_step=0.4050
Evaluated agent 0 and 1: dense_per_step=0.4850
Evaluated agent 0 and 2: dense_per_step=0.4950
Evaluated agent 0 and 3: dense_per_step=0.5800
Evaluated agent 0 and 4: dense_per_step=0.3850
Evaluated agent 1 and 1: dense_per_step=0.5100
Evaluated agent 1 and 2: dense_per_step=0.5300
Evaluated agent 1 and 3: dense_per_step=0.5550
Evaluated agent 1 and 4: dense_per_step=0.5550
Evaluated agent 2 and 2: dense_per_step=0.4950
Evaluated agent 2 and 3: dense_per_step=0.5500
Evaluated agent 2 and 4: dense_per_step=0.5500
Evaluated agent 3 and 3: dense_per_step=0.5450
Evaluated agent 3 and 4: dense_per_step=0.5200
Evaluated agent 4 and 4: dense_per_step=0.5550
Overwrote worst model 0 (0.4700) with best model 3 (0.5500); mutations={'LR': (0.0003125, 0.000390625, 1.25), 'UPDATE_EPOCHS': (3, 2, 0.75), 'ENT_COEF': (0.01, 0.0075, 0.75)}

PBT ITERATION NUM 53
Training agent 2 (174) with agent 0 fixed (pbt 53/62, sel 1/16)
Training agent 0 (175) with agent 3 fixed (pbt 53/62, sel 2/16)
Training agent 1 (173) with agent 3 fixed (pbt 53/62, sel 3/16)
Training agent 4 (171) with agent 2 fixed (pbt 53/62, sel 4/16)
Training agent 4 (172) with agent 1 fixed (pbt 53/62, sel 5/16)
Training agent 1 (174) with agent 1 fixed (pbt 53/62, sel 6/16)
Training agent 2 (175) with agent 1 fixed (pbt 53/62, sel 7/16)
Training agent 4 (173) with agent 0 fixed (pbt 53/62, sel 8/16)
Training agent 3 (175) with agent 2 fixed (pbt 53/62, sel 9/16)
Training agent 0 (176) with agent 1 fixed (pbt 53/62, sel 10/16)
Training agent 3 (176) with agent 4 fixed (pbt 53/62, sel 11/16)
Training agent 4 (174) with agent 3 fixed (pbt 53/62, sel 12/16)
Training agent 2 (176) with agent 3 fixed (pbt 53/62, sel 13/16)
Training agent 1 (175) with agent 0 fixed (pbt 53/62, sel 14/16)
Training agent 2 (177) with agent 2 fixed (pbt 53/62, sel 15/16)
Training agent 3 (177) with agent 0 fixed (pbt 53/62, sel 16/16)
Evaluated agent 0 and 0: dense_per_step=0.5750
Evaluated agent 0 and 1: dense_per_step=0.5500
Evaluated agent 0 and 2: dense_per_step=0.4700
Evaluated agent 0 and 3: dense_per_step=0.5400
Evaluated agent 0 and 4: dense_per_step=0.5600
Evaluated agent 1 and 1: dense_per_step=0.5200
Evaluated agent 1 and 2: dense_per_step=0.5400
Evaluated agent 1 and 3: dense_per_step=0.5400
Evaluated agent 1 and 4: dense_per_step=0.5550
Evaluated agent 2 and 2: dense_per_step=0.5450
Evaluated agent 2 and 3: dense_per_step=0.5600
Evaluated agent 2 and 4: dense_per_step=0.4550
Evaluated agent 3 and 3: dense_per_step=0.5400
Evaluated agent 3 and 4: dense_per_step=0.4950
Evaluated agent 4 and 4: dense_per_step=0.5500
Overwrote worst model 2 (0.5140) with best model 1 (0.5410); mutations={'GAE_LAMBDA': (0.8875, 0.94375, 0.75), 'ENT_COEF': (0.01, 0.0125, 1.25)}

PBT ITERATION NUM 54
Training agent 0 (177) with agent 1 fixed (pbt 54/62, sel 1/16)
Training agent 1 (176) with agent 2 fixed (pbt 54/62, sel 2/16)
Training agent 2 (176) with agent 1 fixed (pbt 54/62, sel 3/16)
Training agent 1 (177) with agent 4 fixed (pbt 54/62, sel 4/16)
Training agent 3 (178) with agent 1 fixed (pbt 54/62, sel 5/16)
Training agent 3 (179) with agent 3 fixed (pbt 54/62, sel 6/16)
Training agent 1 (178) with agent 3 fixed (pbt 54/62, sel 7/16)
Training agent 4 (175) with agent 4 fixed (pbt 54/62, sel 8/16)
Training agent 4 (176) with agent 1 fixed (pbt 54/62, sel 9/16)
Training agent 4 (177) with agent 3 fixed (pbt 54/62, sel 10/16)
Training agent 1 (179) with agent 1 fixed (pbt 54/62, sel 11/16)
Training agent 0 (178) with agent 4 fixed (pbt 54/62, sel 12/16)
Training agent 4 (178) with agent 0 fixed (pbt 54/62, sel 13/16)
Training agent 3 (180) with agent 2 fixed (pbt 54/62, sel 14/16)
Training agent 2 (177) with agent 3 fixed (pbt 54/62, sel 15/16)
Training agent 1 (180) with agent 0 fixed (pbt 54/62, sel 16/16)
Evaluated agent 0 and 0: dense_per_step=0.5400
Evaluated agent 0 and 1: dense_per_step=0.5500
Evaluated agent 0 and 2: dense_per_step=0.5400
Evaluated agent 0 and 3: dense_per_step=0.4950
Evaluated agent 0 and 4: dense_per_step=0.5750
Evaluated agent 1 and 1: dense_per_step=0.5550
Evaluated agent 1 and 2: dense_per_step=0.5650
Evaluated agent 1 and 3: dense_per_step=0.5300
Evaluated agent 1 and 4: dense_per_step=0.5650
Evaluated agent 2 and 2: dense_per_step=0.5500
Evaluated agent 2 and 3: dense_per_step=0.5500
Evaluated agent 2 and 4: dense_per_step=0.5500
Evaluated agent 3 and 3: dense_per_step=0.5350
Evaluated agent 3 and 4: dense_per_step=0.5550
Evaluated agent 4 and 4: dense_per_step=0.5650
Overwrote worst model 3 (0.5330) with best model 4 (0.5620); mutations={'GAE_LAMBDA': (0.8875, 0.8312499999999999, 1.25), 'UPDATE_EPOCHS': (5, 6, 1.25), 'ENT_COEF': (0.0125, 0.015625, 1.25)}

PBT ITERATION NUM 55
Training agent 0 (179) with agent 1 fixed (pbt 55/62, sel 1/16)
Training agent 3 (179) with agent 2 fixed (pbt 55/62, sel 2/16)
Training agent 1 (181) with agent 3 fixed (pbt 55/62, sel 3/16)
Training agent 2 (178) with agent 0 fixed (pbt 55/62, sel 4/16)
Training agent 4 (179) with agent 1 fixed (pbt 55/62, sel 5/16)
Training agent 1 (182) with agent 0 fixed (pbt 55/62, sel 6/16)
Training agent 0 (180) with agent 3 fixed (pbt 55/62, sel 7/16)
Training agent 2 (179) with agent 1 fixed (pbt 55/62, sel 8/16)
Training agent 3 (180) with agent 4 fixed (pbt 55/62, sel 9/16)
Training agent 1 (183) with agent 2 fixed (pbt 55/62, sel 10/16)
Training agent 4 (180) with agent 3 fixed (pbt 55/62, sel 11/16)
Training agent 1 (184) with agent 4 fixed (pbt 55/62, sel 12/16)
Training agent 4 (181) with agent 4 fixed (pbt 55/62, sel 13/16)
Training agent 0 (181) with agent 2 fixed (pbt 55/62, sel 14/16)
Training agent 1 (185) with agent 1 fixed (pbt 55/62, sel 15/16)
Training agent 2 (180) with agent 2 fixed (pbt 55/62, sel 16/16)
Evaluated agent 0 and 0: dense_per_step=0.5600
Evaluated agent 0 and 1: dense_per_step=0.5150
Evaluated agent 0 and 2: dense_per_step=0.5350
Evaluated agent 0 and 3: dense_per_step=0.5800
Evaluated agent 0 and 4: dense_per_step=0.5600
Evaluated agent 1 and 1: dense_per_step=0.5300
Evaluated agent 1 and 2: dense_per_step=0.5450
Evaluated agent 1 and 3: dense_per_step=0.5450
Evaluated agent 1 and 4: dense_per_step=0.5000
Evaluated agent 2 and 2: dense_per_step=0.5600
Evaluated agent 2 and 3: dense_per_step=0.5700
Evaluated agent 2 and 4: dense_per_step=0.5600
Evaluated agent 3 and 3: dense_per_step=0.5400
Evaluated agent 3 and 4: dense_per_step=0.5400
Evaluated agent 4 and 4: dense_per_step=0.5000
Overwrote worst model 1 (0.5270) with best model 3 (0.5550); mutations={}

PBT ITERATION NUM 56
Training agent 2 (181) with agent 0 fixed (pbt 56/62, sel 1/16)
Training agent 3 (181) with agent 3 fixed (pbt 56/62, sel 2/16)
Training agent 0 (182) with agent 1 fixed (pbt 56/62, sel 3/16)
Training agent 3 (182) with agent 0 fixed (pbt 56/62, sel 4/16)
Training agent 2 (182) with agent 1 fixed (pbt 56/62, sel 5/16)
Training agent 0 (183) with agent 0 fixed (pbt 56/62, sel 6/16)
Training agent 0 (184) with agent 4 fixed (pbt 56/62, sel 7/16)
Training agent 4 (182) with agent 0 fixed (pbt 56/62, sel 8/16)
Training agent 4 (183) with agent 4 fixed (pbt 56/62, sel 9/16)
Training agent 4 (184) with agent 2 fixed (pbt 56/62, sel 10/16)
Training agent 0 (185) with agent 3 fixed (pbt 56/62, sel 11/16)
Training agent 3 (183) with agent 4 fixed (pbt 56/62, sel 12/16)
Training agent 1 (181) with agent 3 fixed (pbt 56/62, sel 13/16)
Training agent 1 (182) with agent 1 fixed (pbt 56/62, sel 14/16)
Training agent 0 (186) with agent 2 fixed (pbt 56/62, sel 15/16)
Training agent 1 (183) with agent 4 fixed (pbt 56/62, sel 16/16)
Evaluated agent 0 and 0: dense_per_step=0.5300
Evaluated agent 0 and 1: dense_per_step=0.5500
Evaluated agent 0 and 2: dense_per_step=0.4700
Evaluated agent 0 and 3: dense_per_step=0.5200
Evaluated agent 0 and 4: dense_per_step=0.5050
Evaluated agent 1 and 1: dense_per_step=0.5400
Evaluated agent 1 and 2: dense_per_step=0.5550
Evaluated agent 1 and 3: dense_per_step=0.5550
Evaluated agent 1 and 4: dense_per_step=0.5300
Evaluated agent 2 and 2: dense_per_step=0.4800
Evaluated agent 2 and 3: dense_per_step=0.5500
Evaluated agent 2 and 4: dense_per_step=0.5700
Evaluated agent 3 and 3: dense_per_step=0.5500
Evaluated agent 3 and 4: dense_per_step=0.5000
Evaluated agent 4 and 4: dense_per_step=0.5700
Overwrote worst model 0 (0.5150) with best model 1 (0.5460); mutations={'LR': (0.0003125, 0.000390625, 1.25), 'ENT_COEF': (0.015625, 0.01953125, 1.25)}

PBT ITERATION NUM 57
Training agent 0 (184) with agent 4 fixed (pbt 57/62, sel 1/16)
Training agent 0 (185) with agent 3 fixed (pbt 57/62, sel 2/16)
Training agent 4 (185) with agent 4 fixed (pbt 57/62, sel 3/16)
Training agent 3 (184) with agent 2 fixed (pbt 57/62, sel 4/16)
Training agent 2 (183) with agent 0 fixed (pbt 57/62, sel 5/16)
Training agent 1 (184) with agent 1 fixed (pbt 57/62, sel 6/16)
Training agent 2 (184) with agent 1 fixed (pbt 57/62, sel 7/16)
Training agent 1 (185) with agent 4 fixed (pbt 57/62, sel 8/16)
Training agent 1 (186) with agent 0 fixed (pbt 57/62, sel 9/16)
Training agent 2 (185) with agent 4 fixed (pbt 57/62, sel 10/16)
Training agent 3 (185) with agent 4 fixed (pbt 57/62, sel 11/16)
Training agent 3 (186) with agent 3 fixed (pbt 57/62, sel 12/16)
Training agent 0 (186) with agent 1 fixed (pbt 57/62, sel 13/16)
Training agent 1 (187) with agent 2 fixed (pbt 57/62, sel 14/16)
Training agent 2 (186) with agent 2 fixed (pbt 57/62, sel 15/16)
Training agent 0 (187) with agent 0 fixed (pbt 57/62, sel 16/16)
Evaluated agent 0 and 0: dense_per_step=0.4800
Evaluated agent 0 and 1: dense_per_step=0.5550
Evaluated agent 0 and 2: dense_per_step=0.5550
Evaluated agent 0 and 3: dense_per_step=0.5200
Evaluated agent 0 and 4: dense_per_step=0.5450
Evaluated agent 1 and 1: dense_per_step=0.5500
Evaluated agent 1 and 2: dense_per_step=0.5650
Evaluated agent 1 and 3: dense_per_step=0.5400
Evaluated agent 1 and 4: dense_per_step=0.5250
Evaluated agent 2 and 2: dense_per_step=0.4250
Evaluated agent 2 and 3: dense_per_step=0.5500
Evaluated agent 2 and 4: dense_per_step=0.5350
Evaluated agent 3 and 3: dense_per_step=0.5350
Evaluated agent 3 and 4: dense_per_step=0.5350
Evaluated agent 4 and 4: dense_per_step=0.5250
Overwrote worst model 2 (0.5260) with best model 1 (0.5470); mutations={'CLIP_EPS': (0.234375, 0.17578125, 0.75), 'LR': (0.0003125, 0.000390625, 1.25)}

PBT ITERATION NUM 58
Training agent 3 (187) with agent 0 fixed (pbt 58/62, sel 1/16)
Training agent 4 (186) with agent 2 fixed (pbt 58/62, sel 2/16)
Training agent 2 (188) with agent 2 fixed (pbt 58/62, sel 3/16)
Training agent 3 (188) with agent 1 fixed (pbt 58/62, sel 4/16)
Training agent 1 (188) with agent 3 fixed (pbt 58/62, sel 5/16)
Training agent 0 (188) with agent 2 fixed (pbt 58/62, sel 6/16)
Training agent 3 (189) with agent 4 fixed (pbt 58/62, sel 7/16)
Training agent 2 (189) with agent 4 fixed (pbt 58/62, sel 8/16)
Training agent 4 (187) with agent 1 fixed (pbt 58/62, sel 9/16)
Training agent 1 (189) with agent 0 fixed (pbt 58/62, sel 10/16)
Training agent 2 (190) with agent 1 fixed (pbt 58/62, sel 11/16)
Training agent 1 (190) with agent 2 fixed (pbt 58/62, sel 12/16)
Training agent 2 (191) with agent 3 fixed (pbt 58/62, sel 13/16)
Training agent 0 (189) with agent 0 fixed (pbt 58/62, sel 14/16)
Training agent 3 (190) with agent 2 fixed (pbt 58/62, sel 15/16)
Training agent 0 (190) with agent 1 fixed (pbt 58/62, sel 16/16)
Evaluated agent 0 and 0: dense_per_step=0.5350
Evaluated agent 0 and 1: dense_per_step=0.4400
Evaluated agent 0 and 2: dense_per_step=0.5750
Evaluated agent 0 and 3: dense_per_step=0.5400
Evaluated agent 0 and 4: dense_per_step=0.5250
Evaluated agent 1 and 1: dense_per_step=0.5650
Evaluated agent 1 and 2: dense_per_step=0.5400
Evaluated agent 1 and 3: dense_per_step=0.5350
Evaluated agent 1 and 4: dense_per_step=0.5600
Evaluated agent 2 and 2: dense_per_step=0.5500
Evaluated agent 2 and 3: dense_per_step=0.5500
Evaluated agent 2 and 4: dense_per_step=0.5300
Evaluated agent 3 and 3: dense_per_step=0.5150
Evaluated agent 3 and 4: dense_per_step=0.5400
Evaluated agent 4 and 4: dense_per_step=0.5350
Overwrote worst model 0 (0.5230) with best model 2 (0.5490); mutations={}

PBT ITERATION NUM 59
Training agent 2 (192) with agent 0 fixed (pbt 59/62, sel 1/16)
Training agent 2 (193) with agent 3 fixed (pbt 59/62, sel 2/16)
Training agent 4 (188) with agent 3 fixed (pbt 59/62, sel 3/16)
Training agent 3 (191) with agent 2 fixed (pbt 59/62, sel 4/16)
Training agent 0 (192) with agent 1 fixed (pbt 59/62, sel 5/16)
Training agent 3 (192) with agent 0 fixed (pbt 59/62, sel 6/16)
Training agent 3 (193) with agent 3 fixed (pbt 59/62, sel 7/16)
Training agent 0 (193) with agent 0 fixed (pbt 59/62, sel 8/16)
Training agent 4 (189) with agent 1 fixed (pbt 59/62, sel 9/16)
Training agent 1 (191) with agent 2 fixed (pbt 59/62, sel 10/16)
Training agent 4 (190) with agent 2 fixed (pbt 59/62, sel 11/16)
Training agent 1 (192) with agent 0 fixed (pbt 59/62, sel 12/16)
Training agent 2 (194) with agent 1 fixed (pbt 59/62, sel 13/16)
Training agent 0 (194) with agent 2 fixed (pbt 59/62, sel 14/16)
Training agent 1 (193) with agent 4 fixed (pbt 59/62, sel 15/16)
Training agent 1 (194) with agent 1 fixed (pbt 59/62, sel 16/16)
Evaluated agent 0 and 0: dense_per_step=0.5500
Evaluated agent 0 and 1: dense_per_step=0.5250
Evaluated agent 0 and 2: dense_per_step=0.5900
Evaluated agent 0 and 3: dense_per_step=0.5550
Evaluated agent 0 and 4: dense_per_step=0.5450
Evaluated agent 1 and 1: dense_per_step=0.5350
Evaluated agent 1 and 2: dense_per_step=0.5750
Evaluated agent 1 and 3: dense_per_step=0.5500
Evaluated agent 1 and 4: dense_per_step=0.5450
Evaluated agent 2 and 2: dense_per_step=0.5500
Evaluated agent 2 and 3: dense_per_step=0.5750
Evaluated agent 2 and 4: dense_per_step=0.5650
Evaluated agent 3 and 3: dense_per_step=0.5600
Evaluated agent 3 and 4: dense_per_step=0.5450
Evaluated agent 4 and 4: dense_per_step=0.5450
--> Saved PBT population member 2 at step 59 to checkpoints/pbt/asymm_advantages/baseline_seed_2_step_59.msgpack
--> Saved PBT population member 3 at step 59 to checkpoints/pbt/asymm_advantages/baseline_seed_3_step_59.msgpack
Overwrote worst model 1 (0.5460) with best model 2 (0.5710); mutations={'GAE_LAMBDA': (0.8312499999999999, 0.9156249999999999, 1.25)}

PBT ITERATION NUM 60
Training agent 0 (195) with agent 3 fixed (pbt 60/62, sel 1/16)
Training agent 4 (191) with agent 1 fixed (pbt 60/62, sel 2/16)
Training agent 4 (192) with agent 0 fixed (pbt 60/62, sel 3/16)
Training agent 4 (193) with agent 4 fixed (pbt 60/62, sel 4/16)
Training agent 2 (195) with agent 2 fixed (pbt 60/62, sel 5/16)
Training agent 0 (196) with agent 0 fixed (pbt 60/62, sel 6/16)
Training agent 1 (195) with agent 0 fixed (pbt 60/62, sel 7/16)
Training agent 0 (197) with agent 2 fixed (pbt 60/62, sel 8/16)
Training agent 3 (194) with agent 2 fixed (pbt 60/62, sel 9/16)
Training agent 4 (194) with agent 3 fixed (pbt 60/62, sel 10/16)
Training agent 2 (196) with agent 3 fixed (pbt 60/62, sel 11/16)
Training agent 1 (196) with agent 1 fixed (pbt 60/62, sel 12/16)
Training agent 0 (198) with agent 4 fixed (pbt 60/62, sel 13/16)
Training agent 3 (195) with agent 3 fixed (pbt 60/62, sel 14/16)
Training agent 3 (196) with agent 0 fixed (pbt 60/62, sel 15/16)
Training agent 0 (199) with agent 1 fixed (pbt 60/62, sel 16/16)
Evaluated agent 0 and 0: dense_per_step=0.5850
Evaluated agent 0 and 1: dense_per_step=0.5250
Evaluated agent 0 and 2: dense_per_step=0.5450
Evaluated agent 0 and 3: dense_per_step=0.5550
Evaluated agent 0 and 4: dense_per_step=0.5350
Evaluated agent 1 and 1: dense_per_step=0.5400
Evaluated agent 1 and 2: dense_per_step=0.5300
Evaluated agent 1 and 3: dense_per_step=0.5500
Evaluated agent 1 and 4: dense_per_step=0.5250
Evaluated agent 2 and 2: dense_per_step=0.5650
Evaluated agent 2 and 3: dense_per_step=0.5500
Evaluated agent 2 and 4: dense_per_step=0.5600
Evaluated agent 3 and 3: dense_per_step=0.5550
Evaluated agent 3 and 4: dense_per_step=0.5450
Evaluated agent 4 and 4: dense_per_step=0.5700
Overwrote worst model 1 (0.5340) with best model 3 (0.5510); mutations={'GAE_LAMBDA': (0.8312499999999999, 0.9156249999999999, 0.75), 'CLIP_EPS': (0.234375, 0.29296875, 1.25), 'ENT_COEF': (0.015625, 0.01953125, 1.25)}

PBT ITERATION NUM 61
Training agent 2 (197) with agent 0 fixed (pbt 61/62, sel 1/16)
Training agent 4 (195) with agent 2 fixed (pbt 61/62, sel 2/16)
Training agent 2 (198) with agent 4 fixed (pbt 61/62, sel 3/16)
Training agent 0 (200) with agent 0 fixed (pbt 61/62, sel 4/16)
Training agent 3 (197) with agent 2 fixed (pbt 61/62, sel 5/16)
Training agent 3 (198) with agent 0 fixed (pbt 61/62, sel 6/16)
Training agent 4 (196) with agent 1 fixed (pbt 61/62, sel 7/16)
Training agent 2 (199) with agent 3 fixed (pbt 61/62, sel 8/16)
Training agent 4 (197) with agent 3 fixed (pbt 61/62, sel 9/16)
Training agent 0 (201) with agent 3 fixed (pbt 61/62, sel 10/16)
Training agent 0 (202) with agent 4 fixed (pbt 61/62, sel 11/16)
Training agent 3 (199) with agent 3 fixed (pbt 61/62, sel 12/16)
Training agent 0 (203) with agent 2 fixed (pbt 61/62, sel 13/16)
Training agent 1 (197) with agent 0 fixed (pbt 61/62, sel 14/16)
Training agent 2 (200) with agent 2 fixed (pbt 61/62, sel 15/16)
Training agent 1 (198) with agent 3 fixed (pbt 61/62, sel 16/16)
Evaluated agent 0 and 0: dense_per_step=0.5650
Evaluated agent 0 and 1: dense_per_step=0.5450
Evaluated agent 0 and 2: dense_per_step=0.4850
Evaluated agent 0 and 3: dense_per_step=0.5350
Evaluated agent 0 and 4: dense_per_step=0.5650
Evaluated agent 1 and 1: dense_per_step=0.5600
Evaluated agent 1 and 2: dense_per_step=0.5150
Evaluated agent 1 and 3: dense_per_step=0.5650
Evaluated agent 1 and 4: dense_per_step=0.5600
Evaluated agent 2 and 2: dense_per_step=0.5700
Evaluated agent 2 and 3: dense_per_step=0.5550
Evaluated agent 2 and 4: dense_per_step=0.5450
Evaluated agent 3 and 3: dense_per_step=0.5350
Evaluated agent 3 and 4: dense_per_step=0.5700
Evaluated agent 4 and 4: dense_per_step=0.5300
Overwrote worst model 2 (0.5340) with best model 4 (0.5540); mutations={'GAE_LAMBDA': (0.8875, 0.8312499999999999, 0.75), 'CLIP_EPS': (0.234375, 0.29296875, 1.25), 'UPDATE_EPOCHS': (5, 6, 1.25), 'ENT_COEF': (0.0125, 0.015625, 1.25)}

PBT ITERATION NUM 62
Training agent 2 (198) with agent 2 fixed (pbt 62/62, sel 1/16)
Training agent 3 (200) with agent 4 fixed (pbt 62/62, sel 2/16)
Training agent 2 (199) with agent 1 fixed (pbt 62/62, sel 3/16)
Training agent 4 (198) with agent 4 fixed (pbt 62/62, sel 4/16)
Training agent 1 (199) with agent 0 fixed (pbt 62/62, sel 5/16)
Training agent 1 (200) with agent 4 fixed (pbt 62/62, sel 6/16)
Training agent 3 (201) with agent 3 fixed (pbt 62/62, sel 7/16)
Training agent 4 (199) with agent 1 fixed (pbt 62/62, sel 8/16)
Training agent 4 (200) with agent 0 fixed (pbt 62/62, sel 9/16)
Training agent 0 (204) with agent 1 fixed (pbt 62/62, sel 10/16)
Training agent 2 (200) with agent 0 fixed (pbt 62/62, sel 11/16)
Training agent 1 (201) with agent 3 fixed (pbt 62/62, sel 12/16)
Training agent 1 (202) with agent 2 fixed (pbt 62/62, sel 13/16)
Training agent 0 (205) with agent 3 fixed (pbt 62/62, sel 14/16)
Training agent 2 (201) with agent 3 fixed (pbt 62/62, sel 15/16)
Training agent 0 (206) with agent 0 fixed (pbt 62/62, sel 16/16)
Evaluated agent 0 and 0: dense_per_step=0.5550
Evaluated agent 0 and 1: dense_per_step=0.5300
Evaluated agent 0 and 2: dense_per_step=0.5300
Evaluated agent 0 and 3: dense_per_step=0.5450
Evaluated agent 0 and 4: dense_per_step=0.5700
Evaluated agent 1 and 1: dense_per_step=0.5700
Evaluated agent 1 and 2: dense_per_step=0.5650
Evaluated agent 1 and 3: dense_per_step=0.5650
Evaluated agent 1 and 4: dense_per_step=0.5400
Evaluated agent 2 and 2: dense_per_step=0.5550
Evaluated agent 2 and 3: dense_per_step=0.5250
Evaluated agent 2 and 4: dense_per_step=0.5300
Evaluated agent 3 and 3: dense_per_step=0.5700
Evaluated agent 3 and 4: dense_per_step=0.5400
Evaluated agent 4 and 4: dense_per_step=0.5500
Final PBT iteration complete; skipped exploit so final population checkpoints are not duplicated by a last copy.
--> Saved PBT population member 0 at step 62 to checkpoints/pbt/asymm_advantages/baseline_seed_0_step_62.msgpack
--> Saved PBT population member 1 at step 62 to checkpoints/pbt/asymm_advantages/baseline_seed_1_step_62.msgpack
--> Saved PBT population member 2 at step 62 to checkpoints/pbt/asymm_advantages/baseline_seed_2_step_62.msgpack
--> Saved PBT population member 3 at step 62 to checkpoints/pbt/asymm_advantages/baseline_seed_3_step_62.msgpack
--> Saved PBT population member 4 at step 62 to checkpoints/pbt/asymm_advantages/baseline_seed_4_step_62.msgpack
[1;34mwandb[0m: 
[1;34mwandb[0m: 🚀 View run [33mpbt_obsfront_asymm_advantages[0m at: [34mhttps://wandb.ai/maytusp/oc-extended/runs/vtorv41m[0m
[1;34mwandb[0m: Find logs at: [1;35m../../../../../../../../net/scratch/n70579mp/tom/JaxMARL/wandb/run-20260706_094521-vtorv41m/logs[0m
Importing submoduled environments...
Submoduled environments not found. Skipping import.
wandb: [wandb.login()] Loaded credentials for https://api.wandb.ai from /mnt/iusers01/fatpou01/compsci01/n70579mp/.netrc.
wandb: Currently logged in as: maytusp to https://api.wandb.ai. Use `wandb login --relogin` to force relogin
wandb: setting up run irxsjqmd
wandb: Tracking run with wandb version 0.27.2
wandb: Run data is saved locally in /net/scratch/n70579mp/tom/JaxMARL/wandb/run-20260706_131038-irxsjqmd
wandb: Run `wandb offline` to turn off syncing.
wandb: Syncing run pbt_obsfront_forced_coord
wandb: ⭐️ View project at https://wandb.ai/maytusp/oc-extended
wandb: 🚀 View run at https://wandb.ai/maytusp/oc-extended/runs/irxsjqmd
PBT iterations: 62 (target per-agent steps=40000000)

PBT ITERATION NUM 1
Training agent 3 (1) with agent 2 fixed (pbt 1/62, sel 1/16)
Training agent 0 (1) with agent 0 fixed (pbt 1/62, sel 2/16)
Training agent 2 (1) with agent 1 fixed (pbt 1/62, sel 3/16)
Training agent 2 (2) with agent 3 fixed (pbt 1/62, sel 4/16)
Training agent 4 (1) with agent 4 fixed (pbt 1/62, sel 5/16)
Training agent 2 (3) with agent 2 fixed (pbt 1/62, sel 6/16)
Training agent 4 (2) with agent 3 fixed (pbt 1/62, sel 7/16)
Training agent 1 (1) with agent 4 fixed (pbt 1/62, sel 8/16)
Training agent 4 (3) with agent 0 fixed (pbt 1/62, sel 9/16)
Training agent 1 (2) with agent 0 fixed (pbt 1/62, sel 10/16)
Training agent 0 (2) with agent 2 fixed (pbt 1/62, sel 11/16)
Training agent 4 (4) with agent 1 fixed (pbt 1/62, sel 12/16)
Training agent 2 (4) with agent 0 fixed (pbt 1/62, sel 13/16)
Training agent 3 (2) with agent 4 fixed (pbt 1/62, sel 14/16)
Training agent 0 (3) with agent 3 fixed (pbt 1/62, sel 15/16)
Training agent 3 (3) with agent 3 fixed (pbt 1/62, sel 16/16)
Evaluated agent 0 and 0: dense_per_step=0.0729
Evaluated agent 0 and 1: dense_per_step=0.0674
Evaluated agent 0 and 2: dense_per_step=0.0721
Evaluated agent 0 and 3: dense_per_step=0.0666
Evaluated agent 0 and 4: dense_per_step=0.0725
Evaluated agent 1 and 1: dense_per_step=0.0625
Evaluated agent 1 and 2: dense_per_step=0.0693
Evaluated agent 1 and 3: dense_per_step=0.0749
Evaluated agent 1 and 4: dense_per_step=0.0464
Evaluated agent 2 and 2: dense_per_step=0.0548
Evaluated agent 2 and 3: dense_per_step=0.0459
Evaluated agent 2 and 4: dense_per_step=0.1167
Evaluated agent 3 and 3: dense_per_step=0.0716
Evaluated agent 3 and 4: dense_per_step=0.0697
Evaluated agent 4 and 4: dense_per_step=0.0671
--> Saved PBT population member 0 at step 1 to checkpoints/pbt/forced_coord/baseline_seed_0_step_1.msgpack
--> Saved PBT population member 1 at step 1 to checkpoints/pbt/forced_coord/baseline_seed_1_step_1.msgpack
--> Saved PBT population member 2 at step 1 to checkpoints/pbt/forced_coord/baseline_seed_2_step_1.msgpack
--> Saved PBT population member 3 at step 1 to checkpoints/pbt/forced_coord/baseline_seed_3_step_1.msgpack
--> Saved PBT population member 4 at step 1 to checkpoints/pbt/forced_coord/baseline_seed_4_step_1.msgpack
Overwrote worst model 1 (0.0641) with best model 4 (0.0745); mutations={'UPDATE_EPOCHS': (4, 5, 1.25)}

PBT ITERATION NUM 2
Training agent 1 (5) with agent 1 fixed (pbt 2/62, sel 1/16)
Training agent 3 (4) with agent 3 fixed (pbt 2/62, sel 2/16)
Training agent 3 (5) with agent 1 fixed (pbt 2/62, sel 3/16)
Training agent 1 (6) with agent 3 fixed (pbt 2/62, sel 4/16)
Training agent 1 (7) with agent 2 fixed (pbt 2/62, sel 5/16)
Training agent 4 (5) with agent 1 fixed (pbt 2/62, sel 6/16)
Training agent 3 (6) with agent 2 fixed (pbt 2/62, sel 7/16)
Training agent 4 (6) with agent 2 fixed (pbt 2/62, sel 8/16)
Training agent 1 (8) with agent 4 fixed (pbt 2/62, sel 9/16)
Training agent 0 (4) with agent 3 fixed (pbt 2/62, sel 10/16)
Training agent 0 (5) with agent 0 fixed (pbt 2/62, sel 11/16)
Training agent 3 (7) with agent 4 fixed (pbt 2/62, sel 12/16)
Training agent 0 (6) with agent 2 fixed (pbt 2/62, sel 13/16)
Training agent 4 (7) with agent 3 fixed (pbt 2/62, sel 14/16)
Training agent 4 (8) with agent 4 fixed (pbt 2/62, sel 15/16)
Training agent 2 (5) with agent 1 fixed (pbt 2/62, sel 16/16)
Evaluated agent 0 and 0: dense_per_step=0.0803
Evaluated agent 0 and 1: dense_per_step=0.0444
Evaluated agent 0 and 2: dense_per_step=0.0880
Evaluated agent 0 and 3: dense_per_step=0.0597
Evaluated agent 0 and 4: dense_per_step=0.0872
Evaluated agent 1 and 1: dense_per_step=0.0767
Evaluated agent 1 and 2: dense_per_step=0.0872
Evaluated agent 1 and 3: dense_per_step=0.0681
Evaluated agent 1 and 4: dense_per_step=0.0568
Evaluated agent 2 and 2: dense_per_step=0.0523
Evaluated agent 2 and 3: dense_per_step=0.0770
Evaluated agent 2 and 4: dense_per_step=0.0477
Evaluated agent 3 and 3: dense_per_step=0.0796
Evaluated agent 3 and 4: dense_per_step=0.1136
Evaluated agent 4 and 4: dense_per_step=0.0967
--> Saved PBT population member 0 at step 2 to checkpoints/pbt/forced_coord/baseline_seed_0_step_2.msgpack
--> Saved PBT population member 1 at step 2 to checkpoints/pbt/forced_coord/baseline_seed_1_step_2.msgpack
--> Saved PBT population member 3 at step 2 to checkpoints/pbt/forced_coord/baseline_seed_3_step_2.msgpack
--> Saved PBT population member 4 at step 2 to checkpoints/pbt/forced_coord/baseline_seed_4_step_2.msgpack
Overwrote worst model 1 (0.0667) with best model 4 (0.0804); mutations={'UPDATE_EPOCHS': (4, 5, 1.25), 'ENT_COEF': (0.01, 0.0075, 0.75)}

PBT ITERATION NUM 3
Training agent 2 (6) with agent 2 fixed (pbt 3/62, sel 1/16)
Training agent 1 (9) with agent 3 fixed (pbt 3/62, sel 2/16)
Training agent 4 (9) with agent 3 fixed (pbt 3/62, sel 3/16)
Training agent 2 (7) with agent 0 fixed (pbt 3/62, sel 4/16)
Training agent 4 (10) with agent 1 fixed (pbt 3/62, sel 5/16)
Training agent 3 (8) with agent 1 fixed (pbt 3/62, sel 6/16)
Training agent 1 (10) with agent 2 fixed (pbt 3/62, sel 7/16)
Training agent 3 (9) with agent 4 fixed (pbt 3/62, sel 8/16)
Training agent 1 (11) with agent 1 fixed (pbt 3/62, sel 9/16)
Training agent 2 (8) with agent 3 fixed (pbt 3/62, sel 10/16)
Training agent 0 (7) with agent 4 fixed (pbt 3/62, sel 11/16)
Training agent 3 (10) with agent 3 fixed (pbt 3/62, sel 12/16)
Training agent 4 (11) with agent 4 fixed (pbt 3/62, sel 13/16)
Training agent 2 (9) with agent 1 fixed (pbt 3/62, sel 14/16)
Training agent 4 (12) with agent 0 fixed (pbt 3/62, sel 15/16)
Training agent 0 (8) with agent 0 fixed (pbt 3/62, sel 16/16)
Evaluated agent 0 and 0: dense_per_step=0.0787
Evaluated agent 0 and 1: dense_per_step=0.0399
Evaluated agent 0 and 2: dense_per_step=0.0701
Evaluated agent 0 and 3: dense_per_step=0.0747
Evaluated agent 0 and 4: dense_per_step=0.0461
Evaluated agent 1 and 1: dense_per_step=0.0656
Evaluated agent 1 and 2: dense_per_step=0.0942
Evaluated agent 1 and 3: dense_per_step=0.0685
Evaluated agent 1 and 4: dense_per_step=0.0656
Evaluated agent 2 and 2: dense_per_step=0.0869
Evaluated agent 2 and 3: dense_per_step=0.0844
Evaluated agent 2 and 4: dense_per_step=0.0667
Evaluated agent 3 and 3: dense_per_step=0.0806
Evaluated agent 3 and 4: dense_per_step=0.0803
Evaluated agent 4 and 4: dense_per_step=0.0954
--> Saved PBT population member 1 at step 3 to checkpoints/pbt/forced_coord/baseline_seed_1_step_3.msgpack
--> Saved PBT population member 2 at step 3 to checkpoints/pbt/forced_coord/baseline_seed_2_step_3.msgpack
Overwrote worst model 0 (0.0619) with best model 2 (0.0805); mutations={'GAE_LAMBDA': (0.95, 0.975, 0.75), 'UPDATE_EPOCHS': (4, 5, 1.25)}

PBT ITERATION NUM 4
Training agent 3 (11) with agent 1 fixed (pbt 4/62, sel 1/16)
Training agent 1 (12) with agent 2 fixed (pbt 4/62, sel 2/16)
Training agent 4 (13) with agent 2 fixed (pbt 4/62, sel 3/16)
Training agent 0 (10) with agent 3 fixed (pbt 4/62, sel 4/16)
Training agent 1 (13) with agent 4 fixed (pbt 4/62, sel 5/16)
Training agent 0 (11) with agent 1 fixed (pbt 4/62, sel 6/16)
Training agent 3 (12) with agent 3 fixed (pbt 4/62, sel 7/16)
Training agent 4 (14) with agent 3 fixed (pbt 4/62, sel 8/16)
Training agent 3 (13) with agent 2 fixed (pbt 4/62, sel 9/16)
Training agent 2 (10) with agent 3 fixed (pbt 4/62, sel 10/16)
Training agent 3 (14) with agent 4 fixed (pbt 4/62, sel 11/16)
Training agent 4 (15) with agent 0 fixed (pbt 4/62, sel 12/16)
Training agent 4 (16) with agent 4 fixed (pbt 4/62, sel 13/16)
Training agent 2 (11) with agent 0 fixed (pbt 4/62, sel 14/16)
Training agent 1 (14) with agent 0 fixed (pbt 4/62, sel 15/16)
Training agent 1 (15) with agent 3 fixed (pbt 4/62, sel 16/16)
Evaluated agent 0 and 0: dense_per_step=0.0851
Evaluated agent 0 and 1: dense_per_step=0.0804
Evaluated agent 0 and 2: dense_per_step=0.0519
Evaluated agent 0 and 3: dense_per_step=0.0918
Evaluated agent 0 and 4: dense_per_step=0.0616
Evaluated agent 1 and 1: dense_per_step=0.0746
Evaluated agent 1 and 2: dense_per_step=0.0554
Evaluated agent 1 and 3: dense_per_step=0.0783
Evaluated agent 1 and 4: dense_per_step=0.0404
Evaluated agent 2 and 2: dense_per_step=0.0420
Evaluated agent 2 and 3: dense_per_step=0.0634
Evaluated agent 2 and 4: dense_per_step=0.0592
Evaluated agent 3 and 3: dense_per_step=0.0447
Evaluated agent 3 and 4: dense_per_step=0.0565
Evaluated agent 4 and 4: dense_per_step=0.0768
--> Saved PBT population member 0 at step 4 to checkpoints/pbt/forced_coord/baseline_seed_0_step_4.msgpack
Overwrote worst model 2 (0.0544) with best model 0 (0.0742); mutations={'UPDATE_EPOCHS': (5, 6, 1.25), 'VF_COEF': (0.5, 0.625, 1.25)}

PBT ITERATION NUM 5
Training agent 0 (12) with agent 2 fixed (pbt 5/62, sel 1/16)
Training agent 1 (16) with agent 0 fixed (pbt 5/62, sel 2/16)
Training agent 1 (17) with agent 3 fixed (pbt 5/62, sel 3/16)
Training agent 2 (12) with agent 0 fixed (pbt 5/62, sel 4/16)
Training agent 3 (15) with agent 2 fixed (pbt 5/62, sel 5/16)
Training agent 0 (13) with agent 0 fixed (pbt 5/62, sel 6/16)
Training agent 3 (16) with agent 4 fixed (pbt 5/62, sel 7/16)
Training agent 2 (13) with agent 3 fixed (pbt 5/62, sel 8/16)
Training agent 0 (14) with agent 3 fixed (pbt 5/62, sel 9/16)
Training agent 1 (18) with agent 4 fixed (pbt 5/62, sel 10/16)
Training agent 4 (17) with agent 0 fixed (pbt 5/62, sel 11/16)
Training agent 3 (17) with agent 1 fixed (pbt 5/62, sel 12/16)
Training agent 1 (19) with agent 1 fixed (pbt 5/62, sel 13/16)
Training agent 0 (15) with agent 1 fixed (pbt 5/62, sel 14/16)
Training agent 2 (14) with agent 2 fixed (pbt 5/62, sel 15/16)
Training agent 4 (18) with agent 1 fixed (pbt 5/62, sel 16/16)
Evaluated agent 0 and 0: dense_per_step=0.1025
Evaluated agent 0 and 1: dense_per_step=0.0604
Evaluated agent 0 and 2: dense_per_step=0.0517
Evaluated agent 0 and 3: dense_per_step=0.0644
Evaluated agent 0 and 4: dense_per_step=0.0682
Evaluated agent 1 and 1: dense_per_step=0.1000
Evaluated agent 1 and 2: dense_per_step=0.0663
Evaluated agent 1 and 3: dense_per_step=0.0625
Evaluated agent 1 and 4: dense_per_step=0.0961
Evaluated agent 2 and 2: dense_per_step=0.0840
Evaluated agent 2 and 3: dense_per_step=0.0936
Evaluated agent 2 and 4: dense_per_step=0.0392
Evaluated agent 3 and 3: dense_per_step=0.0700
Evaluated agent 3 and 4: dense_per_step=0.0811
Evaluated agent 4 and 4: dense_per_step=0.0858
--> Saved PBT population member 1 at step 5 to checkpoints/pbt/forced_coord/baseline_seed_1_step_5.msgpack
--> Saved PBT population member 3 at step 5 to checkpoints/pbt/forced_coord/baseline_seed_3_step_5.msgpack
--> Saved PBT population member 4 at step 5 to checkpoints/pbt/forced_coord/baseline_seed_4_step_5.msgpack
Overwrote worst model 2 (0.0670) with best model 1 (0.0770); mutations={}

PBT ITERATION NUM 6
Training agent 0 (16) with agent 2 fixed (pbt 6/62, sel 1/16)
Training agent 1 (20) with agent 0 fixed (pbt 6/62, sel 2/16)
Training agent 1 (21) with agent 4 fixed (pbt 6/62, sel 3/16)
Training agent 4 (19) with agent 1 fixed (pbt 6/62, sel 4/16)
Training agent 4 (20) with agent 0 fixed (pbt 6/62, sel 5/16)
Training agent 1 (22) with agent 3 fixed (pbt 6/62, sel 6/16)
Training agent 1 (23) with agent 2 fixed (pbt 6/62, sel 7/16)
Training agent 3 (18) with agent 3 fixed (pbt 6/62, sel 8/16)
Training agent 4 (21) with agent 2 fixed (pbt 6/62, sel 9/16)
Training agent 0 (17) with agent 4 fixed (pbt 6/62, sel 10/16)
Training agent 3 (19) with agent 1 fixed (pbt 6/62, sel 11/16)
Training agent 0 (18) with agent 1 fixed (pbt 6/62, sel 12/16)
Training agent 2 (20) with agent 4 fixed (pbt 6/62, sel 13/16)
Training agent 2 (21) with agent 3 fixed (pbt 6/62, sel 14/16)
Training agent 2 (22) with agent 0 fixed (pbt 6/62, sel 15/16)
Training agent 0 (19) with agent 0 fixed (pbt 6/62, sel 16/16)
Evaluated agent 0 and 0: dense_per_step=0.0437
Evaluated agent 0 and 1: dense_per_step=0.0572
Evaluated agent 0 and 2: dense_per_step=0.0660
Evaluated agent 0 and 3: dense_per_step=0.0868
Evaluated agent 0 and 4: dense_per_step=0.1083
Evaluated agent 1 and 1: dense_per_step=0.0480
Evaluated agent 1 and 2: dense_per_step=0.0604
Evaluated agent 1 and 3: dense_per_step=0.0628
Evaluated agent 1 and 4: dense_per_step=0.0551
Evaluated agent 2 and 2: dense_per_step=0.1140
Evaluated agent 2 and 3: dense_per_step=0.0673
Evaluated agent 2 and 4: dense_per_step=0.0624
Evaluated agent 3 and 3: dense_per_step=0.0723
Evaluated agent 3 and 4: dense_per_step=0.0731
Evaluated agent 4 and 4: dense_per_step=0.0941
--> Saved PBT population member 2 at step 6 to checkpoints/pbt/forced_coord/baseline_seed_2_step_6.msgpack
--> Saved PBT population member 4 at step 6 to checkpoints/pbt/forced_coord/baseline_seed_4_step_6.msgpack
Overwrote worst model 1 (0.0567) with best model 4 (0.0786); mutations={'GAE_LAMBDA': (0.95, 0.975, 0.75), 'LR': (0.00025, 0.0003125, 1.25)}

PBT ITERATION NUM 7
Training agent 3 (20) with agent 4 fixed (pbt 7/62, sel 1/16)
Training agent 1 (22) with agent 0 fixed (pbt 7/62, sel 2/16)
Training agent 4 (22) with agent 3 fixed (pbt 7/62, sel 3/16)
Training agent 1 (23) with agent 1 fixed (pbt 7/62, sel 4/16)
Training agent 4 (23) with agent 1 fixed (pbt 7/62, sel 5/16)
Training agent 0 (20) with agent 4 fixed (pbt 7/62, sel 6/16)
Training agent 0 (21) with agent 0 fixed (pbt 7/62, sel 7/16)
Training agent 3 (21) with agent 0 fixed (pbt 7/62, sel 8/16)
Training agent 4 (24) with agent 4 fixed (pbt 7/62, sel 9/16)
Training agent 4 (25) with agent 0 fixed (pbt 7/62, sel 10/16)
Training agent 0 (22) with agent 1 fixed (pbt 7/62, sel 11/16)
Training agent 2 (23) with agent 3 fixed (pbt 7/62, sel 12/16)
Training agent 1 (24) with agent 2 fixed (pbt 7/62, sel 13/16)
Training agent 2 (24) with agent 2 fixed (pbt 7/62, sel 14/16)
Training agent 1 (25) with agent 4 fixed (pbt 7/62, sel 15/16)
Training agent 3 (22) with agent 3 fixed (pbt 7/62, sel 16/16)
Evaluated agent 0 and 0: dense_per_step=0.0719
Evaluated agent 0 and 1: dense_per_step=0.0598
Evaluated agent 0 and 2: dense_per_step=0.0610
Evaluated agent 0 and 3: dense_per_step=0.0759
Evaluated agent 0 and 4: dense_per_step=0.0634
Evaluated agent 1 and 1: dense_per_step=0.0452
Evaluated agent 1 and 2: dense_per_step=0.0600
Evaluated agent 1 and 3: dense_per_step=0.0936
Evaluated agent 1 and 4: dense_per_step=0.0750
Evaluated agent 2 and 2: dense_per_step=0.0712
Evaluated agent 2 and 3: dense_per_step=0.0677
Evaluated agent 2 and 4: dense_per_step=0.0907
Evaluated agent 3 and 3: dense_per_step=0.0484
Evaluated agent 3 and 4: dense_per_step=0.0507
Evaluated agent 4 and 4: dense_per_step=0.0655
Overwrote worst model 0 (0.0664) with best model 2 (0.0701); mutations={'CLIP_EPS': (0.2, 0.25, 1.25), 'LR': (0.00025, 0.0001875, 0.75)}

PBT ITERATION NUM 8
Training agent 2 (25) with agent 3 fixed (pbt 8/62, sel 1/16)
Training agent 2 (26) with agent 0 fixed (pbt 8/62, sel 2/16)
Training agent 4 (26) with agent 3 fixed (pbt 8/62, sel 3/16)
Training agent 1 (26) with agent 1 fixed (pbt 8/62, sel 4/16)
Training agent 2 (27) with agent 1 fixed (pbt 8/62, sel 5/16)
Training agent 0 (25) with agent 0 fixed (pbt 8/62, sel 6/16)
Training agent 3 (23) with agent 4 fixed (pbt 8/62, sel 7/16)
Training agent 1 (27) with agent 2 fixed (pbt 8/62, sel 8/16)
Training agent 2 (28) with agent 4 fixed (pbt 8/62, sel 9/16)
Training agent 4 (27) with agent 0 fixed (pbt 8/62, sel 10/16)
Training agent 0 (26) with agent 1 fixed (pbt 8/62, sel 11/16)
Training agent 2 (29) with agent 2 fixed (pbt 8/62, sel 12/16)
Training agent 4 (28) with agent 2 fixed (pbt 8/62, sel 13/16)
Training agent 3 (24) with agent 3 fixed (pbt 8/62, sel 14/16)
Training agent 1 (28) with agent 4 fixed (pbt 8/62, sel 15/16)
Training agent 0 (27) with agent 3 fixed (pbt 8/62, sel 16/16)
Evaluated agent 0 and 0: dense_per_step=0.0994
Evaluated agent 0 and 1: dense_per_step=0.0610
Evaluated agent 0 and 2: dense_per_step=0.0735
Evaluated agent 0 and 3: dense_per_step=0.0694
Evaluated agent 0 and 4: dense_per_step=0.0885
Evaluated agent 1 and 1: dense_per_step=0.0700
Evaluated agent 1 and 2: dense_per_step=0.0614
Evaluated agent 1 and 3: dense_per_step=0.0705
Evaluated agent 1 and 4: dense_per_step=0.0476
Evaluated agent 2 and 2: dense_per_step=0.0584
Evaluated agent 2 and 3: dense_per_step=0.0474
Evaluated agent 2 and 4: dense_per_step=0.0560
Evaluated agent 3 and 3: dense_per_step=0.0635
Evaluated agent 3 and 4: dense_per_step=0.0505
Evaluated agent 4 and 4: dense_per_step=0.0682
--> Saved PBT population member 0 at step 8 to checkpoints/pbt/forced_coord/baseline_seed_0_step_8.msgpack
Overwrote worst model 2 (0.0594) with best model 0 (0.0784); mutations={'GAE_LAMBDA': (0.95, 0.975, 0.75)}

PBT ITERATION NUM 9
Training agent 2 (28) with agent 2 fixed (pbt 9/62, sel 1/16)
Training agent 4 (29) with agent 1 fixed (pbt 9/62, sel 2/16)
Training agent 0 (28) with agent 0 fixed (pbt 9/62, sel 3/16)
Training agent 2 (29) with agent 4 fixed (pbt 9/62, sel 4/16)
Training agent 0 (29) with agent 4 fixed (pbt 9/62, sel 5/16)
Training agent 1 (29) with agent 3 fixed (pbt 9/62, sel 6/16)
Training agent 0 (30) with agent 1 fixed (pbt 9/62, sel 7/16)
Training agent 1 (30) with agent 1 fixed (pbt 9/62, sel 8/16)
Training agent 3 (25) with agent 3 fixed (pbt 9/62, sel 9/16)
Training agent 1 (31) with agent 2 fixed (pbt 9/62, sel 10/16)
Training agent 2 (30) with agent 0 fixed (pbt 9/62, sel 11/16)
Training agent 3 (26) with agent 4 fixed (pbt 9/62, sel 12/16)
Training agent 0 (31) with agent 3 fixed (pbt 9/62, sel 13/16)
Training agent 3 (27) with agent 1 fixed (pbt 9/62, sel 14/16)
Training agent 2 (31) with agent 3 fixed (pbt 9/62, sel 15/16)
Training agent 0 (32) with agent 2 fixed (pbt 9/62, sel 16/16)
Evaluated agent 0 and 0: dense_per_step=0.0749
Evaluated agent 0 and 1: dense_per_step=0.0532
Evaluated agent 0 and 2: dense_per_step=0.0497
Evaluated agent 0 and 3: dense_per_step=0.0528
Evaluated agent 0 and 4: dense_per_step=0.0705
Evaluated agent 1 and 1: dense_per_step=0.0402
Evaluated agent 1 and 2: dense_per_step=0.0821
Evaluated agent 1 and 3: dense_per_step=0.0868
Evaluated agent 1 and 4: dense_per_step=0.0531
Evaluated agent 2 and 2: dense_per_step=0.1014
Evaluated agent 2 and 3: dense_per_step=0.0759
Evaluated agent 2 and 4: dense_per_step=0.0184
Evaluated agent 3 and 3: dense_per_step=0.0573
Evaluated agent 3 and 4: dense_per_step=0.0820
Evaluated agent 4 and 4: dense_per_step=0.0451
--> Saved PBT population member 3 at step 9 to checkpoints/pbt/forced_coord/baseline_seed_3_step_9.msgpack
Overwrote worst model 4 (0.0538) with best model 3 (0.0709); mutations={'CLIP_EPS': (0.2, 0.25, 1.25), 'ENT_COEF': (0.01, 0.0075, 0.75), 'VF_COEF': (0.5, 0.625, 1.25)}

PBT ITERATION NUM 10
Training agent 4 (28) with agent 1 fixed (pbt 10/62, sel 1/16)
Training agent 4 (29) with agent 4 fixed (pbt 10/62, sel 2/16)
Training agent 2 (32) with agent 2 fixed (pbt 10/62, sel 3/16)
Training agent 4 (30) with agent 3 fixed (pbt 10/62, sel 4/16)
Training agent 3 (28) with agent 0 fixed (pbt 10/62, sel 5/16)
Training agent 2 (33) with agent 0 fixed (pbt 10/62, sel 6/16)
Training agent 3 (29) with agent 2 fixed (pbt 10/62, sel 7/16)
Training agent 0 (33) with agent 3 fixed (pbt 10/62, sel 8/16)
Training agent 2 (34) with agent 1 fixed (pbt 10/62, sel 9/16)
Training agent 2 (35) with agent 3 fixed (pbt 10/62, sel 10/16)
Training agent 3 (30) with agent 1 fixed (pbt 10/62, sel 11/16)
Training agent 1 (32) with agent 2 fixed (pbt 10/62, sel 12/16)
Training agent 4 (31) with agent 0 fixed (pbt 10/62, sel 13/16)
Training agent 1 (33) with agent 4 fixed (pbt 10/62, sel 14/16)
Training agent 1 (34) with agent 1 fixed (pbt 10/62, sel 15/16)
Training agent 1 (35) with agent 3 fixed (pbt 10/62, sel 16/16)
Evaluated agent 0 and 0: dense_per_step=0.0617
Evaluated agent 0 and 1: dense_per_step=0.0510
Evaluated agent 0 and 2: dense_per_step=0.0583
Evaluated agent 0 and 3: dense_per_step=0.0810
Evaluated agent 0 and 4: dense_per_step=0.0586
Evaluated agent 1 and 1: dense_per_step=0.0784
Evaluated agent 1 and 2: dense_per_step=0.0513
Evaluated agent 1 and 3: dense_per_step=0.0971
Evaluated agent 1 and 4: dense_per_step=0.0737
Evaluated agent 2 and 2: dense_per_step=0.0414
Evaluated agent 2 and 3: dense_per_step=0.0454
Evaluated agent 2 and 4: dense_per_step=0.0613
Evaluated agent 3 and 3: dense_per_step=0.0750
Evaluated agent 3 and 4: dense_per_step=0.0444
Evaluated agent 4 and 4: dense_per_step=0.0536
--> Saved PBT population member 1 at step 10 to checkpoints/pbt/forced_coord/baseline_seed_1_step_10.msgpack
Overwrote worst model 2 (0.0516) with best model 1 (0.0703); mutations={'GAE_LAMBDA': (0.975, 0.9875, 0.75), 'CLIP_EPS': (0.2, 0.25, 1.25), 'ENT_COEF': (0.01, 0.0125, 1.25)}

PBT ITERATION NUM 11
Training agent 1 (36) with agent 3 fixed (pbt 11/62, sel 1/16)
Training agent 0 (34) with agent 0 fixed (pbt 11/62, sel 2/16)
Training agent 2 (36) with agent 2 fixed (pbt 11/62, sel 3/16)
Training agent 4 (32) with agent 0 fixed (pbt 11/62, sel 4/16)
Training agent 3 (31) with agent 2 fixed (pbt 11/62, sel 5/16)
Training agent 3 (32) with agent 1 fixed (pbt 11/62, sel 6/16)
Training agent 3 (33) with agent 3 fixed (pbt 11/62, sel 7/16)
Training agent 4 (33) with agent 3 fixed (pbt 11/62, sel 8/16)
Training agent 0 (35) with agent 4 fixed (pbt 11/62, sel 9/16)
Training agent 2 (37) with agent 4 fixed (pbt 11/62, sel 10/16)
Training agent 3 (34) with agent 4 fixed (pbt 11/62, sel 11/16)
Training agent 0 (36) with agent 1 fixed (pbt 11/62, sel 12/16)
Training agent 4 (34) with agent 4 fixed (pbt 11/62, sel 13/16)
Training agent 0 (37) with agent 3 fixed (pbt 11/62, sel 14/16)
Training agent 1 (37) with agent 0 fixed (pbt 11/62, sel 15/16)
Training agent 4 (35) with agent 1 fixed (pbt 11/62, sel 16/16)
Evaluated agent 0 and 0: dense_per_step=0.0525
Evaluated agent 0 and 1: dense_per_step=0.0637
Evaluated agent 0 and 2: dense_per_step=0.0572
Evaluated agent 0 and 3: dense_per_step=0.0453
Evaluated agent 0 and 4: dense_per_step=0.0424
Evaluated agent 1 and 1: dense_per_step=0.0396
Evaluated agent 1 and 2: dense_per_step=0.0736
Evaluated agent 1 and 3: dense_per_step=0.0400
Evaluated agent 1 and 4: dense_per_step=0.0390
Evaluated agent 2 and 2: dense_per_step=0.0578
Evaluated agent 2 and 3: dense_per_step=0.0523
Evaluated agent 2 and 4: dense_per_step=0.0468
Evaluated agent 3 and 3: dense_per_step=0.0832
Evaluated agent 3 and 4: dense_per_step=0.0394
Evaluated agent 4 and 4: dense_per_step=0.0830
Overwrote worst model 4 (0.0501) with best model 2 (0.0575); mutations={'LR': (0.0003125, 0.000234375, 0.75), 'VF_COEF': (0.5, 0.625, 1.25)}

PBT ITERATION NUM 12
Training agent 2 (38) with agent 1 fixed (pbt 12/62, sel 1/16)
Training agent 2 (39) with agent 3 fixed (pbt 12/62, sel 2/16)
Training agent 3 (35) with agent 0 fixed (pbt 12/62, sel 3/16)
Training agent 1 (38) with agent 4 fixed (pbt 12/62, sel 4/16)
Training agent 2 (40) with agent 4 fixed (pbt 12/62, sel 5/16)
Training agent 0 (38) with agent 1 fixed (pbt 12/62, sel 6/16)
Training agent 4 (38) with agent 0 fixed (pbt 12/62, sel 7/16)
Training agent 4 (39) with agent 4 fixed (pbt 12/62, sel 8/16)
Training agent 0 (39) with agent 3 fixed (pbt 12/62, sel 9/16)
Training agent 1 (39) with agent 3 fixed (pbt 12/62, sel 10/16)
Training agent 3 (36) with agent 2 fixed (pbt 12/62, sel 11/16)
Training agent 0 (40) with agent 0 fixed (pbt 12/62, sel 12/16)
Training agent 0 (41) with agent 2 fixed (pbt 12/62, sel 13/16)
Training agent 1 (40) with agent 0 fixed (pbt 12/62, sel 14/16)
Training agent 2 (41) with agent 0 fixed (pbt 12/62, sel 15/16)
Training agent 3 (37) with agent 1 fixed (pbt 12/62, sel 16/16)
Evaluated agent 0 and 0: dense_per_step=0.0648
Evaluated agent 0 and 1: dense_per_step=0.0530
Evaluated agent 0 and 2: dense_per_step=0.0880
Evaluated agent 0 and 3: dense_per_step=0.0550
Evaluated agent 0 and 4: dense_per_step=0.0738
Evaluated agent 1 and 1: dense_per_step=0.0747
Evaluated agent 1 and 2: dense_per_step=0.0786
Evaluated agent 1 and 3: dense_per_step=0.0675
Evaluated agent 1 and 4: dense_per_step=0.0496
Evaluated agent 2 and 2: dense_per_step=0.0797
Evaluated agent 2 and 3: dense_per_step=0.0587
Evaluated agent 2 and 4: dense_per_step=0.0679
Evaluated agent 3 and 3: dense_per_step=0.0671
Evaluated agent 3 and 4: dense_per_step=0.0734
Evaluated agent 4 and 4: dense_per_step=0.0625
--> Saved PBT population member 2 at step 12 to checkpoints/pbt/forced_coord/baseline_seed_2_step_12.msgpack
Overwrote worst model 3 (0.0643) with best model 2 (0.0746); mutations={'LR': (0.0003125, 0.000234375, 0.75), 'VF_COEF': (0.5, 0.625, 1.25)}

PBT ITERATION NUM 13
Training agent 3 (42) with agent 0 fixed (pbt 13/62, sel 1/16)
Training agent 0 (42) with agent 1 fixed (pbt 13/62, sel 2/16)
Training agent 3 (43) with agent 2 fixed (pbt 13/62, sel 3/16)
Training agent 4 (40) with agent 2 fixed (pbt 13/62, sel 4/16)
Training agent 2 (42) with agent 3 fixed (pbt 13/62, sel 5/16)
Training agent 0 (43) with agent 0 fixed (pbt 13/62, sel 6/16)
Training agent 2 (43) with agent 1 fixed (pbt 13/62, sel 7/16)
Training agent 1 (41) with agent 4 fixed (pbt 13/62, sel 8/16)
Training agent 0 (44) with agent 4 fixed (pbt 13/62, sel 9/16)
Training agent 4 (41) with agent 0 fixed (pbt 13/62, sel 10/16)
Training agent 1 (42) with agent 3 fixed (pbt 13/62, sel 11/16)
Training agent 1 (43) with agent 1 fixed (pbt 13/62, sel 12/16)
Training agent 0 (45) with agent 3 fixed (pbt 13/62, sel 13/16)
Training agent 3 (44) with agent 3 fixed (pbt 13/62, sel 14/16)
Training agent 2 (44) with agent 2 fixed (pbt 13/62, sel 15/16)
Training agent 2 (45) with agent 4 fixed (pbt 13/62, sel 16/16)
Evaluated agent 0 and 0: dense_per_step=0.0563
Evaluated agent 0 and 1: dense_per_step=0.0522
Evaluated agent 0 and 2: dense_per_step=0.0690
Evaluated agent 0 and 3: dense_per_step=0.0581
Evaluated agent 0 and 4: dense_per_step=0.0730
Evaluated agent 1 and 1: dense_per_step=0.0786
Evaluated agent 1 and 2: dense_per_step=0.0674
Evaluated agent 1 and 3: dense_per_step=0.0675
Evaluated agent 1 and 4: dense_per_step=0.0767
Evaluated agent 2 and 2: dense_per_step=0.0460
Evaluated agent 2 and 3: dense_per_step=0.0402
Evaluated agent 2 and 4: dense_per_step=0.0687
Evaluated agent 3 and 3: dense_per_step=0.0576
Evaluated agent 3 and 4: dense_per_step=0.0471
Evaluated agent 4 and 4: dense_per_step=0.0533
--> Saved PBT population member 1 at step 13 to checkpoints/pbt/forced_coord/baseline_seed_1_step_13.msgpack
Overwrote worst model 3 (0.0541) with best model 1 (0.0685); mutations={'VF_COEF': (0.5, 0.375, 0.75)}

PBT ITERATION NUM 14
Training agent 3 (44) with agent 3 fixed (pbt 14/62, sel 1/16)
Training agent 4 (42) with agent 1 fixed (pbt 14/62, sel 2/16)
Training agent 4 (43) with agent 4 fixed (pbt 14/62, sel 3/16)
Training agent 1 (44) with agent 3 fixed (pbt 14/62, sel 4/16)
Training agent 0 (46) with agent 0 fixed (pbt 14/62, sel 5/16)
Training agent 2 (46) with agent 1 fixed (pbt 14/62, sel 6/16)
Training agent 2 (47) with agent 4 fixed (pbt 14/62, sel 7/16)
Training agent 1 (45) with agent 4 fixed (pbt 14/62, sel 8/16)
Training agent 0 (47) with agent 3 fixed (pbt 14/62, sel 9/16)
Training agent 3 (45) with agent 1 fixed (pbt 14/62, sel 10/16)
Training agent 3 (46) with agent 4 fixed (pbt 14/62, sel 11/16)
Training agent 0 (48) with agent 2 fixed (pbt 14/62, sel 12/16)
Training agent 4 (44) with agent 0 fixed (pbt 14/62, sel 13/16)
Training agent 4 (45) with agent 3 fixed (pbt 14/62, sel 14/16)
Training agent 2 (48) with agent 0 fixed (pbt 14/62, sel 15/16)
Training agent 2 (49) with agent 2 fixed (pbt 14/62, sel 16/16)
Evaluated agent 0 and 0: dense_per_step=0.0252
Evaluated agent 0 and 1: dense_per_step=0.0512
Evaluated agent 0 and 2: dense_per_step=0.0836
Evaluated agent 0 and 3: dense_per_step=0.0599
Evaluated agent 0 and 4: dense_per_step=0.0586
Evaluated agent 1 and 1: dense_per_step=0.0400
Evaluated agent 1 and 2: dense_per_step=0.0454
Evaluated agent 1 and 3: dense_per_step=0.0745
Evaluated agent 1 and 4: dense_per_step=0.0459
Evaluated agent 2 and 2: dense_per_step=0.0458
Evaluated agent 2 and 3: dense_per_step=0.0554
Evaluated agent 2 and 4: dense_per_step=0.0616
Evaluated agent 3 and 3: dense_per_step=0.0772
Evaluated agent 3 and 4: dense_per_step=0.0506
Evaluated agent 4 and 4: dense_per_step=0.0359
Overwrote worst model 4 (0.0505) with best model 3 (0.0635); mutations={'UPDATE_EPOCHS': (4, 3, 0.75)}

PBT ITERATION NUM 15
Training agent 3 (47) with agent 3 fixed (pbt 15/62, sel 1/16)
Training agent 4 (47) with agent 0 fixed (pbt 15/62, sel 2/16)
Training agent 2 (50) with agent 2 fixed (pbt 15/62, sel 3/16)
Training agent 4 (48) with agent 3 fixed (pbt 15/62, sel 4/16)
Training agent 2 (51) with agent 0 fixed (pbt 15/62, sel 5/16)
Training agent 3 (48) with agent 4 fixed (pbt 15/62, sel 6/16)
Training agent 3 (49) with agent 0 fixed (pbt 15/62, sel 7/16)
Training agent 4 (49) with agent 4 fixed (pbt 15/62, sel 8/16)
Training agent 1 (46) with agent 4 fixed (pbt 15/62, sel 9/16)
Training agent 4 (50) with agent 2 fixed (pbt 15/62, sel 10/16)
Training agent 2 (52) with agent 4 fixed (pbt 15/62, sel 11/16)
Training agent 1 (47) with agent 3 fixed (pbt 15/62, sel 12/16)
Training agent 1 (48) with agent 2 fixed (pbt 15/62, sel 13/16)
Training agent 2 (53) with agent 1 fixed (pbt 15/62, sel 14/16)
Training agent 1 (49) with agent 0 fixed (pbt 15/62, sel 15/16)
Training agent 3 (50) with agent 1 fixed (pbt 15/62, sel 16/16)
Evaluated agent 0 and 0: dense_per_step=0.0496
Evaluated agent 0 and 1: dense_per_step=0.0400
Evaluated agent 0 and 2: dense_per_step=0.0658
Evaluated agent 0 and 3: dense_per_step=0.0636
Evaluated agent 0 and 4: dense_per_step=0.0513
Evaluated agent 1 and 1: dense_per_step=0.0455
Evaluated agent 1 and 2: dense_per_step=0.0523
Evaluated agent 1 and 3: dense_per_step=0.0836
Evaluated agent 1 and 4: dense_per_step=0.0806
Evaluated agent 2 and 2: dense_per_step=0.0707
Evaluated agent 2 and 3: dense_per_step=0.0573
Evaluated agent 2 and 4: dense_per_step=0.0575
Evaluated agent 3 and 3: dense_per_step=0.0410
Evaluated agent 3 and 4: dense_per_step=0.0669
Evaluated agent 4 and 4: dense_per_step=0.1008
--> Saved PBT population member 4 at step 15 to checkpoints/pbt/forced_coord/baseline_seed_4_step_15.msgpack
Overwrote worst model 0 (0.0541) with best model 4 (0.0714); mutations={'UPDATE_EPOCHS': (3, 4, 1.25)}

PBT ITERATION NUM 16
Training agent 1 (50) with agent 2 fixed (pbt 16/62, sel 1/16)
Training agent 0 (51) with agent 4 fixed (pbt 16/62, sel 2/16)
Training agent 0 (52) with agent 2 fixed (pbt 16/62, sel 3/16)
Training agent 3 (51) with agent 0 fixed (pbt 16/62, sel 4/16)
Training agent 4 (51) with agent 2 fixed (pbt 16/62, sel 5/16)
Training agent 3 (52) with agent 1 fixed (pbt 16/62, sel 6/16)
Training agent 4 (52) with agent 3 fixed (pbt 16/62, sel 7/16)
Training agent 3 (53) with agent 4 fixed (pbt 16/62, sel 8/16)
Training agent 4 (53) with agent 1 fixed (pbt 16/62, sel 9/16)
Training agent 2 (54) with agent 2 fixed (pbt 16/62, sel 10/16)
Training agent 2 (55) with agent 3 fixed (pbt 16/62, sel 11/16)
Training agent 4 (54) with agent 4 fixed (pbt 16/62, sel 12/16)
Training agent 3 (54) with agent 3 fixed (pbt 16/62, sel 13/16)
Training agent 0 (53) with agent 0 fixed (pbt 16/62, sel 14/16)
Training agent 3 (55) with agent 2 fixed (pbt 16/62, sel 15/16)
Training agent 1 (51) with agent 3 fixed (pbt 16/62, sel 16/16)
Evaluated agent 0 and 0: dense_per_step=0.0468
Evaluated agent 0 and 1: dense_per_step=0.0755
Evaluated agent 0 and 2: dense_per_step=0.0496
Evaluated agent 0 and 3: dense_per_step=0.0775
Evaluated agent 0 and 4: dense_per_step=0.0659
Evaluated agent 1 and 1: dense_per_step=0.0356
Evaluated agent 1 and 2: dense_per_step=0.0352
Evaluated agent 1 and 3: dense_per_step=0.0914
Evaluated agent 1 and 4: dense_per_step=0.0698
Evaluated agent 2 and 2: dense_per_step=0.0350
Evaluated agent 2 and 3: dense_per_step=0.0647
Evaluated agent 2 and 4: dense_per_step=0.0406
Evaluated agent 3 and 3: dense_per_step=0.0580
Evaluated agent 3 and 4: dense_per_step=0.0595
Evaluated agent 4 and 4: dense_per_step=0.0648
--> Saved PBT population member 3 at step 16 to checkpoints/pbt/forced_coord/baseline_seed_3_step_16.msgpack
Overwrote worst model 2 (0.0450) with best model 3 (0.0702); mutations={'GAE_LAMBDA': (0.975, 0.9624999999999999, 1.25), 'CLIP_EPS': (0.2, 0.25, 1.25)}

PBT ITERATION NUM 17
Training agent 4 (55) with agent 1 fixed (pbt 17/62, sel 1/16)
Training agent 0 (54) with agent 0 fixed (pbt 17/62, sel 2/16)
Training agent 3 (56) with agent 1 fixed (pbt 17/62, sel 3/16)
Training agent 4 (56) with agent 3 fixed (pbt 17/62, sel 4/16)
Training agent 0 (55) with agent 2 fixed (pbt 17/62, sel 5/16)
Training agent 1 (52) with agent 0 fixed (pbt 17/62, sel 6/16)
Training agent 4 (57) with agent 2 fixed (pbt 17/62, sel 7/16)
Training agent 0 (56) with agent 1 fixed (pbt 17/62, sel 8/16)
Training agent 0 (57) with agent 4 fixed (pbt 17/62, sel 9/16)
Training agent 3 (57) with agent 0 fixed (pbt 17/62, sel 10/16)
Training agent 2 (56) with agent 2 fixed (pbt 17/62, sel 11/16)
Training agent 3 (58) with agent 3 fixed (pbt 17/62, sel 12/16)
Training agent 1 (53) with agent 2 fixed (pbt 17/62, sel 13/16)
Training agent 3 (59) with agent 4 fixed (pbt 17/62, sel 14/16)
Training agent 2 (57) with agent 1 fixed (pbt 17/62, sel 15/16)
Training agent 1 (54) with agent 4 fixed (pbt 17/62, sel 16/16)
Evaluated agent 0 and 0: dense_per_step=0.0638
Evaluated agent 0 and 1: dense_per_step=0.0605
Evaluated agent 0 and 2: dense_per_step=0.0622
Evaluated agent 0 and 3: dense_per_step=0.0614
Evaluated agent 0 and 4: dense_per_step=0.0597
Evaluated agent 1 and 1: dense_per_step=0.0496
Evaluated agent 1 and 2: dense_per_step=0.0718
Evaluated agent 1 and 3: dense_per_step=0.0872
Evaluated agent 1 and 4: dense_per_step=0.0655
Evaluated agent 2 and 2: dense_per_step=0.0716
Evaluated agent 2 and 3: dense_per_step=0.1125
Evaluated agent 2 and 4: dense_per_step=0.0512
Evaluated agent 3 and 3: dense_per_step=0.0947
Evaluated agent 3 and 4: dense_per_step=0.0648
Evaluated agent 4 and 4: dense_per_step=0.0689
--> Saved PBT population member 2 at step 17 to checkpoints/pbt/forced_coord/baseline_seed_2_step_17.msgpack
--> Saved PBT population member 3 at step 17 to checkpoints/pbt/forced_coord/baseline_seed_3_step_17.msgpack
Overwrote worst model 0 (0.0615) with best model 3 (0.0841); mutations={'CLIP_EPS': (0.2, 0.15000000000000002, 0.75)}

PBT ITERATION NUM 18
Training agent 0 (60) with agent 2 fixed (pbt 18/62, sel 1/16)
Training agent 2 (58) with agent 1 fixed (pbt 18/62, sel 2/16)
Training agent 3 (60) with agent 1 fixed (pbt 18/62, sel 3/16)
Training agent 1 (55) with agent 3 fixed (pbt 18/62, sel 4/16)
Training agent 3 (61) with agent 0 fixed (pbt 18/62, sel 5/16)
Training agent 4 (58) with agent 2 fixed (pbt 18/62, sel 6/16)
Training agent 4 (59) with agent 1 fixed (pbt 18/62, sel 7/16)
Training agent 4 (60) with agent 0 fixed (pbt 18/62, sel 8/16)
Training agent 3 (62) with agent 2 fixed (pbt 18/62, sel 9/16)
Training agent 0 (61) with agent 3 fixed (pbt 18/62, sel 10/16)
Training agent 1 (56) with agent 4 fixed (pbt 18/62, sel 11/16)
Training agent 4 (61) with agent 4 fixed (pbt 18/62, sel 12/16)
Training agent 0 (62) with agent 1 fixed (pbt 18/62, sel 13/16)
Training agent 2 (59) with agent 4 fixed (pbt 18/62, sel 14/16)
Training agent 2 (60) with agent 2 fixed (pbt 18/62, sel 15/16)
Training agent 1 (57) with agent 1 fixed (pbt 18/62, sel 16/16)
Evaluated agent 0 and 0: dense_per_step=0.0831
Evaluated agent 0 and 1: dense_per_step=0.0558
Evaluated agent 0 and 2: dense_per_step=0.0542
Evaluated agent 0 and 3: dense_per_step=0.0611
Evaluated agent 0 and 4: dense_per_step=0.0441
Evaluated agent 1 and 1: dense_per_step=0.0487
Evaluated agent 1 and 2: dense_per_step=0.0504
Evaluated agent 1 and 3: dense_per_step=0.0648
Evaluated agent 1 and 4: dense_per_step=0.0531
Evaluated agent 2 and 2: dense_per_step=0.0601
Evaluated agent 2 and 3: dense_per_step=0.0493
Evaluated agent 2 and 4: dense_per_step=0.0502
Evaluated agent 3 and 3: dense_per_step=0.0671
Evaluated agent 3 and 4: dense_per_step=0.0343
Evaluated agent 4 and 4: dense_per_step=0.0646
Overwrote worst model 4 (0.0493) with best model 0 (0.0597); mutations={'CLIP_EPS': (0.15000000000000002, 0.18750000000000003, 1.25), 'LR': (0.0003125, 0.000390625, 1.25), 'UPDATE_EPOCHS': (4, 3, 0.75), 'ENT_COEF': (0.01, 0.0075, 0.75)}

PBT ITERATION NUM 19
Training agent 0 (63) with agent 3 fixed (pbt 19/62, sel 1/16)
Training agent 4 (63) with agent 0 fixed (pbt 19/62, sel 2/16)
Training agent 3 (63) with agent 3 fixed (pbt 19/62, sel 3/16)
Training agent 2 (61) with agent 3 fixed (pbt 19/62, sel 4/16)
Training agent 1 (58) with agent 3 fixed (pbt 19/62, sel 5/16)
Training agent 0 (64) with agent 0 fixed (pbt 19/62, sel 6/16)
Training agent 4 (64) with agent 4 fixed (pbt 19/62, sel 7/16)
Training agent 3 (64) with agent 2 fixed (pbt 19/62, sel 8/16)
Training agent 3 (65) with agent 0 fixed (pbt 19/62, sel 9/16)
Training agent 1 (59) with agent 4 fixed (pbt 19/62, sel 10/16)
Training agent 0 (65) with agent 4 fixed (pbt 19/62, sel 11/16)
Training agent 3 (66) with agent 1 fixed (pbt 19/62, sel 12/16)
Training agent 3 (67) with agent 4 fixed (pbt 19/62, sel 13/16)
Training agent 0 (66) with agent 1 fixed (pbt 19/62, sel 14/16)
Training agent 4 (65) with agent 3 fixed (pbt 19/62, sel 15/16)
Training agent 1 (60) with agent 1 fixed (pbt 19/62, sel 16/16)
Evaluated agent 0 and 0: dense_per_step=0.1125
Evaluated agent 0 and 1: dense_per_step=0.0492
Evaluated agent 0 and 2: dense_per_step=0.0540
Evaluated agent 0 and 3: dense_per_step=0.0495
Evaluated agent 0 and 4: dense_per_step=0.0701
Evaluated agent 1 and 1: dense_per_step=0.0639
Evaluated agent 1 and 2: dense_per_step=0.0497
Evaluated agent 1 and 3: dense_per_step=0.0920
Evaluated agent 1 and 4: dense_per_step=0.0703
Evaluated agent 2 and 2: dense_per_step=0.0712
Evaluated agent 2 and 3: dense_per_step=0.0541
Evaluated agent 2 and 4: dense_per_step=0.0596
Evaluated agent 3 and 3: dense_per_step=0.0712
Evaluated agent 3 and 4: dense_per_step=0.0485
Evaluated agent 4 and 4: dense_per_step=0.0681
Overwrote worst model 2 (0.0577) with best model 0 (0.0671); mutations={'LR': (0.0003125, 0.000234375, 0.75), 'VF_COEF': (0.375, 0.28125, 0.75)}

PBT ITERATION NUM 20
Training agent 3 (68) with agent 0 fixed (pbt 20/62, sel 1/16)
Training agent 1 (61) with agent 3 fixed (pbt 20/62, sel 2/16)
Training agent 0 (67) with agent 3 fixed (pbt 20/62, sel 3/16)
Training agent 3 (69) with agent 4 fixed (pbt 20/62, sel 4/16)
Training agent 4 (66) with agent 0 fixed (pbt 20/62, sel 5/16)
Training agent 3 (70) with agent 1 fixed (pbt 20/62, sel 6/16)
Training agent 2 (67) with agent 1 fixed (pbt 20/62, sel 7/16)
Training agent 3 (71) with agent 3 fixed (pbt 20/62, sel 8/16)
Training agent 1 (62) with agent 4 fixed (pbt 20/62, sel 9/16)
Training agent 1 (63) with agent 0 fixed (pbt 20/62, sel 10/16)
Training agent 2 (68) with agent 2 fixed (pbt 20/62, sel 11/16)
Training agent 0 (68) with agent 2 fixed (pbt 20/62, sel 12/16)
Training agent 1 (64) with agent 1 fixed (pbt 20/62, sel 13/16)
Training agent 0 (69) with agent 4 fixed (pbt 20/62, sel 14/16)
Training agent 4 (67) with agent 4 fixed (pbt 20/62, sel 15/16)
Training agent 2 (69) with agent 0 fixed (pbt 20/62, sel 16/16)
Evaluated agent 0 and 0: dense_per_step=0.0721
Evaluated agent 0 and 1: dense_per_step=0.0769
Evaluated agent 0 and 2: dense_per_step=0.0718
Evaluated agent 0 and 3: dense_per_step=0.0867
Evaluated agent 0 and 4: dense_per_step=0.0459
Evaluated agent 1 and 1: dense_per_step=0.0563
Evaluated agent 1 and 2: dense_per_step=0.0668
Evaluated agent 1 and 3: dense_per_step=0.0726
Evaluated agent 1 and 4: dense_per_step=0.1071
Evaluated agent 2 and 2: dense_per_step=0.1078
Evaluated agent 2 and 3: dense_per_step=0.0771
Evaluated agent 2 and 4: dense_per_step=0.0461
Evaluated agent 3 and 3: dense_per_step=0.0619
Evaluated agent 3 and 4: dense_per_step=0.0313
Evaluated agent 4 and 4: dense_per_step=0.0716
--> Saved PBT population member 0 at step 20 to checkpoints/pbt/forced_coord/baseline_seed_0_step_20.msgpack
--> Saved PBT population member 1 at step 20 to checkpoints/pbt/forced_coord/baseline_seed_1_step_20.msgpack
--> Saved PBT population member 2 at step 20 to checkpoints/pbt/forced_coord/baseline_seed_2_step_20.msgpack
Overwrote worst model 4 (0.0604) with best model 1 (0.0759); mutations={'GAE_LAMBDA': (0.975, 0.9875, 1.25), 'LR': (0.0003125, 0.000390625, 1.25), 'UPDATE_EPOCHS': (4, 3, 0.75), 'VF_COEF': (0.5, 0.625, 1.25)}

PBT ITERATION NUM 21
Training agent 2 (70) with agent 4 fixed (pbt 21/62, sel 1/16)
Training agent 0 (70) with agent 2 fixed (pbt 21/62, sel 2/16)
Training agent 1 (65) with agent 3 fixed (pbt 21/62, sel 3/16)
Training agent 2 (71) with agent 0 fixed (pbt 21/62, sel 4/16)
Training agent 3 (72) with agent 0 fixed (pbt 21/62, sel 5/16)
Training agent 3 (73) with agent 4 fixed (pbt 21/62, sel 6/16)
Training agent 4 (65) with agent 0 fixed (pbt 21/62, sel 7/16)
Training agent 0 (71) with agent 0 fixed (pbt 21/62, sel 8/16)
Training agent 4 (66) with agent 2 fixed (pbt 21/62, sel 9/16)
Training agent 2 (72) with agent 2 fixed (pbt 21/62, sel 10/16)
Training agent 4 (67) with agent 1 fixed (pbt 21/62, sel 11/16)
Training agent 1 (66) with agent 4 fixed (pbt 21/62, sel 12/16)
Training agent 1 (67) with agent 2 fixed (pbt 21/62, sel 13/16)
Training agent 0 (72) with agent 3 fixed (pbt 21/62, sel 14/16)
Training agent 4 (68) with agent 3 fixed (pbt 21/62, sel 15/16)
Training agent 2 (73) with agent 3 fixed (pbt 21/62, sel 16/16)
Evaluated agent 0 and 0: dense_per_step=0.0805
Evaluated agent 0 and 1: dense_per_step=0.0653
Evaluated agent 0 and 2: dense_per_step=0.0804
Evaluated agent 0 and 3: dense_per_step=0.0554
Evaluated agent 0 and 4: dense_per_step=0.0653
Evaluated agent 1 and 1: dense_per_step=0.0604
Evaluated agent 1 and 2: dense_per_step=0.0503
Evaluated agent 1 and 3: dense_per_step=0.0854
Evaluated agent 1 and 4: dense_per_step=0.0654
Evaluated agent 2 and 2: dense_per_step=0.0554
Evaluated agent 2 and 3: dense_per_step=0.0503
Evaluated agent 2 and 4: dense_per_step=0.0653
Evaluated agent 3 and 3: dense_per_step=0.0553
Evaluated agent 3 and 4: dense_per_step=0.0503
Evaluated agent 4 and 4: dense_per_step=0.0503
Overwrote worst model 4 (0.0593) with best model 0 (0.0694); mutations={'GAE_LAMBDA': (0.975, 0.9624999999999999, 1.25), 'CLIP_EPS': (0.15000000000000002, 0.11250000000000002, 0.75), 'VF_COEF': (0.375, 0.46875, 1.25)}

PBT ITERATION NUM 22
Training agent 0 (73) with agent 4 fixed (pbt 22/62, sel 1/16)
Training agent 0 (74) with agent 2 fixed (pbt 22/62, sel 2/16)
Training agent 2 (74) with agent 4 fixed (pbt 22/62, sel 3/16)
Training agent 4 (73) with agent 2 fixed (pbt 22/62, sel 4/16)
Training agent 1 (68) with agent 2 fixed (pbt 22/62, sel 5/16)
Training agent 3 (74) with agent 2 fixed (pbt 22/62, sel 6/16)
Training agent 1 (69) with agent 4 fixed (pbt 22/62, sel 7/16)
Training agent 0 (75) with agent 3 fixed (pbt 22/62, sel 8/16)
Training agent 3 (75) with agent 0 fixed (pbt 22/62, sel 9/16)
Training agent 4 (74) with agent 3 fixed (pbt 22/62, sel 10/16)
Training agent 2 (75) with agent 2 fixed (pbt 22/62, sel 11/16)
Training agent 3 (76) with agent 3 fixed (pbt 22/62, sel 12/16)
Training agent 0 (76) with agent 1 fixed (pbt 22/62, sel 13/16)
Training agent 1 (70) with agent 3 fixed (pbt 22/62, sel 14/16)
Training agent 4 (75) with agent 4 fixed (pbt 22/62, sel 15/16)
Training agent 4 (76) with agent 1 fixed (pbt 22/62, sel 16/16)
Evaluated agent 0 and 0: dense_per_step=0.0750
Evaluated agent 0 and 1: dense_per_step=0.0450
Evaluated agent 0 and 2: dense_per_step=0.0300
Evaluated agent 0 and 3: dense_per_step=0.0500
Evaluated agent 0 and 4: dense_per_step=0.0700
Evaluated agent 1 and 1: dense_per_step=0.0750
Evaluated agent 1 and 2: dense_per_step=0.0600
Evaluated agent 1 and 3: dense_per_step=0.0650
Evaluated agent 1 and 4: dense_per_step=0.0800
Evaluated agent 2 and 2: dense_per_step=0.0850
Evaluated agent 2 and 3: dense_per_step=0.0900
Evaluated agent 2 and 4: dense_per_step=0.0950
Evaluated agent 3 and 3: dense_per_step=0.0550
Evaluated agent 3 and 4: dense_per_step=0.1200
Evaluated agent 4 and 4: dense_per_step=0.1050
--> Saved PBT population member 4 at step 22 to checkpoints/pbt/forced_coord/baseline_seed_4_step_22.msgpack
Overwrote worst model 0 (0.0540) with best model 4 (0.0940); mutations={'GAE_LAMBDA': (0.9624999999999999, 0.9437499999999999, 1.25), 'ENT_COEF': (0.01, 0.0075, 0.75)}

PBT ITERATION NUM 23
Training agent 2 (76) with agent 0 fixed (pbt 23/62, sel 1/16)
Training agent 1 (71) with agent 1 fixed (pbt 23/62, sel 2/16)
Training agent 2 (77) with agent 3 fixed (pbt 23/62, sel 3/16)
Training agent 0 (77) with agent 4 fixed (pbt 23/62, sel 4/16)
Training agent 3 (77) with agent 2 fixed (pbt 23/62, sel 5/16)
Training agent 0 (78) with agent 1 fixed (pbt 23/62, sel 6/16)
Training agent 0 (79) with agent 0 fixed (pbt 23/62, sel 7/16)
Training agent 3 (78) with agent 1 fixed (pbt 23/62, sel 8/16)
Training agent 3 (79) with agent 4 fixed (pbt 23/62, sel 9/16)
Training agent 4 (77) with agent 3 fixed (pbt 23/62, sel 10/16)
Training agent 1 (72) with agent 0 fixed (pbt 23/62, sel 11/16)
Training agent 2 (78) with agent 1 fixed (pbt 23/62, sel 12/16)
Training agent 0 (80) with agent 3 fixed (pbt 23/62, sel 13/16)
Training agent 4 (78) with agent 0 fixed (pbt 23/62, sel 14/16)
Training agent 0 (81) with agent 2 fixed (pbt 23/62, sel 15/16)
Training agent 4 (79) with agent 4 fixed (pbt 23/62, sel 16/16)
Evaluated agent 0 and 0: dense_per_step=0.0700
Evaluated agent 0 and 1: dense_per_step=0.0500
Evaluated agent 0 and 2: dense_per_step=0.0450
Evaluated agent 0 and 3: dense_per_step=0.0800
Evaluated agent 0 and 4: dense_per_step=0.1000
Evaluated agent 1 and 1: dense_per_step=0.0350
Evaluated agent 1 and 2: dense_per_step=0.0500
Evaluated agent 1 and 3: dense_per_step=0.0450
Evaluated agent 1 and 4: dense_per_step=0.0700
Evaluated agent 2 and 2: dense_per_step=0.0650
Evaluated agent 2 and 3: dense_per_step=0.0600
Evaluated agent 2 and 4: dense_per_step=0.0800
Evaluated agent 3 and 3: dense_per_step=0.0600
Evaluated agent 3 and 4: dense_per_step=0.0800
Evaluated agent 4 and 4: dense_per_step=0.0850
Overwrote worst model 1 (0.0500) with best model 4 (0.0830); mutations={'GAE_LAMBDA': (0.9624999999999999, 0.98125, 0.75), 'LR': (0.0003125, 0.000234375, 0.75)}

PBT ITERATION NUM 24
Training agent 2 (79) with agent 4 fixed (pbt 24/62, sel 1/16)
Training agent 1 (80) with agent 3 fixed (pbt 24/62, sel 2/16)
Training agent 0 (82) with agent 1 fixed (pbt 24/62, sel 3/16)
Training agent 4 (80) with agent 2 fixed (pbt 24/62, sel 4/16)
Training agent 4 (81) with agent 1 fixed (pbt 24/62, sel 5/16)
Training agent 4 (82) with agent 4 fixed (pbt 24/62, sel 6/16)
Training agent 3 (80) with agent 1 fixed (pbt 24/62, sel 7/16)
Training agent 3 (81) with agent 3 fixed (pbt 24/62, sel 8/16)
Training agent 2 (80) with agent 3 fixed (pbt 24/62, sel 9/16)
Training agent 1 (81) with agent 2 fixed (pbt 24/62, sel 10/16)
Training agent 0 (83) with agent 3 fixed (pbt 24/62, sel 11/16)
Training agent 1 (82) with agent 1 fixed (pbt 24/62, sel 12/16)
Training agent 0 (84) with agent 0 fixed (pbt 24/62, sel 13/16)
Training agent 0 (85) with agent 2 fixed (pbt 24/62, sel 14/16)
Training agent 4 (83) with agent 0 fixed (pbt 24/62, sel 15/16)
Training agent 3 (82) with agent 2 fixed (pbt 24/62, sel 16/16)
Evaluated agent 0 and 0: dense_per_step=0.1050
Evaluated agent 0 and 1: dense_per_step=0.0800
Evaluated agent 0 and 2: dense_per_step=0.0750
Evaluated agent 0 and 3: dense_per_step=0.0750
Evaluated agent 0 and 4: dense_per_step=0.0650
Evaluated agent 1 and 1: dense_per_step=0.0950
Evaluated agent 1 and 2: dense_per_step=0.0550
Evaluated agent 1 and 3: dense_per_step=0.0600
Evaluated agent 1 and 4: dense_per_step=0.0800
Evaluated agent 2 and 2: dense_per_step=0.0600
Evaluated agent 2 and 3: dense_per_step=0.0600
Evaluated agent 2 and 4: dense_per_step=0.0500
Evaluated agent 3 and 3: dense_per_step=0.0600
Evaluated agent 3 and 4: dense_per_step=0.0900
Evaluated agent 4 and 4: dense_per_step=0.0850
--> Saved PBT population member 0 at step 24 to checkpoints/pbt/forced_coord/baseline_seed_0_step_24.msgpack
Overwrote worst model 2 (0.0600) with best model 0 (0.0800); mutations={'UPDATE_EPOCHS': (4, 5, 1.25)}

PBT ITERATION NUM 25
Training agent 2 (86) with agent 1 fixed (pbt 25/62, sel 1/16)
Training agent 3 (83) with agent 3 fixed (pbt 25/62, sel 2/16)
Training agent 2 (87) with agent 2 fixed (pbt 25/62, sel 3/16)
Training agent 4 (84) with agent 4 fixed (pbt 25/62, sel 4/16)
Training agent 0 (86) with agent 0 fixed (pbt 25/62, sel 5/16)
Training agent 4 (85) with agent 3 fixed (pbt 25/62, sel 6/16)
Training agent 2 (88) with agent 3 fixed (pbt 25/62, sel 7/16)
Training agent 4 (86) with agent 1 fixed (pbt 25/62, sel 8/16)
Training agent 1 (83) with agent 1 fixed (pbt 25/62, sel 9/16)
Training agent 1 (84) with agent 4 fixed (pbt 25/62, sel 10/16)
Training agent 4 (87) with agent 2 fixed (pbt 25/62, sel 11/16)
Training agent 1 (85) with agent 3 fixed (pbt 25/62, sel 12/16)
Training agent 3 (84) with agent 1 fixed (pbt 25/62, sel 13/16)
Training agent 3 (85) with agent 0 fixed (pbt 25/62, sel 14/16)
Training agent 0 (87) with agent 1 fixed (pbt 25/62, sel 15/16)
Training agent 1 (86) with agent 0 fixed (pbt 25/62, sel 16/16)
Evaluated agent 0 and 0: dense_per_step=0.1000
Evaluated agent 0 and 1: dense_per_step=0.0650
Evaluated agent 0 and 2: dense_per_step=0.1200
Evaluated agent 0 and 3: dense_per_step=0.0150
Evaluated agent 0 and 4: dense_per_step=0.0350
Evaluated agent 1 and 1: dense_per_step=0.0700
Evaluated agent 1 and 2: dense_per_step=0.1050
Evaluated agent 1 and 3: dense_per_step=0.0700
Evaluated agent 1 and 4: dense_per_step=0.0650
Evaluated agent 2 and 2: dense_per_step=0.0800
Evaluated agent 2 and 3: dense_per_step=0.0750
Evaluated agent 2 and 4: dense_per_step=0.0750
Evaluated agent 3 and 3: dense_per_step=0.0750
Evaluated agent 3 and 4: dense_per_step=0.0950
Evaluated agent 4 and 4: dense_per_step=0.0600
--> Saved PBT population member 1 at step 25 to checkpoints/pbt/forced_coord/baseline_seed_1_step_25.msgpack
--> Saved PBT population member 2 at step 25 to checkpoints/pbt/forced_coord/baseline_seed_2_step_25.msgpack
Overwrote worst model 3 (0.0660) with best model 2 (0.0910); mutations={'CLIP_EPS': (0.11250000000000002, 0.084375, 0.75), 'LR': (0.0003125, 0.000234375, 0.75), 'UPDATE_EPOCHS': (5, 6, 1.25)}

PBT ITERATION NUM 26
Training agent 3 (89) with agent 4 fixed (pbt 26/62, sel 1/16)
Training agent 4 (88) with agent 1 fixed (pbt 26/62, sel 2/16)
Training agent 1 (87) with agent 4 fixed (pbt 26/62, sel 3/16)
Training agent 3 (90) with agent 3 fixed (pbt 26/62, sel 4/16)
Training agent 0 (88) with agent 2 fixed (pbt 26/62, sel 5/16)
Training agent 4 (89) with agent 2 fixed (pbt 26/62, sel 6/16)
Training agent 1 (88) with agent 2 fixed (pbt 26/62, sel 7/16)
Training agent 2 (89) with agent 3 fixed (pbt 26/62, sel 8/16)
Training agent 2 (90) with agent 2 fixed (pbt 26/62, sel 9/16)
Training agent 1 (89) with agent 0 fixed (pbt 26/62, sel 10/16)
Training agent 0 (89) with agent 3 fixed (pbt 26/62, sel 11/16)
Training agent 4 (90) with agent 0 fixed (pbt 26/62, sel 12/16)
Training agent 3 (91) with agent 2 fixed (pbt 26/62, sel 13/16)
Training agent 2 (91) with agent 1 fixed (pbt 26/62, sel 14/16)
Training agent 3 (92) with agent 0 fixed (pbt 26/62, sel 15/16)
Training agent 4 (91) with agent 4 fixed (pbt 26/62, sel 16/16)
Evaluated agent 0 and 0: dense_per_step=0.1050
Evaluated agent 0 and 1: dense_per_step=0.0700
Evaluated agent 0 and 2: dense_per_step=0.1150
Evaluated agent 0 and 3: dense_per_step=0.0900
Evaluated agent 0 and 4: dense_per_step=0.0650
Evaluated agent 1 and 1: dense_per_step=0.1000
Evaluated agent 1 and 2: dense_per_step=0.0800
Evaluated agent 1 and 3: dense_per_step=0.0650
Evaluated agent 1 and 4: dense_per_step=0.0550
Evaluated agent 2 and 2: dense_per_step=0.0850
Evaluated agent 2 and 3: dense_per_step=0.0900
Evaluated agent 2 and 4: dense_per_step=0.0750
Evaluated agent 3 and 3: dense_per_step=0.1200
Evaluated agent 3 and 4: dense_per_step=0.0800
Evaluated agent 4 and 4: dense_per_step=0.0750
--> Saved PBT population member 0 at step 26 to checkpoints/pbt/forced_coord/baseline_seed_0_step_26.msgpack
--> Saved PBT population member 3 at step 26 to checkpoints/pbt/forced_coord/baseline_seed_3_step_26.msgpack
Overwrote worst model 4 (0.0700) with best model 3 (0.0890); mutations={'UPDATE_EPOCHS': (6, 8, 1.25), 'ENT_COEF': (0.0075, 0.005625, 0.75)}

PBT ITERATION NUM 27
Training agent 1 (90) with agent 3 fixed (pbt 27/62, sel 1/16)
Training agent 1 (91) with agent 4 fixed (pbt 27/62, sel 2/16)
Training agent 3 (93) with agent 4 fixed (pbt 27/62, sel 3/16)
Training agent 2 (92) with agent 4 fixed (pbt 27/62, sel 4/16)
Training agent 3 (94) with agent 3 fixed (pbt 27/62, sel 5/16)
Training agent 0 (90) with agent 2 fixed (pbt 27/62, sel 6/16)
Training agent 1 (92) with agent 1 fixed (pbt 27/62, sel 7/16)
Training agent 2 (93) with agent 2 fixed (pbt 27/62, sel 8/16)
Training agent 0 (91) with agent 4 fixed (pbt 27/62, sel 9/16)
Training agent 0 (92) with agent 0 fixed (pbt 27/62, sel 10/16)
Training agent 1 (93) with agent 2 fixed (pbt 27/62, sel 11/16)
Training agent 4 (93) with agent 3 fixed (pbt 27/62, sel 12/16)
Training agent 4 (94) with agent 0 fixed (pbt 27/62, sel 13/16)
Training agent 4 (95) with agent 4 fixed (pbt 27/62, sel 14/16)
Training agent 4 (96) with agent 1 fixed (pbt 27/62, sel 15/16)
Training agent 2 (94) with agent 1 fixed (pbt 27/62, sel 16/16)
Evaluated agent 0 and 0: dense_per_step=0.0900
Evaluated agent 0 and 1: dense_per_step=0.0750
Evaluated agent 0 and 2: dense_per_step=0.1100
Evaluated agent 0 and 3: dense_per_step=0.0450
Evaluated agent 0 and 4: dense_per_step=0.0850
Evaluated agent 1 and 1: dense_per_step=0.0700
Evaluated agent 1 and 2: dense_per_step=0.0650
Evaluated agent 1 and 3: dense_per_step=0.1150
Evaluated agent 1 and 4: dense_per_step=0.1100
Evaluated agent 2 and 2: dense_per_step=0.0650
Evaluated agent 2 and 3: dense_per_step=0.0750
Evaluated agent 2 and 4: dense_per_step=0.0450
Evaluated agent 3 and 3: dense_per_step=0.0750
Evaluated agent 3 and 4: dense_per_step=0.0800
Evaluated agent 4 and 4: dense_per_step=0.0750
--> Saved PBT population member 1 at step 27 to checkpoints/pbt/forced_coord/baseline_seed_1_step_27.msgpack
Overwrote worst model 2 (0.0720) with best model 1 (0.0870); mutations={'LR': (0.000234375, 0.00017578125, 0.75), 'ENT_COEF': (0.01, 0.0075, 0.75)}

PBT ITERATION NUM 28
Training agent 1 (94) with agent 3 fixed (pbt 28/62, sel 1/16)
Training agent 2 (94) with agent 4 fixed (pbt 28/62, sel 2/16)
Training agent 3 (95) with agent 1 fixed (pbt 28/62, sel 3/16)
Training agent 1 (95) with agent 0 fixed (pbt 28/62, sel 4/16)
Training agent 1 (96) with agent 1 fixed (pbt 28/62, sel 5/16)
Training agent 2 (95) with agent 1 fixed (pbt 28/62, sel 6/16)
Training agent 3 (96) with agent 2 fixed (pbt 28/62, sel 7/16)
Training agent 2 (96) with agent 0 fixed (pbt 28/62, sel 8/16)
Training agent 0 (93) with agent 2 fixed (pbt 28/62, sel 9/16)
Training agent 0 (94) with agent 4 fixed (pbt 28/62, sel 10/16)
Training agent 3 (97) with agent 3 fixed (pbt 28/62, sel 11/16)
Training agent 4 (97) with agent 3 fixed (pbt 28/62, sel 12/16)
Training agent 2 (97) with agent 3 fixed (pbt 28/62, sel 13/16)
Training agent 3 (98) with agent 4 fixed (pbt 28/62, sel 14/16)
Training agent 0 (95) with agent 0 fixed (pbt 28/62, sel 15/16)
Training agent 4 (98) with agent 4 fixed (pbt 28/62, sel 16/16)
Evaluated agent 0 and 0: dense_per_step=0.0500
Evaluated agent 0 and 1: dense_per_step=0.0850
Evaluated agent 0 and 2: dense_per_step=0.0650
Evaluated agent 0 and 3: dense_per_step=0.0650
Evaluated agent 0 and 4: dense_per_step=0.1050
Evaluated agent 1 and 1: dense_per_step=0.0950
Evaluated agent 1 and 2: dense_per_step=0.0850
Evaluated agent 1 and 3: dense_per_step=0.0600
Evaluated agent 1 and 4: dense_per_step=0.0750
Evaluated agent 2 and 2: dense_per_step=0.0800
Evaluated agent 2 and 3: dense_per_step=0.1000
Evaluated agent 2 and 4: dense_per_step=0.1250
Evaluated agent 3 and 3: dense_per_step=0.0650
Evaluated agent 3 and 4: dense_per_step=0.0700
Evaluated agent 4 and 4: dense_per_step=0.0600
Overwrote worst model 3 (0.0720) with best model 2 (0.0910); mutations={'GAE_LAMBDA': (0.98125, 0.990625, 0.75)}

PBT ITERATION NUM 29
Training agent 0 (96) with agent 0 fixed (pbt 29/62, sel 1/16)
Training agent 0 (97) with agent 4 fixed (pbt 29/62, sel 2/16)
Training agent 0 (98) with agent 3 fixed (pbt 29/62, sel 3/16)
Training agent 4 (99) with agent 2 fixed (pbt 29/62, sel 4/16)
Training agent 1 (97) with agent 1 fixed (pbt 29/62, sel 5/16)
Training agent 1 (98) with agent 4 fixed (pbt 29/62, sel 6/16)
Training agent 4 (100) with agent 1 fixed (pbt 29/62, sel 7/16)
Training agent 3 (98) with agent 3 fixed (pbt 29/62, sel 8/16)
Training agent 1 (99) with agent 2 fixed (pbt 29/62, sel 9/16)
Training agent 3 (99) with agent 4 fixed (pbt 29/62, sel 10/16)
Training agent 2 (98) with agent 2 fixed (pbt 29/62, sel 11/16)
Training agent 0 (99) with agent 1 fixed (pbt 29/62, sel 12/16)
Training agent 3 (100) with agent 2 fixed (pbt 29/62, sel 13/16)
Training agent 2 (99) with agent 0 fixed (pbt 29/62, sel 14/16)
Training agent 2 (100) with agent 1 fixed (pbt 29/62, sel 15/16)
Training agent 3 (101) with agent 0 fixed (pbt 29/62, sel 16/16)
Evaluated agent 0 and 0: dense_per_step=0.1050
Evaluated agent 0 and 1: dense_per_step=0.0600
Evaluated agent 0 and 2: dense_per_step=0.1050
Evaluated agent 0 and 3: dense_per_step=0.0750
Evaluated agent 0 and 4: dense_per_step=0.0800
Evaluated agent 1 and 1: dense_per_step=0.0850
Evaluated agent 1 and 2: dense_per_step=0.0450
Evaluated agent 1 and 3: dense_per_step=0.0800
Evaluated agent 1 and 4: dense_per_step=0.0950
Evaluated agent 2 and 2: dense_per_step=0.0950
Evaluated agent 2 and 3: dense_per_step=0.0650
Evaluated agent 2 and 4: dense_per_step=0.1000
Evaluated agent 3 and 3: dense_per_step=0.0950
Evaluated agent 3 and 4: dense_per_step=0.0650
Evaluated agent 4 and 4: dense_per_step=0.1150
Overwrote worst model 1 (0.0730) with best model 4 (0.0910); mutations={'VF_COEF': (0.46875, 0.5859375, 1.25)}

PBT ITERATION NUM 30
Training agent 0 (100) with agent 4 fixed (pbt 30/62, sel 1/16)
Training agent 1 (101) with agent 4 fixed (pbt 30/62, sel 2/16)
Training agent 1 (102) with agent 3 fixed (pbt 30/62, sel 3/16)
Training agent 1 (103) with agent 0 fixed (pbt 30/62, sel 4/16)
Training agent 2 (101) with agent 1 fixed (pbt 30/62, sel 5/16)
Training agent 4 (101) with agent 1 fixed (pbt 30/62, sel 6/16)
Training agent 4 (102) with agent 4 fixed (pbt 30/62, sel 7/16)
Training agent 2 (102) with agent 3 fixed (pbt 30/62, sel 8/16)
Training agent 4 (103) with agent 0 fixed (pbt 30/62, sel 9/16)
Training agent 3 (102) with agent 1 fixed (pbt 30/62, sel 10/16)
Training agent 1 (104) with agent 1 fixed (pbt 30/62, sel 11/16)
Training agent 2 (103) with agent 2 fixed (pbt 30/62, sel 12/16)
Training agent 3 (103) with agent 3 fixed (pbt 30/62, sel 13/16)
Training agent 3 (104) with agent 4 fixed (pbt 30/62, sel 14/16)
Training agent 1 (105) with agent 2 fixed (pbt 30/62, sel 15/16)
Training agent 3 (105) with agent 2 fixed (pbt 30/62, sel 16/16)
Evaluated agent 0 and 0: dense_per_step=0.0700
Evaluated agent 0 and 1: dense_per_step=0.0750
Evaluated agent 0 and 2: dense_per_step=0.0700
Evaluated agent 0 and 3: dense_per_step=0.0700
Evaluated agent 0 and 4: dense_per_step=0.0700
Evaluated agent 1 and 1: dense_per_step=0.0800
Evaluated agent 1 and 2: dense_per_step=0.1000
Evaluated agent 1 and 3: dense_per_step=0.1050
Evaluated agent 1 and 4: dense_per_step=0.0700
Evaluated agent 2 and 2: dense_per_step=0.0900
Evaluated agent 2 and 3: dense_per_step=0.0600
Evaluated agent 2 and 4: dense_per_step=0.0800
Evaluated agent 3 and 3: dense_per_step=0.0900
Evaluated agent 3 and 4: dense_per_step=0.0650
Evaluated agent 4 and 4: dense_per_step=0.0900
Overwrote worst model 0 (0.0710) with best model 1 (0.0860); mutations={'GAE_LAMBDA': (0.9437499999999999, 0.9718749999999999, 1.25), 'CLIP_EPS': (0.084375, 0.06328125000000001, 0.75), 'UPDATE_EPOCHS': (8, 6, 0.75), 'ENT_COEF': (0.005625, 0.00421875, 0.75)}

PBT ITERATION NUM 31
Training agent 3 (106) with agent 4 fixed (pbt 31/62, sel 1/16)
Training agent 2 (104) with agent 4 fixed (pbt 31/62, sel 2/16)
Training agent 4 (104) with agent 1 fixed (pbt 31/62, sel 3/16)
Training agent 4 (105) with agent 4 fixed (pbt 31/62, sel 4/16)
Training agent 0 (106) with agent 4 fixed (pbt 31/62, sel 5/16)
Training agent 2 (105) with agent 1 fixed (pbt 31/62, sel 6/16)
Training agent 4 (106) with agent 3 fixed (pbt 31/62, sel 7/16)
Training agent 1 (106) with agent 1 fixed (pbt 31/62, sel 8/16)
Training agent 3 (107) with agent 3 fixed (pbt 31/62, sel 9/16)
Training agent 3 (108) with agent 2 fixed (pbt 31/62, sel 10/16)
Training agent 2 (106) with agent 3 fixed (pbt 31/62, sel 11/16)
Training agent 3 (109) with agent 0 fixed (pbt 31/62, sel 12/16)
Training agent 3 (110) with agent 1 fixed (pbt 31/62, sel 13/16)
Training agent 1 (107) with agent 4 fixed (pbt 31/62, sel 14/16)
Training agent 0 (107) with agent 0 fixed (pbt 31/62, sel 15/16)
Training agent 1 (108) with agent 0 fixed (pbt 31/62, sel 16/16)
Evaluated agent 0 and 0: dense_per_step=0.0850
Evaluated agent 0 and 1: dense_per_step=0.1100
Evaluated agent 0 and 2: dense_per_step=0.0700
Evaluated agent 0 and 3: dense_per_step=0.0800
Evaluated agent 0 and 4: dense_per_step=0.0700
Evaluated agent 1 and 1: dense_per_step=0.0800
Evaluated agent 1 and 2: dense_per_step=0.0500
Evaluated agent 1 and 3: dense_per_step=0.0950
Evaluated agent 1 and 4: dense_per_step=0.1050
Evaluated agent 2 and 2: dense_per_step=0.0700
Evaluated agent 2 and 3: dense_per_step=0.0700
Evaluated agent 2 and 4: dense_per_step=0.0850
Evaluated agent 3 and 3: dense_per_step=0.0750
Evaluated agent 3 and 4: dense_per_step=0.0900
Evaluated agent 4 and 4: dense_per_step=0.0600
--> Saved PBT population member 1 at step 31 to checkpoints/pbt/forced_coord/baseline_seed_1_step_31.msgpack
Overwrote worst model 2 (0.0690) with best model 1 (0.0880); mutations={}

PBT ITERATION NUM 32
Training agent 4 (107) with agent 0 fixed (pbt 32/62, sel 1/16)
Training agent 4 (108) with agent 4 fixed (pbt 32/62, sel 2/16)
Training agent 2 (109) with agent 1 fixed (pbt 32/62, sel 3/16)
Training agent 1 (109) with agent 2 fixed (pbt 32/62, sel 4/16)
Training agent 0 (108) with agent 2 fixed (pbt 32/62, sel 5/16)
Training agent 4 (109) with agent 2 fixed (pbt 32/62, sel 6/16)
Training agent 0 (109) with agent 0 fixed (pbt 32/62, sel 7/16)
Training agent 3 (111) with agent 0 fixed (pbt 32/62, sel 8/16)
Training agent 3 (112) with agent 2 fixed (pbt 32/62, sel 9/16)
Training agent 2 (110) with agent 4 fixed (pbt 32/62, sel 10/16)
Training agent 2 (111) with agent 3 fixed (pbt 32/62, sel 11/16)
Training agent 0 (110) with agent 4 fixed (pbt 32/62, sel 12/16)
Training agent 4 (110) with agent 1 fixed (pbt 32/62, sel 13/16)
Training agent 0 (111) with agent 1 fixed (pbt 32/62, sel 14/16)
Training agent 4 (111) with agent 3 fixed (pbt 32/62, sel 15/16)
Training agent 1 (110) with agent 3 fixed (pbt 32/62, sel 16/16)
Evaluated agent 0 and 0: dense_per_step=0.0500
Evaluated agent 0 and 1: dense_per_step=0.0900
Evaluated agent 0 and 2: dense_per_step=0.0600
Evaluated agent 0 and 3: dense_per_step=0.0350
Evaluated agent 0 and 4: dense_per_step=0.0650
Evaluated agent 1 and 1: dense_per_step=0.0700
Evaluated agent 1 and 2: dense_per_step=0.0800
Evaluated agent 1 and 3: dense_per_step=0.0800
Evaluated agent 1 and 4: dense_per_step=0.0800
Evaluated agent 2 and 2: dense_per_step=0.0450
Evaluated agent 2 and 3: dense_per_step=0.0700
Evaluated agent 2 and 4: dense_per_step=0.0750
Evaluated agent 3 and 3: dense_per_step=0.0550
Evaluated agent 3 and 4: dense_per_step=0.0800
Evaluated agent 4 and 4: dense_per_step=0.0650
Overwrote worst model 0 (0.0600) with best model 1 (0.0800); mutations={'LR': (0.000234375, 0.00017578125, 0.75), 'UPDATE_EPOCHS': (8, 6, 0.75)}

PBT ITERATION NUM 33
Training agent 2 (112) with agent 3 fixed (pbt 33/62, sel 1/16)
Training agent 4 (112) with agent 2 fixed (pbt 33/62, sel 2/16)
Training agent 2 (113) with agent 2 fixed (pbt 33/62, sel 3/16)
Training agent 4 (113) with agent 4 fixed (pbt 33/62, sel 4/16)
Training agent 0 (111) with agent 0 fixed (pbt 33/62, sel 5/16)
Training agent 2 (114) with agent 0 fixed (pbt 33/62, sel 6/16)
Training agent 1 (111) with agent 3 fixed (pbt 33/62, sel 7/16)
Training agent 3 (113) with agent 4 fixed (pbt 33/62, sel 8/16)
Training agent 2 (115) with agent 1 fixed (pbt 33/62, sel 9/16)
Training agent 1 (112) with agent 2 fixed (pbt 33/62, sel 10/16)
Training agent 4 (114) with agent 0 fixed (pbt 33/62, sel 11/16)
Training agent 1 (113) with agent 1 fixed (pbt 33/62, sel 12/16)
Training agent 1 (114) with agent 0 fixed (pbt 33/62, sel 13/16)
Training agent 3 (114) with agent 1 fixed (pbt 33/62, sel 14/16)
Training agent 0 (112) with agent 3 fixed (pbt 33/62, sel 15/16)
Training agent 3 (115) with agent 0 fixed (pbt 33/62, sel 16/16)
Evaluated agent 0 and 0: dense_per_step=0.0900
Evaluated agent 0 and 1: dense_per_step=0.0800
Evaluated agent 0 and 2: dense_per_step=0.0750
Evaluated agent 0 and 3: dense_per_step=0.0550
Evaluated agent 0 and 4: dense_per_step=0.0950
Evaluated agent 1 and 1: dense_per_step=0.0850
Evaluated agent 1 and 2: dense_per_step=0.0650
Evaluated agent 1 and 3: dense_per_step=0.0500
Evaluated agent 1 and 4: dense_per_step=0.0850
Evaluated agent 2 and 2: dense_per_step=0.0750
Evaluated agent 2 and 3: dense_per_step=0.0500
Evaluated agent 2 and 4: dense_per_step=0.0950
Evaluated agent 3 and 3: dense_per_step=0.0650
Evaluated agent 3 and 4: dense_per_step=0.0850
Evaluated agent 4 and 4: dense_per_step=0.0650
Overwrote worst model 3 (0.0610) with best model 4 (0.0850); mutations={'LR': (0.000234375, 0.00029296875, 1.25), 'UPDATE_EPOCHS': (8, 6, 0.75), 'ENT_COEF': (0.005625, 0.007031249999999999, 1.25), 'VF_COEF': (0.46875, 0.3515625, 0.75)}

PBT ITERATION NUM 34
Training agent 1 (115) with agent 0 fixed (pbt 34/62, sel 1/16)
Training agent 1 (116) with agent 4 fixed (pbt 34/62, sel 2/16)
Training agent 1 (117) with agent 2 fixed (pbt 34/62, sel 3/16)
Training agent 3 (115) with agent 2 fixed (pbt 34/62, sel 4/16)
Training agent 0 (113) with agent 0 fixed (pbt 34/62, sel 5/16)
Training agent 0 (114) with agent 2 fixed (pbt 34/62, sel 6/16)
Training agent 1 (118) with agent 3 fixed (pbt 34/62, sel 7/16)
Training agent 3 (116) with agent 0 fixed (pbt 34/62, sel 8/16)
Training agent 2 (116) with agent 3 fixed (pbt 34/62, sel 9/16)
Training agent 4 (115) with agent 3 fixed (pbt 34/62, sel 10/16)
Training agent 2 (117) with agent 2 fixed (pbt 34/62, sel 11/16)
Training agent 3 (117) with agent 3 fixed (pbt 34/62, sel 12/16)
Training agent 3 (118) with agent 4 fixed (pbt 34/62, sel 13/16)
Training agent 2 (118) with agent 4 fixed (pbt 34/62, sel 14/16)
Training agent 4 (116) with agent 1 fixed (pbt 34/62, sel 15/16)
Training agent 0 (115) with agent 4 fixed (pbt 34/62, sel 16/16)
Evaluated agent 0 and 0: dense_per_step=0.0700
Evaluated agent 0 and 1: dense_per_step=0.0700
Evaluated agent 0 and 2: dense_per_step=0.1000
Evaluated agent 0 and 3: dense_per_step=0.0850
Evaluated agent 0 and 4: dense_per_step=0.0700
Evaluated agent 1 and 1: dense_per_step=0.0500
Evaluated agent 1 and 2: dense_per_step=0.0650
Evaluated agent 1 and 3: dense_per_step=0.1000
Evaluated agent 1 and 4: dense_per_step=0.1000
Evaluated agent 2 and 2: dense_per_step=0.0800
Evaluated agent 2 and 3: dense_per_step=0.0700
Evaluated agent 2 and 4: dense_per_step=0.0600
Evaluated agent 3 and 3: dense_per_step=0.0800
Evaluated agent 3 and 4: dense_per_step=0.0450
Evaluated agent 4 and 4: dense_per_step=0.0650
Overwrote worst model 4 (0.0680) with best model 0 (0.0790); mutations={'LR': (0.00017578125, 0.00021972656249999998, 1.25)}

PBT ITERATION NUM 35
Training agent 4 (116) with agent 1 fixed (pbt 35/62, sel 1/16)
Training agent 3 (119) with agent 2 fixed (pbt 35/62, sel 2/16)
Training agent 0 (116) with agent 4 fixed (pbt 35/62, sel 3/16)
Training agent 2 (119) with agent 0 fixed (pbt 35/62, sel 4/16)
Training agent 1 (119) with agent 4 fixed (pbt 35/62, sel 5/16)
Training agent 2 (120) with agent 1 fixed (pbt 35/62, sel 6/16)
Training agent 0 (117) with agent 1 fixed (pbt 35/62, sel 7/16)
Training agent 0 (118) with agent 2 fixed (pbt 35/62, sel 8/16)
Training agent 2 (121) with agent 3 fixed (pbt 35/62, sel 9/16)
Training agent 1 (120) with agent 1 fixed (pbt 35/62, sel 10/16)
Training agent 0 (119) with agent 3 fixed (pbt 35/62, sel 11/16)
Training agent 0 (120) with agent 0 fixed (pbt 35/62, sel 12/16)
Training agent 3 (120) with agent 4 fixed (pbt 35/62, sel 13/16)
Training agent 1 (121) with agent 3 fixed (pbt 35/62, sel 14/16)
Training agent 4 (117) with agent 0 fixed (pbt 35/62, sel 15/16)
Training agent 3 (121) with agent 3 fixed (pbt 35/62, sel 16/16)
Evaluated agent 0 and 0: dense_per_step=0.0750
Evaluated agent 0 and 1: dense_per_step=0.0800
Evaluated agent 0 and 2: dense_per_step=0.0600
Evaluated agent 0 and 3: dense_per_step=0.0500
Evaluated agent 0 and 4: dense_per_step=0.0750
Evaluated agent 1 and 1: dense_per_step=0.0600
Evaluated agent 1 and 2: dense_per_step=0.0850
Evaluated agent 1 and 3: dense_per_step=0.0550
Evaluated agent 1 and 4: dense_per_step=0.1300
Evaluated agent 2 and 2: dense_per_step=0.0650
Evaluated agent 2 and 3: dense_per_step=0.0850
Evaluated agent 2 and 4: dense_per_step=0.0600
Evaluated agent 3 and 3: dense_per_step=0.0950
Evaluated agent 3 and 4: dense_per_step=0.0650
Evaluated agent 4 and 4: dense_per_step=0.0450
Overwrote worst model 0 (0.0680) with best model 1 (0.0820); mutations={'UPDATE_EPOCHS': (8, 10, 1.25), 'VF_COEF': (0.5859375, 0.439453125, 0.75)}

PBT ITERATION NUM 36
Training agent 4 (118) with agent 0 fixed (pbt 36/62, sel 1/16)
Training agent 0 (122) with agent 0 fixed (pbt 36/62, sel 2/16)
Training agent 3 (122) with agent 1 fixed (pbt 36/62, sel 3/16)
Training agent 1 (122) with agent 2 fixed (pbt 36/62, sel 4/16)
Training agent 4 (119) with agent 4 fixed (pbt 36/62, sel 5/16)
Training agent 0 (123) with agent 2 fixed (pbt 36/62, sel 6/16)
Training agent 2 (122) with agent 1 fixed (pbt 36/62, sel 7/16)
Training agent 4 (120) with agent 3 fixed (pbt 36/62, sel 8/16)
Training agent 4 (121) with agent 2 fixed (pbt 36/62, sel 9/16)
Training agent 3 (123) with agent 0 fixed (pbt 36/62, sel 10/16)
Training agent 2 (123) with agent 4 fixed (pbt 36/62, sel 11/16)
Training agent 3 (124) with agent 2 fixed (pbt 36/62, sel 12/16)
Training agent 2 (124) with agent 3 fixed (pbt 36/62, sel 13/16)
Training agent 1 (123) with agent 0 fixed (pbt 36/62, sel 14/16)
Training agent 3 (125) with agent 4 fixed (pbt 36/62, sel 15/16)
Training agent 0 (124) with agent 4 fixed (pbt 36/62, sel 16/16)
Evaluated agent 0 and 0: dense_per_step=0.0950
Evaluated agent 0 and 1: dense_per_step=0.0750
Evaluated agent 0 and 2: dense_per_step=0.0850
Evaluated agent 0 and 3: dense_per_step=0.0800
Evaluated agent 0 and 4: dense_per_step=0.0700
Evaluated agent 1 and 1: dense_per_step=0.1000
Evaluated agent 1 and 2: dense_per_step=0.0950
Evaluated agent 1 and 3: dense_per_step=0.0850
Evaluated agent 1 and 4: dense_per_step=0.0850
Evaluated agent 2 and 2: dense_per_step=0.0650
Evaluated agent 2 and 3: dense_per_step=0.1050
Evaluated agent 2 and 4: dense_per_step=0.0750
Evaluated agent 3 and 3: dense_per_step=0.1150
Evaluated agent 3 and 4: dense_per_step=0.0650
Evaluated agent 4 and 4: dense_per_step=0.0950
--> Saved PBT population member 3 at step 36 to checkpoints/pbt/forced_coord/baseline_seed_3_step_36.msgpack
Overwrote worst model 4 (0.0780) with best model 3 (0.0900); mutations={'VF_COEF': (0.3515625, 0.439453125, 1.25)}

PBT ITERATION NUM 37
Training agent 2 (125) with agent 4 fixed (pbt 37/62, sel 1/16)
Training agent 4 (126) with agent 0 fixed (pbt 37/62, sel 2/16)
Training agent 0 (125) with agent 0 fixed (pbt 37/62, sel 3/16)
Training agent 1 (124) with agent 1 fixed (pbt 37/62, sel 4/16)
Training agent 4 (127) with agent 2 fixed (pbt 37/62, sel 5/16)
Training agent 4 (128) with agent 3 fixed (pbt 37/62, sel 6/16)
Training agent 3 (126) with agent 1 fixed (pbt 37/62, sel 7/16)
Training agent 2 (126) with agent 2 fixed (pbt 37/62, sel 8/16)
Training agent 3 (127) with agent 4 fixed (pbt 37/62, sel 9/16)
Training agent 2 (127) with agent 0 fixed (pbt 37/62, sel 10/16)
Training agent 4 (129) with agent 1 fixed (pbt 37/62, sel 11/16)
Training agent 1 (125) with agent 2 fixed (pbt 37/62, sel 12/16)
Training agent 0 (126) with agent 3 fixed (pbt 37/62, sel 13/16)
Training agent 3 (128) with agent 3 fixed (pbt 37/62, sel 14/16)
Training agent 1 (126) with agent 0 fixed (pbt 37/62, sel 15/16)
Training agent 1 (127) with agent 3 fixed (pbt 37/62, sel 16/16)
Evaluated agent 0 and 0: dense_per_step=0.0650
Evaluated agent 0 and 1: dense_per_step=0.0750
Evaluated agent 0 and 2: dense_per_step=0.0750
Evaluated agent 0 and 3: dense_per_step=0.0850
Evaluated agent 0 and 4: dense_per_step=0.0600
Evaluated agent 1 and 1: dense_per_step=0.0900
Evaluated agent 1 and 2: dense_per_step=0.0750
Evaluated agent 1 and 3: dense_per_step=0.0950
Evaluated agent 1 and 4: dense_per_step=0.0650
Evaluated agent 2 and 2: dense_per_step=0.0900
Evaluated agent 2 and 3: dense_per_step=0.1150
Evaluated agent 2 and 4: dense_per_step=0.0400
Evaluated agent 3 and 3: dense_per_step=0.0650
Evaluated agent 3 and 4: dense_per_step=0.0600
Evaluated agent 4 and 4: dense_per_step=0.0650
Overwrote worst model 4 (0.0580) with best model 3 (0.0840); mutations={'GAE_LAMBDA': (0.9437499999999999, 0.9156249999999998, 0.75), 'CLIP_EPS': (0.084375, 0.06328125000000001, 0.75)}

PBT ITERATION NUM 38
Training agent 2 (128) with agent 1 fixed (pbt 38/62, sel 1/16)
Training agent 1 (128) with agent 3 fixed (pbt 38/62, sel 2/16)
Training agent 2 (129) with agent 2 fixed (pbt 38/62, sel 3/16)
Training agent 0 (127) with agent 4 fixed (pbt 38/62, sel 4/16)
Training agent 1 (129) with agent 2 fixed (pbt 38/62, sel 5/16)
Training agent 2 (130) with agent 3 fixed (pbt 38/62, sel 6/16)
Training agent 1 (130) with agent 1 fixed (pbt 38/62, sel 7/16)
Training agent 3 (129) with agent 4 fixed (pbt 38/62, sel 8/16)
Training agent 4 (129) with agent 3 fixed (pbt 38/62, sel 9/16)
Training agent 0 (128) with agent 0 fixed (pbt 38/62, sel 10/16)
Training agent 0 (129) with agent 2 fixed (pbt 38/62, sel 11/16)
Training agent 4 (130) with agent 0 fixed (pbt 38/62, sel 12/16)
Training agent 1 (131) with agent 4 fixed (pbt 38/62, sel 13/16)
Training agent 4 (131) with agent 2 fixed (pbt 38/62, sel 14/16)
Training agent 1 (132) with agent 0 fixed (pbt 38/62, sel 15/16)
Training agent 3 (130) with agent 1 fixed (pbt 38/62, sel 16/16)
Evaluated agent 0 and 0: dense_per_step=0.0850
Evaluated agent 0 and 1: dense_per_step=0.0850
Evaluated agent 0 and 2: dense_per_step=0.1050
Evaluated agent 0 and 3: dense_per_step=0.0750
Evaluated agent 0 and 4: dense_per_step=0.1100
Evaluated agent 1 and 1: dense_per_step=0.1100
Evaluated agent 1 and 2: dense_per_step=0.0600
Evaluated agent 1 and 3: dense_per_step=0.0900
Evaluated agent 1 and 4: dense_per_step=0.1300
Evaluated agent 2 and 2: dense_per_step=0.0750
Evaluated agent 2 and 3: dense_per_step=0.0800
Evaluated agent 2 and 4: dense_per_step=0.0850
Evaluated agent 3 and 3: dense_per_step=0.1350
Evaluated agent 3 and 4: dense_per_step=0.0850
Evaluated agent 4 and 4: dense_per_step=0.0850
--> Saved PBT population member 0 at step 38 to checkpoints/pbt/forced_coord/baseline_seed_0_step_38.msgpack
--> Saved PBT population member 1 at step 38 to checkpoints/pbt/forced_coord/baseline_seed_1_step_38.msgpack
--> Saved PBT population member 3 at step 38 to checkpoints/pbt/forced_coord/baseline_seed_3_step_38.msgpack
--> Saved PBT population member 4 at step 38 to checkpoints/pbt/forced_coord/baseline_seed_4_step_38.msgpack
Overwrote worst model 2 (0.0810) with best model 4 (0.0990); mutations={'LR': (0.00029296875, 0.0003662109375, 1.25), 'ENT_COEF': (0.007031249999999999, 0.0087890625, 1.25), 'VF_COEF': (0.3515625, 0.263671875, 0.75)}

PBT ITERATION NUM 39
Training agent 2 (132) with agent 4 fixed (pbt 39/62, sel 1/16)
Training agent 3 (131) with agent 3 fixed (pbt 39/62, sel 2/16)
Training agent 3 (132) with agent 1 fixed (pbt 39/62, sel 3/16)
Training agent 2 (133) with agent 0 fixed (pbt 39/62, sel 4/16)
Training agent 3 (133) with agent 2 fixed (pbt 39/62, sel 5/16)
Training agent 2 (134) with agent 3 fixed (pbt 39/62, sel 6/16)
Training agent 4 (132) with agent 2 fixed (pbt 39/62, sel 7/16)
Training agent 4 (133) with agent 4 fixed (pbt 39/62, sel 8/16)
Training agent 1 (133) with agent 3 fixed (pbt 39/62, sel 9/16)
Training agent 1 (134) with agent 2 fixed (pbt 39/62, sel 10/16)
Training agent 0 (130) with agent 2 fixed (pbt 39/62, sel 11/16)
Training agent 4 (134) with agent 1 fixed (pbt 39/62, sel 12/16)
Training agent 4 (135) with agent 3 fixed (pbt 39/62, sel 13/16)
Training agent 1 (135) with agent 0 fixed (pbt 39/62, sel 14/16)
Training agent 3 (134) with agent 4 fixed (pbt 39/62, sel 15/16)
Training agent 1 (136) with agent 1 fixed (pbt 39/62, sel 16/16)
Evaluated agent 0 and 0: dense_per_step=0.0850
Evaluated agent 0 and 1: dense_per_step=0.0900
Evaluated agent 0 and 2: dense_per_step=0.0800
Evaluated agent 0 and 3: dense_per_step=0.0600
Evaluated agent 0 and 4: dense_per_step=0.0900
Evaluated agent 1 and 1: dense_per_step=0.0950
Evaluated agent 1 and 2: dense_per_step=0.0650
Evaluated agent 1 and 3: dense_per_step=0.0450
Evaluated agent 1 and 4: dense_per_step=0.1150
Evaluated agent 2 and 2: dense_per_step=0.0600
Evaluated agent 2 and 3: dense_per_step=0.0750
Evaluated agent 2 and 4: dense_per_step=0.1050
Evaluated agent 3 and 3: dense_per_step=0.0800
Evaluated agent 3 and 4: dense_per_step=0.1150
Evaluated agent 4 and 4: dense_per_step=0.0900
--> Saved PBT population member 4 at step 39 to checkpoints/pbt/forced_coord/baseline_seed_4_step_39.msgpack
Overwrote worst model 3 (0.0750) with best model 4 (0.1030); mutations={'GAE_LAMBDA': (0.9156249999999998, 0.9578125, 0.75), 'CLIP_EPS': (0.06328125000000001, 0.07910156250000001, 1.25), 'LR': (0.00029296875, 0.00021972656249999998, 0.75)}

PBT ITERATION NUM 40
Training agent 4 (136) with agent 2 fixed (pbt 40/62, sel 1/16)
Training agent 0 (131) with agent 4 fixed (pbt 40/62, sel 2/16)
Training agent 2 (135) with agent 1 fixed (pbt 40/62, sel 3/16)
Training agent 0 (132) with agent 3 fixed (pbt 40/62, sel 4/16)
Training agent 4 (137) with agent 0 fixed (pbt 40/62, sel 5/16)
Training agent 2 (136) with agent 2 fixed (pbt 40/62, sel 6/16)
Training agent 4 (138) with agent 1 fixed (pbt 40/62, sel 7/16)
Training agent 3 (136) with agent 0 fixed (pbt 40/62, sel 8/16)
Training agent 1 (137) with agent 0 fixed (pbt 40/62, sel 9/16)
Training agent 0 (133) with agent 2 fixed (pbt 40/62, sel 10/16)
Training agent 3 (137) with agent 3 fixed (pbt 40/62, sel 11/16)
Training agent 0 (134) with agent 1 fixed (pbt 40/62, sel 12/16)
Training agent 1 (138) with agent 3 fixed (pbt 40/62, sel 13/16)
Training agent 3 (138) with agent 2 fixed (pbt 40/62, sel 14/16)
Training agent 3 (139) with agent 4 fixed (pbt 40/62, sel 15/16)
Training agent 1 (139) with agent 1 fixed (pbt 40/62, sel 16/16)
Evaluated agent 0 and 0: dense_per_step=0.0900
Evaluated agent 0 and 1: dense_per_step=0.0750
Evaluated agent 0 and 2: dense_per_step=0.0800
Evaluated agent 0 and 3: dense_per_step=0.0300
Evaluated agent 0 and 4: dense_per_step=0.0450
Evaluated agent 1 and 1: dense_per_step=0.0750
Evaluated agent 1 and 2: dense_per_step=0.0800
Evaluated agent 1 and 3: dense_per_step=0.0900
Evaluated agent 1 and 4: dense_per_step=0.1050
Evaluated agent 2 and 2: dense_per_step=0.0900
Evaluated agent 2 and 3: dense_per_step=0.0700
Evaluated agent 2 and 4: dense_per_step=0.0850
Evaluated agent 3 and 3: dense_per_step=0.0950
Evaluated agent 3 and 4: dense_per_step=0.0850
Evaluated agent 4 and 4: dense_per_step=0.0950
Overwrote worst model 0 (0.0640) with best model 1 (0.0850); mutations={'LR': (0.000234375, 0.00029296875, 1.25), 'ENT_COEF': (0.005625, 0.00421875, 0.75), 'VF_COEF': (0.5859375, 0.732421875, 1.25)}

PBT ITERATION NUM 41
Training agent 0 (140) with agent 4 fixed (pbt 41/62, sel 1/16)
Training agent 1 (140) with agent 1 fixed (pbt 41/62, sel 2/16)
Training agent 3 (140) with agent 4 fixed (pbt 41/62, sel 3/16)
Training agent 4 (139) with agent 3 fixed (pbt 41/62, sel 4/16)
Training agent 1 (141) with agent 3 fixed (pbt 41/62, sel 5/16)
Training agent 2 (137) with agent 3 fixed (pbt 41/62, sel 6/16)
Training agent 3 (141) with agent 3 fixed (pbt 41/62, sel 7/16)
Training agent 2 (138) with agent 4 fixed (pbt 41/62, sel 8/16)
Training agent 2 (139) with agent 1 fixed (pbt 41/62, sel 9/16)
Training agent 0 (141) with agent 0 fixed (pbt 41/62, sel 10/16)
Training agent 4 (140) with agent 1 fixed (pbt 41/62, sel 11/16)
Training agent 4 (141) with agent 4 fixed (pbt 41/62, sel 12/16)
Training agent 3 (142) with agent 1 fixed (pbt 41/62, sel 13/16)
Training agent 1 (142) with agent 2 fixed (pbt 41/62, sel 14/16)
Training agent 0 (142) with agent 2 fixed (pbt 41/62, sel 15/16)
Training agent 1 (143) with agent 0 fixed (pbt 41/62, sel 16/16)
Evaluated agent 0 and 0: dense_per_step=0.0650
Evaluated agent 0 and 1: dense_per_step=0.1100
Evaluated agent 0 and 2: dense_per_step=0.0900
Evaluated agent 0 and 3: dense_per_step=0.1000
Evaluated agent 0 and 4: dense_per_step=0.0650
Evaluated agent 1 and 1: dense_per_step=0.0800
Evaluated agent 1 and 2: dense_per_step=0.0800
Evaluated agent 1 and 3: dense_per_step=0.0750
Evaluated agent 1 and 4: dense_per_step=0.0950
Evaluated agent 2 and 2: dense_per_step=0.0700
Evaluated agent 2 and 3: dense_per_step=0.1050
Evaluated agent 2 and 4: dense_per_step=0.0450
Evaluated agent 3 and 3: dense_per_step=0.0950
Evaluated agent 3 and 4: dense_per_step=0.0950
Evaluated agent 4 and 4: dense_per_step=0.0650
--> Saved PBT population member 3 at step 41 to checkpoints/pbt/forced_coord/baseline_seed_3_step_41.msgpack
Overwrote worst model 4 (0.0730) with best model 3 (0.0940); mutations={'CLIP_EPS': (0.07910156250000001, 0.059326171875000014, 0.75)}

PBT ITERATION NUM 42
Training agent 0 (143) with agent 3 fixed (pbt 42/62, sel 1/16)
Training agent 3 (143) with agent 4 fixed (pbt 42/62, sel 2/16)
Training agent 3 (144) with agent 3 fixed (pbt 42/62, sel 3/16)
Training agent 4 (143) with agent 3 fixed (pbt 42/62, sel 4/16)
Training agent 0 (144) with agent 1 fixed (pbt 42/62, sel 5/16)
Training agent 1 (144) with agent 3 fixed (pbt 42/62, sel 6/16)
Training agent 0 (145) with agent 2 fixed (pbt 42/62, sel 7/16)
Training agent 0 (146) with agent 0 fixed (pbt 42/62, sel 8/16)
Training agent 2 (140) with agent 2 fixed (pbt 42/62, sel 9/16)
Training agent 3 (145) with agent 0 fixed (pbt 42/62, sel 10/16)
Training agent 1 (145) with agent 4 fixed (pbt 42/62, sel 11/16)
Training agent 2 (141) with agent 3 fixed (pbt 42/62, sel 12/16)
Training agent 3 (146) with agent 2 fixed (pbt 42/62, sel 13/16)
Training agent 0 (147) with agent 4 fixed (pbt 42/62, sel 14/16)
Training agent 1 (146) with agent 2 fixed (pbt 42/62, sel 15/16)
Training agent 4 (144) with agent 2 fixed (pbt 42/62, sel 16/16)
Evaluated agent 0 and 0: dense_per_step=0.0800
Evaluated agent 0 and 1: dense_per_step=0.0850
Evaluated agent 0 and 2: dense_per_step=0.0900
Evaluated agent 0 and 3: dense_per_step=0.0850
Evaluated agent 0 and 4: dense_per_step=0.0650
Evaluated agent 1 and 1: dense_per_step=0.1000
Evaluated agent 1 and 2: dense_per_step=0.0850
Evaluated agent 1 and 3: dense_per_step=0.0700
Evaluated agent 1 and 4: dense_per_step=0.0600
Evaluated agent 2 and 2: dense_per_step=0.1200
Evaluated agent 2 and 3: dense_per_step=0.0650
Evaluated agent 2 and 4: dense_per_step=0.0850
Evaluated agent 3 and 3: dense_per_step=0.1250
Evaluated agent 3 and 4: dense_per_step=0.1100
Evaluated agent 4 and 4: dense_per_step=0.1050
Overwrote worst model 1 (0.0800) with best model 3 (0.0910); mutations={'CLIP_EPS': (0.07910156250000001, 0.059326171875000014, 0.75), 'ENT_COEF': (0.007031249999999999, 0.0087890625, 1.25)}

PBT ITERATION NUM 43
Training agent 1 (147) with agent 3 fixed (pbt 43/62, sel 1/16)
Training agent 0 (148) with agent 1 fixed (pbt 43/62, sel 2/16)
Training agent 2 (142) with agent 1 fixed (pbt 43/62, sel 3/16)
Training agent 2 (143) with agent 3 fixed (pbt 43/62, sel 4/16)
Training agent 3 (147) with agent 3 fixed (pbt 43/62, sel 5/16)
Training agent 3 (148) with agent 4 fixed (pbt 43/62, sel 6/16)
Training agent 0 (149) with agent 0 fixed (pbt 43/62, sel 7/16)
Training agent 4 (145) with agent 4 fixed (pbt 43/62, sel 8/16)
Training agent 4 (146) with agent 2 fixed (pbt 43/62, sel 9/16)
Training agent 4 (147) with agent 1 fixed (pbt 43/62, sel 10/16)
Training agent 1 (148) with agent 4 fixed (pbt 43/62, sel 11/16)
Training agent 1 (149) with agent 1 fixed (pbt 43/62, sel 12/16)
Training agent 1 (150) with agent 2 fixed (pbt 43/62, sel 13/16)
Training agent 3 (149) with agent 2 fixed (pbt 43/62, sel 14/16)
Training agent 1 (151) with agent 0 fixed (pbt 43/62, sel 15/16)
Training agent 3 (150) with agent 1 fixed (pbt 43/62, sel 16/16)
Evaluated agent 0 and 0: dense_per_step=0.1050
Evaluated agent 0 and 1: dense_per_step=0.0850
Evaluated agent 0 and 2: dense_per_step=0.1200
Evaluated agent 0 and 3: dense_per_step=0.0950
Evaluated agent 0 and 4: dense_per_step=0.0850
Evaluated agent 1 and 1: dense_per_step=0.0600
Evaluated agent 1 and 2: dense_per_step=0.0650
Evaluated agent 1 and 3: dense_per_step=0.0750
Evaluated agent 1 and 4: dense_per_step=0.0900
Evaluated agent 2 and 2: dense_per_step=0.1000
Evaluated agent 2 and 3: dense_per_step=0.1200
Evaluated agent 2 and 4: dense_per_step=0.0900
Evaluated agent 3 and 3: dense_per_step=0.0800
Evaluated agent 3 and 4: dense_per_step=0.0800
Evaluated agent 4 and 4: dense_per_step=0.0750
--> Saved PBT population member 0 at step 43 to checkpoints/pbt/forced_coord/baseline_seed_0_step_43.msgpack
--> Saved PBT population member 2 at step 43 to checkpoints/pbt/forced_coord/baseline_seed_2_step_43.msgpack
Overwrote worst model 1 (0.0750) with best model 2 (0.0990); mutations={'CLIP_EPS': (0.06328125000000001, 0.04746093750000001, 0.75), 'LR': (0.0003662109375, 0.000274658203125, 0.75)}

PBT ITERATION NUM 44
Training agent 3 (151) with agent 1 fixed (pbt 44/62, sel 1/16)
Training agent 1 (144) with agent 4 fixed (pbt 44/62, sel 2/16)
Training agent 1 (145) with agent 3 fixed (pbt 44/62, sel 3/16)
Training agent 2 (144) with agent 4 fixed (pbt 44/62, sel 4/16)
Training agent 3 (152) with agent 4 fixed (pbt 44/62, sel 5/16)
Training agent 3 (153) with agent 2 fixed (pbt 44/62, sel 6/16)
Training agent 1 (146) with agent 0 fixed (pbt 44/62, sel 7/16)
Training agent 2 (145) with agent 2 fixed (pbt 44/62, sel 8/16)
Training agent 4 (148) with agent 2 fixed (pbt 44/62, sel 9/16)
Training agent 2 (146) with agent 1 fixed (pbt 44/62, sel 10/16)
Training agent 0 (150) with agent 1 fixed (pbt 44/62, sel 11/16)
Training agent 0 (151) with agent 3 fixed (pbt 44/62, sel 12/16)
Training agent 0 (152) with agent 2 fixed (pbt 44/62, sel 13/16)
Training agent 4 (149) with agent 3 fixed (pbt 44/62, sel 14/16)
Training agent 1 (147) with agent 1 fixed (pbt 44/62, sel 15/16)
Training agent 4 (150) with agent 1 fixed (pbt 44/62, sel 16/16)
Evaluated agent 0 and 0: dense_per_step=0.0650
Evaluated agent 0 and 1: dense_per_step=0.0950
Evaluated agent 0 and 2: dense_per_step=0.0900
Evaluated agent 0 and 3: dense_per_step=0.0500
Evaluated agent 0 and 4: dense_per_step=0.0850
Evaluated agent 1 and 1: dense_per_step=0.0800
Evaluated agent 1 and 2: dense_per_step=0.0850
Evaluated agent 1 and 3: dense_per_step=0.0800
Evaluated agent 1 and 4: dense_per_step=0.0350
Evaluated agent 2 and 2: dense_per_step=0.1050
Evaluated agent 2 and 3: dense_per_step=0.0800
Evaluated agent 2 and 4: dense_per_step=0.0900
Evaluated agent 3 and 3: dense_per_step=0.0800
Evaluated agent 3 and 4: dense_per_step=0.0850
Evaluated agent 4 and 4: dense_per_step=0.0800
Overwrote worst model 4 (0.0750) with best model 2 (0.0900); mutations={'CLIP_EPS': (0.06328125000000001, 0.07910156250000001, 1.25), 'ENT_COEF': (0.0087890625, 0.010986328125, 1.25), 'VF_COEF': (0.263671875, 0.19775390625, 0.75)}

PBT ITERATION NUM 45
Training agent 1 (148) with agent 1 fixed (pbt 45/62, sel 1/16)
Training agent 1 (149) with agent 2 fixed (pbt 45/62, sel 2/16)
Training agent 4 (147) with agent 1 fixed (pbt 45/62, sel 3/16)
Training agent 0 (153) with agent 3 fixed (pbt 45/62, sel 4/16)
Training agent 0 (154) with agent 2 fixed (pbt 45/62, sel 5/16)
Training agent 2 (147) with agent 3 fixed (pbt 45/62, sel 6/16)
Training agent 2 (148) with agent 2 fixed (pbt 45/62, sel 7/16)
Training agent 3 (154) with agent 3 fixed (pbt 45/62, sel 8/16)
Training agent 0 (155) with agent 4 fixed (pbt 45/62, sel 9/16)
Training agent 3 (155) with agent 4 fixed (pbt 45/62, sel 10/16)
Training agent 4 (148) with agent 3 fixed (pbt 45/62, sel 11/16)
Training agent 0 (156) with agent 1 fixed (pbt 45/62, sel 12/16)
Training agent 2 (149) with agent 4 fixed (pbt 45/62, sel 13/16)
Training agent 3 (156) with agent 1 fixed (pbt 45/62, sel 14/16)
Training agent 2 (150) with agent 0 fixed (pbt 45/62, sel 15/16)
Training agent 2 (151) with agent 1 fixed (pbt 45/62, sel 16/16)
Evaluated agent 0 and 0: dense_per_step=0.1050
Evaluated agent 0 and 1: dense_per_step=0.0950
Evaluated agent 0 and 2: dense_per_step=0.0800
Evaluated agent 0 and 3: dense_per_step=0.0600
Evaluated agent 0 and 4: dense_per_step=0.0600
Evaluated agent 1 and 1: dense_per_step=0.1150
Evaluated agent 1 and 2: dense_per_step=0.0700
Evaluated agent 1 and 3: dense_per_step=0.0900
Evaluated agent 1 and 4: dense_per_step=0.1000
Evaluated agent 2 and 2: dense_per_step=0.0850
Evaluated agent 2 and 3: dense_per_step=0.0650
Evaluated agent 2 and 4: dense_per_step=0.1300
Evaluated agent 3 and 3: dense_per_step=0.0850
Evaluated agent 3 and 4: dense_per_step=0.0900
Evaluated agent 4 and 4: dense_per_step=0.0950
Overwrote worst model 3 (0.0780) with best model 4 (0.0950); mutations={'CLIP_EPS': (0.07910156250000001, 0.059326171875000014, 0.75)}

PBT ITERATION NUM 46
Training agent 4 (149) with agent 4 fixed (pbt 46/62, sel 1/16)
Training agent 3 (149) with agent 2 fixed (pbt 46/62, sel 2/16)
Training agent 4 (150) with agent 1 fixed (pbt 46/62, sel 3/16)
Training agent 1 (150) with agent 1 fixed (pbt 46/62, sel 4/16)
Training agent 1 (151) with agent 3 fixed (pbt 46/62, sel 5/16)
Training agent 2 (152) with agent 4 fixed (pbt 46/62, sel 6/16)
Training agent 2 (153) with agent 1 fixed (pbt 46/62, sel 7/16)
Training agent 1 (152) with agent 4 fixed (pbt 46/62, sel 8/16)
Training agent 1 (153) with agent 2 fixed (pbt 46/62, sel 9/16)
Training agent 2 (154) with agent 3 fixed (pbt 46/62, sel 10/16)
Training agent 4 (151) with agent 2 fixed (pbt 46/62, sel 11/16)
Training agent 2 (155) with agent 2 fixed (pbt 46/62, sel 12/16)
Training agent 3 (150) with agent 4 fixed (pbt 46/62, sel 13/16)
Training agent 0 (157) with agent 0 fixed (pbt 46/62, sel 14/16)
Training agent 0 (158) with agent 2 fixed (pbt 46/62, sel 15/16)
Training agent 3 (151) with agent 1 fixed (pbt 46/62, sel 16/16)
Evaluated agent 0 and 0: dense_per_step=0.0750
Evaluated agent 0 and 1: dense_per_step=0.0750
Evaluated agent 0 and 2: dense_per_step=0.0850
Evaluated agent 0 and 3: dense_per_step=0.0450
Evaluated agent 0 and 4: dense_per_step=0.0750
Evaluated agent 1 and 1: dense_per_step=0.0950
Evaluated agent 1 and 2: dense_per_step=0.0650
Evaluated agent 1 and 3: dense_per_step=0.0650
Evaluated agent 1 and 4: dense_per_step=0.0700
Evaluated agent 2 and 2: dense_per_step=0.1250
Evaluated agent 2 and 3: dense_per_step=0.0950
Evaluated agent 2 and 4: dense_per_step=0.0550
Evaluated agent 3 and 3: dense_per_step=0.0950
Evaluated agent 3 and 4: dense_per_step=0.0800
Evaluated agent 4 and 4: dense_per_step=0.0750
Overwrote worst model 0 (0.0710) with best model 2 (0.0850); mutations={'VF_COEF': (0.263671875, 0.32958984375, 1.25)}

PBT ITERATION NUM 47
Training agent 2 (156) with agent 1 fixed (pbt 47/62, sel 1/16)
Training agent 2 (157) with agent 0 fixed (pbt 47/62, sel 2/16)
Training agent 0 (156) with agent 4 fixed (pbt 47/62, sel 3/16)
Training agent 4 (152) with agent 4 fixed (pbt 47/62, sel 4/16)
Training agent 0 (157) with agent 1 fixed (pbt 47/62, sel 5/16)
Training agent 3 (152) with agent 1 fixed (pbt 47/62, sel 6/16)
Training agent 2 (158) with agent 3 fixed (pbt 47/62, sel 7/16)
Training agent 3 (153) with agent 3 fixed (pbt 47/62, sel 8/16)
Training agent 1 (154) with agent 2 fixed (pbt 47/62, sel 9/16)
Training agent 1 (155) with agent 0 fixed (pbt 47/62, sel 10/16)
Training agent 0 (158) with agent 3 fixed (pbt 47/62, sel 11/16)
Training agent 1 (156) with agent 1 fixed (pbt 47/62, sel 12/16)
Training agent 0 (159) with agent 0 fixed (pbt 47/62, sel 13/16)
Training agent 4 (153) with agent 0 fixed (pbt 47/62, sel 14/16)
Training agent 0 (160) with agent 2 fixed (pbt 47/62, sel 15/16)
Training agent 3 (154) with agent 4 fixed (pbt 47/62, sel 16/16)
Evaluated agent 0 and 0: dense_per_step=0.1000
Evaluated agent 0 and 1: dense_per_step=0.0750
Evaluated agent 0 and 2: dense_per_step=0.0750
Evaluated agent 0 and 3: dense_per_step=0.0750
Evaluated agent 0 and 4: dense_per_step=0.0400
Evaluated agent 1 and 1: dense_per_step=0.1150
Evaluated agent 1 and 2: dense_per_step=0.0600
Evaluated agent 1 and 3: dense_per_step=0.0600
Evaluated agent 1 and 4: dense_per_step=0.0750
Evaluated agent 2 and 2: dense_per_step=0.0950
Evaluated agent 2 and 3: dense_per_step=0.0800
Evaluated agent 2 and 4: dense_per_step=0.0650
Evaluated agent 3 and 3: dense_per_step=0.1050
Evaluated agent 3 and 4: dense_per_step=0.0800
Evaluated agent 4 and 4: dense_per_step=0.0850
Overwrote worst model 4 (0.0690) with best model 3 (0.0800); mutations={'GAE_LAMBDA': (0.9156249999999998, 0.8734374999999996, 0.75), 'CLIP_EPS': (0.059326171875000014, 0.07415771484375001, 1.25), 'UPDATE_EPOCHS': (6, 8, 1.25)}

PBT ITERATION NUM 48
Training agent 4 (155) with agent 0 fixed (pbt 48/62, sel 1/16)
Training agent 4 (156) with agent 1 fixed (pbt 48/62, sel 2/16)
Training agent 1 (157) with agent 3 fixed (pbt 48/62, sel 3/16)
Training agent 3 (155) with agent 0 fixed (pbt 48/62, sel 4/16)
Training agent 3 (156) with agent 1 fixed (pbt 48/62, sel 5/16)
Training agent 0 (161) with agent 4 fixed (pbt 48/62, sel 6/16)
Training agent 1 (158) with agent 0 fixed (pbt 48/62, sel 7/16)
Training agent 1 (159) with agent 2 fixed (pbt 48/62, sel 8/16)
Training agent 2 (159) with agent 4 fixed (pbt 48/62, sel 9/16)
Training agent 3 (157) with agent 4 fixed (pbt 48/62, sel 10/16)
Training agent 0 (162) with agent 2 fixed (pbt 48/62, sel 11/16)
Training agent 3 (158) with agent 2 fixed (pbt 48/62, sel 12/16)
Training agent 3 (159) with agent 3 fixed (pbt 48/62, sel 13/16)
Training agent 1 (160) with agent 4 fixed (pbt 48/62, sel 14/16)
Training agent 2 (160) with agent 1 fixed (pbt 48/62, sel 15/16)
Training agent 1 (161) with agent 1 fixed (pbt 48/62, sel 16/16)
Evaluated agent 0 and 0: dense_per_step=0.1250
Evaluated agent 0 and 1: dense_per_step=0.1000
Evaluated agent 0 and 2: dense_per_step=0.0700
Evaluated agent 0 and 3: dense_per_step=0.0850
Evaluated agent 0 and 4: dense_per_step=0.0600
Evaluated agent 1 and 1: dense_per_step=0.0900
Evaluated agent 1 and 2: dense_per_step=0.1100
Evaluated agent 1 and 3: dense_per_step=0.0750
Evaluated agent 1 and 4: dense_per_step=0.0700
Evaluated agent 2 and 2: dense_per_step=0.0900
Evaluated agent 2 and 3: dense_per_step=0.0750
Evaluated agent 2 and 4: dense_per_step=0.0500
Evaluated agent 3 and 3: dense_per_step=0.0850
Evaluated agent 3 and 4: dense_per_step=0.0700
Evaluated agent 4 and 4: dense_per_step=0.1100
Overwrote worst model 4 (0.0720) with best model 1 (0.0890); mutations={'GAE_LAMBDA': (0.9156249999999998, 0.8734374999999996, 1.25), 'CLIP_EPS': (0.04746093750000001, 0.035595703125, 0.75), 'VF_COEF': (0.263671875, 0.32958984375, 1.25)}

PBT ITERATION NUM 49
Training agent 1 (162) with agent 0 fixed (pbt 49/62, sel 1/16)
Training agent 2 (161) with agent 1 fixed (pbt 49/62, sel 2/16)
Training agent 2 (162) with agent 4 fixed (pbt 49/62, sel 3/16)
Training agent 2 (163) with agent 3 fixed (pbt 49/62, sel 4/16)
Training agent 0 (163) with agent 1 fixed (pbt 49/62, sel 5/16)
Training agent 1 (163) with agent 3 fixed (pbt 49/62, sel 6/16)
Training agent 3 (160) with agent 1 fixed (pbt 49/62, sel 7/16)
Training agent 2 (164) with agent 2 fixed (pbt 49/62, sel 8/16)
Training agent 0 (164) with agent 0 fixed (pbt 49/62, sel 9/16)
Training agent 4 (162) with agent 1 fixed (pbt 49/62, sel 10/16)
Training agent 3 (161) with agent 3 fixed (pbt 49/62, sel 11/16)
Training agent 0 (165) with agent 3 fixed (pbt 49/62, sel 12/16)
Training agent 1 (164) with agent 1 fixed (pbt 49/62, sel 13/16)
Training agent 0 (166) with agent 4 fixed (pbt 49/62, sel 14/16)
Training agent 4 (163) with agent 2 fixed (pbt 49/62, sel 15/16)
Training agent 4 (164) with agent 4 fixed (pbt 49/62, sel 16/16)
Evaluated agent 0 and 0: dense_per_step=0.0650
Evaluated agent 0 and 1: dense_per_step=0.1200
Evaluated agent 0 and 2: dense_per_step=0.0700
Evaluated agent 0 and 3: dense_per_step=0.0900
Evaluated agent 0 and 4: dense_per_step=0.1050
Evaluated agent 1 and 1: dense_per_step=0.0600
Evaluated agent 1 and 2: dense_per_step=0.0750
Evaluated agent 1 and 3: dense_per_step=0.0900
Evaluated agent 1 and 4: dense_per_step=0.1050
Evaluated agent 2 and 2: dense_per_step=0.0750
Evaluated agent 2 and 3: dense_per_step=0.0600
Evaluated agent 2 and 4: dense_per_step=0.0850
Evaluated agent 3 and 3: dense_per_step=0.0850
Evaluated agent 3 and 4: dense_per_step=0.0650
Evaluated agent 4 and 4: dense_per_step=0.1050
Overwrote worst model 2 (0.0730) with best model 4 (0.0930); mutations={'ENT_COEF': (0.0087890625, 0.010986328125, 1.25)}

PBT ITERATION NUM 50
Training agent 4 (165) with agent 0 fixed (pbt 50/62, sel 1/16)
Training agent 2 (165) with agent 1 fixed (pbt 50/62, sel 2/16)
Training agent 4 (166) with agent 1 fixed (pbt 50/62, sel 3/16)
Training agent 3 (162) with agent 2 fixed (pbt 50/62, sel 4/16)
Training agent 0 (167) with agent 3 fixed (pbt 50/62, sel 5/16)
Training agent 0 (168) with agent 2 fixed (pbt 50/62, sel 6/16)
Training agent 3 (163) with agent 0 fixed (pbt 50/62, sel 7/16)
Training agent 2 (166) with agent 4 fixed (pbt 50/62, sel 8/16)
Training agent 3 (164) with agent 3 fixed (pbt 50/62, sel 9/16)
Training agent 3 (165) with agent 1 fixed (pbt 50/62, sel 10/16)
Training agent 0 (169) with agent 4 fixed (pbt 50/62, sel 11/16)
Training agent 1 (165) with agent 3 fixed (pbt 50/62, sel 12/16)
Training agent 2 (167) with agent 0 fixed (pbt 50/62, sel 13/16)
Training agent 1 (166) with agent 2 fixed (pbt 50/62, sel 14/16)
Training agent 1 (167) with agent 4 fixed (pbt 50/62, sel 15/16)
Training agent 1 (168) with agent 0 fixed (pbt 50/62, sel 16/16)
Evaluated agent 0 and 0: dense_per_step=0.0950
Evaluated agent 0 and 1: dense_per_step=0.1000
Evaluated agent 0 and 2: dense_per_step=0.0850
Evaluated agent 0 and 3: dense_per_step=0.1250
Evaluated agent 0 and 4: dense_per_step=0.0800
Evaluated agent 1 and 1: dense_per_step=0.1050
Evaluated agent 1 and 2: dense_per_step=0.0950
Evaluated agent 1 and 3: dense_per_step=0.0600
Evaluated agent 1 and 4: dense_per_step=0.0700
Evaluated agent 2 and 2: dense_per_step=0.0950
Evaluated agent 2 and 3: dense_per_step=0.0900
Evaluated agent 2 and 4: dense_per_step=0.0800
Evaluated agent 3 and 3: dense_per_step=0.1150
Evaluated agent 3 and 4: dense_per_step=0.0700
Evaluated agent 4 and 4: dense_per_step=0.0700
Overwrote worst model 4 (0.0740) with best model 0 (0.0970); mutations={'UPDATE_EPOCHS': (6, 4, 0.75)}

PBT ITERATION NUM 51
Training agent 0 (170) with agent 0 fixed (pbt 51/62, sel 1/16)
Training agent 1 (169) with agent 0 fixed (pbt 51/62, sel 2/16)
Training agent 3 (166) with agent 2 fixed (pbt 51/62, sel 3/16)
Training agent 4 (170) with agent 1 fixed (pbt 51/62, sel 4/16)
Training agent 4 (171) with agent 2 fixed (pbt 51/62, sel 5/16)
Training agent 1 (170) with agent 4 fixed (pbt 51/62, sel 6/16)
Training agent 2 (168) with agent 1 fixed (pbt 51/62, sel 7/16)
Training agent 2 (169) with agent 2 fixed (pbt 51/62, sel 8/16)
Training agent 1 (171) with agent 1 fixed (pbt 51/62, sel 9/16)
Training agent 0 (171) with agent 4 fixed (pbt 51/62, sel 10/16)
Training agent 4 (172) with agent 0 fixed (pbt 51/62, sel 11/16)
Training agent 4 (173) with agent 3 fixed (pbt 51/62, sel 12/16)
Training agent 1 (172) with agent 2 fixed (pbt 51/62, sel 13/16)
Training agent 2 (170) with agent 3 fixed (pbt 51/62, sel 14/16)
Training agent 0 (172) with agent 1 fixed (pbt 51/62, sel 15/16)
Training agent 3 (167) with agent 0 fixed (pbt 51/62, sel 16/16)
Evaluated agent 0 and 0: dense_per_step=0.0900
Evaluated agent 0 and 1: dense_per_step=0.0850
Evaluated agent 0 and 2: dense_per_step=0.0600
Evaluated agent 0 and 3: dense_per_step=0.0800
Evaluated agent 0 and 4: dense_per_step=0.0750
Evaluated agent 1 and 1: dense_per_step=0.1000
Evaluated agent 1 and 2: dense_per_step=0.0550
Evaluated agent 1 and 3: dense_per_step=0.1000
Evaluated agent 1 and 4: dense_per_step=0.0800
Evaluated agent 2 and 2: dense_per_step=0.1500
Evaluated agent 2 and 3: dense_per_step=0.0550
Evaluated agent 2 and 4: dense_per_step=0.0750
Evaluated agent 3 and 3: dense_per_step=0.0450
Evaluated agent 3 and 4: dense_per_step=0.0750
Evaluated agent 4 and 4: dense_per_step=0.1200
Overwrote worst model 3 (0.0710) with best model 4 (0.0850); mutations={'GAE_LAMBDA': (0.9156249999999998, 0.9578125, 0.75)}

PBT ITERATION NUM 52
Training agent 1 (173) with agent 1 fixed (pbt 52/62, sel 1/16)
Training agent 1 (174) with agent 4 fixed (pbt 52/62, sel 2/16)
Training agent 0 (173) with agent 0 fixed (pbt 52/62, sel 3/16)
Training agent 2 (171) with agent 1 fixed (pbt 52/62, sel 4/16)
Training agent 4 (174) with agent 0 fixed (pbt 52/62, sel 5/16)
Training agent 4 (175) with agent 3 fixed (pbt 52/62, sel 6/16)
Training agent 0 (174) with agent 3 fixed (pbt 52/62, sel 7/16)
Training agent 0 (175) with agent 2 fixed (pbt 52/62, sel 8/16)
Training agent 3 (174) with agent 3 fixed (pbt 52/62, sel 9/16)
Training agent 1 (175) with agent 3 fixed (pbt 52/62, sel 10/16)
Training agent 3 (175) with agent 4 fixed (pbt 52/62, sel 11/16)
Training agent 4 (176) with agent 4 fixed (pbt 52/62, sel 12/16)
Training agent 4 (177) with agent 2 fixed (pbt 52/62, sel 13/16)
Training agent 0 (176) with agent 1 fixed (pbt 52/62, sel 14/16)
Training agent 3 (176) with agent 0 fixed (pbt 52/62, sel 15/16)
Training agent 2 (172) with agent 0 fixed (pbt 52/62, sel 16/16)
Evaluated agent 0 and 0: dense_per_step=0.0850
Evaluated agent 0 and 1: dense_per_step=0.1200
Evaluated agent 0 and 2: dense_per_step=0.0950
Evaluated agent 0 and 3: dense_per_step=0.0750
Evaluated agent 0 and 4: dense_per_step=0.0900
Evaluated agent 1 and 1: dense_per_step=0.1150
Evaluated agent 1 and 2: dense_per_step=0.0900
Evaluated agent 1 and 3: dense_per_step=0.1200
Evaluated agent 1 and 4: dense_per_step=0.1300
Evaluated agent 2 and 2: dense_per_step=0.0700
Evaluated agent 2 and 3: dense_per_step=0.1300
Evaluated agent 2 and 4: dense_per_step=0.1150
Evaluated agent 3 and 3: dense_per_step=0.0750
Evaluated agent 3 and 4: dense_per_step=0.0850
Evaluated agent 4 and 4: dense_per_step=0.0950
--> Saved PBT population member 1 at step 52 to checkpoints/pbt/forced_coord/baseline_seed_1_step_52.msgpack
--> Saved PBT population member 2 at step 52 to checkpoints/pbt/forced_coord/baseline_seed_2_step_52.msgpack
--> Saved PBT population member 3 at step 52 to checkpoints/pbt/forced_coord/baseline_seed_3_step_52.msgpack
Overwrote worst model 0 (0.0930) with best model 1 (0.1150); mutations={'GAE_LAMBDA': (0.9156249999999998, 0.8734374999999996, 1.25), 'CLIP_EPS': (0.04746093750000001, 0.035595703125, 0.75), 'LR': (0.000274658203125, 0.00034332275390625, 1.25), 'VF_COEF': (0.263671875, 0.19775390625, 0.75)}

PBT ITERATION NUM 53
Training agent 4 (178) with agent 0 fixed (pbt 53/62, sel 1/16)
Training agent 0 (176) with agent 4 fixed (pbt 53/62, sel 2/16)
Training agent 1 (176) with agent 3 fixed (pbt 53/62, sel 3/16)
Training agent 0 (177) with agent 2 fixed (pbt 53/62, sel 4/16)
Training agent 3 (177) with agent 1 fixed (pbt 53/62, sel 5/16)
Training agent 2 (173) with agent 1 fixed (pbt 53/62, sel 6/16)
Training agent 4 (179) with agent 3 fixed (pbt 53/62, sel 7/16)
Training agent 2 (174) with agent 4 fixed (pbt 53/62, sel 8/16)
Training agent 0 (178) with agent 1 fixed (pbt 53/62, sel 9/16)
Training agent 0 (179) with agent 0 fixed (pbt 53/62, sel 10/16)
Training agent 2 (175) with agent 0 fixed (pbt 53/62, sel 11/16)
Training agent 1 (177) with agent 0 fixed (pbt 53/62, sel 12/16)
Training agent 0 (180) with agent 3 fixed (pbt 53/62, sel 13/16)
Training agent 4 (180) with agent 2 fixed (pbt 53/62, sel 14/16)
Training agent 2 (176) with agent 3 fixed (pbt 53/62, sel 15/16)
Training agent 3 (178) with agent 0 fixed (pbt 53/62, sel 16/16)
Evaluated agent 0 and 0: dense_per_step=0.0750
Evaluated agent 0 and 1: dense_per_step=0.1200
Evaluated agent 0 and 2: dense_per_step=0.0850
Evaluated agent 0 and 3: dense_per_step=0.0950
Evaluated agent 0 and 4: dense_per_step=0.0950
Evaluated agent 1 and 1: dense_per_step=0.0850
Evaluated agent 1 and 2: dense_per_step=0.1350
Evaluated agent 1 and 3: dense_per_step=0.0800
Evaluated agent 1 and 4: dense_per_step=0.1000
Evaluated agent 2 and 2: dense_per_step=0.0800
Evaluated agent 2 and 3: dense_per_step=0.0700
Evaluated agent 2 and 4: dense_per_step=0.0550
Evaluated agent 3 and 3: dense_per_step=0.1000
Evaluated agent 3 and 4: dense_per_step=0.1050
Evaluated agent 4 and 4: dense_per_step=0.1150
Overwrote worst model 2 (0.0850) with best model 1 (0.1040); mutations={'GAE_LAMBDA': (0.9156249999999998, 0.8734374999999996, 0.75), 'VF_COEF': (0.263671875, 0.32958984375, 1.25)}

PBT ITERATION NUM 54
Training agent 1 (178) with agent 0 fixed (pbt 54/62, sel 1/16)
Training agent 1 (179) with agent 1 fixed (pbt 54/62, sel 2/16)
Training agent 2 (178) with agent 4 fixed (pbt 54/62, sel 3/16)
Training agent 3 (179) with agent 1 fixed (pbt 54/62, sel 4/16)
Training agent 4 (181) with agent 4 fixed (pbt 54/62, sel 5/16)
Training agent 4 (182) with agent 2 fixed (pbt 54/62, sel 6/16)
Training agent 0 (181) with agent 1 fixed (pbt 54/62, sel 7/16)
Training agent 3 (180) with agent 2 fixed (pbt 54/62, sel 8/16)
Training agent 2 (179) with agent 3 fixed (pbt 54/62, sel 9/16)
Training agent 2 (180) with agent 1 fixed (pbt 54/62, sel 10/16)
Training agent 0 (182) with agent 3 fixed (pbt 54/62, sel 11/16)
Training agent 3 (181) with agent 4 fixed (pbt 54/62, sel 12/16)
Training agent 0 (183) with agent 2 fixed (pbt 54/62, sel 13/16)
Training agent 0 (184) with agent 4 fixed (pbt 54/62, sel 14/16)
Training agent 0 (185) with agent 0 fixed (pbt 54/62, sel 15/16)
Training agent 3 (182) with agent 3 fixed (pbt 54/62, sel 16/16)
Evaluated agent 0 and 0: dense_per_step=0.1050
Evaluated agent 0 and 1: dense_per_step=0.0900
Evaluated agent 0 and 2: dense_per_step=0.0950
Evaluated agent 0 and 3: dense_per_step=0.0700
Evaluated agent 0 and 4: dense_per_step=0.1250
Evaluated agent 1 and 1: dense_per_step=0.0500
Evaluated agent 1 and 2: dense_per_step=0.0800
Evaluated agent 1 and 3: dense_per_step=0.0550
Evaluated agent 1 and 4: dense_per_step=0.1300
Evaluated agent 2 and 2: dense_per_step=0.0800
Evaluated agent 2 and 3: dense_per_step=0.0800
Evaluated agent 2 and 4: dense_per_step=0.1350
Evaluated agent 3 and 3: dense_per_step=0.0700
Evaluated agent 3 and 4: dense_per_step=0.0650
Evaluated agent 4 and 4: dense_per_step=0.1050
--> Saved PBT population member 4 at step 54 to checkpoints/pbt/forced_coord/baseline_seed_4_step_54.msgpack
Overwrote worst model 3 (0.0680) with best model 4 (0.1120); mutations={'LR': (0.0003662109375, 0.000457763671875, 1.25), 'ENT_COEF': (0.0087890625, 0.006591796875, 0.75), 'VF_COEF': (0.32958984375, 0.2471923828125, 0.75)}

PBT ITERATION NUM 55
Training agent 0 (186) with agent 2 fixed (pbt 55/62, sel 1/16)
Training agent 1 (180) with agent 0 fixed (pbt 55/62, sel 2/16)
Training agent 3 (183) with agent 4 fixed (pbt 55/62, sel 3/16)
Training agent 1 (181) with agent 1 fixed (pbt 55/62, sel 4/16)
Training agent 3 (184) with agent 2 fixed (pbt 55/62, sel 5/16)
Training agent 0 (187) with agent 3 fixed (pbt 55/62, sel 6/16)
Training agent 2 (181) with agent 2 fixed (pbt 55/62, sel 7/16)
Training agent 4 (183) with agent 4 fixed (pbt 55/62, sel 8/16)
Training agent 4 (184) with agent 0 fixed (pbt 55/62, sel 9/16)
Training agent 2 (182) with agent 0 fixed (pbt 55/62, sel 10/16)
Training agent 1 (182) with agent 2 fixed (pbt 55/62, sel 11/16)
Training agent 2 (183) with agent 3 fixed (pbt 55/62, sel 12/16)
Training agent 0 (188) with agent 4 fixed (pbt 55/62, sel 13/16)
Training agent 3 (185) with agent 3 fixed (pbt 55/62, sel 14/16)
Training agent 2 (184) with agent 4 fixed (pbt 55/62, sel 15/16)
Training agent 3 (186) with agent 0 fixed (pbt 55/62, sel 16/16)
Evaluated agent 0 and 0: dense_per_step=0.0950
Evaluated agent 0 and 1: dense_per_step=0.0650
Evaluated agent 0 and 2: dense_per_step=0.0900
Evaluated agent 0 and 3: dense_per_step=0.1100
Evaluated agent 0 and 4: dense_per_step=0.0850
Evaluated agent 1 and 1: dense_per_step=0.0850
Evaluated agent 1 and 2: dense_per_step=0.0850
Evaluated agent 1 and 3: dense_per_step=0.1050
Evaluated agent 1 and 4: dense_per_step=0.1000
Evaluated agent 2 and 2: dense_per_step=0.0750
Evaluated agent 2 and 3: dense_per_step=0.1050
Evaluated agent 2 and 4: dense_per_step=0.1050
Evaluated agent 3 and 3: dense_per_step=0.0800
Evaluated agent 3 and 4: dense_per_step=0.0750
Evaluated agent 4 and 4: dense_per_step=0.0800
Overwrote worst model 1 (0.0880) with best model 3 (0.0950); mutations={'LR': (0.000457763671875, 0.00057220458984375, 1.25), 'UPDATE_EPOCHS': (4, 3, 0.75)}

PBT ITERATION NUM 56
Training agent 3 (187) with agent 2 fixed (pbt 56/62, sel 1/16)
Training agent 4 (185) with agent 3 fixed (pbt 56/62, sel 2/16)
Training agent 0 (189) with agent 1 fixed (pbt 56/62, sel 3/16)
Training agent 4 (186) with agent 0 fixed (pbt 56/62, sel 4/16)
Training agent 0 (190) with agent 2 fixed (pbt 56/62, sel 5/16)
Training agent 3 (188) with agent 1 fixed (pbt 56/62, sel 6/16)
Training agent 3 (189) with agent 3 fixed (pbt 56/62, sel 7/16)
Training agent 3 (190) with agent 0 fixed (pbt 56/62, sel 8/16)
Training agent 2 (185) with agent 4 fixed (pbt 56/62, sel 9/16)
Training agent 2 (186) with agent 1 fixed (pbt 56/62, sel 10/16)
Training agent 4 (187) with agent 4 fixed (pbt 56/62, sel 11/16)
Training agent 1 (187) with agent 3 fixed (pbt 56/62, sel 12/16)
Training agent 1 (188) with agent 1 fixed (pbt 56/62, sel 13/16)
Training agent 0 (191) with agent 4 fixed (pbt 56/62, sel 14/16)
Training agent 4 (188) with agent 2 fixed (pbt 56/62, sel 15/16)
Training agent 0 (192) with agent 0 fixed (pbt 56/62, sel 16/16)
Evaluated agent 0 and 0: dense_per_step=0.0600
Evaluated agent 0 and 1: dense_per_step=0.0900
Evaluated agent 0 and 2: dense_per_step=0.0700
Evaluated agent 0 and 3: dense_per_step=0.0700
Evaluated agent 0 and 4: dense_per_step=0.0650
Evaluated agent 1 and 1: dense_per_step=0.1100
Evaluated agent 1 and 2: dense_per_step=0.0650
Evaluated agent 1 and 3: dense_per_step=0.0900
Evaluated agent 1 and 4: dense_per_step=0.1150
Evaluated agent 2 and 2: dense_per_step=0.0650
Evaluated agent 2 and 3: dense_per_step=0.1150
Evaluated agent 2 and 4: dense_per_step=0.0800
Evaluated agent 3 and 3: dense_per_step=0.0600
Evaluated agent 3 and 4: dense_per_step=0.0850
Evaluated agent 4 and 4: dense_per_step=0.1100
Overwrote worst model 0 (0.0710) with best model 1 (0.0940); mutations={'LR': (0.00057220458984375, 0.0004291534423828125, 0.75), 'VF_COEF': (0.2471923828125, 0.308990478515625, 1.25)}

PBT ITERATION NUM 57
Training agent 1 (189) with agent 1 fixed (pbt 57/62, sel 1/16)
Training agent 2 (187) with agent 1 fixed (pbt 57/62, sel 2/16)
Training agent 1 (190) with agent 0 fixed (pbt 57/62, sel 3/16)
Training agent 0 (189) with agent 4 fixed (pbt 57/62, sel 4/16)
Training agent 4 (189) with agent 2 fixed (pbt 57/62, sel 5/16)
Training agent 4 (190) with agent 0 fixed (pbt 57/62, sel 6/16)
Training agent 3 (191) with agent 4 fixed (pbt 57/62, sel 7/16)
Training agent 3 (192) with agent 3 fixed (pbt 57/62, sel 8/16)
Training agent 0 (190) with agent 2 fixed (pbt 57/62, sel 9/16)
Training agent 4 (191) with agent 1 fixed (pbt 57/62, sel 10/16)
Training agent 4 (192) with agent 4 fixed (pbt 57/62, sel 11/16)
Training agent 1 (191) with agent 4 fixed (pbt 57/62, sel 12/16)
Training agent 2 (188) with agent 0 fixed (pbt 57/62, sel 13/16)
Training agent 2 (189) with agent 2 fixed (pbt 57/62, sel 14/16)
Training agent 4 (193) with agent 3 fixed (pbt 57/62, sel 15/16)
Training agent 0 (191) with agent 3 fixed (pbt 57/62, sel 16/16)
Evaluated agent 0 and 0: dense_per_step=0.0800
Evaluated agent 0 and 1: dense_per_step=0.0800
Evaluated agent 0 and 2: dense_per_step=0.0600
Evaluated agent 0 and 3: dense_per_step=0.1100
Evaluated agent 0 and 4: dense_per_step=0.0500
Evaluated agent 1 and 1: dense_per_step=0.0900
Evaluated agent 1 and 2: dense_per_step=0.0850
Evaluated agent 1 and 3: dense_per_step=0.0900
Evaluated agent 1 and 4: dense_per_step=0.0550
Evaluated agent 2 and 2: dense_per_step=0.0900
Evaluated agent 2 and 3: dense_per_step=0.0650
Evaluated agent 2 and 4: dense_per_step=0.0500
Evaluated agent 3 and 3: dense_per_step=0.0800
Evaluated agent 3 and 4: dense_per_step=0.0700
Evaluated agent 4 and 4: dense_per_step=0.1100
Overwrote worst model 4 (0.0670) with best model 3 (0.0830); mutations={'VF_COEF': (0.2471923828125, 0.308990478515625, 1.25)}

PBT ITERATION NUM 58
Training agent 2 (190) with agent 3 fixed (pbt 58/62, sel 1/16)
Training agent 4 (193) with agent 4 fixed (pbt 58/62, sel 2/16)
Training agent 1 (192) with agent 2 fixed (pbt 58/62, sel 3/16)
Training agent 3 (193) with agent 2 fixed (pbt 58/62, sel 4/16)
Training agent 2 (191) with agent 1 fixed (pbt 58/62, sel 5/16)
Training agent 1 (193) with agent 4 fixed (pbt 58/62, sel 6/16)
Training agent 3 (194) with agent 3 fixed (pbt 58/62, sel 7/16)
Training agent 3 (195) with agent 4 fixed (pbt 58/62, sel 8/16)
Training agent 4 (194) with agent 0 fixed (pbt 58/62, sel 9/16)
Training agent 4 (195) with agent 2 fixed (pbt 58/62, sel 10/16)
Training agent 4 (196) with agent 1 fixed (pbt 58/62, sel 11/16)
Training agent 4 (197) with agent 3 fixed (pbt 58/62, sel 12/16)
Training agent 2 (192) with agent 2 fixed (pbt 58/62, sel 13/16)
Training agent 0 (192) with agent 4 fixed (pbt 58/62, sel 14/16)
Training agent 0 (193) with agent 3 fixed (pbt 58/62, sel 15/16)
Training agent 2 (193) with agent 4 fixed (pbt 58/62, sel 16/16)
Evaluated agent 0 and 0: dense_per_step=0.0750
Evaluated agent 0 and 1: dense_per_step=0.0750
Evaluated agent 0 and 2: dense_per_step=0.0700
Evaluated agent 0 and 3: dense_per_step=0.0850
Evaluated agent 0 and 4: dense_per_step=0.0500
Evaluated agent 1 and 1: dense_per_step=0.1200
Evaluated agent 1 and 2: dense_per_step=0.1000
Evaluated agent 1 and 3: dense_per_step=0.0700
Evaluated agent 1 and 4: dense_per_step=0.0850
Evaluated agent 2 and 2: dense_per_step=0.0750
Evaluated agent 2 and 3: dense_per_step=0.1050
Evaluated agent 2 and 4: dense_per_step=0.0750
Evaluated agent 3 and 3: dense_per_step=0.0850
Evaluated agent 3 and 4: dense_per_step=0.1000
Evaluated agent 4 and 4: dense_per_step=0.0750
Overwrote worst model 0 (0.0710) with best model 1 (0.0900); mutations={'UPDATE_EPOCHS': (3, 2, 0.75), 'ENT_COEF': (0.006591796875, 0.00823974609375, 1.25), 'VF_COEF': (0.2471923828125, 0.308990478515625, 1.25)}

PBT ITERATION NUM 59
Training agent 4 (198) with agent 4 fixed (pbt 59/62, sel 1/16)
Training agent 3 (196) with agent 1 fixed (pbt 59/62, sel 2/16)
Training agent 3 (197) with agent 4 fixed (pbt 59/62, sel 3/16)
Training agent 3 (198) with agent 0 fixed (pbt 59/62, sel 4/16)
Training agent 2 (194) with agent 0 fixed (pbt 59/62, sel 5/16)
Training agent 4 (199) with agent 0 fixed (pbt 59/62, sel 6/16)
Training agent 4 (200) with agent 3 fixed (pbt 59/62, sel 7/16)
Training agent 0 (194) with agent 2 fixed (pbt 59/62, sel 8/16)
Training agent 0 (195) with agent 4 fixed (pbt 59/62, sel 9/16)
Training agent 2 (195) with agent 3 fixed (pbt 59/62, sel 10/16)
Training agent 3 (199) with agent 3 fixed (pbt 59/62, sel 11/16)
Training agent 4 (201) with agent 2 fixed (pbt 59/62, sel 12/16)
Training agent 4 (202) with agent 1 fixed (pbt 59/62, sel 13/16)
Training agent 1 (194) with agent 4 fixed (pbt 59/62, sel 14/16)
Training agent 2 (196) with agent 1 fixed (pbt 59/62, sel 15/16)
Training agent 0 (196) with agent 1 fixed (pbt 59/62, sel 16/16)
Evaluated agent 0 and 0: dense_per_step=0.0900
Evaluated agent 0 and 1: dense_per_step=0.0800
Evaluated agent 0 and 2: dense_per_step=0.0750
Evaluated agent 0 and 3: dense_per_step=0.0700
Evaluated agent 0 and 4: dense_per_step=0.1000
Evaluated agent 1 and 1: dense_per_step=0.0650
Evaluated agent 1 and 2: dense_per_step=0.0800
Evaluated agent 1 and 3: dense_per_step=0.0800
Evaluated agent 1 and 4: dense_per_step=0.0900
Evaluated agent 2 and 2: dense_per_step=0.0750
Evaluated agent 2 and 3: dense_per_step=0.0850
Evaluated agent 2 and 4: dense_per_step=0.0800
Evaluated agent 3 and 3: dense_per_step=0.0500
Evaluated agent 3 and 4: dense_per_step=0.0800
Evaluated agent 4 and 4: dense_per_step=0.0550
Overwrote worst model 3 (0.0730) with best model 0 (0.0830); mutations={'CLIP_EPS': (0.06328125000000001, 0.07910156250000001, 1.25), 'VF_COEF': (0.308990478515625, 0.38623809814453125, 1.25)}

PBT ITERATION NUM 60
Training agent 3 (197) with agent 1 fixed (pbt 60/62, sel 1/16)
Training agent 4 (203) with agent 0 fixed (pbt 60/62, sel 2/16)
Training agent 0 (197) with agent 4 fixed (pbt 60/62, sel 3/16)
Training agent 2 (197) with agent 0 fixed (pbt 60/62, sel 4/16)
Training agent 1 (195) with agent 1 fixed (pbt 60/62, sel 5/16)
Training agent 3 (198) with agent 2 fixed (pbt 60/62, sel 6/16)
Training agent 1 (196) with agent 2 fixed (pbt 60/62, sel 7/16)
Training agent 1 (197) with agent 3 fixed (pbt 60/62, sel 8/16)
Training agent 4 (204) with agent 2 fixed (pbt 60/62, sel 9/16)
Training agent 3 (199) with agent 4 fixed (pbt 60/62, sel 10/16)
Training agent 1 (198) with agent 0 fixed (pbt 60/62, sel 11/16)
Training agent 2 (198) with agent 4 fixed (pbt 60/62, sel 12/16)
Training agent 0 (198) with agent 3 fixed (pbt 60/62, sel 13/16)
Training agent 1 (199) with agent 4 fixed (pbt 60/62, sel 14/16)
Training agent 2 (199) with agent 1 fixed (pbt 60/62, sel 15/16)
Training agent 3 (200) with agent 3 fixed (pbt 60/62, sel 16/16)
Evaluated agent 0 and 0: dense_per_step=0.1000
Evaluated agent 0 and 1: dense_per_step=0.0700
Evaluated agent 0 and 2: dense_per_step=0.0850
Evaluated agent 0 and 3: dense_per_step=0.0750
Evaluated agent 0 and 4: dense_per_step=0.0800
Evaluated agent 1 and 1: dense_per_step=0.0900
Evaluated agent 1 and 2: dense_per_step=0.0850
Evaluated agent 1 and 3: dense_per_step=0.1200
Evaluated agent 1 and 4: dense_per_step=0.1100
Evaluated agent 2 and 2: dense_per_step=0.0700
Evaluated agent 2 and 3: dense_per_step=0.1000
Evaluated agent 2 and 4: dense_per_step=0.0450
Evaluated agent 3 and 3: dense_per_step=0.0900
Evaluated agent 3 and 4: dense_per_step=0.0600
Evaluated agent 4 and 4: dense_per_step=0.0850
Overwrote worst model 4 (0.0760) with best model 1 (0.0950); mutations={'UPDATE_EPOCHS': (3, 4, 1.25), 'ENT_COEF': (0.006591796875, 0.00823974609375, 1.25), 'VF_COEF': (0.2471923828125, 0.308990478515625, 1.25)}

PBT ITERATION NUM 61
Training agent 0 (199) with agent 0 fixed (pbt 61/62, sel 1/16)
Training agent 1 (200) with agent 1 fixed (pbt 61/62, sel 2/16)
Training agent 0 (200) with agent 1 fixed (pbt 61/62, sel 3/16)
Training agent 1 (201) with agent 2 fixed (pbt 61/62, sel 4/16)
Training agent 0 (201) with agent 4 fixed (pbt 61/62, sel 5/16)
Training agent 2 (200) with agent 2 fixed (pbt 61/62, sel 6/16)
Training agent 1 (202) with agent 4 fixed (pbt 61/62, sel 7/16)
Training agent 3 (201) with agent 0 fixed (pbt 61/62, sel 8/16)
Training agent 4 (200) with agent 2 fixed (pbt 61/62, sel 9/16)
Training agent 3 (202) with agent 3 fixed (pbt 61/62, sel 10/16)
Training agent 2 (201) with agent 3 fixed (pbt 61/62, sel 11/16)
Training agent 4 (201) with agent 0 fixed (pbt 61/62, sel 12/16)
Training agent 3 (203) with agent 4 fixed (pbt 61/62, sel 13/16)
Training agent 4 (202) with agent 3 fixed (pbt 61/62, sel 14/16)
Training agent 3 (204) with agent 1 fixed (pbt 61/62, sel 15/16)
Training agent 2 (202) with agent 4 fixed (pbt 61/62, sel 16/16)
Evaluated agent 0 and 0: dense_per_step=0.0650
Evaluated agent 0 and 1: dense_per_step=0.0750
Evaluated agent 0 and 2: dense_per_step=0.1050
Evaluated agent 0 and 3: dense_per_step=0.1150
Evaluated agent 0 and 4: dense_per_step=0.0700
Evaluated agent 1 and 1: dense_per_step=0.0950
Evaluated agent 1 and 2: dense_per_step=0.0750
Evaluated agent 1 and 3: dense_per_step=0.0600
Evaluated agent 1 and 4: dense_per_step=0.0700
Evaluated agent 2 and 2: dense_per_step=0.0850
Evaluated agent 2 and 3: dense_per_step=0.1000
Evaluated agent 2 and 4: dense_per_step=0.0600
Evaluated agent 3 and 3: dense_per_step=0.0750
Evaluated agent 3 and 4: dense_per_step=0.1150
Evaluated agent 4 and 4: dense_per_step=0.0600
Overwrote worst model 4 (0.0750) with best model 3 (0.0930); mutations={'CLIP_EPS': (0.07910156250000001, 0.09887695312500001, 1.25), 'LR': (0.00057220458984375, 0.0007152557373046875, 1.25), 'UPDATE_EPOCHS': (2, 2, 0.75)}

PBT ITERATION NUM 62
Training agent 0 (202) with agent 1 fixed (pbt 62/62, sel 1/16)
Training agent 0 (203) with agent 0 fixed (pbt 62/62, sel 2/16)
Training agent 3 (205) with agent 2 fixed (pbt 62/62, sel 3/16)
Training agent 0 (204) with agent 3 fixed (pbt 62/62, sel 4/16)
Training agent 2 (203) with agent 1 fixed (pbt 62/62, sel 5/16)
Training agent 1 (203) with agent 0 fixed (pbt 62/62, sel 6/16)
Training agent 2 (204) with agent 4 fixed (pbt 62/62, sel 7/16)
Training agent 3 (206) with agent 3 fixed (pbt 62/62, sel 8/16)
Training agent 4 (205) with agent 3 fixed (pbt 62/62, sel 9/16)
Training agent 2 (205) with agent 2 fixed (pbt 62/62, sel 10/16)
Training agent 3 (207) with agent 1 fixed (pbt 62/62, sel 11/16)
Training agent 2 (206) with agent 0 fixed (pbt 62/62, sel 12/16)
Training agent 1 (204) with agent 2 fixed (pbt 62/62, sel 13/16)
Training agent 4 (206) with agent 4 fixed (pbt 62/62, sel 14/16)
Training agent 1 (205) with agent 1 fixed (pbt 62/62, sel 15/16)
Training agent 1 (206) with agent 4 fixed (pbt 62/62, sel 16/16)
Evaluated agent 0 and 0: dense_per_step=0.0650
Evaluated agent 0 and 1: dense_per_step=0.0500
Evaluated agent 0 and 2: dense_per_step=0.1000
Evaluated agent 0 and 3: dense_per_step=0.0650
Evaluated agent 0 and 4: dense_per_step=0.0600
Evaluated agent 1 and 1: dense_per_step=0.0850
Evaluated agent 1 and 2: dense_per_step=0.0700
Evaluated agent 1 and 3: dense_per_step=0.0950
Evaluated agent 1 and 4: dense_per_step=0.0950
Evaluated agent 2 and 2: dense_per_step=0.1150
Evaluated agent 2 and 3: dense_per_step=0.0800
Evaluated agent 2 and 4: dense_per_step=0.0650
Evaluated agent 3 and 3: dense_per_step=0.0650
Evaluated agent 3 and 4: dense_per_step=0.0950
Evaluated agent 4 and 4: dense_per_step=0.0900
Final PBT iteration complete; skipped exploit so final population checkpoints are not duplicated by a last copy.
--> Saved PBT population member 0 at step 62 to checkpoints/pbt/forced_coord/baseline_seed_0_step_62.msgpack
--> Saved PBT population member 1 at step 62 to checkpoints/pbt/forced_coord/baseline_seed_1_step_62.msgpack
--> Saved PBT population member 2 at step 62 to checkpoints/pbt/forced_coord/baseline_seed_2_step_62.msgpack
--> Saved PBT population member 3 at step 62 to checkpoints/pbt/forced_coord/baseline_seed_3_step_62.msgpack
--> Saved PBT population member 4 at step 62 to checkpoints/pbt/forced_coord/baseline_seed_4_step_62.msgpack
[1;34mwandb[0m: 
[1;34mwandb[0m: 🚀 View run [33mpbt_obsfront_forced_coord[0m at: [34mhttps://wandb.ai/maytusp/oc-extended/runs/irxsjqmd[0m
[1;34mwandb[0m: Find logs at: [1;35m../../../../../../../../net/scratch/n70579mp/tom/JaxMARL/wandb/run-20260706_131038-irxsjqmd/logs[0m
