Script directory: /mnt/iusers01/fatpou01/compsci01/n70579mp/scratch/tom/JaxMARL
Running ZSC evaluation: within-method generalisation with SP diagonal and XP off-diagonal performance.
Evaluating ZSC for method=lmpred_gamma0, layout=cramped_room5x5, prefix=checkpoints/lmpred_gamma0, result_name=lmpred_gamma0, perspective_transform=true
Importing submoduled environments...
Submoduled environments not found. Skipping import.
LOADED: checkpoints/lmpred_gamma0/cramped_room5x5/baseline_seed_0_step_220.msgpack
LOADED: checkpoints/lmpred_gamma0/cramped_room5x5/baseline_seed_1_step_220.msgpack
LOADED: checkpoints/lmpred_gamma0/cramped_room5x5/baseline_seed_2_step_220.msgpack
LOADED: checkpoints/lmpred_gamma0/cramped_room5x5/baseline_seed_3_step_220.msgpack
LOADED: checkpoints/lmpred_gamma0/cramped_room5x5/baseline_seed_4_step_220.msgpack
ZSC[00, 00] = 226.706
ZSC[00, 01] = 187.762
ZSC[00, 02] = 233.967
ZSC[00, 03] = 220.716
ZSC[00, 04] = 224.677
ZSC[01, 00] = 187.137
ZSC[01, 01] = 238.659
ZSC[01, 02] = 231.059
ZSC[01, 03] = 207.752
ZSC[01, 04] = 195.170
ZSC[02, 00] = 234.433
ZSC[02, 01] = 230.747
ZSC[02, 02] = 238.642
ZSC[02, 03] = 234.752
ZSC[02, 04] = 223.069
ZSC[03, 00] = 220.517
ZSC[03, 01] = 208.617
ZSC[03, 02] = 233.639
ZSC[03, 03] = 225.181
ZSC[03, 04] = 210.608
ZSC[04, 00] = 224.684
ZSC[04, 01] = 195.134
ZSC[04, 02] = 222.008
ZSC[04, 03] = 209.814
ZSC[04, 04] = 245.531
Average SP performance (diagonal/self-copy): 234.944 +- 3.891 SE over 5 pairs
Average XP performance (off-diagonal/excluding self): 216.813 +- 3.526 SE over 20 ordered pairs
Saved ZSC results to zsc_results/lmpred_gamma0/cramped_room5x5
Saved ZSC heatmap to zsc_results/lmpred_gamma0/cramped_room5x5/xp_matrix.png
Using alignment rollout scale: ALIGN_PAIR_BATCH_SIZE=1, ALIGN_EVAL_NUM_EPISODES=128, ALIGN_EVAL_NUM_STEPS=400
ALIGN ego[00] partner[00] R2=0.931329 NMSE=0.068671 shuffled_R2=-0.021916
ALIGN ego[00] partner[01] R2=0.929845 NMSE=0.070155 shuffled_R2=-0.018325
ALIGN ego[00] partner[02] R2=0.931129 NMSE=0.068871 shuffled_R2=-0.018016
ALIGN ego[00] partner[03] R2=0.878914 NMSE=0.121086 shuffled_R2=-0.027444
ALIGN ego[00] partner[04] R2=0.844780 NMSE=0.155220 shuffled_R2=-0.027794
ALIGN ego[01] partner[00] R2=0.779368 NMSE=0.220632 shuffled_R2=-0.047379
ALIGN ego[01] partner[01] R2=0.942374 NMSE=0.057626 shuffled_R2=-0.015268
ALIGN ego[01] partner[02] R2=0.776455 NMSE=0.223545 shuffled_R2=-0.063175
ALIGN ego[01] partner[03] R2=0.919870 NMSE=0.080130 shuffled_R2=-0.021642
ALIGN ego[01] partner[04] R2=0.910599 NMSE=0.089401 shuffled_R2=-0.025010
ALIGN ego[02] partner[00] R2=0.956420 NMSE=0.043580 shuffled_R2=-0.014591
ALIGN ego[02] partner[01] R2=0.948889 NMSE=0.051111 shuffled_R2=-0.019416
ALIGN ego[02] partner[02] R2=0.953246 NMSE=0.046754 shuffled_R2=-0.016376
ALIGN ego[02] partner[03] R2=0.949108 NMSE=0.050892 shuffled_R2=-0.015263
ALIGN ego[02] partner[04] R2=0.722005 NMSE=0.277995 shuffled_R2=-0.073113
ALIGN ego[03] partner[00] R2=0.818213 NMSE=0.181787 shuffled_R2=-0.058882
ALIGN ego[03] partner[01] R2=0.936709 NMSE=0.063291 shuffled_R2=-0.021228
ALIGN ego[03] partner[02] R2=0.950434 NMSE=0.049566 shuffled_R2=-0.020215
ALIGN ego[03] partner[03] R2=0.917705 NMSE=0.082295 shuffled_R2=-0.022268
ALIGN ego[03] partner[04] R2=0.934219 NMSE=0.065781 shuffled_R2=-0.020641
ALIGN ego[04] partner[00] R2=0.939520 NMSE=0.060480 shuffled_R2=-0.016496
ALIGN ego[04] partner[01] R2=0.932687 NMSE=0.067313 shuffled_R2=-0.017343
ALIGN ego[04] partner[02] R2=0.879696 NMSE=0.120304 shuffled_R2=-0.032274
ALIGN ego[04] partner[03] R2=0.930565 NMSE=0.069435 shuffled_R2=-0.019014
ALIGN ego[04] partner[04] R2=0.941889 NMSE=0.058111 shuffled_R2=-0.016712
Average ego-to-partner alignment R2: 0.902239 +- 0.012821 SE over 25 ego-partner pairs
Average alignment normalized MSE: 0.097761 +- 0.012821 SE
Average shuffled-control alignment R2: -0.026792 +- 0.003221 SE
Saved alignment results to zsc_results/lmpred_gamma0/cramped_room5x5
Evaluating ZSC for method=lmpred_gamma0, layout=counter_circuit, prefix=checkpoints/lmpred_gamma0, result_name=lmpred_gamma0, perspective_transform=true
Importing submoduled environments...
Submoduled environments not found. Skipping import.
LOADED: checkpoints/lmpred_gamma0/counter_circuit/baseline_seed_0_step_380.msgpack
LOADED: checkpoints/lmpred_gamma0/counter_circuit/baseline_seed_1_step_380.msgpack
LOADED: checkpoints/lmpred_gamma0/counter_circuit/baseline_seed_2_step_380.msgpack
LOADED: checkpoints/lmpred_gamma0/counter_circuit/baseline_seed_3_step_380.msgpack
LOADED: checkpoints/lmpred_gamma0/counter_circuit/baseline_seed_4_step_380.msgpack
ZSC[00, 00] = 234.164
ZSC[00, 01] = 235.073
ZSC[00, 02] = 242.994
ZSC[00, 03] = 87.773
ZSC[00, 04] = 206.317
ZSC[01, 00] = 235.552
ZSC[01, 01] = 245.995
ZSC[01, 02] = 220.000
ZSC[01, 03] = 102.750
ZSC[01, 04] = 157.966
ZSC[02, 00] = 242.775
ZSC[02, 01] = 221.122
ZSC[02, 02] = 244.319
ZSC[02, 03] = 149.814
ZSC[02, 04] = 176.333
ZSC[03, 00] = 84.673
ZSC[03, 01] = 108.206
ZSC[03, 02] = 150.384
ZSC[03, 03] = 32.511
ZSC[03, 04] = 98.277
ZSC[04, 00] = 195.078
ZSC[04, 01] = 146.134
ZSC[04, 02] = 175.953
ZSC[04, 03] = 96.575
ZSC[04, 04] = 179.248
Average SP performance (diagonal/self-copy): 187.247 +- 40.569 SE over 5 pairs
Average XP performance (off-diagonal/excluding self): 166.687 +- 12.618 SE over 20 ordered pairs
Saved ZSC results to zsc_results/lmpred_gamma0/counter_circuit
Saved ZSC heatmap to zsc_results/lmpred_gamma0/counter_circuit/xp_matrix.png
Using alignment rollout scale: ALIGN_PAIR_BATCH_SIZE=1, ALIGN_EVAL_NUM_EPISODES=128, ALIGN_EVAL_NUM_STEPS=400
ALIGN ego[00] partner[00] R2=0.842822 NMSE=0.157178 shuffled_R2=-0.019146
ALIGN ego[00] partner[01] R2=0.819906 NMSE=0.180094 shuffled_R2=-0.017716
ALIGN ego[00] partner[02] R2=0.816605 NMSE=0.183395 shuffled_R2=-0.016449
ALIGN ego[00] partner[03] R2=0.824517 NMSE=0.175483 shuffled_R2=-0.023029
ALIGN ego[00] partner[04] R2=0.799529 NMSE=0.200471 shuffled_R2=-0.019827
ALIGN ego[01] partner[00] R2=0.801336 NMSE=0.198664 shuffled_R2=-0.021437
ALIGN ego[01] partner[01] R2=0.848887 NMSE=0.151113 shuffled_R2=-0.021381
ALIGN ego[01] partner[02] R2=0.710872 NMSE=0.289128 shuffled_R2=-0.027483
ALIGN ego[01] partner[03] R2=0.782087 NMSE=0.217913 shuffled_R2=-0.017707
ALIGN ego[01] partner[04] R2=0.805403 NMSE=0.194597 shuffled_R2=-0.018924
ALIGN ego[02] partner[00] R2=0.769625 NMSE=0.230375 shuffled_R2=-0.023889
ALIGN ego[02] partner[01] R2=0.835450 NMSE=0.164550 shuffled_R2=-0.017468
ALIGN ego[02] partner[02] R2=0.828678 NMSE=0.171322 shuffled_R2=-0.016569
ALIGN ego[02] partner[03] R2=0.715137 NMSE=0.284863 shuffled_R2=-0.030042
ALIGN ego[02] partner[04] R2=0.822560 NMSE=0.177440 shuffled_R2=-0.020461
ALIGN ego[03] partner[00] R2=0.744228 NMSE=0.255772 shuffled_R2=-0.024677
ALIGN ego[03] partner[01] R2=0.770225 NMSE=0.229775 shuffled_R2=-0.020561
ALIGN ego[03] partner[02] R2=0.649723 NMSE=0.350277 shuffled_R2=-0.017396
ALIGN ego[03] partner[03] R2=0.812167 NMSE=0.187833 shuffled_R2=-0.016636
ALIGN ego[03] partner[04] R2=0.755674 NMSE=0.244326 shuffled_R2=-0.019773
ALIGN ego[04] partner[00] R2=0.724743 NMSE=0.275257 shuffled_R2=-0.021298
ALIGN ego[04] partner[01] R2=0.797366 NMSE=0.202634 shuffled_R2=-0.016974
ALIGN ego[04] partner[02] R2=0.748544 NMSE=0.251456 shuffled_R2=-0.020749
ALIGN ego[04] partner[03] R2=0.806562 NMSE=0.193438 shuffled_R2=-0.018961
ALIGN ego[04] partner[04] R2=0.821861 NMSE=0.178139 shuffled_R2=-0.018025
Average ego-to-partner alignment R2: 0.786180 +- 0.009769 SE over 25 ego-partner pairs
Average alignment normalized MSE: 0.213820 +- 0.009769 SE
Average shuffled-control alignment R2: -0.020263 +- 0.000687 SE
Saved alignment results to zsc_results/lmpred_gamma0/counter_circuit
Evaluating ZSC for method=lmpred_gamma0, layout=coord_ring, prefix=checkpoints/lmpred_gamma0, result_name=lmpred_gamma0, perspective_transform=true
Importing submoduled environments...
Submoduled environments not found. Skipping import.
LOADED: checkpoints/lmpred_gamma0/coord_ring/baseline_seed_0_step_220.msgpack
LOADED: checkpoints/lmpred_gamma0/coord_ring/baseline_seed_1_step_220.msgpack
LOADED: checkpoints/lmpred_gamma0/coord_ring/baseline_seed_2_step_220.msgpack
LOADED: checkpoints/lmpred_gamma0/coord_ring/baseline_seed_3_step_220.msgpack
LOADED: checkpoints/lmpred_gamma0/coord_ring/baseline_seed_4_step_220.msgpack
ZSC[00, 00] = 258.050
ZSC[00, 01] = 207.266
ZSC[00, 02] = 271.008
ZSC[00, 03] = 272.802
ZSC[00, 04] = 276.484
ZSC[01, 00] = 207.723
ZSC[01, 01] = 325.206
ZSC[01, 02] = 279.803
ZSC[01, 03] = 253.339
ZSC[01, 04] = 244.645
ZSC[02, 00] = 270.550
ZSC[02, 01] = 280.692
ZSC[02, 02] = 283.592
ZSC[02, 03] = 233.034
ZSC[02, 04] = 285.470
ZSC[03, 00] = 272.922
ZSC[03, 01] = 253.252
ZSC[03, 02] = 232.445
ZSC[03, 03] = 292.416
ZSC[03, 04] = 249.617
ZSC[04, 00] = 276.386
ZSC[04, 01] = 243.969
ZSC[04, 02] = 285.067
ZSC[04, 03] = 250.223
ZSC[04, 04] = 280.291
Average SP performance (diagonal/self-copy): 287.911 +- 10.908 SE over 5 pairs
Average XP performance (off-diagonal/excluding self): 257.335 +- 5.342 SE over 20 ordered pairs
Saved ZSC results to zsc_results/lmpred_gamma0/coord_ring
Saved ZSC heatmap to zsc_results/lmpred_gamma0/coord_ring/xp_matrix.png
Using alignment rollout scale: ALIGN_PAIR_BATCH_SIZE=1, ALIGN_EVAL_NUM_EPISODES=128, ALIGN_EVAL_NUM_STEPS=400
ALIGN ego[00] partner[00] R2=0.706777 NMSE=0.293223 shuffled_R2=-0.049546
ALIGN ego[00] partner[01] R2=0.866755 NMSE=0.133245 shuffled_R2=-0.020186
ALIGN ego[00] partner[02] R2=0.308203 NMSE=0.691797 shuffled_R2=-0.281643
ALIGN ego[00] partner[03] R2=0.886197 NMSE=0.113803 shuffled_R2=-0.017297
ALIGN ego[00] partner[04] R2=0.919302 NMSE=0.080698 shuffled_R2=-0.015749
ALIGN ego[01] partner[00] R2=0.872435 NMSE=0.127565 shuffled_R2=-0.019970
ALIGN ego[01] partner[01] R2=0.892184 NMSE=0.107816 shuffled_R2=-0.015663
ALIGN ego[01] partner[02] R2=0.828069 NMSE=0.171931 shuffled_R2=-0.015912
ALIGN ego[01] partner[03] R2=0.827053 NMSE=0.172947 shuffled_R2=-0.015937
ALIGN ego[01] partner[04] R2=0.779011 NMSE=0.220989 shuffled_R2=-0.022006
ALIGN ego[02] partner[00] R2=0.683401 NMSE=0.316599 shuffled_R2=-0.048763
ALIGN ego[02] partner[01] R2=0.811128 NMSE=0.188872 shuffled_R2=-0.020582
ALIGN ego[02] partner[02] R2=0.840304 NMSE=0.159696 shuffled_R2=-0.023369
ALIGN ego[02] partner[03] R2=0.868572 NMSE=0.131428 shuffled_R2=-0.017967
ALIGN ego[02] partner[04] R2=0.862609 NMSE=0.137391 shuffled_R2=-0.018362
ALIGN ego[03] partner[00] R2=0.897308 NMSE=0.102692 shuffled_R2=-0.014925
ALIGN ego[03] partner[01] R2=0.827422 NMSE=0.172578 shuffled_R2=-0.015294
ALIGN ego[03] partner[02] R2=0.868485 NMSE=0.131515 shuffled_R2=-0.016471
ALIGN ego[03] partner[03] R2=0.735604 NMSE=0.264396 shuffled_R2=-0.025335
ALIGN ego[03] partner[04] R2=0.830498 NMSE=0.169502 shuffled_R2=-0.022929
ALIGN ego[04] partner[00] R2=0.884681 NMSE=0.115319 shuffled_R2=-0.026050
ALIGN ego[04] partner[01] R2=0.774838 NMSE=0.225162 shuffled_R2=-0.021210
ALIGN ego[04] partner[02] R2=0.832371 NMSE=0.167629 shuffled_R2=-0.021519
ALIGN ego[04] partner[03] R2=0.900863 NMSE=0.099137 shuffled_R2=-0.014479
ALIGN ego[04] partner[04] R2=0.805706 NMSE=0.194294 shuffled_R2=-0.025942
Average ego-to-partner alignment R2: 0.812391 +- 0.024206 SE over 25 ego-partner pairs
Average alignment normalized MSE: 0.187609 +- 0.024206 SE
Average shuffled-control alignment R2: -0.032284 +- 0.010543 SE
Saved alignment results to zsc_results/lmpred_gamma0/coord_ring
Evaluating ZSC for method=lmpred_gamma0, layout=asymm_advantages, prefix=checkpoints/lmpred_gamma0, result_name=lmpred_gamma0, perspective_transform=true
Importing submoduled environments...
Submoduled environments not found. Skipping import.
LOADED: checkpoints/lmpred_gamma0/asymm_advantages/baseline_seed_0_step_220.msgpack
LOADED: checkpoints/lmpred_gamma0/asymm_advantages/baseline_seed_1_step_220.msgpack
LOADED: checkpoints/lmpred_gamma0/asymm_advantages/baseline_seed_2_step_220.msgpack
LOADED: checkpoints/lmpred_gamma0/asymm_advantages/baseline_seed_3_step_220.msgpack
LOADED: checkpoints/lmpred_gamma0/asymm_advantages/baseline_seed_4_step_220.msgpack
ZSC[00, 00] = 480.312
ZSC[00, 01] = 432.477
ZSC[00, 02] = 399.444
ZSC[00, 03] = 474.069
ZSC[00, 04] = 440.091
ZSC[01, 00] = 482.147
ZSC[01, 01] = 433.494
ZSC[01, 02] = 399.827
ZSC[01, 03] = 472.711
ZSC[01, 04] = 457.675
ZSC[02, 00] = 288.330
ZSC[02, 01] = 394.225
ZSC[02, 02] = 437.169
ZSC[02, 03] = 253.775
ZSC[02, 04] = 250.962
ZSC[03, 00] = 464.141
ZSC[03, 01] = 412.625
ZSC[03, 02] = 399.361
ZSC[03, 03] = 459.811
ZSC[03, 04] = 440.073
ZSC[04, 00] = 482.845
ZSC[04, 01] = 434.144
ZSC[04, 02] = 420.170
ZSC[04, 03] = 477.419
ZSC[04, 04] = 459.128
Average SP performance (diagonal/self-copy): 453.983 +- 8.533 SE over 5 pairs
Average XP performance (off-diagonal/excluding self): 413.825 +- 15.902 SE over 20 ordered pairs
Saved ZSC results to zsc_results/lmpred_gamma0/asymm_advantages
Saved ZSC heatmap to zsc_results/lmpred_gamma0/asymm_advantages/xp_matrix.png
Using alignment rollout scale: ALIGN_PAIR_BATCH_SIZE=1, ALIGN_EVAL_NUM_EPISODES=128, ALIGN_EVAL_NUM_STEPS=400
ALIGN ego[00] partner[00] R2=0.902500 NMSE=0.097500 shuffled_R2=-0.018071
ALIGN ego[00] partner[01] R2=0.893797 NMSE=0.106203 shuffled_R2=-0.017264
ALIGN ego[00] partner[02] R2=0.784137 NMSE=0.215863 shuffled_R2=-0.039269
ALIGN ego[00] partner[03] R2=0.926122 NMSE=0.073878 shuffled_R2=-0.014736
ALIGN ego[00] partner[04] R2=0.916239 NMSE=0.083761 shuffled_R2=-0.020934
ALIGN ego[01] partner[00] R2=0.961667 NMSE=0.038333 shuffled_R2=-0.019067
ALIGN ego[01] partner[01] R2=0.927633 NMSE=0.072367 shuffled_R2=-0.019104
ALIGN ego[01] partner[02] R2=0.940592 NMSE=0.059408 shuffled_R2=-0.014120
ALIGN ego[01] partner[03] R2=0.790175 NMSE=0.209825 shuffled_R2=-0.102456
ALIGN ego[01] partner[04] R2=0.940534 NMSE=0.059466 shuffled_R2=-0.044287
ALIGN ego[02] partner[00] R2=0.928130 NMSE=0.071870 shuffled_R2=-0.018881
ALIGN ego[02] partner[01] R2=0.912898 NMSE=0.087102 shuffled_R2=-0.015304
ALIGN ego[02] partner[02] R2=0.938414 NMSE=0.061586 shuffled_R2=-0.021004
ALIGN ego[02] partner[03] R2=0.891431 NMSE=0.108569 shuffled_R2=-0.022006
ALIGN ego[02] partner[04] R2=0.937117 NMSE=0.062883 shuffled_R2=-0.019550
ALIGN ego[03] partner[00] R2=0.953948 NMSE=0.046052 shuffled_R2=-0.016009
ALIGN ego[03] partner[01] R2=0.945633 NMSE=0.054367 shuffled_R2=-0.015006
ALIGN ego[03] partner[02] R2=0.928328 NMSE=0.071672 shuffled_R2=-0.017459
ALIGN ego[03] partner[03] R2=0.841787 NMSE=0.158213 shuffled_R2=-0.083365
ALIGN ego[03] partner[04] R2=0.868236 NMSE=0.131764 shuffled_R2=-0.069247
ALIGN ego[04] partner[00] R2=0.940258 NMSE=0.059742 shuffled_R2=-0.023853
ALIGN ego[04] partner[01] R2=0.886569 NMSE=0.113431 shuffled_R2=-0.024318
ALIGN ego[04] partner[02] R2=0.935577 NMSE=0.064423 shuffled_R2=-0.016652
ALIGN ego[04] partner[03] R2=0.955753 NMSE=0.044247 shuffled_R2=-0.015972
ALIGN ego[04] partner[04] R2=0.962500 NMSE=0.037500 shuffled_R2=-0.015999
Average ego-to-partner alignment R2: 0.912399 +- 0.009544 SE over 25 ego-partner pairs
Average alignment normalized MSE: 0.087601 +- 0.009544 SE
Average shuffled-control alignment R2: -0.028157 +- 0.004613 SE
Saved alignment results to zsc_results/lmpred_gamma0/asymm_advantages
Evaluating ZSC for method=lmpred_gamma0, layout=forced_coord, prefix=checkpoints/lmpred_gamma0, result_name=lmpred_gamma0, perspective_transform=true
Importing submoduled environments...
Submoduled environments not found. Skipping import.
LOADED: checkpoints/lmpred_gamma0/forced_coord/baseline_seed_0_step_220.msgpack
LOADED: checkpoints/lmpred_gamma0/forced_coord/baseline_seed_1_step_220.msgpack
LOADED: checkpoints/lmpred_gamma0/forced_coord/baseline_seed_2_step_220.msgpack
LOADED: checkpoints/lmpred_gamma0/forced_coord/baseline_seed_3_step_220.msgpack
LOADED: checkpoints/lmpred_gamma0/forced_coord/baseline_seed_4_step_220.msgpack
ZSC[00, 00] = 290.916
ZSC[00, 01] = 23.216
ZSC[00, 02] = 40.000
ZSC[00, 03] = 30.587
ZSC[00, 04] = 32.689
ZSC[01, 00] = 195.048
ZSC[01, 01] = 336.758
ZSC[01, 02] = 0.000
ZSC[01, 03] = 204.214
ZSC[01, 04] = 279.408
ZSC[02, 00] = 229.417
ZSC[02, 01] = 24.561
ZSC[02, 02] = 280.000
ZSC[02, 03] = 2.894
ZSC[02, 04] = 52.950
ZSC[03, 00] = 275.178
ZSC[03, 01] = 279.845
ZSC[03, 02] = 0.000
ZSC[03, 03] = 302.711
ZSC[03, 04] = 240.119
ZSC[04, 00] = 58.642
ZSC[04, 01] = 316.600
ZSC[04, 02] = 0.000
ZSC[04, 03] = 14.177
ZSC[04, 04] = 290.377
Average SP performance (diagonal/self-copy): 300.152 +- 9.832 SE over 5 pairs
Average XP performance (off-diagonal/excluding self): 114.977 +- 26.615 SE over 20 ordered pairs
Saved ZSC results to zsc_results/lmpred_gamma0/forced_coord
Saved ZSC heatmap to zsc_results/lmpred_gamma0/forced_coord/xp_matrix.png
Using alignment rollout scale: ALIGN_PAIR_BATCH_SIZE=1, ALIGN_EVAL_NUM_EPISODES=128, ALIGN_EVAL_NUM_STEPS=400
ALIGN ego[00] partner[00] R2=0.948463 NMSE=0.051537 shuffled_R2=-0.013446
ALIGN ego[00] partner[01] R2=0.962405 NMSE=0.037595 shuffled_R2=-0.033037
ALIGN ego[00] partner[02] R2=0.975691 NMSE=0.024309 shuffled_R2=-0.029550
ALIGN ego[00] partner[03] R2=0.865271 NMSE=0.134729 shuffled_R2=-0.061220
ALIGN ego[00] partner[04] R2=0.976703 NMSE=0.023297 shuffled_R2=-0.018254
ALIGN ego[01] partner[00] R2=0.932591 NMSE=0.067409 shuffled_R2=-0.017340
ALIGN ego[01] partner[01] R2=0.981674 NMSE=0.018326 shuffled_R2=-0.017947
ALIGN ego[01] partner[02] R2=0.938246 NMSE=0.061754 shuffled_R2=-0.054305
ALIGN ego[01] partner[03] R2=0.952599 NMSE=0.047401 shuffled_R2=-0.017147
ALIGN ego[01] partner[04] R2=0.962782 NMSE=0.037218 shuffled_R2=-0.013258
ALIGN ego[02] partner[00] R2=0.938634 NMSE=0.061366 shuffled_R2=-0.014187
ALIGN ego[02] partner[01] R2=0.974191 NMSE=0.025809 shuffled_R2=-0.016573
ALIGN ego[02] partner[02] R2=0.960719 NMSE=0.039281 shuffled_R2=-0.017217
ALIGN ego[02] partner[03] R2=0.952621 NMSE=0.047379 shuffled_R2=-0.017919
ALIGN ego[02] partner[04] R2=0.960880 NMSE=0.039120 shuffled_R2=-0.012474
ALIGN ego[03] partner[00] R2=0.940181 NMSE=0.059819 shuffled_R2=-0.017990
ALIGN ego[03] partner[01] R2=0.960549 NMSE=0.039451 shuffled_R2=-0.019218
ALIGN ego[03] partner[02] R2=0.923834 NMSE=0.076166 shuffled_R2=-0.047878
ALIGN ego[03] partner[03] R2=0.973849 NMSE=0.026151 shuffled_R2=-0.016878
ALIGN ego[03] partner[04] R2=0.925417 NMSE=0.074583 shuffled_R2=-0.017717
ALIGN ego[04] partner[00] R2=0.942278 NMSE=0.057722 shuffled_R2=-0.016397
ALIGN ego[04] partner[01] R2=0.985869 NMSE=0.014131 shuffled_R2=-0.015074
ALIGN ego[04] partner[02] R2=0.897035 NMSE=0.102965 shuffled_R2=-0.167096
ALIGN ego[04] partner[03] R2=0.939411 NMSE=0.060589 shuffled_R2=-0.021400
ALIGN ego[04] partner[04] R2=0.960783 NMSE=0.039217 shuffled_R2=-0.014216
Average ego-to-partner alignment R2: 0.949307 +- 0.005433 SE over 25 ego-partner pairs
Average alignment normalized MSE: 0.050693 +- 0.005433 SE
Average shuffled-control alignment R2: -0.028310 +- 0.006343 SE
Saved alignment results to zsc_results/lmpred_gamma0/forced_coord
Evaluating ZSC for method=lmpred_gamma0_ablate, layout=cramped_room5x5, prefix=checkpoints/lmpred_gamma0_ablate, result_name=lmpred_gamma0_ablate, perspective_transform=false
Importing submoduled environments...
Submoduled environments not found. Skipping import.
LOADED: checkpoints/lmpred_gamma0_ablate/cramped_room5x5/baseline_seed_0_step_220.msgpack
LOADED: checkpoints/lmpred_gamma0_ablate/cramped_room5x5/baseline_seed_1_step_220.msgpack
LOADED: checkpoints/lmpred_gamma0_ablate/cramped_room5x5/baseline_seed_2_step_220.msgpack
LOADED: checkpoints/lmpred_gamma0_ablate/cramped_room5x5/baseline_seed_3_step_220.msgpack
LOADED: checkpoints/lmpred_gamma0_ablate/cramped_room5x5/baseline_seed_4_step_220.msgpack
ZSC[00, 00] = 230.841
ZSC[00, 01] = 182.319
ZSC[00, 02] = 238.027
ZSC[00, 03] = 229.844
ZSC[00, 04] = 217.250
ZSC[01, 00] = 182.086
ZSC[01, 01] = 239.447
ZSC[01, 02] = 216.528
ZSC[01, 03] = 198.177
ZSC[01, 04] = 125.364
ZSC[02, 00] = 237.662
ZSC[02, 01] = 216.050
ZSC[02, 02] = 234.977
ZSC[02, 03] = 185.214
ZSC[02, 04] = 190.456
ZSC[03, 00] = 229.880
ZSC[03, 01] = 198.466
ZSC[03, 02] = 185.630
ZSC[03, 03] = 180.764
ZSC[03, 04] = 207.637
ZSC[04, 00] = 216.519
ZSC[04, 01] = 125.647
ZSC[04, 02] = 190.556
ZSC[04, 03] = 207.406
ZSC[04, 04] = 234.347
Average SP performance (diagonal/self-copy): 224.075 +- 10.914 SE over 5 pairs
Average XP performance (off-diagonal/excluding self): 199.036 +- 6.918 SE over 20 ordered pairs
Saved ZSC results to zsc_results/lmpred_gamma0_ablate/cramped_room5x5
Saved ZSC heatmap to zsc_results/lmpred_gamma0_ablate/cramped_room5x5/xp_matrix.png
Using alignment rollout scale: ALIGN_PAIR_BATCH_SIZE=1, ALIGN_EVAL_NUM_EPISODES=128, ALIGN_EVAL_NUM_STEPS=400
ALIGN ego[00] partner[00] R2=0.913396 NMSE=0.086604 shuffled_R2=-0.018625
ALIGN ego[00] partner[01] R2=0.904941 NMSE=0.095059 shuffled_R2=-0.019473
ALIGN ego[00] partner[02] R2=0.814099 NMSE=0.185901 shuffled_R2=-0.039201
ALIGN ego[00] partner[03] R2=0.944438 NMSE=0.055562 shuffled_R2=-0.017007
ALIGN ego[00] partner[04] R2=0.917518 NMSE=0.082482 shuffled_R2=-0.016768
ALIGN ego[01] partner[00] R2=0.923386 NMSE=0.076614 shuffled_R2=-0.017464
ALIGN ego[01] partner[01] R2=0.939720 NMSE=0.060280 shuffled_R2=-0.019749
ALIGN ego[01] partner[02] R2=0.818572 NMSE=0.181428 shuffled_R2=-0.065064
ALIGN ego[01] partner[03] R2=0.961177 NMSE=0.038823 shuffled_R2=-0.015592
ALIGN ego[01] partner[04] R2=0.932052 NMSE=0.067948 shuffled_R2=-0.017277
ALIGN ego[02] partner[00] R2=0.872398 NMSE=0.127602 shuffled_R2=-0.021186
ALIGN ego[02] partner[01] R2=0.832136 NMSE=0.167864 shuffled_R2=-0.036097
ALIGN ego[02] partner[02] R2=0.935194 NMSE=0.064806 shuffled_R2=-0.016853
ALIGN ego[02] partner[03] R2=0.860246 NMSE=0.139754 shuffled_R2=-0.036246
ALIGN ego[02] partner[04] R2=0.874408 NMSE=0.125592 shuffled_R2=-0.045837
ALIGN ego[03] partner[00] R2=0.671391 NMSE=0.328609 shuffled_R2=-0.176557
ALIGN ego[03] partner[01] R2=0.897400 NMSE=0.102600 shuffled_R2=-0.038312
ALIGN ego[03] partner[02] R2=0.929762 NMSE=0.070238 shuffled_R2=-0.015986
ALIGN ego[03] partner[03] R2=0.960141 NMSE=0.039859 shuffled_R2=-0.015816
ALIGN ego[03] partner[04] R2=0.908338 NMSE=0.091662 shuffled_R2=-0.022617
ALIGN ego[04] partner[00] R2=0.930951 NMSE=0.069049 shuffled_R2=-0.015357
ALIGN ego[04] partner[01] R2=0.860954 NMSE=0.139046 shuffled_R2=-0.025084
ALIGN ego[04] partner[02] R2=0.941476 NMSE=0.058524 shuffled_R2=-0.018501
ALIGN ego[04] partner[03] R2=0.907479 NMSE=0.092521 shuffled_R2=-0.029600
ALIGN ego[04] partner[04] R2=0.930148 NMSE=0.069852 shuffled_R2=-0.015546
Average ego-to-partner alignment R2: 0.895269 +- 0.012495 SE over 25 ego-partner pairs
Average alignment normalized MSE: 0.104731 +- 0.012495 SE
Average shuffled-control alignment R2: -0.031033 +- 0.006540 SE
Saved alignment results to zsc_results/lmpred_gamma0_ablate/cramped_room5x5
Evaluating ZSC for method=lmpred_gamma0_ablate, layout=counter_circuit, prefix=checkpoints/lmpred_gamma0_ablate, result_name=lmpred_gamma0_ablate, perspective_transform=false
Importing submoduled environments...
Submoduled environments not found. Skipping import.
LOADED: checkpoints/lmpred_gamma0_ablate/counter_circuit/baseline_seed_0_step_380.msgpack
LOADED: checkpoints/lmpred_gamma0_ablate/counter_circuit/baseline_seed_1_step_380.msgpack
LOADED: checkpoints/lmpred_gamma0_ablate/counter_circuit/baseline_seed_2_step_380.msgpack
LOADED: checkpoints/lmpred_gamma0_ablate/counter_circuit/baseline_seed_3_step_380.msgpack
LOADED: checkpoints/lmpred_gamma0_ablate/counter_circuit/baseline_seed_4_step_380.msgpack
ZSC[00, 00] = 240.483
ZSC[00, 01] = 102.137
ZSC[00, 02] = 182.502
ZSC[00, 03] = 120.947
ZSC[00, 04] = 193.739
ZSC[01, 00] = 99.852
ZSC[01, 01] = 161.094
ZSC[01, 02] = 68.734
ZSC[01, 03] = 135.502
ZSC[01, 04] = 63.483
ZSC[02, 00] = 198.770
ZSC[02, 01] = 67.797
ZSC[02, 02] = 259.484
ZSC[02, 03] = 196.294
ZSC[02, 04] = 177.827
ZSC[03, 00] = 119.081
ZSC[03, 01] = 134.800
ZSC[03, 02] = 198.703
ZSC[03, 03] = 184.694
ZSC[03, 04] = 172.836
ZSC[04, 00] = 192.964
ZSC[04, 01] = 63.005
ZSC[04, 02] = 175.833
ZSC[04, 03] = 170.894
ZSC[04, 04] = 178.834
Average SP performance (diagonal/self-copy): 204.918 +- 19.042 SE over 5 pairs
Average XP performance (off-diagonal/excluding self): 141.785 +- 11.265 SE over 20 ordered pairs
Saved ZSC results to zsc_results/lmpred_gamma0_ablate/counter_circuit
Saved ZSC heatmap to zsc_results/lmpred_gamma0_ablate/counter_circuit/xp_matrix.png
Using alignment rollout scale: ALIGN_PAIR_BATCH_SIZE=1, ALIGN_EVAL_NUM_EPISODES=128, ALIGN_EVAL_NUM_STEPS=400
ALIGN ego[00] partner[00] R2=0.776765 NMSE=0.223235 shuffled_R2=-0.018825
ALIGN ego[00] partner[01] R2=0.732051 NMSE=0.267949 shuffled_R2=-0.024590
ALIGN ego[00] partner[02] R2=0.765731 NMSE=0.234269 shuffled_R2=-0.018109
ALIGN ego[00] partner[03] R2=0.773231 NMSE=0.226769 shuffled_R2=-0.021322
ALIGN ego[00] partner[04] R2=0.786800 NMSE=0.213200 shuffled_R2=-0.016716
ALIGN ego[01] partner[00] R2=0.789684 NMSE=0.210316 shuffled_R2=-0.024875
ALIGN ego[01] partner[01] R2=0.744140 NMSE=0.255860 shuffled_R2=-0.019287
ALIGN ego[01] partner[02] R2=0.784100 NMSE=0.215900 shuffled_R2=-0.018696
ALIGN ego[01] partner[03] R2=0.739473 NMSE=0.260527 shuffled_R2=-0.015958
ALIGN ego[01] partner[04] R2=0.782354 NMSE=0.217646 shuffled_R2=-0.022964
ALIGN ego[02] partner[00] R2=0.764561 NMSE=0.235439 shuffled_R2=-0.017375
ALIGN ego[02] partner[01] R2=0.786005 NMSE=0.213995 shuffled_R2=-0.017963
ALIGN ego[02] partner[02] R2=0.863061 NMSE=0.136939 shuffled_R2=-0.016670
ALIGN ego[02] partner[03] R2=0.796310 NMSE=0.203690 shuffled_R2=-0.015644
ALIGN ego[02] partner[04] R2=0.713796 NMSE=0.286204 shuffled_R2=-0.015558
ALIGN ego[03] partner[00] R2=0.757766 NMSE=0.242234 shuffled_R2=-0.028148
ALIGN ego[03] partner[01] R2=0.803479 NMSE=0.196521 shuffled_R2=-0.014435
ALIGN ego[03] partner[02] R2=0.811583 NMSE=0.188417 shuffled_R2=-0.017718
ALIGN ego[03] partner[03] R2=0.774044 NMSE=0.225956 shuffled_R2=-0.018893
ALIGN ego[03] partner[04] R2=0.740269 NMSE=0.259731 shuffled_R2=-0.016432
ALIGN ego[04] partner[00] R2=0.774462 NMSE=0.225538 shuffled_R2=-0.015968
ALIGN ego[04] partner[01] R2=0.822330 NMSE=0.177670 shuffled_R2=-0.014425
ALIGN ego[04] partner[02] R2=0.705448 NMSE=0.294552 shuffled_R2=-0.014504
ALIGN ego[04] partner[03] R2=0.704898 NMSE=0.295102 shuffled_R2=-0.017224
ALIGN ego[04] partner[04] R2=0.729895 NMSE=0.270105 shuffled_R2=-0.015861
Average ego-to-partner alignment R2: 0.768889 +- 0.007480 SE over 25 ego-partner pairs
Average alignment normalized MSE: 0.231111 +- 0.007480 SE
Average shuffled-control alignment R2: -0.018326 +- 0.000706 SE
Saved alignment results to zsc_results/lmpred_gamma0_ablate/counter_circuit
Evaluating ZSC for method=lmpred_gamma0_ablate, layout=coord_ring, prefix=checkpoints/lmpred_gamma0_ablate, result_name=lmpred_gamma0_ablate, perspective_transform=false
Importing submoduled environments...
Submoduled environments not found. Skipping import.
LOADED: checkpoints/lmpred_gamma0_ablate/coord_ring/baseline_seed_0_step_220.msgpack
LOADED: checkpoints/lmpred_gamma0_ablate/coord_ring/baseline_seed_1_step_220.msgpack
LOADED: checkpoints/lmpred_gamma0_ablate/coord_ring/baseline_seed_2_step_220.msgpack
LOADED: checkpoints/lmpred_gamma0_ablate/coord_ring/baseline_seed_3_step_220.msgpack
LOADED: checkpoints/lmpred_gamma0_ablate/coord_ring/baseline_seed_4_step_220.msgpack
ZSC[00, 00] = 262.927
ZSC[00, 01] = 257.431
ZSC[00, 02] = 254.547
ZSC[00, 03] = 242.531
ZSC[00, 04] = 238.909
ZSC[01, 00] = 258.572
ZSC[01, 01] = 315.852
ZSC[01, 02] = 245.009
ZSC[01, 03] = 273.347
ZSC[01, 04] = 280.292
ZSC[02, 00] = 253.550
ZSC[02, 01] = 242.737
ZSC[02, 02] = 300.622
ZSC[02, 03] = 283.825
ZSC[02, 04] = 291.750
ZSC[03, 00] = 242.353
ZSC[03, 01] = 273.403
ZSC[03, 02] = 284.670
ZSC[03, 03] = 326.252
ZSC[03, 04] = 260.827
ZSC[04, 00] = 239.272
ZSC[04, 01] = 281.034
ZSC[04, 02] = 291.617
ZSC[04, 03] = 259.573
ZSC[04, 04] = 284.539
Average SP performance (diagonal/self-copy): 298.038 +- 11.258 SE over 5 pairs
Average XP performance (off-diagonal/excluding self): 262.763 +- 4.084 SE over 20 ordered pairs
Saved ZSC results to zsc_results/lmpred_gamma0_ablate/coord_ring
Saved ZSC heatmap to zsc_results/lmpred_gamma0_ablate/coord_ring/xp_matrix.png
Using alignment rollout scale: ALIGN_PAIR_BATCH_SIZE=1, ALIGN_EVAL_NUM_EPISODES=128, ALIGN_EVAL_NUM_STEPS=400
ALIGN ego[00] partner[00] R2=0.800635 NMSE=0.199365 shuffled_R2=-0.027567
ALIGN ego[00] partner[01] R2=0.626948 NMSE=0.373052 shuffled_R2=-0.051306
ALIGN ego[00] partner[02] R2=0.578719 NMSE=0.421281 shuffled_R2=-0.041364
ALIGN ego[00] partner[03] R2=0.868371 NMSE=0.131629 shuffled_R2=-0.021188
ALIGN ego[00] partner[04] R2=0.891096 NMSE=0.108904 shuffled_R2=-0.015044
ALIGN ego[01] partner[00] R2=0.856421 NMSE=0.143579 shuffled_R2=-0.017147
ALIGN ego[01] partner[01] R2=0.797450 NMSE=0.202550 shuffled_R2=-0.023394
ALIGN ego[01] partner[02] R2=0.873758 NMSE=0.126242 shuffled_R2=-0.015660
ALIGN ego[01] partner[03] R2=0.866847 NMSE=0.133153 shuffled_R2=-0.015643
ALIGN ego[01] partner[04] R2=0.828289 NMSE=0.171711 shuffled_R2=-0.015715
ALIGN ego[02] partner[00] R2=0.785204 NMSE=0.214796 shuffled_R2=-0.029418
ALIGN ego[02] partner[01] R2=0.834386 NMSE=0.165614 shuffled_R2=-0.018954
ALIGN ego[02] partner[02] R2=0.839430 NMSE=0.160570 shuffled_R2=-0.013913
ALIGN ego[02] partner[03] R2=0.705443 NMSE=0.294557 shuffled_R2=-0.027852
ALIGN ego[02] partner[04] R2=0.843397 NMSE=0.156603 shuffled_R2=-0.015423
ALIGN ego[03] partner[00] R2=0.916348 NMSE=0.083652 shuffled_R2=-0.018434
ALIGN ego[03] partner[01] R2=0.877405 NMSE=0.122595 shuffled_R2=-0.015084
ALIGN ego[03] partner[02] R2=0.820510 NMSE=0.179490 shuffled_R2=-0.017955
ALIGN ego[03] partner[03] R2=0.929220 NMSE=0.070780 shuffled_R2=-0.017770
ALIGN ego[03] partner[04] R2=0.774392 NMSE=0.225608 shuffled_R2=-0.017747
ALIGN ego[04] partner[00] R2=0.833262 NMSE=0.166738 shuffled_R2=-0.029278
ALIGN ego[04] partner[01] R2=0.814281 NMSE=0.185719 shuffled_R2=-0.017441
ALIGN ego[04] partner[02] R2=0.843571 NMSE=0.156429 shuffled_R2=-0.016223
ALIGN ego[04] partner[03] R2=0.828541 NMSE=0.171459 shuffled_R2=-0.016847
ALIGN ego[04] partner[04] R2=0.803310 NMSE=0.196690 shuffled_R2=-0.018752
Average ego-to-partner alignment R2: 0.817489 +- 0.015982 SE over 25 ego-partner pairs
Average alignment normalized MSE: 0.182511 +- 0.015982 SE
Average shuffled-control alignment R2: -0.021405 +- 0.001786 SE
Saved alignment results to zsc_results/lmpred_gamma0_ablate/coord_ring
Evaluating ZSC for method=lmpred_gamma0_ablate, layout=asymm_advantages, prefix=checkpoints/lmpred_gamma0_ablate, result_name=lmpred_gamma0_ablate, perspective_transform=false
Importing submoduled environments...
Submoduled environments not found. Skipping import.
LOADED: checkpoints/lmpred_gamma0_ablate/asymm_advantages/baseline_seed_0_step_220.msgpack
LOADED: checkpoints/lmpred_gamma0_ablate/asymm_advantages/baseline_seed_1_step_220.msgpack
LOADED: checkpoints/lmpred_gamma0_ablate/asymm_advantages/baseline_seed_2_step_220.msgpack
LOADED: checkpoints/lmpred_gamma0_ablate/asymm_advantages/baseline_seed_3_step_220.msgpack
LOADED: checkpoints/lmpred_gamma0_ablate/asymm_advantages/baseline_seed_4_step_220.msgpack
ZSC[00, 00] = 455.606
ZSC[00, 01] = 471.111
ZSC[00, 02] = 415.183
ZSC[00, 03] = 474.950
ZSC[00, 04] = 473.850
ZSC[01, 00] = 450.108
ZSC[01, 01] = 468.928
ZSC[01, 02] = 380.125
ZSC[01, 03] = 451.053
ZSC[01, 04] = 484.692
ZSC[02, 00] = 459.292
ZSC[02, 01] = 472.261
ZSC[02, 02] = 449.602
ZSC[02, 03] = 473.266
ZSC[02, 04] = 481.039
ZSC[03, 00] = 475.245
ZSC[03, 01] = 471.591
ZSC[03, 02] = 418.995
ZSC[03, 03] = 475.548
ZSC[03, 04] = 474.659
ZSC[04, 00] = 437.380
ZSC[04, 01] = 470.566
ZSC[04, 02] = 420.012
ZSC[04, 03] = 475.095
ZSC[04, 04] = 487.320
Average SP performance (diagonal/self-copy): 467.401 +- 6.788 SE over 5 pairs
Average XP performance (off-diagonal/excluding self): 456.524 +- 6.274 SE over 20 ordered pairs
Saved ZSC results to zsc_results/lmpred_gamma0_ablate/asymm_advantages
Saved ZSC heatmap to zsc_results/lmpred_gamma0_ablate/asymm_advantages/xp_matrix.png
Using alignment rollout scale: ALIGN_PAIR_BATCH_SIZE=1, ALIGN_EVAL_NUM_EPISODES=128, ALIGN_EVAL_NUM_STEPS=400
ALIGN ego[00] partner[00] R2=0.958178 NMSE=0.041822 shuffled_R2=-0.015419
ALIGN ego[00] partner[01] R2=0.920241 NMSE=0.079759 shuffled_R2=-0.017353
ALIGN ego[00] partner[02] R2=0.658812 NMSE=0.341188 shuffled_R2=-0.049229
ALIGN ego[00] partner[03] R2=0.920475 NMSE=0.079525 shuffled_R2=-0.023235
ALIGN ego[00] partner[04] R2=0.832068 NMSE=0.167932 shuffled_R2=-0.047136
ALIGN ego[01] partner[00] R2=0.959014 NMSE=0.040986 shuffled_R2=-0.022309
ALIGN ego[01] partner[01] R2=0.896612 NMSE=0.103388 shuffled_R2=-0.036098
ALIGN ego[01] partner[02] R2=0.932444 NMSE=0.067556 shuffled_R2=-0.015105
ALIGN ego[01] partner[03] R2=0.935464 NMSE=0.064536 shuffled_R2=-0.017774
ALIGN ego[01] partner[04] R2=0.950018 NMSE=0.049982 shuffled_R2=-0.017680
ALIGN ego[02] partner[00] R2=0.943722 NMSE=0.056278 shuffled_R2=-0.018571
ALIGN ego[02] partner[01] R2=0.925794 NMSE=0.074206 shuffled_R2=-0.016610
ALIGN ego[02] partner[02] R2=0.868300 NMSE=0.131700 shuffled_R2=-0.017034
ALIGN ego[02] partner[03] R2=0.914755 NMSE=0.085245 shuffled_R2=-0.025514
ALIGN ego[02] partner[04] R2=0.670092 NMSE=0.329908 shuffled_R2=-0.139656
ALIGN ego[03] partner[00] R2=0.959099 NMSE=0.040901 shuffled_R2=-0.016443
ALIGN ego[03] partner[01] R2=0.916679 NMSE=0.083321 shuffled_R2=-0.028724
ALIGN ego[03] partner[02] R2=0.925852 NMSE=0.074148 shuffled_R2=-0.017311
ALIGN ego[03] partner[03] R2=0.948416 NMSE=0.051584 shuffled_R2=-0.020714
ALIGN ego[03] partner[04] R2=0.950806 NMSE=0.049194 shuffled_R2=-0.017668
ALIGN ego[04] partner[00] R2=0.972987 NMSE=0.027013 shuffled_R2=-0.021781
ALIGN ego[04] partner[01] R2=0.953185 NMSE=0.046815 shuffled_R2=-0.017186
ALIGN ego[04] partner[02] R2=0.730122 NMSE=0.269878 shuffled_R2=-0.154236
ALIGN ego[04] partner[03] R2=0.969634 NMSE=0.030366 shuffled_R2=-0.020829
ALIGN ego[04] partner[04] R2=0.962817 NMSE=0.037183 shuffled_R2=-0.023432
Average ego-to-partner alignment R2: 0.903024 +- 0.017650 SE over 25 ego-partner pairs
Average alignment normalized MSE: 0.096976 +- 0.017650 SE
Average shuffled-control alignment R2: -0.032682 +- 0.007121 SE
Saved alignment results to zsc_results/lmpred_gamma0_ablate/asymm_advantages
Evaluating ZSC for method=lmpred_gamma0_ablate, layout=forced_coord, prefix=checkpoints/lmpred_gamma0_ablate, result_name=lmpred_gamma0_ablate, perspective_transform=false
Importing submoduled environments...
Submoduled environments not found. Skipping import.
LOADED: checkpoints/lmpred_gamma0_ablate/forced_coord/baseline_seed_0_step_220.msgpack
LOADED: checkpoints/lmpred_gamma0_ablate/forced_coord/baseline_seed_1_step_220.msgpack
LOADED: checkpoints/lmpred_gamma0_ablate/forced_coord/baseline_seed_2_step_220.msgpack
LOADED: checkpoints/lmpred_gamma0_ablate/forced_coord/baseline_seed_3_step_220.msgpack
LOADED: checkpoints/lmpred_gamma0_ablate/forced_coord/baseline_seed_4_step_220.msgpack
ZSC[00, 00] = 314.059
ZSC[00, 01] = 285.405
ZSC[00, 02] = 151.247
ZSC[00, 03] = 315.909
ZSC[00, 04] = 33.553
ZSC[01, 00] = 54.025
ZSC[01, 01] = 295.398
ZSC[01, 02] = 198.116
ZSC[01, 03] = 17.258
ZSC[01, 04] = 239.831
ZSC[02, 00] = 191.917
ZSC[02, 01] = 162.206
ZSC[02, 02] = 286.292
ZSC[02, 03] = 21.619
ZSC[02, 04] = 286.947
ZSC[03, 00] = 289.405
ZSC[03, 01] = 256.173
ZSC[03, 02] = 54.889
ZSC[03, 03] = 307.794
ZSC[03, 04] = 38.891
ZSC[04, 00] = 68.452
ZSC[04, 01] = 157.353
ZSC[04, 02] = 239.941
ZSC[04, 03] = 0.000
ZSC[04, 04] = 285.091
Average SP performance (diagonal/self-copy): 297.727 +- 5.762 SE over 5 pairs
Average XP performance (off-diagonal/excluding self): 153.157 +- 24.223 SE over 20 ordered pairs
Saved ZSC results to zsc_results/lmpred_gamma0_ablate/forced_coord
Saved ZSC heatmap to zsc_results/lmpred_gamma0_ablate/forced_coord/xp_matrix.png
Using alignment rollout scale: ALIGN_PAIR_BATCH_SIZE=1, ALIGN_EVAL_NUM_EPISODES=128, ALIGN_EVAL_NUM_STEPS=400
ALIGN ego[00] partner[00] R2=0.960982 NMSE=0.039018 shuffled_R2=-0.014157
ALIGN ego[00] partner[01] R2=0.969938 NMSE=0.030062 shuffled_R2=-0.015812
ALIGN ego[00] partner[02] R2=0.935897 NMSE=0.064103 shuffled_R2=-0.014107
ALIGN ego[00] partner[03] R2=0.950882 NMSE=0.049118 shuffled_R2=-0.015137
ALIGN ego[00] partner[04] R2=0.982580 NMSE=0.017420 shuffled_R2=-0.020293
ALIGN ego[01] partner[00] R2=0.946946 NMSE=0.053054 shuffled_R2=-0.017507
ALIGN ego[01] partner[01] R2=0.946966 NMSE=0.053034 shuffled_R2=-0.015297
ALIGN ego[01] partner[02] R2=0.907943 NMSE=0.092057 shuffled_R2=-0.015528
ALIGN ego[01] partner[03] R2=0.926458 NMSE=0.073542 shuffled_R2=-0.027748
ALIGN ego[01] partner[04] R2=0.845564 NMSE=0.154436 shuffled_R2=-0.025026
ALIGN ego[02] partner[00] R2=0.914748 NMSE=0.085252 shuffled_R2=-0.015578
ALIGN ego[02] partner[01] R2=0.943823 NMSE=0.056177 shuffled_R2=-0.015179
ALIGN ego[02] partner[02] R2=0.946015 NMSE=0.053985 shuffled_R2=-0.017711
ALIGN ego[02] partner[03] R2=0.893910 NMSE=0.106090 shuffled_R2=-0.021989
ALIGN ego[02] partner[04] R2=0.959181 NMSE=0.040819 shuffled_R2=-0.015088
ALIGN ego[03] partner[00] R2=0.963589 NMSE=0.036411 shuffled_R2=-0.015779
ALIGN ego[03] partner[01] R2=0.954891 NMSE=0.045109 shuffled_R2=-0.017796
ALIGN ego[03] partner[02] R2=0.951502 NMSE=0.048498 shuffled_R2=-0.015751
ALIGN ego[03] partner[03] R2=0.918159 NMSE=0.081841 shuffled_R2=-0.014879
ALIGN ego[03] partner[04] R2=0.950137 NMSE=0.049863 shuffled_R2=-0.024345
ALIGN ego[04] partner[00] R2=0.970192 NMSE=0.029808 shuffled_R2=-0.013777
ALIGN ego[04] partner[01] R2=0.952293 NMSE=0.047707 shuffled_R2=-0.014223
ALIGN ego[04] partner[02] R2=0.935657 NMSE=0.064343 shuffled_R2=-0.014531
ALIGN ego[04] partner[03] R2=0.952853 NMSE=0.047147 shuffled_R2=-0.020607
ALIGN ego[04] partner[04] R2=0.963884 NMSE=0.036116 shuffled_R2=-0.018135
Average ego-to-partner alignment R2: 0.941800 +- 0.005762 SE over 25 ego-partner pairs
Average alignment normalized MSE: 0.058200 +- 0.005762 SE
Average shuffled-control alignment R2: -0.017439 +- 0.000761 SE
Saved alignment results to zsc_results/lmpred_gamma0_ablate/forced_coord
Evaluating ZSC for method=lmpred_gamma09, layout=cramped_room5x5, prefix=checkpoints/lmpred_gamma09, result_name=lmpred_gamma09, perspective_transform=true
Importing submoduled environments...
Submoduled environments not found. Skipping import.
LOADED: checkpoints/lmpred_gamma09/cramped_room5x5/baseline_seed_0_step_220.msgpack
LOADED: checkpoints/lmpred_gamma09/cramped_room5x5/baseline_seed_1_step_220.msgpack
LOADED: checkpoints/lmpred_gamma09/cramped_room5x5/baseline_seed_2_step_220.msgpack
LOADED: checkpoints/lmpred_gamma09/cramped_room5x5/baseline_seed_3_step_220.msgpack
LOADED: checkpoints/lmpred_gamma09/cramped_room5x5/baseline_seed_4_step_220.msgpack
ZSC[00, 00] = 208.256
ZSC[00, 01] = 208.980
ZSC[00, 02] = 183.294
ZSC[00, 03] = 220.534
ZSC[00, 04] = 204.947
ZSC[01, 00] = 209.477
ZSC[01, 01] = 228.077
ZSC[01, 02] = 35.047
ZSC[01, 03] = 227.995
ZSC[01, 04] = 207.262
ZSC[02, 00] = 182.998
ZSC[02, 01] = 35.161
ZSC[02, 02] = 238.983
ZSC[02, 03] = 177.150
ZSC[02, 04] = 80.325
ZSC[03, 00] = 220.672
ZSC[03, 01] = 228.120
ZSC[03, 02] = 175.952
ZSC[03, 03] = 232.130
ZSC[03, 04] = 202.255
ZSC[04, 00] = 205.209
ZSC[04, 01] = 207.422
ZSC[04, 02] = 79.959
ZSC[04, 03] = 200.353
ZSC[04, 04] = 243.861
Average SP performance (diagonal/self-copy): 230.261 +- 6.138 SE over 5 pairs
Average XP performance (off-diagonal/excluding self): 174.656 +- 14.020 SE over 20 ordered pairs
Saved ZSC results to zsc_results/lmpred_gamma09/cramped_room5x5
Saved ZSC heatmap to zsc_results/lmpred_gamma09/cramped_room5x5/xp_matrix.png
Using alignment rollout scale: ALIGN_PAIR_BATCH_SIZE=1, ALIGN_EVAL_NUM_EPISODES=128, ALIGN_EVAL_NUM_STEPS=400
ALIGN ego[00] partner[00] R2=0.917608 NMSE=0.082392 shuffled_R2=-0.023022
ALIGN ego[00] partner[01] R2=0.898148 NMSE=0.101852 shuffled_R2=-0.040609
ALIGN ego[00] partner[02] R2=0.946730 NMSE=0.053270 shuffled_R2=-0.016948
ALIGN ego[00] partner[03] R2=0.909219 NMSE=0.090781 shuffled_R2=-0.018042
ALIGN ego[00] partner[04] R2=0.903918 NMSE=0.096082 shuffled_R2=-0.017075
ALIGN ego[01] partner[00] R2=0.942816 NMSE=0.057184 shuffled_R2=-0.016486
ALIGN ego[01] partner[01] R2=0.958299 NMSE=0.041701 shuffled_R2=-0.016397
ALIGN ego[01] partner[02] R2=0.792186 NMSE=0.207814 shuffled_R2=-0.050766
ALIGN ego[01] partner[03] R2=0.909459 NMSE=0.090541 shuffled_R2=-0.017801
ALIGN ego[01] partner[04] R2=0.924930 NMSE=0.075070 shuffled_R2=-0.015750
ALIGN ego[02] partner[00] R2=0.950447 NMSE=0.049553 shuffled_R2=-0.014544
ALIGN ego[02] partner[01] R2=0.855859 NMSE=0.144141 shuffled_R2=-0.078310
ALIGN ego[02] partner[02] R2=0.931461 NMSE=0.068539 shuffled_R2=-0.016248
ALIGN ego[02] partner[03] R2=0.921059 NMSE=0.078941 shuffled_R2=-0.016057
ALIGN ego[02] partner[04] R2=0.940726 NMSE=0.059274 shuffled_R2=-0.016898
ALIGN ego[03] partner[00] R2=0.906407 NMSE=0.093593 shuffled_R2=-0.020751
ALIGN ego[03] partner[01] R2=0.928645 NMSE=0.071355 shuffled_R2=-0.017661
ALIGN ego[03] partner[02] R2=0.924165 NMSE=0.075835 shuffled_R2=-0.020543
ALIGN ego[03] partner[03] R2=0.887664 NMSE=0.112336 shuffled_R2=-0.018860
ALIGN ego[03] partner[04] R2=0.904906 NMSE=0.095094 shuffled_R2=-0.028191
ALIGN ego[04] partner[00] R2=0.922394 NMSE=0.077606 shuffled_R2=-0.020728
ALIGN ego[04] partner[01] R2=0.867540 NMSE=0.132460 shuffled_R2=-0.034973
ALIGN ego[04] partner[02] R2=0.935389 NMSE=0.064611 shuffled_R2=-0.017128
ALIGN ego[04] partner[03] R2=0.907658 NMSE=0.092342 shuffled_R2=-0.018829
ALIGN ego[04] partner[04] R2=0.932384 NMSE=0.067616 shuffled_R2=-0.015230
Average ego-to-partner alignment R2: 0.912801 +- 0.006975 SE over 25 ego-partner pairs
Average alignment normalized MSE: 0.087199 +- 0.006975 SE
Average shuffled-control alignment R2: -0.023514 +- 0.002870 SE
Saved alignment results to zsc_results/lmpred_gamma09/cramped_room5x5
Evaluating ZSC for method=lmpred_gamma09, layout=counter_circuit, prefix=checkpoints/lmpred_gamma09, result_name=lmpred_gamma09, perspective_transform=true
Importing submoduled environments...
Submoduled environments not found. Skipping import.
LOADED: checkpoints/lmpred_gamma09/counter_circuit/baseline_seed_0_step_380.msgpack
LOADED: checkpoints/lmpred_gamma09/counter_circuit/baseline_seed_1_step_380.msgpack
LOADED: checkpoints/lmpred_gamma09/counter_circuit/baseline_seed_2_step_380.msgpack
LOADED: checkpoints/lmpred_gamma09/counter_circuit/baseline_seed_3_step_380.msgpack
LOADED: checkpoints/lmpred_gamma09/counter_circuit/baseline_seed_4_step_380.msgpack
ZSC[00, 00] = 213.591
ZSC[00, 01] = 221.822
ZSC[00, 02] = 84.933
ZSC[00, 03] = 215.659
ZSC[00, 04] = 198.900
ZSC[01, 00] = 218.080
ZSC[01, 01] = 236.359
ZSC[01, 02] = 104.722
ZSC[01, 03] = 216.294
ZSC[01, 04] = 213.059
ZSC[02, 00] = 85.727
ZSC[02, 01] = 104.483
ZSC[02, 02] = 106.048
ZSC[02, 03] = 72.188
ZSC[02, 04] = 82.273
ZSC[03, 00] = 215.908
ZSC[03, 01] = 216.495
ZSC[03, 02] = 72.036
ZSC[03, 03] = 207.853
ZSC[03, 04] = 172.553
ZSC[04, 00] = 199.125
ZSC[04, 01] = 213.005
ZSC[04, 02] = 82.130
ZSC[04, 03] = 172.328
ZSC[04, 04] = 194.706
Average SP performance (diagonal/self-copy): 191.712 +- 22.450 SE over 5 pairs
Average XP performance (off-diagonal/excluding self): 158.086 +- 13.910 SE over 20 ordered pairs
Saved ZSC results to zsc_results/lmpred_gamma09/counter_circuit
Saved ZSC heatmap to zsc_results/lmpred_gamma09/counter_circuit/xp_matrix.png
Using alignment rollout scale: ALIGN_PAIR_BATCH_SIZE=1, ALIGN_EVAL_NUM_EPISODES=128, ALIGN_EVAL_NUM_STEPS=400
ALIGN ego[00] partner[00] R2=0.767605 NMSE=0.232395 shuffled_R2=-0.013834
ALIGN ego[00] partner[01] R2=0.766232 NMSE=0.233768 shuffled_R2=-0.015088
ALIGN ego[00] partner[02] R2=0.687740 NMSE=0.312260 shuffled_R2=-0.031213
ALIGN ego[00] partner[03] R2=0.763641 NMSE=0.236359 shuffled_R2=-0.015903
ALIGN ego[00] partner[04] R2=0.769581 NMSE=0.230419 shuffled_R2=-0.015874
ALIGN ego[01] partner[00] R2=0.717904 NMSE=0.282096 shuffled_R2=-0.021830
ALIGN ego[01] partner[01] R2=0.798229 NMSE=0.201771 shuffled_R2=-0.014981
ALIGN ego[01] partner[02] R2=0.783871 NMSE=0.216129 shuffled_R2=-0.017134
ALIGN ego[01] partner[03] R2=0.751023 NMSE=0.248977 shuffled_R2=-0.017770
ALIGN ego[01] partner[04] R2=0.771170 NMSE=0.228830 shuffled_R2=-0.017478
ALIGN ego[02] partner[00] R2=0.785472 NMSE=0.214528 shuffled_R2=-0.019660
ALIGN ego[02] partner[01] R2=0.818381 NMSE=0.181619 shuffled_R2=-0.014975
ALIGN ego[02] partner[02] R2=0.783258 NMSE=0.216742 shuffled_R2=-0.015986
ALIGN ego[02] partner[03] R2=0.799630 NMSE=0.200370 shuffled_R2=-0.018489
ALIGN ego[02] partner[04] R2=0.737113 NMSE=0.262887 shuffled_R2=-0.020407
ALIGN ego[03] partner[00] R2=0.770447 NMSE=0.229553 shuffled_R2=-0.015582
ALIGN ego[03] partner[01] R2=0.719010 NMSE=0.280990 shuffled_R2=-0.019882
ALIGN ego[03] partner[02] R2=0.774421 NMSE=0.225579 shuffled_R2=-0.024521
ALIGN ego[03] partner[03] R2=0.690113 NMSE=0.309887 shuffled_R2=-0.035448
ALIGN ego[03] partner[04] R2=0.752802 NMSE=0.247198 shuffled_R2=-0.016755
ALIGN ego[04] partner[00] R2=0.726627 NMSE=0.273373 shuffled_R2=-0.017806
ALIGN ego[04] partner[01] R2=0.755236 NMSE=0.244764 shuffled_R2=-0.016193
ALIGN ego[04] partner[02] R2=0.848461 NMSE=0.151539 shuffled_R2=-0.013843
ALIGN ego[04] partner[03] R2=0.756642 NMSE=0.243358 shuffled_R2=-0.017829
ALIGN ego[04] partner[04] R2=0.786607 NMSE=0.213393 shuffled_R2=-0.018460
Average ego-to-partner alignment R2: 0.763249 +- 0.007357 SE over 25 ego-partner pairs
Average alignment normalized MSE: 0.236751 +- 0.007357 SE
Average shuffled-control alignment R2: -0.018678 +- 0.001019 SE
Saved alignment results to zsc_results/lmpred_gamma09/counter_circuit
Evaluating ZSC for method=lmpred_gamma09, layout=coord_ring, prefix=checkpoints/lmpred_gamma09, result_name=lmpred_gamma09, perspective_transform=true
Importing submoduled environments...
Submoduled environments not found. Skipping import.
LOADED: checkpoints/lmpred_gamma09/coord_ring/baseline_seed_0_step_220.msgpack
LOADED: checkpoints/lmpred_gamma09/coord_ring/baseline_seed_1_step_220.msgpack
LOADED: checkpoints/lmpred_gamma09/coord_ring/baseline_seed_2_step_220.msgpack
LOADED: checkpoints/lmpred_gamma09/coord_ring/baseline_seed_3_step_220.msgpack
LOADED: checkpoints/lmpred_gamma09/coord_ring/baseline_seed_4_step_220.msgpack
ZSC[00, 00] = 313.052
ZSC[00, 01] = 289.356
ZSC[00, 02] = 257.225
ZSC[00, 03] = 307.423
ZSC[00, 04] = 274.547
ZSC[01, 00] = 290.375
ZSC[01, 01] = 295.902
ZSC[01, 02] = 283.598
ZSC[01, 03] = 286.244
ZSC[01, 04] = 270.742
ZSC[02, 00] = 258.603
ZSC[02, 01] = 283.981
ZSC[02, 02] = 259.880
ZSC[02, 03] = 273.508
ZSC[02, 04] = 241.087
ZSC[03, 00] = 307.188
ZSC[03, 01] = 285.023
ZSC[03, 02] = 272.847
ZSC[03, 03] = 289.562
ZSC[03, 04] = 262.337
ZSC[04, 00] = 274.477
ZSC[04, 01] = 271.361
ZSC[04, 02] = 240.886
ZSC[04, 03] = 261.831
ZSC[04, 04] = 253.998
Average SP performance (diagonal/self-copy): 282.479 +- 11.151 SE over 5 pairs
Average XP performance (off-diagonal/excluding self): 274.632 +- 4.033 SE over 20 ordered pairs
Saved ZSC results to zsc_results/lmpred_gamma09/coord_ring
Saved ZSC heatmap to zsc_results/lmpred_gamma09/coord_ring/xp_matrix.png
Using alignment rollout scale: ALIGN_PAIR_BATCH_SIZE=1, ALIGN_EVAL_NUM_EPISODES=128, ALIGN_EVAL_NUM_STEPS=400
ALIGN ego[00] partner[00] R2=0.877850 NMSE=0.122150 shuffled_R2=-0.020648
ALIGN ego[00] partner[01] R2=0.843835 NMSE=0.156165 shuffled_R2=-0.023120
ALIGN ego[00] partner[02] R2=0.883297 NMSE=0.116703 shuffled_R2=-0.016935
ALIGN ego[00] partner[03] R2=0.881038 NMSE=0.118962 shuffled_R2=-0.013074
ALIGN ego[00] partner[04] R2=0.889704 NMSE=0.110296 shuffled_R2=-0.013514
ALIGN ego[01] partner[00] R2=0.897344 NMSE=0.102656 shuffled_R2=-0.012959
ALIGN ego[01] partner[01] R2=0.792805 NMSE=0.207195 shuffled_R2=-0.030049
ALIGN ego[01] partner[02] R2=0.870652 NMSE=0.129348 shuffled_R2=-0.016166
ALIGN ego[01] partner[03] R2=0.825878 NMSE=0.174122 shuffled_R2=-0.016575
ALIGN ego[01] partner[04] R2=0.857805 NMSE=0.142195 shuffled_R2=-0.015726
ALIGN ego[02] partner[00] R2=0.859758 NMSE=0.140242 shuffled_R2=-0.015404
ALIGN ego[02] partner[01] R2=0.871092 NMSE=0.128908 shuffled_R2=-0.019133
ALIGN ego[02] partner[02] R2=0.904100 NMSE=0.095900 shuffled_R2=-0.016576
ALIGN ego[02] partner[03] R2=0.817110 NMSE=0.182890 shuffled_R2=-0.020709
ALIGN ego[02] partner[04] R2=0.838755 NMSE=0.161245 shuffled_R2=-0.017635
ALIGN ego[03] partner[00] R2=0.879370 NMSE=0.120630 shuffled_R2=-0.013499
ALIGN ego[03] partner[01] R2=0.745775 NMSE=0.254225 shuffled_R2=-0.032373
ALIGN ego[03] partner[02] R2=0.743494 NMSE=0.256506 shuffled_R2=-0.031795
ALIGN ego[03] partner[03] R2=0.770566 NMSE=0.229434 shuffled_R2=-0.021518
ALIGN ego[03] partner[04] R2=0.793232 NMSE=0.206768 shuffled_R2=-0.020165
ALIGN ego[04] partner[00] R2=0.850402 NMSE=0.149598 shuffled_R2=-0.016110
ALIGN ego[04] partner[01] R2=0.880519 NMSE=0.119481 shuffled_R2=-0.014175
ALIGN ego[04] partner[02] R2=0.856470 NMSE=0.143530 shuffled_R2=-0.019182
ALIGN ego[04] partner[03] R2=0.812270 NMSE=0.187730 shuffled_R2=-0.017159
ALIGN ego[04] partner[04] R2=0.855553 NMSE=0.144447 shuffled_R2=-0.015907
Average ego-to-partner alignment R2: 0.843947 +- 0.009113 SE over 25 ego-partner pairs
Average alignment normalized MSE: 0.156053 +- 0.009113 SE
Average shuffled-control alignment R2: -0.018804 +- 0.001096 SE
Saved alignment results to zsc_results/lmpred_gamma09/coord_ring
Evaluating ZSC for method=lmpred_gamma09, layout=asymm_advantages, prefix=checkpoints/lmpred_gamma09, result_name=lmpred_gamma09, perspective_transform=true
Importing submoduled environments...
Submoduled environments not found. Skipping import.
LOADED: checkpoints/lmpred_gamma09/asymm_advantages/baseline_seed_0_step_220.msgpack
LOADED: checkpoints/lmpred_gamma09/asymm_advantages/baseline_seed_1_step_220.msgpack
LOADED: checkpoints/lmpred_gamma09/asymm_advantages/baseline_seed_2_step_220.msgpack
LOADED: checkpoints/lmpred_gamma09/asymm_advantages/baseline_seed_3_step_220.msgpack
LOADED: checkpoints/lmpred_gamma09/asymm_advantages/baseline_seed_4_step_220.msgpack
ZSC[00, 00] = 449.270
ZSC[00, 01] = 500.000
ZSC[00, 02] = 481.744
ZSC[00, 03] = 484.427
ZSC[00, 04] = 447.683
ZSC[01, 00] = 445.466
ZSC[01, 01] = 499.484
ZSC[01, 02] = 478.094
ZSC[01, 03] = 455.173
ZSC[01, 04] = 392.669
ZSC[02, 00] = 449.891
ZSC[02, 01] = 499.000
ZSC[02, 02] = 483.895
ZSC[02, 03] = 470.406
ZSC[02, 04] = 398.961
ZSC[03, 00] = 445.427
ZSC[03, 01] = 500.000
ZSC[03, 02] = 481.111
ZSC[03, 03] = 462.322
ZSC[03, 04] = 231.212
ZSC[04, 00] = 230.997
ZSC[04, 01] = 462.083
ZSC[04, 02] = 327.334
ZSC[04, 03] = 321.816
ZSC[04, 04] = 446.508
Average SP performance (diagonal/self-copy): 468.296 +- 10.219 SE over 5 pairs
Average XP performance (off-diagonal/excluding self): 425.175 +- 18.699 SE over 20 ordered pairs
Saved ZSC results to zsc_results/lmpred_gamma09/asymm_advantages
Saved ZSC heatmap to zsc_results/lmpred_gamma09/asymm_advantages/xp_matrix.png
Using alignment rollout scale: ALIGN_PAIR_BATCH_SIZE=1, ALIGN_EVAL_NUM_EPISODES=128, ALIGN_EVAL_NUM_STEPS=400
ALIGN ego[00] partner[00] R2=0.912379 NMSE=0.087621 shuffled_R2=-0.017778
ALIGN ego[00] partner[01] R2=0.946527 NMSE=0.053473 shuffled_R2=-0.015934
ALIGN ego[00] partner[02] R2=0.924658 NMSE=0.075342 shuffled_R2=-0.021676
ALIGN ego[00] partner[03] R2=0.903096 NMSE=0.096904 shuffled_R2=-0.016119
ALIGN ego[00] partner[04] R2=0.858808 NMSE=0.141192 shuffled_R2=-0.025615
ALIGN ego[01] partner[00] R2=0.841756 NMSE=0.158244 shuffled_R2=-0.099179
ALIGN ego[01] partner[01] R2=0.950404 NMSE=0.049596 shuffled_R2=-0.018957
ALIGN ego[01] partner[02] R2=0.928977 NMSE=0.071023 shuffled_R2=-0.038649
ALIGN ego[01] partner[03] R2=0.940740 NMSE=0.059260 shuffled_R2=-0.016140
ALIGN ego[01] partner[04] R2=0.892325 NMSE=0.107675 shuffled_R2=-0.017625
ALIGN ego[02] partner[00] R2=0.953282 NMSE=0.046718 shuffled_R2=-0.018410
ALIGN ego[02] partner[01] R2=0.967841 NMSE=0.032159 shuffled_R2=-0.015931
ALIGN ego[02] partner[02] R2=0.967255 NMSE=0.032745 shuffled_R2=-0.013492
ALIGN ego[02] partner[03] R2=0.939120 NMSE=0.060880 shuffled_R2=-0.018146
ALIGN ego[02] partner[04] R2=0.921869 NMSE=0.078131 shuffled_R2=-0.017215
ALIGN ego[03] partner[00] R2=0.941884 NMSE=0.058116 shuffled_R2=-0.016166
ALIGN ego[03] partner[01] R2=0.960579 NMSE=0.039421 shuffled_R2=-0.019088
ALIGN ego[03] partner[02] R2=0.868944 NMSE=0.131056 shuffled_R2=-0.083275
ALIGN ego[03] partner[03] R2=0.930450 NMSE=0.069550 shuffled_R2=-0.020049
ALIGN ego[03] partner[04] R2=0.945159 NMSE=0.054841 shuffled_R2=-0.016771
ALIGN ego[04] partner[00] R2=0.918674 NMSE=0.081326 shuffled_R2=-0.017640
ALIGN ego[04] partner[01] R2=0.947016 NMSE=0.052984 shuffled_R2=-0.015924
ALIGN ego[04] partner[02] R2=0.927393 NMSE=0.072607 shuffled_R2=-0.018044
ALIGN ego[04] partner[03] R2=0.891588 NMSE=0.108412 shuffled_R2=-0.016349
ALIGN ego[04] partner[04] R2=0.907047 NMSE=0.092953 shuffled_R2=-0.017311
Average ego-to-partner alignment R2: 0.923511 +- 0.006591 SE over 25 ego-partner pairs
Average alignment normalized MSE: 0.076489 +- 0.006591 SE
Average shuffled-control alignment R2: -0.024459 +- 0.004156 SE
Saved alignment results to zsc_results/lmpred_gamma09/asymm_advantages
Evaluating ZSC for method=lmpred_gamma09, layout=forced_coord, prefix=checkpoints/lmpred_gamma09, result_name=lmpred_gamma09, perspective_transform=true
Importing submoduled environments...
Submoduled environments not found. Skipping import.
LOADED: checkpoints/lmpred_gamma09/forced_coord/baseline_seed_0_step_220.msgpack
LOADED: checkpoints/lmpred_gamma09/forced_coord/baseline_seed_1_step_220.msgpack
LOADED: checkpoints/lmpred_gamma09/forced_coord/baseline_seed_2_step_220.msgpack
LOADED: checkpoints/lmpred_gamma09/forced_coord/baseline_seed_3_step_220.msgpack
LOADED: checkpoints/lmpred_gamma09/forced_coord/baseline_seed_4_step_220.msgpack
ZSC[00, 00] = 275.466
ZSC[00, 01] = 102.027
ZSC[00, 02] = 234.834
ZSC[00, 03] = 151.719
ZSC[00, 04] = 173.195
ZSC[01, 00] = 24.433
ZSC[01, 01] = 296.669
ZSC[01, 02] = 271.794
ZSC[01, 03] = 57.650
ZSC[01, 04] = 21.889
ZSC[02, 00] = 254.747
ZSC[02, 01] = 299.441
ZSC[02, 02] = 280.000
ZSC[02, 03] = 78.647
ZSC[02, 04] = 6.744
ZSC[03, 00] = 274.680
ZSC[03, 01] = 273.198
ZSC[03, 02] = 256.147
ZSC[03, 03] = 300.561
ZSC[03, 04] = 261.445
ZSC[04, 00] = 56.025
ZSC[04, 01] = 83.719
ZSC[04, 02] = 158.836
ZSC[04, 03] = 127.014
ZSC[04, 04] = 230.130
Average SP performance (diagonal/self-copy): 276.565 +- 12.548 SE over 5 pairs
Average XP performance (off-diagonal/excluding self): 158.409 +- 22.439 SE over 20 ordered pairs
Saved ZSC results to zsc_results/lmpred_gamma09/forced_coord
Saved ZSC heatmap to zsc_results/lmpred_gamma09/forced_coord/xp_matrix.png
Using alignment rollout scale: ALIGN_PAIR_BATCH_SIZE=1, ALIGN_EVAL_NUM_EPISODES=128, ALIGN_EVAL_NUM_STEPS=400
ALIGN ego[00] partner[00] R2=0.932204 NMSE=0.067796 shuffled_R2=-0.014512
ALIGN ego[00] partner[01] R2=0.928972 NMSE=0.071028 shuffled_R2=-0.016316
ALIGN ego[00] partner[02] R2=0.910638 NMSE=0.089362 shuffled_R2=-0.016393
ALIGN ego[00] partner[03] R2=0.894070 NMSE=0.105930 shuffled_R2=-0.017173
ALIGN ego[00] partner[04] R2=0.952632 NMSE=0.047368 shuffled_R2=-0.014029
ALIGN ego[01] partner[00] R2=0.960948 NMSE=0.039052 shuffled_R2=-0.016559
ALIGN ego[01] partner[01] R2=0.948284 NMSE=0.051716 shuffled_R2=-0.016713
ALIGN ego[01] partner[02] R2=0.944563 NMSE=0.055437 shuffled_R2=-0.016436
ALIGN ego[01] partner[03] R2=0.936829 NMSE=0.063171 shuffled_R2=-0.019725
ALIGN ego[01] partner[04] R2=0.951314 NMSE=0.048686 shuffled_R2=-0.016331
ALIGN ego[02] partner[00] R2=0.936880 NMSE=0.063120 shuffled_R2=-0.016472
ALIGN ego[02] partner[01] R2=0.968189 NMSE=0.031811 shuffled_R2=-0.017764
ALIGN ego[02] partner[02] R2=0.962215 NMSE=0.037785 shuffled_R2=-0.016091
ALIGN ego[02] partner[03] R2=0.944488 NMSE=0.055512 shuffled_R2=-0.016058
ALIGN ego[02] partner[04] R2=0.946129 NMSE=0.053871 shuffled_R2=-0.016637
ALIGN ego[03] partner[00] R2=0.951372 NMSE=0.048628 shuffled_R2=-0.019124
ALIGN ego[03] partner[01] R2=0.930480 NMSE=0.069520 shuffled_R2=-0.018217
ALIGN ego[03] partner[02] R2=0.942678 NMSE=0.057322 shuffled_R2=-0.016407
ALIGN ego[03] partner[03] R2=0.947770 NMSE=0.052230 shuffled_R2=-0.014351
ALIGN ego[03] partner[04] R2=0.935149 NMSE=0.064851 shuffled_R2=-0.015707
ALIGN ego[04] partner[00] R2=0.944538 NMSE=0.055462 shuffled_R2=-0.014480
ALIGN ego[04] partner[01] R2=0.956362 NMSE=0.043638 shuffled_R2=-0.014533
ALIGN ego[04] partner[02] R2=0.935251 NMSE=0.064749 shuffled_R2=-0.017867
ALIGN ego[04] partner[03] R2=0.950048 NMSE=0.049952 shuffled_R2=-0.018441
ALIGN ego[04] partner[04] R2=0.960473 NMSE=0.039527 shuffled_R2=-0.015738
Average ego-to-partner alignment R2: 0.942899 +- 0.003232 SE over 25 ego-partner pairs
Average alignment normalized MSE: 0.057101 +- 0.003232 SE
Average shuffled-control alignment R2: -0.016483 +- 0.000295 SE
Saved alignment results to zsc_results/lmpred_gamma09/forced_coord
Evaluating ZSC for method=lmpred_gamma09_ablate, layout=cramped_room5x5, prefix=checkpoints/lmpred_gamma09_ablate, result_name=lmpred_gamma09_ablate, perspective_transform=false
Importing submoduled environments...
Submoduled environments not found. Skipping import.
LOADED: checkpoints/lmpred_gamma09_ablate/cramped_room5x5/baseline_seed_0_step_220.msgpack
LOADED: checkpoints/lmpred_gamma09_ablate/cramped_room5x5/baseline_seed_1_step_220.msgpack
LOADED: checkpoints/lmpred_gamma09_ablate/cramped_room5x5/baseline_seed_2_step_220.msgpack
LOADED: checkpoints/lmpred_gamma09_ablate/cramped_room5x5/baseline_seed_3_step_220.msgpack
LOADED: checkpoints/lmpred_gamma09_ablate/cramped_room5x5/baseline_seed_4_step_220.msgpack
ZSC[00, 00] = 240.211
ZSC[00, 01] = 213.812
ZSC[00, 02] = 233.028
ZSC[00, 03] = 172.345
ZSC[00, 04] = 223.402
ZSC[01, 00] = 213.567
ZSC[01, 01] = 238.608
ZSC[01, 02] = 220.702
ZSC[01, 03] = 187.336
ZSC[01, 04] = 190.091
ZSC[02, 00] = 233.066
ZSC[02, 01] = 220.766
ZSC[02, 02] = 211.055
ZSC[02, 03] = 152.686
ZSC[02, 04] = 197.139
ZSC[03, 00] = 172.381
ZSC[03, 01] = 186.522
ZSC[03, 02] = 152.431
ZSC[03, 03] = 222.811
ZSC[03, 04] = 115.256
ZSC[04, 00] = 223.525
ZSC[04, 01] = 190.978
ZSC[04, 02] = 196.564
ZSC[04, 03] = 115.577
ZSC[04, 04] = 229.753
Average SP performance (diagonal/self-copy): 228.487 +- 5.374 SE over 5 pairs
Average XP performance (off-diagonal/excluding self): 190.559 +- 7.883 SE over 20 ordered pairs
Saved ZSC results to zsc_results/lmpred_gamma09_ablate/cramped_room5x5
Saved ZSC heatmap to zsc_results/lmpred_gamma09_ablate/cramped_room5x5/xp_matrix.png
Using alignment rollout scale: ALIGN_PAIR_BATCH_SIZE=1, ALIGN_EVAL_NUM_EPISODES=128, ALIGN_EVAL_NUM_STEPS=400
ALIGN ego[00] partner[00] R2=0.849810 NMSE=0.150190 shuffled_R2=-0.037468
ALIGN ego[00] partner[01] R2=0.934580 NMSE=0.065420 shuffled_R2=-0.016869
ALIGN ego[00] partner[02] R2=0.936147 NMSE=0.063853 shuffled_R2=-0.015628
ALIGN ego[00] partner[03] R2=0.929137 NMSE=0.070863 shuffled_R2=-0.018914
ALIGN ego[00] partner[04] R2=0.911761 NMSE=0.088239 shuffled_R2=-0.013555
ALIGN ego[01] partner[00] R2=0.913473 NMSE=0.086527 shuffled_R2=-0.017522
ALIGN ego[01] partner[01] R2=0.954745 NMSE=0.045255 shuffled_R2=-0.017679
ALIGN ego[01] partner[02] R2=0.916208 NMSE=0.083792 shuffled_R2=-0.016291
ALIGN ego[01] partner[03] R2=0.937071 NMSE=0.062929 shuffled_R2=-0.014265
ALIGN ego[01] partner[04] R2=0.750720 NMSE=0.249280 shuffled_R2=-0.059244
ALIGN ego[02] partner[00] R2=0.925504 NMSE=0.074496 shuffled_R2=-0.018161
ALIGN ego[02] partner[01] R2=0.923642 NMSE=0.076358 shuffled_R2=-0.017940
ALIGN ego[02] partner[02] R2=0.857135 NMSE=0.142865 shuffled_R2=-0.028932
ALIGN ego[02] partner[03] R2=0.878319 NMSE=0.121681 shuffled_R2=-0.026462
ALIGN ego[02] partner[04] R2=0.913191 NMSE=0.086809 shuffled_R2=-0.017218
ALIGN ego[03] partner[00] R2=0.870795 NMSE=0.129205 shuffled_R2=-0.034954
ALIGN ego[03] partner[01] R2=0.649533 NMSE=0.350467 shuffled_R2=-0.074323
ALIGN ego[03] partner[02] R2=0.836107 NMSE=0.163893 shuffled_R2=-0.032841
ALIGN ego[03] partner[03] R2=0.932404 NMSE=0.067596 shuffled_R2=-0.016336
ALIGN ego[03] partner[04] R2=0.931782 NMSE=0.068218 shuffled_R2=-0.017710
ALIGN ego[04] partner[00] R2=0.903561 NMSE=0.096439 shuffled_R2=-0.016444
ALIGN ego[04] partner[01] R2=0.941145 NMSE=0.058855 shuffled_R2=-0.016628
ALIGN ego[04] partner[02] R2=0.914446 NMSE=0.085554 shuffled_R2=-0.017363
ALIGN ego[04] partner[03] R2=0.938684 NMSE=0.061316 shuffled_R2=-0.013297
ALIGN ego[04] partner[04] R2=0.934744 NMSE=0.065256 shuffled_R2=-0.015779
Average ego-to-partner alignment R2: 0.895386 +- 0.013578 SE over 25 ego-partner pairs
Average alignment normalized MSE: 0.104614 +- 0.013578 SE
Average shuffled-control alignment R2: -0.023673 +- 0.002951 SE
Saved alignment results to zsc_results/lmpred_gamma09_ablate/cramped_room5x5
Evaluating ZSC for method=lmpred_gamma09_ablate, layout=counter_circuit, prefix=checkpoints/lmpred_gamma09_ablate, result_name=lmpred_gamma09_ablate, perspective_transform=false
Importing submoduled environments...
Submoduled environments not found. Skipping import.
LOADED: checkpoints/lmpred_gamma09_ablate/counter_circuit/baseline_seed_0_step_380.msgpack
LOADED: checkpoints/lmpred_gamma09_ablate/counter_circuit/baseline_seed_1_step_380.msgpack
LOADED: checkpoints/lmpred_gamma09_ablate/counter_circuit/baseline_seed_2_step_380.msgpack
LOADED: checkpoints/lmpred_gamma09_ablate/counter_circuit/baseline_seed_3_step_380.msgpack
LOADED: checkpoints/lmpred_gamma09_ablate/counter_circuit/baseline_seed_4_step_380.msgpack
ZSC[00, 00] = 214.153
ZSC[00, 01] = 169.397
ZSC[00, 02] = 217.022
ZSC[00, 03] = 202.444
ZSC[00, 04] = 188.852
ZSC[01, 00] = 169.634
ZSC[01, 01] = 216.244
ZSC[01, 02] = 232.580
ZSC[01, 03] = 223.759
ZSC[01, 04] = 204.748
ZSC[02, 00] = 221.866
ZSC[02, 01] = 221.430
ZSC[02, 02] = 272.903
ZSC[02, 03] = 272.205
ZSC[02, 04] = 223.642
ZSC[03, 00] = 198.228
ZSC[03, 01] = 214.300
ZSC[03, 02] = 264.311
ZSC[03, 03] = 267.786
ZSC[03, 04] = 217.850
ZSC[04, 00] = 196.792
ZSC[04, 01] = 206.302
ZSC[04, 02] = 234.328
ZSC[04, 03] = 219.594
ZSC[04, 04] = 230.395
Average SP performance (diagonal/self-copy): 240.296 +- 12.607 SE over 5 pairs
Average XP performance (off-diagonal/excluding self): 214.964 +- 5.720 SE over 20 ordered pairs
Saved ZSC results to zsc_results/lmpred_gamma09_ablate/counter_circuit
Saved ZSC heatmap to zsc_results/lmpred_gamma09_ablate/counter_circuit/xp_matrix.png
Using alignment rollout scale: ALIGN_PAIR_BATCH_SIZE=1, ALIGN_EVAL_NUM_EPISODES=128, ALIGN_EVAL_NUM_STEPS=400
ALIGN ego[00] partner[00] R2=0.799145 NMSE=0.200855 shuffled_R2=-0.015690
ALIGN ego[00] partner[01] R2=0.756362 NMSE=0.243638 shuffled_R2=-0.017985
ALIGN ego[00] partner[02] R2=0.703319 NMSE=0.296681 shuffled_R2=-0.024025
ALIGN ego[00] partner[03] R2=0.842904 NMSE=0.157096 shuffled_R2=-0.017713
ALIGN ego[00] partner[04] R2=0.735199 NMSE=0.264801 shuffled_R2=-0.017437
ALIGN ego[01] partner[00] R2=0.697172 NMSE=0.302828 shuffled_R2=-0.019950
ALIGN ego[01] partner[01] R2=0.663107 NMSE=0.336893 shuffled_R2=-0.021480
ALIGN ego[01] partner[02] R2=0.835196 NMSE=0.164804 shuffled_R2=-0.014435
ALIGN ego[01] partner[03] R2=0.742689 NMSE=0.257311 shuffled_R2=-0.020650
ALIGN ego[01] partner[04] R2=0.763156 NMSE=0.236844 shuffled_R2=-0.018674
ALIGN ego[02] partner[00] R2=0.756275 NMSE=0.243725 shuffled_R2=-0.016304
ALIGN ego[02] partner[01] R2=0.801837 NMSE=0.198163 shuffled_R2=-0.015107
ALIGN ego[02] partner[02] R2=0.880800 NMSE=0.119200 shuffled_R2=-0.014943
ALIGN ego[02] partner[03] R2=0.900667 NMSE=0.099333 shuffled_R2=-0.014463
ALIGN ego[02] partner[04] R2=0.787199 NMSE=0.212801 shuffled_R2=-0.015984
ALIGN ego[03] partner[00] R2=0.827981 NMSE=0.172019 shuffled_R2=-0.015840
ALIGN ego[03] partner[01] R2=0.753541 NMSE=0.246459 shuffled_R2=-0.018093
ALIGN ego[03] partner[02] R2=0.813045 NMSE=0.186955 shuffled_R2=-0.021750
ALIGN ego[03] partner[03] R2=0.888639 NMSE=0.111361 shuffled_R2=-0.020519
ALIGN ego[03] partner[04] R2=0.778933 NMSE=0.221067 shuffled_R2=-0.015711
ALIGN ego[04] partner[00] R2=0.714706 NMSE=0.285294 shuffled_R2=-0.016498
ALIGN ego[04] partner[01] R2=0.771053 NMSE=0.228947 shuffled_R2=-0.016846
ALIGN ego[04] partner[02] R2=0.794720 NMSE=0.205280 shuffled_R2=-0.015784
ALIGN ego[04] partner[03] R2=0.752989 NMSE=0.247011 shuffled_R2=-0.016170
ALIGN ego[04] partner[04] R2=0.766940 NMSE=0.233060 shuffled_R2=-0.015652
Average ego-to-partner alignment R2: 0.781103 +- 0.011913 SE over 25 ego-partner pairs
Average alignment normalized MSE: 0.218897 +- 0.011913 SE
Average shuffled-control alignment R2: -0.017508 +- 0.000511 SE
Saved alignment results to zsc_results/lmpred_gamma09_ablate/counter_circuit
Evaluating ZSC for method=lmpred_gamma09_ablate, layout=coord_ring, prefix=checkpoints/lmpred_gamma09_ablate, result_name=lmpred_gamma09_ablate, perspective_transform=false
Importing submoduled environments...
Submoduled environments not found. Skipping import.
LOADED: checkpoints/lmpred_gamma09_ablate/coord_ring/baseline_seed_0_step_220.msgpack
LOADED: checkpoints/lmpred_gamma09_ablate/coord_ring/baseline_seed_1_step_220.msgpack
LOADED: checkpoints/lmpred_gamma09_ablate/coord_ring/baseline_seed_2_step_220.msgpack
LOADED: checkpoints/lmpred_gamma09_ablate/coord_ring/baseline_seed_3_step_220.msgpack
LOADED: checkpoints/lmpred_gamma09_ablate/coord_ring/baseline_seed_4_step_220.msgpack
ZSC[00, 00] = 265.697
ZSC[00, 01] = 250.072
ZSC[00, 02] = 48.005
ZSC[00, 03] = 179.325
ZSC[00, 04] = 244.677
ZSC[01, 00] = 249.927
ZSC[01, 01] = 316.661
ZSC[01, 02] = 221.570
ZSC[01, 03] = 307.961
ZSC[01, 04] = 278.150
ZSC[02, 00] = 48.830
ZSC[02, 01] = 219.658
ZSC[02, 02] = 205.661
ZSC[02, 03] = 216.548
ZSC[02, 04] = 263.742
ZSC[03, 00] = 180.794
ZSC[03, 01] = 306.448
ZSC[03, 02] = 218.569
ZSC[03, 03] = 332.931
ZSC[03, 04] = 311.423
ZSC[04, 00] = 244.762
ZSC[04, 01] = 279.248
ZSC[04, 02] = 265.302
ZSC[04, 03] = 312.158
ZSC[04, 04] = 289.620
Average SP performance (diagonal/self-copy): 282.114 +- 22.301 SE over 5 pairs
Average XP performance (off-diagonal/excluding self): 232.358 +- 16.621 SE over 20 ordered pairs
Saved ZSC results to zsc_results/lmpred_gamma09_ablate/coord_ring
Saved ZSC heatmap to zsc_results/lmpred_gamma09_ablate/coord_ring/xp_matrix.png
Using alignment rollout scale: ALIGN_PAIR_BATCH_SIZE=1, ALIGN_EVAL_NUM_EPISODES=128, ALIGN_EVAL_NUM_STEPS=400
ALIGN ego[00] partner[00] R2=0.799071 NMSE=0.200929 shuffled_R2=-0.023588
ALIGN ego[00] partner[01] R2=0.809505 NMSE=0.190495 shuffled_R2=-0.018158
ALIGN ego[00] partner[02] R2=0.747873 NMSE=0.252127 shuffled_R2=-0.061664
ALIGN ego[00] partner[03] R2=0.841149 NMSE=0.158851 shuffled_R2=-0.016102
ALIGN ego[00] partner[04] R2=0.862161 NMSE=0.137839 shuffled_R2=-0.016038
ALIGN ego[01] partner[00] R2=0.869816 NMSE=0.130184 shuffled_R2=-0.014786
ALIGN ego[01] partner[01] R2=0.872535 NMSE=0.127465 shuffled_R2=-0.025996
ALIGN ego[01] partner[02] R2=0.623223 NMSE=0.376777 shuffled_R2=-0.162660
ALIGN ego[01] partner[03] R2=0.926951 NMSE=0.073049 shuffled_R2=-0.014686
ALIGN ego[01] partner[04] R2=0.907440 NMSE=0.092560 shuffled_R2=-0.016354
ALIGN ego[02] partner[00] R2=0.736345 NMSE=0.263655 shuffled_R2=-0.070167
ALIGN ego[02] partner[01] R2=0.621848 NMSE=0.378152 shuffled_R2=-0.072293
ALIGN ego[02] partner[02] R2=0.827217 NMSE=0.172783 shuffled_R2=-0.025923
ALIGN ego[02] partner[03] R2=0.796177 NMSE=0.203823 shuffled_R2=-0.039558
ALIGN ego[02] partner[04] R2=0.861873 NMSE=0.138127 shuffled_R2=-0.035157
ALIGN ego[03] partner[00] R2=0.834142 NMSE=0.165858 shuffled_R2=-0.023398
ALIGN ego[03] partner[01] R2=0.725767 NMSE=0.274233 shuffled_R2=-0.045302
ALIGN ego[03] partner[02] R2=0.911019 NMSE=0.088981 shuffled_R2=-0.017612
ALIGN ego[03] partner[03] R2=0.923753 NMSE=0.076247 shuffled_R2=-0.016706
ALIGN ego[03] partner[04] R2=0.917311 NMSE=0.082689 shuffled_R2=-0.022120
ALIGN ego[04] partner[00] R2=0.885081 NMSE=0.114919 shuffled_R2=-0.014704
ALIGN ego[04] partner[01] R2=0.878965 NMSE=0.121035 shuffled_R2=-0.014986
ALIGN ego[04] partner[02] R2=0.893962 NMSE=0.106038 shuffled_R2=-0.022838
ALIGN ego[04] partner[03] R2=0.909580 NMSE=0.090420 shuffled_R2=-0.012569
ALIGN ego[04] partner[04] R2=0.922880 NMSE=0.077120 shuffled_R2=-0.018764
Average ego-to-partner alignment R2: 0.836226 +- 0.017439 SE over 25 ego-partner pairs
Average alignment normalized MSE: 0.163774 +- 0.017439 SE
Average shuffled-control alignment R2: -0.032885 +- 0.006426 SE
Saved alignment results to zsc_results/lmpred_gamma09_ablate/coord_ring
Evaluating ZSC for method=lmpred_gamma09_ablate, layout=asymm_advantages, prefix=checkpoints/lmpred_gamma09_ablate, result_name=lmpred_gamma09_ablate, perspective_transform=false
Importing submoduled environments...
Submoduled environments not found. Skipping import.
LOADED: checkpoints/lmpred_gamma09_ablate/asymm_advantages/baseline_seed_0_step_220.msgpack
LOADED: checkpoints/lmpred_gamma09_ablate/asymm_advantages/baseline_seed_1_step_220.msgpack
LOADED: checkpoints/lmpred_gamma09_ablate/asymm_advantages/baseline_seed_2_step_220.msgpack
LOADED: checkpoints/lmpred_gamma09_ablate/asymm_advantages/baseline_seed_3_step_220.msgpack
LOADED: checkpoints/lmpred_gamma09_ablate/asymm_advantages/baseline_seed_4_step_220.msgpack
ZSC[00, 00] = 484.152
ZSC[00, 01] = 432.384
ZSC[00, 02] = 452.006
ZSC[00, 03] = 436.694
ZSC[00, 04] = 446.836
ZSC[01, 00] = 464.444
ZSC[01, 01] = 431.692
ZSC[01, 02] = 418.900
ZSC[01, 03] = 440.533
ZSC[01, 04] = 444.916
ZSC[02, 00] = 493.105
ZSC[02, 01] = 442.955
ZSC[02, 02] = 448.744
ZSC[02, 03] = 439.064
ZSC[02, 04] = 465.081
ZSC[03, 00] = 476.122
ZSC[03, 01] = 412.234
ZSC[03, 02] = 452.262
ZSC[03, 03] = 435.427
ZSC[03, 04] = 443.519
ZSC[04, 00] = 485.261
ZSC[04, 01] = 437.164
ZSC[04, 02] = 447.656
ZSC[04, 03] = 436.323
ZSC[04, 04] = 454.078
Average SP performance (diagonal/self-copy): 450.818 +- 9.297 SE over 5 pairs
Average XP performance (off-diagonal/excluding self): 448.373 +- 4.516 SE over 20 ordered pairs
Saved ZSC results to zsc_results/lmpred_gamma09_ablate/asymm_advantages
Saved ZSC heatmap to zsc_results/lmpred_gamma09_ablate/asymm_advantages/xp_matrix.png
Using alignment rollout scale: ALIGN_PAIR_BATCH_SIZE=1, ALIGN_EVAL_NUM_EPISODES=128, ALIGN_EVAL_NUM_STEPS=400
ALIGN ego[00] partner[00] R2=0.941831 NMSE=0.058169 shuffled_R2=-0.021059
ALIGN ego[00] partner[01] R2=0.967442 NMSE=0.032558 shuffled_R2=-0.016568
ALIGN ego[00] partner[02] R2=0.916353 NMSE=0.083647 shuffled_R2=-0.023644
ALIGN ego[00] partner[03] R2=0.925077 NMSE=0.074923 shuffled_R2=-0.019696
ALIGN ego[00] partner[04] R2=0.962660 NMSE=0.037340 shuffled_R2=-0.016420
ALIGN ego[01] partner[00] R2=0.908155 NMSE=0.091845 shuffled_R2=-0.022481
ALIGN ego[01] partner[01] R2=0.870013 NMSE=0.129987 shuffled_R2=-0.026230
ALIGN ego[01] partner[02] R2=0.885812 NMSE=0.114188 shuffled_R2=-0.014750
ALIGN ego[01] partner[03] R2=0.903679 NMSE=0.096321 shuffled_R2=-0.018093
ALIGN ego[01] partner[04] R2=0.888010 NMSE=0.111990 shuffled_R2=-0.022650
ALIGN ego[02] partner[00] R2=0.944340 NMSE=0.055660 shuffled_R2=-0.016662
ALIGN ego[02] partner[01] R2=0.931948 NMSE=0.068052 shuffled_R2=-0.017541
ALIGN ego[02] partner[02] R2=0.907095 NMSE=0.092905 shuffled_R2=-0.025705
ALIGN ego[02] partner[03] R2=0.870090 NMSE=0.129910 shuffled_R2=-0.044576
ALIGN ego[02] partner[04] R2=0.909921 NMSE=0.090079 shuffled_R2=-0.021177
ALIGN ego[03] partner[00] R2=0.921127 NMSE=0.078873 shuffled_R2=-0.019393
ALIGN ego[03] partner[01] R2=0.915031 NMSE=0.084969 shuffled_R2=-0.021061
ALIGN ego[03] partner[02] R2=0.886049 NMSE=0.113951 shuffled_R2=-0.017196
ALIGN ego[03] partner[03] R2=0.896715 NMSE=0.103285 shuffled_R2=-0.022131
ALIGN ego[03] partner[04] R2=0.935240 NMSE=0.064760 shuffled_R2=-0.019342
ALIGN ego[04] partner[00] R2=0.952933 NMSE=0.047067 shuffled_R2=-0.014920
ALIGN ego[04] partner[01] R2=0.914504 NMSE=0.085496 shuffled_R2=-0.040131
ALIGN ego[04] partner[02] R2=0.919947 NMSE=0.080053 shuffled_R2=-0.020182
ALIGN ego[04] partner[03] R2=0.931553 NMSE=0.068447 shuffled_R2=-0.015276
ALIGN ego[04] partner[04] R2=0.899481 NMSE=0.100519 shuffled_R2=-0.032527
Average ego-to-partner alignment R2: 0.916200 +- 0.005234 SE over 25 ego-partner pairs
Average alignment normalized MSE: 0.083800 +- 0.005234 SE
Average shuffled-control alignment R2: -0.021976 +- 0.001474 SE
Saved alignment results to zsc_results/lmpred_gamma09_ablate/asymm_advantages
Evaluating ZSC for method=lmpred_gamma09_ablate, layout=forced_coord, prefix=checkpoints/lmpred_gamma09_ablate, result_name=lmpred_gamma09_ablate, perspective_transform=false
Importing submoduled environments...
Submoduled environments not found. Skipping import.
LOADED: checkpoints/lmpred_gamma09_ablate/forced_coord/baseline_seed_0_step_220.msgpack
LOADED: checkpoints/lmpred_gamma09_ablate/forced_coord/baseline_seed_1_step_220.msgpack
LOADED: checkpoints/lmpred_gamma09_ablate/forced_coord/baseline_seed_2_step_220.msgpack
LOADED: checkpoints/lmpred_gamma09_ablate/forced_coord/baseline_seed_3_step_220.msgpack
LOADED: checkpoints/lmpred_gamma09_ablate/forced_coord/baseline_seed_4_step_220.msgpack
ZSC[00, 00] = 308.750
ZSC[00, 01] = 220.636
ZSC[00, 02] = 278.397
ZSC[00, 03] = 288.878
ZSC[00, 04] = 251.927
ZSC[01, 00] = 2.394
ZSC[01, 01] = 303.123
ZSC[01, 02] = 2.433
ZSC[01, 03] = 6.984
ZSC[01, 04] = 309.356
ZSC[02, 00] = 318.889
ZSC[02, 01] = 23.247
ZSC[02, 02] = 320.000
ZSC[02, 03] = 41.575
ZSC[02, 04] = 22.319
ZSC[03, 00] = 18.541
ZSC[03, 01] = 272.891
ZSC[03, 02] = 37.734
ZSC[03, 03] = 319.180
ZSC[03, 04] = 268.878
ZSC[04, 00] = 42.775
ZSC[04, 01] = 319.869
ZSC[04, 02] = 0.000
ZSC[04, 03] = 62.419
ZSC[04, 04] = 319.142
Average SP performance (diagonal/self-copy): 314.039 +- 3.429 SE over 5 pairs
Average XP performance (off-diagonal/excluding self): 139.507 +- 29.941 SE over 20 ordered pairs
Saved ZSC results to zsc_results/lmpred_gamma09_ablate/forced_coord
Saved ZSC heatmap to zsc_results/lmpred_gamma09_ablate/forced_coord/xp_matrix.png
Using alignment rollout scale: ALIGN_PAIR_BATCH_SIZE=1, ALIGN_EVAL_NUM_EPISODES=128, ALIGN_EVAL_NUM_STEPS=400
ALIGN ego[00] partner[00] R2=0.907089 NMSE=0.092911 shuffled_R2=-0.014571
ALIGN ego[00] partner[01] R2=0.906182 NMSE=0.093818 shuffled_R2=-0.019169
ALIGN ego[00] partner[02] R2=0.901730 NMSE=0.098270 shuffled_R2=-0.014413
ALIGN ego[00] partner[03] R2=0.908896 NMSE=0.091104 shuffled_R2=-0.018728
ALIGN ego[00] partner[04] R2=0.914808 NMSE=0.085192 shuffled_R2=-0.019539
ALIGN ego[01] partner[00] R2=0.956398 NMSE=0.043602 shuffled_R2=-0.025220
ALIGN ego[01] partner[01] R2=0.924145 NMSE=0.075855 shuffled_R2=-0.016767
ALIGN ego[01] partner[02] R2=0.940931 NMSE=0.059069 shuffled_R2=-0.034526
ALIGN ego[01] partner[03] R2=0.965490 NMSE=0.034510 shuffled_R2=-0.023976
ALIGN ego[01] partner[04] R2=0.955468 NMSE=0.044532 shuffled_R2=-0.015739
ALIGN ego[02] partner[00] R2=0.939094 NMSE=0.060906 shuffled_R2=-0.017770
ALIGN ego[02] partner[01] R2=0.949756 NMSE=0.050244 shuffled_R2=-0.012383
ALIGN ego[02] partner[02] R2=0.946137 NMSE=0.053863 shuffled_R2=-0.020485
ALIGN ego[02] partner[03] R2=0.944523 NMSE=0.055477 shuffled_R2=-0.011733
ALIGN ego[02] partner[04] R2=0.945699 NMSE=0.054301 shuffled_R2=-0.013227
ALIGN ego[03] partner[00] R2=0.953759 NMSE=0.046241 shuffled_R2=-0.019464
ALIGN ego[03] partner[01] R2=0.958171 NMSE=0.041829 shuffled_R2=-0.016826
ALIGN ego[03] partner[02] R2=0.947601 NMSE=0.052399 shuffled_R2=-0.016296
ALIGN ego[03] partner[03] R2=0.950314 NMSE=0.049686 shuffled_R2=-0.016630
ALIGN ego[03] partner[04] R2=0.953833 NMSE=0.046167 shuffled_R2=-0.016448
ALIGN ego[04] partner[00] R2=0.974619 NMSE=0.025381 shuffled_R2=-0.013010
ALIGN ego[04] partner[01] R2=0.950936 NMSE=0.049064 shuffled_R2=-0.014975
ALIGN ego[04] partner[02] R2=0.935330 NMSE=0.064670 shuffled_R2=-0.036859
ALIGN ego[04] partner[03] R2=0.963229 NMSE=0.036771 shuffled_R2=-0.019403
ALIGN ego[04] partner[04] R2=0.941558 NMSE=0.058442 shuffled_R2=-0.020370
Average ego-to-partner alignment R2: 0.941428 +- 0.003999 SE over 25 ego-partner pairs
Average alignment normalized MSE: 0.058572 +- 0.003999 SE
Average shuffled-control alignment R2: -0.018741 +- 0.001218 SE
Saved alignment results to zsc_results/lmpred_gamma09_ablate/forced_coord
Evaluating ZSC for method=lmpred_no_self_pred, layout=cramped_room5x5, prefix=checkpoints/lmpred_no_self_pred, result_name=lmpred_no_self_pred, perspective_transform=true
Importing submoduled environments...
Submoduled environments not found. Skipping import.
LOADED: checkpoints/lmpred_no_self_pred/cramped_room5x5/baseline_seed_0_step_220.msgpack
LOADED: checkpoints/lmpred_no_self_pred/cramped_room5x5/baseline_seed_1_step_220.msgpack
LOADED: checkpoints/lmpred_no_self_pred/cramped_room5x5/baseline_seed_2_step_220.msgpack
LOADED: checkpoints/lmpred_no_self_pred/cramped_room5x5/baseline_seed_3_step_220.msgpack
LOADED: checkpoints/lmpred_no_self_pred/cramped_room5x5/baseline_seed_4_step_220.msgpack
ZSC[00, 00] = 229.188
ZSC[00, 01] = 237.005
ZSC[00, 02] = 190.359
ZSC[00, 03] = 218.623
ZSC[00, 04] = 231.136
ZSC[01, 00] = 236.683
ZSC[01, 01] = 221.756
ZSC[01, 02] = 236.173
ZSC[01, 03] = 212.789
ZSC[01, 04] = 220.136
ZSC[02, 00] = 191.067
ZSC[02, 01] = 235.830
ZSC[02, 02] = 236.175
ZSC[02, 03] = 220.495
ZSC[02, 04] = 215.356
ZSC[03, 00] = 217.711
ZSC[03, 01] = 212.755
ZSC[03, 02] = 220.759
ZSC[03, 03] = 212.708
ZSC[03, 04] = 222.848
ZSC[04, 00] = 231.109
ZSC[04, 01] = 219.911
ZSC[04, 02] = 216.231
ZSC[04, 03] = 222.630
ZSC[04, 04] = 232.905
Average SP performance (diagonal/self-copy): 226.546 +- 4.210 SE over 5 pairs
Average XP performance (off-diagonal/excluding self): 220.480 +- 2.903 SE over 20 ordered pairs
Saved ZSC results to zsc_results/lmpred_no_self_pred/cramped_room5x5
Saved ZSC heatmap to zsc_results/lmpred_no_self_pred/cramped_room5x5/xp_matrix.png
Using alignment rollout scale: ALIGN_PAIR_BATCH_SIZE=1, ALIGN_EVAL_NUM_EPISODES=128, ALIGN_EVAL_NUM_STEPS=400
ALIGN ego[00] partner[00] R2=0.958102 NMSE=0.041898 shuffled_R2=-0.015043
ALIGN ego[00] partner[01] R2=0.808947 NMSE=0.191053 shuffled_R2=-0.058510
ALIGN ego[00] partner[02] R2=0.837661 NMSE=0.162339 shuffled_R2=-0.067385
ALIGN ego[00] partner[03] R2=0.898943 NMSE=0.101057 shuffled_R2=-0.022823
ALIGN ego[00] partner[04] R2=0.935638 NMSE=0.064362 shuffled_R2=-0.018441
ALIGN ego[01] partner[00] R2=0.938642 NMSE=0.061358 shuffled_R2=-0.018326
ALIGN ego[01] partner[01] R2=0.934832 NMSE=0.065168 shuffled_R2=-0.017811
ALIGN ego[01] partner[02] R2=0.931913 NMSE=0.068087 shuffled_R2=-0.018993
ALIGN ego[01] partner[03] R2=0.897337 NMSE=0.102663 shuffled_R2=-0.021933
ALIGN ego[01] partner[04] R2=0.878306 NMSE=0.121694 shuffled_R2=-0.043330
ALIGN ego[02] partner[00] R2=0.929865 NMSE=0.070135 shuffled_R2=-0.022076
ALIGN ego[02] partner[01] R2=0.949053 NMSE=0.050947 shuffled_R2=-0.014783
ALIGN ego[02] partner[02] R2=0.917463 NMSE=0.082537 shuffled_R2=-0.018890
ALIGN ego[02] partner[03] R2=0.882602 NMSE=0.117398 shuffled_R2=-0.022089
ALIGN ego[02] partner[04] R2=0.830641 NMSE=0.169359 shuffled_R2=-0.032358
ALIGN ego[03] partner[00] R2=0.875789 NMSE=0.124211 shuffled_R2=-0.023916
ALIGN ego[03] partner[01] R2=0.902610 NMSE=0.097390 shuffled_R2=-0.020845
ALIGN ego[03] partner[02] R2=0.913841 NMSE=0.086159 shuffled_R2=-0.016066
ALIGN ego[03] partner[03] R2=0.851456 NMSE=0.148544 shuffled_R2=-0.028564
ALIGN ego[03] partner[04] R2=0.861300 NMSE=0.138700 shuffled_R2=-0.027782
ALIGN ego[04] partner[00] R2=0.941289 NMSE=0.058711 shuffled_R2=-0.021111
ALIGN ego[04] partner[01] R2=0.948972 NMSE=0.051028 shuffled_R2=-0.014353
ALIGN ego[04] partner[02] R2=0.925602 NMSE=0.074398 shuffled_R2=-0.018018
ALIGN ego[04] partner[03] R2=0.895857 NMSE=0.104143 shuffled_R2=-0.023579
ALIGN ego[04] partner[04] R2=0.937810 NMSE=0.062190 shuffled_R2=-0.015313
Average ego-to-partner alignment R2: 0.903379 +- 0.008196 SE over 25 ego-partner pairs
Average alignment normalized MSE: 0.096621 +- 0.008196 SE
Average shuffled-control alignment R2: -0.024894 +- 0.002629 SE
Saved alignment results to zsc_results/lmpred_no_self_pred/cramped_room5x5
Evaluating ZSC for method=lmpred_no_self_pred, layout=counter_circuit, prefix=checkpoints/lmpred_no_self_pred, result_name=lmpred_no_self_pred, perspective_transform=true
Importing submoduled environments...
Submoduled environments not found. Skipping import.
LOADED: checkpoints/lmpred_no_self_pred/counter_circuit/baseline_seed_0_step_380.msgpack
LOADED: checkpoints/lmpred_no_self_pred/counter_circuit/baseline_seed_1_step_380.msgpack
LOADED: checkpoints/lmpred_no_self_pred/counter_circuit/baseline_seed_2_step_380.msgpack
LOADED: checkpoints/lmpred_no_self_pred/counter_circuit/baseline_seed_3_step_380.msgpack
LOADED: checkpoints/lmpred_no_self_pred/counter_circuit/baseline_seed_4_step_380.msgpack
ZSC[00, 00] = 223.242
ZSC[00, 01] = 129.545
ZSC[00, 02] = 178.995
ZSC[00, 03] = 91.380
ZSC[00, 04] = 192.581
ZSC[01, 00] = 131.141
ZSC[01, 01] = 149.802
ZSC[01, 02] = 209.053
ZSC[01, 03] = 111.044
ZSC[01, 04] = 156.542
ZSC[02, 00] = 175.264
ZSC[02, 01] = 197.470
ZSC[02, 02] = 252.792
ZSC[02, 03] = 174.566
ZSC[02, 04] = 178.730
ZSC[03, 00] = 90.636
ZSC[03, 01] = 110.459
ZSC[03, 02] = 174.236
ZSC[03, 03] = 206.516
ZSC[03, 04] = 124.791
ZSC[04, 00] = 192.158
ZSC[04, 01] = 156.417
ZSC[04, 02] = 177.586
ZSC[04, 03] = 124.839
ZSC[04, 04] = 159.037
Average SP performance (diagonal/self-copy): 198.278 +- 19.433 SE over 5 pairs
Average XP performance (off-diagonal/excluding self): 153.872 +- 8.185 SE over 20 ordered pairs
Saved ZSC results to zsc_results/lmpred_no_self_pred/counter_circuit
Saved ZSC heatmap to zsc_results/lmpred_no_self_pred/counter_circuit/xp_matrix.png
Using alignment rollout scale: ALIGN_PAIR_BATCH_SIZE=1, ALIGN_EVAL_NUM_EPISODES=128, ALIGN_EVAL_NUM_STEPS=400
ALIGN ego[00] partner[00] R2=0.836435 NMSE=0.163565 shuffled_R2=-0.018359
ALIGN ego[00] partner[01] R2=0.794842 NMSE=0.205158 shuffled_R2=-0.019495
ALIGN ego[00] partner[02] R2=0.798056 NMSE=0.201944 shuffled_R2=-0.023086
ALIGN ego[00] partner[03] R2=0.780526 NMSE=0.219474 shuffled_R2=-0.027227
ALIGN ego[00] partner[04] R2=0.753398 NMSE=0.246602 shuffled_R2=-0.020720
ALIGN ego[01] partner[00] R2=0.805922 NMSE=0.194078 shuffled_R2=-0.018342
ALIGN ego[01] partner[01] R2=0.754235 NMSE=0.245765 shuffled_R2=-0.018099
ALIGN ego[01] partner[02] R2=0.676018 NMSE=0.323982 shuffled_R2=-0.026013
ALIGN ego[01] partner[03] R2=0.790463 NMSE=0.209537 shuffled_R2=-0.019405
ALIGN ego[01] partner[04] R2=0.868040 NMSE=0.131960 shuffled_R2=-0.014112
ALIGN ego[02] partner[00] R2=0.805305 NMSE=0.194695 shuffled_R2=-0.017442
ALIGN ego[02] partner[01] R2=0.816058 NMSE=0.183942 shuffled_R2=-0.016413
ALIGN ego[02] partner[02] R2=0.871663 NMSE=0.128337 shuffled_R2=-0.014769
ALIGN ego[02] partner[03] R2=0.800129 NMSE=0.199871 shuffled_R2=-0.018122
ALIGN ego[02] partner[04] R2=0.817854 NMSE=0.182146 shuffled_R2=-0.022649
ALIGN ego[03] partner[00] R2=0.710579 NMSE=0.289421 shuffled_R2=-0.030771
ALIGN ego[03] partner[01] R2=0.794453 NMSE=0.205547 shuffled_R2=-0.017197
ALIGN ego[03] partner[02] R2=0.680036 NMSE=0.319964 shuffled_R2=-0.021565
ALIGN ego[03] partner[03] R2=0.811629 NMSE=0.188371 shuffled_R2=-0.015168
ALIGN ego[03] partner[04] R2=0.862531 NMSE=0.137469 shuffled_R2=-0.014475
ALIGN ego[04] partner[00] R2=0.809421 NMSE=0.190579 shuffled_R2=-0.014478
ALIGN ego[04] partner[01] R2=0.808171 NMSE=0.191829 shuffled_R2=-0.016526
ALIGN ego[04] partner[02] R2=0.833706 NMSE=0.166294 shuffled_R2=-0.015321
ALIGN ego[04] partner[03] R2=0.850918 NMSE=0.149082 shuffled_R2=-0.013808
ALIGN ego[04] partner[04] R2=0.857896 NMSE=0.142104 shuffled_R2=-0.017548
Average ego-to-partner alignment R2: 0.799531 +- 0.010453 SE over 25 ego-partner pairs
Average alignment normalized MSE: 0.200469 +- 0.010453 SE
Average shuffled-control alignment R2: -0.018844 +- 0.000871 SE
Saved alignment results to zsc_results/lmpred_no_self_pred/counter_circuit
Evaluating ZSC for method=lmpred_no_self_pred, layout=coord_ring, prefix=checkpoints/lmpred_no_self_pred, result_name=lmpred_no_self_pred, perspective_transform=true
Importing submoduled environments...
Submoduled environments not found. Skipping import.
LOADED: checkpoints/lmpred_no_self_pred/coord_ring/baseline_seed_0_step_220.msgpack
LOADED: checkpoints/lmpred_no_self_pred/coord_ring/baseline_seed_1_step_220.msgpack
LOADED: checkpoints/lmpred_no_self_pred/coord_ring/baseline_seed_2_step_220.msgpack
LOADED: checkpoints/lmpred_no_self_pred/coord_ring/baseline_seed_3_step_220.msgpack
LOADED: checkpoints/lmpred_no_self_pred/coord_ring/baseline_seed_4_step_220.msgpack
ZSC[00, 00] = 257.700
ZSC[00, 01] = 246.355
ZSC[00, 02] = 285.133
ZSC[00, 03] = 265.344
ZSC[00, 04] = 264.502
ZSC[01, 00] = 246.319
ZSC[01, 01] = 248.961
ZSC[01, 02] = 175.461
ZSC[01, 03] = 236.958
ZSC[01, 04] = 257.177
ZSC[02, 00] = 284.728
ZSC[02, 01] = 176.277
ZSC[02, 02] = 255.722
ZSC[02, 03] = 288.116
ZSC[02, 04] = 264.855
ZSC[03, 00] = 265.219
ZSC[03, 01] = 236.555
ZSC[03, 02] = 288.381
ZSC[03, 03] = 253.253
ZSC[03, 04] = 255.720
ZSC[04, 00] = 264.597
ZSC[04, 01] = 257.653
ZSC[04, 02] = 265.538
ZSC[04, 03] = 256.464
ZSC[04, 04] = 290.598
Average SP performance (diagonal/self-copy): 261.247 +- 7.482 SE over 5 pairs
Average XP performance (off-diagonal/excluding self): 254.067 +- 6.871 SE over 20 ordered pairs
Saved ZSC results to zsc_results/lmpred_no_self_pred/coord_ring
Saved ZSC heatmap to zsc_results/lmpred_no_self_pred/coord_ring/xp_matrix.png
Using alignment rollout scale: ALIGN_PAIR_BATCH_SIZE=1, ALIGN_EVAL_NUM_EPISODES=128, ALIGN_EVAL_NUM_STEPS=400
ALIGN ego[00] partner[00] R2=0.856431 NMSE=0.143569 shuffled_R2=-0.016023
ALIGN ego[00] partner[01] R2=0.835649 NMSE=0.164351 shuffled_R2=-0.018883
ALIGN ego[00] partner[02] R2=0.900308 NMSE=0.099692 shuffled_R2=-0.015565
ALIGN ego[00] partner[03] R2=0.844798 NMSE=0.155202 shuffled_R2=-0.015291
ALIGN ego[00] partner[04] R2=0.865825 NMSE=0.134175 shuffled_R2=-0.016323
ALIGN ego[01] partner[00] R2=0.842810 NMSE=0.157190 shuffled_R2=-0.019418
ALIGN ego[01] partner[01] R2=0.872814 NMSE=0.127186 shuffled_R2=-0.022921
ALIGN ego[01] partner[02] R2=0.870988 NMSE=0.129012 shuffled_R2=-0.016595
ALIGN ego[01] partner[03] R2=0.779197 NMSE=0.220803 shuffled_R2=-0.047336
ALIGN ego[01] partner[04] R2=0.686653 NMSE=0.313347 shuffled_R2=-0.041795
ALIGN ego[02] partner[00] R2=0.891343 NMSE=0.108657 shuffled_R2=-0.018070
ALIGN ego[02] partner[01] R2=0.919127 NMSE=0.080873 shuffled_R2=-0.014233
ALIGN ego[02] partner[02] R2=0.877602 NMSE=0.122398 shuffled_R2=-0.020178
ALIGN ego[02] partner[03] R2=0.846251 NMSE=0.153749 shuffled_R2=-0.014970
ALIGN ego[02] partner[04] R2=0.854160 NMSE=0.145840 shuffled_R2=-0.017105
ALIGN ego[03] partner[00] R2=0.887540 NMSE=0.112460 shuffled_R2=-0.014053
ALIGN ego[03] partner[01] R2=0.829620 NMSE=0.170380 shuffled_R2=-0.023609
ALIGN ego[03] partner[02] R2=0.865472 NMSE=0.134528 shuffled_R2=-0.014357
ALIGN ego[03] partner[03] R2=0.899448 NMSE=0.100552 shuffled_R2=-0.015224
ALIGN ego[03] partner[04] R2=0.813000 NMSE=0.187000 shuffled_R2=-0.020140
ALIGN ego[04] partner[00] R2=0.812880 NMSE=0.187120 shuffled_R2=-0.021916
ALIGN ego[04] partner[01] R2=0.836932 NMSE=0.163068 shuffled_R2=-0.022749
ALIGN ego[04] partner[02] R2=0.857903 NMSE=0.142097 shuffled_R2=-0.015355
ALIGN ego[04] partner[03] R2=0.846241 NMSE=0.153759 shuffled_R2=-0.015985
ALIGN ego[04] partner[04] R2=0.757477 NMSE=0.242523 shuffled_R2=-0.035287
Average ego-to-partner alignment R2: 0.846019 +- 0.009892 SE over 25 ego-partner pairs
Average alignment normalized MSE: 0.153981 +- 0.009892 SE
Average shuffled-control alignment R2: -0.020535 +- 0.001715 SE
Saved alignment results to zsc_results/lmpred_no_self_pred/coord_ring
Evaluating ZSC for method=lmpred_no_self_pred, layout=asymm_advantages, prefix=checkpoints/lmpred_no_self_pred, result_name=lmpred_no_self_pred, perspective_transform=true
Importing submoduled environments...
Submoduled environments not found. Skipping import.
LOADED: checkpoints/lmpred_no_self_pred/asymm_advantages/baseline_seed_0_step_220.msgpack
LOADED: checkpoints/lmpred_no_self_pred/asymm_advantages/baseline_seed_1_step_220.msgpack
LOADED: checkpoints/lmpred_no_self_pred/asymm_advantages/baseline_seed_2_step_220.msgpack
LOADED: checkpoints/lmpred_no_self_pred/asymm_advantages/baseline_seed_3_step_220.msgpack
LOADED: checkpoints/lmpred_no_self_pred/asymm_advantages/baseline_seed_4_step_220.msgpack
ZSC[00, 00] = 465.312
ZSC[00, 01] = 469.073
ZSC[00, 02] = 476.933
ZSC[00, 03] = 458.992
ZSC[00, 04] = 421.730
ZSC[01, 00] = 456.134
ZSC[01, 01] = 468.331
ZSC[01, 02] = 487.880
ZSC[01, 03] = 446.987
ZSC[01, 04] = 385.331
ZSC[02, 00] = 466.137
ZSC[02, 01] = 470.597
ZSC[02, 02] = 487.233
ZSC[02, 03] = 453.341
ZSC[02, 04] = 431.044
ZSC[03, 00] = 461.455
ZSC[03, 01] = 474.164
ZSC[03, 02] = 478.592
ZSC[03, 03] = 452.480
ZSC[03, 04] = 431.844
ZSC[04, 00] = 386.730
ZSC[04, 01] = 403.886
ZSC[04, 02] = 447.398
ZSC[04, 03] = 391.470
ZSC[04, 04] = 467.591
Average SP performance (diagonal/self-copy): 468.189 +- 5.559 SE over 5 pairs
Average XP performance (off-diagonal/excluding self): 444.986 +- 7.184 SE over 20 ordered pairs
Saved ZSC results to zsc_results/lmpred_no_self_pred/asymm_advantages
Saved ZSC heatmap to zsc_results/lmpred_no_self_pred/asymm_advantages/xp_matrix.png
Using alignment rollout scale: ALIGN_PAIR_BATCH_SIZE=1, ALIGN_EVAL_NUM_EPISODES=128, ALIGN_EVAL_NUM_STEPS=400
ALIGN ego[00] partner[00] R2=0.762689 NMSE=0.237311 shuffled_R2=-0.081672
ALIGN ego[00] partner[01] R2=0.841579 NMSE=0.158421 shuffled_R2=-0.036095
ALIGN ego[00] partner[02] R2=0.917130 NMSE=0.082870 shuffled_R2=-0.017628
ALIGN ego[00] partner[03] R2=0.903233 NMSE=0.096767 shuffled_R2=-0.020177
ALIGN ego[00] partner[04] R2=0.899000 NMSE=0.101000 shuffled_R2=-0.017703
ALIGN ego[01] partner[00] R2=0.834391 NMSE=0.165609 shuffled_R2=-0.035430
ALIGN ego[01] partner[01] R2=0.893182 NMSE=0.106818 shuffled_R2=-0.018905
ALIGN ego[01] partner[02] R2=0.920683 NMSE=0.079317 shuffled_R2=-0.018167
ALIGN ego[01] partner[03] R2=0.884668 NMSE=0.115332 shuffled_R2=-0.025191
ALIGN ego[01] partner[04] R2=0.911912 NMSE=0.088088 shuffled_R2=-0.013936
ALIGN ego[02] partner[00] R2=0.927699 NMSE=0.072301 shuffled_R2=-0.023843
ALIGN ego[02] partner[01] R2=0.930182 NMSE=0.069818 shuffled_R2=-0.018473
ALIGN ego[02] partner[02] R2=0.943991 NMSE=0.056009 shuffled_R2=-0.016840
ALIGN ego[02] partner[03] R2=0.786028 NMSE=0.213972 shuffled_R2=-0.067761
ALIGN ego[02] partner[04] R2=0.929570 NMSE=0.070430 shuffled_R2=-0.015119
ALIGN ego[03] partner[00] R2=0.921973 NMSE=0.078027 shuffled_R2=-0.026359
ALIGN ego[03] partner[01] R2=0.909485 NMSE=0.090515 shuffled_R2=-0.019302
ALIGN ego[03] partner[02] R2=0.949255 NMSE=0.050745 shuffled_R2=-0.015823
ALIGN ego[03] partner[03] R2=0.946752 NMSE=0.053248 shuffled_R2=-0.019825
ALIGN ego[03] partner[04] R2=0.910485 NMSE=0.089515 shuffled_R2=-0.021243
ALIGN ego[04] partner[00] R2=0.911995 NMSE=0.088005 shuffled_R2=-0.017170
ALIGN ego[04] partner[01] R2=0.865003 NMSE=0.134997 shuffled_R2=-0.015336
ALIGN ego[04] partner[02] R2=0.864681 NMSE=0.135319 shuffled_R2=-0.025836
ALIGN ego[04] partner[03] R2=0.861526 NMSE=0.138474 shuffled_R2=-0.024228
ALIGN ego[04] partner[04] R2=0.935101 NMSE=0.064899 shuffled_R2=-0.015756
Average ego-to-partner alignment R2: 0.894488 +- 0.009580 SE over 25 ego-partner pairs
Average alignment normalized MSE: 0.105512 +- 0.009580 SE
Average shuffled-control alignment R2: -0.025113 +- 0.003219 SE
Saved alignment results to zsc_results/lmpred_no_self_pred/asymm_advantages
Evaluating ZSC for method=lmpred_no_self_pred, layout=forced_coord, prefix=checkpoints/lmpred_no_self_pred, result_name=lmpred_no_self_pred, perspective_transform=true
Importing submoduled environments...
Submoduled environments not found. Skipping import.
LOADED: checkpoints/lmpred_no_self_pred/forced_coord/baseline_seed_0_step_220.msgpack
LOADED: checkpoints/lmpred_no_self_pred/forced_coord/baseline_seed_1_step_220.msgpack
LOADED: checkpoints/lmpred_no_self_pred/forced_coord/baseline_seed_2_step_220.msgpack
LOADED: checkpoints/lmpred_no_self_pred/forced_coord/baseline_seed_3_step_220.msgpack
LOADED: checkpoints/lmpred_no_self_pred/forced_coord/baseline_seed_4_step_220.msgpack
ZSC[00, 00] = 283.103
ZSC[00, 01] = 232.631
ZSC[00, 02] = 256.650
ZSC[00, 03] = 248.894
ZSC[00, 04] = 201.955
ZSC[01, 00] = 13.666
ZSC[01, 01] = 306.450
ZSC[01, 02] = 1.411
ZSC[01, 03] = 1.466
ZSC[01, 04] = 89.941
ZSC[02, 00] = 248.014
ZSC[02, 01] = 32.411
ZSC[02, 02] = 260.370
ZSC[02, 03] = 130.300
ZSC[02, 04] = 248.825
ZSC[03, 00] = 24.331
ZSC[03, 01] = 177.091
ZSC[03, 02] = 15.405
ZSC[03, 03] = 308.902
ZSC[03, 04] = 276.617
ZSC[04, 00] = 175.444
ZSC[04, 01] = 117.577
ZSC[04, 02] = 95.134
ZSC[04, 03] = 211.573
ZSC[04, 04] = 313.803
Average SP performance (diagonal/self-copy): 294.526 +- 10.044 SE over 5 pairs
Average XP performance (off-diagonal/excluding self): 139.967 +- 22.229 SE over 20 ordered pairs
Saved ZSC results to zsc_results/lmpred_no_self_pred/forced_coord
Saved ZSC heatmap to zsc_results/lmpred_no_self_pred/forced_coord/xp_matrix.png
Using alignment rollout scale: ALIGN_PAIR_BATCH_SIZE=1, ALIGN_EVAL_NUM_EPISODES=128, ALIGN_EVAL_NUM_STEPS=400
ALIGN ego[00] partner[00] R2=0.944823 NMSE=0.055177 shuffled_R2=-0.014717
ALIGN ego[00] partner[01] R2=0.949635 NMSE=0.050365 shuffled_R2=-0.016519
ALIGN ego[00] partner[02] R2=0.933832 NMSE=0.066168 shuffled_R2=-0.016013
ALIGN ego[00] partner[03] R2=0.924987 NMSE=0.075013 shuffled_R2=-0.015872
ALIGN ego[00] partner[04] R2=0.967878 NMSE=0.032122 shuffled_R2=-0.015687
ALIGN ego[01] partner[00] R2=0.923834 NMSE=0.076166 shuffled_R2=-0.032282
ALIGN ego[01] partner[01] R2=0.943524 NMSE=0.056476 shuffled_R2=-0.014723
ALIGN ego[01] partner[02] R2=0.750135 NMSE=0.249865 shuffled_R2=-0.065507
ALIGN ego[01] partner[03] R2=0.941181 NMSE=0.058819 shuffled_R2=-0.025308
ALIGN ego[01] partner[04] R2=0.944730 NMSE=0.055270 shuffled_R2=-0.019854
ALIGN ego[02] partner[00] R2=0.921161 NMSE=0.078839 shuffled_R2=-0.015441
ALIGN ego[02] partner[01] R2=0.829921 NMSE=0.170079 shuffled_R2=-0.055746
ALIGN ego[02] partner[02] R2=0.793138 NMSE=0.206862 shuffled_R2=-0.034651
ALIGN ego[02] partner[03] R2=0.890080 NMSE=0.109920 shuffled_R2=-0.025860
ALIGN ego[02] partner[04] R2=0.935883 NMSE=0.064117 shuffled_R2=-0.015045
ALIGN ego[03] partner[00] R2=0.922148 NMSE=0.077852 shuffled_R2=-0.020981
ALIGN ego[03] partner[01] R2=0.903498 NMSE=0.096502 shuffled_R2=-0.014301
ALIGN ego[03] partner[02] R2=0.946441 NMSE=0.053559 shuffled_R2=-0.018728
ALIGN ego[03] partner[03] R2=0.933265 NMSE=0.066735 shuffled_R2=-0.015814
ALIGN ego[03] partner[04] R2=0.941165 NMSE=0.058835 shuffled_R2=-0.016991
ALIGN ego[04] partner[00] R2=0.924927 NMSE=0.075073 shuffled_R2=-0.013421
ALIGN ego[04] partner[01] R2=0.958981 NMSE=0.041019 shuffled_R2=-0.013725
ALIGN ego[04] partner[02] R2=0.910937 NMSE=0.089063 shuffled_R2=-0.014293
ALIGN ego[04] partner[03] R2=0.927915 NMSE=0.072085 shuffled_R2=-0.014306
ALIGN ego[04] partner[04] R2=0.939763 NMSE=0.060237 shuffled_R2=-0.016505
Average ego-to-partner alignment R2: 0.916151 +- 0.010259 SE over 25 ego-partner pairs
Average alignment normalized MSE: 0.083849 +- 0.010259 SE
Average shuffled-control alignment R2: -0.021692 +- 0.002611 SE
Saved alignment results to zsc_results/lmpred_no_self_pred/forced_coord
Evaluating ZSC for method=lmpred_ablate_no_self_pred, layout=cramped_room5x5, prefix=checkpoints/lmpred_ablate_no_self_pred, result_name=lmpred_ablate_no_self_pred, perspective_transform=false
Importing submoduled environments...
Submoduled environments not found. Skipping import.
LOADED: checkpoints/lmpred_ablate_no_self_pred/cramped_room5x5/baseline_seed_0_step_220.msgpack
LOADED: checkpoints/lmpred_ablate_no_self_pred/cramped_room5x5/baseline_seed_1_step_220.msgpack
LOADED: checkpoints/lmpred_ablate_no_self_pred/cramped_room5x5/baseline_seed_2_step_220.msgpack
LOADED: checkpoints/lmpred_ablate_no_self_pred/cramped_room5x5/baseline_seed_3_step_220.msgpack
LOADED: checkpoints/lmpred_ablate_no_self_pred/cramped_room5x5/baseline_seed_4_step_220.msgpack
ZSC[00, 00] = 235.220
ZSC[00, 01] = 228.934
ZSC[00, 02] = 221.808
ZSC[00, 03] = 209.230
ZSC[00, 04] = 217.830
ZSC[01, 00] = 229.167
ZSC[01, 01] = 230.366
ZSC[01, 02] = 238.044
ZSC[01, 03] = 232.550
ZSC[01, 04] = 219.270
ZSC[02, 00] = 223.056
ZSC[02, 01] = 238.412
ZSC[02, 02] = 244.339
ZSC[02, 03] = 203.539
ZSC[02, 04] = 230.873
ZSC[03, 00] = 209.673
ZSC[03, 01] = 233.425
ZSC[03, 02] = 205.145
ZSC[03, 03] = 227.112
ZSC[03, 04] = 227.737
ZSC[04, 00] = 217.702
ZSC[04, 01] = 219.364
ZSC[04, 02] = 230.564
ZSC[04, 03] = 228.308
ZSC[04, 04] = 225.244
Average SP performance (diagonal/self-copy): 232.456 +- 3.419 SE over 5 pairs
Average XP performance (off-diagonal/excluding self): 223.232 +- 2.325 SE over 20 ordered pairs
Saved ZSC results to zsc_results/lmpred_ablate_no_self_pred/cramped_room5x5
Saved ZSC heatmap to zsc_results/lmpred_ablate_no_self_pred/cramped_room5x5/xp_matrix.png
Using alignment rollout scale: ALIGN_PAIR_BATCH_SIZE=1, ALIGN_EVAL_NUM_EPISODES=128, ALIGN_EVAL_NUM_STEPS=400
ALIGN ego[00] partner[00] R2=0.896148 NMSE=0.103852 shuffled_R2=-0.026027
ALIGN ego[00] partner[01] R2=0.894779 NMSE=0.105221 shuffled_R2=-0.020357
ALIGN ego[00] partner[02] R2=0.920487 NMSE=0.079513 shuffled_R2=-0.019211
ALIGN ego[00] partner[03] R2=0.870347 NMSE=0.129653 shuffled_R2=-0.029132
ALIGN ego[00] partner[04] R2=0.952503 NMSE=0.047497 shuffled_R2=-0.016312
ALIGN ego[01] partner[00] R2=0.758242 NMSE=0.241758 shuffled_R2=-0.039246
ALIGN ego[01] partner[01] R2=0.941259 NMSE=0.058741 shuffled_R2=-0.015867
ALIGN ego[01] partner[02] R2=0.824706 NMSE=0.175294 shuffled_R2=-0.034987
ALIGN ego[01] partner[03] R2=0.932044 NMSE=0.067956 shuffled_R2=-0.017568
ALIGN ego[01] partner[04] R2=0.939404 NMSE=0.060596 shuffled_R2=-0.016863
ALIGN ego[02] partner[00] R2=0.921057 NMSE=0.078943 shuffled_R2=-0.014133
ALIGN ego[02] partner[01] R2=0.937828 NMSE=0.062172 shuffled_R2=-0.015103
ALIGN ego[02] partner[02] R2=0.911846 NMSE=0.088154 shuffled_R2=-0.017883
ALIGN ego[02] partner[03] R2=0.923247 NMSE=0.076753 shuffled_R2=-0.019694
ALIGN ego[02] partner[04] R2=0.928418 NMSE=0.071582 shuffled_R2=-0.017414
ALIGN ego[03] partner[00] R2=0.767571 NMSE=0.232429 shuffled_R2=-0.050485
ALIGN ego[03] partner[01] R2=0.870976 NMSE=0.129024 shuffled_R2=-0.033606
ALIGN ego[03] partner[02] R2=0.853318 NMSE=0.146682 shuffled_R2=-0.035246
ALIGN ego[03] partner[03] R2=0.930858 NMSE=0.069142 shuffled_R2=-0.018679
ALIGN ego[03] partner[04] R2=0.929515 NMSE=0.070485 shuffled_R2=-0.016221
ALIGN ego[04] partner[00] R2=0.938326 NMSE=0.061674 shuffled_R2=-0.015010
ALIGN ego[04] partner[01] R2=0.944280 NMSE=0.055720 shuffled_R2=-0.017006
ALIGN ego[04] partner[02] R2=0.761023 NMSE=0.238977 shuffled_R2=-0.090722
ALIGN ego[04] partner[03] R2=0.925191 NMSE=0.074809 shuffled_R2=-0.016184
ALIGN ego[04] partner[04] R2=0.922261 NMSE=0.077739 shuffled_R2=-0.017518
Average ego-to-partner alignment R2: 0.895825 +- 0.011785 SE over 25 ego-partner pairs
Average alignment normalized MSE: 0.104175 +- 0.011785 SE
Average shuffled-control alignment R2: -0.025219 +- 0.003309 SE
Saved alignment results to zsc_results/lmpred_ablate_no_self_pred/cramped_room5x5
Evaluating ZSC for method=lmpred_ablate_no_self_pred, layout=counter_circuit, prefix=checkpoints/lmpred_ablate_no_self_pred, result_name=lmpred_ablate_no_self_pred, perspective_transform=false
Importing submoduled environments...
Submoduled environments not found. Skipping import.
LOADED: checkpoints/lmpred_ablate_no_self_pred/counter_circuit/baseline_seed_0_step_380.msgpack
LOADED: checkpoints/lmpred_ablate_no_self_pred/counter_circuit/baseline_seed_1_step_380.msgpack
LOADED: checkpoints/lmpred_ablate_no_self_pred/counter_circuit/baseline_seed_2_step_380.msgpack
LOADED: checkpoints/lmpred_ablate_no_self_pred/counter_circuit/baseline_seed_3_step_380.msgpack
LOADED: checkpoints/lmpred_ablate_no_self_pred/counter_circuit/baseline_seed_4_step_380.msgpack
ZSC[00, 00] = 144.780
ZSC[00, 01] = 194.253
ZSC[00, 02] = 96.870
ZSC[00, 03] = 152.569
ZSC[00, 04] = 137.156
ZSC[01, 00] = 196.455
ZSC[01, 01] = 236.458
ZSC[01, 02] = 174.414
ZSC[01, 03] = 198.744
ZSC[01, 04] = 185.764
ZSC[02, 00] = 113.133
ZSC[02, 01] = 180.828
ZSC[02, 02] = 255.384
ZSC[02, 03] = 51.570
ZSC[02, 04] = 39.427
ZSC[03, 00] = 151.953
ZSC[03, 01] = 195.836
ZSC[03, 02] = 65.817
ZSC[03, 03] = 215.450
ZSC[03, 04] = 194.677
ZSC[04, 00] = 136.395
ZSC[04, 01] = 186.180
ZSC[04, 02] = 39.927
ZSC[04, 03] = 194.327
ZSC[04, 04] = 181.928
Average SP performance (diagonal/self-copy): 206.800 +- 19.723 SE over 5 pairs
Average XP performance (off-diagonal/excluding self): 144.315 +- 12.743 SE over 20 ordered pairs
Saved ZSC results to zsc_results/lmpred_ablate_no_self_pred/counter_circuit
Saved ZSC heatmap to zsc_results/lmpred_ablate_no_self_pred/counter_circuit/xp_matrix.png
Using alignment rollout scale: ALIGN_PAIR_BATCH_SIZE=1, ALIGN_EVAL_NUM_EPISODES=128, ALIGN_EVAL_NUM_STEPS=400
ALIGN ego[00] partner[00] R2=0.845100 NMSE=0.154900 shuffled_R2=-0.019735
ALIGN ego[00] partner[01] R2=0.797849 NMSE=0.202151 shuffled_R2=-0.016699
ALIGN ego[00] partner[02] R2=0.835380 NMSE=0.164620 shuffled_R2=-0.019094
ALIGN ego[00] partner[03] R2=0.773878 NMSE=0.226122 shuffled_R2=-0.015855
ALIGN ego[00] partner[04] R2=0.760876 NMSE=0.239124 shuffled_R2=-0.022350
ALIGN ego[01] partner[00] R2=0.746559 NMSE=0.253441 shuffled_R2=-0.025881
ALIGN ego[01] partner[01] R2=0.797140 NMSE=0.202860 shuffled_R2=-0.016276
ALIGN ego[01] partner[02] R2=0.798878 NMSE=0.201122 shuffled_R2=-0.015908
ALIGN ego[01] partner[03] R2=0.742709 NMSE=0.257291 shuffled_R2=-0.015705
ALIGN ego[01] partner[04] R2=0.783117 NMSE=0.216883 shuffled_R2=-0.015914
ALIGN ego[02] partner[00] R2=0.870347 NMSE=0.129653 shuffled_R2=-0.019677
ALIGN ego[02] partner[01] R2=0.798562 NMSE=0.201438 shuffled_R2=-0.020619
ALIGN ego[02] partner[02] R2=0.916958 NMSE=0.083042 shuffled_R2=-0.015331
ALIGN ego[02] partner[03] R2=0.787073 NMSE=0.212927 shuffled_R2=-0.018986
ALIGN ego[02] partner[04] R2=0.881278 NMSE=0.118722 shuffled_R2=-0.018584
ALIGN ego[03] partner[00] R2=0.740342 NMSE=0.259658 shuffled_R2=-0.017461
ALIGN ego[03] partner[01] R2=0.765515 NMSE=0.234485 shuffled_R2=-0.019012
ALIGN ego[03] partner[02] R2=0.822114 NMSE=0.177886 shuffled_R2=-0.017333
ALIGN ego[03] partner[03] R2=0.743209 NMSE=0.256791 shuffled_R2=-0.016461
ALIGN ego[03] partner[04] R2=0.761656 NMSE=0.238344 shuffled_R2=-0.014083
ALIGN ego[04] partner[00] R2=0.765228 NMSE=0.234772 shuffled_R2=-0.021402
ALIGN ego[04] partner[01] R2=0.815023 NMSE=0.184977 shuffled_R2=-0.015193
ALIGN ego[04] partner[02] R2=0.793403 NMSE=0.206597 shuffled_R2=-0.038107
ALIGN ego[04] partner[03] R2=0.766415 NMSE=0.233585 shuffled_R2=-0.015971
ALIGN ego[04] partner[04] R2=0.831552 NMSE=0.168448 shuffled_R2=-0.015234
Average ego-to-partner alignment R2: 0.797606 +- 0.009195 SE over 25 ego-partner pairs
Average alignment normalized MSE: 0.202394 +- 0.009195 SE
Average shuffled-control alignment R2: -0.018675 +- 0.000975 SE
Saved alignment results to zsc_results/lmpred_ablate_no_self_pred/counter_circuit
Evaluating ZSC for method=lmpred_ablate_no_self_pred, layout=coord_ring, prefix=checkpoints/lmpred_ablate_no_self_pred, result_name=lmpred_ablate_no_self_pred, perspective_transform=false
Importing submoduled environments...
Submoduled environments not found. Skipping import.
LOADED: checkpoints/lmpred_ablate_no_self_pred/coord_ring/baseline_seed_0_step_220.msgpack
LOADED: checkpoints/lmpred_ablate_no_self_pred/coord_ring/baseline_seed_1_step_220.msgpack
LOADED: checkpoints/lmpred_ablate_no_self_pred/coord_ring/baseline_seed_2_step_220.msgpack
LOADED: checkpoints/lmpred_ablate_no_self_pred/coord_ring/baseline_seed_3_step_220.msgpack
LOADED: checkpoints/lmpred_ablate_no_self_pred/coord_ring/baseline_seed_4_step_220.msgpack
ZSC[00, 00] = 268.708
ZSC[00, 01] = 275.100
ZSC[00, 02] = 95.792
ZSC[00, 03] = 207.612
ZSC[00, 04] = 219.914
ZSC[01, 00] = 275.091
ZSC[01, 01] = 308.161
ZSC[01, 02] = 121.269
ZSC[01, 03] = 313.066
ZSC[01, 04] = 253.787
ZSC[02, 00] = 97.403
ZSC[02, 01] = 121.552
ZSC[02, 02] = 199.697
ZSC[02, 03] = 50.359
ZSC[02, 04] = 294.977
ZSC[03, 00] = 210.928
ZSC[03, 01] = 314.372
ZSC[03, 02] = 49.848
ZSC[03, 03] = 318.075
ZSC[03, 04] = 204.725
ZSC[04, 00] = 219.741
ZSC[04, 01] = 254.703
ZSC[04, 02] = 289.795
ZSC[04, 03] = 204.433
ZSC[04, 04] = 325.552
Average SP performance (diagonal/self-copy): 284.038 +- 23.251 SE over 5 pairs
Average XP performance (off-diagonal/excluding self): 203.723 +- 19.161 SE over 20 ordered pairs
Saved ZSC results to zsc_results/lmpred_ablate_no_self_pred/coord_ring
Saved ZSC heatmap to zsc_results/lmpred_ablate_no_self_pred/coord_ring/xp_matrix.png
Using alignment rollout scale: ALIGN_PAIR_BATCH_SIZE=1, ALIGN_EVAL_NUM_EPISODES=128, ALIGN_EVAL_NUM_STEPS=400
ALIGN ego[00] partner[00] R2=0.564182 NMSE=0.435818 shuffled_R2=-0.091849
ALIGN ego[00] partner[01] R2=0.801304 NMSE=0.198696 shuffled_R2=-0.050368
ALIGN ego[00] partner[02] R2=0.855972 NMSE=0.144028 shuffled_R2=-0.018977
ALIGN ego[00] partner[03] R2=0.828361 NMSE=0.171639 shuffled_R2=-0.028932
ALIGN ego[00] partner[04] R2=0.772807 NMSE=0.227193 shuffled_R2=-0.020990
ALIGN ego[01] partner[00] R2=0.873718 NMSE=0.126282 shuffled_R2=-0.019688
ALIGN ego[01] partner[01] R2=0.678090 NMSE=0.321910 shuffled_R2=-0.046443
ALIGN ego[01] partner[02] R2=0.901467 NMSE=0.098533 shuffled_R2=-0.014778
ALIGN ego[01] partner[03] R2=0.891624 NMSE=0.108376 shuffled_R2=-0.021984
ALIGN ego[01] partner[04] R2=0.884640 NMSE=0.115360 shuffled_R2=-0.015350
ALIGN ego[02] partner[00] R2=0.868794 NMSE=0.131206 shuffled_R2=-0.013343
ALIGN ego[02] partner[01] R2=0.856180 NMSE=0.143820 shuffled_R2=-0.020714
ALIGN ego[02] partner[02] R2=0.929150 NMSE=0.070850 shuffled_R2=-0.019702
ALIGN ego[02] partner[03] R2=0.769120 NMSE=0.230880 shuffled_R2=-0.031538
ALIGN ego[02] partner[04] R2=0.854289 NMSE=0.145711 shuffled_R2=-0.028089
ALIGN ego[03] partner[00] R2=0.903240 NMSE=0.096760 shuffled_R2=-0.014849
ALIGN ego[03] partner[01] R2=0.894020 NMSE=0.105980 shuffled_R2=-0.018846
ALIGN ego[03] partner[02] R2=0.678444 NMSE=0.321556 shuffled_R2=-0.041366
ALIGN ego[03] partner[03] R2=0.933576 NMSE=0.066424 shuffled_R2=-0.015379
ALIGN ego[03] partner[04] R2=0.783132 NMSE=0.216868 shuffled_R2=-0.020690
ALIGN ego[04] partner[00] R2=0.778674 NMSE=0.221326 shuffled_R2=-0.022515
ALIGN ego[04] partner[01] R2=0.879473 NMSE=0.120527 shuffled_R2=-0.017423
ALIGN ego[04] partner[02] R2=0.900036 NMSE=0.099964 shuffled_R2=-0.024303
ALIGN ego[04] partner[03] R2=0.840503 NMSE=0.159497 shuffled_R2=-0.014724
ALIGN ego[04] partner[04] R2=0.908246 NMSE=0.091754 shuffled_R2=-0.018711
Average ego-to-partner alignment R2: 0.833162 +- 0.017793 SE over 25 ego-partner pairs
Average alignment normalized MSE: 0.166838 +- 0.017793 SE
Average shuffled-control alignment R2: -0.026062 +- 0.003369 SE
Saved alignment results to zsc_results/lmpred_ablate_no_self_pred/coord_ring
Evaluating ZSC for method=lmpred_ablate_no_self_pred, layout=asymm_advantages, prefix=checkpoints/lmpred_ablate_no_self_pred, result_name=lmpred_ablate_no_self_pred, perspective_transform=false
Importing submoduled environments...
Submoduled environments not found. Skipping import.
LOADED: checkpoints/lmpred_ablate_no_self_pred/asymm_advantages/baseline_seed_0_step_220.msgpack
LOADED: checkpoints/lmpred_ablate_no_self_pred/asymm_advantages/baseline_seed_1_step_220.msgpack
LOADED: checkpoints/lmpred_ablate_no_self_pred/asymm_advantages/baseline_seed_2_step_220.msgpack
LOADED: checkpoints/lmpred_ablate_no_self_pred/asymm_advantages/baseline_seed_3_step_220.msgpack
LOADED: checkpoints/lmpred_ablate_no_self_pred/asymm_advantages/baseline_seed_4_step_220.msgpack
ZSC[00, 00] = 492.641
ZSC[00, 01] = 448.905
ZSC[00, 02] = 317.173
ZSC[00, 03] = 465.587
ZSC[00, 04] = 388.798
ZSC[01, 00] = 490.155
ZSC[01, 01] = 453.083
ZSC[01, 02] = 301.747
ZSC[01, 03] = 469.762
ZSC[01, 04] = 415.064
ZSC[02, 00] = 214.206
ZSC[02, 01] = 232.945
ZSC[02, 02] = 416.812
ZSC[02, 03] = 202.028
ZSC[02, 04] = 203.191
ZSC[03, 00] = 472.750
ZSC[03, 01] = 456.948
ZSC[03, 02] = 343.711
ZSC[03, 03] = 457.869
ZSC[03, 04] = 411.994
ZSC[04, 00] = 476.136
ZSC[04, 01] = 443.105
ZSC[04, 02] = 292.137
ZSC[04, 03] = 465.200
ZSC[04, 04] = 405.661
Average SP performance (diagonal/self-copy): 445.213 +- 15.560 SE over 5 pairs
Average XP performance (off-diagonal/excluding self): 375.577 +- 22.963 SE over 20 ordered pairs
Saved ZSC results to zsc_results/lmpred_ablate_no_self_pred/asymm_advantages
Saved ZSC heatmap to zsc_results/lmpred_ablate_no_self_pred/asymm_advantages/xp_matrix.png
Using alignment rollout scale: ALIGN_PAIR_BATCH_SIZE=1, ALIGN_EVAL_NUM_EPISODES=128, ALIGN_EVAL_NUM_STEPS=400
ALIGN ego[00] partner[00] R2=0.944149 NMSE=0.055851 shuffled_R2=-0.016375
ALIGN ego[00] partner[01] R2=0.940498 NMSE=0.059502 shuffled_R2=-0.021295
ALIGN ego[00] partner[02] R2=0.859485 NMSE=0.140515 shuffled_R2=-0.021380
ALIGN ego[00] partner[03] R2=0.927338 NMSE=0.072662 shuffled_R2=-0.018449
ALIGN ego[00] partner[04] R2=0.931995 NMSE=0.068005 shuffled_R2=-0.017135
ALIGN ego[01] partner[00] R2=0.957883 NMSE=0.042117 shuffled_R2=-0.021004
ALIGN ego[01] partner[01] R2=0.959230 NMSE=0.040770 shuffled_R2=-0.017779
ALIGN ego[01] partner[02] R2=0.939034 NMSE=0.060966 shuffled_R2=-0.014852
ALIGN ego[01] partner[03] R2=0.959132 NMSE=0.040868 shuffled_R2=-0.016916
ALIGN ego[01] partner[04] R2=0.961500 NMSE=0.038500 shuffled_R2=-0.019955
ALIGN ego[02] partner[00] R2=0.914631 NMSE=0.085369 shuffled_R2=-0.016806
ALIGN ego[02] partner[01] R2=0.876522 NMSE=0.123478 shuffled_R2=-0.028754
ALIGN ego[02] partner[02] R2=0.893439 NMSE=0.106561 shuffled_R2=-0.020289
ALIGN ego[02] partner[03] R2=0.942893 NMSE=0.057107 shuffled_R2=-0.020295
ALIGN ego[02] partner[04] R2=0.953332 NMSE=0.046668 shuffled_R2=-0.019377
ALIGN ego[03] partner[00] R2=0.921949 NMSE=0.078051 shuffled_R2=-0.014381
ALIGN ego[03] partner[01] R2=0.907735 NMSE=0.092265 shuffled_R2=-0.016539
ALIGN ego[03] partner[02] R2=0.857266 NMSE=0.142734 shuffled_R2=-0.016725
ALIGN ego[03] partner[03] R2=0.836475 NMSE=0.163525 shuffled_R2=-0.032556
ALIGN ego[03] partner[04] R2=0.793667 NMSE=0.206333 shuffled_R2=-0.052974
ALIGN ego[04] partner[00] R2=0.942679 NMSE=0.057321 shuffled_R2=-0.023104
ALIGN ego[04] partner[01] R2=0.958854 NMSE=0.041146 shuffled_R2=-0.016057
ALIGN ego[04] partner[02] R2=0.935941 NMSE=0.064059 shuffled_R2=-0.018613
ALIGN ego[04] partner[03] R2=0.959371 NMSE=0.040629 shuffled_R2=-0.018439
ALIGN ego[04] partner[04] R2=0.952123 NMSE=0.047877 shuffled_R2=-0.016328
Average ego-to-partner alignment R2: 0.921085 +- 0.008904 SE over 25 ego-partner pairs
Average alignment normalized MSE: 0.078915 +- 0.008904 SE
Average shuffled-control alignment R2: -0.020655 +- 0.001575 SE
Saved alignment results to zsc_results/lmpred_ablate_no_self_pred/asymm_advantages
Evaluating ZSC for method=lmpred_ablate_no_self_pred, layout=forced_coord, prefix=checkpoints/lmpred_ablate_no_self_pred, result_name=lmpred_ablate_no_self_pred, perspective_transform=false
Importing submoduled environments...
Submoduled environments not found. Skipping import.
LOADED: checkpoints/lmpred_ablate_no_self_pred/forced_coord/baseline_seed_0_step_220.msgpack
LOADED: checkpoints/lmpred_ablate_no_self_pred/forced_coord/baseline_seed_1_step_220.msgpack
LOADED: checkpoints/lmpred_ablate_no_self_pred/forced_coord/baseline_seed_2_step_220.msgpack
LOADED: checkpoints/lmpred_ablate_no_self_pred/forced_coord/baseline_seed_3_step_220.msgpack
LOADED: checkpoints/lmpred_ablate_no_self_pred/forced_coord/baseline_seed_4_step_220.msgpack
ZSC[00, 00] = 295.383
ZSC[00, 01] = 200.455
ZSC[00, 02] = 268.788
ZSC[00, 03] = 206.120
ZSC[00, 04] = 230.744
ZSC[01, 00] = 222.066
ZSC[01, 01] = 294.525
ZSC[01, 02] = 31.497
ZSC[01, 03] = 297.939
ZSC[01, 04] = 195.977
ZSC[02, 00] = 260.438
ZSC[02, 01] = 254.780
ZSC[02, 02] = 276.642
ZSC[02, 03] = 218.183
ZSC[02, 04] = 182.900
ZSC[03, 00] = 7.334
ZSC[03, 01] = 203.398
ZSC[03, 02] = 199.250
ZSC[03, 03] = 292.413
ZSC[03, 04] = 261.552
ZSC[04, 00] = 286.544
ZSC[04, 01] = 235.492
ZSC[04, 02] = 257.177
ZSC[04, 03] = 292.353
ZSC[04, 04] = 315.825
Average SP performance (diagonal/self-copy): 294.957 +- 6.236 SE over 5 pairs
Average XP performance (off-diagonal/excluding self): 215.649 +- 16.862 SE over 20 ordered pairs
Saved ZSC results to zsc_results/lmpred_ablate_no_self_pred/forced_coord
Saved ZSC heatmap to zsc_results/lmpred_ablate_no_self_pred/forced_coord/xp_matrix.png
Using alignment rollout scale: ALIGN_PAIR_BATCH_SIZE=1, ALIGN_EVAL_NUM_EPISODES=128, ALIGN_EVAL_NUM_STEPS=400
ALIGN ego[00] partner[00] R2=0.935244 NMSE=0.064756 shuffled_R2=-0.014493
ALIGN ego[00] partner[01] R2=0.920212 NMSE=0.079788 shuffled_R2=-0.016282
ALIGN ego[00] partner[02] R2=0.911281 NMSE=0.088719 shuffled_R2=-0.015370
ALIGN ego[00] partner[03] R2=0.878033 NMSE=0.121967 shuffled_R2=-0.016640
ALIGN ego[00] partner[04] R2=0.932660 NMSE=0.067340 shuffled_R2=-0.015616
ALIGN ego[01] partner[00] R2=0.971195 NMSE=0.028805 shuffled_R2=-0.016708
ALIGN ego[01] partner[01] R2=0.936769 NMSE=0.063231 shuffled_R2=-0.015034
ALIGN ego[01] partner[02] R2=0.958299 NMSE=0.041701 shuffled_R2=-0.017550
ALIGN ego[01] partner[03] R2=0.950052 NMSE=0.049948 shuffled_R2=-0.017165
ALIGN ego[01] partner[04] R2=0.947228 NMSE=0.052772 shuffled_R2=-0.016824
ALIGN ego[02] partner[00] R2=0.941516 NMSE=0.058484 shuffled_R2=-0.016276
ALIGN ego[02] partner[01] R2=0.899587 NMSE=0.100413 shuffled_R2=-0.015024
ALIGN ego[02] partner[02] R2=0.943419 NMSE=0.056581 shuffled_R2=-0.015824
ALIGN ego[02] partner[03] R2=0.906229 NMSE=0.093771 shuffled_R2=-0.017318
ALIGN ego[02] partner[04] R2=0.964472 NMSE=0.035528 shuffled_R2=-0.014951
ALIGN ego[03] partner[00] R2=0.939096 NMSE=0.060904 shuffled_R2=-0.027284
ALIGN ego[03] partner[01] R2=0.884757 NMSE=0.115243 shuffled_R2=-0.014336
ALIGN ego[03] partner[02] R2=0.908051 NMSE=0.091949 shuffled_R2=-0.015431
ALIGN ego[03] partner[03] R2=0.908142 NMSE=0.091858 shuffled_R2=-0.014125
ALIGN ego[03] partner[04] R2=0.898607 NMSE=0.101393 shuffled_R2=-0.027329
ALIGN ego[04] partner[00] R2=0.968350 NMSE=0.031650 shuffled_R2=-0.013785
ALIGN ego[04] partner[01] R2=0.873360 NMSE=0.126640 shuffled_R2=-0.013829
ALIGN ego[04] partner[02] R2=0.923814 NMSE=0.076186 shuffled_R2=-0.015388
ALIGN ego[04] partner[03] R2=0.911709 NMSE=0.088291 shuffled_R2=-0.017370
ALIGN ego[04] partner[04] R2=0.964415 NMSE=0.035585 shuffled_R2=-0.018864
Average ego-to-partner alignment R2: 0.927060 +- 0.005702 SE over 25 ego-partner pairs
Average alignment normalized MSE: 0.072940 +- 0.005702 SE
Average shuffled-control alignment R2: -0.016753 +- 0.000685 SE
Saved alignment results to zsc_results/lmpred_ablate_no_self_pred/forced_coord
